;FLAVOR:Marlin
;TIME:2520
;Filament used: 1.47121m
;Layer height: 0.2
;MINX:78.75
;MINY:77
;MINZ:0.2
;MAXX:156.25
;MAXY:158
;MAXZ:8
;TARGET_MACHINE.NAME:Creality Ender-3
;Generated with Cura_SteamEngine 5.13.0
M140 S50
M105
M190 S50
M104 S200
M105
M109 S200
; Ender 3 Custom Start G-code
G92 E0 ; Reset Extruder
G28 ; Home all axes
G1 Z2.0 F3000 ; Move Z Axis up little to prevent scratching of Heat Bed
G1 X0.1 Y20 Z0.3 F5000.0 ; Move to start position
G1 X0.1 Y200.0 Z0.3 F1500.0 E15 ; Draw the first line
G1 X0.4 Y200.0 Z0.3 F5000.0 ; Move to side a little
G1 X0.4 Y20 Z0.3 F1500.0 E30 ; Draw the second line
G92 E0 ; Reset Extruder
G1 Z2.0 F3000 ; Move Z Axis up little to prevent scratching of Heat Bed
G1 X5 Y20 Z0.3 F5000.0 ; Move over to prevent blob squish
M82 ;absolute extrusion mode
G92 E0
G92 E0
G1 F2700 E-5
;LAYER_COUNT:40
;LAYER:0
M107
G0 F6000 X82.467 Y81.114 Z0.2
;TYPE:SKIRT
G1 F2700 E0
G1 F1200 X82.987 Y80.6 E0.02432
G1 X83.713 Y79.958 E0.05655
G1 X84.339 Y79.489 E0.08257
G1 X84.716 Y79.234 E0.09771
G1 X85.332 Y78.849 E0.12187
G1 X85.705 Y78.632 E0.13622
G1 X86.572 Y78.196 E0.1685
G1 X87.33 Y77.89 E0.19569
G1 X88.079 Y77.631 E0.22204
G1 X88.925 Y77.387 E0.25133
G1 X89.878 Y77.195 E0.28366
G1 X90.279 Y77.138 E0.29713
G1 X90.982 Y77.063 E0.32065
G1 X91.612 Y77.019 E0.34165
G1 X92.719 Y77 E0.37848
G1 X142.389 Y77.001 E2.03051
G1 X143.109 Y77.011 E2.05446
G1 X143.701 Y77.036 E2.07417
G1 X144.279 Y77.088 E2.09347
G1 X144.851 Y77.158 E2.11264
G1 X145.438 Y77.251 E2.1324
G1 X146.623 Y77.535 E2.17293
G1 X147.17 Y77.712 E2.19205
G1 X147.738 Y77.918 E2.21215
G1 X148.635 Y78.292 E2.24447
G1 X149.425 Y78.705 E2.27412
G1 X149.847 Y78.957 E2.29047
G1 X150.423 Y79.327 E2.31324
G1 X151.156 Y79.854 E2.34327
G1 X151.732 Y80.338 E2.36829
G1 X152.099 Y80.681 E2.385
G1 X152.63 Y81.216 E2.41007
G1 X153.254 Y81.916 E2.44126
G1 X153.802 Y82.648 E2.47167
G1 X154.066 Y83.042 E2.48745
G1 X154.401 Y83.582 E2.50858
G1 X154.618 Y83.955 E2.52294
G1 X155.054 Y84.822 E2.55521
G1 X155.358 Y85.574 E2.58219
G1 X155.527 Y86.051 E2.59902
G1 X155.723 Y86.656 E2.62017
G1 X155.963 Y87.611 E2.65293
G1 X156.055 Y88.128 E2.67039
G1 X156.112 Y88.529 E2.68386
G1 X156.187 Y89.232 E2.70738
G1 X156.231 Y89.862 E2.72838
G1 X156.25 Y90.969 E2.76521
G1 X156.249 Y115.114 E3.56827
G1 X156.239 Y115.858 E3.59302
G1 X156.208 Y116.519 E3.61503
G1 X156.165 Y116.995 E3.63093
G1 X156.086 Y117.641 E3.65257
G1 X155.955 Y118.416 E3.67871
G1 X155.63 Y119.642 E3.7209
G1 X155.324 Y120.515 E3.75167
G1 X154.975 Y121.348 E3.78171
G1 X154.533 Y122.195 E3.81348
G1 X154.293 Y122.597 E3.82905
G1 X153.923 Y123.173 E3.85182
G1 X153.396 Y123.906 E3.88185
G1 X152.874 Y124.523 E3.90873
G1 X152.57 Y124.849 E3.92356
G1 X151.953 Y125.462 E3.95249
G1 X151.186 Y126.122 E3.98614
G1 X150.626 Y126.536 E4.0093
G1 X150.261 Y126.781 E4.02392
G1 X149.682 Y127.143 E4.04664
G1 X149.295 Y127.368 E4.06153
G1 X148.428 Y127.804 E4.0938
G1 X147.67 Y128.11 E4.12099
G1 X146.925 Y128.369 E4.14722
G1 X146.348 Y128.545 E4.16729
G1 X143.651 Y129.317 E4.26059
G1 X141.272 Y130.075 E4.34364
G1 X138.897 Y130.906 E4.42733
G1 X136.512 Y131.816 E4.51223
G1 X134.197 Y132.778 E4.59561
G1 X131.898 Y133.809 E4.67941
G1 X129.631 Y134.903 E4.76313
G1 X127.407 Y136.057 E4.84647
G1 X125.197 Y137.283 E4.93053
G1 X123.045 Y138.557 E5.01371
G1 X120.917 Y139.901 E5.09742
G1 X118.82 Y141.309 E5.18143
G1 X116.765 Y142.774 E5.26537
G1 X114.751 Y144.298 E5.34937
G1 X112.814 Y145.853 E5.43199
G1 X110.863 Y147.512 E5.51717
G1 X109.026 Y149.165 E5.59936
G1 X107.175 Y150.928 E5.68438
G1 X105.385 Y152.733 E5.76893
G1 X104.591 Y153.569 E5.80728
G1 X103.666 Y154.496 E5.85083
G1 X102.935 Y155.123 E5.88287
G1 X102.374 Y155.536 E5.90604
G1 X101.912 Y155.845 E5.92452
G1 X101.045 Y156.368 E5.9582
G1 X100.178 Y156.804 E5.99048
G1 X99.42 Y157.11 E6.01766
G1 X98.671 Y157.369 E6.04402
G1 X97.826 Y157.613 E6.07328
G1 X96.909 Y157.799 E6.1044
G1 X96.499 Y157.858 E6.11817
G1 X95.738 Y157.94 E6.14363
G1 X95.619 Y157.935 E6.14759
G1 X94.83 Y157.99 E6.1739
G1 X93.995 Y158 E6.20167
G1 X92.611 Y157.999 E6.24771
G1 X91.891 Y157.989 E6.27166
G1 X91.299 Y157.964 E6.29136
G1 X90.721 Y157.912 E6.31066
G1 X90.154 Y157.844 E6.32966
G1 X89.728 Y157.78 E6.34399
G1 X88.856 Y157.597 E6.37362
G1 X88.364 Y157.461 E6.3906
G1 X87.936 Y157.324 E6.40555
G1 X87.281 Y157.09 E6.42868
G1 X86.365 Y156.708 E6.46169
G1 X85.575 Y156.295 E6.49134
G1 X85.153 Y156.043 E6.50769
G1 X84.577 Y155.673 E6.53046
G1 X83.844 Y155.146 E6.56048
G1 X83.278 Y154.671 E6.58506
G1 X82.864 Y154.283 E6.60393
G1 X82.361 Y153.775 E6.62771
G1 X81.953 Y153.327 E6.64786
G1 X81.187 Y152.337 E6.68949
G1 X80.92 Y151.937 E6.70549
G1 X80.593 Y151.408 E6.72618
G1 X80.235 Y150.773 E6.75042
G1 X79.839 Y149.931 E6.78137
G1 X79.641 Y149.422 E6.79953
G1 X79.381 Y148.671 E6.82597
G1 X79.145 Y147.856 E6.85419
G1 X78.927 Y146.758 E6.89142
G1 X78.874 Y146.351 E6.90507
G1 X78.811 Y145.741 E6.92547
G1 X78.77 Y145.155 E6.94501
G1 X78.75 Y144.016 E6.98289
G1 X78.751 Y90.861 E8.75084
G1 X78.761 Y90.136 E8.77495
G1 X78.798 Y89.397 E8.79956
G1 X78.907 Y88.397 E8.83302
G1 X78.972 Y87.967 E8.84748
G1 X79.294 Y86.597 E8.89429
G1 X79.458 Y86.091 E8.91198
G1 X79.676 Y85.489 E8.93328
G1 X80.054 Y84.593 E8.96562
G1 X80.476 Y83.789 E8.99582
G1 X80.715 Y83.39 E9.01129
G1 X81.077 Y82.827 E9.03356
G1 X81.604 Y82.094 E9.06358
G1 X82.079 Y81.528 E9.08816
G1 X82.467 Y81.114 E9.10703
G0 F6000 X82.748 Y81.398
G1 F1200 X83.252 Y80.899 E9.13062
G1 X83.953 Y80.278 E9.16177
G1 X84.563 Y79.82 E9.18714
G1 X84.928 Y79.573 E9.2018
G1 X85.534 Y79.194 E9.22557
G1 X85.885 Y78.989 E9.23909
G1 X86.722 Y78.567 E9.27027
G1 X87.461 Y78.268 E9.29678
G1 X88.191 Y78.015 E9.32248
G1 X89.004 Y77.779 E9.35063
G1 X89.934 Y77.591 E9.38219
G1 X90.322 Y77.536 E9.39523
G1 X91.01 Y77.462 E9.41824
G1 X91.619 Y77.419 E9.43855
G1 X92.719 Y77.4 E9.47514
G1 X142.383 Y77.401 E11.12697
G1 X143.092 Y77.411 E11.15055
G1 X143.684 Y77.436 E11.17026
G1 X144.231 Y77.485 E11.18853
G1 X144.789 Y77.553 E11.20722
G1 X145.345 Y77.64 E11.22594
G1 X146.53 Y77.924 E11.26647
G1 X147.034 Y78.088 E11.2841
G1 X147.584 Y78.287 E11.30355
G1 X148.45 Y78.647 E11.33475
G1 X149.22 Y79.049 E11.36364
G1 X149.631 Y79.294 E11.37955
G1 X150.189 Y79.652 E11.4016
G1 X150.922 Y80.179 E11.43163
G1 X151.459 Y80.631 E11.45497
G1 X151.815 Y80.963 E11.47116
G1 X152.331 Y81.482 E11.49551
G1 X152.955 Y82.182 E11.5267
G1 X153.47 Y82.871 E11.55531
G1 X153.726 Y83.253 E11.5706
G1 X154.056 Y83.784 E11.59139
G1 X154.261 Y84.135 E11.60491
G1 X154.683 Y84.972 E11.63609
G1 X154.981 Y85.708 E11.6625
G1 X155.146 Y86.174 E11.67894
G1 X155.342 Y86.779 E11.70009
G1 X155.569 Y87.682 E11.73106
G1 X155.659 Y88.184 E11.74803
G1 X155.714 Y88.572 E11.76106
G1 X155.788 Y89.26 E11.78407
G1 X155.831 Y89.869 E11.80438
G1 X155.85 Y90.969 E11.84097
G1 X155.849 Y115.109 E12.64387
G1 X155.839 Y115.839 E12.66815
G1 X155.808 Y116.5 E12.69016
G1 X155.768 Y116.947 E12.70509
G1 X155.692 Y117.575 E12.72613
G1 X155.568 Y118.314 E12.75105
G1 X155.243 Y119.54 E12.79324
G1 X154.955 Y120.36 E12.82214
G1 X154.606 Y121.193 E12.85218
G1 X154.189 Y121.99 E12.8821
G1 X153.956 Y122.381 E12.89724
G1 X153.598 Y122.939 E12.91929
G1 X153.071 Y123.672 E12.94932
G1 X152.582 Y124.25 E12.9745
G1 X152.288 Y124.565 E12.98883
G1 X151.671 Y125.178 E13.01776
G1 X150.925 Y125.819 E13.05047
G1 X150.403 Y126.204 E13.07204
G1 X150.049 Y126.442 E13.08623
G1 X149.48 Y126.798 E13.10856
G1 X149.115 Y127.011 E13.12261
G1 X148.278 Y127.433 E13.15379
G1 X147.539 Y127.732 E13.1803
G1 X146.808 Y127.986 E13.20604
G1 X146.238 Y128.16 E13.22586
G1 X143.541 Y128.932 E13.31917
G1 X141.14 Y129.697 E13.40298
G1 X138.754 Y130.532 E13.48706
G1 X136.369 Y131.443 E13.57198
G1 X134.033 Y132.413 E13.6561
G1 X131.734 Y133.444 E13.73991
G1 X129.457 Y134.543 E13.824
G1 X127.213 Y135.707 E13.90808
G1 X125.003 Y136.933 E13.99214
G1 X122.831 Y138.219 E14.07609
G1 X120.703 Y139.563 E14.1598
G1 X118.588 Y140.983 E14.24453
G1 X116.533 Y142.448 E14.32847
G1 X114.51 Y143.979 E14.41285
G1 X112.555 Y145.548 E14.49623
G1 X110.604 Y147.207 E14.58141
G1 X108.75 Y148.875 E14.66435
G1 X106.899 Y150.638 E14.74937
G1 X105.101 Y152.451 E14.8343
G1 X104.308 Y153.287 E14.87263
G1 X103.406 Y154.192 E14.91512
G1 X102.675 Y154.819 E14.94716
G1 X102.152 Y155.204 E14.96876
G1 X101.705 Y155.503 E14.98664
G1 X100.865 Y156.011 E15.01929
G1 X100.028 Y156.433 E15.05047
G1 X99.289 Y156.732 E15.07698
G1 X98.559 Y156.985 E15.10268
G1 X97.746 Y157.221 E15.13084
G1 X96.852 Y157.403 E15.16118
G1 X96.456 Y157.46 E15.17449
G1 X95.695 Y157.542 E15.19995
G1 X95.626 Y157.534 E15.20226
G1 X94.825 Y157.59 E15.22896
G1 X93.995 Y157.6 E15.25657
G1 X92.617 Y157.599 E15.3024
G1 X91.908 Y157.589 E15.32599
G1 X91.316 Y157.564 E15.34569
G1 X90.769 Y157.515 E15.36396
G1 X90.213 Y157.448 E15.38259
G1 X89.787 Y157.384 E15.39691
G1 X88.962 Y157.211 E15.42495
G1 X88.486 Y157.08 E15.44137
G1 X88.07 Y156.947 E15.4559
G1 X87.435 Y156.721 E15.47832
G1 X86.55 Y156.353 E15.51019
G1 X85.78 Y155.951 E15.53908
G1 X85.369 Y155.706 E15.555
G1 X84.811 Y155.348 E15.57705
G1 X84.078 Y154.821 E15.60708
G1 X83.536 Y154.365 E15.63063
G1 X83.148 Y154.002 E15.64831
G1 X82.656 Y153.505 E15.67157
G1 X82.269 Y153.082 E15.69064
G1 X81.52 Y152.115 E15.73132
G1 X81.26 Y151.726 E15.74688
G1 X80.941 Y151.211 E15.76703
G1 X80.597 Y150.602 E15.79029
G1 X80.212 Y149.785 E15.82033
G1 X80.019 Y149.291 E15.83797
G1 X79.765 Y148.559 E15.86374
G1 X79.537 Y147.778 E15.8908
G1 X79.324 Y146.706 E15.92715
G1 X79.272 Y146.31 E15.94044
G1 X79.21 Y145.713 E15.9604
G1 X79.17 Y145.148 E15.97924
G1 X79.15 Y144.016 E16.0169
G1 X79.151 Y90.867 E17.78464
G1 X79.161 Y90.156 E17.80829
G1 X79.196 Y89.44 E17.83213
G1 X79.303 Y88.457 E17.86502
G1 X79.368 Y88.027 E17.87949
G1 X79.674 Y86.72 E17.92413
G1 X79.834 Y86.227 E17.94137
G1 X80.045 Y85.644 E17.96199
G1 X80.408 Y84.779 E17.99319
G1 X80.819 Y83.995 E18.02263
G1 X81.052 Y83.606 E18.03772
G1 X81.402 Y83.061 E18.05926
G1 X81.929 Y82.328 E18.08929
G1 X82.385 Y81.786 E18.11284
G1 X82.748 Y81.398 E18.13052
G0 F6000 X83.03 Y81.682
G1 F1200 X83.518 Y81.198 E18.15338
G1 X84.193 Y80.598 E18.18341
G1 X84.788 Y80.151 E18.20817
G1 X85.14 Y79.912 E18.22232
G1 X85.736 Y79.539 E18.2457
G1 X86.066 Y79.346 E18.25842
G1 X86.872 Y78.938 E18.28846
G1 X87.592 Y78.646 E18.31431
G1 X88.303 Y78.399 E18.33934
G1 X89.084 Y78.171 E18.3664
G1 X89.99 Y77.987 E18.39715
G1 X90.365 Y77.934 E18.40975
G1 X91.039 Y77.861 E18.4323
G1 X91.626 Y77.819 E18.45187
G1 X92.719 Y77.8 E18.48823
G1 X142.377 Y77.801 E20.13986
G1 X143.075 Y77.811 E20.16308
G1 X143.667 Y77.836 E20.18278
G1 X144.183 Y77.882 E20.20002
G1 X144.728 Y77.948 E20.21827
G1 X145.252 Y78.029 E20.23591
G1 X146.407 Y78.305 E20.27541
G1 X146.898 Y78.464 E20.29257
G1 X147.431 Y78.656 E20.31142
G1 X148.265 Y79.002 E20.34145
G1 X149.035 Y79.404 E20.37034
G1 X149.415 Y79.631 E20.38506
G1 X149.955 Y79.977 E20.40639
G1 X150.688 Y80.504 E20.43642
G1 X151.187 Y80.924 E20.45811
G1 X151.532 Y81.245 E20.47378
G1 X152.033 Y81.748 E20.4974
G1 X152.635 Y82.422 E20.52745
G1 X153.138 Y83.094 E20.55537
G1 X153.386 Y83.464 E20.57019
G1 X153.711 Y83.986 E20.59064
G1 X153.904 Y84.316 E20.60335
G1 X154.312 Y85.122 E20.6334
G1 X154.604 Y85.842 E20.65924
G1 X154.766 Y86.298 E20.67534
G1 X154.954 Y86.877 E20.69558
G1 X155.175 Y87.753 E20.72563
G1 X155.263 Y88.24 E20.74209
G1 X155.316 Y88.615 E20.75469
G1 X155.389 Y89.289 E20.77724
G1 X155.431 Y89.876 E20.79681
G1 X155.45 Y90.969 E20.83317
G1 X155.449 Y115.103 E21.63587
G1 X155.439 Y115.82 E21.65972
G1 X155.408 Y116.481 E21.68173
G1 X155.371 Y116.899 E21.69569
G1 X155.297 Y117.51 E21.71616
G1 X155.181 Y118.212 E21.73982
G1 X154.856 Y119.438 E21.78201
G1 X154.586 Y120.205 E21.80905
G1 X154.237 Y121.038 E21.83909
G1 X153.846 Y121.785 E21.86714
G1 X153.619 Y122.165 E21.88186
G1 X153.273 Y122.705 E21.90319
G1 X152.746 Y123.438 E21.93322
G1 X152.29 Y123.977 E21.9567
G1 X152.006 Y124.281 E21.97053
G1 X151.389 Y124.894 E21.99946
G1 X150.665 Y125.515 E22.03119
G1 X150.18 Y125.872 E22.05122
G1 X149.837 Y126.103 E22.06497
G1 X149.278 Y126.453 E22.08691
G1 X148.934 Y126.654 E22.10016
G1 X148.128 Y127.062 E22.13021
G1 X147.408 Y127.354 E22.15605
G1 X146.691 Y127.603 E22.18129
G1 X146.128 Y127.775 E22.20087
G1 X143.431 Y128.547 E22.29418
G1 X141.008 Y129.319 E22.37876
G1 X138.611 Y130.158 E22.46322
G1 X136.226 Y131.07 E22.54815
G1 X133.869 Y132.048 E22.63303
G1 X131.57 Y133.079 E22.71683
G1 X129.283 Y134.183 E22.80129
G1 X127.019 Y135.357 E22.88612
G1 X124.809 Y136.583 E22.97017
G1 X122.617 Y137.881 E23.0549
G1 X120.489 Y139.225 E23.13862
G1 X118.356 Y140.657 E23.22407
G1 X116.301 Y142.122 E23.30801
G1 X114.269 Y143.66 E23.39277
G1 X112.296 Y145.243 E23.4769
G1 X110.345 Y146.902 E23.56208
G1 X108.474 Y148.585 E23.64578
G1 X106.623 Y150.348 E23.7308
G1 X104.817 Y152.169 E23.8161
G1 X104.025 Y153.005 E23.8544
G1 X103.146 Y153.888 E23.89584
G1 X102.415 Y154.515 E23.92788
G1 X101.93 Y154.872 E23.94791
G1 X101.498 Y155.161 E23.96519
G1 X100.684 Y155.654 E23.99685
G1 X99.878 Y156.062 E24.02689
G1 X99.158 Y156.354 E24.05273
G1 X98.447 Y156.601 E24.07777
G1 X97.666 Y156.829 E24.10483
G1 X96.795 Y157.007 E24.1344
G1 X96.413 Y157.062 E24.14723
G1 X95.652 Y157.144 E24.17269
G1 X95.651 Y157.131 E24.17312
G1 X94.82 Y157.19 E24.20083
G1 X93.995 Y157.2 E24.22827
G1 X92.623 Y157.199 E24.27391
G1 X91.925 Y157.189 E24.29713
G1 X91.333 Y157.164 E24.31683
G1 X90.817 Y157.118 E24.33406
G1 X90.272 Y157.052 E24.35232
G1 X89.869 Y156.992 E24.36587
G1 X89.068 Y156.825 E24.39309
G1 X88.608 Y156.699 E24.40895
G1 X88.204 Y156.57 E24.42306
G1 X87.569 Y156.344 E24.44548
G1 X86.735 Y155.998 E24.47551
G1 X85.965 Y155.596 E24.5044
G1 X85.585 Y155.369 E24.51912
G1 X85.045 Y155.023 E24.54045
G1 X84.312 Y154.496 E24.57048
G1 X83.794 Y154.059 E24.59302
G1 X83.432 Y153.72 E24.60951
G1 X82.95 Y153.234 E24.63228
G1 X82.585 Y152.837 E24.65022
G1 X81.836 Y151.87 E24.6909
G1 X81.6 Y151.515 E24.70508
G1 X81.289 Y151.014 E24.72469
G1 X80.959 Y150.431 E24.74697
G1 X80.574 Y149.614 E24.77701
G1 X80.397 Y149.159 E24.79325
G1 X80.149 Y148.447 E24.81833
G1 X79.921 Y147.666 E24.84539
G1 X79.721 Y146.653 E24.87973
G1 X79.67 Y146.269 E24.89261
G1 X79.609 Y145.684 E24.91218
G1 X79.57 Y145.141 E24.93028
G1 X79.55 Y144.016 E24.96771
G1 X79.551 Y90.873 E26.73525
G1 X79.561 Y90.175 E26.75847
G1 X79.594 Y89.483 E26.78151
G1 X79.699 Y88.516 E26.81386
G1 X79.758 Y88.118 E26.82724
G1 X80.055 Y86.843 E26.87078
G1 X80.21 Y86.363 E26.88756
G1 X80.414 Y85.798 E26.90754
G1 X80.762 Y84.965 E26.93757
G1 X81.162 Y84.201 E26.96625
G1 X81.389 Y83.822 E26.98094
G1 X81.727 Y83.295 E27.00177
G1 X82.254 Y82.562 E27.03179
G1 X82.691 Y82.044 E27.05433
G1 X83.03 Y81.682 E27.07083
G1 F2700 E22.07083
;MESH:battery holder-BodyChamfer.stl
G0 F6000 X90.649 Y100.452
G0 X94.651 Y146.347
;TYPE:WALL-INNER
G1 F2700 E27.07083
G1 F1200 X95.059 Y146.302 E27.08448
G1 X95.405 Y146.183 E27.09665
G1 X95.718 Y145.985 E27.10897
G1 X95.984 Y145.718 E27.12151
G1 X96.183 Y145.406 E27.13381
G1 X96.302 Y145.056 E27.14611
G1 X96.348 Y144.654 E27.15957
G1 X96.348 Y90.827 E28.94986
G1 X96.468 Y90.587 E28.95879
G1 X96.665 Y90.418 E28.96742
G1 X96.87 Y90.348 E28.97462
G1 X138.048 Y90.348 E30.34421
G1 X138.331 Y90.418 E30.35391
G1 X138.528 Y90.587 E30.36254
G1 X138.648 Y90.827 E30.37146
G1 X138.648 Y115.65 E31.19708
G1 X138.693 Y116.057 E31.2107
G1 X138.816 Y116.403 E31.22291
G1 X139.016 Y116.719 E31.23535
G1 X139.279 Y116.984 E31.24777
G1 X139.593 Y117.183 E31.26013
G1 X139.94 Y117.302 E31.27233
G1 X140.346 Y117.348 E31.28592
G1 X142.902 Y117.348 E31.37094
G1 X143.308 Y117.302 E31.38453
G1 X143.655 Y117.183 E31.39673
G1 X143.969 Y116.984 E31.40909
G1 X144.232 Y116.719 E31.42151
G1 X144.432 Y116.403 E31.43395
G1 X144.554 Y116.057 E31.44615
G1 X144.6 Y115.65 E31.45977
G1 X144.6 Y100.456 E31.96513
G1 X144.38 Y100.627 E31.9744
G1 X143.888 Y100.888 E31.99292
G1 X143.261 Y101.044 E32.01441
G1 X142.612 Y101.044 E32.036
G1 X141.995 Y100.888 E32.05716
G1 X141.436 Y100.596 E32.07814
G1 X140.95 Y100.168 E32.09968
G1 X140.588 Y99.645 E32.12083
G1 X140.362 Y99.047 E32.1421
G1 X140.288 Y98.408 E32.16349
G1 X140.36 Y97.771 E32.18481
G1 X140.588 Y97.176 E32.20601
G1 X140.95 Y96.648 E32.2273
G1 X141.436 Y96.22 E32.24884
G1 X141.999 Y95.925 E32.26998
G1 X142.615 Y95.777 E32.29105
G1 X143.259 Y95.771 E32.31247
G1 X143.883 Y95.927 E32.33386
G1 X144.385 Y96.193 E32.35276
G1 X144.6 Y96.36 E32.36181
G1 X144.6 Y90.346 E32.56184
G1 X144.555 Y89.943 E32.57533
G1 X144.432 Y89.595 E32.5876
G1 X144.232 Y89.277 E32.6001
G1 X143.971 Y89.016 E32.61237
G1 X143.653 Y88.816 E32.62487
G1 X143.305 Y88.693 E32.63715
G1 X142.902 Y88.648 E32.65063
G1 X92.094 Y88.648 E34.34051
G1 X91.691 Y88.693 E34.354
G1 X91.345 Y88.815 E34.3662
G1 X91.029 Y89.016 E34.37866
G1 X90.764 Y89.279 E34.39108
G1 X90.565 Y89.594 E34.40347
G1 X90.445 Y89.941 E34.41568
G1 X90.4 Y90.346 E34.42923
G1 X90.401 Y96.359 E34.62923
G1 X90.614 Y96.194 E34.63819
G1 X91.117 Y95.926 E34.65715
G1 X91.735 Y95.777 E34.67829
G1 X92.379 Y95.771 E34.69971
G1 X92.997 Y95.926 E34.7209
G1 X93.569 Y96.223 E34.74234
G1 X94.044 Y96.647 E34.76351
G1 X94.414 Y97.177 E34.78501
G1 X94.636 Y97.772 E34.80614
G1 X94.708 Y98.408 E34.82742
G1 X94.635 Y99.046 E34.84878
G1 X94.414 Y99.639 E34.86983
G1 X94.045 Y100.169 E34.89131
G1 X93.56 Y100.596 E34.9128
G1 X93.001 Y100.888 E34.93378
G1 X92.384 Y101.044 E34.95495
G1 X91.732 Y101.044 E34.97663
G1 X91.117 Y100.889 E34.99773
G1 X90.618 Y100.628 E35.01646
G1 X90.4 Y100.459 E35.02563
G1 X90.396 Y137.991 E36.27395
G1 X90.614 Y137.822 E36.28312
G1 X91.12 Y137.553 E36.30218
G1 X91.731 Y137.404 E36.3231
G1 X92.381 Y137.404 E36.34472
G1 X92.999 Y137.555 E36.36588
G1 X93.564 Y137.854 E36.38714
G1 X94.045 Y138.274 E36.40838
G1 X94.407 Y138.802 E36.42967
G1 X94.636 Y139.407 E36.45119
G1 X94.708 Y140.04 E36.47238
G1 X94.635 Y140.674 E36.4936
G1 X94.415 Y141.264 E36.51455
G1 X94.043 Y141.804 E36.53636
G1 X93.569 Y142.221 E36.55735
G1 X92.995 Y142.523 E36.57893
G1 X92.37 Y142.672 E36.6003
G1 X91.732 Y142.672 E36.62152
G1 X91.123 Y142.524 E36.64236
G1 X90.617 Y142.261 E36.66133
G1 X90.396 Y142.088 E36.67066
G1 X90.396 Y144.652 E36.75594
G1 X90.445 Y145.057 E36.76951
G1 X90.565 Y145.405 E36.78175
G1 X90.763 Y145.718 E36.79407
G1 X91.03 Y145.985 E36.80663
G1 X91.343 Y146.183 E36.81895
G1 X91.689 Y146.302 E36.83112
G1 X92.094 Y146.348 E36.84468
G1 X94.651 Y146.347 E36.92972
G0 F6000 X94.673 Y146.747
;TYPE:WALL-OUTER
G1 F1200 X95.147 Y146.695 E36.94558
G1 X95.58 Y146.546 E36.96081
G1 X95.97 Y146.299 E36.97617
G1 X96.298 Y145.97 E36.99162
G1 X96.546 Y145.58 E37.00699
G1 X96.695 Y145.144 E37.02232
G1 X96.748 Y144.676 E37.03798
G1 X96.748 Y90.907 E38.82635
G1 X96.788 Y90.827 E38.82932
G1 X96.913 Y90.751 E38.83419
G1 X138.125 Y90.748 E40.2049
G1 X138.248 Y90.907 E40.21159
G1 X138.248 Y115.672 E41.03528
G1 X138.301 Y116.147 E41.05117
G1 X138.454 Y116.579 E41.06642
G1 X138.702 Y116.97 E41.08182
G1 X139.027 Y117.298 E41.09717
G1 X139.419 Y117.546 E41.1126
G1 X139.852 Y117.695 E41.12783
G1 X140.324 Y117.748 E41.14363
G1 X142.924 Y117.748 E41.23011
G1 X143.396 Y117.695 E41.2459
G1 X143.829 Y117.546 E41.26113
G1 X144.221 Y117.298 E41.27656
G1 X144.546 Y116.97 E41.29192
G1 X144.794 Y116.579 E41.30732
G1 X144.947 Y116.147 E41.32256
G1 X145 Y115.672 E41.33846
G1 X145 Y99.272 E41.88393
G1 X144.917 Y99.478 E41.89131
G1 X144.605 Y99.919 E41.90928
G1 X144.233 Y100.247 E41.92578
G1 X143.717 Y100.519 E41.94518
G1 X143.233 Y100.639 E41.96176
G1 X142.639 Y100.638 E41.98152
G1 X142.119 Y100.502 E41.99939
G1 X141.683 Y100.274 E42.01576
G1 X141.239 Y99.882 E42.03546
G1 X140.936 Y99.435 E42.05342
G1 X140.749 Y98.925 E42.07149
G1 X140.688 Y98.408 E42.0888
G1 X140.761 Y97.844 E42.10772
G1 X140.959 Y97.342 E42.12567
G1 X141.271 Y96.898 E42.14371
G1 X141.683 Y96.542 E42.16182
G1 X142.165 Y96.297 E42.17981
G1 X142.645 Y96.181 E42.19623
G1 X143.233 Y96.177 E42.21579
G1 X143.758 Y96.314 E42.23384
G1 X144.236 Y96.573 E42.25192
G1 X144.608 Y96.896 E42.2683
G1 X144.918 Y97.339 E42.28629
G1 X145 Y97.541 E42.29354
G1 X145 Y90.324 E42.53358
G1 X144.947 Y89.853 E42.54934
G1 X144.794 Y89.42 E42.56462
G1 X144.546 Y89.026 E42.5801
G1 X144.222 Y88.702 E42.59534
G1 X143.828 Y88.454 E42.61082
G1 X143.395 Y88.301 E42.6261
G1 X142.924 Y88.248 E42.64186
G1 X92.072 Y88.248 E44.33321
G1 X91.601 Y88.301 E44.34897
G1 X91.169 Y88.453 E44.3642
G1 X90.778 Y88.702 E44.37962
G1 X90.45 Y89.027 E44.39498
G1 X90.202 Y89.42 E44.41044
G1 X90.053 Y89.853 E44.42567
G1 X90 Y90.324 E44.44143
G1 X90.001 Y97.529 E44.68107
G1 X90.079 Y97.342 E44.68781
G1 X90.392 Y96.896 E44.70593
G1 X90.802 Y96.547 E44.72384
G1 X91.237 Y96.315 E44.74024
G1 X91.765 Y96.181 E44.75835
G1 X92.353 Y96.177 E44.77791
G1 X92.833 Y96.297 E44.79437
G1 X93.358 Y96.57 E44.81405
G1 X93.726 Y96.898 E44.83045
G1 X94.041 Y97.341 E44.84852
G1 X94.247 Y97.891 E44.86806
G1 X94.308 Y98.408 E44.88537
G1 X94.246 Y98.935 E44.90302
G1 X94.041 Y99.475 E44.92223
G1 X93.757 Y99.883 E44.93877
G1 X93.313 Y100.274 E44.95844
G1 X92.877 Y100.502 E44.97481
G1 X92.357 Y100.638 E44.99269
G1 X91.783 Y100.644 E45.01178
G1 X91.239 Y100.502 E45.03048
G1 X90.803 Y100.274 E45.04684
G1 X90.359 Y99.882 E45.06654
G1 X90.057 Y99.433 E45.08454
G1 X90 Y99.283 E45.08988
G1 X89.997 Y139.175 E46.41669
G1 X90.078 Y138.975 E46.42387
G1 X90.373 Y138.542 E46.44129
G1 X90.802 Y138.175 E46.46007
G1 X91.284 Y137.925 E46.47813
G1 X91.76 Y137.809 E46.49443
G1 X92.356 Y137.809 E46.51425
G1 X92.878 Y137.943 E46.53217
G1 X93.315 Y138.175 E46.54863
G1 X93.724 Y138.525 E46.56653
G1 X94.037 Y138.97 E46.58463
G1 X94.247 Y139.523 E46.6043
G1 X94.308 Y140.04 E46.62162
G1 X94.246 Y140.563 E46.63914
G1 X94.064 Y141.059 E46.65671
G1 X93.725 Y141.551 E46.67658
G1 X93.357 Y141.875 E46.69289
G1 X92.831 Y142.151 E46.71264
G1 X92.339 Y142.269 E46.72947
G1 X91.76 Y142.267 E46.74873
G1 X91.239 Y142.134 E46.76661
G1 X90.763 Y141.879 E46.78458
G1 X90.391 Y141.551 E46.80107
G1 X90.056 Y141.06 E46.82084
G1 X89.997 Y140.901 E46.82648
G1 X89.996 Y144.676 E46.95204
G1 X90.053 Y145.147 E46.96782
G1 X90.202 Y145.58 E46.98305
G1 X90.449 Y145.97 E46.9984
G1 X90.778 Y146.299 E47.01388
G1 X91.168 Y146.546 E47.02923
G1 X91.601 Y146.695 E47.04446
G1 X92.072 Y146.748 E47.06023
G1 X94.673 Y146.747 E47.14674
G0 F6000 X94.629 Y145.983
;TYPE:SKIN
G1 F1200 X92.116 Y145.988 E47.23032
G1 X91.77 Y145.947 E47.24191
G1 X91.495 Y145.85 E47.25161
G1 X91.262 Y145.706 E47.26072
G1 X91.042 Y145.482 E47.27116
G1 X90.894 Y145.248 E47.28037
G1 X90.797 Y144.974 E47.29004
G1 X90.756 Y144.62 E47.30189
G1 X90.757 Y142.741 E47.36438
G1 X90.962 Y142.85 E47.37211
G1 X91.664 Y143.027 E47.39619
G1 X92.423 Y143.029 E47.42143
G1 X93.146 Y142.85 E47.4462
G1 X93.793 Y142.503 E47.47062
G1 X94.33 Y142.022 E47.4946
G1 X94.722 Y141.45 E47.51766
G1 X94.99 Y140.747 E47.54269
G1 X95.068 Y140.036 E47.56648
G1 X94.98 Y139.296 E47.59126
G1 X94.736 Y138.653 E47.61414
G1 X94.33 Y138.05 E47.63832
G1 X93.784 Y137.568 E47.66254
G1 X93.1 Y137.209 E47.68823
G1 X92.452 Y137.049 E47.71043
G1 X91.664 Y137.049 E47.73664
G1 X91.008 Y137.209 E47.7591
G1 X90.757 Y137.337 E47.76847
G1 X90.76 Y101.108 E48.97345
G1 X91.002 Y101.231 E48.98248
G1 X91.687 Y101.404 E49.00598
G1 X92.45 Y101.398 E49.03136
G1 X93.106 Y101.23 E49.05388
G1 X93.793 Y100.874 E49.07962
G1 X94.325 Y100.395 E49.10343
G1 X94.744 Y99.782 E49.12812
G1 X94.99 Y99.115 E49.15177
G1 X95.068 Y98.404 E49.17556
G1 X94.98 Y97.661 E49.20044
G1 X94.744 Y97.033 E49.22276
G1 X94.325 Y96.421 E49.24742
G1 X93.752 Y95.91 E49.27296
G1 X93.144 Y95.598 E49.29569
G1 X92.421 Y95.407 E49.32056
G1 X91.669 Y95.421 E49.34558
G1 X91.005 Y95.581 E49.36829
G1 X90.76 Y95.705 E49.37743
G1 X90.76 Y90.367 E49.55497
G1 X90.797 Y90.02 E49.56658
G1 X90.89 Y89.748 E49.57614
G1 X91.045 Y89.503 E49.58578
G1 X91.25 Y89.302 E49.59533
G1 X91.501 Y89.141 E49.60525
G1 X91.773 Y89.045 E49.61484
G1 X92.111 Y89.008 E49.62615
G1 X142.881 Y89.008 E51.31477
G1 X143.218 Y89.045 E51.32604
G1 X143.5 Y89.146 E51.33601
G1 X143.738 Y89.294 E51.34533
G1 X143.951 Y89.51 E51.35542
G1 X144.102 Y89.745 E51.36471
G1 X144.199 Y90.025 E51.37456
G1 X144.24 Y90.364 E51.38592
G1 X144.24 Y95.708 E51.56366
G1 X143.989 Y95.582 E51.573
G1 X143.3 Y95.408 E51.59664
G1 X142.593 Y95.416 E51.62016
G1 X141.893 Y95.577 E51.64405
G1 X141.246 Y95.911 E51.66826
G1 X140.699 Y96.386 E51.69236
G1 X140.278 Y96.991 E51.71687
G1 X140.008 Y97.674 E51.7413
G1 X139.928 Y98.404 E51.76573
G1 X140.006 Y99.119 E51.78965
G1 X140.252 Y99.787 E51.81332
G1 X140.699 Y100.426 E51.83926
G1 X141.203 Y100.874 E51.86169
G1 X141.848 Y101.214 E51.88594
G1 X142.542 Y101.398 E51.90982
G1 X143.325 Y101.399 E51.93586
G1 X143.993 Y101.23 E51.95878
G1 X144.24 Y101.107 E51.96796
G1 X144.239 Y115.628 E52.45093
G1 X144.199 Y115.971 E52.46242
G1 X144.102 Y116.248 E52.47218
G1 X143.946 Y116.494 E52.48187
G1 X143.742 Y116.698 E52.49146
G1 X143.496 Y116.854 E52.50115
G1 X143.227 Y116.947 E52.51062
G1 X142.88 Y116.987 E52.52223
G1 X140.364 Y116.988 E52.60592
G1 X140.017 Y116.947 E52.61754
G1 X139.748 Y116.854 E52.627
G1 X139.507 Y116.699 E52.63653
G1 X139.301 Y116.493 E52.64622
G1 X139.141 Y116.247 E52.65598
G1 X139.045 Y115.971 E52.6657
G1 X139.008 Y115.629 E52.67715
G1 X139.008 Y90.952 E53.49791
G1 X138.969 Y90.669 E53.50741
G1 X138.814 Y90.363 E53.51882
G1 X138.503 Y90.093 E53.53251
G1 X138.091 Y89.993 E53.54662
G1 X96.813 Y89.99 E54.91953
G1 X96.488 Y90.098 E54.93092
G1 X96.179 Y90.361 E54.94441
G1 X96.037 Y90.641 E54.95486
G1 X95.989 Y90.926 E54.96447
G1 X95.987 Y144.632 E56.75074
G1 X95.947 Y144.975 E56.76222
G1 X95.854 Y145.248 E56.77182
G1 X95.699 Y145.489 E56.78135
G1 X95.489 Y145.699 E56.79122
G1 X95.248 Y145.854 E56.80075
G1 X94.976 Y145.947 E56.81031
G1 X94.629 Y145.983 E56.82192
G1 F2700 E51.82192
G0 F6000 X94.656 Y146.246
G0 X91.725 Y146.145
G0 X91.131 Y145.859
G0 X90.79 Y145.434
G0 X90.51 Y144.762
G0 X90.967 Y144.707
G1 F2700 E56.82192
G1 F1200 X92.037 Y145.777 E56.87225
G0 F6000 X92.612 Y145.786
G1 F1200 X90.956 Y144.13 E56.95014
G0 F6000 X90.956 Y143.565
G1 F1200 X93.177 Y145.786 E57.05461
G0 F6000 X93.741 Y145.784
G1 F1200 X91.035 Y143.078 E57.18189
G0 F6000 X91.754 Y143.232
G1 F1200 X94.305 Y145.783 E57.30188
G0 F6000 X94.848 Y145.759
G1 F1200 X92.316 Y143.227 E57.42098
G0 F6000 X92.799 Y143.145
G1 F1200 X95.261 Y145.607 E57.53679
G0 F6000 X95.558 Y145.339
G1 F1200 X93.244 Y143.024 E57.64565
G0 F6000 X93.615 Y142.829
G1 F1200 X95.742 Y144.957 E57.74572
G0 F6000 X95.788 Y144.436
G1 F1200 X93.967 Y142.616 E57.83135
G0 F6000 X94.268 Y142.351
G1 F1200 X95.788 Y143.871 E57.90285
G0 F6000 X95.788 Y143.305
G1 F1200 X94.544 Y142.062 E57.96134
G0 F6000 X94.774 Y141.726
G1 F1200 X95.788 Y142.739 E58.00901
G0 F6000 X95.788 Y142.174
G1 F1200 X94.974 Y141.361 E58.04728
G0 F6000 X95.13 Y140.95
G1 F1200 X95.788 Y141.608 E58.07823
G0 F6000 X95.788 Y141.042
G1 F1200 X95.221 Y140.476 E58.10487
G0 F6000 X95.261 Y139.95
G1 F1200 X95.788 Y140.477 E58.12966
G0 F6000 X95.788 Y139.911
G1 F1200 X95.188 Y139.311 E58.15788
G0 F6000 X95.788 Y139.345
G1 F1200 X94.747 Y138.305 E58.20683
G0 F6000 X94.366 Y138.565
G0 X94.794 Y140.708
G0 X93.053 Y142.674
G0 X90.577 Y142.441
G0 X90.557 Y144.642
G0 X90.71 Y145.335
G0 X91.131 Y145.859
G0 X91.725 Y146.145
G0 X94.642 Y146.186
G0 X95.335 Y146.038
G0 X95.858 Y145.617
G0 X96.037 Y145.336
G0 X96.159 Y144.776
G0 X96.248 Y138.214
G0 X95.788 Y138.214
G1 F1200 X90.956 Y133.382 E58.43411
G0 F6000 X90.956 Y132.817
G1 F1200 X95.788 Y137.648 E58.66137
G0 F6000 X95.788 Y137.083
G1 F1200 X90.956 Y132.251 E58.88865
G0 F6000 X90.957 Y131.686
G1 F1200 X95.788 Y136.517 E59.11589
G0 F6000 X95.788 Y135.951
G1 F1200 X90.957 Y131.12 E59.34312
G0 F6000 X90.957 Y130.555
G1 F1200 X95.788 Y135.386 E59.57036
G0 F6000 X95.788 Y134.821
G1 F1200 X90.957 Y129.989 E59.79762
G0 F6000 X90.957 Y129.423
G1 F1200 X95.788 Y134.255 E60.02487
G0 F6000 X95.788 Y133.689
G1 F1200 X90.957 Y128.857 E60.25213
G0 F6000 X90.957 Y128.292
G1 F1200 X95.788 Y133.123 E60.47937
G0 F6000 X95.788 Y132.558
G1 F1200 X90.957 Y127.726 E60.70663
G0 F6000 X90.957 Y127.16
G1 F1200 X95.788 Y131.992 E60.93389
G0 F6000 X95.788 Y131.426
G1 F1200 X90.957 Y126.595 E61.16112
G0 F6000 X90.957 Y126.03
G1 F1200 X95.788 Y130.861 E61.38836
G0 F6000 X95.788 Y130.295
G1 F1200 X90.957 Y125.464 E61.61559
G0 F6000 X90.957 Y124.898
G1 F1200 X95.788 Y129.729 E61.84283
G0 F6000 X95.788 Y129.164
G1 F1200 X90.957 Y124.333 E62.07006
G0 F6000 X90.957 Y123.767
G1 F1200 X95.788 Y128.598 E62.2973
G0 F6000 X95.788 Y128.032
G1 F1200 X90.957 Y123.201 E62.52453
G0 F6000 X90.957 Y122.636
G1 F1200 X95.788 Y127.467 E62.75177
G0 F6000 X95.788 Y126.901
G1 F1200 X90.957 Y122.07 E62.97901
G0 F6000 X90.958 Y121.505
G1 F1200 X95.789 Y126.336 E63.20624
G0 F6000 X95.789 Y125.77
G1 F1200 X90.958 Y120.939 E63.43348
G0 F6000 X90.958 Y120.374
G1 F1200 X95.789 Y125.205 E63.66071
G0 F6000 X95.789 Y124.639
G1 F1200 X90.958 Y119.808 E63.88795
G0 F6000 X90.958 Y119.242
G1 F1200 X95.789 Y124.073 E64.11518
G0 F6000 X95.789 Y123.508
G1 F1200 X90.958 Y118.677 E64.34242
G0 F6000 X90.958 Y118.111
G1 F1200 X95.789 Y122.942 E64.56965
G0 F6000 X95.789 Y122.376
G1 F1200 X90.958 Y117.545 E64.79689
G0 F6000 X90.958 Y116.98
G1 F1200 X95.789 Y121.81 E65.0241
G0 F6000 X95.789 Y121.245
G1 F1200 X90.959 Y116.415 E65.25129
G0 F6000 X90.959 Y115.849
G1 F1200 X95.789 Y120.679 E65.47848
G0 F6000 X95.789 Y120.113
G1 F1200 X90.959 Y115.283 E65.70567
G0 F6000 X90.959 Y114.717
G1 F1200 X95.789 Y119.548 E65.93288
G0 F6000 X95.789 Y118.982
G1 F1200 X90.959 Y114.152 E66.16007
G0 F6000 X90.959 Y113.586
G1 F1200 X95.789 Y118.416 E66.38725
G0 F6000 X95.789 Y117.851
G1 F1200 X90.959 Y113.02 E66.61447
G0 F6000 X90.959 Y112.455
G1 F1200 X95.79 Y117.286 E66.8417
G0 F6000 X95.79 Y116.72
G1 F1200 X90.959 Y111.889 E67.06894
G0 F6000 X90.959 Y111.324
G1 F1200 X95.79 Y116.154 E67.29615
G0 F6000 X95.79 Y115.589
G1 F1200 X90.959 Y110.758 E67.52338
G0 F6000 X90.959 Y110.193
G1 F1200 X95.79 Y115.023 E67.7506
G0 F6000 X95.79 Y114.457
G1 F1200 X90.959 Y109.627 E67.97781
G0 F6000 X90.959 Y109.061
G1 F1200 X95.79 Y113.892 E68.20504
G0 F6000 X95.79 Y113.326
G1 F1200 X90.959 Y108.496 E68.43226
G0 F6000 X90.959 Y107.93
G1 F1200 X95.79 Y112.76 E68.65947
G0 F6000 X95.79 Y112.195
G1 F1200 X90.959 Y107.364 E68.8867
G0 F6000 X90.959 Y106.799
G1 F1200 X95.79 Y111.629 E69.11392
G0 F6000 X95.79 Y111.063
G1 F1200 X90.96 Y106.234 E69.34108
G0 F6000 X90.96 Y105.668
G1 F1200 X95.79 Y110.497 E69.56825
G0 F6000 X95.79 Y109.932
G1 F1200 X90.96 Y105.102 E69.79543
G0 F6000 X90.96 Y104.537
G1 F1200 X95.79 Y109.366 E70.0226
G0 F6000 X95.79 Y108.801
G1 F1200 X90.96 Y103.971 E70.24979
G0 F6000 X90.96 Y103.405
G1 F1200 X95.79 Y108.235 E70.47698
G0 F6000 X95.79 Y107.67
G1 F1200 X90.96 Y102.839 E70.70419
G0 F6000 X90.96 Y102.274
G1 F1200 X95.79 Y107.104 E70.93138
G0 F6000 X95.79 Y106.538
G1 F1200 X90.96 Y101.708 E71.15856
G0 F6000 X91.341 Y101.524
G1 F1200 X95.79 Y105.973 E71.36783
G0 F6000 X95.79 Y105.407
G1 F1200 X91.988 Y101.604 E71.54669
G0 F6000 X92.533 Y101.584
G1 F1200 X95.79 Y104.841 E71.69989
G0 F6000 X95.79 Y104.276
G1 F1200 X92.983 Y101.468 E71.83194
G0 F6000 X93.394 Y101.314
G1 F1200 X95.79 Y103.71 E71.94465
G0 F6000 X95.79 Y103.144
G1 F1200 X93.767 Y101.121 E72.0398
G0 F6000 X94.09 Y100.879
G1 F1200 X95.79 Y102.579 E72.11976
G0 F6000 X95.79 Y102.013
G1 F1200 X94.39 Y100.613 E72.18562
G0 F6000 X94.638 Y100.295
G1 F1200 X95.79 Y101.447 E72.2398
G0 F6000 X95.79 Y100.882
G1 F1200 X94.87 Y99.961 E72.2831
G0 F6000 X95.037 Y99.562
G1 F1200 X95.79 Y100.316 E72.31854
G0 F6000 X95.791 Y99.751
G1 F1200 X95.186 Y99.146 E72.347
G0 F6000 X95.242 Y98.636
G1 F1200 X95.791 Y99.185 E72.37282
G0 F6000 X95.791 Y98.619
G1 F1200 X95.23 Y98.059 E72.39919
G0 F6000 X95.791 Y98.054
G1 F1200 X95.068 Y97.331 E72.43319
G0 F6000 X95.791 Y97.488
G1 F1200 X90.959 Y92.656 E72.66048
G0 F6000 X90.959 Y93.221
G1 F1200 X93.117 Y95.38 E72.76201
G0 F6000 X92.379 Y95.208
G1 F1200 X90.959 Y93.787 E72.82882
G0 F6000 X90.959 Y94.353
G1 F1200 X91.821 Y95.215 E72.86937
G0 F6000 X91.336 Y95.296
G1 F1200 X90.959 Y94.918 E72.88712
G1 F2700 E67.88712
G0 F6000 X90.5 Y94.918
G0 X90.5 Y92.091
G0 X90.959 Y92.091
G1 F2700 E72.88712
G1 F1200 X95.791 Y96.922 E73.11438
G0 F6000 X95.791 Y96.357
G1 F1200 X90.959 Y91.525 E73.34167
G0 F6000 X90.959 Y90.959
G1 F1200 X95.791 Y95.791 E73.56895
G0 F6000 X95.791 Y95.225
G1 F1200 X90.959 Y90.394 E73.79621
G0 F6000 X91.045 Y89.914
G1 F1200 X95.791 Y94.66 E74.01944
G0 F6000 X95.791 Y94.094
G1 F1200 X91.265 Y89.568 E74.23233
G0 F6000 X91.587 Y89.324
G1 F1200 X95.791 Y93.528 E74.43008
G0 F6000 X95.791 Y92.963
G1 F1200 X92.045 Y89.216 E74.6063
G0 F6000 X92.602 Y89.208
G1 F1200 X95.791 Y92.397 E74.7563
G0 F6000 X95.791 Y91.831
G1 F1200 X93.168 Y89.208 E74.87968
G0 F6000 X93.733 Y89.208
G1 F1200 X95.791 Y91.266 E74.97648
G0 F6000 X95.824 Y90.733
G1 F1200 X94.299 Y89.208 E75.04821
G0 F6000 X94.865 Y89.208
G1 F1200 X95.976 Y90.319 E75.10047
G0 F6000 X96.255 Y90.032
G1 F1200 X95.43 Y89.208 E75.13925
G0 F6000 X95.996 Y89.208
G1 F1200 X96.629 Y89.841 E75.16903
G0 F6000 X97.147 Y89.793
G1 F1200 X96.562 Y89.208 E75.19654
G0 F6000 X97.127 Y89.208
G1 F1200 X97.712 Y89.793 E75.22406
G0 F6000 X98.278 Y89.793
G1 F1200 X97.693 Y89.208 E75.25158
G0 F6000 X98.259 Y89.208
G1 F1200 X98.844 Y89.793 E75.27909
G0 F6000 X99.409 Y89.793
G1 F1200 X98.825 Y89.208 E75.30659
G0 F6000 X99.39 Y89.208
G1 F1200 X99.975 Y89.793 E75.3341
G0 F6000 X100.541 Y89.793
G1 F1200 X99.956 Y89.208 E75.36162
G0 F6000 X100.522 Y89.208
G1 F1200 X101.106 Y89.793 E75.38911
G0 F6000 X101.672 Y89.793
G1 F1200 X101.087 Y89.208 E75.41663
G0 F6000 X101.653 Y89.208
G1 F1200 X102.237 Y89.792 E75.4441
G0 F6000 X102.803 Y89.792
G1 F1200 X102.219 Y89.208 E75.47157
G0 F6000 X102.784 Y89.208
G1 F1200 X103.368 Y89.792 E75.49904
G0 F6000 X103.934 Y89.792
G1 F1200 X103.35 Y89.208 E75.52651
G0 F6000 X103.916 Y89.208
G1 F1200 X104.5 Y89.792 E75.55398
G0 F6000 X105.065 Y89.792
G1 F1200 X104.481 Y89.208 E75.58145
G0 F6000 X105.047 Y89.208
G1 F1200 X105.631 Y89.792 E75.60892
G0 F6000 X106.197 Y89.792
G1 F1200 X105.613 Y89.208 E75.63639
G0 F6000 X106.178 Y89.208
G1 F1200 X106.763 Y89.792 E75.66388
G0 F6000 X107.327 Y89.791
G1 F1200 X106.744 Y89.208 E75.6913
G0 F6000 X107.31 Y89.208
G1 F1200 X107.893 Y89.791 E75.71872
G0 F6000 X108.459 Y89.791
G1 F1200 X107.876 Y89.208 E75.74615
G0 F6000 X108.441 Y89.208
G1 F1200 X109.025 Y89.791 E75.77359
G0 F6000 X109.59 Y89.791
G1 F1200 X109.007 Y89.208 E75.80102
G0 F6000 X109.573 Y89.208
G1 F1200 X110.156 Y89.791 E75.82844
G0 F6000 X110.722 Y89.791
G1 F1200 X110.138 Y89.208 E75.85588
G0 F6000 X110.704 Y89.208
G1 F1200 X111.287 Y89.791 E75.88331
G0 F6000 X111.853 Y89.791
G1 F1200 X111.27 Y89.208 E75.91073
G0 F6000 X111.835 Y89.208
G1 F1200 X112.418 Y89.791 E75.93815
G0 F6000 X112.984 Y89.791
G1 F1200 X112.401 Y89.208 E75.96557
G0 F6000 X112.967 Y89.208
G1 F1200 X113.549 Y89.791 E75.99297
G0 F6000 X114.115 Y89.791
G1 F1200 X113.532 Y89.208 E76.0204
G0 F6000 X114.098 Y89.208
G1 F1200 X114.681 Y89.791 E76.04782
G0 F6000 X115.246 Y89.791
G1 F1200 X114.664 Y89.208 E76.07522
G0 F6000 X115.229 Y89.208
G1 F1200 X115.812 Y89.791 E76.10264
G0 F6000 X116.378 Y89.791
G1 F1200 X115.795 Y89.208 E76.13006
G0 F6000 X116.361 Y89.208
G1 F1200 X116.943 Y89.791 E76.15746
G0 F6000 X117.508 Y89.79
G1 F1200 X116.926 Y89.208 E76.18484
G0 F6000 X117.492 Y89.208
G1 F1200 X118.074 Y89.79 E76.21221
G0 F6000 X118.64 Y89.79
G1 F1200 X118.058 Y89.208 E76.23959
G0 F6000 X118.624 Y89.208
G1 F1200 X119.205 Y89.79 E76.26694
G0 F6000 X119.771 Y89.79
G1 F1200 X119.189 Y89.208 E76.29432
G0 F6000 X119.755 Y89.208
G1 F1200 X120.337 Y89.79 E76.32169
G0 F6000 X120.903 Y89.79
G1 F1200 X120.321 Y89.208 E76.34907
G0 F6000 X120.886 Y89.208
G1 F1200 X121.468 Y89.79 E76.37644
G0 F6000 X122.034 Y89.79
G1 F1200 X121.452 Y89.208 E76.40382
G0 F6000 X122.018 Y89.208
G1 F1200 X122.6 Y89.79 E76.43119
G0 F6000 X123.165 Y89.789
G1 F1200 X122.583 Y89.208 E76.45854
G0 F6000 X123.149 Y89.208
G1 F1200 X123.73 Y89.789 E76.48587
G0 F6000 X124.296 Y89.789
G1 F1200 X123.715 Y89.208 E76.5132
G0 F6000 X124.28 Y89.208
G1 F1200 X124.862 Y89.789 E76.54055
G0 F6000 X125.427 Y89.789
G1 F1200 X124.846 Y89.208 E76.56788
G0 F6000 X125.412 Y89.208
G1 F1200 X125.993 Y89.789 E76.59521
G0 F6000 X126.559 Y89.789
G1 F1200 X125.977 Y89.208 E76.62256
G0 F6000 X126.543 Y89.208
G1 F1200 X127.124 Y89.789 E76.64989
G0 F6000 X127.69 Y89.789
G1 F1200 X127.109 Y89.208 E76.67722
G0 F6000 X127.674 Y89.208
G1 F1200 X128.255 Y89.788 E76.70452
G0 F6000 X128.821 Y89.788
G1 F1200 X128.24 Y89.208 E76.73183
G0 F6000 X128.806 Y89.208
G1 F1200 X129.386 Y89.788 E76.75911
G0 F6000 X129.952 Y89.788
G1 F1200 X129.372 Y89.208 E76.78639
G0 F6000 X129.937 Y89.208
G1 F1200 X130.518 Y89.788 E76.8137
G0 F6000 X131.083 Y89.788
G1 F1200 X130.503 Y89.208 E76.84098
G0 F6000 X131.069 Y89.208
G1 F1200 X131.649 Y89.788 E76.86826
G0 F6000 X132.215 Y89.788
G1 F1200 X131.634 Y89.208 E76.89556
G0 F6000 X132.2 Y89.208
G1 F1200 X132.781 Y89.788 E76.92287
G0 F6000 X133.345 Y89.788
G1 F1200 X132.766 Y89.208 E76.95013
G0 F6000 X133.331 Y89.208
G1 F1200 X133.911 Y89.788 E76.97741
G0 F6000 X134.477 Y89.788
G1 F1200 X133.897 Y89.208 E77.00469
G0 F6000 X134.463 Y89.208
G1 F1200 X135.043 Y89.788 E77.03197
G0 F6000 X135.608 Y89.788
G1 F1200 X135.028 Y89.208 E77.05925
G0 F6000 X135.594 Y89.208
G1 F1200 X136.174 Y89.788 E77.08653
G0 F6000 X136.74 Y89.788
G1 F1200 X136.16 Y89.208 E77.11382
G0 F6000 X136.725 Y89.208
G1 F1200 X137.305 Y89.788 E77.1411
G0 F6000 X137.871 Y89.788
G1 F1200 X137.291 Y89.208 E77.16838
G0 F6000 X137.857 Y89.208
G1 F1200 X138.571 Y89.922 E77.20196
G0 F6000 X139.064 Y90.415
G1 F1200 X144.036 Y95.387 E77.43583
G0 F6000 X144.038 Y94.824
G1 F1200 X138.423 Y89.208 E77.69997
G0 F6000 X138.988 Y89.208
G1 F1200 X144.038 Y94.258 E77.9375
G0 F6000 X144.039 Y93.693
G1 F1200 X139.554 Y89.208 E78.14846
G0 F6000 X140.12 Y89.208
G1 F1200 X144.039 Y93.127 E78.3328
G0 F6000 X144.039 Y92.562
G1 F1200 X140.685 Y89.208 E78.49056
G0 F6000 X141.251 Y89.208
G1 F1200 X144.04 Y91.997 E78.62175
G0 F6000 X144.04 Y91.431
G1 F1200 X141.817 Y89.208 E78.72631
G0 F6000 X142.382 Y89.208
G1 F1200 X144.04 Y90.865 E78.80428
G0 F6000 X144.03 Y90.29
G1 F1200 X142.958 Y89.218 E78.8547
G1 F2700 E73.8547
G0 F6000 X143.009 Y88.761
G0 X143.582 Y88.962
G0 X144.105 Y89.379
G0 X144.397 Y89.98
G0 X144.439 Y90.355
G0 X144.42 Y96.009
G0 X141.944 Y95.774
G0 X140.203 Y97.729
G0 X140.83 Y100.278
G0 X143.281 Y101.205
G0 X144.42 Y100.809
G0 X144.439 Y115.641
G0 X144.396 Y116.02
G0 X144.105 Y116.618
G0 X143.585 Y117.037
G0 X143.272 Y117.145
G0 X140.355 Y117.187
G0 X139.663 Y117.037
G0 X139.143 Y116.618
G0 X138.852 Y116.02
G0 X138.748 Y91.125
G0 X139.208 Y91.125
G1 F2700 E78.8547
G1 F1200 X143.29 Y95.207 E79.0467
G0 F6000 X142.732 Y95.214
G1 F1200 X139.208 Y91.691 E79.21244
G0 F6000 X139.208 Y92.256
G1 F1200 X142.24 Y95.288 E79.35506
G0 F6000 X141.786 Y95.4
G1 F1200 X139.208 Y92.822 E79.47632
G0 F6000 X139.208 Y93.388
G1 F1200 X141.416 Y95.595 E79.58015
G0 F6000 X141.057 Y95.802
G1 F1200 X139.208 Y93.953 E79.66712
G0 F6000 X139.208 Y94.519
G1 F1200 X140.757 Y96.068 E79.73998
G0 F6000 X140.473 Y96.35
G1 F1200 X139.208 Y95.085 E79.79948
G0 F6000 X139.208 Y95.65
G1 F1200 X140.244 Y96.686 E79.84821
G0 F6000 X140.037 Y97.045
G1 F1200 X139.208 Y96.216 E79.88721
G0 F6000 X139.208 Y96.782
G1 F1200 X139.879 Y97.453 E79.91877
G0 F6000 X139.78 Y97.919
G1 F1200 X139.208 Y97.347 E79.94567
G0 F6000 X139.208 Y97.913
G1 F1200 X139.731 Y98.436 E79.97028
G0 F6000 X139.208 Y98.479
G1 F1200 X139.801 Y99.071 E79.99814
G0 F6000 X139.208 Y99.044
G1 F1200 X140.122 Y99.958 E80.04114
G0 F6000 X139.208 Y100.176
G1 F1200 X144.04 Y105.008 E80.26842
G0 F6000 X144.04 Y104.443
G1 F1200 X139.208 Y99.61 E80.49572
G0 F6000 X138.748 Y99.61
G0 X138.748 Y100.742
G0 X139.208 Y100.742
G1 F1200 X144.04 Y105.574 E80.72301
G0 F6000 X144.04 Y106.14
G1 F1200 X139.208 Y101.307 E80.95031
G0 F6000 X139.208 Y101.873
G1 F1200 X144.04 Y106.705 E81.1776
G0 F6000 X144.04 Y107.271
G1 F1200 X139.208 Y102.439 E81.40488
G0 F6000 X139.208 Y103.004
G1 F1200 X144.04 Y107.837 E81.63218
G0 F6000 X144.04 Y108.402
G1 F1200 X139.208 Y103.57 E81.85947
G0 F6000 X139.208 Y104.136
G1 F1200 X144.04 Y108.967 E82.08673
G0 F6000 X144.04 Y109.533
G1 F1200 X139.208 Y104.701 E82.31401
G0 F6000 X139.208 Y105.267
G1 F1200 X144.04 Y110.099 E82.54129
G0 F6000 X144.04 Y110.664
G1 F1200 X139.208 Y105.833 E82.76855
G0 F6000 X139.208 Y106.398
G1 F1200 X144.04 Y111.23 E82.99583
G0 F6000 X144.04 Y111.796
G1 F1200 X139.208 Y106.964 E83.22311
G0 F6000 X139.208 Y107.53
G1 F1200 X144.04 Y112.361 E83.45037
G0 F6000 X144.04 Y112.927
G1 F1200 X139.208 Y108.095 E83.67766
G0 F6000 X139.208 Y108.661
G1 F1200 X144.04 Y113.493 E83.90494
G0 F6000 X144.04 Y114.058
G1 F1200 X139.208 Y109.227 E84.1322
G0 F6000 X139.208 Y109.792
G1 F1200 X144.04 Y114.624 E84.35948
G0 F6000 X144.04 Y115.19
G1 F1200 X139.208 Y110.358 E84.58676
G0 F6000 X139.208 Y110.924
G1 F1200 X144.025 Y115.741 E84.81334
G0 F6000 X143.905 Y116.186
G1 F1200 X139.208 Y111.49 E85.03425
G0 F6000 X139.208 Y112.055
G1 F1200 X143.655 Y116.502 E85.24342
G0 F6000 X143.298 Y116.711
G1 F1200 X139.208 Y112.621 E85.4358
G0 F6000 X139.208 Y113.187
G1 F1200 X142.809 Y116.787 E85.60516
G0 F6000 X142.243 Y116.787
G1 F1200 X139.208 Y113.752 E85.74792
G0 F6000 X139.208 Y114.318
G1 F1200 X141.677 Y116.787 E85.86405
G0 F6000 X141.112 Y116.787
G1 F1200 X139.208 Y114.884 E85.95358
G0 F6000 X139.208 Y115.449
G1 F1200 X140.546 Y116.787 E86.01652
G0 F6000 X139.881 Y116.688
G1 F1200 X139.306 Y116.113 E86.04357
G1 F2700 E81.04357
G0 F6000 X138.873 Y116.265
G0 X139.38 Y116.858
G0 X139.976 Y117.145
G0 X142.893 Y117.187
G0 X143.272 Y117.145
G0 X143.868 Y116.858
G0 X144.286 Y116.332
G0 X144.396 Y116.02
G0 X144.5 Y103.877
G0 X144.04 Y103.877
G1 F2700 E86.04357
G1 F1200 X141.342 Y101.178 E86.1705
G0 F6000 X142.263 Y101.533
G1 F1200 X144.04 Y103.311 E86.2541
G0 F6000 X144.04 Y102.745
G1 F1200 X142.899 Y101.604 E86.30777
G0 F6000 X143.438 Y101.577
G1 F1200 X144.04 Y102.18 E86.33611
G0 F6000 X144.04 Y101.614
G1 F1200 X143.888 Y101.462 E86.34326
G1 F2700 E81.34326
G0 F6000 X143.778 Y101.019
G0 X144.42 Y100.809
G0 X144.439 Y115.641
G0 X144.396 Y116.02
G0 X144.105 Y116.618
G0 X143.585 Y117.037
G0 X143.272 Y117.145
G0 X140.355 Y117.187
G0 X139.663 Y117.037
G0 X139.143 Y116.618
G0 X138.852 Y116.02
G0 X138.487 Y90.513
G0 X96.512 Y90.512
G0 X96.248 Y138.78
G0 X95.788 Y138.78
G1 F2700 E86.34326
G1 F1200 X90.956 Y133.948 E86.57054
G0 F6000 X90.956 Y134.514
G1 F1200 X93.772 Y137.33 E86.703
G0 F6000 X93.557 Y137.736
G0 X92.698 Y137.377
G0 X92.807 Y136.931
G1 F1200 X90.956 Y135.079 E86.79009
G0 F6000 X90.956 Y135.645
G1 F1200 X92.154 Y136.844 E86.84646
G0 F6000 X91.603 Y136.858
G1 F1200 X90.956 Y136.211 E86.8769
G0 F6000 X90.956 Y136.776
G1 F1200 X91.15 Y136.97 E86.88602
G1 F2700 E81.88602
;MESH:NONMESH
G0 F300 Z0.4
G0 F6000 X91.258 Y137.417
G0 X90.576 Y137.64
G0 X90.23 Y100.083
G0 X83.03 Y81.682
;TIME_ELAPSED:163.457455
;LAYER:1
M106 S85
;TYPE:SKIRT
G1 F2700 E86.88602
G1 F1200 X83.518 Y81.198 E86.90888
G1 X84.193 Y80.598 E86.93892
G1 X84.788 Y80.151 E86.96367
G1 X85.14 Y79.912 E86.97782
G1 X85.736 Y79.539 E87.00121
G1 X86.066 Y79.346 E87.01392
G1 X86.872 Y78.938 E87.04397
G1 X87.592 Y78.646 E87.06981
G1 X88.303 Y78.399 E87.09485
G1 X89.084 Y78.171 E87.12191
G1 X89.99 Y77.987 E87.15266
G1 X90.365 Y77.934 E87.16525
G1 X91.039 Y77.861 E87.1878
G1 X91.626 Y77.819 E87.20737
G1 X92.719 Y77.8 E87.24373
G1 X142.377 Y77.801 E88.89536
G1 X143.075 Y77.811 E88.91858
G1 X143.667 Y77.836 E88.93829
G1 X144.183 Y77.882 E88.95552
G1 X144.728 Y77.948 E88.97378
G1 X145.252 Y78.029 E88.99141
G1 X146.407 Y78.305 E89.03091
G1 X146.898 Y78.464 E89.04808
G1 X147.431 Y78.656 E89.06692
G1 X148.265 Y79.002 E89.09695
G1 X149.035 Y79.404 E89.12584
G1 X149.415 Y79.631 E89.14056
G1 X149.955 Y79.977 E89.1619
G1 X150.688 Y80.504 E89.19192
G1 X151.187 Y80.924 E89.21362
G1 X151.532 Y81.245 E89.22929
G1 X152.033 Y81.748 E89.2529
G1 X152.635 Y82.422 E89.28296
G1 X153.138 Y83.094 E89.31088
G1 X153.386 Y83.464 E89.32569
G1 X153.711 Y83.986 E89.34614
G1 X153.904 Y84.316 E89.35886
G1 X154.312 Y85.122 E89.38891
G1 X154.604 Y85.842 E89.41475
G1 X154.766 Y86.298 E89.43084
G1 X154.954 Y86.877 E89.45109
G1 X155.175 Y87.753 E89.48114
G1 X155.263 Y88.24 E89.4976
G1 X155.316 Y88.615 E89.5102
G1 X155.389 Y89.289 E89.53274
G1 X155.431 Y89.876 E89.55232
G1 X155.45 Y90.969 E89.58868
G1 X155.449 Y115.103 E90.39138
G1 X155.439 Y115.82 E90.41523
G1 X155.408 Y116.481 E90.43724
G1 X155.371 Y116.899 E90.45119
G1 X155.297 Y117.51 E90.47166
G1 X155.181 Y118.212 E90.49533
G1 X154.856 Y119.438 E90.53751
G1 X154.586 Y120.205 E90.56456
G1 X154.237 Y121.038 E90.5946
G1 X153.846 Y121.785 E90.62264
G1 X153.619 Y122.165 E90.63736
G1 X153.273 Y122.705 E90.65869
G1 X152.746 Y123.438 E90.68872
G1 X152.29 Y123.977 E90.7122
G1 X152.006 Y124.281 E90.72604
G1 X151.389 Y124.894 E90.75497
G1 X150.665 Y125.515 E90.78669
G1 X150.18 Y125.872 E90.80672
G1 X149.837 Y126.103 E90.82048
G1 X149.278 Y126.453 E90.84241
G1 X148.934 Y126.654 E90.85566
G1 X148.128 Y127.062 E90.88571
G1 X147.408 Y127.354 E90.91155
G1 X146.691 Y127.603 E90.9368
G1 X146.128 Y127.775 E90.95638
G1 X143.431 Y128.547 E91.04968
G1 X141.008 Y129.319 E91.13426
G1 X138.611 Y130.158 E91.21873
G1 X136.226 Y131.07 E91.30366
G1 X133.869 Y132.048 E91.38853
G1 X131.57 Y133.079 E91.47233
G1 X129.283 Y134.183 E91.5568
G1 X127.019 Y135.357 E91.64162
G1 X124.809 Y136.583 E91.72568
G1 X122.617 Y137.881 E91.81041
G1 X120.489 Y139.225 E91.89412
G1 X118.356 Y140.657 E91.97957
G1 X116.301 Y142.122 E92.06351
G1 X114.269 Y143.66 E92.14827
G1 X112.296 Y145.243 E92.2324
G1 X110.345 Y146.902 E92.31758
G1 X108.474 Y148.585 E92.40128
G1 X106.623 Y150.348 E92.48631
G1 X104.817 Y152.169 E92.57161
G1 X104.025 Y153.005 E92.60991
G1 X103.146 Y153.888 E92.65135
G1 X102.415 Y154.515 E92.68338
G1 X101.93 Y154.872 E92.70341
G1 X101.498 Y155.161 E92.7207
G1 X100.684 Y155.654 E92.75235
G1 X99.878 Y156.062 E92.7824
G1 X99.158 Y156.354 E92.80824
G1 X98.447 Y156.601 E92.83327
G1 X97.666 Y156.829 E92.86033
G1 X96.795 Y157.007 E92.8899
G1 X96.413 Y157.062 E92.90274
G1 X95.652 Y157.144 E92.9282
G1 X95.651 Y157.131 E92.92863
G1 X94.82 Y157.19 E92.95634
G1 X93.995 Y157.2 E92.98378
G1 X92.623 Y157.199 E93.02941
G1 X91.925 Y157.189 E93.05263
G1 X91.333 Y157.164 E93.07234
G1 X90.817 Y157.118 E93.08957
G1 X90.272 Y157.052 E93.10783
G1 X89.869 Y156.992 E93.12138
G1 X89.068 Y156.825 E93.14859
G1 X88.608 Y156.699 E93.16446
G1 X88.204 Y156.57 E93.17856
G1 X87.569 Y156.344 E93.20098
G1 X86.735 Y155.998 E93.23101
G1 X85.965 Y155.596 E93.2599
G1 X85.585 Y155.369 E93.27462
G1 X85.045 Y155.023 E93.29596
G1 X84.312 Y154.496 E93.32598
G1 X83.794 Y154.059 E93.34852
G1 X83.432 Y153.72 E93.36502
G1 X82.95 Y153.234 E93.38778
G1 X82.585 Y152.837 E93.40572
G1 X81.836 Y151.87 E93.4464
G1 X81.6 Y151.515 E93.46058
G1 X81.289 Y151.014 E93.48019
G1 X80.959 Y150.431 E93.50248
G1 X80.574 Y149.614 E93.53252
G1 X80.397 Y149.159 E93.54875
G1 X80.149 Y148.447 E93.57383
G1 X79.921 Y147.666 E93.60089
G1 X79.721 Y146.653 E93.63523
G1 X79.67 Y146.269 E93.64812
G1 X79.609 Y145.684 E93.66768
G1 X79.57 Y145.141 E93.68579
G1 X79.55 Y144.016 E93.72321
G1 X79.551 Y90.873 E95.49075
G1 X79.561 Y90.175 E95.51397
G1 X79.594 Y89.483 E95.53701
G1 X79.699 Y88.516 E95.56937
G1 X79.758 Y88.118 E95.58275
G1 X80.055 Y86.843 E95.62629
G1 X80.21 Y86.363 E95.64307
G1 X80.414 Y85.798 E95.66305
G1 X80.762 Y84.965 E95.69307
G1 X81.162 Y84.201 E95.72175
G1 X81.389 Y83.822 E95.73645
G1 X81.727 Y83.295 E95.75727
G1 X82.254 Y82.562 E95.7873
G1 X82.691 Y82.044 E95.80984
G1 X83.03 Y81.682 E95.82633
G1 F2700 E90.82633
;MESH:battery holder-BodyChamfer.stl
G0 F7500 X90.239 Y100.022
G0 X94.653 Y146.4
;TYPE:WALL-INNER
G1 F2700 E95.82633
G1 F1350 X95.065 Y146.351 E95.84013
G1 X95.429 Y146.223 E95.85297
G1 X95.747 Y146.024 E95.86544
G1 X96.024 Y145.747 E95.87847
G1 X96.223 Y145.429 E95.89095
G1 X96.351 Y145.066 E95.90375
G1 X96.396 Y144.662 E95.91727
G1 X96.4 Y90.879 E97.7061
G1 X96.52 Y90.64 E97.715
G1 X96.717 Y90.47 E97.72365
G1 X96.922 Y90.4 E97.73086
G1 X138 Y90.4 E99.09712
G1 X138.283 Y90.47 E99.10681
G1 X138.48 Y90.64 E99.11547
G1 X138.6 Y90.879 E99.12436
G1 X138.6 Y115.655 E99.94842
G1 X138.645 Y116.066 E99.96217
G1 X138.773 Y116.429 E99.97497
G1 X138.972 Y116.747 E99.98745
G1 X139.248 Y117.023 E100.00043
G1 X139.57 Y117.224 E100.01305
G1 X139.93 Y117.35 E100.02574
G1 X140.334 Y117.396 E100.03926
G1 X142.901 Y117.4 E100.12464
G1 X143.316 Y117.351 E100.13854
G1 X143.677 Y117.224 E100.15127
G1 X143.995 Y117.024 E100.16376
G1 X144.273 Y116.745 E100.17686
G1 X144.476 Y116.427 E100.18941
G1 X144.603 Y116.066 E100.20214
G1 X144.648 Y115.662 E100.21566
G1 X144.648 Y100.347 E100.72504
G1 X144.352 Y100.587 E100.73771
G1 X143.861 Y100.847 E100.75619
G1 X143.253 Y100.992 E100.77698
G1 X142.623 Y100.992 E100.79794
G1 X142.013 Y100.846 E100.8188
G1 X141.46 Y100.553 E100.83961
G1 X140.991 Y100.137 E100.86046
G1 X140.627 Y99.612 E100.88171
G1 X140.414 Y99.041 E100.90198
G1 X140.34 Y98.408 E100.92318
G1 X140.412 Y97.781 E100.94417
G1 X140.627 Y97.204 E100.96465
G1 X140.991 Y96.679 E100.9859
G1 X141.461 Y96.261 E101.00682
G1 X142.015 Y95.974 E101.02757
G1 X142.62 Y95.824 E101.0483
G1 X143.256 Y95.824 E101.06946
G1 X143.861 Y95.974 E101.09019
G1 X144.349 Y96.227 E101.10847
G1 X144.648 Y96.469 E101.12126
G1 X144.648 Y90.341 E101.32508
G1 X144.603 Y89.931 E101.3388
G1 X144.476 Y89.572 E101.35147
G1 X144.272 Y89.25 E101.36414
G1 X143.995 Y88.972 E101.3772
G1 X143.676 Y88.772 E101.38972
G1 X143.317 Y88.645 E101.40239
G1 X142.914 Y88.6 E101.41587
G1 X92.093 Y88.6 E103.10619
G1 X91.682 Y88.645 E103.11994
G1 X91.319 Y88.773 E103.13274
G1 X91.001 Y88.972 E103.14522
G1 X90.724 Y89.25 E103.15827
G1 X90.521 Y89.57 E103.17087
G1 X90.397 Y89.931 E103.18357
G1 X90.348 Y90.336 E103.19714
G1 X90.349 Y96.468 E103.40109
G1 X90.647 Y96.227 E103.41384
G1 X91.135 Y95.974 E103.43212
G1 X91.74 Y95.824 E103.45285
G1 X92.376 Y95.824 E103.474
G1 X92.981 Y95.974 E103.49474
G1 X93.535 Y96.261 E103.51549
G1 X94.005 Y96.679 E103.53641
G1 X94.367 Y97.201 E103.55754
G1 X94.589 Y97.783 E103.57825
G1 X94.657 Y98.408 E103.59916
G1 X94.587 Y99.038 E103.62025
G1 X94.367 Y99.614 E103.64075
G1 X94.005 Y100.137 E103.66191
G1 X93.536 Y100.553 E103.68276
G1 X92.983 Y100.846 E103.70358
G1 X92.373 Y100.992 E103.72444
G1 X91.743 Y100.992 E103.74539
G1 X91.133 Y100.846 E103.76625
G1 X90.644 Y100.587 E103.78466
G1 X90.349 Y100.348 E103.79729
G1 X90.349 Y138.1 E105.05292
G1 X90.644 Y137.861 E105.06555
G1 X91.132 Y137.603 E105.08391
G1 X91.739 Y137.452 E105.10471
G1 X92.376 Y137.452 E105.1259
G1 X92.984 Y137.603 E105.14674
G1 X93.536 Y137.894 E105.16749
G1 X94.005 Y138.311 E105.18836
G1 X94.367 Y138.833 E105.20949
G1 X94.589 Y139.415 E105.23021
G1 X94.657 Y140.04 E105.25112
G1 X94.589 Y140.662 E105.27193
G1 X94.369 Y141.244 E105.29263
G1 X94.006 Y141.763 E105.31369
G1 X93.536 Y142.186 E105.33472
G1 X92.981 Y142.474 E105.35552
G1 X92.37 Y142.624 E105.37644
G1 X91.74 Y142.624 E105.3974
G1 X91.135 Y142.474 E105.41813
G1 X90.647 Y142.221 E105.43641
G1 X90.348 Y141.977 E105.44925
G1 X90.348 Y144.652 E105.53822
G1 X90.397 Y145.066 E105.55209
G1 X90.521 Y145.429 E105.56484
G1 X90.723 Y145.745 E105.57732
G1 X91.001 Y146.024 E105.59042
G1 X91.319 Y146.223 E105.60289
G1 X91.682 Y146.351 E105.6157
G1 X92.086 Y146.396 E105.62922
G1 X94.653 Y146.4 E105.7146
G0 F7500 X94.676 Y146.8
;TYPE:WALL-OUTER
G1 F1350 X95.155 Y146.743 E105.73064
G1 X95.604 Y146.586 E105.74646
G1 X95.998 Y146.338 E105.76194
G1 X96.338 Y145.998 E105.77794
G1 X96.586 Y145.604 E105.79342
G1 X96.743 Y145.155 E105.80924
G1 X96.796 Y144.684 E105.82501
G1 X96.8 Y90.959 E107.61191
G1 X96.84 Y90.88 E107.61485
G1 X96.965 Y90.803 E107.61973
G1 X138.077 Y90.8 E108.98713
G1 X138.2 Y90.959 E108.99381
G1 X138.2 Y115.677 E109.81594
G1 X138.253 Y116.155 E109.83193
G1 X138.41 Y116.604 E109.84775
G1 X138.658 Y116.998 E109.86324
G1 X138.998 Y117.338 E109.87923
G1 X139.396 Y117.586 E109.89483
G1 X139.841 Y117.743 E109.91052
G1 X140.312 Y117.796 E109.92629
G1 X142.924 Y117.8 E110.01316
G1 X143.406 Y117.743 E110.0293
G1 X143.852 Y117.586 E110.04503
G1 X144.246 Y117.338 E110.06051
G1 X144.587 Y116.997 E110.07655
G1 X144.838 Y116.603 E110.09209
G1 X144.995 Y116.155 E110.10788
G1 X145.048 Y115.684 E110.12365
G1 X145.048 Y99.431 E110.66422
G1 F1377.6 X145.062 Y98.948 E110.67997
G1 X144.9 Y99.404 E110.69575
G1 F1350 X144.566 Y99.886 E110.71525
G1 X144.166 Y100.233 E110.73286
G1 X143.695 Y100.475 E110.75047
G1 X143.227 Y100.587 E110.76648
G1 X142.649 Y100.587 E110.7857
G1 X142.134 Y100.457 E110.80337
G1 X141.671 Y100.206 E110.82089
G1 X141.279 Y99.85 E110.8385
G1 X140.976 Y99.402 E110.85649
G1 X140.801 Y98.917 E110.87364
G1 X140.74 Y98.408 E110.89069
G1 X140.801 Y97.899 E110.90774
G1 X140.976 Y97.414 E110.92489
G1 X141.311 Y96.93 E110.94447
G1 X141.711 Y96.582 E110.9621
G1 X142.179 Y96.345 E110.97955
G1 X142.647 Y96.229 E110.99558
G1 X143.229 Y96.229 E111.01494
G1 X143.697 Y96.345 E111.03098
G1 X144.165 Y96.582 E111.04843
G1 X144.566 Y96.93 E111.06609
G1 X144.9 Y97.412 E111.08559
G1 F1377.6 X145.062 Y97.867 E111.10133
G1 X145.048 Y97.385 E111.11705
G1 F1350 X145.048 Y90.319 E111.35207
G1 X144.995 Y89.841 E111.36806
G1 X144.838 Y89.396 E111.38376
G1 X144.586 Y88.998 E111.39942
G1 X144.246 Y88.658 E111.41542
G1 X143.852 Y88.41 E111.4309
G1 X143.407 Y88.253 E111.4466
G1 X142.936 Y88.2 E111.46236
G1 X92.071 Y88.2 E113.15414
G1 X91.593 Y88.253 E113.17013
G1 X91.144 Y88.41 E113.18595
G1 X90.75 Y88.658 E113.20144
G1 X90.41 Y88.998 E113.21743
G1 X90.158 Y89.396 E113.2331
G1 X90.005 Y89.841 E113.24875
G1 X89.948 Y90.312 E113.26453
G1 X89.948 Y97.387 E113.49984
G1 F1399 X89.935 Y97.901 E113.51635
G1 X90.096 Y97.413 E113.53284
G1 F1350 X90.43 Y96.93 E113.55237
G1 X90.831 Y96.582 E113.57003
G1 X91.299 Y96.345 E113.58748
G1 X91.767 Y96.229 E113.60352
G1 X92.349 Y96.229 E113.62287
G1 X92.817 Y96.345 E113.63891
G1 X93.285 Y96.582 E113.65636
G1 X93.717 Y96.966 E113.67558
G1 X94.019 Y97.412 E113.6935
G1 X94.199 Y97.9 E113.7108
G1 X94.257 Y98.408 E113.7278
G1 X94.198 Y98.927 E113.74518
G1 X93.997 Y99.446 E113.76369
G1 X93.685 Y99.886 E113.78163
G1 X93.286 Y100.233 E113.79922
G1 X92.815 Y100.475 E113.81683
G1 X92.347 Y100.587 E113.83283
G1 X91.769 Y100.587 E113.85206
G1 X91.254 Y100.457 E113.86972
G1 X90.791 Y100.206 E113.88724
G1 X90.43 Y99.886 E113.90329
G1 X90.096 Y99.403 E113.92282
G1 F1399 X89.935 Y98.915 E113.93931
G1 X89.948 Y99.429 E113.95581
G1 F1350 X89.948 Y139.019 E115.27258
G1 F1399 X89.935 Y139.533 E115.28908
G1 X90.096 Y139.045 E115.30558
G1 F1350 X90.43 Y138.562 E115.32511
G1 X90.83 Y138.215 E115.34272
G1 X91.299 Y137.973 E115.36027
G1 X91.767 Y137.857 E115.37631
G1 X92.349 Y137.857 E115.39567
G1 X92.817 Y137.973 E115.41171
G1 X93.325 Y138.242 E115.43082
G1 X93.717 Y138.598 E115.44844
G1 X94.019 Y139.044 E115.46635
G1 X94.199 Y139.532 E115.48365
G1 X94.257 Y140.04 E115.50066
G1 X94.198 Y140.555 E115.5179
G1 X94.02 Y141.035 E115.53493
G1 X93.686 Y141.513 E115.55432
G1 X93.285 Y141.866 E115.57209
G1 X92.817 Y142.103 E115.58954
G1 X92.335 Y142.222 E115.60605
G1 X91.767 Y142.219 E115.62494
G1 X91.299 Y142.103 E115.64098
G1 X90.831 Y141.866 E115.65843
G1 X90.4 Y141.479 E115.67769
G1 X90.096 Y141.034 E115.69562
G1 F1399 X89.935 Y140.543 E115.7122
G1 X89.949 Y141.06 E115.7288
G1 F1350 X89.948 Y144.676 E115.84907
G1 X90.005 Y145.155 E115.86511
G1 X90.158 Y145.604 E115.88089
G1 X90.409 Y145.997 E115.8964
G1 X90.75 Y146.338 E115.91244
G1 X91.144 Y146.586 E115.92793
G1 X91.593 Y146.743 E115.94375
G1 X92.064 Y146.796 E115.95951
G1 X94.676 Y146.8 E116.04639
G1 F2700 E111.04639
G0 F7500 X94.663 Y146.491
G0 X91.719 Y146.192
G0 X91.389 Y146.078
G0 X90.849 Y145.644
G0 X90.666 Y145.359
G0 X90.577 Y144.953
G0 X90.165 Y141.523
G0 X89.935 Y140.543
G1 F2700 E116.04639
G1 F1578.9 X89.904 Y140.04 E116.06072
G1 X89.935 Y139.533 E116.07516
G1 F2700 E111.07516
G0 F7500 X89.085 Y139.533
G0 X89.085 Y98.915
G0 X89.935 Y98.915
G1 F2700 E116.07516
G1 F1578.9 X89.904 Y98.408 E116.08961
G1 X89.935 Y97.901 E116.10405
G1 F2700 E111.10405
G0 F7500 X145.063 Y97.901
G1 F2700 E116.10405
G1 F1592.9 X145.094 Y98.408 E116.11837
G1 X145.063 Y98.924 E116.13294
G1 F2700 E111.13294
G0 F7500 X144.233 Y98.728
G0 X142.779 Y99.731
G0 X94.623 Y146.04
;TYPE:SKIN
G1 F2700 E116.13294
G1 F1350 X92.108 Y146.036 E116.21659
G1 X91.762 Y145.995 E116.22818
G1 X91.476 Y145.894 E116.23827
G1 X91.23 Y145.738 E116.24795
G1 X91.005 Y145.513 E116.25854
G1 X90.846 Y145.267 E116.26828
G1 X90.749 Y144.987 E116.27814
G1 X90.708 Y144.628 E116.29015
G1 X90.708 Y142.659 E116.35564
G1 X90.979 Y142.802 E116.36583
G1 X91.672 Y142.979 E116.38962
G1 X92.419 Y142.982 E116.41447
G1 X93.084 Y142.819 E116.43724
G1 X93.721 Y142.494 E116.46103
G1 X94.262 Y142.018 E116.48499
G1 X94.696 Y141.392 E116.51033
G1 X94.942 Y140.735 E116.53366
G1 X95.017 Y140.04 E116.55691
G1 X94.932 Y139.3 E116.58169
G1 X94.696 Y138.684 E116.60363
G1 X94.289 Y138.086 E116.62769
G1 X93.761 Y137.61 E116.65133
G1 X93.133 Y137.274 E116.67502
G1 X92.44 Y137.097 E116.69881
G1 X91.671 Y137.097 E116.72439
G1 X91.027 Y137.257 E116.74646
G1 X90.708 Y137.418 E116.75834
G1 X90.708 Y101.031 E117.96858
G1 X90.979 Y101.174 E117.97877
G1 X91.673 Y101.347 E118.00256
G1 X92.44 Y101.347 E118.02807
G1 X93.13 Y101.174 E118.05173
G1 X93.762 Y100.834 E118.0756
G1 X94.289 Y100.355 E118.09928
G1 X94.676 Y99.799 E118.12182
G1 X94.942 Y99.111 E118.14635
G1 X95.017 Y98.404 E118.17
G1 X94.944 Y97.718 E118.19294
G1 X94.7 Y97.057 E118.21638
G1 X94.289 Y96.457 E118.24057
G1 X93.757 Y95.978 E118.26438
G1 X93.085 Y95.629 E118.28956
G1 X92.441 Y95.469 E118.31163
G1 X91.672 Y95.469 E118.33721
G1 X91.024 Y95.629 E118.35941
G1 X90.708 Y95.789 E118.37119
G1 X90.708 Y90.36 E118.55176
G1 X90.749 Y90.009 E118.56351
G1 X90.846 Y89.728 E118.5734
G1 X91.006 Y89.474 E118.58338
G1 X91.226 Y89.254 E118.59373
G1 X91.472 Y89.098 E118.60342
G1 X91.76 Y88.997 E118.61357
G1 X92.111 Y88.96 E118.62531
G1 X142.893 Y88.96 E120.31433
G1 X143.231 Y88.997 E120.32564
G1 X143.523 Y89.101 E120.33594
G1 X143.762 Y89.254 E120.34538
G1 X143.991 Y89.479 E120.35606
G1 X144.146 Y89.724 E120.3657
G1 X144.247 Y90.014 E120.37592
G1 X144.288 Y90.36 E120.38751
G1 X144.288 Y95.79 E120.56811
G1 X143.969 Y95.629 E120.57999
G1 X143.32 Y95.469 E120.60223
G1 X142.552 Y95.469 E120.62777
G1 X141.904 Y95.629 E120.64997
G1 X141.283 Y95.946 E120.67316
G1 X140.735 Y96.421 E120.69728
G1 X140.315 Y97.018 E120.72156
G1 X140.064 Y97.674 E120.74492
G1 X139.98 Y98.404 E120.76936
G1 X140.058 Y99.119 E120.79328
G1 X140.292 Y99.755 E120.81582
G1 X140.703 Y100.355 E120.84001
G1 X141.273 Y100.861 E120.86536
G1 X141.861 Y101.177 E120.88756
G1 X142.554 Y101.347 E120.91129
G1 X143.315 Y101.347 E120.93661
G1 X143.963 Y101.191 E120.95877
G1 X144.284 Y101.03 E120.97072
G1 X144.288 Y115.64 E121.45665
G1 X144.247 Y115.982 E121.46811
G1 X144.146 Y116.268 E121.47819
G1 X143.99 Y116.514 E121.48788
G1 X143.762 Y116.743 E121.49863
G1 X143.524 Y116.894 E121.508
G1 X143.23 Y116.996 E121.51835
G1 X142.875 Y117.04 E121.53025
G1 X140.356 Y117.036 E121.61404
G1 X140.014 Y116.995 E121.62549
G1 X139.719 Y116.89 E121.63591
G1 X139.47 Y116.738 E121.64561
G1 X139.254 Y116.518 E121.65586
G1 X139.098 Y116.272 E121.66555
G1 X138.997 Y115.984 E121.6757
G1 X138.96 Y115.629 E121.68757
G1 X138.96 Y91.004 E122.50661
G1 X138.922 Y90.723 E122.51604
G1 X138.769 Y90.417 E122.52742
G1 X138.45 Y90.144 E122.54138
G1 X138.044 Y90.045 E122.55528
G1 X96.865 Y90.042 E123.9249
G1 X96.539 Y90.15 E123.93632
G1 X96.232 Y90.418 E123.94987
G1 X96.09 Y90.692 E123.96014
G1 X96.041 Y90.978 E123.96979
G1 X96.036 Y144.636 E125.75446
G1 X95.995 Y144.983 E125.76608
G1 X95.894 Y145.271 E125.77624
G1 X95.739 Y145.513 E125.78579
G1 X95.509 Y145.743 E125.79661
G1 X95.275 Y145.894 E125.80587
G1 X94.982 Y145.996 E125.81619
G1 X94.623 Y146.04 E125.82822
G1 F2700 E120.82822
G0 F7500 X94.622 Y146.299
G0 X95.02 Y146.155
G0 X95.507 Y140.405
G1 F2700 E125.82822
G1 F845.1 X95.526 Y140.04 E125.84764
G1 X95.507 Y139.665 E125.86759
G1 F2700 E120.86759
G0 F7500 X95.511 Y98.752
G1 F2700 E125.86759
G1 F842.4 X95.528 Y98.404 E125.88616
G1 X95.511 Y98.048 E125.90516
G1 F2700 E120.90516
G0 F7500 X96.57 Y98.047
G0 X117.411 Y89.672
G1 F2700 E125.90516
G1 F1583.6 X97.006 Y89.673 E126.48373
G1 F1578.9 X96.952 Y89.331 E126.49357
G1 F1583.6 X138.035 Y89.33 E127.65845
G1 F1588.2 X137.993 Y89.67 E127.66814
G1 X117.411 Y89.672 E128.25001
G1 F2700 E123.25001
G0 F7500 X117.411 Y90.3
G0 X96.391 Y90.544
G0 X96.235 Y144.653
G0 X96.192 Y145.029
G0 X96.078 Y145.359
G0 X95.645 Y145.897
G0 X95.029 Y146.193
G0 X94.643 Y146.239
G0 X91.719 Y146.192
G0 X91.389 Y146.078
G0 X90.849 Y145.644
G0 X90.666 Y145.359
G0 X90.509 Y144.643
G0 X90.528 Y142.36
G0 X93.039 Y142.625
G0 X94.746 Y140.702
G0 X94.125 Y138.201
G0 X91.72 Y137.291
G0 X90.53 Y137.717
G0 X90.53 Y100.731
G0 X93.037 Y100.999
G0 X94.745 Y99.077
G0 X94.127 Y96.572
G0 X91.72 Y95.663
G0 X90.528 Y96.09
G0 X90.488 Y90.02
G0 X90.943 Y90.076
G1 F2700 E128.25001
G1 F1350 X91.829 Y89.19 E128.29169
G0 F7500 X92.425 Y89.16
G1 F1350 X90.908 Y90.677 E128.36304
G0 F7500 X90.908 Y91.242
G1 F1350 X92.991 Y89.16 E128.461
G0 F7500 X93.557 Y89.16
G1 F1350 X90.908 Y91.808 E128.58558
G0 F7500 X90.908 Y92.374
G1 F1350 X94.122 Y89.16 E128.73675
G0 F7500 X94.688 Y89.16
G1 F1350 X90.908 Y92.939 E128.91453
G0 F7500 X90.908 Y93.505
G1 F1350 X95.254 Y89.16 E129.11893
G0 F7500 X95.819 Y89.16
G1 F1350 X90.908 Y94.071 E129.34993
G0 F7500 X90.908 Y94.636
G1 F1350 X96.385 Y89.16 E129.60752
G0 F7500 X96.78 Y89.33
G1 F1350 X90.908 Y95.202 E129.88372
G0 F7500 X91.328 Y95.348
G1 F1350 X95.872 Y90.805 E130.09744
G0 F7500 X95.842 Y91.4
G1 F1350 X91.978 Y95.264 E130.27919
G0 F7500 X92.524 Y95.284
G1 F1350 X95.842 Y91.966 E130.43526
G0 F7500 X95.842 Y92.531
G1 F1350 X92.977 Y95.396 E130.57002
G0 F7500 X93.385 Y95.553
G1 F1350 X95.842 Y93.097 E130.68556
G0 F7500 X95.842 Y93.663
G1 F1350 X93.758 Y95.747 E130.78359
G0 F7500 X94.077 Y95.993
G1 F1350 X95.842 Y94.228 E130.86661
G0 F7500 X95.842 Y94.794
G1 F1350 X94.377 Y96.259 E130.93552
G0 F7500 X94.62 Y96.582
G1 F1350 X95.842 Y95.36 E130.993
G0 F7500 X95.842 Y95.925
G1 F1350 X94.853 Y96.915 E131.03954
G0 F7500 X95.014 Y97.319
G1 F1350 X95.842 Y96.491 E131.07849
G0 F7500 X95.842 Y97.057
G1 F1350 X95.169 Y97.73 E131.11014
G0 F7500 X94.69 Y97.78
G0 X94.773 Y99.006
G0 X95.508 Y99.088
G1 F1350 X94.956 Y99.64 E131.13611
G0 F7500 X95.841 Y99.886
G1 F1350 X90.909 Y104.818 E131.36809
G0 F7500 X90.909 Y105.384
G1 F1350 X95.841 Y100.452 E131.60008
G0 F7500 X95.841 Y101.017
G1 F1350 X90.909 Y105.949 E131.83207
G0 F7500 X90.909 Y106.515
G1 F1350 X95.841 Y101.583 E132.06405
G0 F7500 X95.841 Y102.149
G1 F1350 X90.909 Y107.081 E132.29604
G0 F7500 X90.909 Y107.646
G1 F1350 X95.841 Y102.714 E132.52802
G0 F7500 X95.841 Y103.28
G1 F1350 X90.909 Y108.212 E132.76001
G0 F7500 X90.909 Y108.778
G1 F1350 X95.841 Y103.846 E132.992
G0 F7500 X95.841 Y104.411
G1 F1350 X90.909 Y109.343 E133.22398
G0 F7500 X90.909 Y109.909
G1 F1350 X95.841 Y104.978 E133.45594
G0 F7500 X95.841 Y105.543
G1 F1350 X90.909 Y110.475 E133.68793
G0 F7500 X90.909 Y111.041
G1 F1350 X95.841 Y106.109 E133.91992
G0 F7500 X95.841 Y106.675
G1 F1350 X90.909 Y111.606 E134.15188
G0 F7500 X90.909 Y112.172
G1 F1350 X95.841 Y107.241 E134.38384
G0 F7500 X95.841 Y107.806
G1 F1350 X90.909 Y112.738 E134.61583
G0 F7500 X90.909 Y113.303
G1 F1350 X95.841 Y108.372 E134.84779
G0 F7500 X95.841 Y108.938
G1 F1350 X90.909 Y113.869 E135.07975
G0 F7500 X90.909 Y114.435
G1 F1350 X95.841 Y109.503 E135.31174
G0 F7500 X95.841 Y110.069
G1 F1350 X90.909 Y115 E135.5437
G0 F7500 X90.909 Y115.566
G1 F1350 X95.84 Y110.635 E135.77564
G0 F7500 X95.84 Y111.201
G1 F1350 X90.909 Y116.132 E136.00758
G0 F7500 X90.909 Y116.697
G1 F1350 X95.84 Y111.767 E136.2395
G0 F7500 X95.84 Y112.332
G1 F1350 X90.909 Y117.263 E136.47144
G0 F7500 X90.909 Y117.829
G1 F1350 X95.84 Y112.898 E136.70337
G0 F7500 X95.84 Y113.464
G1 F1350 X90.909 Y118.394 E136.93529
G0 F7500 X90.909 Y118.96
G1 F1350 X95.84 Y114.029 E137.16723
G0 F7500 X95.84 Y114.595
G1 F1350 X90.909 Y119.526 E137.39917
G0 F7500 X90.909 Y120.091
G1 F1350 X95.84 Y115.161 E137.63108
G0 F7500 X95.84 Y115.727
G1 F1350 X90.909 Y120.657 E137.863
G0 F7500 X90.909 Y121.223
G1 F1350 X95.84 Y116.292 E138.09494
G0 F7500 X95.839 Y116.859
G1 F1350 X90.909 Y121.789 E138.32683
G0 F7500 X90.909 Y122.354
G1 F1350 X95.839 Y117.424 E138.55872
G0 F7500 X95.839 Y117.99
G1 F1350 X90.909 Y122.92 E138.79062
G0 F7500 X90.909 Y123.486
G1 F1350 X95.839 Y118.556 E139.02251
G0 F7500 X95.839 Y119.121
G1 F1350 X90.909 Y124.051 E139.2544
G0 F7500 X90.909 Y124.617
G1 F1350 X95.839 Y119.687 E139.48629
G0 F7500 X95.839 Y120.253
G1 F1350 X90.909 Y125.183 E139.71818
G0 F7500 X90.909 Y125.748
G1 F1350 X95.839 Y120.818 E139.95008
G0 F7500 X95.839 Y121.384
G1 F1350 X90.909 Y126.314 E140.18197
G0 F7500 X90.909 Y126.88
G1 F1350 X95.839 Y121.95 E140.41386
G0 F7500 X95.838 Y122.516
G1 F1350 X90.909 Y127.445 E140.6457
G0 F7500 X90.909 Y128.011
G1 F1350 X95.838 Y123.082 E140.87755
G0 F7500 X95.838 Y123.648
G1 F1350 X90.909 Y128.577 E141.10939
G0 F7500 X90.909 Y129.142
G1 F1350 X95.838 Y124.213 E141.34124
G0 F7500 X95.838 Y124.779
G1 F1350 X90.909 Y129.708 E141.57308
G0 F7500 X90.909 Y130.274
G1 F1350 X95.838 Y125.345 E141.80493
G0 F7500 X95.838 Y125.91
G1 F1350 X90.909 Y130.84 E142.0368
G0 F7500 X90.909 Y131.405
G1 F1350 X95.838 Y126.476 E142.26864
G0 F7500 X95.838 Y127.042
G1 F1350 X90.909 Y131.971 E142.50049
G0 F7500 X90.909 Y132.537
G1 F1350 X95.838 Y127.607 E142.73236
G0 F7500 X95.838 Y128.174
G1 F1350 X90.909 Y133.102 E142.96418
G0 F7500 X90.909 Y133.668
G1 F1350 X95.838 Y128.739 E143.19602
G0 F7500 X95.838 Y129.305
G1 F1350 X90.909 Y134.234 E143.42787
G0 F7500 X90.909 Y134.799
G1 F1350 X95.838 Y129.871 E143.65969
G0 F7500 X95.838 Y130.436
G1 F1350 X90.909 Y135.365 E143.89154
G0 F7500 X90.909 Y135.931
G1 F1350 X95.838 Y131.002 E144.12338
G0 F7500 X95.838 Y131.568
G1 F1350 X90.909 Y136.496 E144.3552
G0 F7500 X90.909 Y137.062
G1 F1350 X95.838 Y132.134 E144.58702
G0 F7500 X95.838 Y132.699
G1 F1350 X91.637 Y136.9 E144.78463
G0 F7500 X92.21 Y136.892
G1 F1350 X95.838 Y133.265 E144.95525
G0 F7500 X95.837 Y133.831
G1 F1350 X92.71 Y136.958 E145.10234
G0 F7500 X93.163 Y137.071
G1 F1350 X95.837 Y134.397 E145.22811
G0 F7500 X95.837 Y134.963
G1 F1350 X93.538 Y137.261 E145.33623
G0 F7500 X93.9 Y137.466
G1 F1350 X95.837 Y135.528 E145.42736
G0 F7500 X95.837 Y136.094
G1 F1350 X94.199 Y137.732 E145.50441
G0 F7500 X94.484 Y138.013
G1 F1350 X95.837 Y136.66 E145.56805
G0 F7500 X95.837 Y137.225
G1 F1350 X94.714 Y138.348 E145.62087
G0 F7500 X94.92 Y138.708
G1 F1350 X95.837 Y137.791 E145.664
G0 F7500 X95.837 Y138.357
G1 F1350 X95.077 Y139.117 E145.69975
G0 F7500 X95.406 Y139.353
G1 F1350 X95.837 Y138.922 E145.72003
G1 F2700 E140.72003
G0 F7500 X96.296 Y138.923
G0 X96.296 Y140.772
G0 X95.686 Y140.771
G1 F2700 E145.72003
G1 F1350 X94.679 Y141.778 E145.76739
G0 F7500 X94.303 Y141.514
G0 X92.388 Y142.785
G0 X90.528 Y142.36
G0 X90.509 Y144.643
G0 X90.666 Y145.359
G0 X91.103 Y145.897
G0 X91.389 Y146.078
G0 X91.719 Y146.192
G0 X94.643 Y146.239
G0 X95.029 Y146.193
G0 X95.645 Y145.897
G0 X96.078 Y145.359
G0 X96.192 Y145.029
G0 X96.296 Y141.753
G0 X95.836 Y141.752
G1 F1350 X91.793 Y145.795 E145.95756
G0 F7500 X91.408 Y145.614
G1 F1350 X95.836 Y141.187 E146.16582
G0 F7500 X96.296 Y141.188
G0 X96.296 Y142.319
G0 X95.836 Y142.318
G1 F1350 X92.317 Y145.837 E146.33134
G0 F7500 X92.882 Y145.837
G1 F1350 X95.836 Y142.884 E146.47026
G0 F7500 X95.836 Y143.449
G1 F1350 X93.446 Y145.839 E146.58268
G0 F7500 X94.011 Y145.839
G1 F1350 X95.836 Y144.015 E146.6685
G0 F7500 X95.836 Y144.581
G1 F1350 X94.576 Y145.84 E146.72774
G1 F2700 E141.72774
G0 F7500 X94.575 Y146.299
G0 X91.719 Y146.192
G0 X91.389 Y146.078
G0 X90.849 Y145.644
G0 X90.666 Y145.359
G0 X90.509 Y144.643
G0 X90.528 Y142.36
G0 X91.952 Y142.51
G0 X93.548 Y142.294
G0 X93.757 Y142.7
G1 F2700 E146.72774
G1 F1350 X91.126 Y145.331 E146.8515
G0 F7500 X90.947 Y144.944
G1 F1350 X92.796 Y143.095 E146.93847
G0 F7500 X92.144 Y143.181
G1 F1350 X90.908 Y144.417 E146.99661
G0 F7500 X90.908 Y143.852
G1 F1350 X91.594 Y143.165 E147.0289
G0 F7500 X91.14 Y143.053
G1 F1350 X90.908 Y143.286 E147.03984
G1 F2700 E142.03984
G0 F7500 X90.448 Y143.286
G0 X90.543 Y141.941
G0 X91.191 Y142.334
G0 X91.766 Y142.474
G0 X92.354 Y142.474
G0 X92.929 Y142.334
G0 X93.453 Y142.057
G0 X93.896 Y141.665
G0 X94.233 Y141.177
G0 X94.441 Y140.627
G0 X94.513 Y140.039
G0 X94.441 Y139.452
G0 X94.231 Y138.9
G0 X93.895 Y138.413
G0 X93.453 Y138.023
G0 X92.929 Y137.746
G0 X92.354 Y137.606
G0 X91.766 Y137.606
G0 X91.191 Y137.746
G0 X90.667 Y138.023
G0 X90.45 Y104.252
G0 X90.909 Y104.252
G1 F2700 E147.03984
G1 F1350 X95.841 Y99.32 E147.27182
G1 F2700 E142.27182
G0 F7500 X96.299 Y99.321
G0 X96.235 Y144.653
G0 X96.192 Y145.029
G0 X96.078 Y145.359
G0 X95.645 Y145.897
G0 X95.029 Y146.193
G0 X94.643 Y146.239
G0 X91.719 Y146.192
G0 X91.389 Y146.078
G0 X90.849 Y145.644
G0 X90.666 Y145.359
G0 X90.509 Y144.643
G0 X90.528 Y142.36
G0 X93.039 Y142.625
G0 X94.746 Y140.702
G0 X94.125 Y138.201
G0 X91.72 Y137.291
G0 X90.53 Y137.717
G0 X90.53 Y100.731
G0 X93.057 Y100.92
G0 X93.27 Y101.326
G1 F2700 E147.27182
G1 F1350 X90.909 Y103.687 E147.38288
G0 F7500 X90.909 Y103.121
G1 F1350 X92.49 Y101.54 E147.45724
G0 F7500 X91.913 Y101.552
G1 F1350 X90.909 Y102.555 E147.50444
G0 F7500 X90.909 Y101.99
G1 F1350 X91.41 Y101.489 E147.52801
G1 F2700 E142.52801
G0 F7500 X91.518 Y101.042
G0 X90.53 Y100.731
G0 X90.53 Y137.717
G0 X93.042 Y137.452
G0 X94.746 Y139.374
G0 X94.128 Y141.87
G0 X91.72 Y142.785
G0 X90.528 Y142.36
G0 X90.509 Y144.643
G0 X90.666 Y145.359
G0 X91.103 Y145.897
G0 X91.389 Y146.078
G0 X91.719 Y146.192
G0 X94.643 Y146.239
G0 X95.029 Y146.193
G0 X95.645 Y145.897
G0 X96.078 Y145.359
G0 X96.192 Y145.029
G0 X96.235 Y144.653
G0 X96.562 Y90.562
G0 X138.438 Y90.562
G0 X138.7 Y101.256
G0 X139.16 Y101.256
G1 F2700 E147.52801
G1 F1350 X140.296 Y100.121 E147.58142
G0 F7500 X140.528 Y100.454
G1 F1350 X139.16 Y101.822 E147.64576
G0 F7500 X139.16 Y102.388
G1 F1350 X140.817 Y100.73 E147.72373
G0 F7500 X141.118 Y100.995
G1 F1350 X139.16 Y102.953 E147.81583
G0 F7500 X139.16 Y103.519
G1 F1350 X141.48 Y101.199 E147.92495
G0 F7500 X141.857 Y101.388
G1 F1350 X139.16 Y104.085 E148.05181
G0 F7500 X139.16 Y104.65
G1 F1350 X142.314 Y101.496 E148.20017
G0 F7500 X142.824 Y101.552
G1 F1350 X139.16 Y105.216 E148.37251
G0 F7500 X139.16 Y105.782
G1 F1350 X143.413 Y101.529 E148.57256
G0 F7500 X144.085 Y101.422
G1 F1350 X139.16 Y106.347 E148.80421
G0 F7500 X139.16 Y106.913
G1 F1350 X144.085 Y101.988 E149.03587
G0 F7500 X144.085 Y102.554
G1 F1350 X139.16 Y107.479 E149.26753
G0 F7500 X139.16 Y108.045
G1 F1350 X144.085 Y103.12 E149.49918
G0 F7500 X144.085 Y103.685
G1 F1350 X139.16 Y108.61 E149.73084
G0 F7500 X139.16 Y109.176
G1 F1350 X144.085 Y104.251 E149.9625
G0 F7500 X144.085 Y104.817
G1 F1350 X139.16 Y109.742 E150.19416
G0 F7500 X139.16 Y110.307
G1 F1350 X144.086 Y105.382 E150.42584
G0 F7500 X144.086 Y105.947
G1 F1350 X139.16 Y110.873 E150.65754
G0 F7500 X139.16 Y111.439
G1 F1350 X144.086 Y106.513 E150.88924
G0 F7500 X144.086 Y107.079
G1 F1350 X139.16 Y112.004 E151.12092
G0 F7500 X139.16 Y112.57
G1 F1350 X144.086 Y107.644 E151.35263
G0 F7500 X144.086 Y108.21
G1 F1350 X139.16 Y113.136 E151.58433
G0 F7500 X139.16 Y113.701
G1 F1350 X144.086 Y108.775 E151.81604
G0 F7500 X144.086 Y109.341
G1 F1350 X139.16 Y114.267 E152.04774
G0 F7500 X139.16 Y114.833
G1 F1350 X144.086 Y109.906 E152.27947
G0 F7500 X144.086 Y110.472
G1 F1350 X139.16 Y115.398 E152.51117
G0 F7500 X139.193 Y115.931
G1 F1350 X144.086 Y111.038 E152.74132
G0 F7500 X144.086 Y111.603
G1 F1350 X139.367 Y116.323 E152.96331
G0 F7500 X139.645 Y116.61
G1 F1350 X144.087 Y112.168 E153.17225
G0 F7500 X144.087 Y112.734
G1 F1350 X140.032 Y116.789 E153.36299
G0 F7500 X140.55 Y116.837
G1 F1350 X144.087 Y113.3 E153.52936
G0 F7500 X144.087 Y113.865
G1 F1350 X141.115 Y116.837 E153.66915
G0 F7500 X141.679 Y116.839
G1 F1350 X144.087 Y114.431 E153.78241
G0 F7500 X144.087 Y114.997
G1 F1350 X142.244 Y116.839 E153.86908
G0 F7500 X142.809 Y116.84
G1 F1350 X144.087 Y115.562 E153.92919
G0 F7500 X143.842 Y116.373
G1 F1350 X143.616 Y116.599 E153.93982
G1 F2700 E148.93982
G0 F7500 X143.861 Y116.989
G0 X143.279 Y117.193
G0 X142.892 Y117.239
G0 X139.967 Y117.192
G0 X139.349 Y116.896
G0 X138.918 Y116.359
G0 X138.803 Y116.03
G0 X138.7 Y100.691
G0 X139.16 Y100.691
G1 F2700 E153.93982
G1 F1350 X140.084 Y99.766 E153.98331
G0 F7500 X139.933 Y99.352
G1 F1350 X139.16 Y100.125 E154.01967
G0 F7500 X139.16 Y99.559
G1 F1350 X139.832 Y98.887 E154.05128
G0 F7500 X139.784 Y98.37
G1 F1350 X139.16 Y98.994 E154.08063
G0 F7500 X139.16 Y98.428
G1 F1350 X139.849 Y97.738 E154.11306
G0 F7500 X139.16 Y97.862
G1 F1350 X140.224 Y96.798 E154.16311
G0 F7500 X140.604 Y97.061
G0 X140.257 Y99.079
G0 X141.958 Y100.999
G0 X144.466 Y100.731
G0 X144.487 Y115.653
G0 X144.444 Y116.029
G0 X144.33 Y116.356
G0 X143.893 Y116.897
G0 X143.606 Y117.079
G0 X143.279 Y117.193
G0 X142.892 Y117.239
G0 X139.967 Y117.192
G0 X139.349 Y116.896
G0 X138.918 Y116.359
G0 X138.803 Y116.03
G0 X138.7 Y96.731
G0 X139.16 Y96.731
G1 F1350 X144.088 Y91.803 E154.39491
G0 F7500 X144.088 Y92.369
G1 F1350 X139.16 Y97.296 E154.62668
G0 F7500 X138.7 Y97.296
G0 X138.7 Y96.165
G0 X139.16 Y96.165
G1 F1350 X144.088 Y91.237 E154.85848
G0 F7500 X144.088 Y90.672
G1 F1350 X139.16 Y95.599 E155.09025
G0 F7500 X139.16 Y95.034
G1 F1350 X144.06 Y90.134 E155.32073
G0 F7500 X143.907 Y89.721
G1 F1350 X139.16 Y94.468 E155.54402
G0 F7500 X139.16 Y93.902
G1 F1350 X143.645 Y89.417 E155.75498
G0 F7500 X143.273 Y89.223
G1 F1350 X139.16 Y93.337 E155.94847
G0 F7500 X139.16 Y92.771
G1 F1350 X142.771 Y89.16 E156.11832
G0 F7500 X142.206 Y89.16
G1 F1350 X139.16 Y92.205 E156.26157
G0 F7500 X139.16 Y91.64
G1 F1350 X141.64 Y89.16 E156.37822
G0 F7500 X141.074 Y89.16
G1 F1350 X139.16 Y91.074 E156.46825
G0 F7500 X139.079 Y90.59
G1 F1350 X140.508 Y89.16 E156.53549
G0 F7500 X139.943 Y89.16
G1 F1350 X138.865 Y90.237 E156.58617
G0 F7500 X138.548 Y89.989
G1 F1350 X139.377 Y89.16 E156.62516
G0 F7500 X138.811 Y89.16
G1 F1350 X138.15 Y89.822 E156.65628
G1 F2700 E151.65628
G0 F7500 X138.03 Y90.31
G0 X138.438 Y90.562
G0 X138.803 Y116.03
G0 X139.099 Y116.645
G0 X139.349 Y116.896
G0 X139.967 Y117.192
G0 X142.892 Y117.239
G0 X143.279 Y117.193
G0 X143.606 Y117.079
G0 X144.147 Y116.644
G0 X144.33 Y116.356
G0 X144.444 Y116.029
G0 X144.487 Y115.653
G0 X144.466 Y100.731
G0 X141.958 Y100.999
G0 X140.257 Y99.079
G0 X140.753 Y97.049
G0 X141.532 Y96.111
G0 X141.32 Y95.703
G1 F2700 E156.65628
G1 F1350 X144.088 Y92.934 E156.7865
G0 F7500 X144.088 Y93.5
G1 F1350 X142.25 Y95.338 E156.87295
G0 F7500 X142.89 Y95.264
G1 F1350 X144.088 Y94.066 E156.9293
G0 F7500 X144.088 Y94.631
G1 F1350 X143.43 Y95.29 E156.96028
G0 F7500 X143.882 Y95.403
G1 F1350 X144.088 Y95.197 E156.96997
G1 F2700 E151.96997
;MESH:NONMESH
G0 F300 Z0.6
G0 F7500 X144.548 Y95.197
G0 X144.468 Y96.088
G0 X141.956 Y95.823
G0 X140.253 Y97.748
G0 X140.869 Y100.244
G0 X143.27 Y101.153
G0 X144.466 Y100.731
G0 X144.487 Y115.653
G0 X144.444 Y116.029
G0 X144.33 Y116.356
G0 X143.893 Y116.897
G0 X143.606 Y117.079
G0 X143.279 Y117.193
G0 X142.892 Y117.239
G0 X139.967 Y117.192
G0 X139.349 Y116.896
G0 X138.918 Y116.359
G0 X138.803 Y116.03
G0 X138.438 Y90.562
G0 X96.391 Y90.544
G0 X96.235 Y144.653
G0 X96.192 Y145.029
G0 X96.078 Y145.359
G0 X95.645 Y145.897
G0 X95.029 Y146.193
G0 X94.643 Y146.239
G0 X91.719 Y146.192
G0 X91.389 Y146.078
G0 X90.849 Y145.644
G0 X90.666 Y145.359
G0 X90.509 Y144.643
G0 X90.528 Y142.36
G0 X93.039 Y142.625
G0 X94.746 Y140.702
G0 X94.125 Y138.201
G0 X91.72 Y137.291
G0 X90.53 Y137.717
G0 X90.53 Y100.731
G0 X93.037 Y100.999
G0 X94.745 Y99.077
G0 X94.127 Y96.572
G0 X91.72 Y95.663
G0 X90.528 Y96.09
G0 X90.509 Y90.346
G0 X90.667 Y89.64
G0 X90.85 Y89.35
G0 X91.155 Y89.105
G0 X92.082 Y88.429
G0 X91.959 Y87.344
G0 X83.03 Y81.682
;TIME_ELAPSED:301.632790
;LAYER:2
M106 S170
;TYPE:SKIRT
G1 F2700 E156.96997
G1 F1200 X83.518 Y81.198 E156.99283
G1 X84.193 Y80.598 E157.02286
G1 X84.788 Y80.151 E157.04762
G1 X85.14 Y79.912 E157.06177
G1 X85.736 Y79.539 E157.08515
G1 X86.066 Y79.346 E157.09787
G1 X86.872 Y78.938 E157.12792
G1 X87.592 Y78.646 E157.15376
G1 X88.303 Y78.399 E157.17879
G1 X89.084 Y78.171 E157.20585
G1 X89.99 Y77.987 E157.2366
G1 X90.365 Y77.934 E157.2492
G1 X91.039 Y77.861 E157.27175
G1 X91.626 Y77.819 E157.29132
G1 X92.719 Y77.8 E157.32768
G1 X142.377 Y77.801 E158.97931
G1 X143.075 Y77.811 E159.00253
G1 X143.667 Y77.836 E159.02224
G1 X144.183 Y77.882 E159.03947
G1 X144.728 Y77.948 E159.05772
G1 X145.252 Y78.029 E159.07536
G1 X146.407 Y78.305 E159.11486
G1 X146.898 Y78.464 E159.13202
G1 X147.431 Y78.656 E159.15087
G1 X148.265 Y79.002 E159.1809
G1 X149.035 Y79.404 E159.20979
G1 X149.415 Y79.631 E159.22451
G1 X149.955 Y79.977 E159.24584
G1 X150.688 Y80.504 E159.27587
G1 X151.187 Y80.924 E159.29756
G1 X151.532 Y81.245 E159.31323
G1 X152.033 Y81.748 E159.33685
G1 X152.635 Y82.422 E159.3669
G1 X153.138 Y83.094 E159.39482
G1 X153.386 Y83.464 E159.40964
G1 X153.711 Y83.986 E159.43009
G1 X153.904 Y84.316 E159.4428
G1 X154.312 Y85.122 E159.47285
G1 X154.604 Y85.842 E159.49869
G1 X154.766 Y86.298 E159.51479
G1 X154.954 Y86.877 E159.53504
G1 X155.175 Y87.753 E159.56508
G1 X155.263 Y88.24 E159.58154
G1 X155.316 Y88.615 E159.59414
G1 X155.389 Y89.289 E159.61669
G1 X155.431 Y89.876 E159.63626
G1 X155.45 Y90.969 E159.67262
G1 X155.449 Y115.103 E160.47532
G1 X155.439 Y115.82 E160.49917
G1 X155.408 Y116.481 E160.52118
G1 X155.371 Y116.899 E160.53514
G1 X155.297 Y117.51 E160.55561
G1 X155.181 Y118.212 E160.57927
G1 X154.856 Y119.438 E160.62146
G1 X154.586 Y120.205 E160.6485
G1 X154.237 Y121.038 E160.67854
G1 X153.846 Y121.785 E160.70659
G1 X153.619 Y122.165 E160.72131
G1 X153.273 Y122.705 E160.74264
G1 X152.746 Y123.438 E160.77267
G1 X152.29 Y123.977 E160.79615
G1 X152.006 Y124.281 E160.80998
G1 X151.389 Y124.894 E160.83891
G1 X150.665 Y125.515 E160.87064
G1 X150.18 Y125.872 E160.89067
G1 X149.837 Y126.103 E160.90442
G1 X149.278 Y126.453 E160.92636
G1 X148.934 Y126.654 E160.93961
G1 X148.128 Y127.062 E160.96966
G1 X147.408 Y127.354 E160.9955
G1 X146.691 Y127.603 E161.02074
G1 X146.128 Y127.775 E161.04032
G1 X143.431 Y128.547 E161.13363
G1 X141.008 Y129.319 E161.21821
G1 X138.611 Y130.158 E161.30268
G1 X136.226 Y131.07 E161.3876
G1 X133.869 Y132.048 E161.47248
G1 X131.57 Y133.079 E161.55628
G1 X129.283 Y134.183 E161.64074
G1 X127.019 Y135.357 E161.72557
G1 X124.809 Y136.583 E161.80963
G1 X122.617 Y137.881 E161.89435
G1 X120.489 Y139.225 E161.97807
G1 X118.356 Y140.657 E162.06352
G1 X116.301 Y142.122 E162.14746
G1 X114.269 Y143.66 E162.23222
G1 X112.296 Y145.243 E162.31635
G1 X110.345 Y146.902 E162.40153
G1 X108.474 Y148.585 E162.48523
G1 X106.623 Y150.348 E162.57025
G1 X104.817 Y152.169 E162.65555
G1 X104.025 Y153.005 E162.69386
G1 X103.146 Y153.888 E162.73529
G1 X102.415 Y154.515 E162.76733
G1 X101.93 Y154.872 E162.78736
G1 X101.498 Y155.161 E162.80464
G1 X100.684 Y155.654 E162.8363
G1 X99.878 Y156.062 E162.86634
G1 X99.158 Y156.354 E162.89218
G1 X98.447 Y156.601 E162.91722
G1 X97.666 Y156.829 E162.94428
G1 X96.795 Y157.007 E162.97385
G1 X96.413 Y157.062 E162.98668
G1 X95.652 Y157.144 E163.01214
G1 X95.651 Y157.131 E163.01257
G1 X94.82 Y157.19 E163.04028
G1 X93.995 Y157.2 E163.06773
G1 X92.623 Y157.199 E163.11336
G1 X91.925 Y157.189 E163.13658
G1 X91.333 Y157.164 E163.15628
G1 X90.817 Y157.118 E163.17351
G1 X90.272 Y157.052 E163.19177
G1 X89.869 Y156.992 E163.20532
G1 X89.068 Y156.825 E163.23254
G1 X88.608 Y156.699 E163.2484
G1 X88.204 Y156.57 E163.26251
G1 X87.569 Y156.344 E163.28493
G1 X86.735 Y155.998 E163.31496
G1 X85.965 Y155.596 E163.34385
G1 X85.585 Y155.369 E163.35857
G1 X85.045 Y155.023 E163.3799
G1 X84.312 Y154.496 E163.40993
G1 X83.794 Y154.059 E163.43247
G1 X83.432 Y153.72 E163.44896
G1 X82.95 Y153.234 E163.47173
G1 X82.585 Y152.837 E163.48967
G1 X81.836 Y151.87 E163.53035
G1 X81.6 Y151.515 E163.54453
G1 X81.289 Y151.014 E163.56414
G1 X80.959 Y150.431 E163.58642
G1 X80.574 Y149.614 E163.61646
G1 X80.397 Y149.159 E163.6327
G1 X80.149 Y148.447 E163.65778
G1 X79.921 Y147.666 E163.68484
G1 X79.721 Y146.653 E163.71918
G1 X79.67 Y146.269 E163.73206
G1 X79.609 Y145.684 E163.75163
G1 X79.57 Y145.141 E163.76973
G1 X79.55 Y144.016 E163.80716
G1 X79.551 Y90.873 E165.5747
G1 X79.561 Y90.175 E165.59792
G1 X79.594 Y89.483 E165.62096
G1 X79.699 Y88.516 E165.65331
G1 X79.758 Y88.118 E165.66669
G1 X80.055 Y86.843 E165.71024
G1 X80.21 Y86.363 E165.72701
G1 X80.414 Y85.798 E165.74699
G1 X80.762 Y84.965 E165.77702
G1 X81.162 Y84.201 E165.8057
G1 X81.389 Y83.822 E165.82039
G1 X81.727 Y83.295 E165.84122
G1 X82.254 Y82.562 E165.87124
G1 X82.691 Y82.044 E165.89378
G1 X83.03 Y81.682 E165.91028
G1 F2700 E160.91028
;MESH:battery holder-BodyChamfer.stl
G0 F9000 X90.239 Y100.022
G0 X94.653 Y146.4
;TYPE:WALL-INNER
G1 F2700 E165.91028
G1 F1500 X95.064 Y146.351 E165.92405
G1 X95.429 Y146.223 E165.93691
G1 X95.747 Y146.024 E165.94939
G1 X96.024 Y145.747 E165.96242
G1 X96.223 Y145.429 E165.97489
G1 X96.351 Y145.064 E165.98776
G1 X96.4 Y144.653 E166.00153
G1 X96.4 Y90.879 E167.79006
G1 X96.52 Y90.64 E167.79895
G1 X96.717 Y90.47 E167.80761
G1 X96.922 Y90.4 E167.81481
G1 X138 Y90.4 E169.18107
G1 X138.283 Y90.47 E169.19077
G1 X138.48 Y90.64 E169.19942
G1 X138.6 Y90.879 E169.20832
G1 X138.601 Y115.655 E170.03237
G1 X138.645 Y116.066 E170.04612
G1 X138.773 Y116.429 E170.05892
G1 X138.972 Y116.747 E170.0714
G1 X139.248 Y117.023 E170.08438
G1 X139.57 Y117.224 E170.097
G1 X139.933 Y117.351 E170.1098
G1 X140.347 Y117.4 E170.12366
G1 X142.901 Y117.4 E170.20861
G1 X143.316 Y117.351 E170.22251
G1 X143.677 Y117.224 E170.23523
G1 X143.995 Y117.024 E170.24773
G1 X144.273 Y116.745 E170.26083
G1 X144.476 Y116.427 E170.27338
G1 X144.602 Y116.066 E170.28609
G1 X144.648 Y115.655 E170.29985
G1 X144.648 Y100.347 E170.809
G1 X144.352 Y100.587 E170.82167
G1 X143.861 Y100.847 E170.84015
G1 X143.253 Y100.992 E170.86094
G1 X142.623 Y100.992 E170.88189
G1 X142.013 Y100.846 E170.90275
G1 X141.46 Y100.553 E170.92357
G1 X140.991 Y100.137 E170.94442
G1 X140.627 Y99.612 E170.96567
G1 X140.414 Y99.041 E170.98594
G1 X140.34 Y98.408 E171.00714
G1 X140.412 Y97.781 E171.02813
G1 X140.627 Y97.204 E171.04861
G1 X140.991 Y96.679 E171.06985
G1 X141.461 Y96.261 E171.09077
G1 X142.015 Y95.974 E171.11153
G1 X142.62 Y95.824 E171.13226
G1 X143.256 Y95.824 E171.15341
G1 X143.861 Y95.974 E171.17414
G1 X144.349 Y96.227 E171.19243
G1 X144.648 Y96.469 E171.20522
G1 X144.648 Y90.345 E171.4089
G1 X144.603 Y89.93 E171.42279
G1 X144.476 Y89.572 E171.43542
G1 X144.272 Y89.25 E171.4481
G1 X143.995 Y88.972 E171.46115
G1 X143.677 Y88.772 E171.47365
G1 X143.318 Y88.645 E171.48631
G1 X142.903 Y88.6 E171.5002
G1 X92.093 Y88.6 E173.19015
G1 X91.682 Y88.645 E173.2039
G1 X91.319 Y88.773 E173.2167
G1 X91.001 Y88.972 E173.22918
G1 X90.724 Y89.25 E173.24223
G1 X90.521 Y89.57 E173.25483
G1 X90.397 Y89.93 E173.2675
G1 X90.348 Y90.347 E173.28146
G1 X90.349 Y96.468 E173.48505
G1 X90.647 Y96.227 E173.49779
G1 X91.135 Y95.974 E173.51608
G1 X91.74 Y95.824 E173.53681
G1 X92.376 Y95.824 E173.55796
G1 X92.981 Y95.974 E173.57869
G1 X93.535 Y96.261 E173.59945
G1 X94.002 Y96.677 E173.62025
G1 X94.366 Y97.2 E173.64144
G1 X94.589 Y97.784 E173.66223
G1 X94.656 Y98.408 E173.68311
G1 X94.588 Y99.036 E173.70412
G1 X94.366 Y99.617 E173.7248
G1 X94.002 Y100.139 E173.74597
G1 X93.537 Y100.553 E173.76668
G1 X92.982 Y100.846 E173.78755
G1 X92.373 Y100.992 E173.80838
G1 X91.743 Y100.992 E173.82933
G1 X91.133 Y100.846 E173.85019
G1 X90.644 Y100.587 E173.8686
G1 X90.349 Y100.348 E173.88123
G1 X90.349 Y138.1 E175.13686
G1 X90.644 Y137.861 E175.14949
G1 X91.132 Y137.603 E175.16785
G1 X91.739 Y137.452 E175.18866
G1 X92.376 Y137.452 E175.20984
G1 X92.984 Y137.603 E175.23068
G1 X93.537 Y137.895 E175.25148
G1 X94.002 Y138.309 E175.27219
G1 X94.366 Y138.832 E175.29338
G1 X94.589 Y139.416 E175.31417
G1 X94.656 Y140.04 E175.33504
G1 X94.587 Y140.666 E175.35599
G1 X94.368 Y141.247 E175.37664
G1 X94.004 Y141.766 E175.39773
G1 X93.536 Y142.186 E175.41864
G1 X92.98 Y142.475 E175.43948
G1 X92.367 Y142.624 E175.46047
G1 X91.74 Y142.624 E175.48132
G1 X91.135 Y142.474 E175.50205
G1 X90.647 Y142.221 E175.52033
G1 X90.348 Y141.977 E175.53317
G1 X90.348 Y144.653 E175.62217
G1 X90.397 Y145.066 E175.63601
G1 X90.521 Y145.429 E175.64876
G1 X90.723 Y145.745 E175.66124
G1 X91.001 Y146.024 E175.67434
G1 X91.319 Y146.223 E175.68682
G1 X91.684 Y146.351 E175.69968
G1 X92.095 Y146.4 E175.71345
G1 X94.653 Y146.4 E175.79853
G0 F9000 X94.676 Y146.8
;TYPE:WALL-OUTER
G1 F1500 X95.154 Y146.743 E175.81454
G1 X95.604 Y146.586 E175.83039
G1 X95.998 Y146.338 E175.84587
G1 X96.338 Y145.998 E175.86187
G1 X96.586 Y145.604 E175.87735
G1 X96.743 Y145.154 E175.8932
G1 X96.8 Y144.676 E175.90921
G1 X96.8 Y90.959 E177.69585
G1 X96.84 Y90.88 E177.69879
G1 X96.965 Y90.803 E177.70368
G1 X138.077 Y90.8 E179.07107
G1 X138.2 Y90.959 E179.07775
G1 X138.201 Y115.677 E179.89988
G1 X138.253 Y116.155 E179.91587
G1 X138.41 Y116.604 E179.93169
G1 X138.658 Y116.998 E179.94717
G1 X138.998 Y117.338 E179.96317
G1 X139.396 Y117.586 E179.97876
G1 X139.842 Y117.743 E179.99449
G1 X140.324 Y117.8 E180.01063
G1 X142.924 Y117.8 E180.09711
G1 X143.406 Y117.743 E180.11325
G1 X143.852 Y117.586 E180.12898
G1 X144.246 Y117.338 E180.14446
G1 X144.587 Y116.997 E180.1605
G1 X144.838 Y116.603 E180.17604
G1 X144.995 Y116.155 E180.19183
G1 X145.048 Y115.677 E180.20783
G1 X145.048 Y99.431 E180.74817
G1 F1530.6 X145.062 Y98.948 E180.76392
G1 X144.9 Y99.404 E180.77969
G1 F1500 X144.566 Y99.886 E180.7992
G1 X144.166 Y100.233 E180.81681
G1 X143.695 Y100.475 E180.83442
G1 X143.227 Y100.587 E180.85043
G1 X142.649 Y100.587 E180.86965
G1 X142.134 Y100.457 E180.88732
G1 X141.671 Y100.206 E180.90483
G1 X141.279 Y99.85 E180.92245
G1 X140.976 Y99.402 E180.94044
G1 X140.801 Y98.917 E180.95758
G1 X140.74 Y98.408 E180.97463
G1 X140.801 Y97.899 E180.99169
G1 X140.976 Y97.414 E181.00883
G1 X141.311 Y96.93 E181.02841
G1 X141.711 Y96.582 E181.04605
G1 X142.179 Y96.345 E181.06349
G1 X142.647 Y96.229 E181.07953
G1 X143.229 Y96.229 E181.09889
G1 X143.697 Y96.345 E181.11493
G1 X144.165 Y96.582 E181.13237
G1 X144.566 Y96.93 E181.15003
G1 X144.9 Y97.412 E181.16954
G1 F1530.6 X145.062 Y97.867 E181.18528
G1 X145.048 Y97.385 E181.201
G1 F1500 X145.048 Y90.323 E181.43588
G1 X144.995 Y89.841 E181.45201
G1 X144.838 Y89.396 E181.4677
G1 X144.586 Y88.998 E181.48337
G1 X144.246 Y88.658 E181.49936
G1 X143.852 Y88.41 E181.51485
G1 X143.407 Y88.253 E181.53054
G1 X142.925 Y88.2 E181.54667
G1 X92.071 Y88.2 E183.23808
G1 X91.593 Y88.253 E183.25408
G1 X91.144 Y88.41 E183.2699
G1 X90.75 Y88.658 E183.28538
G1 X90.41 Y88.998 E183.30137
G1 X90.158 Y89.396 E183.31704
G1 X90.005 Y89.841 E183.33269
G1 X89.948 Y90.324 E183.34887
G1 X89.948 Y97.387 E183.58379
G1 F1554.4 X89.935 Y97.901 E183.60029
G1 X90.096 Y97.413 E183.61678
G1 F1500 X90.43 Y96.93 E183.63631
G1 X90.831 Y96.582 E183.65397
G1 X91.299 Y96.345 E183.67142
G1 X91.767 Y96.229 E183.68746
G1 X92.349 Y96.229 E183.70682
G1 X92.817 Y96.345 E183.72285
G1 X93.285 Y96.582 E183.7403
G1 X93.717 Y96.966 E183.75952
G1 X94.019 Y97.412 E183.77744
G1 X94.199 Y97.901 E183.79477
G1 X94.256 Y98.408 E183.81174
G1 X94.198 Y98.927 E183.82911
G1 X93.997 Y99.446 E183.84762
G1 X93.685 Y99.886 E183.86556
G1 X93.286 Y100.233 E183.88315
G1 X92.815 Y100.475 E183.90076
G1 X92.347 Y100.587 E183.91677
G1 X91.769 Y100.587 E183.93599
G1 X91.254 Y100.457 E183.95366
G1 X90.791 Y100.206 E183.97117
G1 X90.43 Y99.886 E183.98722
G1 X90.096 Y99.403 E184.00675
G1 F1554.4 X89.935 Y98.915 E184.02324
G1 X89.948 Y99.429 E184.03974
G1 F1500 X89.948 Y139.019 E185.35651
G1 F1554.4 X89.935 Y139.533 E185.37302
G1 X90.096 Y139.045 E185.38951
G1 F1500 X90.43 Y138.562 E185.40904
G1 X90.83 Y138.215 E185.42665
G1 X91.299 Y137.973 E185.44421
G1 X91.767 Y137.857 E185.46024
G1 X92.349 Y137.857 E185.4796
G1 X92.817 Y137.973 E185.49564
G1 X93.325 Y138.242 E185.51476
G1 X93.717 Y138.598 E185.53237
G1 X94.019 Y139.044 E185.55028
G1 X94.199 Y139.533 E185.56761
G1 X94.256 Y140.04 E185.58458
G1 X94.198 Y140.555 E185.60182
G1 X94.02 Y141.035 E185.61885
G1 X93.686 Y141.513 E185.63824
G1 X93.285 Y141.866 E185.65601
G1 X92.817 Y142.103 E185.67346
G1 X92.349 Y142.219 E185.6895
G1 X91.767 Y142.219 E185.70885
G1 X91.299 Y142.103 E185.72489
G1 X90.831 Y141.866 E185.74234
G1 X90.4 Y141.479 E185.7616
G1 X90.096 Y141.034 E185.77953
G1 F1554.4 X89.935 Y140.543 E185.79611
G1 X89.949 Y141.06 E185.81271
G1 F1500 X89.948 Y144.676 E185.93298
G1 X90.005 Y145.155 E185.94903
G1 X90.158 Y145.604 E185.9648
G1 X90.409 Y145.997 E185.98031
G1 X90.75 Y146.338 E185.99635
G1 X91.144 Y146.586 E186.01184
G1 X91.594 Y146.743 E186.02769
G1 X92.072 Y146.8 E186.0437
G1 X94.676 Y146.8 E186.13031
G1 F2700 E181.13031
G0 F9000 X94.663 Y146.491
G0 X91.72 Y146.193
G0 X91.389 Y146.078
G0 X90.849 Y145.644
G0 X90.666 Y145.359
G0 X90.577 Y144.953
G0 X90.165 Y141.523
G0 X89.935 Y140.543
G1 F2700 E186.13031
G1 F1754.4 X89.904 Y140.04 E186.14464
G1 X89.935 Y139.533 E186.15909
G1 F2700 E181.15909
G0 F9000 X89.085 Y139.533
G0 X89.085 Y98.915
G0 X89.935 Y98.915
G1 F2700 E186.15909
G1 F1754.4 X89.904 Y98.408 E186.17353
G1 X89.935 Y97.901 E186.18797
G1 F2700 E181.18797
G0 F9000 X145.063 Y97.901
G1 F2700 E186.18797
G1 F1769.9 X145.094 Y98.408 E186.20229
G1 X145.063 Y98.924 E186.21686
G1 F2700 E181.21686
G0 F9000 X144.233 Y98.728
G0 X142.779 Y99.731
G0 X94.623 Y146.04
;TYPE:SKIN
G1 F2700 E186.21686
G1 F1500 X92.121 Y146.04 E186.30008
G1 X91.766 Y145.996 E186.31198
G1 X91.473 Y145.894 E186.3223
G1 X91.231 Y145.739 E186.33186
G1 X91.005 Y145.513 E186.34249
G1 X90.846 Y145.267 E186.35223
G1 X90.749 Y144.987 E186.36208
G1 X90.708 Y144.628 E186.3741
G1 X90.708 Y142.659 E186.43959
G1 X90.979 Y142.802 E186.44978
G1 X91.672 Y142.979 E186.47357
G1 X92.419 Y142.982 E186.49842
G1 X93.088 Y142.819 E186.52132
G1 X93.759 Y142.469 E186.54649
G1 X94.255 Y142.021 E186.56872
G1 X94.696 Y141.396 E186.59416
G1 X94.942 Y140.739 E186.6175
G1 X95.016 Y140.036 E186.64101
G1 X94.932 Y139.301 E186.66561
G1 X94.677 Y138.645 E186.68902
G1 X94.258 Y138.054 E186.71312
G1 X93.721 Y137.582 E186.7369
G1 X93.133 Y137.274 E186.75897
G1 X92.44 Y137.097 E186.78276
G1 X91.671 Y137.097 E186.80834
G1 X91.027 Y137.257 E186.83041
G1 X90.708 Y137.418 E186.8423
G1 X90.708 Y101.031 E188.05253
G1 X90.979 Y101.174 E188.06272
G1 X91.673 Y101.347 E188.08651
G1 X92.438 Y101.347 E188.11196
G1 X93.131 Y101.177 E188.13569
G1 X93.719 Y100.861 E188.15789
G1 X94.257 Y100.39 E188.18167
G1 X94.677 Y99.799 E188.20579
G1 X94.938 Y99.115 E188.23014
G1 X95.016 Y98.404 E188.25393
G1 X94.932 Y97.664 E188.2787
G1 X94.7 Y97.056 E188.30034
G1 X94.257 Y96.422 E188.32607
G1 X93.753 Y95.974 E188.3485
G1 X93.088 Y95.629 E188.37341
G1 X92.44 Y95.469 E188.39561
G1 X91.672 Y95.469 E188.42116
G1 X91.024 Y95.629 E188.44336
G1 X90.708 Y95.789 E188.45514
G1 X90.708 Y90.368 E188.63544
G1 X90.749 Y90.009 E188.64746
G1 X90.846 Y89.728 E188.65735
G1 X91.01 Y89.47 E188.66751
G1 X91.226 Y89.254 E188.67767
G1 X91.472 Y89.098 E188.68736
G1 X91.76 Y88.997 E188.69751
G1 X92.111 Y88.96 E188.70925
G1 X142.881 Y88.96 E190.39787
G1 X143.236 Y88.997 E190.40974
G1 X143.523 Y89.097 E190.41985
G1 X143.761 Y89.253 E190.42931
G1 X143.991 Y89.479 E190.44004
G1 X144.146 Y89.724 E190.44968
G1 X144.247 Y90.013 E190.45986
G1 X144.288 Y90.364 E190.47162
G1 X144.288 Y95.79 E190.65209
G1 X143.969 Y95.629 E190.66397
G1 X143.32 Y95.469 E190.6862
G1 X142.552 Y95.469 E190.71175
G1 X141.904 Y95.629 E190.73395
G1 X141.283 Y95.946 E190.75714
G1 X140.735 Y96.421 E190.78126
G1 X140.315 Y97.018 E190.80554
G1 X140.064 Y97.674 E190.8289
G1 X139.98 Y98.404 E190.85334
G1 X140.058 Y99.119 E190.87726
G1 X140.292 Y99.755 E190.8998
G1 X140.703 Y100.355 E190.92399
G1 X141.273 Y100.861 E190.94934
G1 X141.861 Y101.177 E190.97154
G1 X142.554 Y101.347 E190.99527
G1 X143.315 Y101.347 E191.02058
G1 X143.963 Y101.191 E191.04275
G1 X144.284 Y101.03 E191.0547
G1 X144.288 Y115.632 E191.54036
G1 X144.247 Y115.982 E191.55208
G1 X144.146 Y116.268 E191.56217
G1 X143.99 Y116.514 E191.57186
G1 X143.762 Y116.743 E191.58261
G1 X143.524 Y116.894 E191.59198
G1 X143.23 Y116.996 E191.60233
G1 X142.875 Y117.04 E191.61423
G1 X140.373 Y117.04 E191.69745
G1 X140.019 Y116.996 E191.70931
G1 X139.719 Y116.89 E191.71989
G1 X139.47 Y116.738 E191.7296
G1 X139.254 Y116.518 E191.73985
G1 X139.098 Y116.272 E191.74954
G1 X138.997 Y115.984 E191.75969
G1 X138.96 Y115.633 E191.77143
G1 X138.96 Y91.004 E192.59059
G1 X138.922 Y90.723 E192.60002
G1 X138.769 Y90.417 E192.6114
G1 X138.45 Y90.144 E192.62537
G1 X138.044 Y90.045 E192.63927
G1 X96.865 Y90.042 E194.00889
G1 X96.539 Y90.15 E194.02031
G1 X96.232 Y90.418 E194.03386
G1 X96.09 Y90.692 E194.04413
G1 X96.041 Y90.978 E194.05378
G1 X96.04 Y144.623 E195.83802
G1 X95.996 Y144.982 E195.85005
G1 X95.894 Y145.271 E195.86024
G1 X95.739 Y145.513 E195.8698
G1 X95.513 Y145.739 E195.88043
G1 X95.271 Y145.894 E195.88999
G1 X94.982 Y145.996 E195.90018
G1 X94.623 Y146.04 E195.91221
G1 F2700 E190.91221
G0 F9000 X94.623 Y146.3
G0 X95.359 Y146.078
G0 X95.897 Y145.645
G0 X96.193 Y145.028
G0 X96.575 Y141.503
G0 X96.562 Y90.562
G0 X117.411 Y90.3
G0 X117.411 Y89.672
G1 F2700 E195.91221
G1 F1759.5 X97.006 Y89.673 E196.49078
G1 F1754.4 X96.952 Y89.331 E196.50063
G1 F1759.5 X138.035 Y89.33 E197.6655
G1 F1764.7 X137.993 Y89.67 E197.67519
G1 X117.411 Y89.672 E198.25707
G1 F2700 E193.25707
G0 F9000 X117.411 Y90.3
G0 X138.609 Y90.544
G0 X138.803 Y116.03
G0 X139.099 Y116.645
G0 X139.349 Y116.896
G0 X139.969 Y117.193
G0 X140.357 Y117.239
G0 X142.891 Y117.239
G0 X143.279 Y117.193
G0 X143.606 Y117.079
G0 X144.147 Y116.644
G0 X144.33 Y116.356
G0 X144.445 Y116.03
G0 X144.487 Y115.646
G0 X144.466 Y100.731
G0 X141.958 Y100.999
G0 X140.257 Y99.079
G0 X140.869 Y96.572
G0 X143.276 Y95.663
G0 X144.468 Y96.088
G0 X144.542 Y90.296
G0 X144.085 Y90.345
G1 F2700 E198.25707
G1 F1500 X142.904 Y89.164 E198.31262
G0 F9000 X142.335 Y89.161
G1 F1500 X144.088 Y90.913 E198.39505
G0 F9000 X144.088 Y91.479
G1 F1500 X141.769 Y89.161 E198.5041
G0 F9000 X141.204 Y89.161
G1 F1500 X144.088 Y92.045 E198.63976
G0 F9000 X144.088 Y92.61
G1 F1500 X140.638 Y89.161 E198.80201
G0 F9000 X140.072 Y89.161
G1 F1500 X144.088 Y93.176 E198.99089
G0 F9000 X144.088 Y93.742
G1 F1500 X139.507 Y89.161 E199.20637
G0 F9000 X138.941 Y89.161
G1 F1500 X144.088 Y94.308 E199.44846
G0 F9000 X144.088 Y94.873
G1 F1500 X138.375 Y89.161 E199.71716
G0 F9000 X138.184 Y89.535
G1 F1500 X144.088 Y95.439 E199.99487
G0 F9000 X143.354 Y95.271
G1 F1500 X139.16 Y91.077 E200.19214
G0 F9000 X139.16 Y91.642
G1 F1500 X142.781 Y95.264 E200.36249
G0 F9000 X142.281 Y95.329
G1 F1500 X139.16 Y92.208 E200.50929
G0 F9000 X139.16 Y92.774
G1 F1500 X141.828 Y95.442 E200.63478
G0 F9000 X141.452 Y95.632
G1 F1500 X139.16 Y93.34 E200.74259
G0 F9000 X139.16 Y93.905
G1 F1500 X141.093 Y95.838 E200.83351
G0 F9000 X140.792 Y96.103
G1 F1500 X139.16 Y94.471 E200.91028
G0 F9000 X139.16 Y95.037
G1 F1500 X140.51 Y96.386 E200.97375
G0 F9000 X140.279 Y96.721
G1 F1500 X139.16 Y95.602 E201.02639
G0 F9000 X139.16 Y96.168
G1 F1500 X140.072 Y97.08 E201.06929
G0 F9000 X139.918 Y97.492
G1 F1500 X139.16 Y96.734 E201.10494
G0 F9000 X139.16 Y97.299
G1 F1500 X139.827 Y97.966 E201.13631
G0 F9000 X139.79 Y98.495
G1 F1500 X139.16 Y97.865 E201.16595
G0 F9000 X139.16 Y98.431
G1 F1500 X139.859 Y99.129 E201.1988
G0 F9000 X139.16 Y98.996
G1 F1500 X140.323 Y100.16 E201.25353
G0 F9000 X140.704 Y99.898
G0 X142.601 Y101.153
G0 X144.466 Y100.731
G0 X144.487 Y115.646
G0 X144.445 Y116.03
G0 X144.33 Y116.356
G0 X143.893 Y116.897
G0 X143.606 Y117.079
G0 X143.279 Y117.193
G0 X142.891 Y117.239
G0 X140.357 Y117.239
G0 X139.969 Y117.193
G0 X139.349 Y116.896
G0 X138.918 Y116.359
G0 X138.803 Y116.03
G0 X138.7 Y100.128
G0 X139.16 Y100.128
G1 F1500 X144.086 Y105.054 E201.48523
G0 F9000 X144.086 Y105.62
G1 F1500 X139.16 Y100.693 E201.71696
G0 F9000 X139.16 Y101.259
G1 F1500 X144.086 Y106.186 E201.94869
G0 F9000 X144.086 Y106.751
G1 F1500 X139.16 Y101.825 E202.18039
G0 F9000 X139.16 Y102.39
G1 F1500 X144.086 Y107.317 E202.41212
G0 F9000 X144.086 Y107.883
G1 F1500 X139.16 Y102.956 E202.64385
G0 F9000 X139.16 Y103.522
G1 F1500 X144.086 Y108.448 E202.87555
G0 F9000 X144.087 Y109.015
G1 F1500 X139.16 Y104.088 E203.1073
G0 F9000 X139.16 Y104.653
G1 F1500 X144.087 Y109.58 E203.33905
G0 F9000 X144.087 Y110.146
G1 F1500 X139.16 Y105.219 E203.5708
G0 F9000 X139.16 Y105.785
G1 F1500 X144.087 Y110.712 E203.80256
G0 F9000 X144.087 Y111.277
G1 F1500 X139.16 Y106.35 E204.03431
G0 F9000 X139.16 Y106.916
G1 F1500 X144.087 Y111.843 E204.26606
G0 F9000 X144.088 Y112.409
G1 F1500 X139.16 Y107.482 E204.49783
G0 F9000 X139.16 Y108.047
G1 F1500 X144.088 Y112.975 E204.72963
G0 F9000 X144.088 Y113.541
G1 F1500 X139.16 Y108.613 E204.96143
G0 F9000 X139.16 Y109.179
G1 F1500 X144.088 Y114.107 E205.19323
G0 F9000 X144.088 Y114.672
G1 F1500 X139.16 Y109.744 E205.42502
G0 F9000 X139.16 Y110.31
G1 F1500 X144.088 Y115.238 E205.65682
G0 F9000 X144.069 Y115.785
G1 F1500 X139.16 Y110.876 E205.88773
G0 F9000 X139.16 Y111.441
G1 F1500 X143.939 Y116.221 E206.11254
G0 F9000 X143.688 Y116.535
G1 F1500 X139.16 Y112.007 E206.32552
G0 F9000 X139.16 Y112.573
G1 F1500 X143.335 Y116.748 E206.5219
G0 F9000 X142.862 Y116.84
G1 F1500 X139.16 Y113.138 E206.69603
G0 F9000 X139.16 Y113.704
G1 F1500 X142.296 Y116.84 E206.84354
G0 F9000 X141.73 Y116.84
G1 F1500 X139.16 Y114.27 E206.96443
G0 F9000 X139.16 Y114.836
G1 F1500 X141.165 Y116.84 E207.05871
G0 F9000 X140.599 Y116.84
G1 F1500 X139.16 Y115.401 E207.1264
G0 F9000 X139.225 Y116.032
G1 F1500 X139.953 Y116.76 E207.16064
G1 F2700 E202.16064
G0 F9000 X139.799 Y117.197
G0 X142.891 Y117.239
G0 X143.279 Y117.193
G0 X143.606 Y117.079
G0 X144.147 Y116.644
G0 X144.33 Y116.356
G0 X144.445 Y116.03
G0 X144.547 Y104.488
G0 X144.086 Y104.488
G1 F2700 E207.16064
G1 F1500 X139.16 Y99.562 E207.39234
G1 F2700 E202.39234
G0 F9000 X138.7 Y99.562
G0 X138.762 Y115.646
G0 X138.803 Y116.03
G0 X139.099 Y116.645
G0 X139.349 Y116.896
G0 X139.969 Y117.193
G0 X140.357 Y117.239
G0 X142.891 Y117.239
G0 X143.279 Y117.193
G0 X143.606 Y117.079
G0 X144.147 Y116.644
G0 X144.33 Y116.356
G0 X144.445 Y116.03
G0 X144.487 Y115.646
G0 X144.466 Y100.731
G0 X143.044 Y100.883
G0 X141.441 Y100.657
G0 X141.226 Y101.063
G1 F2700 E207.39234
G1 F1500 X144.086 Y103.922 E207.52685
G0 F9000 X144.086 Y103.356
G1 F1500 X142.198 Y101.469 E207.61563
G0 F9000 X142.847 Y101.552
G1 F1500 X144.086 Y102.791 E207.67391
G0 F9000 X144.086 Y102.225
G1 F1500 X143.394 Y101.533 E207.70646
G0 F9000 X143.85 Y101.424
G1 F1500 X144.086 Y101.659 E207.71753
G1 F2700 E202.71753
G0 F9000 X144.547 Y101.659
G0 X144.487 Y115.646
G0 X144.445 Y116.03
G0 X144.33 Y116.356
G0 X143.893 Y116.897
G0 X143.606 Y117.079
G0 X143.279 Y117.193
G0 X142.891 Y117.239
G0 X140.357 Y117.239
G0 X139.969 Y117.193
G0 X139.349 Y116.896
G0 X138.918 Y116.359
G0 X138.803 Y116.03
G0 X138.438 Y90.562
G0 X96.562 Y90.562
G0 X96.3 Y101.5
G0 X95.843 Y101.5
G1 F2700 E207.71753
G1 F1500 X94.6 Y100.256 E207.77602
G0 F9000 X94.352 Y100.575
G1 F1500 X95.843 Y102.065 E207.84613
G0 F9000 X95.843 Y102.631
G1 F1500 X94.052 Y100.84 E207.93038
G0 F9000 X93.729 Y101.083
G1 F1500 X95.843 Y103.197 E208.02981
G0 F9000 X95.843 Y103.762
G1 F1500 X93.361 Y101.281 E208.14653
G0 F9000 X92.948 Y101.433
G1 F1500 X95.843 Y104.328 E208.28271
G0 F9000 X95.843 Y104.894
G1 F1500 X92.49 Y101.541 E208.44042
G0 F9000 X91.935 Y101.552
G1 F1500 X95.843 Y105.459 E208.62422
G0 F9000 X95.843 Y106.025
G1 F1500 X91.275 Y101.457 E208.83908
G0 F9000 X90.909 Y101.657
G1 F1500 X95.843 Y106.591 E209.07116
G0 F9000 X95.843 Y107.156
G1 F1500 X90.909 Y102.223 E209.30322
G0 F9000 X90.909 Y102.789
G1 F1500 X95.843 Y107.722 E209.53528
G0 F9000 X95.843 Y108.288
G1 F1500 X90.909 Y103.354 E209.76736
G0 F9000 X90.909 Y103.92
G1 F1500 X95.843 Y108.853 E209.99941
G0 F9000 X95.842 Y109.418
G1 F1500 X90.909 Y104.486 E210.23142
G0 F9000 X90.909 Y105.051
G1 F1500 X95.842 Y109.984 E210.46346
G0 F9000 X95.842 Y110.55
G1 F1500 X90.909 Y105.617 E210.69549
G0 F9000 X90.909 Y106.183
G1 F1500 X95.842 Y111.115 E210.9275
G0 F9000 X95.842 Y111.681
G1 F1500 X90.909 Y106.748 E211.15953
G0 F9000 X90.909 Y107.314
G1 F1500 X95.842 Y112.247 E211.39157
G0 F9000 X95.842 Y112.813
G1 F1500 X90.909 Y107.88 E211.6236
G0 F9000 X90.909 Y108.445
G1 F1500 X95.842 Y113.378 E211.85563
G0 F9000 X95.842 Y113.944
G1 F1500 X90.909 Y109.011 E212.08766
G0 F9000 X90.909 Y109.577
G1 F1500 X95.842 Y114.51 E212.3197
G0 F9000 X95.842 Y115.075
G1 F1500 X90.909 Y110.142 E212.55173
G0 F9000 X90.909 Y110.708
G1 F1500 X95.842 Y115.641 E212.78376
G0 F9000 X95.842 Y116.207
G1 F1500 X90.909 Y111.274 E213.0158
G0 F9000 X90.909 Y111.84
G1 F1500 X95.842 Y116.772 E213.24781
G0 F9000 X95.842 Y117.338
G1 F1500 X90.909 Y112.405 E213.47984
G0 F9000 X90.909 Y112.971
G1 F1500 X95.842 Y117.904 E213.71187
G0 F9000 X95.842 Y118.469
G1 F1500 X90.909 Y113.537 E213.94388
G0 F9000 X90.909 Y114.102
G1 F1500 X95.842 Y119.035 E214.17592
G0 F9000 X95.841 Y119.6
G1 F1500 X90.909 Y114.668 E214.4079
G0 F9000 X90.909 Y115.234
G1 F1500 X95.841 Y120.166 E214.63989
G0 F9000 X95.841 Y120.731
G1 F1500 X90.909 Y115.799 E214.87187
G0 F9000 X90.909 Y116.365
G1 F1500 X95.841 Y121.297 E215.10386
G0 F9000 X95.841 Y121.863
G1 F1500 X90.909 Y116.931 E215.33585
G0 F9000 X90.909 Y117.496
G1 F1500 X95.841 Y122.428 E215.56783
G0 F9000 X95.841 Y122.994
G1 F1500 X90.909 Y118.062 E215.79982
G0 F9000 X90.909 Y118.628
G1 F1500 X95.841 Y123.56 E216.03181
G0 F9000 X95.841 Y124.126
G1 F1500 X90.909 Y119.193 E216.26382
G0 F9000 X90.909 Y119.759
G1 F1500 X95.841 Y124.691 E216.4958
G0 F9000 X95.841 Y125.257
G1 F1500 X90.909 Y120.325 E216.72779
G0 F9000 X90.909 Y120.891
G1 F1500 X95.841 Y125.823 E216.95977
G0 F9000 X95.841 Y126.388
G1 F1500 X90.909 Y121.456 E217.19176
G0 F9000 X90.909 Y122.022
G1 F1500 X95.841 Y126.954 E217.42375
G0 F9000 X95.841 Y127.52
G1 F1500 X90.909 Y122.588 E217.65573
G0 F9000 X90.909 Y123.153
G1 F1500 X95.841 Y128.085 E217.88772
G0 F9000 X95.841 Y128.651
G1 F1500 X90.909 Y123.719 E218.1197
G0 F9000 X90.909 Y124.285
G1 F1500 X95.841 Y129.217 E218.35169
G0 F9000 X95.841 Y129.782
G1 F1500 X90.909 Y124.85 E218.58368
G0 F9000 X90.909 Y125.416
G1 F1500 X95.841 Y130.347 E218.81564
G0 F9000 X95.841 Y130.913
G1 F1500 X90.909 Y125.982 E219.0476
G0 F9000 X90.909 Y126.547
G1 F1500 X95.841 Y131.479 E219.27959
G0 F9000 X95.841 Y132.044
G1 F1500 X90.909 Y127.113 E219.51155
G0 F9000 X90.909 Y127.679
G1 F1500 X95.841 Y132.61 E219.74351
G0 F9000 X95.841 Y133.176
G1 F1500 X90.909 Y128.244 E219.9755
G0 F9000 X90.909 Y128.81
G1 F1500 X95.841 Y133.741 E220.20746
G0 F9000 X95.841 Y134.307
G1 F1500 X90.909 Y129.376 E220.43943
G0 F9000 X90.909 Y129.941
G1 F1500 X95.841 Y134.873 E220.67141
G0 F9000 X95.841 Y135.439
G1 F1500 X90.909 Y130.507 E220.9034
G0 F9000 X90.909 Y131.073
G1 F1500 X95.841 Y136.004 E221.13536
G0 F9000 X95.841 Y136.57
G1 F1500 X90.909 Y131.639 E221.36732
G0 F9000 X90.909 Y132.204
G1 F1500 X95.841 Y137.136 E221.59931
G0 F9000 X95.841 Y137.701
G1 F1500 X90.909 Y132.77 E221.83127
G0 F9000 X90.909 Y133.336
G1 F1500 X95.841 Y138.267 E222.06323
G0 F9000 X95.841 Y138.833
G1 F1500 X90.909 Y133.901 E222.29522
G0 F9000 X90.909 Y134.467
G1 F1500 X93.977 Y137.535 E222.43953
G0 F9000 X94.531 Y138.089
G1 F1500 X95.841 Y139.398 E222.50112
G0 F9000 X95.841 Y139.964
G1 F1500 X95.125 Y139.248 E222.5348
G0 F9000 X95.2 Y139.889
G1 F1500 X95.841 Y140.53 E222.56495
G0 F9000 X95.841 Y141.095
G1 F1500 X95.174 Y140.429 E222.5963
G0 F9000 X95.092 Y140.913
G1 F1500 X95.841 Y141.661 E222.63151
G0 F9000 X95.841 Y142.227
G1 F1500 X94.938 Y141.324 E222.67399
G0 F9000 X94.739 Y141.691
G1 F1500 X95.841 Y142.792 E222.7258
G0 F9000 X95.841 Y143.358
G1 F1500 X94.504 Y142.022 E222.78866
G0 F9000 X94.23 Y142.314
G1 F1500 X95.841 Y143.924 E222.86441
G0 F9000 X95.841 Y144.489
G1 F1500 X93.933 Y142.582 E222.95414
G0 F9000 X93.581 Y142.795
G1 F1500 X95.78 Y144.994 E223.05757
G0 F9000 X95.591 Y145.371
G1 F1500 X93.209 Y142.989 E223.16961
G0 F9000 X92.759 Y143.105
G1 F1500 X95.295 Y145.641 E223.2889
G0 F9000 X94.893 Y145.805
G1 F1500 X92.269 Y143.181 E223.41232
G0 F9000 X91.707 Y143.184
G1 F1500 X94.363 Y145.84 E223.53725
G0 F9000 X93.797 Y145.84
G1 F1500 X90.968 Y143.011 E223.67032
G0 F9000 X90.908 Y143.517
G1 F1500 X93.231 Y145.84 E223.77959
G0 F9000 X92.666 Y145.84
G1 F1500 X90.908 Y144.082 E223.86228
G0 F9000 X90.911 Y144.651
G1 F1500 X92.095 Y145.835 E223.91797
G1 F2700 E218.91797
G0 F9000 X92.041 Y146.292
G0 X91.389 Y146.078
G0 X90.849 Y145.644
G0 X90.666 Y145.359
G0 X90.509 Y144.643
G0 X90.528 Y142.36
G0 X92.354 Y142.474
G0 X92.929 Y142.334
G0 X93.453 Y142.057
G0 X93.896 Y141.665
G0 X94.233 Y141.177
G0 X94.441 Y140.627
G0 X94.513 Y140.039
G0 X94.441 Y139.452
G0 X94.231 Y138.9
G0 X93.895 Y138.413
G0 X93.453 Y138.023
G0 X92.929 Y137.746
G0 X91.3 Y137.458
G0 X91.19 Y137.01
G1 F2700 E223.91797
G1 F1500 X90.909 Y136.73 E223.93116
G0 F9000 X90.909 Y136.164
G1 F1500 X91.643 Y136.898 E223.96569
G0 F9000 X92.202 Y136.892
G1 F1500 X90.909 Y135.598 E224.02653
G0 F9000 X90.909 Y135.033
G1 F1500 X92.875 Y136.998 E224.11898
G1 F2700 E219.11898
G0 F9000 X92.763 Y137.445
G0 X94.511 Y138.759
G0 X94.509 Y141.326
G0 X92.386 Y142.785
G0 X90.528 Y142.36
G0 X90.509 Y144.643
G0 X90.666 Y145.359
G0 X91.103 Y145.897
G0 X91.389 Y146.078
G0 X91.72 Y146.193
G0 X92.105 Y146.239
G0 X94.643 Y146.239
G0 X95.028 Y146.193
G0 X95.359 Y146.078
G0 X95.897 Y145.645
G0 X96.193 Y145.028
G0 X96.3 Y100.934
G0 X95.843 Y100.934
G1 F2700 E224.11898
G1 F1500 X94.833 Y99.924 E224.16649
G0 F9000 X95 Y99.525
G1 F1500 X95.843 Y100.368 E224.20614
G0 F9000 X95.843 Y99.802
G1 F1500 X95.14 Y99.1 E224.23919
G0 F9000 X95.196 Y98.59
G1 F1500 X95.843 Y99.237 E224.26962
G0 F9000 X95.843 Y98.671
G1 F1500 X95.174 Y98.002 E224.30109
G0 F9000 X95.843 Y98.105
G1 F1500 X94.988 Y97.251 E224.34128
G0 F9000 X95.843 Y96.974
G1 F1500 X90.908 Y92.039 E224.57341
G0 F9000 X90.908 Y92.605
G1 F1500 X95.843 Y97.54 E224.80553
G0 F9000 X96.3 Y97.54
G0 X96.3 Y96.408
G0 X95.843 Y96.408
G1 F1500 X90.908 Y91.473 E225.03766
G0 F9000 X90.908 Y90.908
G1 F1500 X95.843 Y95.843 E225.26979
G0 F9000 X95.843 Y95.277
G1 F1500 X90.911 Y90.346 E225.50175
G0 F9000 X91.006 Y89.875
G1 F1500 X95.843 Y94.711 E225.72925
G0 F9000 X95.843 Y94.146
G1 F1500 X91.23 Y89.533 E225.94623
G0 F9000 X91.549 Y89.286
G1 F1500 X95.843 Y93.58 E226.1482
G0 F9000 X95.843 Y93.014
G1 F1500 X92.001 Y89.173 E226.3289
G0 F9000 X92.554 Y89.16
G1 F1500 X95.843 Y92.449 E226.4836
G0 F9000 X95.843 Y91.883
G1 F1500 X93.12 Y89.16 E226.61168
G0 F9000 X93.685 Y89.16
G1 F1500 X95.843 Y91.317 E226.71316
G0 F9000 X95.876 Y90.785
G1 F1500 X94.251 Y89.16 E226.7896
G0 F9000 X94.817 Y89.16
G1 F1500 X96.03 Y90.373 E226.84666
G0 F9000 X96.308 Y90.085
G1 F1500 X95.382 Y89.16 E226.89019
G0 F9000 X95.948 Y89.16
G1 F1500 X96.681 Y89.892 E226.92464
G0 F9000 X96.799 Y89.445
G1 F1500 X96.514 Y89.16 E226.93805
G1 F2700 E221.93805
G0 F9000 X96.514 Y88.7
G0 X91.718 Y88.803
G0 X91.103 Y89.099
G0 X90.85 Y89.35
G0 X90.667 Y89.64
G0 X90.555 Y89.967
G0 X90.448 Y93.171
G0 X90.908 Y93.171
G1 F2700 E226.93805
G1 F1500 X93.185 Y95.447 E227.04513
G0 F9000 X92.436 Y95.264
G1 F1500 X90.908 Y93.736 E227.117
G0 F9000 X90.908 Y94.302
G1 F1500 X91.87 Y95.264 E227.16225
G0 F9000 X91.376 Y95.336
G1 F1500 X90.908 Y94.868 E227.18426
G1 F2700 E222.18426
;MESH:NONMESH
G0 F300 Z0.8
G0 F9000 X90.448 Y94.868
G0 X90.58 Y96.478
G0 X91.191 Y96.116
G0 X91.766 Y95.976
G0 X92.354 Y95.976
G0 X92.929 Y96.116
G0 X93.453 Y96.393
G0 X93.895 Y96.783
G0 X94.231 Y97.27
G0 X94.441 Y97.822
G0 X94.513 Y98.409
G0 X94.441 Y98.997
G0 X94.233 Y99.547
G0 X93.896 Y100.035
G0 X93.453 Y100.427
G0 X92.929 Y100.704
G0 X92.354 Y100.844
G0 X90.53 Y100.731
G0 X90.53 Y137.717
G0 X93.042 Y137.452
G0 X93.972 Y138.051
G0 X94.441 Y139.452
G0 X94.513 Y140.039
G0 X94.269 Y141.691
G0 X92.386 Y142.785
G0 X90.528 Y142.36
G0 X90.509 Y144.643
G0 X90.666 Y145.359
G0 X91.103 Y145.897
G0 X91.389 Y146.078
G0 X91.657 Y146.172
G0 X94.653 Y146.4
;TIME_ELAPSED:423.510570
;LAYER:3
M106 S255
;TYPE:WALL-INNER
;MESH:battery holder-BodyChamfer.stl
G1 F2700 E227.18426
G1 F1500 X95.064 Y146.351 E227.19803
G1 X95.429 Y146.223 E227.21089
G1 X95.747 Y146.024 E227.22337
G1 X96.024 Y145.747 E227.2364
G1 X96.223 Y145.429 E227.24888
G1 X96.351 Y145.064 E227.26174
G1 X96.4 Y144.653 E227.27551
G1 X96.4 Y90.879 E229.06404
G1 X96.52 Y90.64 E229.07293
G1 X96.717 Y90.47 E229.08159
G1 X96.922 Y90.4 E229.08879
G1 X138 Y90.4 E230.45505
G1 X138.283 Y90.47 E230.46475
G1 X138.48 Y90.64 E230.4734
G1 X138.6 Y90.879 E230.4823
G1 X138.601 Y115.655 E231.30635
G1 X138.645 Y116.066 E231.3201
G1 X138.773 Y116.429 E231.3329
G1 X138.972 Y116.747 E231.34538
G1 X139.248 Y117.023 E231.35836
G1 X139.57 Y117.224 E231.37099
G1 X139.933 Y117.351 E231.38378
G1 X140.347 Y117.4 E231.39764
G1 X142.901 Y117.4 E231.48259
G1 X143.316 Y117.351 E231.49649
G1 X143.677 Y117.224 E231.50922
G1 X143.995 Y117.024 E231.52171
G1 X144.273 Y116.745 E231.53481
G1 X144.476 Y116.427 E231.54736
G1 X144.602 Y116.066 E231.56008
G1 X144.648 Y115.655 E231.57383
G1 X144.648 Y100.347 E232.08298
G1 X144.352 Y100.587 E232.09565
G1 X143.861 Y100.847 E232.11413
G1 X143.253 Y100.992 E232.13492
G1 X142.623 Y100.992 E232.15588
G1 X142.013 Y100.846 E232.17674
G1 X141.46 Y100.553 E232.19755
G1 X140.991 Y100.137 E232.2184
G1 X140.627 Y99.612 E232.23965
G1 X140.414 Y99.041 E232.25992
G1 X140.34 Y98.408 E232.28112
G1 X140.412 Y97.781 E232.30211
G1 X140.627 Y97.204 E232.32259
G1 X140.991 Y96.679 E232.34384
G1 X141.461 Y96.261 E232.36476
G1 X142.015 Y95.974 E232.38551
G1 X142.62 Y95.824 E232.40624
G1 X143.256 Y95.824 E232.42739
G1 X143.861 Y95.974 E232.44813
G1 X144.349 Y96.227 E232.46641
G1 X144.648 Y96.469 E232.4792
G1 X144.648 Y90.345 E232.68289
G1 X144.603 Y89.93 E232.69677
G1 X144.476 Y89.572 E232.70941
G1 X144.272 Y89.25 E232.72208
G1 X143.995 Y88.972 E232.73514
G1 X143.677 Y88.772 E232.74763
G1 X143.318 Y88.645 E232.7603
G1 X142.903 Y88.6 E232.77418
G1 X92.093 Y88.6 E234.46413
G1 X91.682 Y88.645 E234.47788
G1 X91.319 Y88.773 E234.49068
G1 X91.001 Y88.972 E234.50316
G1 X90.724 Y89.25 E234.51621
G1 X90.521 Y89.57 E234.52882
G1 X90.397 Y89.93 E234.54148
G1 X90.348 Y90.347 E234.55544
G1 X90.349 Y96.468 E234.75903
G1 X90.647 Y96.227 E234.77178
G1 X91.135 Y95.974 E234.79006
G1 X91.74 Y95.824 E234.81079
G1 X92.376 Y95.824 E234.83194
G1 X92.981 Y95.974 E234.85268
G1 X93.535 Y96.261 E234.87343
G1 X94.002 Y96.677 E234.89423
G1 X94.366 Y97.2 E234.91542
G1 X94.589 Y97.784 E234.93621
G1 X94.656 Y98.408 E234.95709
G1 X94.588 Y99.036 E234.9781
G1 X94.366 Y99.617 E234.99878
G1 X94.002 Y100.139 E235.01995
G1 X93.537 Y100.553 E235.04066
G1 X92.982 Y100.846 E235.06153
G1 X92.373 Y100.992 E235.08236
G1 X91.743 Y100.992 E235.10332
G1 X91.133 Y100.846 E235.12418
G1 X90.644 Y100.587 E235.14258
G1 X90.349 Y100.348 E235.15521
G1 X90.349 Y138.1 E236.41085
G1 X90.644 Y137.861 E236.42347
G1 X91.132 Y137.603 E236.44183
G1 X91.739 Y137.452 E236.46264
G1 X92.376 Y137.452 E236.48382
G1 X92.984 Y137.603 E236.50466
G1 X93.537 Y137.895 E236.52546
G1 X94.002 Y138.309 E236.54617
G1 X94.366 Y138.832 E236.56736
G1 X94.589 Y139.416 E236.58815
G1 X94.656 Y140.04 E236.60903
G1 X94.587 Y140.666 E236.62997
G1 X94.368 Y141.247 E236.65063
G1 X94.004 Y141.766 E236.67171
G1 X93.536 Y142.186 E236.69262
G1 X92.98 Y142.475 E236.71347
G1 X92.367 Y142.624 E236.73445
G1 X91.74 Y142.624 E236.7553
G1 X91.135 Y142.474 E236.77603
G1 X90.647 Y142.221 E236.79432
G1 X90.348 Y141.977 E236.80715
G1 X90.348 Y144.653 E236.89616
G1 X90.397 Y145.066 E236.90999
G1 X90.521 Y145.429 E236.92275
G1 X90.723 Y145.745 E236.93522
G1 X91.001 Y146.024 E236.94832
G1 X91.319 Y146.223 E236.9608
G1 X91.684 Y146.351 E236.97366
G1 X92.095 Y146.4 E236.98743
G1 X94.653 Y146.4 E237.07251
G0 F9000 X94.676 Y146.8
;TYPE:WALL-OUTER
G1 F1500 X95.154 Y146.743 E237.08852
G1 X95.604 Y146.586 E237.10437
G1 X95.998 Y146.338 E237.11986
G1 X96.338 Y145.998 E237.13585
G1 X96.586 Y145.604 E237.15133
G1 X96.743 Y145.154 E237.16719
G1 X96.8 Y144.676 E237.1832
G1 X96.8 Y90.959 E238.96983
G1 X96.84 Y90.88 E238.97278
G1 X96.965 Y90.803 E238.97766
G1 X138.077 Y90.8 E240.34505
G1 X138.2 Y90.959 E240.35174
G1 X138.201 Y115.677 E241.17386
G1 X138.253 Y116.155 E241.18985
G1 X138.41 Y116.604 E241.20567
G1 X138.658 Y116.998 E241.22116
G1 X138.998 Y117.338 E241.23715
G1 X139.396 Y117.586 E241.25275
G1 X139.842 Y117.743 E241.26847
G1 X140.324 Y117.8 E241.28462
G1 X142.924 Y117.8 E241.37109
G1 X143.406 Y117.743 E241.38724
G1 X143.852 Y117.586 E241.40296
G1 X144.246 Y117.338 E241.41845
G1 X144.587 Y116.997 E241.43449
G1 X144.838 Y116.603 E241.45002
G1 X144.995 Y116.155 E241.46581
G1 X145.048 Y115.677 E241.48181
G1 X145.048 Y99.431 E242.02215
G1 F1530.6 X145.062 Y98.948 E242.0379
G1 X144.9 Y99.404 E242.05368
G1 F1500 X144.566 Y99.886 E242.07318
G1 X144.166 Y100.233 E242.09079
G1 X143.695 Y100.475 E242.1084
G1 X143.227 Y100.587 E242.12441
G1 X142.649 Y100.587 E242.14363
G1 X142.134 Y100.457 E242.1613
G1 X141.671 Y100.206 E242.17882
G1 X141.279 Y99.85 E242.19643
G1 X140.976 Y99.402 E242.21442
G1 X140.801 Y98.917 E242.23157
G1 X140.74 Y98.408 E242.24862
G1 X140.801 Y97.899 E242.26567
G1 X140.976 Y97.414 E242.28282
G1 X141.311 Y96.93 E242.3024
G1 X141.711 Y96.582 E242.32003
G1 X142.179 Y96.345 E242.33748
G1 X142.647 Y96.229 E242.35351
G1 X143.229 Y96.229 E242.37287
G1 X143.697 Y96.345 E242.38891
G1 X144.165 Y96.582 E242.40636
G1 X144.566 Y96.93 E242.42402
G1 X144.9 Y97.412 E242.44352
G1 F1530.6 X145.062 Y97.867 E242.45926
G1 X145.048 Y97.385 E242.47498
G1 F1500 X145.048 Y90.323 E242.70986
G1 X144.995 Y89.841 E242.72599
G1 X144.838 Y89.396 E242.74169
G1 X144.586 Y88.998 E242.75735
G1 X144.246 Y88.658 E242.77335
G1 X143.852 Y88.41 E242.78883
G1 X143.407 Y88.253 E242.80453
G1 X142.925 Y88.2 E242.82065
G1 X92.071 Y88.2 E244.51206
G1 X91.593 Y88.253 E244.52806
G1 X91.144 Y88.41 E244.54388
G1 X90.75 Y88.658 E244.55937
G1 X90.41 Y88.998 E244.57536
G1 X90.158 Y89.396 E244.59103
G1 X90.005 Y89.841 E244.60668
G1 X89.948 Y90.324 E244.62285
G1 X89.948 Y97.387 E244.85777
G1 F1554.4 X89.935 Y97.901 E244.87427
G1 X90.096 Y97.413 E244.89076
G1 F1500 X90.43 Y96.93 E244.9103
G1 X90.831 Y96.582 E244.92796
G1 X91.299 Y96.345 E244.9454
G1 X91.767 Y96.229 E244.96144
G1 X92.349 Y96.229 E244.9808
G1 X92.817 Y96.345 E244.99683
G1 X93.285 Y96.582 E245.01428
G1 X93.717 Y96.966 E245.03351
G1 X94.019 Y97.412 E245.05142
G1 X94.199 Y97.901 E245.06875
G1 X94.256 Y98.408 E245.08572
G1 X94.198 Y98.927 E245.10309
G1 X93.997 Y99.446 E245.1216
G1 X93.685 Y99.886 E245.13954
G1 X93.286 Y100.233 E245.15713
G1 X92.815 Y100.475 E245.17474
G1 X92.347 Y100.587 E245.19075
G1 X91.769 Y100.587 E245.20997
G1 X91.254 Y100.457 E245.22764
G1 X90.791 Y100.206 E245.24516
G1 X90.43 Y99.886 E245.2612
G1 X90.096 Y99.403 E245.28073
G1 F1554.4 X89.935 Y98.915 E245.29723
G1 X89.948 Y99.429 E245.31373
G1 F1500 X89.948 Y139.019 E246.6305
G1 F1554.4 X89.935 Y139.533 E246.647
G1 X90.096 Y139.045 E246.66349
G1 F1500 X90.43 Y138.562 E246.68302
G1 X90.83 Y138.215 E246.70064
G1 X91.299 Y137.973 E246.71819
G1 X91.767 Y137.857 E246.73423
G1 X92.349 Y137.857 E246.75358
G1 X92.817 Y137.973 E246.76962
G1 X93.325 Y138.242 E246.78874
G1 X93.717 Y138.598 E246.80635
G1 X94.019 Y139.044 E246.82427
G1 X94.199 Y139.533 E246.8416
G1 X94.256 Y140.04 E246.85857
G1 X94.198 Y140.555 E246.8758
G1 X94.02 Y141.035 E246.89283
G1 X93.686 Y141.513 E246.91223
G1 X93.285 Y141.866 E246.92999
G1 X92.817 Y142.103 E246.94744
G1 X92.349 Y142.219 E246.96348
G1 X91.767 Y142.219 E246.98284
G1 X91.299 Y142.103 E246.99887
G1 X90.831 Y141.866 E247.01632
G1 X90.4 Y141.479 E247.03559
G1 X90.096 Y141.034 E247.05351
G1 F1554.4 X89.935 Y140.543 E247.0701
G1 X89.949 Y141.06 E247.0867
G1 F1500 X89.948 Y144.676 E247.20697
G1 X90.005 Y145.155 E247.22301
G1 X90.158 Y145.604 E247.23879
G1 X90.409 Y145.997 E247.2543
G1 X90.75 Y146.338 E247.27034
G1 X91.144 Y146.586 E247.28582
G1 X91.594 Y146.743 E247.30167
G1 X92.072 Y146.8 E247.31768
G1 X94.676 Y146.8 E247.40429
G1 F2700 E242.40429
G0 F9000 X94.663 Y146.491
G0 X91.72 Y146.193
G0 X91.389 Y146.078
G0 X90.849 Y145.644
G0 X90.666 Y145.359
G0 X90.577 Y144.953
G0 X90.165 Y141.523
G0 X89.935 Y140.543
G1 F2700 E247.40429
G1 F1754.4 X89.904 Y140.04 E247.41862
G1 X89.935 Y139.533 E247.43307
G1 F2700 E242.43307
G0 F9000 X89.085 Y139.533
G0 X89.085 Y98.915
G0 X89.935 Y98.915
G1 F2700 E247.43307
G1 F1754.4 X89.904 Y98.408 E247.44751
G1 X89.935 Y97.901 E247.46196
G1 F2700 E242.46196
G0 F9000 X145.063 Y97.901
G1 F2700 E247.46196
G1 F1769.9 X145.094 Y98.408 E247.47628
G1 X145.063 Y98.924 E247.49085
G1 F2700 E242.49085
G0 F9000 X144.233 Y98.728
G0 X142.779 Y99.731
G0 X94.623 Y146.04
;TYPE:SKIN
G1 F2700 E247.49085
G1 F1500 X92.121 Y146.04 E247.57406
G1 X91.766 Y145.996 E247.58596
G1 X91.473 Y145.894 E247.59628
G1 X91.231 Y145.739 E247.60584
G1 X91.005 Y145.513 E247.61647
G1 X90.846 Y145.267 E247.62621
G1 X90.749 Y144.987 E247.63607
G1 X90.708 Y144.628 E247.64808
G1 X90.708 Y142.659 E247.71357
G1 X90.979 Y142.802 E247.72377
G1 X91.672 Y142.979 E247.74755
G1 X92.419 Y142.982 E247.7724
G1 X93.088 Y142.819 E247.7953
G1 X93.759 Y142.469 E247.82047
G1 X94.255 Y142.021 E247.8427
G1 X94.696 Y141.396 E247.86814
G1 X94.942 Y140.739 E247.89148
G1 X95.016 Y140.036 E247.91499
G1 X94.932 Y139.301 E247.93959
G1 X94.677 Y138.645 E247.963
G1 X94.258 Y138.054 E247.9871
G1 X93.721 Y137.582 E248.01088
G1 X93.133 Y137.274 E248.03296
G1 X92.44 Y137.097 E248.05675
G1 X91.671 Y137.097 E248.08232
G1 X91.027 Y137.257 E248.10439
G1 X90.708 Y137.418 E248.11628
G1 X90.708 Y101.031 E249.32651
G1 X90.979 Y101.174 E249.33671
G1 X91.673 Y101.347 E249.36049
G1 X92.438 Y101.347 E249.38594
G1 X93.131 Y101.177 E249.40967
G1 X93.719 Y100.861 E249.43187
G1 X94.257 Y100.39 E249.45566
G1 X94.677 Y99.799 E249.47977
G1 X94.938 Y99.115 E249.50412
G1 X95.016 Y98.404 E249.52791
G1 X94.932 Y97.664 E249.55268
G1 X94.7 Y97.056 E249.57433
G1 X94.257 Y96.422 E249.60005
G1 X93.753 Y95.974 E249.62248
G1 X93.088 Y95.629 E249.6474
G1 X92.44 Y95.469 E249.6696
G1 X91.672 Y95.469 E249.69514
G1 X91.024 Y95.629 E249.71734
G1 X90.708 Y95.789 E249.72912
G1 X90.708 Y90.368 E249.90942
G1 X90.749 Y90.009 E249.92144
G1 X90.846 Y89.728 E249.93133
G1 X91.01 Y89.47 E249.9415
G1 X91.226 Y89.254 E249.95166
G1 X91.472 Y89.098 E249.96134
G1 X91.76 Y88.997 E249.9715
G1 X92.111 Y88.96 E249.98323
G1 X142.881 Y88.96 E251.67185
G1 X143.236 Y88.997 E251.68372
G1 X143.523 Y89.097 E251.69383
G1 X143.761 Y89.253 E251.7033
G1 X143.991 Y89.479 E251.71402
G1 X144.146 Y89.724 E251.72366
G1 X144.247 Y90.013 E251.73385
G1 X144.288 Y90.364 E251.7456
G1 X144.288 Y95.79 E251.92607
G1 X143.969 Y95.629 E251.93795
G1 X143.32 Y95.469 E251.96019
G1 X142.552 Y95.469 E251.98573
G1 X141.904 Y95.629 E252.00793
G1 X141.283 Y95.946 E252.03112
G1 X140.735 Y96.421 E252.05524
G1 X140.315 Y97.018 E252.07952
G1 X140.064 Y97.674 E252.10288
G1 X139.98 Y98.404 E252.12732
G1 X140.058 Y99.119 E252.15124
G1 X140.292 Y99.755 E252.17378
G1 X140.703 Y100.355 E252.19797
G1 X141.273 Y100.861 E252.22332
G1 X141.861 Y101.177 E252.24552
G1 X142.554 Y101.347 E252.26926
G1 X143.315 Y101.347 E252.29457
G1 X143.963 Y101.191 E252.31674
G1 X144.284 Y101.03 E252.32868
G1 X144.288 Y115.632 E252.81434
G1 X144.247 Y115.982 E252.82606
G1 X144.146 Y116.268 E252.83615
G1 X143.99 Y116.514 E252.84584
G1 X143.762 Y116.743 E252.85659
G1 X143.524 Y116.894 E252.86596
G1 X143.23 Y116.996 E252.87631
G1 X142.875 Y117.04 E252.88821
G1 X140.373 Y117.04 E252.97143
G1 X140.019 Y116.996 E252.98329
G1 X139.719 Y116.89 E252.99388
G1 X139.47 Y116.738 E253.00358
G1 X139.254 Y116.518 E253.01383
G1 X139.098 Y116.272 E253.02352
G1 X138.997 Y115.984 E253.03367
G1 X138.96 Y115.633 E253.04541
G1 X138.96 Y91.004 E253.86458
G1 X138.922 Y90.723 E253.87401
G1 X138.769 Y90.417 E253.88539
G1 X138.45 Y90.144 E253.89935
G1 X138.044 Y90.045 E253.91325
G1 X96.865 Y90.042 E255.28287
G1 X96.539 Y90.15 E255.29429
G1 X96.232 Y90.418 E255.30785
G1 X96.09 Y90.692 E255.31811
G1 X96.041 Y90.978 E255.32776
G1 X96.04 Y144.623 E257.112
G1 X95.996 Y144.982 E257.12403
G1 X95.894 Y145.271 E257.13422
G1 X95.739 Y145.513 E257.14378
G1 X95.513 Y145.739 E257.15441
G1 X95.271 Y145.894 E257.16397
G1 X94.982 Y145.996 E257.17416
G1 X94.623 Y146.04 E257.18619
G1 F2700 E252.18619
G0 F9000 X94.623 Y146.3
G0 X95.359 Y146.078
G0 X95.897 Y145.645
G0 X96.193 Y145.028
G0 X96.575 Y141.503
G0 X96.562 Y90.562
G0 X117.411 Y90.3
G0 X117.411 Y89.672
G1 F2700 E257.18619
G1 F1759.5 X97.006 Y89.673 E257.76476
G1 F1754.4 X96.952 Y89.331 E257.77461
G1 F1759.5 X138.035 Y89.33 E258.93949
G1 F1764.7 X137.993 Y89.67 E258.94917
G1 X117.411 Y89.672 E259.53105
G1 F2700 E254.53105
G0 F9000 X117.411 Y90.3
G0 X96.391 Y90.544
G0 X96.239 Y144.643
G0 X96.193 Y145.028
G0 X95.897 Y145.645
G0 X95.359 Y146.078
G0 X95.028 Y146.193
G0 X94.643 Y146.239
G0 X92.105 Y146.239
G0 X91.72 Y146.193
G0 X91.389 Y146.078
G0 X90.849 Y145.644
G0 X90.666 Y145.359
G0 X90.509 Y144.643
G0 X90.528 Y142.36
G0 X93.039 Y142.626
G0 X94.745 Y140.705
G0 X94.127 Y138.204
G0 X91.72 Y137.291
G0 X90.53 Y137.717
G0 X90.53 Y100.731
G0 X93.038 Y100.999
G0 X94.745 Y99.077
G0 X94.127 Y96.572
G0 X91.72 Y95.663
G0 X90.528 Y96.09
G0 X90.488 Y90.023
G0 X90.943 Y90.076
G1 F2700 E259.53105
G1 F1500 X91.829 Y89.19 E259.57272
G0 F9000 X92.425 Y89.16
G1 F1500 X90.908 Y90.677 E259.64408
G0 F9000 X90.908 Y91.243
G1 F1500 X92.991 Y89.16 E259.74206
G0 F9000 X93.557 Y89.16
G1 F1500 X90.908 Y91.809 E259.86666
G0 F9000 X90.908 Y92.374
G1 F1500 X94.122 Y89.16 E260.01783
G0 F9000 X94.688 Y89.16
G1 F1500 X90.908 Y92.94 E260.19563
G0 F9000 X90.908 Y93.506
G1 F1500 X95.254 Y89.16 E260.40006
G0 F9000 X95.819 Y89.16
G1 F1500 X90.908 Y94.071 E260.63105
G0 F9000 X90.908 Y94.637
G1 F1500 X96.385 Y89.16 E260.88868
G0 F9000 X96.78 Y89.33
G1 F1500 X90.908 Y95.203 E261.1649
G0 F9000 X91.328 Y95.348
G1 F1500 X95.872 Y90.805 E261.37861
G0 F9000 X95.843 Y91.399
G1 F1500 X91.978 Y95.264 E261.56041
G0 F9000 X92.523 Y95.285
G1 F1500 X95.843 Y91.965 E261.71657
G0 F9000 X95.843 Y92.531
G1 F1500 X92.977 Y95.396 E261.85136
G0 F9000 X93.386 Y95.553
G1 F1500 X95.843 Y93.096 E261.96693
G0 F9000 X95.843 Y93.662
G1 F1500 X93.76 Y95.745 E262.0649
G0 F9000 X94.076 Y95.994
G1 F1500 X95.843 Y94.228 E262.148
G0 F9000 X95.843 Y94.793
G1 F1500 X94.375 Y96.261 E262.21705
G0 F9000 X94.62 Y96.582
G1 F1500 X95.843 Y95.359 E262.27457
G0 F9000 X95.843 Y95.925
G1 F1500 X94.853 Y96.915 E262.32114
G0 F9000 X95.015 Y97.318
G1 F1500 X95.843 Y96.49 E262.36008
G0 F9000 X95.843 Y97.056
G1 F1500 X95.148 Y97.75 E262.39275
G0 F9000 X95.202 Y98.262
G1 F1500 X95.843 Y97.622 E262.42288
G0 F9000 X95.843 Y98.187
G1 F1500 X95.167 Y98.863 E262.45468
G0 F9000 X95.843 Y98.753
G1 F1500 X94.958 Y99.638 E262.4963
G0 F9000 X95.842 Y99.885
G1 F1500 X90.909 Y104.818 E262.72834
G0 F9000 X90.909 Y105.384
G1 F1500 X95.842 Y100.451 E262.96037
G0 F9000 X95.842 Y101.017
G1 F1500 X90.909 Y105.949 E263.19238
G0 F9000 X90.909 Y106.515
G1 F1500 X95.842 Y101.582 E263.42441
G0 F9000 X95.842 Y102.148
G1 F1500 X90.909 Y107.081 E263.65645
G0 F9000 X90.909 Y107.646
G1 F1500 X95.842 Y102.714 E263.88846
G0 F9000 X95.842 Y103.279
G1 F1500 X90.909 Y108.212 E264.12049
G0 F9000 X90.909 Y108.778
G1 F1500 X95.842 Y103.845 E264.35252
G0 F9000 X95.842 Y104.411
G1 F1500 X90.909 Y109.343 E264.58453
G0 F9000 X90.909 Y109.909
G1 F1500 X95.842 Y104.976 E264.81657
G0 F9000 X95.842 Y105.542
G1 F1500 X90.909 Y110.475 E265.0486
G0 F9000 X90.909 Y111.041
G1 F1500 X95.842 Y106.108 E265.28063
G0 F9000 X95.842 Y106.673
G1 F1500 X90.909 Y111.606 E265.51266
G0 F9000 X90.909 Y112.172
G1 F1500 X95.842 Y107.239 E265.7447
G0 F9000 X95.842 Y107.805
G1 F1500 X90.909 Y112.738 E265.97673
G0 F9000 X90.909 Y113.303
G1 F1500 X95.842 Y108.37 E266.20876
G0 F9000 X95.842 Y108.936
G1 F1500 X90.909 Y113.869 E266.4408
G0 F9000 X90.909 Y114.435
G1 F1500 X95.841 Y109.503 E266.67278
G0 F9000 X95.841 Y110.068
G1 F1500 X90.909 Y115 E266.90477
G0 F9000 X90.909 Y115.566
G1 F1500 X95.841 Y110.634 E267.13676
G0 F9000 X95.841 Y111.2
G1 F1500 X90.909 Y116.132 E267.36874
G0 F9000 X90.909 Y116.697
G1 F1500 X95.841 Y111.765 E267.60073
G0 F9000 X95.841 Y112.331
G1 F1500 X90.909 Y117.263 E267.83271
G0 F9000 X90.909 Y117.829
G1 F1500 X95.841 Y112.897 E268.0647
G0 F9000 X95.841 Y113.462
G1 F1500 X90.909 Y118.394 E268.29669
G0 F9000 X90.909 Y118.96
G1 F1500 X95.841 Y114.028 E268.52867
G0 F9000 X95.841 Y114.594
G1 F1500 X90.909 Y119.526 E268.76066
G0 F9000 X90.909 Y120.091
G1 F1500 X95.841 Y115.159 E268.99265
G0 F9000 X95.841 Y115.725
G1 F1500 X90.909 Y120.657 E269.22463
G0 F9000 X90.909 Y121.223
G1 F1500 X95.841 Y116.291 E269.45662
G0 F9000 X95.841 Y116.856
G1 F1500 X90.909 Y121.789 E269.68863
G0 F9000 X90.909 Y122.354
G1 F1500 X95.841 Y117.422 E269.92061
G0 F9000 X95.841 Y117.988
G1 F1500 X90.909 Y122.92 E270.1526
G0 F9000 X90.909 Y123.486
G1 F1500 X95.841 Y118.554 E270.38459
G0 F9000 X95.841 Y119.119
G1 F1500 X90.909 Y124.051 E270.61657
G0 F9000 X90.909 Y124.617
G1 F1500 X95.841 Y119.686 E270.84853
G0 F9000 X95.841 Y120.251
G1 F1500 X90.909 Y125.183 E271.08052
G0 F9000 X90.909 Y125.748
G1 F1500 X95.841 Y120.817 E271.31248
G0 F9000 X95.841 Y121.383
G1 F1500 X90.909 Y126.314 E271.54445
G0 F9000 X90.909 Y126.88
G1 F1500 X95.841 Y121.948 E271.77643
G0 F9000 X95.841 Y122.514
G1 F1500 X90.909 Y127.445 E272.00839
G0 F9000 X90.909 Y128.011
G1 F1500 X95.841 Y123.08 E272.24036
G0 F9000 X95.841 Y123.645
G1 F1500 X90.909 Y128.577 E272.47234
G0 F9000 X90.909 Y129.142
G1 F1500 X95.841 Y124.211 E272.70431
G0 F9000 X95.841 Y124.777
G1 F1500 X90.909 Y129.708 E272.93627
G0 F9000 X90.909 Y130.274
G1 F1500 X95.841 Y125.342 E273.16826
G0 F9000 X95.841 Y125.908
G1 F1500 X90.909 Y130.84 E273.40024
G0 F9000 X90.909 Y131.405
G1 F1500 X95.841 Y126.474 E273.6322
G0 F9000 X95.841 Y127.04
G1 F1500 X90.909 Y131.971 E273.86417
G0 F9000 X90.909 Y132.537
G1 F1500 X95.841 Y127.605 E274.09615
G0 F9000 X95.841 Y128.171
G1 F1500 X90.909 Y133.102 E274.32812
G0 F9000 X90.909 Y133.668
G1 F1500 X95.841 Y128.737 E274.56008
G0 F9000 X95.84 Y129.303
G1 F1500 X90.909 Y134.234 E274.79202
G0 F9000 X90.909 Y134.799
G1 F1500 X95.84 Y129.869 E275.02393
G0 F9000 X95.84 Y130.434
G1 F1500 X90.909 Y135.365 E275.25587
G0 F9000 X90.909 Y135.931
G1 F1500 X95.84 Y131 E275.48781
G0 F9000 X95.84 Y131.566
G1 F1500 X90.909 Y136.496 E275.71973
G0 F9000 X90.909 Y137.062
G1 F1500 X95.84 Y132.131 E275.95167
G0 F9000 X95.84 Y132.697
G1 F1500 X91.637 Y136.9 E276.14936
G0 F9000 X92.21 Y136.892
G1 F1500 X95.84 Y133.263 E276.32008
G0 F9000 X95.84 Y133.828
G1 F1500 X92.71 Y136.958 E276.46731
G0 F9000 X93.163 Y137.071
G1 F1500 X95.84 Y134.394 E276.59323
G0 F9000 X95.84 Y134.96
G1 F1500 X93.538 Y137.261 E276.70148
G0 F9000 X93.9 Y137.466
G1 F1500 X95.84 Y135.525 E276.79276
G0 F9000 X95.84 Y136.091
G1 F1500 X94.198 Y137.733 E276.86999
G0 F9000 X94.481 Y138.016
G1 F1500 X95.84 Y136.657 E276.93391
G0 F9000 X95.84 Y137.223
G1 F1500 X94.713 Y138.349 E276.9869
G0 F9000 X94.921 Y138.707
G1 F1500 X95.84 Y137.788 E277.03013
G0 F9000 X95.84 Y138.354
G1 F1500 X95.076 Y139.118 E277.06606
G0 F9000 X95.17 Y139.589
G1 F1500 X95.84 Y138.92 E277.09756
G0 F9000 X95.84 Y139.485
G1 F1500 X95.207 Y140.118 E277.12733
G0 F9000 X95.142 Y140.749
G1 F1500 X95.84 Y140.051 E277.16016
G0 F9000 X95.84 Y140.617
G1 F1500 X94.677 Y141.779 E277.21484
G0 F9000 X94.303 Y141.515
G0 X92.386 Y142.785
G0 X90.528 Y142.36
G0 X90.509 Y144.643
G0 X90.666 Y145.359
G0 X91.103 Y145.897
G0 X91.389 Y146.078
G0 X91.72 Y146.193
G0 X92.105 Y146.239
G0 X94.643 Y146.239
G0 X95.028 Y146.193
G0 X95.359 Y146.078
G0 X95.897 Y145.645
G0 X96.193 Y145.028
G0 X96.3 Y141.748
G0 X95.84 Y141.748
G1 F1500 X91.794 Y145.794 E277.40515
G0 F9000 X91.407 Y145.615
G1 F1500 X95.84 Y141.182 E277.61367
G0 F9000 X96.3 Y141.182
G0 X96.3 Y142.314
G0 X95.84 Y142.314
G1 F1500 X92.313 Y145.84 E277.77954
G0 F9000 X92.879 Y145.84
G1 F1500 X95.84 Y142.879 E277.91882
G0 F9000 X95.84 Y143.445
G1 F1500 X93.445 Y145.84 E278.03147
G0 F9000 X94.011 Y145.84
G1 F1500 X95.84 Y144.011 E278.1175
G0 F9000 X95.84 Y144.576
G1 F1500 X94.576 Y145.84 E278.17696
G1 F2700 E273.17696
G0 F9000 X94.576 Y146.3
G0 X91.72 Y146.193
G0 X91.389 Y146.078
G0 X90.849 Y145.644
G0 X90.666 Y145.359
G0 X90.509 Y144.643
G0 X90.528 Y142.36
G0 X91.952 Y142.51
G0 X93.538 Y142.298
G0 X93.75 Y142.706
G1 F2700 E278.17696
G1 F1500 X91.126 Y145.331 E278.30041
G0 F9000 X90.947 Y144.944
G1 F1500 X92.795 Y143.096 E278.38733
G0 F9000 X92.144 Y143.181
G1 F1500 X90.908 Y144.417 E278.44547
G0 F9000 X90.908 Y143.852
G1 F1500 X91.594 Y143.165 E278.47776
G0 F9000 X91.14 Y143.053
G1 F1500 X90.908 Y143.286 E278.4887
G1 F2700 E273.4887
G0 F9000 X90.448 Y143.286
G0 X90.543 Y141.941
G0 X91.191 Y142.334
G0 X91.766 Y142.474
G0 X92.354 Y142.474
G0 X92.929 Y142.334
G0 X93.453 Y142.057
G0 X93.896 Y141.665
G0 X94.233 Y141.177
G0 X94.441 Y140.627
G0 X94.513 Y140.039
G0 X94.441 Y139.452
G0 X94.231 Y138.9
G0 X93.895 Y138.413
G0 X93.453 Y138.023
G0 X92.929 Y137.746
G0 X92.354 Y137.606
G0 X91.766 Y137.606
G0 X91.191 Y137.746
G0 X90.667 Y138.023
G0 X90.45 Y104.252
G0 X90.909 Y104.252
G1 F2700 E278.4887
G1 F1500 X95.842 Y99.32 E278.72071
G1 F2700 E273.72071
G0 F9000 X96.3 Y99.32
G0 X96.239 Y144.643
G0 X96.193 Y145.028
G0 X95.897 Y145.645
G0 X95.359 Y146.078
G0 X95.028 Y146.193
G0 X94.643 Y146.239
G0 X92.105 Y146.239
G0 X91.72 Y146.193
G0 X91.389 Y146.078
G0 X90.849 Y145.644
G0 X90.666 Y145.359
G0 X90.509 Y144.643
G0 X90.528 Y142.36
G0 X93.039 Y142.626
G0 X94.745 Y140.705
G0 X94.127 Y138.204
G0 X91.72 Y137.291
G0 X90.53 Y137.717
G0 X90.53 Y100.731
G0 X93.048 Y100.926
G0 X93.262 Y101.333
G1 F2700 E278.72071
G1 F1500 X90.909 Y103.687 E278.83141
G0 F9000 X90.909 Y103.121
G1 F1500 X92.49 Y101.54 E278.90577
G0 F9000 X91.913 Y101.552
G1 F1500 X90.909 Y102.555 E278.95297
G0 F9000 X90.909 Y101.99
G1 F1500 X91.41 Y101.489 E278.97654
G1 F2700 E273.97654
G0 F9000 X91.518 Y101.042
G0 X90.53 Y100.731
G0 X90.53 Y137.717
G0 X93.042 Y137.452
G0 X94.747 Y139.375
G0 X94.125 Y141.873
G0 X91.72 Y142.785
G0 X90.528 Y142.36
G0 X90.509 Y144.643
G0 X90.666 Y145.359
G0 X91.103 Y145.897
G0 X91.389 Y146.078
G0 X91.72 Y146.193
G0 X92.105 Y146.239
G0 X94.643 Y146.239
G0 X95.028 Y146.193
G0 X95.359 Y146.078
G0 X95.897 Y145.645
G0 X96.193 Y145.028
G0 X96.239 Y144.643
G0 X96.562 Y90.562
G0 X138.438 Y90.562
G0 X138.7 Y101.256
G0 X139.16 Y101.256
G1 F2700 E278.97654
G1 F1500 X140.296 Y100.121 E279.02995
G0 F9000 X140.528 Y100.454
G1 F1500 X139.16 Y101.822 E279.0943
G0 F9000 X139.16 Y102.388
G1 F1500 X140.817 Y100.73 E279.17226
G0 F9000 X141.118 Y100.995
G1 F1500 X139.16 Y102.953 E279.26436
G0 F9000 X139.16 Y103.519
G1 F1500 X141.48 Y101.199 E279.37349
G0 F9000 X141.857 Y101.388
G1 F1500 X139.16 Y104.085 E279.50034
G0 F9000 X139.16 Y104.65
G1 F1500 X142.314 Y101.496 E279.6487
G0 F9000 X142.824 Y101.552
G1 F1500 X139.16 Y105.216 E279.82104
G0 F9000 X139.16 Y105.782
G1 F1500 X143.413 Y101.529 E280.02109
G0 F9000 X144.085 Y101.422
G1 F1500 X139.16 Y106.347 E280.25275
G0 F9000 X139.16 Y106.913
G1 F1500 X144.085 Y101.988 E280.4844
G0 F9000 X144.085 Y102.554
G1 F1500 X139.16 Y107.479 E280.71606
G0 F9000 X139.16 Y108.045
G1 F1500 X144.085 Y103.12 E280.94772
G0 F9000 X144.085 Y103.685
G1 F1500 X139.16 Y108.61 E281.17937
G0 F9000 X139.16 Y109.176
G1 F1500 X144.085 Y104.251 E281.41103
G0 F9000 X144.085 Y104.817
G1 F1500 X139.16 Y109.742 E281.64269
G0 F9000 X139.16 Y110.307
G1 F1500 X144.086 Y105.382 E281.87437
G0 F9000 X144.086 Y105.947
G1 F1500 X139.16 Y110.873 E282.10607
G0 F9000 X139.16 Y111.439
G1 F1500 X144.086 Y106.513 E282.33778
G0 F9000 X144.086 Y107.079
G1 F1500 X139.16 Y112.004 E282.56946
G0 F9000 X139.16 Y112.57
G1 F1500 X144.086 Y107.644 E282.80116
G0 F9000 X144.086 Y108.21
G1 F1500 X139.16 Y113.136 E283.03286
G0 F9000 X139.16 Y113.701
G1 F1500 X144.086 Y108.775 E283.26457
G0 F9000 X144.086 Y109.341
G1 F1500 X139.16 Y114.267 E283.49627
G0 F9000 X139.16 Y114.833
G1 F1500 X144.086 Y109.906 E283.728
G0 F9000 X144.086 Y110.472
G1 F1500 X139.16 Y115.398 E283.9597
G0 F9000 X139.192 Y115.932
G1 F1500 X144.086 Y111.038 E284.1899
G0 F9000 X144.086 Y111.603
G1 F1500 X139.367 Y116.323 E284.41189
G0 F9000 X139.644 Y116.611
G1 F1500 X144.087 Y112.168 E284.62088
G0 F9000 X144.087 Y112.734
G1 F1500 X140.033 Y116.789 E284.81159
G0 F9000 X140.547 Y116.84
G1 F1500 X144.087 Y113.3 E284.9781
G0 F9000 X144.087 Y113.865
G1 F1500 X141.112 Y116.84 E285.11804
G0 F9000 X141.678 Y116.84
G1 F1500 X144.087 Y114.431 E285.23135
G0 F9000 X144.087 Y114.997
G1 F1500 X142.244 Y116.84 E285.31804
G0 F9000 X142.809 Y116.84
G1 F1500 X144.087 Y115.562 E285.37815
G0 F9000 X143.842 Y116.373
G1 F1500 X143.616 Y116.599 E285.38878
G1 F2700 E280.38878
G0 F9000 X143.861 Y116.989
G0 X143.279 Y117.193
G0 X142.891 Y117.239
G0 X140.357 Y117.239
G0 X139.969 Y117.193
G0 X139.349 Y116.896
G0 X138.918 Y116.359
G0 X138.803 Y116.03
G0 X138.7 Y100.691
G0 X139.16 Y100.691
G1 F2700 E285.38878
G1 F1500 X140.084 Y99.766 E285.43227
G0 F9000 X139.933 Y99.352
G1 F1500 X139.16 Y100.125 E285.46863
G0 F9000 X139.16 Y99.559
G1 F1500 X139.832 Y98.887 E285.50023
G0 F9000 X139.784 Y98.37
G1 F1500 X139.16 Y98.994 E285.52958
G0 F9000 X139.16 Y98.428
G1 F1500 X139.849 Y97.738 E285.56202
G0 F9000 X139.16 Y97.862
G1 F1500 X140.224 Y96.798 E285.61206
G0 F9000 X140.604 Y97.061
G0 X140.257 Y99.079
G0 X141.958 Y100.999
G0 X144.466 Y100.731
G0 X144.487 Y115.646
G0 X144.445 Y116.03
G0 X144.33 Y116.356
G0 X143.893 Y116.897
G0 X143.606 Y117.079
G0 X143.279 Y117.193
G0 X142.891 Y117.239
G0 X140.357 Y117.239
G0 X139.969 Y117.193
G0 X139.349 Y116.896
G0 X138.918 Y116.359
G0 X138.803 Y116.03
G0 X138.7 Y96.731
G0 X139.16 Y96.731
G1 F1500 X144.088 Y91.803 E285.84386
G0 F9000 X144.088 Y92.369
G1 F1500 X139.16 Y97.296 E286.07564
G0 F9000 X138.7 Y97.296
G0 X138.7 Y96.165
G0 X139.16 Y96.165
G1 F1500 X144.088 Y91.237 E286.30743
G0 F9000 X144.088 Y90.672
G1 F1500 X139.16 Y95.599 E286.53921
G0 F9000 X139.16 Y95.034
G1 F1500 X144.06 Y90.134 E286.76969
G0 F9000 X143.907 Y89.721
G1 F1500 X139.16 Y94.468 E286.99297
G0 F9000 X139.16 Y93.902
G1 F1500 X143.644 Y89.418 E287.20389
G0 F9000 X143.274 Y89.223
G1 F1500 X139.16 Y93.337 E287.3974
G0 F9000 X139.16 Y92.771
G1 F1500 X142.771 Y89.16 E287.56725
G0 F9000 X142.206 Y89.16
G1 F1500 X139.16 Y92.205 E287.7105
G0 F9000 X139.16 Y91.64
G1 F1500 X141.64 Y89.16 E287.82715
G0 F9000 X141.074 Y89.16
G1 F1500 X139.16 Y91.074 E287.91718
G0 F9000 X139.079 Y90.59
G1 F1500 X140.508 Y89.16 E287.98442
G0 F9000 X139.943 Y89.16
G1 F1500 X138.865 Y90.237 E288.0351
G0 F9000 X138.548 Y89.989
G1 F1500 X139.377 Y89.16 E288.07409
G0 F9000 X138.811 Y89.16
G1 F1500 X138.15 Y89.822 E288.10521
G1 F2700 E283.10521
G0 F9000 X138.03 Y90.31
G0 X138.438 Y90.562
G0 X138.803 Y116.03
G0 X139.099 Y116.645
G0 X139.349 Y116.896
G0 X139.969 Y117.193
G0 X140.357 Y117.239
G0 X142.891 Y117.239
G0 X143.279 Y117.193
G0 X143.606 Y117.079
G0 X144.147 Y116.644
G0 X144.33 Y116.356
G0 X144.445 Y116.03
G0 X144.487 Y115.646
G0 X144.466 Y100.731
G0 X141.958 Y100.999
G0 X140.257 Y99.079
G0 X140.753 Y97.049
G0 X141.532 Y96.111
G0 X141.32 Y95.702
G1 F2700 E288.10521
G1 F1500 X144.088 Y92.934 E288.23541
G0 F9000 X144.088 Y93.5
G1 F1500 X142.25 Y95.338 E288.32186
G0 F9000 X142.89 Y95.264
G1 F1500 X144.088 Y94.066 E288.37821
G0 F9000 X144.088 Y94.631
G1 F1500 X143.43 Y95.29 E288.40919
G0 F9000 X143.882 Y95.403
G1 F1500 X144.088 Y95.197 E288.41888
G1 F2700 E283.41888
;MESH:NONMESH
G0 F300 Z1
G0 F9000 X144.548 Y95.197
G0 X144.468 Y96.088
G0 X142.646 Y95.976
G0 X142.071 Y96.116
G0 X141.547 Y96.393
G0 X141.104 Y96.785
G0 X140.767 Y97.272
G0 X140.559 Y97.822
G0 X140.396 Y99.459
G0 X141.958 Y100.999
G0 X144.466 Y100.731
G0 X144.487 Y115.646
G0 X144.445 Y116.03
G0 X144.33 Y116.356
G0 X143.893 Y116.897
G0 X143.606 Y117.079
G0 X143.279 Y117.193
G0 X142.891 Y117.239
G0 X140.357 Y117.239
G0 X139.969 Y117.193
G0 X139.349 Y116.896
G0 X138.918 Y116.359
G0 X138.803 Y116.03
G0 X138.438 Y90.562
G0 X96.562 Y90.562
G0 X96.205 Y144.808
G0 X96.078 Y145.359
G0 X95.645 Y145.897
G0 X94.653 Y146.4
;TIME_ELAPSED:536.227867
;LAYER:4
;TYPE:WALL-INNER
;MESH:battery holder-BodyChamfer.stl
G1 F2700 E288.41888
G1 F1500 X95.064 Y146.351 E288.43264
G1 X95.429 Y146.223 E288.44551
G1 X95.747 Y146.024 E288.45798
G1 X96.024 Y145.747 E288.47101
G1 X96.223 Y145.429 E288.48349
G1 X96.351 Y145.064 E288.49636
G1 X96.4 Y144.653 E288.51012
G1 X96.4 Y90.879 E290.29865
G1 X96.52 Y90.64 E290.30755
G1 X96.717 Y90.47 E290.3162
G1 X96.922 Y90.4 E290.32341
G1 X138 Y90.4 E291.68967
G1 X138.283 Y90.47 E291.69936
G1 X138.48 Y90.64 E291.70802
G1 X138.6 Y90.879 E291.71691
G1 X138.601 Y115.655 E292.54097
G1 X138.645 Y116.066 E292.55471
G1 X138.773 Y116.429 E292.56752
G1 X138.972 Y116.747 E292.57999
G1 X139.248 Y117.023 E292.59297
G1 X139.57 Y117.224 E292.6056
G1 X139.933 Y117.351 E292.61839
G1 X140.347 Y117.4 E292.63226
G1 X142.901 Y117.4 E292.7172
G1 X143.316 Y117.351 E292.7311
G1 X143.677 Y117.224 E292.74383
G1 X143.995 Y117.024 E292.75632
G1 X144.273 Y116.745 E292.76942
G1 X144.476 Y116.427 E292.78197
G1 X144.602 Y116.066 E292.79469
G1 X144.648 Y115.655 E292.80845
G1 X144.648 Y100.347 E293.31759
G1 X144.352 Y100.587 E293.33027
G1 X143.861 Y100.847 E293.34874
G1 X143.253 Y100.992 E293.36953
G1 X142.623 Y100.992 E293.39049
G1 X142.013 Y100.846 E293.41135
G1 X141.46 Y100.553 E293.43216
G1 X140.991 Y100.137 E293.45302
G1 X140.627 Y99.612 E293.47426
G1 X140.414 Y99.041 E293.49453
G1 X140.34 Y98.408 E293.51573
G1 X140.412 Y97.781 E293.53672
G1 X140.627 Y97.204 E293.5572
G1 X140.991 Y96.679 E293.57845
G1 X141.461 Y96.261 E293.59937
G1 X142.015 Y95.974 E293.62012
G1 X142.62 Y95.824 E293.64085
G1 X143.256 Y95.824 E293.66201
G1 X143.861 Y95.974 E293.68274
G1 X144.349 Y96.227 E293.70102
G1 X144.648 Y96.469 E293.71382
G1 X144.648 Y90.345 E293.9175
G1 X144.603 Y89.93 E293.93138
G1 X144.476 Y89.572 E293.94402
G1 X144.272 Y89.25 E293.9567
G1 X143.995 Y88.972 E293.96975
G1 X143.677 Y88.772 E293.98224
G1 X143.318 Y88.645 E293.99491
G1 X142.903 Y88.6 E294.00879
G1 X92.093 Y88.6 E295.69874
G1 X91.682 Y88.645 E295.71249
G1 X91.319 Y88.773 E295.72529
G1 X91.001 Y88.972 E295.73777
G1 X90.724 Y89.25 E295.75082
G1 X90.521 Y89.57 E295.76343
G1 X90.397 Y89.93 E295.77609
G1 X90.348 Y90.347 E295.79006
G1 X90.349 Y96.468 E295.99364
G1 X90.647 Y96.227 E296.00639
G1 X91.135 Y95.974 E296.02467
G1 X91.74 Y95.824 E296.0454
G1 X92.376 Y95.824 E296.06656
G1 X92.981 Y95.974 E296.08729
G1 X93.535 Y96.261 E296.10804
G1 X94.002 Y96.677 E296.12884
G1 X94.366 Y97.2 E296.15004
G1 X94.589 Y97.784 E296.17083
G1 X94.656 Y98.408 E296.1917
G1 X94.588 Y99.036 E296.21271
G1 X94.366 Y99.617 E296.2334
G1 X94.002 Y100.139 E296.25456
G1 X93.537 Y100.553 E296.27527
G1 X92.982 Y100.846 E296.29615
G1 X92.373 Y100.992 E296.31697
G1 X91.743 Y100.992 E296.33793
G1 X91.133 Y100.846 E296.35879
G1 X90.644 Y100.587 E296.37719
G1 X90.349 Y100.348 E296.38982
G1 X90.349 Y138.1 E297.64546
G1 X90.644 Y137.861 E297.65809
G1 X91.132 Y137.603 E297.67645
G1 X91.739 Y137.452 E297.69725
G1 X92.376 Y137.452 E297.71844
G1 X92.984 Y137.603 E297.73927
G1 X93.537 Y137.895 E297.76007
G1 X94.002 Y138.309 E297.78078
G1 X94.366 Y138.832 E297.80197
G1 X94.589 Y139.416 E297.82277
G1 X94.656 Y140.04 E297.84364
G1 X94.587 Y140.666 E297.86459
G1 X94.368 Y141.247 E297.88524
G1 X94.004 Y141.766 E297.90632
G1 X93.536 Y142.186 E297.92724
G1 X92.98 Y142.475 E297.94808
G1 X92.367 Y142.624 E297.96906
G1 X91.74 Y142.624 E297.98992
G1 X91.135 Y142.474 E298.01065
G1 X90.647 Y142.221 E298.02893
G1 X90.348 Y141.977 E298.04177
G1 X90.348 Y144.653 E298.13077
G1 X90.397 Y145.066 E298.1446
G1 X90.521 Y145.429 E298.15736
G1 X90.723 Y145.745 E298.16983
G1 X91.001 Y146.024 E298.18293
G1 X91.319 Y146.223 E298.19541
G1 X91.684 Y146.351 E298.20828
G1 X92.095 Y146.4 E298.22204
G1 X94.653 Y146.4 E298.30712
G0 F9000 X94.676 Y146.8
;TYPE:WALL-OUTER
G1 F1500 X95.154 Y146.743 E298.32313
G1 X95.604 Y146.586 E298.33899
G1 X95.998 Y146.338 E298.35447
G1 X96.338 Y145.998 E298.37046
G1 X96.586 Y145.604 E298.38595
G1 X96.743 Y145.154 E298.4018
G1 X96.8 Y144.676 E298.41781
G1 X96.8 Y90.959 E300.20444
G1 X96.84 Y90.88 E300.20739
G1 X96.965 Y90.803 E300.21227
G1 X138.077 Y90.8 E301.57966
G1 X138.2 Y90.959 E301.58635
G1 X138.201 Y115.677 E302.40847
G1 X138.253 Y116.155 E302.42446
G1 X138.41 Y116.604 E302.44029
G1 X138.658 Y116.998 E302.45577
G1 X138.998 Y117.338 E302.47176
G1 X139.396 Y117.586 E302.48736
G1 X139.842 Y117.743 E302.50309
G1 X140.324 Y117.8 E302.51923
G1 X142.924 Y117.8 E302.60571
G1 X143.406 Y117.743 E302.62185
G1 X143.852 Y117.586 E302.63757
G1 X144.246 Y117.338 E302.65306
G1 X144.587 Y116.997 E302.6691
G1 X144.838 Y116.603 E302.68464
G1 X144.995 Y116.155 E302.70043
G1 X145.048 Y115.677 E302.71642
G1 X145.048 Y99.431 E303.25677
G1 F1530.6 X145.062 Y98.948 E303.27252
G1 X144.9 Y99.404 E303.28829
G1 F1500 X144.566 Y99.886 E303.30779
G1 X144.166 Y100.233 E303.32541
G1 X143.695 Y100.475 E303.34302
G1 X143.227 Y100.587 E303.35902
G1 X142.649 Y100.587 E303.37825
G1 X142.134 Y100.457 E303.39591
G1 X141.671 Y100.206 E303.41343
G1 X141.279 Y99.85 E303.43104
G1 X140.976 Y99.402 E303.44903
G1 X140.801 Y98.917 E303.46618
G1 X140.74 Y98.408 E303.48323
G1 X140.801 Y97.899 E303.50028
G1 X140.976 Y97.414 E303.51743
G1 X141.311 Y96.93 E303.53701
G1 X141.711 Y96.582 E303.55464
G1 X142.179 Y96.345 E303.57209
G1 X142.647 Y96.229 E303.58813
G1 X143.229 Y96.229 E303.60748
G1 X143.697 Y96.345 E303.62352
G1 X144.165 Y96.582 E303.64097
G1 X144.566 Y96.93 E303.65863
G1 X144.9 Y97.412 E303.67813
G1 F1530.6 X145.062 Y97.867 E303.69388
G1 X145.048 Y97.385 E303.70959
G1 F1500 X145.048 Y90.323 E303.94448
G1 X144.995 Y89.841 E303.9606
G1 X144.838 Y89.396 E303.9763
G1 X144.586 Y88.998 E303.99197
G1 X144.246 Y88.658 E304.00796
G1 X143.852 Y88.41 E304.02344
G1 X143.407 Y88.253 E304.03914
G1 X142.925 Y88.2 E304.05527
G1 X92.071 Y88.2 E305.74668
G1 X91.593 Y88.253 E305.76267
G1 X91.144 Y88.41 E305.77849
G1 X90.75 Y88.658 E305.79398
G1 X90.41 Y88.998 E305.80997
G1 X90.158 Y89.396 E305.82564
G1 X90.005 Y89.841 E305.84129
G1 X89.948 Y90.324 E305.85747
G1 X89.948 Y97.387 E306.09238
G1 F1554.4 X89.935 Y97.901 E306.10888
G1 X90.096 Y97.413 E306.12538
G1 F1500 X90.43 Y96.93 E306.14491
G1 X90.831 Y96.582 E306.16257
G1 X91.299 Y96.345 E306.18002
G1 X91.767 Y96.229 E306.19605
G1 X92.349 Y96.229 E306.21541
G1 X92.817 Y96.345 E306.23145
G1 X93.285 Y96.582 E306.2489
G1 X93.717 Y96.966 E306.26812
G1 X94.019 Y97.412 E306.28603
G1 X94.199 Y97.901 E306.30337
G1 X94.256 Y98.408 E306.32033
G1 X94.198 Y98.927 E306.3377
G1 X93.997 Y99.446 E306.35622
G1 X93.685 Y99.886 E306.37416
G1 X93.286 Y100.233 E306.39174
G1 X92.815 Y100.475 E306.40936
G1 X92.347 Y100.587 E306.42536
G1 X91.769 Y100.587 E306.44459
G1 X91.254 Y100.457 E306.46225
G1 X90.791 Y100.206 E306.47977
G1 X90.43 Y99.886 E306.49581
G1 X90.096 Y99.403 E306.51534
G1 F1554.4 X89.935 Y98.915 E306.53184
G1 X89.948 Y99.429 E306.54834
G1 F1500 X89.948 Y139.019 E307.86511
G1 F1554.4 X89.935 Y139.533 E307.88161
G1 X90.096 Y139.045 E307.89811
G1 F1500 X90.43 Y138.562 E307.91764
G1 X90.83 Y138.215 E307.93525
G1 X91.299 Y137.973 E307.9528
G1 X91.767 Y137.857 E307.96884
G1 X92.349 Y137.857 E307.9882
G1 X92.817 Y137.973 E308.00423
G1 X93.325 Y138.242 E308.02335
G1 X93.717 Y138.598 E308.04096
G1 X94.019 Y139.044 E308.05888
G1 X94.199 Y139.533 E308.07621
G1 X94.256 Y140.04 E308.09318
G1 X94.198 Y140.555 E308.11042
G1 X94.02 Y141.035 E308.12744
G1 X93.686 Y141.513 E308.14684
G1 X93.285 Y141.866 E308.16461
G1 X92.817 Y142.103 E308.18206
G1 X92.349 Y142.219 E308.19809
G1 X91.767 Y142.219 E308.21745
G1 X91.299 Y142.103 E308.23349
G1 X90.831 Y141.866 E308.25093
G1 X90.4 Y141.479 E308.2702
G1 X90.096 Y141.034 E308.28813
G1 F1554.4 X89.935 Y140.543 E308.30471
G1 X89.949 Y141.06 E308.32131
G1 F1500 X89.948 Y144.676 E308.44158
G1 X90.005 Y145.155 E308.45762
G1 X90.158 Y145.604 E308.4734
G1 X90.409 Y145.997 E308.48891
G1 X90.75 Y146.338 E308.50495
G1 X91.144 Y146.586 E308.52043
G1 X91.594 Y146.743 E308.53628
G1 X92.072 Y146.8 E308.5523
G1 X94.676 Y146.8 E308.63891
G1 F2700 E303.63891
G0 F9000 X94.635 Y146.091
G0 X90.224 Y141.665
G0 X89.935 Y140.543
G1 F2700 E308.63891
G1 F1754.4 X89.904 Y140.04 E308.65324
G1 X89.935 Y139.533 E308.66768
G1 F2700 E303.66768
G0 F9000 X89.085 Y139.533
G0 X89.085 Y98.915
G0 X89.935 Y98.915
G1 F2700 E308.66768
G1 F1754.4 X89.904 Y98.408 E308.68213
G1 X89.935 Y97.901 E308.69657
G1 F2700 E303.69657
G0 F9000 X145.063 Y97.901
G1 F2700 E308.69657
G1 F1769.9 X145.094 Y98.408 E308.71089
G1 X145.063 Y98.924 E308.72546
G1 F2700 E303.72546
G0 F9000 X144.835 Y99.893
G0 X144.295 Y100.969
G0 X144.19 Y100.764
;TYPE:FILL
G1 F2700 E308.72546
G1 F3000 X144.567 Y101.14 E308.74317
G0 F9000 X144.34 Y101.14
G0 X144.34 Y104.767
G0 X144.566 Y104.767
G1 F3000 X138.681 Y106.344 E308.94581
G0 F9000 X138.91 Y106.344
G0 X138.91 Y105.265
G0 X138.681 Y105.265
G1 F3000 X140.34 Y99.073 E309.15902
G0 F9000 X140.55 Y99.632
G1 F3000 X138.681 Y100.133 E309.22338
G0 F9000 X138.91 Y100.133
G0 X140.385 Y97.017
G0 X140.571 Y97.145
G1 F3000 X138.68 Y95.254 E309.31233
G0 F9000 X138.91 Y95.254
G0 X138.91 Y93.921
G0 X138.68 Y93.921
G1 F3000 X144.567 Y92.344 E309.51503
G0 F9000 X144.568 Y92.656
G1 F3000 X140.592 Y88.68 E309.70205
G0 F9000 X140.592 Y88.91
G0 X143.093 Y88.933
G0 X143.119 Y88.703
G1 F3000 X141.016 Y96.551 E309.97229
G0 F9000 X140.866 Y96.381
G0 X140.411 Y97.085
G0 X140.214 Y97.603
G0 X138.91 Y103.739
G0 X138.68 Y103.739
G1 F3000 X144.567 Y109.626 E310.24919
G0 F9000 X144.34 Y109.626
G0 X144.34 Y110.979
G0 X144.566 Y110.979
G1 F3000 X138.681 Y112.556 E310.45183
G0 F9000 X138.68 Y112.224
G1 F3000 X143.616 Y117.161 E310.68403
G0 F9000 X143.543 Y116.947
G0 X141.662 Y117.09
G0 X141.662 Y117.32
G1 F3000 X144.567 Y106.48 E311.05729
G0 F9000 X144.34 Y106.48
G0 X140.41 Y99.735
G0 X138.828 Y94.995
G0 X138.838 Y90.162
G0 X136.474 Y90.09
G0 X136.474 Y90.321
G1 F3000 X136.913 Y88.679 E311.11382
G0 F9000 X136.913 Y88.91
G0 X135.06 Y88.91
G0 X135.06 Y88.68
G1 F3000 X128.938 Y90.32 E311.32462
G0 F9000 X128.938 Y90.09
G0 X130.262 Y90.09
G0 X130.262 Y90.321
G1 F3000 X130.702 Y88.68 E311.38113
G0 F9000 X130.702 Y88.91
G0 X132.107 Y88.91
G0 X132.107 Y88.68
G1 F3000 X133.746 Y90.32 E311.45825
G0 F9000 X133.746 Y90.09
G0 X125.261 Y90.09
G0 X125.261 Y90.32
G1 F3000 X123.621 Y88.68 E311.53539
G0 F9000 X124.49 Y88.679
G1 F3000 X124.05 Y90.32 E311.5919
G0 F9000 X124.05 Y90.09
G0 X118.278 Y88.91
G0 X118.278 Y88.679
G1 F3000 X117.839 Y90.32 E311.6484
G0 F9000 X117.839 Y90.09
G0 X116.776 Y90.09
G0 X116.776 Y90.32
G1 F3000 X115.136 Y88.68 E311.72554
G0 F9000 X115.136 Y88.91
G0 X112.067 Y88.91
G0 X112.067 Y88.68
G1 F3000 X111.627 Y90.32 E311.78201
G0 F9000 X111.627 Y90.09
G0 X111.877 Y88.91
G0 X111.877 Y88.68
G1 F3000 X105.756 Y90.32 E311.99278
G0 F9000 X105.415 Y90.32
G1 F3000 X105.855 Y88.68 E312.04925
G0 F9000 X106.651 Y88.68
G1 F3000 X108.291 Y90.32 E312.12639
G0 F9000 X108.291 Y90.09
G0 X99.805 Y90.09
G0 X99.805 Y90.32
G1 F3000 X98.166 Y88.68 E312.20351
G0 F9000 X98.166 Y88.91
G0 X99.643 Y88.91
G0 X99.643 Y88.679
G1 F3000 X99.204 Y90.32 E312.26001
G0 F9000 X99.204 Y90.09
G0 X96.162 Y90.162
G0 X96.09 Y92.848
G0 X96.32 Y92.848
G1 F3000 X90.429 Y94.427 E312.46286
G0 F9000 X90.66 Y94.427
G0 X91.472 Y95.573
G0 X91.525 Y95.795
G1 F3000 X93.432 Y88.68 E312.70786
G0 F9000 X93.432 Y88.91
G0 X90.803 Y89.707
G0 X90.598 Y89.598
G1 F3000 X96.32 Y95.32 E312.97701
G0 F9000 X96.09 Y95.32
G0 X96.09 Y99.06
G0 X96.32 Y99.06
G1 F3000 X94.477 Y99.554 E313.04047
G0 F9000 X94.692 Y99.636
G0 X94.291 Y100.176
G0 X93.395 Y100.979
G0 X93.289 Y100.775
G1 F3000 X96.32 Y103.805 E313.18301
G0 F9000 X96.09 Y103.805
G0 X96.09 Y105.272
G0 X96.319 Y105.272
G1 F3000 X90.43 Y106.85 E313.38579
G0 F9000 X90.43 Y106.4
G1 F3000 X96.32 Y112.291 E313.66286
G0 F9000 X96.319 Y111.484
G1 F3000 X90.43 Y113.062 E313.86564
G0 F9000 X90.66 Y113.062
G0 X90.66 Y114.886
G0 X90.43 Y114.886
G1 F3000 X96.32 Y120.776 E314.14269
G0 F9000 X96.09 Y120.776
G0 X96.09 Y117.695
G0 X96.32 Y117.695
G1 F3000 X90.43 Y119.273 E314.3455
G0 F9000 X90.66 Y119.273
G0 X90.66 Y123.064
G0 X90.43 Y123.064
G1 F3000 X96.32 Y101.083 E315.10238
G0 F9000 X96.09 Y101.083
G0 X91.718 Y101.244
G0 X91.175 Y101.112
G0 X90.611 Y100.865
G0 X90.521 Y100.614
G1 F3000 X90.43 Y100.638 E315.10551
G0 F9000 X90.611 Y100.865
G0 X90.66 Y123.371
G0 X90.43 Y123.371
G1 F3000 X96.32 Y129.261 E315.38256
G0 F9000 X96.319 Y130.118
G1 F3000 X90.43 Y131.696 E315.58534
G1 X90.43 Y131.856
G1 X96.32 Y137.747 E315.86241
G0 F9000 X96.09 Y137.747
G0 X96.09 Y136.33
G0 X96.32 Y136.33
G1 F3000 X92.409 Y137.378 E315.99708
G0 F9000 X92.781 Y137.471
G1 F3000 X96.32 Y124.265 E316.45181
G0 F9000 X96.319 Y123.907
G1 F3000 X90.43 Y125.485 E316.65459
G0 F9000 X90.66 Y125.485
G0 X94.832 Y139.355
G0 X94.916 Y140.039
G0 X94.832 Y140.724
G0 X94.59 Y141.365
G0 X94.197 Y141.933
G0 X93.682 Y142.389
G0 X93.072 Y142.711
G0 X92.529 Y142.843
G0 X91.346 Y142.846
G0 X91.401 Y142.622
G1 F3000 X90.639 Y145.467 E316.75255
G0 F9000 X90.836 Y145.344
G0 X90.66 Y144.12
G0 X90.428 Y144.12
G1 F3000 X96.32 Y142.542 E316.95543
G0 F9000 X96.09 Y142.542
G0 X95.713 Y145.625
G0 X95.872 Y145.784
G1 F3000 X92.711 Y142.623 E317.10411
G0 F9000 X92.835 Y143.14
;MESH:NONMESH
G0 F300 Z1.2
G0 F9000 X94.635 Y146.091
G0 X94.653 Y146.4
;TIME_ELAPSED:580.656233
;LAYER:5
;TYPE:WALL-INNER
;MESH:battery holder-BodyChamfer.stl
G1 F1500 X95.064 Y146.351 E317.11788
G1 X95.429 Y146.223 E317.13074
G1 X95.747 Y146.024 E317.14322
G1 X96.024 Y145.747 E317.15625
G1 X96.223 Y145.429 E317.16873
G1 X96.351 Y145.064 E317.18159
G1 X96.4 Y144.653 E317.19536
G1 X96.4 Y90.879 E318.98389
G1 X96.52 Y90.64 E318.99278
G1 X96.717 Y90.47 E319.00144
G1 X96.922 Y90.4 E319.00864
G1 X138 Y90.4 E320.3749
G1 X138.283 Y90.47 E320.3846
G1 X138.48 Y90.64 E320.39325
G1 X138.6 Y90.879 E320.40215
G1 X138.601 Y115.655 E321.2262
G1 X138.645 Y116.066 E321.23995
G1 X138.773 Y116.429 E321.25275
G1 X138.972 Y116.747 E321.26523
G1 X139.248 Y117.023 E321.27821
G1 X139.57 Y117.224 E321.29083
G1 X139.933 Y117.351 E321.30363
G1 X140.347 Y117.4 E321.31749
G1 X142.901 Y117.4 E321.40244
G1 X143.316 Y117.351 E321.41634
G1 X143.677 Y117.224 E321.42907
G1 X143.995 Y117.024 E321.44156
G1 X144.273 Y116.745 E321.45466
G1 X144.476 Y116.427 E321.46721
G1 X144.602 Y116.066 E321.47992
G1 X144.648 Y115.655 E321.49368
G1 X144.648 Y100.347 E322.00283
G1 X144.352 Y100.587 E322.0155
G1 X143.861 Y100.847 E322.03398
G1 X143.253 Y100.992 E322.05477
G1 X142.623 Y100.992 E322.07572
G1 X142.013 Y100.846 E322.09658
G1 X141.46 Y100.553 E322.1174
G1 X140.991 Y100.137 E322.13825
G1 X140.627 Y99.612 E322.1595
G1 X140.414 Y99.041 E322.17977
G1 X140.34 Y98.408 E322.20097
G1 X140.412 Y97.781 E322.22196
G1 X140.627 Y97.204 E322.24244
G1 X140.991 Y96.679 E322.26369
G1 X141.461 Y96.261 E322.28461
G1 X142.015 Y95.974 E322.30536
G1 X142.62 Y95.824 E322.32609
G1 X143.256 Y95.824 E322.34724
G1 X143.861 Y95.974 E322.36797
G1 X144.349 Y96.227 E322.38626
G1 X144.648 Y96.469 E322.39905
G1 X144.648 Y90.345 E322.60274
G1 X144.603 Y89.93 E322.61662
G1 X144.476 Y89.572 E322.62925
G1 X144.272 Y89.25 E322.64193
G1 X143.995 Y88.972 E322.65498
G1 X143.677 Y88.772 E322.66748
G1 X143.318 Y88.645 E322.68014
G1 X142.903 Y88.6 E322.69403
G1 X92.093 Y88.6 E324.38398
G1 X91.682 Y88.645 E324.39773
G1 X91.319 Y88.773 E324.41053
G1 X91.001 Y88.972 E324.42301
G1 X90.724 Y89.25 E324.43606
G1 X90.521 Y89.57 E324.44866
G1 X90.397 Y89.93 E324.46133
G1 X90.348 Y90.347 E324.47529
G1 X90.349 Y96.468 E324.67888
G1 X90.647 Y96.227 E324.69162
G1 X91.135 Y95.974 E324.70991
G1 X91.74 Y95.824 E324.73064
G1 X92.376 Y95.824 E324.75179
G1 X92.981 Y95.974 E324.77252
G1 X93.535 Y96.261 E324.79328
G1 X94.002 Y96.677 E324.81408
G1 X94.366 Y97.2 E324.83527
G1 X94.589 Y97.784 E324.85606
G1 X94.656 Y98.408 E324.87694
G1 X94.588 Y99.036 E324.89795
G1 X94.366 Y99.617 E324.91863
G1 X94.002 Y100.139 E324.9398
G1 X93.537 Y100.553 E324.96051
G1 X92.982 Y100.846 E324.98138
G1 X92.373 Y100.992 E325.00221
G1 X91.743 Y100.992 E325.02316
G1 X91.133 Y100.846 E325.04402
G1 X90.644 Y100.587 E325.06243
G1 X90.349 Y100.348 E325.07506
G1 X90.349 Y138.1 E326.33069
G1 X90.644 Y137.861 E326.34332
G1 X91.132 Y137.603 E326.36168
G1 X91.739 Y137.452 E326.38249
G1 X92.376 Y137.452 E326.40367
G1 X92.984 Y137.603 E326.42451
G1 X93.537 Y137.895 E326.44531
G1 X94.002 Y138.309 E326.46602
G1 X94.366 Y138.832 E326.48721
G1 X94.589 Y139.416 E326.508
G1 X94.656 Y140.04 E326.52887
G1 X94.587 Y140.666 E326.54982
G1 X94.368 Y141.247 E326.57047
G1 X94.004 Y141.766 E326.59156
G1 X93.536 Y142.186 E326.61247
G1 X92.98 Y142.475 E326.63331
G1 X92.367 Y142.624 E326.6543
G1 X91.74 Y142.624 E326.67515
G1 X91.135 Y142.474 E326.69588
G1 X90.647 Y142.221 E326.71416
G1 X90.348 Y141.977 E326.727
G1 X90.348 Y144.653 E326.816
G1 X90.397 Y145.066 E326.82984
G1 X90.521 Y145.429 E326.8426
G1 X90.723 Y145.745 E326.85507
G1 X91.001 Y146.024 E326.86817
G1 X91.319 Y146.223 E326.88065
G1 X91.684 Y146.351 E326.89351
G1 X92.095 Y146.4 E326.90728
G1 X94.653 Y146.4 E326.99236
G0 F9000 X94.676 Y146.8
;TYPE:WALL-OUTER
G1 F1500 X95.154 Y146.743 E327.00837
G1 X95.604 Y146.586 E327.02422
G1 X95.998 Y146.338 E327.0397
G1 X96.338 Y145.998 E327.0557
G1 X96.586 Y145.604 E327.07118
G1 X96.743 Y145.154 E327.08703
G1 X96.8 Y144.676 E327.10304
G1 X96.8 Y90.959 E328.88968
G1 X96.84 Y90.88 E328.89262
G1 X96.965 Y90.803 E328.89751
G1 X138.077 Y90.8 E330.2649
G1 X138.2 Y90.959 E330.27158
G1 X138.201 Y115.677 E331.09371
G1 X138.253 Y116.155 E331.1097
G1 X138.41 Y116.604 E331.12552
G1 X138.658 Y116.998 E331.141
G1 X138.998 Y117.338 E331.157
G1 X139.396 Y117.586 E331.17259
G1 X139.842 Y117.743 E331.18832
G1 X140.324 Y117.8 E331.20446
G1 X142.924 Y117.8 E331.29094
G1 X143.406 Y117.743 E331.30708
G1 X143.852 Y117.586 E331.32281
G1 X144.246 Y117.338 E331.33829
G1 X144.587 Y116.997 E331.35433
G1 X144.838 Y116.603 E331.36987
G1 X144.995 Y116.155 E331.38566
G1 X145.048 Y115.677 E331.40166
G1 X145.048 Y99.431 E331.942
G1 F1530.6 X145.062 Y98.948 E331.95775
G1 X144.9 Y99.404 E331.97352
G1 F1500 X144.566 Y99.886 E331.99303
G1 X144.166 Y100.233 E332.01064
G1 X143.695 Y100.475 E332.02825
G1 X143.227 Y100.587 E332.04426
G1 X142.649 Y100.587 E332.06348
G1 X142.134 Y100.457 E332.08115
G1 X141.671 Y100.206 E332.09867
G1 X141.279 Y99.85 E332.11628
G1 X140.976 Y99.402 E332.13427
G1 X140.801 Y98.917 E332.15141
G1 X140.74 Y98.408 E332.16847
G1 X140.801 Y97.899 E332.18552
G1 X140.976 Y97.414 E332.20267
G1 X141.311 Y96.93 E332.22224
G1 X141.711 Y96.582 E332.23988
G1 X142.179 Y96.345 E332.25733
G1 X142.647 Y96.229 E332.27336
G1 X143.229 Y96.229 E332.29272
G1 X143.697 Y96.345 E332.30876
G1 X144.165 Y96.582 E332.3262
G1 X144.566 Y96.93 E332.34386
G1 X144.9 Y97.412 E332.36337
G1 F1530.6 X145.062 Y97.867 E332.37911
G1 X145.048 Y97.385 E332.39483
G1 F1500 X145.048 Y90.323 E332.62971
G1 X144.995 Y89.841 E332.64584
G1 X144.838 Y89.396 E332.66153
G1 X144.586 Y88.998 E332.6772
G1 X144.246 Y88.658 E332.69319
G1 X143.852 Y88.41 E332.70868
G1 X143.407 Y88.253 E332.72437
G1 X142.925 Y88.2 E332.7405
G1 X92.071 Y88.2 E334.43191
G1 X91.593 Y88.253 E334.44791
G1 X91.144 Y88.41 E334.46373
G1 X90.75 Y88.658 E334.47921
G1 X90.41 Y88.998 E334.49521
G1 X90.158 Y89.396 E334.51087
G1 X90.005 Y89.841 E334.52652
G1 X89.948 Y90.324 E334.5427
G1 X89.948 Y97.387 E334.77762
G1 F1554.4 X89.935 Y97.901 E334.79412
G1 X90.096 Y97.413 E334.81061
G1 F1500 X90.43 Y96.93 E334.83014
G1 X90.831 Y96.582 E334.8478
G1 X91.299 Y96.345 E334.86525
G1 X91.767 Y96.229 E334.88129
G1 X92.349 Y96.229 E334.90065
G1 X92.817 Y96.345 E334.91668
G1 X93.285 Y96.582 E334.93413
G1 X93.717 Y96.966 E334.95335
G1 X94.019 Y97.412 E334.97127
G1 X94.199 Y97.901 E334.9886
G1 X94.256 Y98.408 E335.00557
G1 X94.198 Y98.927 E335.02294
G1 X93.997 Y99.446 E335.04145
G1 X93.685 Y99.886 E335.05939
G1 X93.286 Y100.233 E335.07698
G1 X92.815 Y100.475 E335.09459
G1 X92.347 Y100.587 E335.1106
G1 X91.769 Y100.587 E335.12982
G1 X91.254 Y100.457 E335.14749
G1 X90.791 Y100.206 E335.165
G1 X90.43 Y99.886 E335.18105
G1 X90.096 Y99.403 E335.20058
G1 F1554.4 X89.935 Y98.915 E335.21707
G1 X89.948 Y99.429 E335.23358
G1 F1500 X89.948 Y139.019 E336.55034
G1 F1554.4 X89.935 Y139.533 E336.56685
G1 X90.096 Y139.045 E336.58334
G1 F1500 X90.43 Y138.562 E336.60287
G1 X90.83 Y138.215 E336.62048
G1 X91.299 Y137.973 E336.63804
G1 X91.767 Y137.857 E336.65407
G1 X92.349 Y137.857 E336.67343
G1 X92.817 Y137.973 E336.68947
G1 X93.325 Y138.242 E336.70859
G1 X93.717 Y138.598 E336.7262
G1 X94.019 Y139.044 E336.74411
G1 X94.199 Y139.533 E336.76145
G1 X94.256 Y140.04 E336.77841
G1 X94.198 Y140.555 E336.79565
G1 X94.02 Y141.035 E336.81268
G1 X93.686 Y141.513 E336.83207
G1 X93.285 Y141.866 E336.84984
G1 X92.817 Y142.103 E336.86729
G1 X92.349 Y142.219 E336.88333
G1 X91.767 Y142.219 E336.90268
G1 X91.299 Y142.103 E336.91872
G1 X90.831 Y141.866 E336.93617
G1 X90.4 Y141.479 E336.95544
G1 X90.096 Y141.034 E336.97336
G1 F1554.4 X89.935 Y140.543 E336.98994
G1 X89.949 Y141.06 E337.00654
G1 F1500 X89.948 Y144.676 E337.12681
G1 X90.005 Y145.155 E337.14286
G1 X90.158 Y145.604 E337.15863
G1 X90.409 Y145.997 E337.17414
G1 X90.75 Y146.338 E337.19018
G1 X91.144 Y146.586 E337.20567
G1 X91.594 Y146.743 E337.22152
G1 X92.072 Y146.8 E337.23753
G1 X94.676 Y146.8 E337.32414
G1 F2700 E332.32414
G0 F9000 X94.635 Y146.091
G0 X90.224 Y141.665
G0 X89.935 Y140.543
G1 F2700 E337.32414
G1 F1754.4 X89.904 Y140.04 E337.33847
G1 X89.935 Y139.533 E337.35292
G1 F2700 E332.35292
G0 F9000 X89.085 Y139.533
G0 X89.085 Y98.915
G0 X89.935 Y98.915
G1 F2700 E337.35292
G1 F1754.4 X89.904 Y98.408 E337.36736
G1 X89.935 Y97.901 E337.38181
G1 F2700 E332.38181
G0 F9000 X145.063 Y97.901
G1 F2700 E337.38181
G1 F1769.9 X145.094 Y98.408 E337.39612
G1 X145.063 Y98.924 E337.41069
G1 F2700 E332.41069
G0 F9000 X144.835 Y99.893
G0 X144.34 Y100.899
G0 X144.321 Y100.696
;TYPE:FILL
G1 F2700 E337.41069
G1 F3000 X144.567 Y100.941 E337.42224
G0 F9000 X144.34 Y100.941
G0 X144.34 Y104.914
G0 X144.566 Y104.914
G1 F3000 X138.681 Y106.49 E337.62488
G0 F9000 X138.91 Y106.49
G0 X138.91 Y104.72
G0 X138.681 Y104.72
G1 F3000 X140.294 Y98.7 E337.83216
G0 F9000 X140.062 Y98.728
G0 X140.441 Y99.886
G0 X140.631 Y99.756
G1 F3000 X138.68 Y100.279 E337.89935
G0 F9000 X138.91 Y100.279
G0 X138.91 Y103.54
G0 X138.68 Y103.54
G1 F3000 X144.567 Y109.427 E338.17625
G0 F9000 X144.34 Y109.427
G0 X144.34 Y111.125
G0 X144.566 Y111.125
G1 F3000 X138.681 Y112.702 E338.37889
G0 F9000 X138.68 Y112.025
G1 F3000 X143.743 Y117.088 E338.61704
G0 F9000 X143.623 Y116.896
G0 X141.516 Y117.09
G0 X141.516 Y117.321
G1 F3000 X144.567 Y105.935 E339.0091
G0 F9000 X144.34 Y105.935
G0 X140.41 Y99.735
G0 X140.168 Y99.094
G0 X140.084 Y98.411
G0 X140.152 Y97.856
G0 X140.466 Y96.899
G0 X140.653 Y97.028
G1 F3000 X138.68 Y95.054 E339.10193
G0 F9000 X138.68 Y94.067
G1 F3000 X144.567 Y92.49 E339.30464
G1 X144.568 Y92.457
G1 X140.791 Y88.68 E339.48229
G0 F9000 X140.791 Y88.91
G0 X142.951 Y88.917
G0 X142.977 Y88.688
G1 F3000 X140.798 Y96.818 E339.76224
G0 F9000 X140.611 Y96.689
G0 X138.838 Y90.162
G0 X136.328 Y90.09
G0 X136.328 Y90.321
G1 F3000 X136.767 Y88.68 E339.81874
G0 F9000 X136.767 Y88.91
G0 X135.605 Y88.91
G0 X135.605 Y88.68
G1 F3000 X129.483 Y90.32 E340.02954
G0 F9000 X130.116 Y90.321
G1 F3000 X130.556 Y88.679 E340.08608
G0 F9000 X130.556 Y88.91
G0 X132.306 Y88.91
G0 X132.306 Y88.68
G1 F3000 X133.946 Y90.32 E340.16322
G0 F9000 X133.946 Y90.09
G0 X125.461 Y90.09
G0 X125.461 Y90.32
G1 F3000 X123.821 Y88.68 E340.24036
G0 F9000 X124.344 Y88.679
G1 F3000 X123.904 Y90.32 E340.29687
G0 F9000 X123.904 Y90.09
G0 X118.132 Y88.91
G0 X118.132 Y88.68
G1 F3000 X117.693 Y90.321 E340.35337
G0 F9000 X116.975 Y90.32
G1 F3000 X115.335 Y88.68 E340.43051
G0 F9000 X115.335 Y88.91
G0 X112.422 Y88.91
G0 X112.422 Y88.68
G1 F3000 X106.301 Y90.32 E340.64127
G0 F9000 X106.301 Y90.09
G0 X105.269 Y90.09
G0 X105.269 Y90.32
G1 F3000 X105.709 Y88.679 E340.69778
G0 F9000 X105.709 Y88.91
G0 X106.85 Y88.91
G0 X106.85 Y88.68
G1 F3000 X108.49 Y90.32 E340.77492
G0 F9000 X108.49 Y90.09
G0 X111.481 Y90.09
G0 X111.481 Y90.32
G1 F3000 X111.921 Y88.68 E340.8314
G0 F9000 X111.921 Y88.91
G0 X100.005 Y90.09
G0 X100.005 Y90.32
G1 F3000 X98.365 Y88.68 E340.90854
G0 F9000 X98.365 Y88.91
G0 X99.497 Y88.91
G0 X99.497 Y88.679
G1 F3000 X99.058 Y90.32 E340.96504
G0 F9000 X99.058 Y90.09
G0 X96.162 Y90.162
G0 X96.09 Y92.994
G0 X96.32 Y92.994
G1 F3000 X90.429 Y94.573 E341.16789
G0 F9000 X90.66 Y94.573
G0 X91.316 Y95.611
G0 X91.369 Y95.833
G1 F3000 X93.286 Y88.68 E341.4142
G0 F9000 X93.286 Y88.91
G0 X90.871 Y89.6
G0 X90.675 Y89.476
G1 F3000 X96.32 Y95.121 E341.67972
G0 F9000 X96.09 Y95.121
G0 X96.09 Y99.206
G0 X96.319 Y99.206
G1 F3000 X94.389 Y99.723 E341.74617
G0 F9000 X94.58 Y99.855
G0 X93.526 Y100.91
G0 X93.419 Y100.705
G1 F3000 X96.32 Y103.606 E341.88263
G0 F9000 X96.09 Y103.606
G0 X96.09 Y105.418
G0 X96.319 Y105.418
G1 F3000 X90.43 Y106.996 E342.08541
G0 F9000 X90.43 Y106.201
G1 F3000 X96.32 Y112.091 E342.36245
G0 F9000 X96.32 Y111.629
G1 F3000 X90.431 Y113.207 E342.56523
G0 F9000 X90.66 Y113.207
G0 X90.66 Y114.686
G0 X90.43 Y114.686
G1 F3000 X96.32 Y120.577 E342.8423
G0 F9000 X96.09 Y120.577
G0 X96.09 Y117.841
G0 X96.32 Y117.841
G1 F3000 X90.43 Y119.419 E343.04512
G0 F9000 X90.66 Y119.419
G0 X90.66 Y122.52
G0 X90.43 Y122.52
G1 F3000 X96.32 Y100.538 E343.80203
G0 F9000 X96.09 Y100.538
G0 X92.402 Y101.244
G0 X91.718 Y101.244
G0 X90.598 Y100.912
G0 X90.705 Y100.71
G1 F3000 X90.43 Y100.784 E343.8115
G0 F9000 X90.616 Y100.866
G0 X90.66 Y123.172
G0 X90.43 Y123.172
G1 F3000 X96.32 Y129.062 E344.08855
G0 F9000 X96.09 Y129.062
G0 X96.09 Y130.264
G0 X96.319 Y130.264
G1 F3000 X90.431 Y131.842 E344.2913
G1 X90.43 Y131.657
G1 X96.32 Y137.547 E344.56834
G0 F9000 X96.09 Y137.547
G0 X96.09 Y136.476
G0 X96.32 Y136.476
G1 F3000 X92.693 Y137.448 E344.69324
G1 X92.645 Y137.436
G1 X96.32 Y123.719 E345.16555
G0 F9000 X96.319 Y124.053
G1 F3000 X90.43 Y125.631 E345.36833
G0 F9000 X90.66 Y125.631
G0 X94.832 Y139.355
G0 X94.916 Y140.039
G0 X94.832 Y140.724
G0 X94.59 Y141.365
G0 X94.197 Y141.933
G0 X93.682 Y142.389
G0 X93.072 Y142.711
G0 X92.402 Y142.874
G0 X91.209 Y142.812
G0 X91.264 Y142.588
G1 F3000 X90.548 Y145.262 E345.4604
G0 F9000 X90.767 Y145.187
G0 X90.66 Y144.266
G0 X90.428 Y144.266
G1 F3000 X96.319 Y142.688 E345.66325
G0 F9000 X96.09 Y142.688
G0 X95.78 Y145.558
G0 X95.97 Y145.682
G1 F3000 X92.871 Y142.584 E345.80899
G0 F9000 X92.995 Y143.101
;MESH:NONMESH
G0 F300 Z1.4
G0 F9000 X94.635 Y146.091
G0 X94.653 Y146.4
;TIME_ELAPSED:624.867959
;LAYER:6
;TYPE:WALL-INNER
;MESH:battery holder-BodyChamfer.stl
G1 F1500 X95.064 Y146.351 E345.82276
G1 X95.429 Y146.223 E345.83562
G1 X95.747 Y146.024 E345.8481
G1 X96.024 Y145.747 E345.86113
G1 X96.223 Y145.429 E345.87361
G1 X96.351 Y145.064 E345.88647
G1 X96.4 Y144.653 E345.90024
G1 X96.4 Y90.879 E347.68877
G1 X96.52 Y90.64 E347.69766
G1 X96.717 Y90.47 E347.70632
G1 X96.922 Y90.4 E347.71352
G1 X138 Y90.4 E349.07978
G1 X138.283 Y90.47 E349.08948
G1 X138.48 Y90.64 E349.09813
G1 X138.6 Y90.879 E349.10703
G1 X138.601 Y115.655 E349.93108
G1 X138.645 Y116.066 E349.94483
G1 X138.773 Y116.429 E349.95763
G1 X138.972 Y116.747 E349.97011
G1 X139.248 Y117.023 E349.98309
G1 X139.57 Y117.224 E349.99572
G1 X139.933 Y117.351 E350.00851
G1 X140.347 Y117.4 E350.02237
G1 X142.901 Y117.4 E350.10732
G1 X143.316 Y117.351 E350.12122
G1 X143.677 Y117.224 E350.13395
G1 X143.995 Y117.024 E350.14644
G1 X144.273 Y116.745 E350.15954
G1 X144.476 Y116.427 E350.17209
G1 X144.602 Y116.066 E350.18481
G1 X144.648 Y115.655 E350.19856
G1 X144.648 Y100.347 E350.70771
G1 X144.352 Y100.587 E350.72038
G1 X143.861 Y100.847 E350.73886
G1 X143.253 Y100.992 E350.75965
G1 X142.623 Y100.992 E350.7806
G1 X142.013 Y100.846 E350.80147
G1 X141.46 Y100.553 E350.82228
G1 X140.991 Y100.137 E350.84313
G1 X140.627 Y99.612 E350.86438
G1 X140.414 Y99.041 E350.88465
G1 X140.34 Y98.408 E350.90585
G1 X140.412 Y97.781 E350.92684
G1 X140.627 Y97.204 E350.94732
G1 X140.991 Y96.679 E350.96857
G1 X141.461 Y96.261 E350.98949
G1 X142.015 Y95.974 E351.01024
G1 X142.62 Y95.824 E351.03097
G1 X143.256 Y95.824 E351.05212
G1 X143.861 Y95.974 E351.07285
G1 X144.349 Y96.227 E351.09114
G1 X144.648 Y96.469 E351.10393
G1 X144.648 Y90.345 E351.30762
G1 X144.603 Y89.93 E351.3215
G1 X144.476 Y89.572 E351.33413
G1 X144.272 Y89.25 E351.34681
G1 X143.995 Y88.972 E351.35987
G1 X143.677 Y88.772 E351.37236
G1 X143.318 Y88.645 E351.38503
G1 X142.903 Y88.6 E351.39891
G1 X92.093 Y88.6 E353.08886
G1 X91.682 Y88.645 E353.10261
G1 X91.319 Y88.773 E353.11541
G1 X91.001 Y88.972 E353.12789
G1 X90.724 Y89.25 E353.14094
G1 X90.521 Y89.57 E353.15354
G1 X90.397 Y89.93 E353.16621
G1 X90.348 Y90.347 E353.18017
G1 X90.349 Y96.468 E353.38376
G1 X90.647 Y96.227 E353.39651
G1 X91.135 Y95.974 E353.41479
G1 X91.74 Y95.824 E353.43552
G1 X92.376 Y95.824 E353.45667
G1 X92.981 Y95.974 E353.4774
G1 X93.535 Y96.261 E353.49816
G1 X94.002 Y96.677 E353.51896
G1 X94.366 Y97.2 E353.54015
G1 X94.589 Y97.784 E353.56094
G1 X94.656 Y98.408 E353.58182
G1 X94.588 Y99.036 E353.60283
G1 X94.366 Y99.617 E353.62351
G1 X94.002 Y100.139 E353.64468
G1 X93.537 Y100.553 E353.66539
G1 X92.982 Y100.846 E353.68626
G1 X92.373 Y100.992 E353.70709
G1 X91.743 Y100.992 E353.72804
G1 X91.133 Y100.846 E353.74891
G1 X90.644 Y100.587 E353.76731
G1 X90.349 Y100.348 E353.77994
G1 X90.349 Y138.1 E355.03557
G1 X90.644 Y137.861 E355.0482
G1 X91.132 Y137.603 E355.06656
G1 X91.739 Y137.452 E355.08737
G1 X92.376 Y137.452 E355.10855
G1 X92.984 Y137.603 E355.12939
G1 X93.537 Y137.895 E355.15019
G1 X94.002 Y138.309 E355.1709
G1 X94.366 Y138.832 E355.19209
G1 X94.589 Y139.416 E355.21288
G1 X94.656 Y140.04 E355.23376
G1 X94.587 Y140.666 E355.2547
G1 X94.368 Y141.247 E355.27535
G1 X94.004 Y141.766 E355.29644
G1 X93.536 Y142.186 E355.31735
G1 X92.98 Y142.475 E355.33819
G1 X92.367 Y142.624 E355.35918
G1 X91.74 Y142.624 E355.38003
G1 X91.135 Y142.474 E355.40076
G1 X90.647 Y142.221 E355.41904
G1 X90.348 Y141.977 E355.43188
G1 X90.348 Y144.653 E355.52088
G1 X90.397 Y145.066 E355.53472
G1 X90.521 Y145.429 E355.54748
G1 X90.723 Y145.745 E355.55995
G1 X91.001 Y146.024 E355.57305
G1 X91.319 Y146.223 E355.58553
G1 X91.684 Y146.351 E355.59839
G1 X92.095 Y146.4 E355.61216
G1 X94.653 Y146.4 E355.69724
G0 F9000 X94.676 Y146.8
;TYPE:WALL-OUTER
G1 F1500 X95.154 Y146.743 E355.71325
G1 X95.604 Y146.586 E355.7291
G1 X95.998 Y146.338 E355.74459
G1 X96.338 Y145.998 E355.76058
G1 X96.586 Y145.604 E355.77606
G1 X96.743 Y145.154 E355.79191
G1 X96.8 Y144.676 E355.80792
G1 X96.8 Y90.959 E357.59456
G1 X96.84 Y90.88 E357.5975
G1 X96.965 Y90.803 E357.60239
G1 X138.077 Y90.8 E358.96978
G1 X138.2 Y90.959 E358.97646
G1 X138.201 Y115.677 E359.79859
G1 X138.253 Y116.155 E359.81458
G1 X138.41 Y116.604 E359.8304
G1 X138.658 Y116.998 E359.84589
G1 X138.998 Y117.338 E359.86188
G1 X139.396 Y117.586 E359.87747
G1 X139.842 Y117.743 E359.8932
G1 X140.324 Y117.8 E359.90934
G1 X142.924 Y117.8 E359.99582
G1 X143.406 Y117.743 E360.01196
G1 X143.852 Y117.586 E360.02769
G1 X144.246 Y117.338 E360.04317
G1 X144.587 Y116.997 E360.05921
G1 X144.838 Y116.603 E360.07475
G1 X144.995 Y116.155 E360.09054
G1 X145.048 Y115.677 E360.10654
G1 X145.048 Y99.431 E360.64688
G1 F1530.6 X145.062 Y98.948 E360.66263
G1 X144.9 Y99.404 E360.6784
G1 F1500 X144.566 Y99.886 E360.69791
G1 X144.166 Y100.233 E360.71552
G1 X143.695 Y100.475 E360.73313
G1 X143.227 Y100.587 E360.74914
G1 X142.649 Y100.587 E360.76836
G1 X142.134 Y100.457 E360.78603
G1 X141.671 Y100.206 E360.80355
G1 X141.279 Y99.85 E360.82116
G1 X140.976 Y99.402 E360.83915
G1 X140.801 Y98.917 E360.8563
G1 X140.74 Y98.408 E360.87335
G1 X140.801 Y97.899 E360.8904
G1 X140.976 Y97.414 E360.90755
G1 X141.311 Y96.93 E360.92712
G1 X141.711 Y96.582 E360.94476
G1 X142.179 Y96.345 E360.96221
G1 X142.647 Y96.229 E360.97824
G1 X143.229 Y96.229 E360.9976
G1 X143.697 Y96.345 E361.01364
G1 X144.165 Y96.582 E361.03108
G1 X144.566 Y96.93 E361.04874
G1 X144.9 Y97.412 E361.06825
G1 F1530.6 X145.062 Y97.867 E361.08399
G1 X145.048 Y97.385 E361.09971
G1 F1500 X145.048 Y90.323 E361.33459
G1 X144.995 Y89.841 E361.35072
G1 X144.838 Y89.396 E361.36641
G1 X144.586 Y88.998 E361.38208
G1 X144.246 Y88.658 E361.39807
G1 X143.852 Y88.41 E361.41356
G1 X143.407 Y88.253 E361.42925
G1 X142.925 Y88.2 E361.44538
G1 X92.071 Y88.2 E363.13679
G1 X91.593 Y88.253 E363.15279
G1 X91.144 Y88.41 E363.16861
G1 X90.75 Y88.658 E363.18409
G1 X90.41 Y88.998 E363.20009
G1 X90.158 Y89.396 E363.21575
G1 X90.005 Y89.841 E363.23141
G1 X89.948 Y90.324 E363.24758
G1 X89.948 Y97.387 E363.4825
G1 F1554.4 X89.935 Y97.901 E363.499
G1 X90.096 Y97.413 E363.51549
G1 F1500 X90.43 Y96.93 E363.53502
G1 X90.831 Y96.582 E363.55268
G1 X91.299 Y96.345 E363.57013
G1 X91.767 Y96.229 E363.58617
G1 X92.349 Y96.229 E363.60553
G1 X92.817 Y96.345 E363.62156
G1 X93.285 Y96.582 E363.63901
G1 X93.717 Y96.966 E363.65824
G1 X94.019 Y97.412 E363.67615
G1 X94.199 Y97.901 E363.69348
G1 X94.256 Y98.408 E363.71045
G1 X94.198 Y98.927 E363.72782
G1 X93.997 Y99.446 E363.74633
G1 X93.685 Y99.886 E363.76427
G1 X93.286 Y100.233 E363.78186
G1 X92.815 Y100.475 E363.79947
G1 X92.347 Y100.587 E363.81548
G1 X91.769 Y100.587 E363.8347
G1 X91.254 Y100.457 E363.85237
G1 X90.791 Y100.206 E363.86988
G1 X90.43 Y99.886 E363.88593
G1 X90.096 Y99.403 E363.90546
G1 F1554.4 X89.935 Y98.915 E363.92195
G1 X89.948 Y99.429 E363.93846
G1 F1500 X89.948 Y139.019 E365.25522
G1 F1554.4 X89.935 Y139.533 E365.27173
G1 X90.096 Y139.045 E365.28822
G1 F1500 X90.43 Y138.562 E365.30775
G1 X90.83 Y138.215 E365.32536
G1 X91.299 Y137.973 E365.34292
G1 X91.767 Y137.857 E365.35895
G1 X92.349 Y137.857 E365.37831
G1 X92.817 Y137.973 E365.39435
G1 X93.325 Y138.242 E365.41347
G1 X93.717 Y138.598 E365.43108
G1 X94.019 Y139.044 E365.44899
G1 X94.199 Y139.533 E365.46633
G1 X94.256 Y140.04 E365.48329
G1 X94.198 Y140.555 E365.50053
G1 X94.02 Y141.035 E365.51756
G1 X93.686 Y141.513 E365.53695
G1 X93.285 Y141.866 E365.55472
G1 X92.817 Y142.103 E365.57217
G1 X92.349 Y142.219 E365.58821
G1 X91.767 Y142.219 E365.60757
G1 X91.299 Y142.103 E365.6236
G1 X90.831 Y141.866 E365.64105
G1 X90.4 Y141.479 E365.66032
G1 X90.096 Y141.034 E365.67824
G1 F1554.4 X89.935 Y140.543 E365.69483
G1 X89.949 Y141.06 E365.71143
G1 F1500 X89.948 Y144.676 E365.83169
G1 X90.005 Y145.155 E365.84774
G1 X90.158 Y145.604 E365.86351
G1 X90.409 Y145.997 E365.87902
G1 X90.75 Y146.338 E365.89506
G1 X91.144 Y146.586 E365.91055
G1 X91.594 Y146.743 E365.9264
G1 X92.072 Y146.8 E365.94241
G1 X94.676 Y146.8 E366.02902
G1 F2700 E361.02902
G0 F9000 X94.635 Y146.091
G0 X90.224 Y141.665
G0 X89.935 Y140.543
G1 F2700 E366.02902
G1 F1754.4 X89.904 Y140.04 E366.04335
G1 X89.935 Y139.533 E366.0578
G1 F2700 E361.0578
G0 F9000 X89.085 Y139.533
G0 X89.085 Y98.915
G0 X89.935 Y98.915
G1 F2700 E366.0578
G1 F1754.4 X89.904 Y98.408 E366.07224
G1 X89.935 Y97.901 E366.08669
G1 F2700 E361.08669
G0 F9000 X145.063 Y97.901
G1 F2700 E366.08669
G1 F1769.9 X145.094 Y98.408 E366.101
G1 X145.063 Y98.924 E366.11558
G1 F2700 E361.11558
G0 F9000 X144.835 Y99.893
G0 X144.34 Y100.865
G0 X144.452 Y100.627
;TYPE:FILL
G1 F2700 E366.11558
G1 F3000 X144.567 Y100.742 E366.12098
G0 F9000 X144.389 Y100.865
G0 X143.952 Y101.081
G0 X143.282 Y101.244
G0 X142.598 Y101.244
G0 X141.928 Y101.081
G0 X141.434 Y100.82
G0 X140.526 Y100.009
G0 X140.716 Y99.879
G1 F3000 X138.68 Y100.425 E366.19109
G0 F9000 X138.91 Y100.425
G0 X140.054 Y98.161
G0 X140.285 Y98.19
G1 F3000 X138.681 Y104.176 E366.39721
G0 F9000 X138.68 Y103.34
G1 F3000 X144.567 Y109.227 E366.67412
G0 F9000 X144.34 Y109.227
G0 X144.34 Y111.271
G0 X144.567 Y111.271
G1 F3000 X138.682 Y112.848 E366.87676
G0 F9000 X138.91 Y112.848
G0 X138.91 Y111.825
G0 X138.68 Y111.825
G1 F3000 X143.864 Y117.01 E367.12062
G0 F9000 X143.745 Y116.819
G0 X141.37 Y117.09
G0 X141.37 Y117.321
G1 F3000 X144.567 Y105.391 E367.53142
G0 F9000 X144.565 Y105.06
G1 F3000 X138.681 Y106.636 E367.73402
G0 F9000 X138.91 Y106.636
G0 X140.168 Y97.725
G0 X140.374 Y97.033
G0 X140.56 Y97.162
G1 F3000 X142.833 Y88.68 E368.02609
G0 F9000 X142.833 Y88.91
G0 X140.991 Y88.91
G0 X140.991 Y88.68
G1 F3000 X144.568 Y92.258 E368.19436
G0 F9000 X144.568 Y92.636
G1 F3000 X138.681 Y94.213 E368.39707
G0 F9000 X138.68 Y94.855
G1 F3000 X140.735 Y96.91 E368.49373
G0 F9000 X140.548 Y96.781
G0 X138.838 Y90.162
G0 X136.181 Y90.09
G0 X136.181 Y90.321
G1 F3000 X136.621 Y88.679 E368.55027
G0 F9000 X136.149 Y88.68
G1 F3000 X130.027 Y90.32 E368.76107
G1 X129.97 Y90.32
G1 X130.41 Y88.679 E368.81757
G0 F9000 X130.41 Y88.91
G0 X132.505 Y88.91
G0 X132.505 Y88.68
G1 F3000 X134.145 Y90.32 E368.89471
G0 F9000 X134.145 Y90.09
G0 X125.66 Y90.09
G0 X125.66 Y90.32
G1 F3000 X124.02 Y88.68 E368.97185
G1 X124.198 Y88.679
G1 X123.758 Y90.321 E369.02839
G0 F9000 X123.758 Y90.09
G0 X117.986 Y88.91
G0 X117.986 Y88.68
G1 F3000 X117.547 Y90.32 E369.08486
G0 F9000 X117.175 Y90.32
G1 F3000 X115.535 Y88.68 E369.162
G0 F9000 X115.535 Y88.91
G0 X112.966 Y88.91
G0 X112.966 Y88.68
G1 F3000 X106.846 Y90.32 E369.37274
G0 F9000 X106.846 Y90.09
G0 X107.05 Y88.91
G0 X107.05 Y88.68
G1 F3000 X108.689 Y90.32 E369.44985
G0 F9000 X108.689 Y90.09
G0 X111.335 Y90.09
G0 X111.335 Y90.32
G1 F3000 X111.775 Y88.679 E369.50636
G0 F9000 X111.775 Y88.91
G0 X105.563 Y88.91
G0 X105.563 Y88.679
G1 F3000 X105.123 Y90.321 E369.5629
G0 F9000 X105.123 Y90.09
G0 X100.204 Y90.09
G0 X100.204 Y90.32
G1 F3000 X98.564 Y88.68 E369.64004
G0 F9000 X99.351 Y88.68
G1 F3000 X98.912 Y90.32 E369.69651
G0 F9000 X98.912 Y90.09
G0 X96.162 Y90.162
G0 X96.09 Y93.14
G0 X96.32 Y93.14
G1 F3000 X90.428 Y94.719 E369.89939
G0 F9000 X90.66 Y94.719
G0 X91.159 Y95.649
G0 X91.212 Y95.872
G1 F3000 X93.14 Y88.68 E370.14705
G0 F9000 X93.14 Y88.91
G0 X90.947 Y89.478
G0 X90.752 Y89.354
G1 F3000 X96.32 Y94.921 E370.40892
G0 F9000 X96.09 Y94.921
G0 X96.09 Y99.352
G0 X96.319 Y99.352
G1 F3000 X94.265 Y99.903 E370.47966
G0 F9000 X94.456 Y100.035
G0 X93.656 Y100.841
G0 X93.55 Y100.637
G1 F3000 X96.32 Y103.407 E370.60995
G0 F9000 X96.09 Y103.407
G0 X96.09 Y105.564
G0 X96.32 Y105.564
G1 F3000 X90.431 Y107.142 E370.81273
G0 F9000 X90.66 Y107.142
G0 X90.66 Y106.002
G0 X90.43 Y106.002
G1 F3000 X96.32 Y111.892 E371.08977
G1 X96.32 Y111.775
G1 X90.43 Y113.353 E371.29258
G0 F9000 X90.66 Y113.353
G0 X90.66 Y114.487
G0 X90.43 Y114.487
G1 F3000 X96.32 Y120.377 E371.56963
G0 F9000 X96.09 Y120.377
G0 X96.09 Y117.987
G0 X96.319 Y117.987
G1 F3000 X90.43 Y119.565 E371.77241
G0 F9000 X90.66 Y119.565
G0 X90.66 Y121.974
G0 X90.43 Y121.974
G1 F3000 X96.32 Y99.993 E372.52929
G0 F9000 X96.09 Y99.993
G0 X93.072 Y101.081
G0 X92.402 Y101.244
G0 X91.848 Y101.244
G0 X90.782 Y101.009
G0 X90.889 Y100.807
G1 F3000 X90.43 Y100.93 E372.5451
G0 F9000 X90.66 Y100.93
G0 X90.66 Y122.972
G0 X90.43 Y122.972
G1 F3000 X96.32 Y128.862 E372.82215
G0 F9000 X96.09 Y128.862
G0 X96.09 Y130.41
G0 X96.32 Y130.41
G1 F3000 X90.43 Y131.988 E373.02496
G0 F9000 X90.43 Y131.458
G1 F3000 X96.32 Y137.348 E373.30201
G0 F9000 X96.319 Y136.622
G1 F3000 X92.975 Y137.518 E373.41715
G0 F9000 X92.508 Y137.402
G1 F3000 X96.32 Y123.175 E373.90703
G0 F9000 X96.09 Y123.175
G0 X96.09 Y124.199
G0 X96.319 Y124.199
G1 F3000 X90.431 Y125.777 E374.10978
G0 F9000 X90.66 Y125.777
G0 X94.832 Y139.355
G0 X94.916 Y140.039
G0 X94.832 Y140.724
G0 X94.59 Y141.365
G0 X94.197 Y141.933
G0 X93.682 Y142.389
G0 X93.072 Y142.711
G0 X92.402 Y142.874
G0 X92.014 Y142.874
G0 X91.072 Y142.779
G0 X91.127 Y142.555
G1 F3000 X90.47 Y145.006 E374.19418
G0 F9000 X90.429 Y144.412
G1 F3000 X96.319 Y142.834 E374.39699
G0 F9000 X96.09 Y142.834
G0 X95.855 Y145.438
G0 X96.047 Y145.56
G1 F3000 X93.029 Y142.542 E374.53895
G0 F9000 X93.275 Y143.012
;MESH:NONMESH
G0 F300 Z1.6
G0 F9000 X94.635 Y146.091
G0 X94.653 Y146.4
;TIME_ELAPSED:668.727847
;LAYER:7
;TYPE:WALL-INNER
;MESH:battery holder-BodyChamfer.stl
G1 F1500 X95.064 Y146.351 E374.55271
G1 X95.429 Y146.223 E374.56558
G1 X95.747 Y146.024 E374.57806
G1 X96.024 Y145.747 E374.59109
G1 X96.223 Y145.429 E374.60356
G1 X96.351 Y145.064 E374.61643
G1 X96.4 Y144.653 E374.63019
G1 X96.4 Y90.879 E376.41872
G1 X96.52 Y90.64 E376.42762
G1 X96.717 Y90.47 E376.43627
G1 X96.922 Y90.4 E376.44348
G1 X138 Y90.4 E377.80974
G1 X138.283 Y90.47 E377.81943
G1 X138.48 Y90.64 E377.82809
G1 X138.6 Y90.879 E377.83698
G1 X138.601 Y115.655 E378.66104
G1 X138.645 Y116.066 E378.67479
G1 X138.773 Y116.429 E378.68759
G1 X138.972 Y116.747 E378.70006
G1 X139.248 Y117.023 E378.71305
G1 X139.57 Y117.224 E378.72567
G1 X139.933 Y117.351 E378.73846
G1 X140.347 Y117.4 E378.75233
G1 X142.901 Y117.4 E378.83727
G1 X143.316 Y117.351 E378.85117
G1 X143.677 Y117.224 E378.8639
G1 X143.995 Y117.024 E378.8764
G1 X144.273 Y116.745 E378.8895
G1 X144.476 Y116.427 E378.90204
G1 X144.602 Y116.066 E378.91476
G1 X144.648 Y115.655 E378.92852
G1 X144.648 Y100.347 E379.43766
G1 X144.352 Y100.587 E379.45034
G1 X143.861 Y100.847 E379.46882
G1 X143.253 Y100.992 E379.48961
G1 X142.623 Y100.992 E379.51056
G1 X142.013 Y100.846 E379.53142
G1 X141.46 Y100.553 E379.55224
G1 X140.991 Y100.137 E379.57309
G1 X140.627 Y99.612 E379.59434
G1 X140.414 Y99.041 E379.61461
G1 X140.34 Y98.408 E379.6358
G1 X140.412 Y97.781 E379.65679
G1 X140.627 Y97.204 E379.67727
G1 X140.991 Y96.679 E379.69852
G1 X141.461 Y96.261 E379.71944
G1 X142.015 Y95.974 E379.74019
G1 X142.62 Y95.824 E379.76093
G1 X143.256 Y95.824 E379.78208
G1 X143.861 Y95.974 E379.80281
G1 X144.349 Y96.227 E379.82109
G1 X144.648 Y96.469 E379.83389
G1 X144.648 Y90.345 E380.03757
G1 X144.603 Y89.93 E380.05146
G1 X144.476 Y89.572 E380.06409
G1 X144.272 Y89.25 E380.07677
G1 X143.995 Y88.972 E380.08982
G1 X143.677 Y88.772 E380.10232
G1 X143.318 Y88.645 E380.11498
G1 X142.903 Y88.6 E380.12887
G1 X92.093 Y88.6 E381.81881
G1 X91.682 Y88.645 E381.83256
G1 X91.319 Y88.773 E381.84537
G1 X91.001 Y88.972 E381.85784
G1 X90.724 Y89.25 E381.8709
G1 X90.521 Y89.57 E381.8835
G1 X90.397 Y89.93 E381.89616
G1 X90.348 Y90.347 E381.91013
G1 X90.349 Y96.468 E382.11371
G1 X90.647 Y96.227 E382.12646
G1 X91.135 Y95.974 E382.14474
G1 X91.74 Y95.824 E382.16548
G1 X92.376 Y95.824 E382.18663
G1 X92.981 Y95.974 E382.20736
G1 X93.535 Y96.261 E382.22811
G1 X94.002 Y96.677 E382.24891
G1 X94.366 Y97.2 E382.27011
G1 X94.589 Y97.784 E382.2909
G1 X94.656 Y98.408 E382.31177
G1 X94.588 Y99.036 E382.33278
G1 X94.366 Y99.617 E382.35347
G1 X94.002 Y100.139 E382.37464
G1 X93.537 Y100.553 E382.39534
G1 X92.982 Y100.846 E382.41622
G1 X92.373 Y100.992 E382.43705
G1 X91.743 Y100.992 E382.458
G1 X91.133 Y100.846 E382.47886
G1 X90.644 Y100.587 E382.49727
G1 X90.349 Y100.348 E382.50989
G1 X90.349 Y138.1 E383.76553
G1 X90.644 Y137.861 E383.77816
G1 X91.132 Y137.603 E383.79652
G1 X91.739 Y137.452 E383.81732
G1 X92.376 Y137.452 E383.83851
G1 X92.984 Y137.603 E383.85935
G1 X93.537 Y137.895 E383.88015
G1 X94.002 Y138.309 E383.90085
G1 X94.366 Y138.832 E383.92205
G1 X94.589 Y139.416 E383.94284
G1 X94.656 Y140.04 E383.96371
G1 X94.587 Y140.666 E383.98466
G1 X94.368 Y141.247 E384.00531
G1 X94.004 Y141.766 E384.02639
G1 X93.536 Y142.186 E384.04731
G1 X92.98 Y142.475 E384.06815
G1 X92.367 Y142.624 E384.08913
G1 X91.74 Y142.624 E384.10999
G1 X91.135 Y142.474 E384.13072
G1 X90.647 Y142.221 E384.149
G1 X90.348 Y141.977 E384.16184
G1 X90.348 Y144.653 E384.25084
G1 X90.397 Y145.066 E384.26467
G1 X90.521 Y145.429 E384.27743
G1 X90.723 Y145.745 E384.28991
G1 X91.001 Y146.024 E384.30301
G1 X91.319 Y146.223 E384.31548
G1 X91.684 Y146.351 E384.32835
G1 X92.095 Y146.4 E384.34211
G1 X94.653 Y146.4 E384.42719
G0 F9000 X94.676 Y146.8
;TYPE:WALL-OUTER
G1 F1500 X95.154 Y146.743 E384.44321
G1 X95.604 Y146.586 E384.45906
G1 X95.998 Y146.338 E384.47454
G1 X96.338 Y145.998 E384.49053
G1 X96.586 Y145.604 E384.50602
G1 X96.743 Y145.154 E384.52187
G1 X96.8 Y144.676 E384.53788
G1 X96.8 Y90.959 E386.32452
G1 X96.84 Y90.88 E386.32746
G1 X96.965 Y90.803 E386.33234
G1 X138.077 Y90.8 E387.69973
G1 X138.2 Y90.959 E387.70642
G1 X138.201 Y115.677 E388.52854
G1 X138.253 Y116.155 E388.54454
G1 X138.41 Y116.604 E388.56036
G1 X138.658 Y116.998 E388.57584
G1 X138.998 Y117.338 E388.59183
G1 X139.396 Y117.586 E388.60743
G1 X139.842 Y117.743 E388.62316
G1 X140.324 Y117.8 E388.6393
G1 X142.924 Y117.8 E388.72578
G1 X143.406 Y117.743 E388.74192
G1 X143.852 Y117.586 E388.75765
G1 X144.246 Y117.338 E388.77313
G1 X144.587 Y116.997 E388.78917
G1 X144.838 Y116.603 E388.80471
G1 X144.995 Y116.155 E388.8205
G1 X145.048 Y115.677 E388.83649
G1 X145.048 Y99.431 E389.37684
G1 F1530.6 X145.062 Y98.948 E389.39259
G1 X144.9 Y99.404 E389.40836
G1 F1500 X144.566 Y99.886 E389.42786
G1 X144.166 Y100.233 E389.44548
G1 X143.695 Y100.475 E389.46309
G1 X143.227 Y100.587 E389.47909
G1 X142.649 Y100.587 E389.49832
G1 X142.134 Y100.457 E389.51599
G1 X141.671 Y100.206 E389.5335
G1 X141.279 Y99.85 E389.55111
G1 X140.976 Y99.402 E389.5691
G1 X140.801 Y98.917 E389.58625
G1 X140.74 Y98.408 E389.6033
G1 X140.801 Y97.899 E389.62035
G1 X140.976 Y97.414 E389.6375
G1 X141.311 Y96.93 E389.65708
G1 X141.711 Y96.582 E389.67471
G1 X142.179 Y96.345 E389.69216
G1 X142.647 Y96.229 E389.7082
G1 X143.229 Y96.229 E389.72756
G1 X143.697 Y96.345 E389.74359
G1 X144.165 Y96.582 E389.76104
G1 X144.566 Y96.93 E389.7787
G1 X144.9 Y97.412 E389.7982
G1 F1530.6 X145.062 Y97.867 E389.81395
G1 X145.048 Y97.385 E389.82966
G1 F1500 X145.048 Y90.323 E390.06455
G1 X144.995 Y89.841 E390.08068
G1 X144.838 Y89.396 E390.09637
G1 X144.586 Y88.998 E390.11204
G1 X144.246 Y88.658 E390.12803
G1 X143.852 Y88.41 E390.14352
G1 X143.407 Y88.253 E390.15921
G1 X142.925 Y88.2 E390.17534
G1 X92.071 Y88.2 E391.86675
G1 X91.593 Y88.253 E391.88274
G1 X91.144 Y88.41 E391.89857
G1 X90.75 Y88.658 E391.91405
G1 X90.41 Y88.998 E391.93004
G1 X90.158 Y89.396 E391.94571
G1 X90.005 Y89.841 E391.96136
G1 X89.948 Y90.324 E391.97754
G1 X89.948 Y97.387 E392.21245
G1 F1554.4 X89.935 Y97.901 E392.22896
G1 X90.096 Y97.413 E392.24545
G1 F1500 X90.43 Y96.93 E392.26498
G1 X90.831 Y96.582 E392.28264
G1 X91.299 Y96.345 E392.30009
G1 X91.767 Y96.229 E392.31613
G1 X92.349 Y96.229 E392.33548
G1 X92.817 Y96.345 E392.35152
G1 X93.285 Y96.582 E392.36897
G1 X93.717 Y96.966 E392.38819
G1 X94.019 Y97.412 E392.40611
G1 X94.199 Y97.901 E392.42344
G1 X94.256 Y98.408 E392.44041
G1 X94.198 Y98.927 E392.45778
G1 X93.997 Y99.446 E392.47629
G1 X93.685 Y99.886 E392.49423
G1 X93.286 Y100.233 E392.51181
G1 X92.815 Y100.475 E392.52943
G1 X92.347 Y100.587 E392.54543
G1 X91.769 Y100.587 E392.56466
G1 X91.254 Y100.457 E392.58232
G1 X90.791 Y100.206 E392.59984
G1 X90.43 Y99.886 E392.61589
G1 X90.096 Y99.403 E392.63542
G1 F1554.4 X89.935 Y98.915 E392.65191
G1 X89.948 Y99.429 E392.66841
G1 F1500 X89.948 Y139.019 E393.98518
G1 F1554.4 X89.935 Y139.533 E394.00168
G1 X90.096 Y139.045 E394.01818
G1 F1500 X90.43 Y138.562 E394.03771
G1 X90.83 Y138.215 E394.05532
G1 X91.299 Y137.973 E394.07287
G1 X91.767 Y137.857 E394.08891
G1 X92.349 Y137.857 E394.10827
G1 X92.817 Y137.973 E394.12431
G1 X93.325 Y138.242 E394.14342
G1 X93.717 Y138.598 E394.16104
G1 X94.019 Y139.044 E394.17895
G1 X94.199 Y139.533 E394.19628
G1 X94.256 Y140.04 E394.21325
G1 X94.198 Y140.555 E394.23049
G1 X94.02 Y141.035 E394.24752
G1 X93.686 Y141.513 E394.26691
G1 X93.285 Y141.866 E394.28468
G1 X92.817 Y142.103 E394.30213
G1 X92.349 Y142.219 E394.31816
G1 X91.767 Y142.219 E394.33752
G1 X91.299 Y142.103 E394.35356
G1 X90.831 Y141.866 E394.37101
G1 X90.4 Y141.479 E394.39027
G1 X90.096 Y141.034 E394.4082
G1 F1554.4 X89.935 Y140.543 E394.42478
G1 X89.949 Y141.06 E394.44138
G1 F1500 X89.948 Y144.676 E394.56165
G1 X90.005 Y145.155 E394.57769
G1 X90.158 Y145.604 E394.59347
G1 X90.409 Y145.997 E394.60898
G1 X90.75 Y146.338 E394.62502
G1 X91.144 Y146.586 E394.6405
G1 X91.594 Y146.743 E394.65636
G1 X92.072 Y146.8 E394.67237
G1 X94.676 Y146.8 E394.75898
G1 F2700 E389.75898
G0 F9000 X94.635 Y146.091
G0 X90.224 Y141.665
G0 X89.935 Y140.543
G1 F2700 E394.75898
G1 F1754.4 X89.904 Y140.04 E394.77331
G1 X89.935 Y139.533 E394.78775
G1 F2700 E389.78775
G0 F9000 X89.085 Y139.533
G0 X89.085 Y98.915
G0 X89.935 Y98.915
G1 F2700 E394.78775
G1 F1754.4 X89.904 Y98.408 E394.8022
G1 X89.935 Y97.901 E394.81664
G1 F2700 E389.81664
G0 F9000 X145.063 Y97.901
G1 F2700 E394.81664
G1 F1769.9 X145.094 Y98.408 E394.83096
G1 X145.063 Y98.924 E394.84553
G1 F2700 E389.84553
G0 F9000 X144.233 Y98.728
G0 X142.187 Y99.508
G0 X141.558 Y100.411
G0 X140.611 Y100.132
G0 X140.801 Y100.003
;TYPE:FILL
G1 F2700 E394.84553
G1 F3000 X138.68 Y100.572 E394.91857
G0 F9000 X138.91 Y100.572
G0 X138.91 Y103.139
G0 X138.68 Y103.139
G1 F3000 X144.567 Y109.027 E395.1955
G0 F9000 X144.34 Y109.027
G0 X144.34 Y111.418
G0 X144.567 Y111.418
G1 F3000 X138.682 Y112.995 E395.39814
G0 F9000 X138.91 Y112.995
G0 X138.91 Y111.625
G0 X138.68 Y111.625
G1 F3000 X143.98 Y116.924 E395.64741
G0 F9000 X143.822 Y116.766
G0 X141.223 Y117.09
G0 X141.223 Y117.321
G1 F3000 X144.567 Y104.843 E396.07708
G0 F9000 X144.565 Y105.207
G1 F3000 X138.681 Y106.783 E396.27968
G0 F9000 X138.91 Y106.783
G0 X138.91 Y103.627
G0 X138.681 Y103.627
G1 F3000 X142.686 Y88.68 E396.79436
G0 F9000 X142.686 Y88.91
G0 X141.192 Y88.91
G0 X141.192 Y88.68
G1 F3000 X144.568 Y92.057 E396.95318
G0 F9000 X144.567 Y92.783
G1 F3000 X138.681 Y94.36 E397.15585
G0 F9000 X138.68 Y94.654
G1 F3000 X140.817 Y96.791 E397.25637
G0 F9000 X140.63 Y96.662
G0 X138.838 Y90.162
G0 X136.034 Y90.09
G0 X136.034 Y90.321
G1 F3000 X136.474 Y88.679 E397.31291
G0 F9000 X136.698 Y88.68
G1 F3000 X130.576 Y90.32 E397.52371
G0 F9000 X129.823 Y90.32
G1 F3000 X130.263 Y88.679 E397.58021
G0 F9000 X130.263 Y88.91
G0 X132.706 Y88.91
G0 X132.706 Y88.68
G1 F3000 X134.346 Y90.32 E397.65735
G0 F9000 X134.346 Y90.09
G0 X125.861 Y90.09
G0 X125.861 Y90.32
G1 F3000 X124.221 Y88.68 E397.7345
G1 X124.051 Y88.679
G1 X123.611 Y90.321 E397.79104
G0 F9000 X123.611 Y90.09
G0 X117.839 Y88.91
G0 X117.839 Y88.68
G1 F3000 X117.4 Y90.32 E397.8475
G1 X117.375 Y90.32
G1 X115.736 Y88.68 E397.92462
G0 F9000 X115.736 Y88.91
G0 X113.515 Y88.91
G0 X113.515 Y88.68
G1 F3000 X107.395 Y90.32 E398.13535
G0 F9000 X107.395 Y90.09
G0 X108.89 Y90.09
G0 X108.89 Y90.32
G1 F3000 X107.25 Y88.68 E398.21249
G0 F9000 X107.25 Y88.91
G0 X105.416 Y88.91
G0 X105.416 Y88.679
G1 F3000 X104.976 Y90.32 E398.269
G0 F9000 X104.976 Y90.09
G0 X100.405 Y90.09
G0 X100.405 Y90.32
G1 F3000 X98.765 Y88.68 E398.34614
G0 F9000 X99.204 Y88.68
G1 F3000 X98.765 Y90.32 E398.40261
G0 F9000 X98.765 Y90.09
G0 X96.162 Y90.162
G0 X96.09 Y93.287
G0 X96.32 Y93.287
G1 F3000 X90.428 Y94.866 E398.60549
G0 F9000 X90.66 Y94.866
G0 X90.946 Y95.725
G0 X91.051 Y95.926
G1 F3000 X92.993 Y88.68 E398.855
G0 F9000 X92.993 Y88.91
G0 X91.005 Y89.407
G0 X90.843 Y89.244
G1 F3000 X96.32 Y94.72 E399.1126
G0 F9000 X96.09 Y94.72
G0 X96.09 Y99.444
G0 X96.32 Y99.444
G1 F3000 X90.43 Y121.426 E399.86951
G0 F9000 X90.66 Y121.426
G0 X90.66 Y122.771
G0 X90.43 Y122.771
G1 F3000 X96.32 Y128.662 E400.14659
G0 F9000 X96.09 Y128.662
G0 X96.09 Y130.557
G0 X96.32 Y130.557
G1 F3000 X90.43 Y132.135 E400.3494
G0 F9000 X90.43 Y131.257
G1 F3000 X96.32 Y137.147 E400.62644
G0 F9000 X96.319 Y136.769
G1 F3000 X93.172 Y137.612 E400.7348
G0 F9000 X92.369 Y137.372
G1 F3000 X96.32 Y122.626 E401.24256
G0 F9000 X96.09 Y122.626
G0 X96.09 Y124.346
G0 X96.319 Y124.346
G1 F3000 X90.431 Y125.924 E401.4453
G0 F9000 X90.66 Y125.924
G0 X90.66 Y119.712
G0 X90.43 Y119.712
G1 F3000 X96.319 Y118.134 E401.64808
G0 F9000 X96.09 Y118.134
G0 X96.09 Y120.176
G0 X96.32 Y120.176
G1 F3000 X90.43 Y114.286 E401.92513
G0 F9000 X90.43 Y113.5
G1 F3000 X96.32 Y111.922 E402.12794
G0 F9000 X96.32 Y111.691
G1 F3000 X90.43 Y105.801 E402.40499
G0 F9000 X90.66 Y105.801
G0 X90.66 Y107.289
G0 X90.43 Y107.289
G1 F3000 X96.32 Y105.711 E402.6078
G0 F9000 X96.09 Y105.711
G0 X96.09 Y103.206
G0 X96.32 Y103.206
G1 F3000 X93.662 Y100.548 E402.73282
G0 F9000 X94.139 Y100.083
G1 F3000 X96.319 Y99.499 E402.80789
G0 F9000 X96.09 Y99.499
G0 X93.072 Y101.081
G0 X92.402 Y101.244
G0 X92.014 Y101.244
G0 X90.967 Y101.106
G0 X91.074 Y100.904
G1 F3000 X90.43 Y101.077 E402.83007
G1 F2700 E397.83007
G0 F9000 X90.66 Y101.077
G0 X91.718 Y101.244
G0 X92.402 Y101.244
G0 X93.072 Y101.081
G0 X93.682 Y100.759
G0 X94.197 Y100.303
G0 X96.155 Y98.137
G0 X96.162 Y90.162
G0 X111.188 Y90.09
G0 X111.188 Y90.32
G1 F2700 E402.83007
G1 F3000 X111.628 Y88.679 E402.88657
G1 F2700 E397.88657
G0 F9000 X111.628 Y88.91
G0 X96.162 Y90.162
G0 X96.09 Y142.981
G0 X96.319 Y142.981
G1 F2700 E402.88657
G1 F3000 X90.429 Y144.559 E403.08939
G1 X90.428 Y144.617
G1 X90.996 Y142.494 E403.16248
G0 F9000 X90.89 Y142.695
G0 X91.718 Y142.874
G0 X92.272 Y142.874
G0 X93.267 Y142.677
G0 X93.161 Y142.474
G1 F3000 X96.125 Y145.437 E403.30187
G0 F9000 X95.678 Y145.155
;MESH:NONMESH
G0 F300 Z1.8
G0 F9000 X94.635 Y146.091
G0 X94.653 Y146.4
;TIME_ELAPSED:713.634514
;LAYER:8
;TYPE:WALL-INNER
;MESH:battery holder-BodyChamfer.stl
G1 F1500 X95.064 Y146.351 E403.31564
G1 X95.429 Y146.223 E403.32851
G1 X95.747 Y146.024 E403.34098
G1 X96.024 Y145.747 E403.35401
G1 X96.223 Y145.429 E403.36649
G1 X96.351 Y145.064 E403.37935
G1 X96.4 Y144.653 E403.39312
G1 X96.4 Y90.879 E405.18165
G1 X96.52 Y90.64 E405.19055
G1 X96.717 Y90.47 E405.1992
G1 X96.922 Y90.4 E405.20641
G1 X138 Y90.4 E406.57267
G1 X138.283 Y90.47 E406.58236
G1 X138.48 Y90.64 E406.59102
G1 X138.6 Y90.879 E406.59991
G1 X138.601 Y115.655 E407.42396
G1 X138.645 Y116.066 E407.43771
G1 X138.773 Y116.429 E407.45051
G1 X138.972 Y116.747 E407.46299
G1 X139.248 Y117.023 E407.47597
G1 X139.57 Y117.224 E407.4886
G1 X139.933 Y117.351 E407.50139
G1 X140.347 Y117.4 E407.51526
G1 X142.901 Y117.4 E407.6002
G1 X143.316 Y117.351 E407.6141
G1 X143.677 Y117.224 E407.62683
G1 X143.995 Y117.024 E407.63932
G1 X144.273 Y116.745 E407.65242
G1 X144.476 Y116.427 E407.66497
G1 X144.602 Y116.066 E407.67769
G1 X144.648 Y115.655 E407.69144
G1 X144.648 Y100.347 E408.20059
G1 X144.352 Y100.587 E408.21326
G1 X143.861 Y100.847 E408.23174
G1 X143.253 Y100.992 E408.25253
G1 X142.623 Y100.992 E408.27349
G1 X142.013 Y100.846 E408.29435
G1 X141.46 Y100.553 E408.31516
G1 X140.991 Y100.137 E408.33601
G1 X140.627 Y99.612 E408.35726
G1 X140.414 Y99.041 E408.37753
G1 X140.34 Y98.408 E408.39873
G1 X140.412 Y97.781 E408.41972
G1 X140.627 Y97.204 E408.4402
G1 X140.991 Y96.679 E408.46145
G1 X141.461 Y96.261 E408.48237
G1 X142.015 Y95.974 E408.50312
G1 X142.62 Y95.824 E408.52385
G1 X143.256 Y95.824 E408.54501
G1 X143.861 Y95.974 E408.56574
G1 X144.349 Y96.227 E408.58402
G1 X144.648 Y96.469 E408.59681
G1 X144.648 Y90.345 E408.8005
G1 X144.603 Y89.93 E408.81438
G1 X144.476 Y89.572 E408.82702
G1 X144.272 Y89.25 E408.8397
G1 X143.995 Y88.972 E408.85275
G1 X143.677 Y88.772 E408.86524
G1 X143.318 Y88.645 E408.87791
G1 X142.903 Y88.6 E408.89179
G1 X92.093 Y88.6 E410.58174
G1 X91.682 Y88.645 E410.59549
G1 X91.319 Y88.773 E410.60829
G1 X91.001 Y88.972 E410.62077
G1 X90.724 Y89.25 E410.63382
G1 X90.521 Y89.57 E410.64643
G1 X90.397 Y89.93 E410.65909
G1 X90.348 Y90.347 E410.67306
G1 X90.349 Y96.468 E410.87664
G1 X90.647 Y96.227 E410.88939
G1 X91.135 Y95.974 E410.90767
G1 X91.74 Y95.824 E410.9284
G1 X92.376 Y95.824 E410.94956
G1 X92.981 Y95.974 E410.97029
G1 X93.535 Y96.261 E410.99104
G1 X94.002 Y96.677 E411.01184
G1 X94.366 Y97.2 E411.03303
G1 X94.589 Y97.784 E411.05383
G1 X94.656 Y98.408 E411.0747
G1 X94.588 Y99.036 E411.09571
G1 X94.366 Y99.617 E411.1164
G1 X94.002 Y100.139 E411.13756
G1 X93.537 Y100.553 E411.15827
G1 X92.982 Y100.846 E411.17914
G1 X92.373 Y100.992 E411.19997
G1 X91.743 Y100.992 E411.22093
G1 X91.133 Y100.846 E411.24179
G1 X90.644 Y100.587 E411.26019
G1 X90.349 Y100.348 E411.27282
G1 X90.349 Y138.1 E412.52846
G1 X90.644 Y137.861 E412.54109
G1 X91.132 Y137.603 E412.55945
G1 X91.739 Y137.452 E412.58025
G1 X92.376 Y137.452 E412.60144
G1 X92.984 Y137.603 E412.62227
G1 X93.537 Y137.895 E412.64307
G1 X94.002 Y138.309 E412.66378
G1 X94.366 Y138.832 E412.68497
G1 X94.589 Y139.416 E412.70576
G1 X94.656 Y140.04 E412.72664
G1 X94.587 Y140.666 E412.74759
G1 X94.368 Y141.247 E412.76824
G1 X94.004 Y141.766 E412.78932
G1 X93.536 Y142.186 E412.81024
G1 X92.98 Y142.475 E412.83108
G1 X92.367 Y142.624 E412.85206
G1 X91.74 Y142.624 E412.87291
G1 X91.135 Y142.474 E412.89365
G1 X90.647 Y142.221 E412.91193
G1 X90.348 Y141.977 E412.92476
G1 X90.348 Y144.653 E413.01377
G1 X90.397 Y145.066 E413.0276
G1 X90.521 Y145.429 E413.04036
G1 X90.723 Y145.745 E413.05283
G1 X91.001 Y146.024 E413.06593
G1 X91.319 Y146.223 E413.07841
G1 X91.684 Y146.351 E413.09127
G1 X92.095 Y146.4 E413.10504
G1 X94.653 Y146.4 E413.19012
G0 F9000 X94.676 Y146.8
;TYPE:WALL-OUTER
G1 F1500 X95.154 Y146.743 E413.20613
G1 X95.604 Y146.586 E413.22198
G1 X95.998 Y146.338 E413.23747
G1 X96.338 Y145.998 E413.25346
G1 X96.586 Y145.604 E413.26895
G1 X96.743 Y145.154 E413.2848
G1 X96.8 Y144.676 E413.30081
G1 X96.8 Y90.959 E415.08744
G1 X96.84 Y90.88 E415.09039
G1 X96.965 Y90.803 E415.09527
G1 X138.077 Y90.8 E416.46266
G1 X138.2 Y90.959 E416.46935
G1 X138.201 Y115.677 E417.29147
G1 X138.253 Y116.155 E417.30746
G1 X138.41 Y116.604 E417.32328
G1 X138.658 Y116.998 E417.33877
G1 X138.998 Y117.338 E417.35476
G1 X139.396 Y117.586 E417.37036
G1 X139.842 Y117.743 E417.38608
G1 X140.324 Y117.8 E417.40223
G1 X142.924 Y117.8 E417.4887
G1 X143.406 Y117.743 E417.50485
G1 X143.852 Y117.586 E417.52057
G1 X144.246 Y117.338 E417.53606
G1 X144.587 Y116.997 E417.5521
G1 X144.838 Y116.603 E417.56764
G1 X144.995 Y116.155 E417.58342
G1 X145.048 Y115.677 E417.59942
G1 X145.048 Y99.431 E418.13976
G1 F1530.6 X145.062 Y98.948 E418.15551
G1 X144.9 Y99.404 E418.17129
G1 F1500 X144.566 Y99.886 E418.19079
G1 X144.166 Y100.233 E418.2084
G1 X143.695 Y100.475 E418.22602
G1 X143.227 Y100.587 E418.24202
G1 X142.649 Y100.587 E418.26125
G1 X142.134 Y100.457 E418.27891
G1 X141.671 Y100.206 E418.29643
G1 X141.279 Y99.85 E418.31404
G1 X140.976 Y99.402 E418.33203
G1 X140.801 Y98.917 E418.34918
G1 X140.74 Y98.408 E418.36623
G1 X140.801 Y97.899 E418.38328
G1 X140.976 Y97.414 E418.40043
G1 X141.311 Y96.93 E418.42001
G1 X141.711 Y96.582 E418.43764
G1 X142.179 Y96.345 E418.45509
G1 X142.647 Y96.229 E418.47113
G1 X143.229 Y96.229 E418.49048
G1 X143.697 Y96.345 E418.50652
G1 X144.165 Y96.582 E418.52397
G1 X144.566 Y96.93 E418.54163
G1 X144.9 Y97.412 E418.56113
G1 F1530.6 X145.062 Y97.867 E418.57687
G1 X145.048 Y97.385 E418.59259
G1 F1500 X145.048 Y90.323 E418.82747
G1 X144.995 Y89.841 E418.8436
G1 X144.838 Y89.396 E418.8593
G1 X144.586 Y88.998 E418.87497
G1 X144.246 Y88.658 E418.89096
G1 X143.852 Y88.41 E418.90644
G1 X143.407 Y88.253 E418.92214
G1 X142.925 Y88.2 E418.93827
G1 X92.071 Y88.2 E420.62968
G1 X91.593 Y88.253 E420.64567
G1 X91.144 Y88.41 E420.66149
G1 X90.75 Y88.658 E420.67698
G1 X90.41 Y88.998 E420.69297
G1 X90.158 Y89.396 E420.70864
G1 X90.005 Y89.841 E420.72429
G1 X89.948 Y90.324 E420.74046
G1 X89.948 Y97.387 E420.97538
G1 F1554.4 X89.935 Y97.901 E420.99188
G1 X90.096 Y97.413 E421.00838
G1 F1500 X90.43 Y96.93 E421.02791
G1 X90.831 Y96.582 E421.04557
G1 X91.299 Y96.345 E421.06302
G1 X91.767 Y96.229 E421.07905
G1 X92.349 Y96.229 E421.09841
G1 X92.817 Y96.345 E421.11445
G1 X93.285 Y96.582 E421.13189
G1 X93.717 Y96.966 E421.15112
G1 X94.019 Y97.412 E421.16903
G1 X94.199 Y97.901 E421.18636
G1 X94.256 Y98.408 E421.20333
G1 X94.198 Y98.927 E421.2207
G1 X93.997 Y99.446 E421.23921
G1 X93.685 Y99.886 E421.25715
G1 X93.286 Y100.233 E421.27474
G1 X92.815 Y100.475 E421.29235
G1 X92.347 Y100.587 E421.30836
G1 X91.769 Y100.587 E421.32758
G1 X91.254 Y100.457 E421.34525
G1 X90.791 Y100.206 E421.36277
G1 X90.43 Y99.886 E421.37881
G1 X90.096 Y99.403 E421.39834
G1 F1554.4 X89.935 Y98.915 E421.41484
G1 X89.948 Y99.429 E421.43134
G1 F1500 X89.948 Y139.019 E422.74811
G1 F1554.4 X89.935 Y139.533 E422.76461
G1 X90.096 Y139.045 E422.7811
G1 F1500 X90.43 Y138.562 E422.80064
G1 X90.83 Y138.215 E422.81825
G1 X91.299 Y137.973 E422.8358
G1 X91.767 Y137.857 E422.85184
G1 X92.349 Y137.857 E422.8712
G1 X92.817 Y137.973 E422.88723
G1 X93.325 Y138.242 E422.90635
G1 X93.717 Y138.598 E422.92396
G1 X94.019 Y139.044 E422.94188
G1 X94.199 Y139.533 E422.95921
G1 X94.256 Y140.04 E422.97618
G1 X94.198 Y140.555 E422.99342
G1 X94.02 Y141.035 E423.01044
G1 X93.686 Y141.513 E423.02984
G1 X93.285 Y141.866 E423.04761
G1 X92.817 Y142.103 E423.06505
G1 X92.349 Y142.219 E423.08109
G1 X91.767 Y142.219 E423.10045
G1 X91.299 Y142.103 E423.11649
G1 X90.831 Y141.866 E423.13393
G1 X90.4 Y141.479 E423.1532
G1 X90.096 Y141.034 E423.17112
G1 F1554.4 X89.935 Y140.543 E423.18771
G1 X89.949 Y141.06 E423.20431
G1 F1500 X89.948 Y144.676 E423.32458
G1 X90.005 Y145.155 E423.34062
G1 X90.158 Y145.604 E423.3564
G1 X90.409 Y145.997 E423.37191
G1 X90.75 Y146.338 E423.38795
G1 X91.144 Y146.586 E423.40343
G1 X91.594 Y146.743 E423.41928
G1 X92.072 Y146.8 E423.43529
G1 X94.676 Y146.8 E423.5219
G1 F2700 E418.5219
G0 F9000 X94.635 Y146.091
G0 X90.224 Y141.665
G0 X89.935 Y140.543
G1 F2700 E423.5219
G1 F1754.4 X89.904 Y140.04 E423.53624
G1 X89.935 Y139.533 E423.55068
G1 F2700 E418.55068
G0 F9000 X89.085 Y139.533
G0 X89.085 Y98.915
G0 X89.935 Y98.915
G1 F2700 E423.55068
G1 F1754.4 X89.904 Y98.408 E423.56512
G1 X89.935 Y97.901 E423.57957
G1 F2700 E418.57957
G0 F9000 X145.063 Y97.901
G1 F2700 E423.57957
G1 F1769.9 X145.094 Y98.408 E423.59389
G1 X145.063 Y98.924 E423.60846
G1 F2700 E418.60846
G0 F9000 X144.233 Y98.728
G0 X142.187 Y99.508
G0 X141.558 Y100.411
G0 X140.696 Y100.255
G0 X140.887 Y100.126
;TYPE:FILL
G1 F2700 E423.60846
G1 F3000 X138.681 Y100.718 E423.68443
G0 F9000 X138.91 Y100.718
G0 X138.91 Y102.94
G0 X138.68 Y102.94
G1 F3000 X144.567 Y108.827 E423.96133
G0 F9000 X144.34 Y108.827
G0 X144.34 Y111.564
G0 X144.567 Y111.564
G1 F3000 X138.681 Y113.141 E424.16401
G0 F9000 X138.91 Y113.141
G0 X138.91 Y111.425
G0 X138.68 Y111.425
G1 F3000 X144.079 Y116.825 E424.41798
G0 F9000 X143.921 Y116.667
G0 X141.077 Y117.09
G0 X141.077 Y117.321
G1 F3000 X144.567 Y104.298 E424.86641
G0 F9000 X144.34 Y104.298
G0 X144.34 Y105.352
G0 X144.566 Y105.352
G1 F3000 X138.681 Y106.929 E425.06905
G0 F9000 X138.91 Y106.929
G0 X138.91 Y103.083
G0 X138.681 Y103.083
G1 F3000 X142.54 Y88.679 E425.56503
G0 F9000 X142.54 Y88.91
G0 X141.391 Y88.91
G0 X141.391 Y88.68
G1 F3000 X144.568 Y91.857 E425.71447
G0 F9000 X144.34 Y91.857
G0 X144.34 Y92.929
G0 X144.568 Y92.929
G1 F3000 X138.68 Y94.506 E425.9172
G1 X138.68 Y94.455
G1 X140.899 Y96.674 E426.02158
G0 F9000 X140.711 Y96.544
G0 X138.838 Y90.162
G0 X135.888 Y90.09
G0 X135.888 Y90.321
G1 F3000 X136.328 Y88.679 E426.07812
G0 F9000 X137.243 Y88.679
G1 F3000 X131.121 Y90.32 E426.28893
G0 F9000 X131.121 Y90.09
G0 X129.677 Y90.09
G0 X129.677 Y90.32
G1 F3000 X130.117 Y88.679 E426.34543
G0 F9000 X130.117 Y88.91
G0 X132.906 Y88.91
G0 X132.906 Y88.68
G1 F3000 X134.545 Y90.32 E426.42255
G0 F9000 X134.545 Y90.09
G0 X126.06 Y90.09
G0 X126.06 Y90.32
G1 F3000 X124.42 Y88.68 E426.49969
G0 F9000 X123.905 Y88.68
G1 F3000 X123.465 Y90.321 E426.5562
G0 F9000 X123.465 Y90.09
G0 X117.575 Y90.09
G0 X117.575 Y90.32
G1 F3000 X115.935 Y88.68 E426.63334
G0 F9000 X115.935 Y88.91
G0 X117.693 Y88.91
G0 X117.693 Y88.679
G1 F3000 X117.254 Y90.32 E426.68984
G0 F9000 X117.254 Y90.09
G0 X114.06 Y88.91
G0 X114.06 Y88.68
G1 F3000 X107.939 Y90.32 E426.9006
G0 F9000 X107.939 Y90.09
G0 X109.09 Y90.09
G0 X109.09 Y90.32
G1 F3000 X107.45 Y88.68 E426.97775
G0 F9000 X107.45 Y88.91
G0 X105.27 Y88.91
G0 X105.27 Y88.68
G1 F3000 X104.831 Y90.32 E427.03421
G0 F9000 X104.831 Y90.09
G0 X100.604 Y90.09
G0 X100.604 Y90.32
G1 F3000 X98.965 Y88.68 E427.11133
G1 X99.058 Y88.68
G1 X98.619 Y90.32 E427.1678
G0 F9000 X98.619 Y90.09
G0 X96.162 Y90.162
G0 X96.09 Y93.433
G0 X96.319 Y93.433
G1 F3000 X90.428 Y95.012 E427.37065
G0 F9000 X90.66 Y95.012
G0 X90.776 Y95.814
G0 X90.881 Y96.016
G1 F3000 X92.847 Y88.679 E427.62329
G0 F9000 X92.847 Y88.91
G0 X91.105 Y89.307
G0 X90.943 Y89.144
G1 F3000 X96.32 Y94.521 E427.8762
G0 F9000 X96.09 Y94.521
G0 X96.09 Y98.899
G0 X96.32 Y98.899
G1 F3000 X90.43 Y120.881 E428.63312
G0 F9000 X90.66 Y120.881
G0 X90.66 Y119.858
G0 X90.43 Y119.858
G1 F3000 X96.319 Y118.28 E428.8359
G0 F9000 X96.09 Y118.28
G0 X96.09 Y119.977
G0 X96.32 Y119.977
G1 F3000 X90.43 Y114.087 E429.11295
G0 F9000 X90.43 Y113.646
G1 F3000 X96.319 Y112.068 E429.31572
G0 F9000 X96.32 Y111.492
G1 F3000 X90.43 Y105.601 E429.5928
G0 F9000 X90.66 Y105.601
G0 X90.66 Y107.435
G0 X90.43 Y107.435
G1 F3000 X96.32 Y105.857 E429.79561
G0 F9000 X96.09 Y105.857
G0 X96.09 Y103.006
G0 X96.32 Y103.006
G1 F3000 X93.768 Y100.454 E429.91564
G0 F9000 X93.969 Y100.275
G1 F3000 X96.319 Y99.645 E429.99657
G0 F9000 X96.09 Y99.645
G0 X93.072 Y101.081
G0 X92.529 Y101.213
G0 X91.29 Y101.202
G0 X91.345 Y100.978
G1 F3000 X90.43 Y101.223 E430.02807
G0 F9000 X90.66 Y101.223
G0 X90.66 Y122.572
G0 X90.43 Y122.572
G1 F3000 X96.32 Y128.462 E430.30512
G0 F9000 X96.09 Y128.462
G0 X96.09 Y130.703
G0 X96.32 Y130.703
G1 F3000 X90.43 Y132.281 E430.50793
G0 F9000 X90.66 Y132.281
G0 X90.66 Y131.057
G0 X90.43 Y131.057
G1 F3000 X96.32 Y136.947 E430.78498
G1 X96.319 Y136.915
G1 X93.356 Y137.709 E430.887
G0 F9000 X93.463 Y137.507
G0 X92.223 Y137.145
G0 X92.223 Y137.372
G1 F3000 X96.32 Y122.081 E431.41352
G0 F9000 X96.09 Y122.081
G0 X96.09 Y124.492
G0 X96.32 Y124.492
G1 F3000 X90.431 Y126.07 E431.6163
G0 F9000 X90.66 Y126.07
G0 X94.832 Y139.355
G0 X94.916 Y140.039
G0 X94.832 Y140.724
G0 X94.59 Y141.365
G0 X94.197 Y141.933
G0 X93.682 Y142.389
G0 X93.072 Y142.711
G0 X92.402 Y142.874
G0 X91.848 Y142.874
G0 X90.763 Y142.628
G0 X90.869 Y142.427
G1 F3000 X90.428 Y144.072 E431.67295
G0 F9000 X90.435 Y144.703
G1 F3000 X96.319 Y143.127 E431.87555
G0 F9000 X96.09 Y143.127
G0 X95.971 Y145.224
G0 X96.185 Y145.298
G1 F3000 X93.292 Y142.405 E432.01163
G1 F2700 E427.01163
G0 F9000 X93.398 Y142.608
G0 X94.197 Y141.933
G0 X94.59 Y141.365
G0 X94.832 Y140.724
G0 X96.177 Y134.336
G0 X96.162 Y90.162
G0 X111.042 Y90.09
G0 X111.042 Y90.32
G1 F2700 E432.01163
G1 F3000 X111.482 Y88.679 E432.06813
G0 F9000 X111.482 Y89.21
G1 F2700 E427.06813
;MESH:NONMESH
G0 F300 Z2
G0 F9000 X96.162 Y90.162
G0 X96.172 Y118.917
G0 X94.635 Y146.091
G0 X94.653 Y146.4
;TIME_ELAPSED:759.801776
;LAYER:9
;TYPE:WALL-INNER
;MESH:battery holder-BodyChamfer.stl
G1 F2700 E432.06813
G1 F1500 X95.064 Y146.351 E432.0819
G1 X95.429 Y146.223 E432.09477
G1 X95.747 Y146.024 E432.10724
G1 X96.024 Y145.747 E432.12027
G1 X96.223 Y145.429 E432.13275
G1 X96.351 Y145.064 E432.14561
G1 X96.4 Y144.653 E432.15938
G1 X96.4 Y90.879 E433.94791
G1 X96.52 Y90.64 E433.95681
G1 X96.717 Y90.47 E433.96546
G1 X96.922 Y90.4 E433.97267
G1 X138 Y90.4 E435.33892
G1 X138.283 Y90.47 E435.34862
G1 X138.48 Y90.64 E435.35728
G1 X138.6 Y90.879 E435.36617
G1 X138.601 Y115.655 E436.19022
G1 X138.645 Y116.066 E436.20397
G1 X138.773 Y116.429 E436.21677
G1 X138.972 Y116.747 E436.22925
G1 X139.248 Y117.023 E436.24223
G1 X139.57 Y117.224 E436.25486
G1 X139.933 Y117.351 E436.26765
G1 X140.347 Y117.4 E436.28151
G1 X142.901 Y117.4 E436.36646
G1 X143.316 Y117.351 E436.38036
G1 X143.677 Y117.224 E436.39309
G1 X143.995 Y117.024 E436.40558
G1 X144.273 Y116.745 E436.41868
G1 X144.476 Y116.427 E436.43123
G1 X144.602 Y116.066 E436.44395
G1 X144.648 Y115.655 E436.4577
G1 X144.648 Y100.347 E436.96685
G1 X144.352 Y100.587 E436.97952
G1 X143.861 Y100.847 E436.998
G1 X143.253 Y100.992 E437.01879
G1 X142.623 Y100.992 E437.03975
G1 X142.013 Y100.846 E437.06061
G1 X141.46 Y100.553 E437.08142
G1 X140.991 Y100.137 E437.10227
G1 X140.627 Y99.612 E437.12352
G1 X140.414 Y99.041 E437.14379
G1 X140.34 Y98.408 E437.16499
G1 X140.412 Y97.781 E437.18598
G1 X140.627 Y97.204 E437.20646
G1 X140.991 Y96.679 E437.22771
G1 X141.461 Y96.261 E437.24863
G1 X142.015 Y95.974 E437.26938
G1 X142.62 Y95.824 E437.29011
G1 X143.256 Y95.824 E437.31127
G1 X143.861 Y95.974 E437.332
G1 X144.349 Y96.227 E437.35028
G1 X144.648 Y96.469 E437.36307
G1 X144.648 Y90.345 E437.56676
G1 X144.603 Y89.93 E437.58064
G1 X144.476 Y89.572 E437.59328
G1 X144.272 Y89.25 E437.60595
G1 X143.995 Y88.972 E437.61901
G1 X143.677 Y88.772 E437.6315
G1 X143.318 Y88.645 E437.64417
G1 X142.903 Y88.6 E437.65805
G1 X92.093 Y88.6 E439.348
G1 X91.682 Y88.645 E439.36175
G1 X91.319 Y88.773 E439.37455
G1 X91.001 Y88.972 E439.38703
G1 X90.724 Y89.25 E439.40008
G1 X90.521 Y89.57 E439.41269
G1 X90.397 Y89.93 E439.42535
G1 X90.348 Y90.347 E439.43932
G1 X90.349 Y96.468 E439.6429
G1 X90.647 Y96.227 E439.65565
G1 X91.135 Y95.974 E439.67393
G1 X91.74 Y95.824 E439.69466
G1 X92.376 Y95.824 E439.71582
G1 X92.981 Y95.974 E439.73655
G1 X93.535 Y96.261 E439.7573
G1 X94.002 Y96.677 E439.7781
G1 X94.366 Y97.2 E439.79929
G1 X94.589 Y97.784 E439.82009
G1 X94.656 Y98.408 E439.84096
G1 X94.588 Y99.036 E439.86197
G1 X94.366 Y99.617 E439.88266
G1 X94.002 Y100.139 E439.90382
G1 X93.537 Y100.553 E439.92453
G1 X92.982 Y100.846 E439.9454
G1 X92.373 Y100.992 E439.96623
G1 X91.743 Y100.992 E439.98719
G1 X91.133 Y100.846 E440.00805
G1 X90.644 Y100.587 E440.02645
G1 X90.349 Y100.348 E440.03908
G1 X90.349 Y138.1 E441.29472
G1 X90.644 Y137.861 E441.30735
G1 X91.132 Y137.603 E441.3257
G1 X91.739 Y137.452 E441.34651
G1 X92.376 Y137.452 E441.3677
G1 X92.984 Y137.603 E441.38853
G1 X93.537 Y137.895 E441.40933
G1 X94.002 Y138.309 E441.43004
G1 X94.366 Y138.832 E441.45123
G1 X94.589 Y139.416 E441.47202
G1 X94.656 Y140.04 E441.4929
G1 X94.587 Y140.666 E441.51384
G1 X94.368 Y141.247 E441.5345
G1 X94.004 Y141.766 E441.55558
G1 X93.536 Y142.186 E441.5765
G1 X92.98 Y142.475 E441.59734
G1 X92.367 Y142.624 E441.61832
G1 X91.74 Y142.624 E441.63917
G1 X91.135 Y142.474 E441.6599
G1 X90.647 Y142.221 E441.67819
G1 X90.348 Y141.977 E441.69102
G1 X90.348 Y144.653 E441.78003
G1 X90.397 Y145.066 E441.79386
G1 X90.521 Y145.429 E441.80662
G1 X90.723 Y145.745 E441.81909
G1 X91.001 Y146.024 E441.83219
G1 X91.319 Y146.223 E441.84467
G1 X91.684 Y146.351 E441.85753
G1 X92.095 Y146.4 E441.8713
G1 X94.653 Y146.4 E441.95638
G0 F9000 X94.676 Y146.8
;TYPE:WALL-OUTER
G1 F1500 X95.154 Y146.743 E441.97239
G1 X95.604 Y146.586 E441.98824
G1 X95.998 Y146.338 E442.00373
G1 X96.338 Y145.998 E442.01972
G1 X96.586 Y145.604 E442.0352
G1 X96.743 Y145.154 E442.05106
G1 X96.8 Y144.676 E442.06707
G1 X96.8 Y90.959 E443.8537
G1 X96.84 Y90.88 E443.85665
G1 X96.965 Y90.803 E443.86153
G1 X138.077 Y90.8 E445.22892
G1 X138.2 Y90.959 E445.23561
G1 X138.201 Y115.677 E446.05773
G1 X138.253 Y116.155 E446.07372
G1 X138.41 Y116.604 E446.08954
G1 X138.658 Y116.998 E446.10503
G1 X138.998 Y117.338 E446.12102
G1 X139.396 Y117.586 E446.13662
G1 X139.842 Y117.743 E446.15234
G1 X140.324 Y117.8 E446.16849
G1 X142.924 Y117.8 E446.25496
G1 X143.406 Y117.743 E446.27111
G1 X143.852 Y117.586 E446.28683
G1 X144.246 Y117.338 E446.30232
G1 X144.587 Y116.997 E446.31836
G1 X144.838 Y116.603 E446.33389
G1 X144.995 Y116.155 E446.34968
G1 X145.048 Y115.677 E446.36568
G1 X145.048 Y99.431 E446.90602
G1 F1530.6 X145.062 Y98.948 E446.92177
G1 X144.9 Y99.404 E446.93755
G1 F1500 X144.566 Y99.886 E446.95705
G1 X144.166 Y100.233 E446.97466
G1 X143.695 Y100.475 E446.99228
G1 X143.227 Y100.587 E447.00828
G1 X142.649 Y100.587 E447.02751
G1 X142.134 Y100.457 E447.04517
G1 X141.671 Y100.206 E447.06269
G1 X141.279 Y99.85 E447.0803
G1 X140.976 Y99.402 E447.09829
G1 X140.801 Y98.917 E447.11544
G1 X140.74 Y98.408 E447.13249
G1 X140.801 Y97.899 E447.14954
G1 X140.976 Y97.414 E447.16669
G1 X141.311 Y96.93 E447.18627
G1 X141.711 Y96.582 E447.2039
G1 X142.179 Y96.345 E447.22135
G1 X142.647 Y96.229 E447.23739
G1 X143.229 Y96.229 E447.25674
G1 X143.697 Y96.345 E447.27278
G1 X144.165 Y96.582 E447.29023
G1 X144.566 Y96.93 E447.30789
G1 X144.9 Y97.412 E447.32739
G1 F1530.6 X145.062 Y97.867 E447.34313
G1 X145.048 Y97.385 E447.35885
G1 F1500 X145.048 Y90.323 E447.59373
G1 X144.995 Y89.841 E447.60986
G1 X144.838 Y89.396 E447.62556
G1 X144.586 Y88.998 E447.64122
G1 X144.246 Y88.658 E447.65722
G1 X143.852 Y88.41 E447.6727
G1 X143.407 Y88.253 E447.6884
G1 X142.925 Y88.2 E447.70452
G1 X92.071 Y88.2 E449.39594
G1 X91.593 Y88.253 E449.41193
G1 X91.144 Y88.41 E449.42775
G1 X90.75 Y88.658 E449.44324
G1 X90.41 Y88.998 E449.45923
G1 X90.158 Y89.396 E449.4749
G1 X90.005 Y89.841 E449.49055
G1 X89.948 Y90.324 E449.50672
G1 X89.948 Y97.387 E449.74164
G1 F1554.4 X89.935 Y97.901 E449.75814
G1 X90.096 Y97.413 E449.77464
G1 F1500 X90.43 Y96.93 E449.79417
G1 X90.831 Y96.582 E449.81183
G1 X91.299 Y96.345 E449.82927
G1 X91.767 Y96.229 E449.84531
G1 X92.349 Y96.229 E449.86467
G1 X92.817 Y96.345 E449.88071
G1 X93.285 Y96.582 E449.89815
G1 X93.717 Y96.966 E449.91738
G1 X94.019 Y97.412 E449.93529
G1 X94.199 Y97.901 E449.95262
G1 X94.256 Y98.408 E449.96959
G1 X94.198 Y98.927 E449.98696
G1 X93.997 Y99.446 E450.00547
G1 X93.685 Y99.886 E450.02341
G1 X93.286 Y100.233 E450.041
G1 X92.815 Y100.475 E450.05861
G1 X92.347 Y100.587 E450.07462
G1 X91.769 Y100.587 E450.09384
G1 X91.254 Y100.457 E450.11151
G1 X90.791 Y100.206 E450.12903
G1 X90.43 Y99.886 E450.14507
G1 X90.096 Y99.403 E450.1646
G1 F1554.4 X89.935 Y98.915 E450.1811
G1 X89.948 Y99.429 E450.1976
G1 F1500 X89.948 Y139.019 E451.51437
G1 F1554.4 X89.935 Y139.533 E451.53087
G1 X90.096 Y139.045 E451.54736
G1 F1500 X90.43 Y138.562 E451.5669
G1 X90.83 Y138.215 E451.58451
G1 X91.299 Y137.973 E451.60206
G1 X91.767 Y137.857 E451.6181
G1 X92.349 Y137.857 E451.63745
G1 X92.817 Y137.973 E451.65349
G1 X93.325 Y138.242 E451.67261
G1 X93.717 Y138.598 E451.69022
G1 X94.019 Y139.044 E451.70814
G1 X94.199 Y139.533 E451.72547
G1 X94.256 Y140.04 E451.74244
G1 X94.198 Y140.555 E451.75967
G1 X94.02 Y141.035 E451.7767
G1 X93.686 Y141.513 E451.7961
G1 X93.285 Y141.866 E451.81387
G1 X92.817 Y142.103 E451.83131
G1 X92.349 Y142.219 E451.84735
G1 X91.767 Y142.219 E451.86671
G1 X91.299 Y142.103 E451.88274
G1 X90.831 Y141.866 E451.90019
G1 X90.4 Y141.479 E451.91946
G1 X90.096 Y141.034 E451.93738
G1 F1554.4 X89.935 Y140.543 E451.95397
G1 X89.949 Y141.06 E451.97057
G1 F1500 X89.948 Y144.676 E452.09084
G1 X90.005 Y145.155 E452.10688
G1 X90.158 Y145.604 E452.12266
G1 X90.409 Y145.997 E452.13817
G1 X90.75 Y146.338 E452.15421
G1 X91.144 Y146.586 E452.16969
G1 X91.594 Y146.743 E452.18554
G1 X92.072 Y146.8 E452.20155
G1 X94.676 Y146.8 E452.28816
G1 F2700 E447.28816
G0 F9000 X94.635 Y146.091
G0 X90.224 Y141.665
G0 X89.935 Y140.543
G1 F2700 E452.28816
G1 F1754.4 X89.904 Y140.04 E452.30249
G1 X89.935 Y139.533 E452.31694
G1 F2700 E447.31694
G0 F9000 X89.085 Y139.533
G0 X89.085 Y98.915
G0 X89.935 Y98.915
G1 F2700 E452.31694
G1 F1754.4 X89.904 Y98.408 E452.33138
G1 X89.935 Y97.901 E452.34583
G1 F2700 E447.34583
G0 F9000 X145.063 Y97.901
G1 F2700 E452.34583
G1 F1769.9 X145.094 Y98.408 E452.36015
G1 X145.063 Y98.924 E452.37472
G1 F2700 E447.37472
G0 F9000 X144.233 Y98.728
G0 X142.466 Y99.654
G0 X142.078 Y100.685
G0 X140.839 Y100.416
G0 X140.994 Y100.245
;TYPE:FILL
G1 F2700 E452.37472
G1 F3000 X138.68 Y100.865 E452.4544
G0 F9000 X138.91 Y100.865
G0 X138.91 Y102.534
G0 X138.681 Y102.534
G1 F3000 X142.393 Y88.68 E452.93144
G0 F9000 X141.592 Y88.68
G1 F3000 X144.568 Y91.657 E453.07144
G0 F9000 X144.34 Y91.657
G0 X144.34 Y93.076
G0 X144.568 Y93.076
G1 F3000 X138.68 Y94.653 E453.27418
G0 F9000 X138.68 Y94.254
G1 F3000 X140.995 Y96.569 E453.38307
G0 F9000 X140.845 Y96.399
G0 X140.411 Y97.085
G0 X140.273 Y97.448
G0 X138.91 Y102.739
G0 X138.68 Y102.739
G1 F3000 X144.567 Y108.626 E453.65998
G0 F9000 X144.34 Y108.626
G0 X144.34 Y111.711
G0 X144.567 Y111.711
G1 F3000 X138.681 Y113.288 E453.86265
G0 F9000 X138.91 Y113.288
G0 X138.91 Y111.224
G0 X138.68 Y111.224
G1 F3000 X144.18 Y116.724 E454.12135
G0 F9000 X144.022 Y116.566
G0 X140.93 Y117.09
G0 X140.93 Y117.321
G1 F3000 X144.567 Y103.75 E454.58865
G0 F9000 X144.34 Y103.75
G0 X144.34 Y105.499
G0 X144.566 Y105.499
G1 F3000 X138.681 Y107.076 E454.7913
G0 F9000 X138.91 Y107.076
G0 X138.838 Y90.162
G0 X135.741 Y90.09
G0 X135.741 Y90.321
G1 F3000 X136.181 Y88.679 E454.84784
G0 F9000 X136.181 Y88.91
G0 X137.792 Y88.91
G0 X137.792 Y88.679
G1 F3000 X131.669 Y90.32 E455.05868
G0 F9000 X131.669 Y90.09
G0 X129.53 Y90.09
G0 X129.53 Y90.32
G1 F3000 X129.97 Y88.679 E455.11518
G0 F9000 X129.97 Y88.91
G0 X133.106 Y88.91
G0 X133.106 Y88.68
G1 F3000 X134.746 Y90.32 E455.19232
G0 F9000 X134.746 Y90.09
G0 X126.261 Y90.09
G0 X126.261 Y90.32
G1 F3000 X124.621 Y88.68 E455.26946
G0 F9000 X123.758 Y88.68
G1 F3000 X123.318 Y90.321 E455.32597
G0 F9000 X123.318 Y90.09
G0 X117.776 Y90.09
G0 X117.776 Y90.32
G1 F3000 X116.136 Y88.68 E455.40311
G0 F9000 X116.136 Y88.91
G0 X117.546 Y88.91
G0 X117.546 Y88.68
G1 F3000 X117.107 Y90.32 E455.45958
G0 F9000 X117.107 Y90.09
G0 X114.608 Y88.91
G0 X114.608 Y88.68
G1 F3000 X108.488 Y90.32 E455.67031
G0 F9000 X109.29 Y90.32
G1 F3000 X107.651 Y88.68 E455.74743
G0 F9000 X107.651 Y88.91
G0 X105.123 Y88.91
G0 X105.123 Y88.68
G1 F3000 X104.684 Y90.32 E455.8039
G0 F9000 X104.684 Y90.09
G0 X100.805 Y90.09
G0 X100.805 Y90.32
G1 F3000 X99.165 Y88.68 E455.88104
G0 F9000 X98.911 Y88.68
G1 F3000 X98.472 Y90.32 E455.93751
G0 F9000 X98.472 Y90.09
G0 X96.162 Y90.162
G0 X96.09 Y93.58
G0 X96.319 Y93.58
G1 F3000 X90.428 Y95.159 E456.14036
G0 F9000 X90.709 Y96.107
G1 F3000 X92.7 Y88.68 E456.3961
G0 F9000 X92.7 Y88.91
G0 X91.192 Y89.22
G0 X91.044 Y89.044
G1 F3000 X96.32 Y94.32 E456.64427
G0 F9000 X96.09 Y94.32
G0 X96.09 Y98.351
G0 X96.32 Y98.351
G1 F3000 X90.43 Y120.332 E457.40115
G0 F9000 X90.43 Y120.005
G1 F3000 X96.319 Y118.427 E457.60393
G0 F9000 X96.09 Y118.427
G0 X96.09 Y119.776
G0 X96.32 Y119.776
G1 F3000 X90.43 Y113.886 E457.88098
G1 X90.43 Y113.793
G1 X96.319 Y112.215 E458.08376
G0 F9000 X96.32 Y111.291
G1 F3000 X90.43 Y105.401 E458.3608
G0 F9000 X90.66 Y105.401
G0 X90.66 Y107.582
G0 X90.431 Y107.582
G1 F3000 X96.32 Y106.004 E458.56358
G0 F9000 X96.09 Y106.004
G0 X96.09 Y102.806
G0 X96.32 Y102.806
G1 F3000 X93.874 Y100.36 E458.67864
G1 X93.731 Y100.485
G1 X96.319 Y99.792 E458.76775
G0 F9000 X96.09 Y99.792
G0 X93.072 Y101.081
G0 X92.529 Y101.213
G0 X91.578 Y101.272
G0 X91.633 Y101.048
G1 F3000 X90.43 Y101.37 E458.80917
G0 F9000 X90.66 Y101.37
G0 X90.66 Y122.371
G0 X90.43 Y122.371
G1 F3000 X96.32 Y128.261 E459.08621
G0 F9000 X96.09 Y128.261
G0 X96.09 Y130.85
G0 X96.32 Y130.85
G1 F3000 X90.43 Y132.428 E459.28902
G0 F9000 X90.66 Y132.428
G0 X90.66 Y130.856
G0 X90.43 Y130.856
G1 F3000 X96.32 Y136.747 E459.5661
G0 F9000 X96.319 Y137.062
G1 F3000 X93.54 Y137.807 E459.66179
G0 F9000 X93.647 Y137.604
G0 X93.321 Y137.47
G0 X92.076 Y137.145
G0 X92.076 Y137.372
G1 F3000 X96.32 Y121.533 E460.20718
G0 F9000 X96.09 Y121.533
G0 X96.09 Y124.639
G0 X96.32 Y124.639
G1 F3000 X90.431 Y126.217 E460.40996
G0 F9000 X90.66 Y126.217
G0 X94.832 Y139.355
G0 X94.916 Y140.039
G0 X94.832 Y140.724
G0 X94.59 Y141.365
G0 X94.197 Y141.933
G0 X93.682 Y142.389
G0 X93.072 Y142.711
G0 X92.402 Y142.874
G0 X91.786 Y142.874
G0 X90.633 Y142.561
G0 X90.74 Y142.359
G1 F3000 X90.428 Y143.522 E460.45001
G0 F9000 X90.66 Y143.522
G0 X90.681 Y144.821
G0 X90.452 Y144.846
G1 F3000 X96.319 Y143.274 E460.65203
G0 F9000 X96.09 Y143.274
G0 X96.079 Y144.742
G0 X96.306 Y144.768
G1 F3000 X96.129 Y145.428 E460.67476
G0 F9000 X96.237 Y145.149
G1 F3000 X93.424 Y142.336 E460.80707
G1 F2700 E455.80707
G0 F9000 X93.529 Y142.538
G0 X94.197 Y141.933
G0 X94.59 Y141.365
G0 X94.832 Y140.724
G0 X96.177 Y134.539
G0 X96.162 Y90.162
G0 X110.895 Y90.09
G0 X110.895 Y90.32
G1 F2700 E460.80707
G1 F3000 X111.335 Y88.679 E460.86358
G0 F9000 X111.335 Y89.21
G1 F2700 E455.86358
;MESH:NONMESH
G0 F300 Z2.2
G0 F9000 X96.162 Y90.162
G0 X96.172 Y118.892
G0 X94.635 Y146.091
G0 X94.653 Y146.4
;TIME_ELAPSED:806.536964
;LAYER:10
;TYPE:WALL-INNER
;MESH:battery holder-BodyChamfer.stl
G1 F2700 E460.86358
G1 F1500 X95.064 Y146.351 E460.87735
G1 X95.429 Y146.223 E460.89021
G1 X95.747 Y146.024 E460.90269
G1 X96.024 Y145.747 E460.91572
G1 X96.223 Y145.429 E460.92819
G1 X96.351 Y145.064 E460.94106
G1 X96.4 Y144.653 E460.95482
G1 X96.4 Y90.879 E462.74336
G1 X96.52 Y90.64 E462.75225
G1 X96.717 Y90.47 E462.7609
G1 X96.922 Y90.4 E462.76811
G1 X138 Y90.4 E464.13437
G1 X138.283 Y90.47 E464.14407
G1 X138.48 Y90.64 E464.15272
G1 X138.6 Y90.879 E464.16162
G1 X138.601 Y115.655 E464.98567
G1 X138.645 Y116.066 E464.99942
G1 X138.773 Y116.429 E465.01222
G1 X138.972 Y116.747 E465.0247
G1 X139.248 Y117.023 E465.03768
G1 X139.57 Y117.224 E465.0503
G1 X139.933 Y117.351 E465.06309
G1 X140.347 Y117.4 E465.07696
G1 X142.901 Y117.4 E465.16191
G1 X143.316 Y117.351 E465.1758
G1 X143.677 Y117.224 E465.18853
G1 X143.995 Y117.024 E465.20103
G1 X144.273 Y116.745 E465.21413
G1 X144.476 Y116.427 E465.22668
G1 X144.602 Y116.066 E465.23939
G1 X144.648 Y115.655 E465.25315
G1 X144.648 Y100.347 E465.76229
G1 X144.352 Y100.587 E465.77497
G1 X143.861 Y100.847 E465.79345
G1 X143.253 Y100.992 E465.81424
G1 X142.623 Y100.992 E465.83519
G1 X142.013 Y100.846 E465.85605
G1 X141.46 Y100.553 E465.87687
G1 X140.991 Y100.137 E465.89772
G1 X140.627 Y99.612 E465.91897
G1 X140.414 Y99.041 E465.93924
G1 X140.34 Y98.408 E465.96043
G1 X140.412 Y97.781 E465.98143
G1 X140.627 Y97.204 E466.00191
G1 X140.991 Y96.679 E466.02315
G1 X141.461 Y96.261 E466.04407
G1 X142.015 Y95.974 E466.06483
G1 X142.62 Y95.824 E466.08556
G1 X143.256 Y95.824 E466.10671
G1 X143.861 Y95.974 E466.12744
G1 X144.349 Y96.227 E466.14572
G1 X144.648 Y96.469 E466.15852
G1 X144.648 Y90.345 E466.3622
G1 X144.603 Y89.93 E466.37609
G1 X144.476 Y89.572 E466.38872
G1 X144.272 Y89.25 E466.4014
G1 X143.995 Y88.972 E466.41445
G1 X143.677 Y88.772 E466.42695
G1 X143.318 Y88.645 E466.43961
G1 X142.903 Y88.6 E466.4535
G1 X92.093 Y88.6 E468.14344
G1 X91.682 Y88.645 E468.1572
G1 X91.319 Y88.773 E468.17
G1 X91.001 Y88.972 E468.18247
G1 X90.724 Y89.25 E468.19553
G1 X90.521 Y89.57 E468.20813
G1 X90.397 Y89.93 E468.2208
G1 X90.348 Y90.347 E468.23476
G1 X90.349 Y96.468 E468.43835
G1 X90.647 Y96.227 E468.45109
G1 X91.135 Y95.974 E468.46938
G1 X91.74 Y95.824 E468.49011
G1 X92.376 Y95.824 E468.51126
G1 X92.981 Y95.974 E468.53199
G1 X93.535 Y96.261 E468.55274
G1 X94.002 Y96.677 E468.57355
G1 X94.366 Y97.2 E468.59474
G1 X94.589 Y97.784 E468.61553
G1 X94.656 Y98.408 E468.6364
G1 X94.588 Y99.036 E468.65741
G1 X94.366 Y99.617 E468.6781
G1 X94.002 Y100.139 E468.69927
G1 X93.537 Y100.553 E468.71997
G1 X92.982 Y100.846 E468.74085
G1 X92.373 Y100.992 E468.76168
G1 X91.743 Y100.992 E468.78263
G1 X91.133 Y100.846 E468.80349
G1 X90.644 Y100.587 E468.8219
G1 X90.349 Y100.348 E468.83453
G1 X90.349 Y138.1 E470.09016
G1 X90.644 Y137.861 E470.10279
G1 X91.132 Y137.603 E470.12115
G1 X91.739 Y137.452 E470.14195
G1 X92.376 Y137.452 E470.16314
G1 X92.984 Y137.603 E470.18398
G1 X93.537 Y137.895 E470.20478
G1 X94.002 Y138.309 E470.22548
G1 X94.366 Y138.832 E470.24668
G1 X94.589 Y139.416 E470.26747
G1 X94.656 Y140.04 E470.28834
G1 X94.587 Y140.666 E470.30929
G1 X94.368 Y141.247 E470.32994
G1 X94.004 Y141.766 E470.35103
G1 X93.536 Y142.186 E470.37194
G1 X92.98 Y142.475 E470.39278
G1 X92.367 Y142.624 E470.41376
G1 X91.74 Y142.624 E470.43462
G1 X91.135 Y142.474 E470.45535
G1 X90.647 Y142.221 E470.47363
G1 X90.348 Y141.977 E470.48647
G1 X90.348 Y144.653 E470.57547
G1 X90.397 Y145.066 E470.5893
G1 X90.521 Y145.429 E470.60206
G1 X90.723 Y145.745 E470.61454
G1 X91.001 Y146.024 E470.62764
G1 X91.319 Y146.223 E470.64011
G1 X91.684 Y146.351 E470.65298
G1 X92.095 Y146.4 E470.66675
G1 X94.653 Y146.4 E470.75183
G0 F9000 X94.676 Y146.8
;TYPE:WALL-OUTER
G1 F1500 X95.154 Y146.743 E470.76784
G1 X95.604 Y146.586 E470.78369
G1 X95.998 Y146.338 E470.79917
G1 X96.338 Y145.998 E470.81516
G1 X96.586 Y145.604 E470.83065
G1 X96.743 Y145.154 E470.8465
G1 X96.8 Y144.676 E470.86251
G1 X96.8 Y90.959 E472.64915
G1 X96.84 Y90.88 E472.65209
G1 X96.965 Y90.803 E472.65698
G1 X138.077 Y90.8 E474.02437
G1 X138.2 Y90.959 E474.03105
G1 X138.201 Y115.677 E474.85318
G1 X138.253 Y116.155 E474.86917
G1 X138.41 Y116.604 E474.88499
G1 X138.658 Y116.998 E474.90047
G1 X138.998 Y117.338 E474.91647
G1 X139.396 Y117.586 E474.93206
G1 X139.842 Y117.743 E474.94779
G1 X140.324 Y117.8 E474.96393
G1 X142.924 Y117.8 E475.05041
G1 X143.406 Y117.743 E475.06655
G1 X143.852 Y117.586 E475.08228
G1 X144.246 Y117.338 E475.09776
G1 X144.587 Y116.997 E475.1138
G1 X144.838 Y116.603 E475.12934
G1 X144.995 Y116.155 E475.14513
G1 X145.048 Y115.677 E475.16112
G1 X145.048 Y99.431 E475.70147
G1 F1530.6 X145.062 Y98.948 E475.71722
G1 X144.9 Y99.404 E475.73299
G1 F1500 X144.566 Y99.886 E475.7525
G1 X144.166 Y100.233 E475.77011
G1 X143.695 Y100.475 E475.78772
G1 X143.227 Y100.587 E475.80373
G1 X142.649 Y100.587 E475.82295
G1 X142.134 Y100.457 E475.84062
G1 X141.671 Y100.206 E475.85813
G1 X141.279 Y99.85 E475.87575
G1 X140.976 Y99.402 E475.89373
G1 X140.801 Y98.917 E475.91088
G1 X140.74 Y98.408 E475.92793
G1 X140.801 Y97.899 E475.94498
G1 X140.976 Y97.414 E475.96213
G1 X141.311 Y96.93 E475.98171
G1 X141.711 Y96.582 E475.99935
G1 X142.179 Y96.345 E476.01679
G1 X142.647 Y96.229 E476.03283
G1 X143.229 Y96.229 E476.05219
G1 X143.697 Y96.345 E476.06822
G1 X144.165 Y96.582 E476.08567
G1 X144.566 Y96.93 E476.10333
G1 X144.9 Y97.412 E476.12284
G1 F1530.6 X145.062 Y97.867 E476.13858
G1 X145.048 Y97.385 E476.1543
G1 F1500 X145.048 Y90.323 E476.38918
G1 X144.995 Y89.841 E476.40531
G1 X144.838 Y89.396 E476.421
G1 X144.586 Y88.998 E476.43667
G1 X144.246 Y88.658 E476.45266
G1 X143.852 Y88.41 E476.46815
G1 X143.407 Y88.253 E476.48384
G1 X142.925 Y88.2 E476.49997
G1 X92.071 Y88.2 E478.19138
G1 X91.593 Y88.253 E478.20738
G1 X91.144 Y88.41 E478.2232
G1 X90.75 Y88.658 E478.23868
G1 X90.41 Y88.998 E478.25467
G1 X90.158 Y89.396 E478.27034
G1 X90.005 Y89.841 E478.28599
G1 X89.948 Y90.324 E478.30217
G1 X89.948 Y97.387 E478.53708
G1 F1554.4 X89.935 Y97.901 E478.55359
G1 X90.096 Y97.413 E478.57008
G1 F1500 X90.43 Y96.93 E478.58961
G1 X90.831 Y96.582 E478.60727
G1 X91.299 Y96.345 E478.62472
G1 X91.767 Y96.229 E478.64076
G1 X92.349 Y96.229 E478.66011
G1 X92.817 Y96.345 E478.67615
G1 X93.285 Y96.582 E478.6936
G1 X93.717 Y96.966 E478.71282
G1 X94.019 Y97.412 E478.73074
G1 X94.199 Y97.901 E478.74807
G1 X94.256 Y98.408 E478.76504
G1 X94.198 Y98.927 E478.78241
G1 X93.997 Y99.446 E478.80092
G1 X93.685 Y99.886 E478.81886
G1 X93.286 Y100.233 E478.83645
G1 X92.815 Y100.475 E478.85406
G1 X92.347 Y100.587 E478.87006
G1 X91.769 Y100.587 E478.88929
G1 X91.254 Y100.457 E478.90695
G1 X90.791 Y100.206 E478.92447
G1 X90.43 Y99.886 E478.94052
G1 X90.096 Y99.403 E478.96005
G1 F1554.4 X89.935 Y98.915 E478.97654
G1 X89.948 Y99.429 E478.99304
G1 F1500 X89.948 Y139.019 E480.30981
G1 F1554.4 X89.935 Y139.533 E480.32631
G1 X90.096 Y139.045 E480.34281
G1 F1500 X90.43 Y138.562 E480.36234
G1 X90.83 Y138.215 E480.37995
G1 X91.299 Y137.973 E480.39751
G1 X91.767 Y137.857 E480.41354
G1 X92.349 Y137.857 E480.4329
G1 X92.817 Y137.973 E480.44894
G1 X93.325 Y138.242 E480.46806
G1 X93.717 Y138.598 E480.48567
G1 X94.019 Y139.044 E480.50358
G1 X94.199 Y139.533 E480.52091
G1 X94.256 Y140.04 E480.53788
G1 X94.198 Y140.555 E480.55512
G1 X94.02 Y141.035 E480.57215
G1 X93.686 Y141.513 E480.59154
G1 X93.285 Y141.866 E480.60931
G1 X92.817 Y142.103 E480.62676
G1 X92.349 Y142.219 E480.6428
G1 X91.767 Y142.219 E480.66215
G1 X91.299 Y142.103 E480.67819
G1 X90.831 Y141.866 E480.69564
G1 X90.4 Y141.479 E480.7149
G1 X90.096 Y141.034 E480.73283
G1 F1554.4 X89.935 Y140.543 E480.74941
G1 X89.949 Y141.06 E480.76601
G1 F1500 X89.948 Y144.676 E480.88628
G1 X90.005 Y145.155 E480.90233
G1 X90.158 Y145.604 E480.9181
G1 X90.409 Y145.997 E480.93361
G1 X90.75 Y146.338 E480.94965
G1 X91.144 Y146.586 E480.96514
G1 X91.594 Y146.743 E480.98099
G1 X92.072 Y146.8 E480.997
G1 X94.676 Y146.8 E481.08361
G1 F2700 E476.08361
G0 F9000 X94.635 Y146.091
G0 X90.224 Y141.665
G0 X89.935 Y140.543
G1 F2700 E481.08361
G1 F1754.4 X89.904 Y140.04 E481.09794
G1 X89.935 Y139.533 E481.11238
G1 F2700 E476.11238
G0 F9000 X89.085 Y139.533
G0 X89.085 Y98.915
G0 X89.935 Y98.915
G1 F2700 E481.11238
G1 F1754.4 X89.904 Y98.408 E481.12683
G1 X89.935 Y97.901 E481.14127
G1 F2700 E476.14127
G0 F9000 X145.063 Y97.901
G1 F2700 E481.14127
G1 F1769.9 X145.094 Y98.408 E481.15559
G1 X145.063 Y98.924 E481.17016
G1 F2700 E476.17016
G0 F9000 X144.233 Y98.728
G0 X142.779 Y99.731
G0 X142.648 Y100.824
G0 X140.966 Y100.528
G0 X141.12 Y100.357
;TYPE:FILL
G1 F2700 E481.17016
G1 F3000 X138.681 Y101.011 E481.25415
G0 F9000 X138.681 Y101.989
G1 F3000 X142.247 Y88.679 E481.71246
G0 F9000 X141.791 Y88.68
G1 F3000 X144.568 Y91.457 E481.84308
G0 F9000 X144.34 Y91.457
G0 X144.34 Y93.222
G0 X144.568 Y93.222
G1 F3000 X138.68 Y94.799 E482.04581
G0 F9000 X138.68 Y94.054
G1 F3000 X141.1 Y96.475 E482.15967
G0 F9000 X140.95 Y96.306
G0 X140.411 Y97.085
G0 X140.273 Y97.448
G0 X138.91 Y102.54
G0 X138.68 Y102.54
G1 F3000 X144.567 Y108.427 E482.43657
G0 F9000 X144.34 Y108.427
G0 X144.34 Y105.645
G0 X144.566 Y105.645
G1 F3000 X138.681 Y107.222 E482.63922
G0 F9000 X138.91 Y107.222
G0 X138.91 Y111.025
G0 X138.68 Y111.025
G1 F3000 X144.265 Y116.61 E482.90192
G0 F9000 X144.074 Y116.489
G0 X140.784 Y117.09
G0 X140.784 Y117.32
G1 F3000 X144.567 Y103.205 E483.38795
G0 F9000 X144.34 Y103.205
G0 X144.34 Y111.857
G0 X144.567 Y111.857
G1 F3000 X138.681 Y113.434 E483.59063
G0 F9000 X138.91 Y113.434
G0 X138.838 Y90.162
G0 X135.596 Y90.09
G0 X135.596 Y90.32
G1 F3000 X136.035 Y88.679 E483.64713
G0 F9000 X136.035 Y88.91
G0 X134.946 Y90.09
G0 X134.946 Y90.32
G1 F3000 X133.306 Y88.68 E483.72427
G0 F9000 X133.306 Y88.91
G0 X132.215 Y90.09
G0 X132.215 Y90.32
G1 F3000 X138.337 Y88.68 E483.93506
G0 F9000 X138.337 Y88.91
G0 X129.824 Y88.91
G0 X129.824 Y88.68
G1 F3000 X129.384 Y90.321 E483.99157
G0 F9000 X129.384 Y90.09
G0 X126.46 Y90.09
G0 X126.46 Y90.32
G1 F3000 X124.821 Y88.68 E484.06869
G0 F9000 X124.821 Y88.91
G0 X123.612 Y88.91
G0 X123.612 Y88.68
G1 F3000 X123.172 Y90.321 E484.1252
G0 F9000 X123.172 Y90.09
G0 X117.975 Y90.09
G0 X117.975 Y90.32
G1 F3000 X116.335 Y88.68 E484.20234
G0 F9000 X116.335 Y88.91
G0 X117.4 Y88.91
G0 X117.4 Y88.679
G1 F3000 X116.961 Y90.32 E484.25884
G0 F9000 X116.961 Y90.09
G0 X115.154 Y88.91
G0 X115.154 Y88.68
G1 F3000 X109.033 Y90.32 E484.4696
G0 F9000 X109.49 Y90.32
G1 F3000 X107.85 Y88.68 E484.54674
G0 F9000 X107.85 Y88.91
G0 X104.977 Y88.91
G0 X104.977 Y88.68
G1 F3000 X104.538 Y90.32 E484.60321
G0 F9000 X104.538 Y90.09
G0 X101.005 Y90.09
G0 X101.005 Y90.32
G1 F3000 X99.365 Y88.68 E484.68035
G0 F9000 X98.765 Y88.68
G1 F3000 X98.326 Y90.32 E484.73682
G0 F9000 X98.326 Y90.09
G0 X96.162 Y90.162
G0 X96.09 Y93.726
G0 X96.319 Y93.726
G1 F3000 X90.429 Y95.305 E484.93964
G0 F9000 X90.54 Y96.196
G1 F3000 X92.554 Y88.679 E485.19847
G0 F9000 X91.882 Y88.704
G1 F3000 X91.353 Y88.846 E485.21669
G0 F9000 X91.164 Y88.965
G1 F3000 X96.32 Y94.121 E485.45921
G0 F9000 X96.09 Y94.121
G0 X96.09 Y97.806
G0 X96.32 Y97.806
G1 F3000 X90.43 Y119.788 E486.21613
G0 F9000 X90.431 Y120.151
G1 F3000 X96.319 Y118.573 E486.41887
G0 F9000 X96.09 Y118.573
G0 X96.09 Y119.577
G0 X96.32 Y119.577
G1 F3000 X90.43 Y113.687 E486.69592
G0 F9000 X90.43 Y113.939
G1 F3000 X96.319 Y112.361 E486.8987
G0 F9000 X96.09 Y112.361
G0 X96.09 Y111.091
G0 X96.32 Y111.091
G1 F3000 X90.43 Y105.201 E487.17575
G0 F9000 X90.66 Y105.201
G0 X90.66 Y107.728
G0 X90.43 Y107.728
G1 F3000 X96.32 Y106.15 E487.37856
G0 F9000 X96.09 Y106.15
G0 X96.09 Y102.606
G0 X96.32 Y102.606
G1 F3000 X93.98 Y100.266 E487.48863
G0 F9000 X93.382 Y100.725
G1 F3000 X96.32 Y99.938 E487.58979
G0 F9000 X96.09 Y99.938
G0 X93.374 Y100.967
G0 X92.087 Y101.305
G0 X92.087 Y101.072
G1 F3000 X90.431 Y101.516 E487.64681
G0 F9000 X90.66 Y101.516
G0 X96.09 Y120.988
G0 X96.32 Y120.988
G1 F3000 X91.93 Y137.372 E488.21097
G0 F9000 X91.93 Y137.145
G0 X92.958 Y137.347
G0 X93.832 Y137.743
G0 X93.678 Y137.916
G1 F3000 X96.319 Y137.208 E488.30191
G0 F9000 X96.32 Y136.547
G1 F3000 X90.43 Y130.657 E488.57896
G0 F9000 X90.66 Y130.657
G0 X90.66 Y132.574
G0 X90.43 Y132.574
G1 F3000 X96.319 Y130.996 E488.78174
G0 F9000 X96.09 Y130.996
G0 X96.09 Y128.062
G0 X96.32 Y128.062
G1 F3000 X90.43 Y122.172 E489.05878
G0 F9000 X90.66 Y122.172
G0 X90.66 Y126.363
G0 X90.43 Y126.363
G1 F3000 X96.32 Y124.785 E489.2616
G0 F9000 X96.09 Y124.785
G0 X94.832 Y140.724
G0 X94.59 Y141.365
G0 X94.271 Y141.825
G0 X93.661 Y142.469
G0 X93.556 Y142.268
G1 F3000 X96.28 Y144.992 E489.38972
G0 F9000 X96.32 Y144.17
G1 F3000 X95.893 Y145.763 E489.44458
G0 F9000 X95.734 Y145.604
G0 X96.09 Y143.42
G0 X96.32 Y143.42
G1 F3000 X90.468 Y144.987 E489.64607
G0 F9000 X90.697 Y144.962
G0 X90.66 Y142.976
G0 X90.428 Y142.976
G1 F3000 X90.612 Y142.292 E489.66963
G1 F2700 E484.66963
G0 F9000 X90.611 Y142.495
G0 X91.048 Y142.711
G0 X91.718 Y142.874
G0 X92.402 Y142.874
G0 X93.072 Y142.711
G0 X93.682 Y142.389
G0 X94.197 Y141.933
G0 X94.59 Y141.365
G0 X94.832 Y140.724
G0 X96.176 Y128.013
G0 X96.162 Y90.162
G0 X110.749 Y90.09
G0 X110.749 Y90.321
G1 F2700 E489.66963
G1 F3000 X111.189 Y88.679 E489.72617
G0 F9000 X111.189 Y89.21
G1 F2700 E484.72617
;MESH:NONMESH
G0 F300 Z2.4
G0 F9000 X96.162 Y90.162
G0 X96.172 Y118.865
G0 X94.635 Y146.091
G0 X94.653 Y146.4
;TIME_ELAPSED:853.686006
;LAYER:11
;TYPE:WALL-INNER
;MESH:battery holder-BodyChamfer.stl
G1 F2700 E489.72617
G1 F1500 X95.064 Y146.351 E489.73994
G1 X95.429 Y146.223 E489.7528
G1 X95.747 Y146.024 E489.76528
G1 X96.024 Y145.747 E489.77831
G1 X96.223 Y145.429 E489.79079
G1 X96.351 Y145.064 E489.80365
G1 X96.4 Y144.653 E489.81742
G1 X96.4 Y90.879 E491.60595
G1 X96.52 Y90.64 E491.61484
G1 X96.717 Y90.47 E491.6235
G1 X96.922 Y90.4 E491.6307
G1 X138 Y90.4 E492.99696
G1 X138.283 Y90.47 E493.00666
G1 X138.48 Y90.64 E493.01531
G1 X138.6 Y90.879 E493.02421
G1 X138.601 Y115.655 E493.84826
G1 X138.645 Y116.066 E493.86201
G1 X138.773 Y116.429 E493.87481
G1 X138.972 Y116.747 E493.88729
G1 X139.248 Y117.023 E493.90027
G1 X139.57 Y117.224 E493.9129
G1 X139.933 Y117.351 E493.92569
G1 X140.347 Y117.4 E493.93955
G1 X142.901 Y117.4 E494.0245
G1 X143.316 Y117.351 E494.0384
G1 X143.677 Y117.224 E494.05113
G1 X143.995 Y117.024 E494.06362
G1 X144.273 Y116.745 E494.07672
G1 X144.476 Y116.427 E494.08927
G1 X144.602 Y116.066 E494.10199
G1 X144.648 Y115.655 E494.11574
G1 X144.648 Y100.347 E494.62489
G1 X144.352 Y100.587 E494.63756
G1 X143.861 Y100.847 E494.65604
G1 X143.253 Y100.992 E494.67683
G1 X142.623 Y100.992 E494.69778
G1 X142.013 Y100.846 E494.71865
G1 X141.46 Y100.553 E494.73946
G1 X140.991 Y100.137 E494.76031
G1 X140.627 Y99.612 E494.78156
G1 X140.414 Y99.041 E494.80183
G1 X140.34 Y98.408 E494.82303
G1 X140.412 Y97.781 E494.84402
G1 X140.627 Y97.204 E494.8645
G1 X140.991 Y96.679 E494.88575
G1 X141.461 Y96.261 E494.90667
G1 X142.015 Y95.974 E494.92742
G1 X142.62 Y95.824 E494.94815
G1 X143.256 Y95.824 E494.9693
G1 X143.861 Y95.974 E494.99004
G1 X144.349 Y96.227 E495.00832
G1 X144.648 Y96.469 E495.02111
G1 X144.648 Y90.345 E495.2248
G1 X144.603 Y89.93 E495.23868
G1 X144.476 Y89.572 E495.25132
G1 X144.272 Y89.25 E495.26399
G1 X143.995 Y88.972 E495.27705
G1 X143.677 Y88.772 E495.28954
G1 X143.318 Y88.645 E495.30221
G1 X142.903 Y88.6 E495.31609
G1 X92.093 Y88.6 E497.00604
G1 X91.682 Y88.645 E497.01979
G1 X91.319 Y88.773 E497.03259
G1 X91.001 Y88.972 E497.04507
G1 X90.724 Y89.25 E497.05812
G1 X90.521 Y89.57 E497.07073
G1 X90.397 Y89.93 E497.08339
G1 X90.348 Y90.347 E497.09735
G1 X90.349 Y96.468 E497.30094
G1 X90.647 Y96.227 E497.31369
G1 X91.135 Y95.974 E497.33197
G1 X91.74 Y95.824 E497.3527
G1 X92.376 Y95.824 E497.37385
G1 X92.981 Y95.974 E497.39459
G1 X93.535 Y96.261 E497.41534
G1 X94.002 Y96.677 E497.43614
G1 X94.366 Y97.2 E497.45733
G1 X94.589 Y97.784 E497.47812
G1 X94.656 Y98.408 E497.499
G1 X94.588 Y99.036 E497.52001
G1 X94.366 Y99.617 E497.54069
G1 X94.002 Y100.139 E497.56186
G1 X93.537 Y100.553 E497.58257
G1 X92.982 Y100.846 E497.60344
G1 X92.373 Y100.992 E497.62427
G1 X91.743 Y100.992 E497.64522
G1 X91.133 Y100.846 E497.66609
G1 X90.644 Y100.587 E497.68449
G1 X90.349 Y100.348 E497.69712
G1 X90.349 Y138.1 E498.95276
G1 X90.644 Y137.861 E498.96538
G1 X91.132 Y137.603 E498.98374
G1 X91.739 Y137.452 E499.00455
G1 X92.376 Y137.452 E499.02573
G1 X92.984 Y137.603 E499.04657
G1 X93.537 Y137.895 E499.06737
G1 X94.002 Y138.309 E499.08808
G1 X94.366 Y138.832 E499.10927
G1 X94.589 Y139.416 E499.13006
G1 X94.656 Y140.04 E499.15094
G1 X94.587 Y140.666 E499.17188
G1 X94.368 Y141.247 E499.19253
G1 X94.004 Y141.766 E499.21362
G1 X93.536 Y142.186 E499.23453
G1 X92.98 Y142.475 E499.25538
G1 X92.367 Y142.624 E499.27636
G1 X91.74 Y142.624 E499.29721
G1 X91.135 Y142.474 E499.31794
G1 X90.647 Y142.221 E499.33623
G1 X90.348 Y141.977 E499.34906
G1 X90.348 Y144.653 E499.43807
G1 X90.397 Y145.066 E499.4519
G1 X90.521 Y145.429 E499.46466
G1 X90.723 Y145.745 E499.47713
G1 X91.001 Y146.024 E499.49023
G1 X91.319 Y146.223 E499.50271
G1 X91.684 Y146.351 E499.51557
G1 X92.095 Y146.4 E499.52934
G1 X94.653 Y146.4 E499.61442
G0 F9000 X94.676 Y146.8
;TYPE:WALL-OUTER
G1 F1500 X95.154 Y146.743 E499.63043
G1 X95.604 Y146.586 E499.64628
G1 X95.998 Y146.338 E499.66177
G1 X96.338 Y145.998 E499.67776
G1 X96.586 Y145.604 E499.69324
G1 X96.743 Y145.154 E499.70909
G1 X96.8 Y144.676 E499.72511
G1 X96.8 Y90.959 E501.51174
G1 X96.84 Y90.88 E501.51469
G1 X96.965 Y90.803 E501.51957
G1 X138.077 Y90.8 E502.88696
G1 X138.2 Y90.959 E502.89365
G1 X138.201 Y115.677 E503.71577
G1 X138.253 Y116.155 E503.73176
G1 X138.41 Y116.604 E503.74758
G1 X138.658 Y116.998 E503.76307
G1 X138.998 Y117.338 E503.77906
G1 X139.396 Y117.586 E503.79466
G1 X139.842 Y117.743 E503.81038
G1 X140.324 Y117.8 E503.82653
G1 X142.924 Y117.8 E503.913
G1 X143.406 Y117.743 E503.92914
G1 X143.852 Y117.586 E503.94487
G1 X144.246 Y117.338 E503.96036
G1 X144.587 Y116.997 E503.9764
G1 X144.838 Y116.603 E503.99193
G1 X144.995 Y116.155 E504.00772
G1 X145.048 Y115.677 E504.02372
G1 X145.048 Y99.431 E504.56406
G1 F1530.6 X145.062 Y98.948 E504.57981
G1 X144.9 Y99.404 E504.59559
G1 F1500 X144.566 Y99.886 E504.61509
G1 X144.166 Y100.233 E504.6327
G1 X143.695 Y100.475 E504.65031
G1 X143.227 Y100.587 E504.66632
G1 X142.649 Y100.587 E504.68554
G1 X142.134 Y100.457 E504.70321
G1 X141.671 Y100.206 E504.72073
G1 X141.279 Y99.85 E504.73834
G1 X140.976 Y99.402 E504.75633
G1 X140.801 Y98.917 E504.77348
G1 X140.74 Y98.408 E504.79053
G1 X140.801 Y97.899 E504.80758
G1 X140.976 Y97.414 E504.82473
G1 X141.311 Y96.93 E504.8443
G1 X141.711 Y96.582 E504.86194
G1 X142.179 Y96.345 E504.87939
G1 X142.647 Y96.229 E504.89542
G1 X143.229 Y96.229 E504.91478
G1 X143.697 Y96.345 E504.93082
G1 X144.165 Y96.582 E504.94827
G1 X144.566 Y96.93 E504.96593
G1 X144.9 Y97.412 E504.98543
G1 F1530.6 X145.062 Y97.867 E505.00117
G1 X145.048 Y97.385 E505.01689
G1 F1500 X145.048 Y90.323 E505.25177
G1 X144.995 Y89.841 E505.2679
G1 X144.838 Y89.396 E505.2836
G1 X144.586 Y88.998 E505.29926
G1 X144.246 Y88.658 E505.31526
G1 X143.852 Y88.41 E505.33074
G1 X143.407 Y88.253 E505.34643
G1 X142.925 Y88.2 E505.36256
G1 X92.071 Y88.2 E507.05397
G1 X91.593 Y88.253 E507.06997
G1 X91.144 Y88.41 E507.08579
G1 X90.75 Y88.658 E507.10127
G1 X90.41 Y88.998 E507.11727
G1 X90.158 Y89.396 E507.13293
G1 X90.005 Y89.841 E507.14859
G1 X89.948 Y90.324 E507.16476
G1 X89.948 Y97.387 E507.39968
G1 F1554.4 X89.935 Y97.901 E507.41618
G1 X90.096 Y97.413 E507.43267
G1 F1500 X90.43 Y96.93 E507.45221
G1 X90.831 Y96.582 E507.46987
G1 X91.299 Y96.345 E507.48731
G1 X91.767 Y96.229 E507.50335
G1 X92.349 Y96.229 E507.52271
G1 X92.817 Y96.345 E507.53874
G1 X93.285 Y96.582 E507.55619
G1 X93.717 Y96.966 E507.57542
G1 X94.019 Y97.412 E507.59333
G1 X94.199 Y97.901 E507.61066
G1 X94.256 Y98.408 E507.62763
G1 X94.198 Y98.927 E507.645
G1 X93.997 Y99.446 E507.66351
G1 X93.685 Y99.886 E507.68145
G1 X93.286 Y100.233 E507.69904
G1 X92.815 Y100.475 E507.71665
G1 X92.347 Y100.587 E507.73266
G1 X91.769 Y100.587 E507.75188
G1 X91.254 Y100.457 E507.76955
G1 X90.791 Y100.206 E507.78706
G1 X90.43 Y99.886 E507.80311
G1 X90.096 Y99.403 E507.82264
G1 F1554.4 X89.935 Y98.915 E507.83913
G1 X89.948 Y99.429 E507.85564
G1 F1500 X89.948 Y139.019 E509.17241
G1 F1554.4 X89.935 Y139.533 E509.18891
G1 X90.096 Y139.045 E509.2054
G1 F1500 X90.43 Y138.562 E509.22493
G1 X90.83 Y138.215 E509.24255
G1 X91.299 Y137.973 E509.2601
G1 X91.767 Y137.857 E509.27614
G1 X92.349 Y137.857 E509.29549
G1 X92.817 Y137.973 E509.31153
G1 X93.325 Y138.242 E509.33065
G1 X93.717 Y138.598 E509.34826
G1 X94.019 Y139.044 E509.36618
G1 X94.199 Y139.533 E509.38351
G1 X94.256 Y140.04 E509.40048
G1 X94.198 Y140.555 E509.41771
G1 X94.02 Y141.035 E509.43474
G1 X93.686 Y141.513 E509.45414
G1 X93.285 Y141.866 E509.4719
G1 X92.817 Y142.103 E509.48935
G1 X92.349 Y142.219 E509.50539
G1 X91.767 Y142.219 E509.52475
G1 X91.299 Y142.103 E509.54078
G1 X90.831 Y141.866 E509.55823
G1 X90.4 Y141.479 E509.5775
G1 X90.096 Y141.034 E509.59542
G1 F1554.4 X89.935 Y140.543 E509.61201
G1 X89.949 Y141.06 E509.62861
G1 F1500 X89.948 Y144.676 E509.74887
G1 X90.005 Y145.155 E509.76492
G1 X90.158 Y145.604 E509.7807
G1 X90.409 Y145.997 E509.79621
G1 X90.75 Y146.338 E509.81225
G1 X91.144 Y146.586 E509.82773
G1 X91.594 Y146.743 E509.84358
G1 X92.072 Y146.8 E509.85959
G1 X94.676 Y146.8 E509.9462
G1 F2700 E504.9462
G0 F9000 X94.635 Y146.091
G0 X90.224 Y141.665
G0 X89.935 Y140.543
G1 F2700 E509.9462
G1 F1754.4 X89.904 Y140.04 E509.96053
G1 X89.935 Y139.533 E509.97498
G1 F2700 E504.97498
G0 F9000 X89.085 Y139.533
G0 X89.085 Y98.915
G0 X89.935 Y98.915
G1 F2700 E509.97498
G1 F1754.4 X89.904 Y98.408 E509.98942
G1 X89.935 Y97.901 E510.00387
G1 F2700 E505.00387
G0 F9000 X145.063 Y97.901
G1 F2700 E510.00387
G1 F1769.9 X145.094 Y98.408 E510.01818
G1 X145.063 Y98.924 E510.03276
G1 F2700 E505.03276
G0 F9000 X144.835 Y99.893
G0 X144.34 Y102.657
G0 X144.567 Y102.657
;TYPE:FILL
G1 F2700 E510.03276
G1 F3000 X140.637 Y117.321 E510.53769
G0 F9000 X140.637 Y117.09
G0 X144.151 Y116.366
G0 X144.344 Y116.488
G1 F3000 X138.68 Y110.824 E510.80411
G0 F9000 X138.91 Y110.824
G0 X138.91 Y113.581
G0 X138.681 Y113.581
G1 F3000 X144.567 Y112.004 E511.00679
G0 F9000 X144.34 Y112.004
G0 X144.34 Y108.226
G0 X144.567 Y108.226
G1 F3000 X138.68 Y102.339 E511.28369
G0 F9000 X138.681 Y101.441
G1 F3000 X142.1 Y88.679 E511.72313
G1 X141.992 Y88.68
G1 X144.568 Y91.256 E511.84429
G0 F9000 X144.34 Y91.256
G0 X144.34 Y93.369
G0 X144.568 Y93.369
G1 F3000 X138.68 Y94.946 E512.04703
G0 F9000 X138.91 Y94.946
G0 X138.91 Y93.854
G0 X138.68 Y93.854
G1 F3000 X141.207 Y96.381 E512.16589
G0 F9000 X141.057 Y96.211
G0 X140.411 Y97.085
G0 X140.168 Y97.725
G0 X140.084 Y98.411
G0 X140.168 Y99.094
G0 X140.386 Y99.671
G0 X141.094 Y100.641
G0 X141.247 Y100.47
G1 F3000 X138.681 Y101.158 E512.25425
G0 F9000 X138.91 Y101.158
G0 X138.91 Y107.369
G0 X138.681 Y107.369
G1 F3000 X144.566 Y105.792 E512.4569
G0 F9000 X144.34 Y105.792
G0 X140.41 Y99.735
G0 X138.83 Y96.06
G0 X138.838 Y90.162
G0 X135.449 Y90.09
G0 X135.449 Y90.32
G1 F3000 X135.888 Y88.679 E512.5134
G0 F9000 X135.888 Y88.91
G0 X135.146 Y90.09
G0 X135.146 Y90.32
G1 F3000 X133.507 Y88.68 E512.59051
G0 F9000 X133.507 Y88.91
G0 X132.763 Y90.09
G0 X132.763 Y90.32
G1 F3000 X138.885 Y88.68 E512.80131
G0 F9000 X138.885 Y88.91
G0 X129.677 Y88.91
G0 X129.677 Y88.679
G1 F3000 X129.237 Y90.321 E512.85785
G0 F9000 X129.237 Y90.09
G0 X126.661 Y90.09
G0 X126.661 Y90.32
G1 F3000 X125.021 Y88.68 E512.93499
G0 F9000 X125.021 Y88.91
G0 X123.465 Y88.91
G0 X123.465 Y88.68
G1 F3000 X123.025 Y90.321 E512.9915
G0 F9000 X123.025 Y90.09
G0 X118.176 Y90.09
G0 X118.176 Y90.32
G1 F3000 X116.536 Y88.68 E513.06864
G0 F9000 X117.253 Y88.679
G1 F3000 X116.814 Y90.32 E513.12514
G0 F9000 X116.814 Y90.09
G0 X115.702 Y88.91
G0 X115.702 Y88.68
G1 F3000 X109.581 Y90.32 E513.3359
G1 X109.691 Y90.32
G1 X108.051 Y88.68 E513.41304
G0 F9000 X108.051 Y88.91
G0 X111.042 Y88.91
G0 X111.042 Y88.679
G1 F3000 X110.602 Y90.321 E513.46958
G0 F9000 X110.602 Y90.09
G0 X104.83 Y88.91
G0 X104.83 Y88.68
G1 F3000 X104.391 Y90.32 E513.52605
G0 F9000 X104.391 Y90.09
G0 X101.205 Y90.09
G0 X101.205 Y90.32
G1 F3000 X99.566 Y88.68 E513.60317
G0 F9000 X98.618 Y88.68
G1 F3000 X98.179 Y90.32 E513.65964
G0 F9000 X98.179 Y90.09
G0 X96.162 Y90.162
G0 X96.09 Y93.873
G0 X96.319 Y93.873
G1 F3000 X90.428 Y95.452 E513.86249
G0 F9000 X90.428 Y96.066
G1 F3000 X92.407 Y88.679 E514.11684
G1 X92.519 Y88.68
G1 X91.001 Y89.087 E514.16912
G0 F9000 X91.287 Y88.887
G1 F3000 X96.32 Y93.92 E514.40585
G0 F9000 X96.09 Y93.92
G0 X96.09 Y97.257
G0 X96.32 Y97.257
G1 F3000 X90.43 Y119.239 E515.16277
G0 F9000 X90.66 Y119.239
G0 X90.66 Y120.298
G0 X90.431 Y120.298
G1 F3000 X96.319 Y118.72 E515.36552
G0 F9000 X96.32 Y119.376
G1 F3000 X90.43 Y113.486 E515.64256
G0 F9000 X90.43 Y114.086
G1 F3000 X96.319 Y112.508 E515.84534
G0 F9000 X96.09 Y112.508
G0 X96.09 Y110.891
G0 X96.32 Y110.891
G1 F3000 X90.43 Y105 E516.12241
G0 F9000 X90.66 Y105
G0 X90.66 Y107.875
G0 X90.43 Y107.875
G1 F3000 X96.32 Y106.297 E516.32522
G0 F9000 X96.09 Y106.297
G0 X96.09 Y102.405
G0 X96.32 Y102.405
G1 F3000 X94.081 Y100.167 E516.43052
G0 F9000 X94.273 Y100.3
G0 X96.09 Y100.085
G0 X96.32 Y100.085
G1 F3000 X90.43 Y101.663 E516.63333
G0 F9000 X90.66 Y101.663
G0 X96.09 Y120.439
G0 X96.32 Y120.439
G1 F3000 X91.783 Y137.373 E517.21642
G0 F9000 X91.783 Y137.145
G0 X92.402 Y137.206
G0 X92.945 Y137.338
G0 X93.96 Y137.856
G0 X93.806 Y138.028
G1 F3000 X96.319 Y137.355 E517.30295
G0 F9000 X96.09 Y137.355
G0 X96.09 Y136.346
G0 X96.32 Y136.346
G1 F3000 X90.43 Y130.456 E517.57999
G0 F9000 X90.66 Y130.456
G0 X90.66 Y132.721
G0 X90.43 Y132.721
G1 F3000 X96.319 Y131.143 E517.78277
G0 F9000 X96.09 Y131.143
G0 X96.09 Y127.861
G0 X96.32 Y127.861
G1 F3000 X90.43 Y121.971 E518.05982
G0 F9000 X90.66 Y121.971
G0 X90.66 Y126.51
G0 X90.43 Y126.51
G1 F3000 X96.32 Y124.932 E518.26263
G0 F9000 X96.09 Y124.932
G0 X94.832 Y140.724
G0 X94.59 Y141.365
G0 X93.818 Y142.35
G0 X93.666 Y142.178
G1 F3000 X96.301 Y144.813 E518.38657
G0 F9000 X96.074 Y144.787
G0 X96.09 Y143.621
G0 X96.32 Y143.621
G1 F3000 X95.693 Y145.963 E518.46721
G0 F9000 X95.558 Y145.78
G0 X96.09 Y143.567
G0 X96.32 Y143.567
G1 F3000 X90.501 Y145.126 E518.66758
G0 F9000 X90.719 Y145.051
G0 X90.622 Y142.499
G0 X90.428 Y142.428
G1 F3000 X90.483 Y142.225 E518.67457
G0 F9000 X90.96 Y142.752
;MESH:NONMESH
G0 F300 Z2.6
G0 F9000 X94.635 Y146.091
G0 X94.653 Y146.4
;TIME_ELAPSED:898.455451
;LAYER:12
;TYPE:WALL-INNER
;MESH:battery holder-BodyChamfer.stl
G1 F1500 X95.064 Y146.351 E518.68834
G1 X95.429 Y146.223 E518.70121
G1 X95.747 Y146.024 E518.71368
G1 X96.024 Y145.747 E518.72671
G1 X96.223 Y145.429 E518.73919
G1 X96.351 Y145.064 E518.75205
G1 X96.4 Y144.653 E518.76582
G1 X96.4 Y90.879 E520.55435
G1 X96.52 Y90.64 E520.56325
G1 X96.717 Y90.47 E520.5719
G1 X96.922 Y90.4 E520.57911
G1 X138 Y90.4 E521.94537
G1 X138.283 Y90.47 E521.95506
G1 X138.48 Y90.64 E521.96372
G1 X138.6 Y90.879 E521.97261
G1 X138.601 Y115.655 E522.79666
G1 X138.645 Y116.066 E522.81041
G1 X138.773 Y116.429 E522.82321
G1 X138.972 Y116.747 E522.83569
G1 X139.248 Y117.023 E522.84867
G1 X139.57 Y117.224 E522.8613
G1 X139.933 Y117.351 E522.87409
G1 X140.347 Y117.4 E522.88796
G1 X142.901 Y117.4 E522.9729
G1 X143.316 Y117.351 E522.9868
G1 X143.677 Y117.224 E522.99953
G1 X143.995 Y117.024 E523.01202
G1 X144.273 Y116.745 E523.02512
G1 X144.476 Y116.427 E523.03767
G1 X144.602 Y116.066 E523.05039
G1 X144.648 Y115.655 E523.06414
G1 X144.648 Y100.347 E523.57329
G1 X144.352 Y100.587 E523.58596
G1 X143.861 Y100.847 E523.60444
G1 X143.253 Y100.992 E523.62523
G1 X142.623 Y100.992 E523.64619
G1 X142.013 Y100.846 E523.66705
G1 X141.46 Y100.553 E523.68786
G1 X140.991 Y100.137 E523.70871
G1 X140.627 Y99.612 E523.72996
G1 X140.414 Y99.041 E523.75023
G1 X140.34 Y98.408 E523.77143
G1 X140.412 Y97.781 E523.79242
G1 X140.627 Y97.204 E523.8129
G1 X140.991 Y96.679 E523.83415
G1 X141.461 Y96.261 E523.85507
G1 X142.015 Y95.974 E523.87582
G1 X142.62 Y95.824 E523.89655
G1 X143.256 Y95.824 E523.91771
G1 X143.861 Y95.974 E523.93844
G1 X144.349 Y96.227 E523.95672
G1 X144.648 Y96.469 E523.96951
G1 X144.648 Y90.345 E524.1732
G1 X144.603 Y89.93 E524.18708
G1 X144.476 Y89.572 E524.19972
G1 X144.272 Y89.25 E524.2124
G1 X143.995 Y88.972 E524.22545
G1 X143.677 Y88.772 E524.23794
G1 X143.318 Y88.645 E524.25061
G1 X142.903 Y88.6 E524.26449
G1 X92.093 Y88.6 E525.95444
G1 X91.682 Y88.645 E525.96819
G1 X91.319 Y88.773 E525.98099
G1 X91.001 Y88.972 E525.99347
G1 X90.724 Y89.25 E526.00652
G1 X90.521 Y89.57 E526.01913
G1 X90.397 Y89.93 E526.03179
G1 X90.348 Y90.347 E526.04576
G1 X90.349 Y96.468 E526.24934
G1 X90.647 Y96.227 E526.26209
G1 X91.135 Y95.974 E526.28037
G1 X91.74 Y95.824 E526.3011
G1 X92.376 Y95.824 E526.32226
G1 X92.981 Y95.974 E526.34299
G1 X93.535 Y96.261 E526.36374
G1 X94.002 Y96.677 E526.38454
G1 X94.366 Y97.2 E526.40573
G1 X94.589 Y97.784 E526.42653
G1 X94.656 Y98.408 E526.4474
G1 X94.588 Y99.036 E526.46841
G1 X94.366 Y99.617 E526.4891
G1 X94.002 Y100.139 E526.51026
G1 X93.537 Y100.553 E526.53097
G1 X92.982 Y100.846 E526.55184
G1 X92.373 Y100.992 E526.57267
G1 X91.743 Y100.992 E526.59363
G1 X91.133 Y100.846 E526.61449
G1 X90.644 Y100.587 E526.63289
G1 X90.349 Y100.348 E526.64552
G1 X90.349 Y138.1 E527.90116
G1 X90.644 Y137.861 E527.91379
G1 X91.132 Y137.603 E527.93214
G1 X91.739 Y137.452 E527.95295
G1 X92.376 Y137.452 E527.97414
G1 X92.984 Y137.603 E527.99497
G1 X93.537 Y137.895 E528.01577
G1 X94.002 Y138.309 E528.03648
G1 X94.366 Y138.832 E528.05767
G1 X94.589 Y139.416 E528.07846
G1 X94.656 Y140.04 E528.09934
G1 X94.587 Y140.666 E528.12029
G1 X94.368 Y141.247 E528.14094
G1 X94.004 Y141.766 E528.16202
G1 X93.536 Y142.186 E528.18294
G1 X92.98 Y142.475 E528.20378
G1 X92.367 Y142.624 E528.22476
G1 X91.74 Y142.624 E528.24561
G1 X91.135 Y142.474 E528.26635
G1 X90.647 Y142.221 E528.28463
G1 X90.348 Y141.977 E528.29746
G1 X90.348 Y144.653 E528.38647
G1 X90.397 Y145.066 E528.4003
G1 X90.521 Y145.429 E528.41306
G1 X90.723 Y145.745 E528.42553
G1 X91.001 Y146.024 E528.43863
G1 X91.319 Y146.223 E528.45111
G1 X91.684 Y146.351 E528.46397
G1 X92.095 Y146.4 E528.47774
G1 X94.653 Y146.4 E528.56282
G0 F9000 X94.676 Y146.8
;TYPE:WALL-OUTER
G1 F1500 X95.154 Y146.743 E528.57883
G1 X95.604 Y146.586 E528.59468
G1 X95.998 Y146.338 E528.61017
G1 X96.338 Y145.998 E528.62616
G1 X96.586 Y145.604 E528.64164
G1 X96.743 Y145.154 E528.6575
G1 X96.8 Y144.676 E528.67351
G1 X96.8 Y90.959 E530.46014
G1 X96.84 Y90.88 E530.46309
G1 X96.965 Y90.803 E530.46797
G1 X138.077 Y90.8 E531.83536
G1 X138.2 Y90.959 E531.84205
G1 X138.201 Y115.677 E532.66417
G1 X138.253 Y116.155 E532.68016
G1 X138.41 Y116.604 E532.69598
G1 X138.658 Y116.998 E532.71147
G1 X138.998 Y117.338 E532.72746
G1 X139.396 Y117.586 E532.74306
G1 X139.842 Y117.743 E532.75878
G1 X140.324 Y117.8 E532.77493
G1 X142.924 Y117.8 E532.8614
G1 X143.406 Y117.743 E532.87755
G1 X143.852 Y117.586 E532.89327
G1 X144.246 Y117.338 E532.90876
G1 X144.587 Y116.997 E532.9248
G1 X144.838 Y116.603 E532.94033
G1 X144.995 Y116.155 E532.95612
G1 X145.048 Y115.677 E532.97212
G1 X145.048 Y99.431 E533.51246
G1 F1530.6 X145.062 Y98.948 E533.52821
G1 X144.9 Y99.404 E533.54399
G1 F1500 X144.566 Y99.886 E533.56349
G1 X144.166 Y100.233 E533.5811
G1 X143.695 Y100.475 E533.59872
G1 X143.227 Y100.587 E533.61472
G1 X142.649 Y100.587 E533.63395
G1 X142.134 Y100.457 E533.65161
G1 X141.671 Y100.206 E533.66913
G1 X141.279 Y99.85 E533.68674
G1 X140.976 Y99.402 E533.70473
G1 X140.801 Y98.917 E533.72188
G1 X140.74 Y98.408 E533.73893
G1 X140.801 Y97.899 E533.75598
G1 X140.976 Y97.414 E533.77313
G1 X141.311 Y96.93 E533.79271
G1 X141.711 Y96.582 E533.81034
G1 X142.179 Y96.345 E533.82779
G1 X142.647 Y96.229 E533.84383
G1 X143.229 Y96.229 E533.86318
G1 X143.697 Y96.345 E533.87922
G1 X144.165 Y96.582 E533.89667
G1 X144.566 Y96.93 E533.91433
G1 X144.9 Y97.412 E533.93383
G1 F1530.6 X145.062 Y97.867 E533.94957
G1 X145.048 Y97.385 E533.96529
G1 F1500 X145.048 Y90.323 E534.20017
G1 X144.995 Y89.841 E534.2163
G1 X144.838 Y89.396 E534.232
G1 X144.586 Y88.998 E534.24766
G1 X144.246 Y88.658 E534.26366
G1 X143.852 Y88.41 E534.27914
G1 X143.407 Y88.253 E534.29484
G1 X142.925 Y88.2 E534.31096
G1 X92.071 Y88.2 E536.00238
G1 X91.593 Y88.253 E536.01837
G1 X91.144 Y88.41 E536.03419
G1 X90.75 Y88.658 E536.04968
G1 X90.41 Y88.998 E536.06567
G1 X90.158 Y89.396 E536.08134
G1 X90.005 Y89.841 E536.09699
G1 X89.948 Y90.324 E536.11316
G1 X89.948 Y97.387 E536.34808
G1 F1554.4 X89.935 Y97.901 E536.36458
G1 X90.096 Y97.413 E536.38108
G1 F1500 X90.43 Y96.93 E536.40061
G1 X90.831 Y96.582 E536.41827
G1 X91.299 Y96.345 E536.43571
G1 X91.767 Y96.229 E536.45175
G1 X92.349 Y96.229 E536.47111
G1 X92.817 Y96.345 E536.48715
G1 X93.285 Y96.582 E536.50459
G1 X93.717 Y96.966 E536.52382
G1 X94.019 Y97.412 E536.54173
G1 X94.199 Y97.901 E536.55906
G1 X94.256 Y98.408 E536.57603
G1 X94.198 Y98.927 E536.5934
G1 X93.997 Y99.446 E536.61191
G1 X93.685 Y99.886 E536.62985
G1 X93.286 Y100.233 E536.64744
G1 X92.815 Y100.475 E536.66505
G1 X92.347 Y100.587 E536.68106
G1 X91.769 Y100.587 E536.70028
G1 X91.254 Y100.457 E536.71795
G1 X90.791 Y100.206 E536.73547
G1 X90.43 Y99.886 E536.75151
G1 X90.096 Y99.403 E536.77104
G1 F1554.4 X89.935 Y98.915 E536.78754
G1 X89.948 Y99.429 E536.80404
G1 F1500 X89.948 Y139.019 E538.12081
G1 F1554.4 X89.935 Y139.533 E538.13731
G1 X90.096 Y139.045 E538.1538
G1 F1500 X90.43 Y138.562 E538.17334
G1 X90.83 Y138.215 E538.19095
G1 X91.299 Y137.973 E538.2085
G1 X91.767 Y137.857 E538.22454
G1 X92.349 Y137.857 E538.24389
G1 X92.817 Y137.973 E538.25993
G1 X93.325 Y138.242 E538.27905
G1 X93.717 Y138.598 E538.29666
G1 X94.019 Y139.044 E538.31458
G1 X94.199 Y139.533 E538.33191
G1 X94.256 Y140.04 E538.34888
G1 X94.198 Y140.555 E538.36611
G1 X94.02 Y141.035 E538.38314
G1 X93.686 Y141.513 E538.40254
G1 X93.285 Y141.866 E538.42031
G1 X92.817 Y142.103 E538.43775
G1 X92.349 Y142.219 E538.45379
G1 X91.767 Y142.219 E538.47315
G1 X91.299 Y142.103 E538.48918
G1 X90.831 Y141.866 E538.50663
G1 X90.4 Y141.479 E538.5259
G1 X90.096 Y141.034 E538.54382
G1 F1554.4 X89.935 Y140.543 E538.56041
G1 X89.949 Y141.06 E538.57701
G1 F1500 X89.948 Y144.676 E538.69728
G1 X90.005 Y145.155 E538.71332
G1 X90.158 Y145.604 E538.7291
G1 X90.409 Y145.997 E538.74461
G1 X90.75 Y146.338 E538.76065
G1 X91.144 Y146.586 E538.77613
G1 X91.594 Y146.743 E538.79198
G1 X92.072 Y146.8 E538.80799
G1 X94.676 Y146.8 E538.8946
G1 F2700 E533.8946
G0 F9000 X94.635 Y146.091
G0 X90.224 Y141.665
G0 X89.935 Y140.543
G1 F2700 E538.8946
G1 F1754.4 X89.904 Y140.04 E538.90893
G1 X89.935 Y139.533 E538.92338
G1 F2700 E533.92338
G0 F9000 X89.085 Y139.533
G0 X89.085 Y98.915
G0 X89.935 Y98.915
G1 F2700 E538.92338
G1 F1754.4 X89.904 Y98.408 E538.93782
G1 X89.935 Y97.901 E538.95227
G1 F2700 E533.95227
G0 F9000 X145.063 Y97.901
G1 F2700 E538.95227
G1 F1769.9 X145.094 Y98.408 E538.96659
G1 X145.063 Y98.924 E538.98116
G1 F2700 E533.98116
G0 F9000 X144.835 Y99.893
G0 X144.34 Y102.112
G0 X144.566 Y102.112
;TYPE:FILL
G1 F2700 E538.98116
G1 F3000 X140.491 Y117.32 E539.50482
G0 F9000 X140.491 Y117.09
G0 X138.91 Y113.727
G0 X138.681 Y113.727
G1 F3000 X144.567 Y112.15 E539.7075
G0 F9000 X144.34 Y112.15
G0 X144.34 Y108.027
G0 X144.567 Y108.027
G1 F3000 X138.68 Y102.139 E539.98443
G0 F9000 X138.681 Y101.304
G1 F3000 X141.374 Y100.582 E540.07716
G0 F9000 X141.221 Y100.754
G0 X138.91 Y100.896
G0 X138.681 Y100.896
G1 F3000 X141.954 Y88.679 E540.49783
G0 F9000 X142.191 Y88.68
G1 F3000 X144.568 Y91.057 E540.60963
G0 F9000 X144.34 Y91.057
G0 X144.34 Y93.515
G0 X144.567 Y93.515
G1 F3000 X138.68 Y95.092 E540.81234
G0 F9000 X138.91 Y95.092
G0 X138.91 Y93.654
G0 X138.68 Y93.654
G1 F3000 X141.312 Y96.287 E540.93616
G0 F9000 X141.163 Y96.118
G0 X139.43 Y88.91
G0 X139.43 Y88.68
G1 F3000 X133.308 Y90.32 E541.14696
G0 F9000 X133.308 Y90.09
G0 X133.706 Y88.91
G0 X133.706 Y88.68
G1 F3000 X135.346 Y90.32 E541.2241
G1 X135.303 Y90.321
G1 X135.742 Y88.679 E541.28063
G0 F9000 X135.742 Y88.91
G0 X129.531 Y88.91
G0 X129.531 Y88.68
G1 F3000 X129.091 Y90.321 E541.33714
G0 F9000 X129.091 Y90.09
G0 X126.861 Y90.09
G0 X126.861 Y90.32
G1 F3000 X125.221 Y88.68 E541.41428
G0 F9000 X125.221 Y88.91
G0 X123.319 Y88.91
G0 X123.319 Y88.679
G1 F3000 X122.879 Y90.32 E541.47079
G0 F9000 X122.879 Y90.09
G0 X118.375 Y90.09
G0 X118.375 Y90.32
G1 F3000 X116.736 Y88.68 E541.54791
G0 F9000 X117.107 Y88.679
G1 F3000 X116.668 Y90.32 E541.60441
G0 F9000 X116.668 Y90.09
G0 X116.247 Y88.91
G0 X116.247 Y88.68
G1 F3000 X110.126 Y90.32 E541.81517
G0 F9000 X109.89 Y90.32
G1 F3000 X108.25 Y88.68 E541.89231
G0 F9000 X108.25 Y88.91
G0 X110.896 Y88.91
G0 X110.896 Y88.68
G1 F3000 X110.456 Y90.321 E541.94882
G0 F9000 X110.456 Y90.09
G0 X104.684 Y88.91
G0 X104.684 Y88.68
G1 F3000 X104.244 Y90.32 E542.0053
G0 F9000 X104.244 Y90.09
G0 X101.405 Y90.09
G0 X101.405 Y90.32
G1 F3000 X99.765 Y88.68 E542.08244
G0 F9000 X99.765 Y88.91
G0 X98.472 Y88.91
G0 X98.472 Y88.679
G1 F3000 X98.033 Y90.32 E542.13894
G0 F9000 X98.033 Y90.09
G0 X96.162 Y90.162
G0 X96.09 Y93.721
G0 X96.32 Y93.721
G1 F3000 X91.421 Y88.822 E542.36937
G0 F9000 X90.802 Y89.286
G1 F3000 X93.064 Y88.68 E542.44726
G0 F9000 X92.261 Y88.68
G1 F3000 X90.428 Y95.52 E542.68278
G1 X90.429 Y95.598
G1 X96.32 Y94.019 E542.88564
G0 F9000 X96.09 Y94.019
G0 X96.09 Y96.713
G0 X96.32 Y96.713
G1 F3000 X90.43 Y118.694 E543.64252
G0 F9000 X90.66 Y118.694
G0 X90.66 Y120.444
G0 X90.431 Y120.444
G1 F3000 X96.32 Y118.866 E543.8453
G0 F9000 X96.32 Y119.176
G1 F3000 X90.43 Y113.286 E544.12235
G0 F9000 X90.43 Y114.232
G1 F3000 X96.319 Y112.654 E544.32512
G0 F9000 X96.09 Y112.654
G0 X96.09 Y110.691
G0 X96.32 Y110.691
G1 F3000 X90.43 Y104.801 E544.60217
G0 F9000 X90.66 Y104.801
G0 X90.66 Y101.809
G0 X90.43 Y101.809
G1 F3000 X96.32 Y100.231 E544.80498
G0 F9000 X96.09 Y100.231
G0 X96.09 Y102.206
G0 X96.32 Y102.206
G1 F3000 X94.163 Y100.049 E544.90644
G0 F9000 X94.355 Y100.182
G0 X96.09 Y106.443
G0 X96.319 Y106.443
G1 F3000 X90.43 Y108.021 E545.10922
G0 F9000 X90.66 Y108.021
G0 X96.09 Y119.895
G0 X96.32 Y119.895
G1 F3000 X91.63 Y137.397 E545.71188
G0 F9000 X91.578 Y137.177
G0 X92.402 Y137.206
G0 X93.072 Y137.369
G0 X94.086 Y137.968
G0 X93.932 Y138.141
G1 F3000 X96.319 Y137.501 E545.79407
G0 F9000 X96.09 Y137.501
G0 X96.09 Y136.147
G0 X96.32 Y136.147
G1 F3000 X90.43 Y130.257 E546.07112
G0 F9000 X90.66 Y130.257
G0 X90.66 Y132.867
G0 X90.43 Y132.867
G1 F3000 X96.319 Y131.289 E546.2739
G0 F9000 X96.09 Y131.289
G0 X96.09 Y127.662
G0 X96.32 Y127.662
G1 F3000 X90.43 Y121.772 E546.55095
G0 F9000 X90.66 Y121.772
G0 X90.66 Y126.656
G0 X90.43 Y126.656
G1 F3000 X96.319 Y125.078 E546.75373
G0 F9000 X96.09 Y125.078
G0 X94.832 Y140.724
G0 X94.636 Y141.243
G0 X93.924 Y142.256
G0 X93.772 Y142.084
G1 F3000 X96.32 Y144.632 E546.87358
G0 F9000 X96.32 Y143.713
G1 F3000 X90.546 Y145.26 E547.07239
G0 F9000 X90.766 Y145.185
G0 X95.397 Y145.881
G0 X95.517 Y146.073
G1 F3000 X96.32 Y143.077 E547.17556
G1 F2700 E542.17556
G0 F9000 X96.09 Y143.077
G0 X96.162 Y90.162
G0 X138.838 Y90.162
G0 X138.91 Y110.625
G0 X138.68 Y110.625
G1 F2700 E547.17556
G1 F3000 X144.416 Y116.361 E547.44536
G0 F9000 X144.2 Y116.286
G0 X144.34 Y105.938
G0 X144.566 Y105.938
G1 F3000 X138.681 Y107.515 E547.648
G0 F9000 X139.21 Y107.515
G1 F2700 E542.648
;MESH:NONMESH
G0 F300 Z2.8
G0 F9000 X138.838 Y90.162
G0 X96.162 Y90.162
G0 X96.153 Y121.131
G0 X94.635 Y146.091
G0 X94.653 Y146.4
;TIME_ELAPSED:945.743005
;LAYER:13
;TYPE:WALL-INNER
;MESH:battery holder-BodyChamfer.stl
G1 F2700 E547.648
G1 F1500 X95.064 Y146.351 E547.66177
G1 X95.429 Y146.223 E547.67464
G1 X95.747 Y146.024 E547.68711
G1 X96.024 Y145.747 E547.70014
G1 X96.223 Y145.429 E547.71262
G1 X96.351 Y145.064 E547.72548
G1 X96.4 Y144.653 E547.73925
G1 X96.4 Y90.879 E549.52778
G1 X96.52 Y90.64 E549.53668
G1 X96.717 Y90.47 E549.54533
G1 X96.922 Y90.4 E549.55253
G1 X138 Y90.4 E550.91879
G1 X138.283 Y90.47 E550.92849
G1 X138.48 Y90.64 E550.93715
G1 X138.6 Y90.879 E550.94604
G1 X138.601 Y115.655 E551.77009
G1 X138.645 Y116.066 E551.78384
G1 X138.773 Y116.429 E551.79664
G1 X138.972 Y116.747 E551.80912
G1 X139.248 Y117.023 E551.8221
G1 X139.57 Y117.224 E551.83473
G1 X139.933 Y117.351 E551.84752
G1 X140.347 Y117.4 E551.86138
G1 X142.901 Y117.4 E551.94633
G1 X143.316 Y117.351 E551.96023
G1 X143.677 Y117.224 E551.97296
G1 X143.995 Y117.024 E551.98545
G1 X144.273 Y116.745 E551.99855
G1 X144.476 Y116.427 E552.0111
G1 X144.602 Y116.066 E552.02382
G1 X144.648 Y115.655 E552.03757
G1 X144.648 Y100.347 E552.54672
G1 X144.352 Y100.587 E552.55939
G1 X143.861 Y100.847 E552.57787
G1 X143.253 Y100.992 E552.59866
G1 X142.623 Y100.992 E552.61962
G1 X142.013 Y100.846 E552.64048
G1 X141.46 Y100.553 E552.66129
G1 X140.991 Y100.137 E552.68214
G1 X140.627 Y99.612 E552.70339
G1 X140.414 Y99.041 E552.72366
G1 X140.34 Y98.408 E552.74486
G1 X140.412 Y97.781 E552.76585
G1 X140.627 Y97.204 E552.78633
G1 X140.991 Y96.679 E552.80758
G1 X141.461 Y96.261 E552.8285
G1 X142.015 Y95.974 E552.84925
G1 X142.62 Y95.824 E552.86998
G1 X143.256 Y95.824 E552.89114
G1 X143.861 Y95.974 E552.91187
G1 X144.349 Y96.227 E552.93015
G1 X144.648 Y96.469 E552.94294
G1 X144.648 Y90.345 E553.14663
G1 X144.603 Y89.93 E553.16051
G1 X144.476 Y89.572 E553.17315
G1 X144.272 Y89.25 E553.18582
G1 X143.995 Y88.972 E553.19888
G1 X143.677 Y88.772 E553.21137
G1 X143.318 Y88.645 E553.22404
G1 X142.903 Y88.6 E553.23792
G1 X92.093 Y88.6 E554.92787
G1 X91.682 Y88.645 E554.94162
G1 X91.319 Y88.773 E554.95442
G1 X91.001 Y88.972 E554.9669
G1 X90.724 Y89.25 E554.97995
G1 X90.521 Y89.57 E554.99256
G1 X90.397 Y89.93 E555.00522
G1 X90.348 Y90.347 E555.01919
G1 X90.349 Y96.468 E555.22277
G1 X90.647 Y96.227 E555.23552
G1 X91.135 Y95.974 E555.2538
G1 X91.74 Y95.824 E555.27453
G1 X92.376 Y95.824 E555.29569
G1 X92.981 Y95.974 E555.31642
G1 X93.535 Y96.261 E555.33717
G1 X94.002 Y96.677 E555.35797
G1 X94.366 Y97.2 E555.37916
G1 X94.589 Y97.784 E555.39996
G1 X94.656 Y98.408 E555.42083
G1 X94.588 Y99.036 E555.44184
G1 X94.366 Y99.617 E555.46253
G1 X94.002 Y100.139 E555.48369
G1 X93.537 Y100.553 E555.5044
G1 X92.982 Y100.846 E555.52527
G1 X92.373 Y100.992 E555.5461
G1 X91.743 Y100.992 E555.56706
G1 X91.133 Y100.846 E555.58792
G1 X90.644 Y100.587 E555.60632
G1 X90.349 Y100.348 E555.61895
G1 X90.349 Y138.1 E556.87459
G1 X90.644 Y137.861 E556.88721
G1 X91.132 Y137.603 E556.90557
G1 X91.739 Y137.452 E556.92638
G1 X92.376 Y137.452 E556.94757
G1 X92.984 Y137.603 E556.9684
G1 X93.537 Y137.895 E556.9892
G1 X94.002 Y138.309 E557.00991
G1 X94.366 Y138.832 E557.0311
G1 X94.589 Y139.416 E557.05189
G1 X94.656 Y140.04 E557.07277
G1 X94.587 Y140.666 E557.09371
G1 X94.368 Y141.247 E557.11437
G1 X94.004 Y141.766 E557.13545
G1 X93.536 Y142.186 E557.15637
G1 X92.98 Y142.475 E557.17721
G1 X92.367 Y142.624 E557.19819
G1 X91.74 Y142.624 E557.21904
G1 X91.135 Y142.474 E557.23977
G1 X90.647 Y142.221 E557.25806
G1 X90.348 Y141.977 E557.27089
G1 X90.348 Y144.653 E557.3599
G1 X90.397 Y145.066 E557.37373
G1 X90.521 Y145.429 E557.38649
G1 X90.723 Y145.745 E557.39896
G1 X91.001 Y146.024 E557.41206
G1 X91.319 Y146.223 E557.42454
G1 X91.684 Y146.351 E557.4374
G1 X92.095 Y146.4 E557.45117
G1 X94.653 Y146.4 E557.53625
G0 F9000 X94.676 Y146.8
;TYPE:WALL-OUTER
G1 F1500 X95.154 Y146.743 E557.55226
G1 X95.604 Y146.586 E557.56811
G1 X95.998 Y146.338 E557.5836
G1 X96.338 Y145.998 E557.59959
G1 X96.586 Y145.604 E557.61507
G1 X96.743 Y145.154 E557.63093
G1 X96.8 Y144.676 E557.64694
G1 X96.8 Y90.959 E559.43357
G1 X96.84 Y90.88 E559.43652
G1 X96.965 Y90.803 E559.4414
G1 X138.077 Y90.8 E560.80879
G1 X138.2 Y90.959 E560.81548
G1 X138.201 Y115.677 E561.6376
G1 X138.253 Y116.155 E561.65359
G1 X138.41 Y116.604 E561.66941
G1 X138.658 Y116.998 E561.6849
G1 X138.998 Y117.338 E561.70089
G1 X139.396 Y117.586 E561.71649
G1 X139.842 Y117.743 E561.73221
G1 X140.324 Y117.8 E561.74836
G1 X142.924 Y117.8 E561.83483
G1 X143.406 Y117.743 E561.85098
G1 X143.852 Y117.586 E561.8667
G1 X144.246 Y117.338 E561.88219
G1 X144.587 Y116.997 E561.89823
G1 X144.838 Y116.603 E561.91376
G1 X144.995 Y116.155 E561.92955
G1 X145.048 Y115.677 E561.94555
G1 X145.048 Y99.431 E562.48589
G1 F1530.6 X145.062 Y98.948 E562.50164
G1 X144.9 Y99.404 E562.51742
G1 F1500 X144.566 Y99.886 E562.53692
G1 X144.166 Y100.233 E562.55453
G1 X143.695 Y100.475 E562.57215
G1 X143.227 Y100.587 E562.58815
G1 X142.649 Y100.587 E562.60738
G1 X142.134 Y100.457 E562.62504
G1 X141.671 Y100.206 E562.64256
G1 X141.279 Y99.85 E562.66017
G1 X140.976 Y99.402 E562.67816
G1 X140.801 Y98.917 E562.69531
G1 X140.74 Y98.408 E562.71236
G1 X140.801 Y97.899 E562.72941
G1 X140.976 Y97.414 E562.74656
G1 X141.311 Y96.93 E562.76614
G1 X141.711 Y96.582 E562.78377
G1 X142.179 Y96.345 E562.80122
G1 X142.647 Y96.229 E562.81725
G1 X143.229 Y96.229 E562.83661
G1 X143.697 Y96.345 E562.85265
G1 X144.165 Y96.582 E562.8701
G1 X144.566 Y96.93 E562.88776
G1 X144.9 Y97.412 E562.90726
G1 F1530.6 X145.062 Y97.867 E562.923
G1 X145.048 Y97.385 E562.93872
G1 F1500 X145.048 Y90.323 E563.1736
G1 X144.995 Y89.841 E563.18973
G1 X144.838 Y89.396 E563.20543
G1 X144.586 Y88.998 E563.22109
G1 X144.246 Y88.658 E563.23709
G1 X143.852 Y88.41 E563.25257
G1 X143.407 Y88.253 E563.26827
G1 X142.925 Y88.2 E563.28439
G1 X92.071 Y88.2 E564.97581
G1 X91.593 Y88.253 E564.9918
G1 X91.144 Y88.41 E565.00762
G1 X90.75 Y88.658 E565.02311
G1 X90.41 Y88.998 E565.0391
G1 X90.158 Y89.396 E565.05477
G1 X90.005 Y89.841 E565.07042
G1 X89.948 Y90.324 E565.08659
G1 X89.948 Y97.387 E565.32151
G1 F1554.4 X89.935 Y97.901 E565.33801
G1 X90.096 Y97.413 E565.35451
G1 F1500 X90.43 Y96.93 E565.37404
G1 X90.831 Y96.582 E565.3917
G1 X91.299 Y96.345 E565.40914
G1 X91.767 Y96.229 E565.42518
G1 X92.349 Y96.229 E565.44454
G1 X92.817 Y96.345 E565.46058
G1 X93.285 Y96.582 E565.47802
G1 X93.717 Y96.966 E565.49725
G1 X94.019 Y97.412 E565.51516
G1 X94.199 Y97.901 E565.53249
G1 X94.256 Y98.408 E565.54946
G1 X94.198 Y98.927 E565.56683
G1 X93.997 Y99.446 E565.58534
G1 X93.685 Y99.886 E565.60328
G1 X93.286 Y100.233 E565.62087
G1 X92.815 Y100.475 E565.63848
G1 X92.347 Y100.587 E565.65449
G1 X91.769 Y100.587 E565.67371
G1 X91.254 Y100.457 E565.69138
G1 X90.791 Y100.206 E565.7089
G1 X90.43 Y99.886 E565.72494
G1 X90.096 Y99.403 E565.74447
G1 F1554.4 X89.935 Y98.915 E565.76097
G1 X89.948 Y99.429 E565.77747
G1 F1500 X89.948 Y139.019 E567.09424
G1 F1554.4 X89.935 Y139.533 E567.11074
G1 X90.096 Y139.045 E567.12723
G1 F1500 X90.43 Y138.562 E567.14676
G1 X90.83 Y138.215 E567.16438
G1 X91.299 Y137.973 E567.18193
G1 X91.767 Y137.857 E567.19797
G1 X92.349 Y137.857 E567.21732
G1 X92.817 Y137.973 E567.23336
G1 X93.325 Y138.242 E567.25248
G1 X93.717 Y138.598 E567.27009
G1 X94.019 Y139.044 E567.28801
G1 X94.199 Y139.533 E567.30534
G1 X94.256 Y140.04 E567.32231
G1 X94.198 Y140.555 E567.33954
G1 X94.02 Y141.035 E567.35657
G1 X93.686 Y141.513 E567.37597
G1 X93.285 Y141.866 E567.39374
G1 X92.817 Y142.103 E567.41118
G1 X92.349 Y142.219 E567.42722
G1 X91.767 Y142.219 E567.44658
G1 X91.299 Y142.103 E567.46261
G1 X90.831 Y141.866 E567.48006
G1 X90.4 Y141.479 E567.49933
G1 X90.096 Y141.034 E567.51725
G1 F1554.4 X89.935 Y140.543 E567.53384
G1 X89.949 Y141.06 E567.55044
G1 F1500 X89.948 Y144.676 E567.67071
G1 X90.005 Y145.155 E567.68675
G1 X90.158 Y145.604 E567.70253
G1 X90.409 Y145.997 E567.71804
G1 X90.75 Y146.338 E567.73408
G1 X91.144 Y146.586 E567.74956
G1 X91.594 Y146.743 E567.76541
G1 X92.072 Y146.8 E567.78142
G1 X94.676 Y146.8 E567.86803
G1 F2700 E562.86803
G0 F9000 X94.635 Y146.091
G0 X90.224 Y141.665
G0 X89.935 Y140.543
G1 F2700 E567.86803
G1 F1754.4 X89.904 Y140.04 E567.88236
G1 X89.935 Y139.533 E567.89681
G1 F2700 E562.89681
G0 F9000 X89.085 Y139.533
G0 X89.085 Y98.915
G0 X89.935 Y98.915
G1 F2700 E567.89681
G1 F1754.4 X89.904 Y98.408 E567.91125
G1 X89.935 Y97.901 E567.9257
G1 F2700 E562.9257
G0 F9000 X145.063 Y97.901
G1 F2700 E567.9257
G1 F1769.9 X145.094 Y98.408 E567.94002
G1 X145.063 Y98.924 E567.95459
G1 F2700 E562.95459
G0 F9000 X144.835 Y99.893
G0 X144.34 Y101.568
G0 X144.566 Y101.568
;TYPE:FILL
G1 F2700 E567.95459
G1 F3000 X140.346 Y117.32 E568.49698
G0 F9000 X140.365 Y117.091
G0 X138.91 Y113.873
G0 X138.681 Y113.873
G1 F3000 X144.566 Y112.296 E568.69962
G0 F9000 X144.34 Y112.296
G0 X144.251 Y116.138
G0 X144.468 Y116.213
G1 F3000 X138.68 Y110.425 E568.97187
G0 F9000 X138.91 Y110.425
G0 X138.91 Y107.661
G0 X138.681 Y107.661
G1 F3000 X144.566 Y106.084 E569.17451
G0 F9000 X144.34 Y106.084
G0 X144.34 Y107.827
G0 X144.567 Y107.827
G1 F3000 X138.68 Y101.94 E569.45142
G0 F9000 X138.681 Y101.45
G1 F3000 X141.537 Y100.684 E569.54976
G0 F9000 X141.43 Y100.886
G0 X138.91 Y100.351
G0 X138.681 Y100.351
G1 F3000 X141.808 Y88.679 E569.95167
G0 F9000 X142.391 Y88.68
G1 F3000 X144.568 Y90.858 E570.05409
G0 F9000 X144.34 Y90.858
G0 X144.34 Y93.661
G0 X144.567 Y93.661
G1 F3000 X138.68 Y95.238 E570.2568
G0 F9000 X138.91 Y95.238
G0 X138.91 Y93.455
G0 X138.68 Y93.455
G1 F3000 X141.418 Y96.193 E570.38558
G0 F9000 X141.314 Y95.994
G0 X139.974 Y88.91
G0 X139.974 Y88.68
G1 F3000 X133.852 Y90.32 E570.59638
G0 F9000 X133.852 Y90.09
G0 X135.157 Y90.09
G0 X135.157 Y90.321
G1 F3000 X135.596 Y88.68 E570.65288
G0 F9000 X135.596 Y88.91
G0 X135.545 Y90.09
G0 X135.545 Y90.32
G1 F3000 X133.906 Y88.68 E570.73
G0 F9000 X133.906 Y88.91
G0 X129.385 Y88.91
G0 X129.385 Y88.679
G1 F3000 X128.945 Y90.321 E570.78654
G0 F9000 X128.945 Y90.09
G0 X127.06 Y90.09
G0 X127.06 Y90.32
G1 F3000 X125.42 Y88.68 E570.86368
G0 F9000 X125.42 Y88.91
G0 X123.173 Y88.91
G0 X123.173 Y88.679
G1 F3000 X122.733 Y90.32 E570.92019
G0 F9000 X122.733 Y90.09
G0 X118.575 Y90.09
G0 X118.575 Y90.32
G1 F3000 X116.935 Y88.68 E570.99733
G1 X116.961 Y88.68
G1 X116.522 Y90.321 E571.05383
G0 F9000 X116.522 Y90.09
G0 X116.792 Y88.91
G0 X116.792 Y88.68
G1 F3000 X110.671 Y90.32 E571.26459
G0 F9000 X110.31 Y90.32
G1 F3000 X110.75 Y88.68 E571.32107
G0 F9000 X110.75 Y88.91
G0 X110.089 Y90.09
G0 X110.089 Y90.32
G1 F3000 X108.45 Y88.68 E571.39818
G0 F9000 X108.45 Y88.91
G0 X104.538 Y88.91
G0 X104.538 Y88.679
G1 F3000 X104.098 Y90.32 E571.45469
G0 F9000 X104.098 Y90.09
G0 X101.604 Y90.09
G0 X101.604 Y90.32
G1 F3000 X99.964 Y88.68 E571.53183
G0 F9000 X99.964 Y88.91
G0 X98.326 Y88.91
G0 X98.326 Y88.679
G1 F3000 X97.887 Y90.32 E571.58833
G0 F9000 X97.887 Y90.09
G0 X96.162 Y90.162
G0 X96.09 Y93.521
G0 X96.32 Y93.521
G1 F3000 X91.568 Y88.769 E571.81185
G0 F9000 X92.115 Y88.68
G1 F3000 X90.428 Y94.976 E572.02864
G0 F9000 X90.429 Y95.744
G1 F3000 X96.32 Y94.165 E572.2315
G0 F9000 X96.09 Y94.165
G0 X96.09 Y96.168
G0 X96.32 Y96.168
G1 F3000 X90.43 Y118.149 E572.98838
G0 F9000 X90.66 Y118.149
G0 X90.66 Y120.59
G0 X90.43 Y120.59
G1 F3000 X96.32 Y119.012 E573.19119
G1 X96.32 Y118.977
G1 X90.43 Y113.087 E573.46824
G0 F9000 X90.66 Y113.087
G0 X90.66 Y114.378
G0 X90.431 Y114.378
G1 F3000 X96.32 Y112.8 E573.67102
G0 F9000 X96.09 Y112.8
G0 X96.09 Y110.492
G0 X96.32 Y110.492
G1 F3000 X90.43 Y104.602 E573.94806
G0 F9000 X90.66 Y104.602
G0 X90.66 Y101.955
G0 X90.43 Y101.955
G1 F3000 X96.319 Y100.377 E574.15084
G0 F9000 X96.09 Y100.377
G0 X96.09 Y102.007
G0 X96.32 Y102.007
G1 F3000 X94.244 Y99.93 E574.24851
G0 F9000 X94.436 Y100.063
G0 X94.832 Y99.094
G0 X94.916 Y98.409
G0 X94.832 Y97.725
G0 X94.588 Y97.083
G0 X94.196 Y96.516
G0 X93.682 Y96.061
G0 X93.072 Y95.739
G0 X92.402 Y95.576
G0 X91.718 Y95.576
G0 X91.175 Y95.708
G0 X90.611 Y95.955
G0 X90.52 Y96.206
G1 F3000 X90.428 Y96.115 E574.25282
G0 F9000 X90.611 Y95.955
G0 X90.878 Y89.587
G0 X90.684 Y89.464
G1 F3000 X93.609 Y88.68 E574.35354
G0 F9000 X93.609 Y88.91
G0 X96.09 Y106.589
G0 X96.319 Y106.589
G1 F3000 X90.43 Y108.167 E574.55632
G0 F9000 X90.66 Y108.167
G0 X96.09 Y119.35
G0 X96.32 Y119.35
G1 F3000 X91.474 Y137.435 E575.17905
G0 F9000 X91.422 Y137.215
G0 X92.402 Y137.206
G0 X93.072 Y137.369
G0 X93.418 Y137.552
G0 X94.213 Y138.08
G0 X94.058 Y138.253
G1 F3000 X96.32 Y137.647 E575.25693
G0 F9000 X96.09 Y137.647
G0 X96.09 Y135.948
G0 X96.32 Y135.948
G1 F3000 X90.43 Y130.057 E575.53401
G0 F9000 X90.66 Y130.057
G0 X90.66 Y133.013
G0 X90.431 Y133.013
G1 F3000 X96.319 Y131.435 E575.73675
G0 F9000 X96.09 Y131.435
G0 X96.09 Y127.462
G0 X96.32 Y127.462
G1 F3000 X90.43 Y121.572 E576.0138
G0 F9000 X90.66 Y121.572
G0 X90.66 Y126.802
G0 X90.43 Y126.802
G1 F3000 X96.319 Y125.224 E576.21658
G0 F9000 X96.09 Y125.224
G0 X94.832 Y140.724
G0 X94.636 Y141.243
G0 X94.029 Y142.162
G0 X93.876 Y141.989
G1 F3000 X96.32 Y144.433 E576.33154
G0 F9000 X96.319 Y143.859
G1 F3000 X90.591 Y145.393 E576.52876
G0 F9000 X90.803 Y145.293
G0 X95.273 Y145.954
G0 X95.346 Y146.168
G1 F3000 X96.32 Y142.531 E576.65399
G0 F9000 X95.79 Y142.531
;MESH:NONMESH
G0 F300 Z3
G0 F9000 X94.635 Y146.091
G0 X94.653 Y146.4
;TIME_ELAPSED:990.336143
;LAYER:14
;TYPE:WALL-INNER
;MESH:battery holder-BodyChamfer.stl
G1 F1500 X95.064 Y146.351 E576.66776
G1 X95.429 Y146.223 E576.68063
G1 X95.747 Y146.024 E576.6931
G1 X96.024 Y145.747 E576.70613
G1 X96.223 Y145.429 E576.71861
G1 X96.351 Y145.064 E576.73147
G1 X96.4 Y144.653 E576.74524
G1 X96.4 Y90.879 E578.53377
G1 X96.52 Y90.64 E578.54267
G1 X96.717 Y90.47 E578.55132
G1 X96.922 Y90.4 E578.55853
G1 X138 Y90.4 E579.92479
G1 X138.283 Y90.47 E579.93448
G1 X138.48 Y90.64 E579.94314
G1 X138.6 Y90.879 E579.95203
G1 X138.601 Y115.655 E580.77608
G1 X138.645 Y116.066 E580.78983
G1 X138.773 Y116.429 E580.80263
G1 X138.972 Y116.747 E580.81511
G1 X139.248 Y117.023 E580.82809
G1 X139.57 Y117.224 E580.84072
G1 X139.933 Y117.351 E580.85351
G1 X140.347 Y117.4 E580.86738
G1 X142.901 Y117.4 E580.95232
G1 X143.316 Y117.351 E580.96622
G1 X143.677 Y117.224 E580.97895
G1 X143.995 Y117.024 E580.99144
G1 X144.273 Y116.745 E581.00454
G1 X144.476 Y116.427 E581.01709
G1 X144.602 Y116.066 E581.02981
G1 X144.648 Y115.655 E581.04356
G1 X144.648 Y100.347 E581.55271
G1 X144.352 Y100.587 E581.56538
G1 X143.861 Y100.847 E581.58386
G1 X143.253 Y100.992 E581.60465
G1 X142.623 Y100.992 E581.62561
G1 X142.013 Y100.846 E581.64647
G1 X141.46 Y100.553 E581.66728
G1 X140.991 Y100.137 E581.68813
G1 X140.627 Y99.612 E581.70938
G1 X140.414 Y99.041 E581.72965
G1 X140.34 Y98.408 E581.75085
G1 X140.412 Y97.781 E581.77184
G1 X140.627 Y97.204 E581.79232
G1 X140.991 Y96.679 E581.81357
G1 X141.461 Y96.261 E581.83449
G1 X142.015 Y95.974 E581.85524
G1 X142.62 Y95.824 E581.87597
G1 X143.256 Y95.824 E581.89713
G1 X143.861 Y95.974 E581.91786
G1 X144.349 Y96.227 E581.93614
G1 X144.648 Y96.469 E581.94893
G1 X144.648 Y90.345 E582.15262
G1 X144.603 Y89.93 E582.1665
G1 X144.476 Y89.572 E582.17914
G1 X144.272 Y89.25 E582.19182
G1 X143.995 Y88.972 E582.20487
G1 X143.677 Y88.772 E582.21736
G1 X143.318 Y88.645 E582.23003
G1 X142.903 Y88.6 E582.24391
G1 X92.093 Y88.6 E583.93386
G1 X91.682 Y88.645 E583.94761
G1 X91.319 Y88.773 E583.96041
G1 X91.001 Y88.972 E583.97289
G1 X90.724 Y89.25 E583.98594
G1 X90.521 Y89.57 E583.99855
G1 X90.397 Y89.93 E584.01121
G1 X90.348 Y90.347 E584.02518
G1 X90.349 Y96.468 E584.22876
G1 X90.647 Y96.227 E584.24151
G1 X91.135 Y95.974 E584.25979
G1 X91.74 Y95.824 E584.28052
G1 X92.376 Y95.824 E584.30168
G1 X92.981 Y95.974 E584.32241
G1 X93.535 Y96.261 E584.34316
G1 X94.002 Y96.677 E584.36396
G1 X94.366 Y97.2 E584.38515
G1 X94.589 Y97.784 E584.40595
G1 X94.656 Y98.408 E584.42682
G1 X94.588 Y99.036 E584.44783
G1 X94.366 Y99.617 E584.46852
G1 X94.002 Y100.139 E584.48968
G1 X93.537 Y100.553 E584.51039
G1 X92.982 Y100.846 E584.53126
G1 X92.373 Y100.992 E584.55209
G1 X91.743 Y100.992 E584.57305
G1 X91.133 Y100.846 E584.59391
G1 X90.644 Y100.587 E584.61231
G1 X90.349 Y100.348 E584.62494
G1 X90.349 Y138.1 E585.88058
G1 X90.644 Y137.861 E585.89321
G1 X91.132 Y137.603 E585.91157
G1 X91.739 Y137.452 E585.93237
G1 X92.376 Y137.452 E585.95356
G1 X92.984 Y137.603 E585.97439
G1 X93.537 Y137.895 E585.99519
G1 X94.002 Y138.309 E586.0159
G1 X94.366 Y138.832 E586.03709
G1 X94.589 Y139.416 E586.05788
G1 X94.656 Y140.04 E586.07876
G1 X94.587 Y140.666 E586.09971
G1 X94.368 Y141.247 E586.12036
G1 X94.004 Y141.766 E586.14144
G1 X93.536 Y142.186 E586.16236
G1 X92.98 Y142.475 E586.1832
G1 X92.367 Y142.624 E586.20418
G1 X91.74 Y142.624 E586.22503
G1 X91.135 Y142.474 E586.24577
G1 X90.647 Y142.221 E586.26405
G1 X90.348 Y141.977 E586.27688
G1 X90.348 Y144.653 E586.36589
G1 X90.397 Y145.066 E586.37972
G1 X90.521 Y145.429 E586.39248
G1 X90.723 Y145.745 E586.40495
G1 X91.001 Y146.024 E586.41805
G1 X91.319 Y146.223 E586.43053
G1 X91.684 Y146.351 E586.44339
G1 X92.095 Y146.4 E586.45716
G1 X94.653 Y146.4 E586.54224
G0 F9000 X94.676 Y146.8
;TYPE:WALL-OUTER
G1 F1500 X95.154 Y146.743 E586.55825
G1 X95.604 Y146.586 E586.5741
G1 X95.998 Y146.338 E586.58959
G1 X96.338 Y145.998 E586.60558
G1 X96.586 Y145.604 E586.62107
G1 X96.743 Y145.154 E586.63692
G1 X96.8 Y144.676 E586.65293
G1 X96.8 Y90.959 E588.43956
G1 X96.84 Y90.88 E588.44251
G1 X96.965 Y90.803 E588.44739
G1 X138.077 Y90.8 E589.81478
G1 X138.2 Y90.959 E589.82147
G1 X138.201 Y115.677 E590.64359
G1 X138.253 Y116.155 E590.65958
G1 X138.41 Y116.604 E590.6754
G1 X138.658 Y116.998 E590.69089
G1 X138.998 Y117.338 E590.70688
G1 X139.396 Y117.586 E590.72248
G1 X139.842 Y117.743 E590.7382
G1 X140.324 Y117.8 E590.75435
G1 X142.924 Y117.8 E590.84082
G1 X143.406 Y117.743 E590.85697
G1 X143.852 Y117.586 E590.87269
G1 X144.246 Y117.338 E590.88818
G1 X144.587 Y116.997 E590.90422
G1 X144.838 Y116.603 E590.91975
G1 X144.995 Y116.155 E590.93554
G1 X145.048 Y115.677 E590.95154
G1 X145.048 Y99.431 E591.49188
G1 F1530.6 X145.062 Y98.948 E591.50763
G1 X144.9 Y99.404 E591.52341
G1 F1500 X144.566 Y99.886 E591.54291
G1 X144.166 Y100.233 E591.56052
G1 X143.695 Y100.475 E591.57814
G1 X143.227 Y100.587 E591.59414
G1 X142.649 Y100.587 E591.61337
G1 X142.134 Y100.457 E591.63103
G1 X141.671 Y100.206 E591.64855
G1 X141.279 Y99.85 E591.66616
G1 X140.976 Y99.402 E591.68415
G1 X140.801 Y98.917 E591.7013
G1 X140.74 Y98.408 E591.71835
G1 X140.801 Y97.899 E591.7354
G1 X140.976 Y97.414 E591.75255
G1 X141.311 Y96.93 E591.77213
G1 X141.711 Y96.582 E591.78976
G1 X142.179 Y96.345 E591.80721
G1 X142.647 Y96.229 E591.82325
G1 X143.229 Y96.229 E591.8426
G1 X143.697 Y96.345 E591.85864
G1 X144.165 Y96.582 E591.87609
G1 X144.566 Y96.93 E591.89375
G1 X144.9 Y97.412 E591.91325
G1 F1530.6 X145.062 Y97.867 E591.92899
G1 X145.048 Y97.385 E591.94471
G1 F1500 X145.048 Y90.323 E592.17959
G1 X144.995 Y89.841 E592.19572
G1 X144.838 Y89.396 E592.21142
G1 X144.586 Y88.998 E592.22709
G1 X144.246 Y88.658 E592.24308
G1 X143.852 Y88.41 E592.25856
G1 X143.407 Y88.253 E592.27426
G1 X142.925 Y88.2 E592.29039
G1 X92.071 Y88.2 E593.9818
G1 X91.593 Y88.253 E593.99779
G1 X91.144 Y88.41 E594.01361
G1 X90.75 Y88.658 E594.0291
G1 X90.41 Y88.998 E594.04509
G1 X90.158 Y89.396 E594.06076
G1 X90.005 Y89.841 E594.07641
G1 X89.948 Y90.324 E594.09258
G1 X89.948 Y97.387 E594.3275
G1 F1554.4 X89.935 Y97.901 E594.344
G1 X90.096 Y97.413 E594.3605
G1 F1500 X90.43 Y96.93 E594.38003
G1 X90.831 Y96.582 E594.39769
G1 X91.299 Y96.345 E594.41514
G1 X91.767 Y96.229 E594.43117
G1 X92.349 Y96.229 E594.45053
G1 X92.817 Y96.345 E594.46657
G1 X93.285 Y96.582 E594.48401
G1 X93.717 Y96.966 E594.50324
G1 X94.019 Y97.412 E594.52115
G1 X94.199 Y97.901 E594.53848
G1 X94.256 Y98.408 E594.55545
G1 X94.198 Y98.927 E594.57282
G1 X93.997 Y99.446 E594.59133
G1 X93.685 Y99.886 E594.60927
G1 X93.286 Y100.233 E594.62686
G1 X92.815 Y100.475 E594.64447
G1 X92.347 Y100.587 E594.66048
G1 X91.769 Y100.587 E594.6797
G1 X91.254 Y100.457 E594.69737
G1 X90.791 Y100.206 E594.71489
G1 X90.43 Y99.886 E594.73093
G1 X90.096 Y99.403 E594.75046
G1 F1554.4 X89.935 Y98.915 E594.76696
G1 X89.948 Y99.429 E594.78346
G1 F1500 X89.948 Y139.019 E596.10023
G1 F1554.4 X89.935 Y139.533 E596.11673
G1 X90.096 Y139.045 E596.13322
G1 F1500 X90.43 Y138.562 E596.15276
G1 X90.83 Y138.215 E596.17037
G1 X91.299 Y137.973 E596.18792
G1 X91.767 Y137.857 E596.20396
G1 X92.349 Y137.857 E596.22332
G1 X92.817 Y137.973 E596.23935
G1 X93.325 Y138.242 E596.25847
G1 X93.717 Y138.598 E596.27608
G1 X94.019 Y139.044 E596.294
G1 X94.199 Y139.533 E596.31133
G1 X94.256 Y140.04 E596.3283
G1 X94.198 Y140.555 E596.34554
G1 X94.02 Y141.035 E596.36256
G1 X93.686 Y141.513 E596.38196
G1 X93.285 Y141.866 E596.39973
G1 X92.817 Y142.103 E596.41717
G1 X92.349 Y142.219 E596.43321
G1 X91.767 Y142.219 E596.45257
G1 X91.299 Y142.103 E596.46861
G1 X90.831 Y141.866 E596.48605
G1 X90.4 Y141.479 E596.50532
G1 X90.096 Y141.034 E596.52324
G1 F1554.4 X89.935 Y140.543 E596.53983
G1 X89.949 Y141.06 E596.55643
G1 F1500 X89.948 Y144.676 E596.6767
G1 X90.005 Y145.155 E596.69274
G1 X90.158 Y145.604 E596.70852
G1 X90.409 Y145.997 E596.72403
G1 X90.75 Y146.338 E596.74007
G1 X91.144 Y146.586 E596.75555
G1 X91.594 Y146.743 E596.7714
G1 X92.072 Y146.8 E596.78741
G1 X94.676 Y146.8 E596.87402
G1 F2700 E591.87402
G0 F9000 X94.635 Y146.091
G0 X90.224 Y141.665
G0 X89.935 Y140.543
G1 F2700 E596.87402
G1 F1754.4 X89.904 Y140.04 E596.88835
G1 X89.935 Y139.533 E596.9028
G1 F2700 E591.9028
G0 F9000 X89.085 Y139.533
G0 X89.085 Y98.915
G0 X89.935 Y98.915
G1 F2700 E596.9028
G1 F1754.4 X89.904 Y98.408 E596.91724
G1 X89.935 Y97.901 E596.93169
G1 F2700 E591.93169
G0 F9000 X145.063 Y97.901
G1 F2700 E596.93169
G1 F1769.9 X145.094 Y98.408 E596.94601
G1 X145.063 Y98.924 E596.96058
G1 F2700 E591.96058
G0 F9000 X144.835 Y99.893
G0 X144.34 Y101.02
G0 X144.566 Y101.02
;TYPE:FILL
G1 F2700 E596.96058
G1 F3000 X140.203 Y117.303 E597.52126
G0 F9000 X140.229 Y117.075
G0 X138.91 Y114.02
G0 X138.681 Y114.02
G1 F3000 X144.566 Y112.443 E597.7239
G0 F9000 X144.34 Y112.443
G0 X144.3 Y115.999
G0 X144.519 Y116.064
G1 F3000 X138.68 Y110.225 E597.99855
G0 F9000 X138.91 Y110.225
G0 X138.91 Y107.808
G0 X138.681 Y107.808
G1 F3000 X144.566 Y106.231 E598.20119
G0 F9000 X144.34 Y106.231
G0 X144.34 Y107.627
G0 X144.567 Y107.627
G1 F3000 X138.68 Y101.739 E598.47812
G1 X138.681 Y101.597
G1 X141.721 Y100.782 E598.5828
G0 F9000 X141.614 Y100.984
G0 X138.91 Y99.803
G0 X138.681 Y99.803
G1 F3000 X141.661 Y88.679 E598.96583
G0 F9000 X142.592 Y88.68
G1 F3000 X144.568 Y90.657 E599.0588
G0 F9000 X144.34 Y90.657
G0 X144.34 Y93.808
G0 X144.567 Y93.808
G1 F3000 X138.68 Y95.385 E599.26151
G0 F9000 X138.91 Y95.385
G0 X138.91 Y93.254
G0 X138.68 Y93.254
G1 F3000 X141.55 Y96.124 E599.3965
G0 F9000 X141.446 Y95.925
G0 X140.523 Y88.91
G0 X140.523 Y88.68
G1 F3000 X134.401 Y90.32 E599.6073
G0 F9000 X135.01 Y90.321
G1 F3000 X135.449 Y88.68 E599.6638
G0 F9000 X135.449 Y88.91
G0 X134.106 Y88.91
G0 X134.106 Y88.68
G1 F3000 X135.746 Y90.32 E599.74094
G0 F9000 X135.746 Y90.09
G0 X129.238 Y88.91
G0 X129.238 Y88.679
G1 F3000 X128.798 Y90.321 E599.79748
G0 F9000 X128.798 Y90.09
G0 X127.261 Y90.09
G0 X127.261 Y90.32
G1 F3000 X125.621 Y88.68 E599.87462
G0 F9000 X125.621 Y88.91
G0 X123.026 Y88.91
G0 X123.026 Y88.679
G1 F3000 X122.586 Y90.32 E599.93113
G0 F9000 X122.586 Y90.09
G0 X118.776 Y90.09
G0 X118.776 Y90.32
G1 F3000 X117.136 Y88.68 E600.00827
G0 F9000 X117.34 Y88.68
G1 F3000 X111.219 Y90.32 E600.21904
G0 F9000 X110.29 Y90.32
G1 F3000 X108.65 Y88.68 E600.29618
G0 F9000 X108.65 Y88.91
G0 X110.603 Y88.91
G0 X110.603 Y88.68
G1 F3000 X110.163 Y90.32 E600.35265
G0 F9000 X110.163 Y90.09
G0 X104.391 Y88.91
G0 X104.391 Y88.679
G1 F3000 X103.951 Y90.32 E600.40916
G0 F9000 X103.951 Y90.09
G0 X101.805 Y90.09
G0 X101.805 Y90.32
G1 F3000 X100.165 Y88.68 E600.4863
G0 F9000 X100.165 Y88.91
G0 X98.179 Y88.91
G0 X98.179 Y88.679
G1 F3000 X97.74 Y90.32 E600.5428
G0 F9000 X97.74 Y90.09
G0 X96.162 Y90.162
G0 X96.09 Y93.32
G0 X96.32 Y93.32
G1 F3000 X91.721 Y88.721 E600.75912
G0 F9000 X91.964 Y88.694
G1 F3000 X90.428 Y94.426 E600.9565
G0 F9000 X90.66 Y94.426
G0 X90.66 Y95.891
G0 X90.429 Y95.891
G1 F3000 X96.32 Y94.312 E601.15935
G0 F9000 X96.09 Y94.312
G0 X96.09 Y95.62
G0 X96.32 Y95.62
G1 F3000 X90.43 Y117.601 E601.91623
G0 F9000 X90.66 Y117.601
G0 X90.66 Y114.525
G0 X90.431 Y114.525
G1 F3000 X96.32 Y112.947 E602.11901
G0 F9000 X96.09 Y112.947
G0 X96.09 Y110.291
G0 X96.32 Y110.291
G1 F3000 X90.43 Y104.401 E602.39606
G0 F9000 X90.66 Y104.401
G0 X90.66 Y102.102
G0 X90.43 Y102.102
G1 F3000 X96.32 Y100.524 E602.59887
G0 F9000 X96.09 Y100.524
G0 X96.09 Y101.806
G0 X96.32 Y101.806
G1 F3000 X94.327 Y99.812 E602.69264
G0 F9000 X94.518 Y99.944
G0 X94.832 Y99.094
G0 X94.916 Y98.409
G0 X94.832 Y97.725
G0 X94.588 Y97.083
G0 X94.196 Y96.516
G0 X93.682 Y96.061
G0 X93.072 Y95.739
G0 X92.402 Y95.576
G0 X91.718 Y95.576
G0 X91.338 Y95.668
G0 X90.61 Y95.935
G0 X90.651 Y96.137
G1 F3000 X90.428 Y95.914 E602.70313
G0 F9000 X90.66 Y95.914
G0 X90.8 Y89.714
G0 X90.583 Y89.638
G1 F3000 X94.157 Y88.68 E602.82619
G0 F9000 X94.157 Y88.91
G0 X96.09 Y106.736
G0 X96.319 Y106.736
G1 F3000 X90.43 Y108.314 E603.02897
G0 F9000 X90.66 Y108.314
G0 X90.66 Y112.886
G0 X90.43 Y112.886
G1 F3000 X96.32 Y118.776 E603.30602
G1 X96.32 Y118.801
G1 X91.317 Y137.474 E603.94899
G0 F9000 X91.265 Y137.254
G0 X92.402 Y137.206
G0 X93.072 Y137.369
G0 X93.566 Y137.63
G0 X94.338 Y138.245
G0 X94.146 Y138.376
G1 F3000 X96.32 Y137.794 E604.02385
G0 F9000 X96.09 Y137.794
G0 X96.09 Y135.747
G0 X96.32 Y135.747
G1 F3000 X90.43 Y129.857 E604.30089
G0 F9000 X90.66 Y129.857
G0 X90.66 Y126.949
G0 X90.43 Y126.949
G1 F3000 X96.319 Y125.371 E604.50367
G0 F9000 X96.09 Y125.371
G0 X96.09 Y127.262
G0 X96.32 Y127.262
G1 F3000 X90.43 Y121.371 E604.78074
G0 F9000 X90.43 Y120.737
G1 F3000 X96.32 Y119.159 E604.98355
G0 F9000 X96.09 Y119.159
G0 X96.09 Y131.582
G0 X96.319 Y131.582
G1 F3000 X90.431 Y133.16 E605.1863
G0 F9000 X90.66 Y133.16
G0 X94.588 Y138.713
G0 X94.832 Y139.355
G0 X94.916 Y140.039
G0 X94.832 Y140.724
G0 X94.636 Y141.243
G0 X94.136 Y142.068
G0 X93.982 Y141.894
G1 F3000 X96.32 Y144.232 E605.29627
G0 F9000 X96.319 Y144.006
G1 F3000 X90.672 Y145.519 E605.49072
G0 F9000 X90.868 Y145.396
G0 X95.111 Y146.01
G0 X95.184 Y146.225
G1 F3000 X96.32 Y141.982 E605.63681
G1 F2700 E600.63681
G0 F9000 X96.09 Y141.982
G0 X96.162 Y90.162
G0 X116.375 Y90.09
G0 X116.375 Y90.321
G1 F2700 E605.63681
G1 F3000 X116.814 Y88.679 E605.69334
G0 F9000 X116.814 Y89.21
G1 F2700 E600.69334
;MESH:NONMESH
G0 F300 Z3.2
G0 F9000 X96.162 Y90.162
G0 X96.17 Y119.633
G0 X94.635 Y146.091
G0 X94.653 Y146.4
;TIME_ELAPSED:1037.035657
;LAYER:15
;TYPE:WALL-INNER
;MESH:battery holder-BodyChamfer.stl
G1 F2700 E605.69334
G1 F1500 X95.064 Y146.351 E605.70711
G1 X95.429 Y146.223 E605.71997
G1 X95.747 Y146.024 E605.73245
G1 X96.024 Y145.747 E605.74548
G1 X96.223 Y145.429 E605.75796
G1 X96.351 Y145.064 E605.77082
G1 X96.4 Y144.653 E605.78459
G1 X96.4 Y90.879 E607.57312
G1 X96.52 Y90.64 E607.58201
G1 X96.717 Y90.47 E607.59067
G1 X96.922 Y90.4 E607.59787
G1 X138 Y90.4 E608.96413
G1 X138.283 Y90.47 E608.97383
G1 X138.48 Y90.64 E608.98248
G1 X138.6 Y90.879 E608.99138
G1 X138.601 Y115.655 E609.81543
G1 X138.645 Y116.066 E609.82918
G1 X138.773 Y116.429 E609.84198
G1 X138.972 Y116.747 E609.85446
G1 X139.248 Y117.023 E609.86744
G1 X139.57 Y117.224 E609.88007
G1 X139.933 Y117.351 E609.89286
G1 X140.347 Y117.4 E609.90672
G1 X142.901 Y117.4 E609.99167
G1 X143.316 Y117.351 E610.00557
G1 X143.677 Y117.224 E610.0183
G1 X143.995 Y117.024 E610.03079
G1 X144.273 Y116.745 E610.04389
G1 X144.476 Y116.427 E610.05644
G1 X144.602 Y116.066 E610.06916
G1 X144.648 Y115.655 E610.08291
G1 X144.648 Y100.347 E610.59206
G1 X144.352 Y100.587 E610.60473
G1 X143.861 Y100.847 E610.62321
G1 X143.253 Y100.992 E610.644
G1 X142.623 Y100.992 E610.66495
G1 X142.013 Y100.846 E610.68582
G1 X141.46 Y100.553 E610.70663
G1 X140.991 Y100.137 E610.72748
G1 X140.627 Y99.612 E610.74873
G1 X140.414 Y99.041 E610.769
G1 X140.34 Y98.408 E610.7902
G1 X140.412 Y97.781 E610.81119
G1 X140.627 Y97.204 E610.83167
G1 X140.991 Y96.679 E610.85292
G1 X141.461 Y96.261 E610.87384
G1 X142.015 Y95.974 E610.89459
G1 X142.62 Y95.824 E610.91532
G1 X143.256 Y95.824 E610.93647
G1 X143.861 Y95.974 E610.95721
G1 X144.349 Y96.227 E610.97549
G1 X144.648 Y96.469 E610.98828
G1 X144.648 Y90.345 E611.19197
G1 X144.603 Y89.93 E611.20585
G1 X144.476 Y89.572 E611.21848
G1 X144.272 Y89.25 E611.23116
G1 X143.995 Y88.972 E611.24422
G1 X143.677 Y88.772 E611.25671
G1 X143.318 Y88.645 E611.26938
G1 X142.903 Y88.6 E611.28326
G1 X92.093 Y88.6 E612.97321
G1 X91.682 Y88.645 E612.98696
G1 X91.319 Y88.773 E612.99976
G1 X91.001 Y88.972 E613.01224
G1 X90.724 Y89.25 E613.02529
G1 X90.521 Y89.57 E613.03789
G1 X90.397 Y89.93 E613.05056
G1 X90.348 Y90.347 E613.06452
G1 X90.349 Y96.468 E613.26811
G1 X90.647 Y96.227 E613.28086
G1 X91.135 Y95.974 E613.29914
G1 X91.74 Y95.824 E613.31987
G1 X92.376 Y95.824 E613.34102
G1 X92.981 Y95.974 E613.36176
G1 X93.535 Y96.261 E613.38251
G1 X94.002 Y96.677 E613.40331
G1 X94.366 Y97.2 E613.4245
G1 X94.589 Y97.784 E613.44529
G1 X94.656 Y98.408 E613.46617
G1 X94.588 Y99.036 E613.48718
G1 X94.366 Y99.617 E613.50786
G1 X94.002 Y100.139 E613.52903
G1 X93.537 Y100.553 E613.54974
G1 X92.982 Y100.846 E613.57061
G1 X92.373 Y100.992 E613.59144
G1 X91.743 Y100.992 E613.61239
G1 X91.133 Y100.846 E613.63326
G1 X90.644 Y100.587 E613.65166
G1 X90.349 Y100.348 E613.66429
G1 X90.349 Y138.1 E614.91993
G1 X90.644 Y137.861 E614.93255
G1 X91.132 Y137.603 E614.95091
G1 X91.739 Y137.452 E614.97172
G1 X92.376 Y137.452 E614.9929
G1 X92.984 Y137.603 E615.01374
G1 X93.537 Y137.895 E615.03454
G1 X94.002 Y138.309 E615.05525
G1 X94.366 Y138.832 E615.07644
G1 X94.589 Y139.416 E615.09723
G1 X94.656 Y140.04 E615.11811
G1 X94.587 Y140.666 E615.13905
G1 X94.368 Y141.247 E615.1597
G1 X94.004 Y141.766 E615.18079
G1 X93.536 Y142.186 E615.2017
G1 X92.98 Y142.475 E615.22255
G1 X92.367 Y142.624 E615.24353
G1 X91.74 Y142.624 E615.26438
G1 X91.135 Y142.474 E615.28511
G1 X90.647 Y142.221 E615.3034
G1 X90.348 Y141.977 E615.31623
G1 X90.348 Y144.653 E615.40524
G1 X90.397 Y145.066 E615.41907
G1 X90.521 Y145.429 E615.43183
G1 X90.723 Y145.745 E615.4443
G1 X91.001 Y146.024 E615.4574
G1 X91.319 Y146.223 E615.46988
G1 X91.684 Y146.351 E615.48274
G1 X92.095 Y146.4 E615.49651
G1 X94.653 Y146.4 E615.58159
G0 F9000 X94.676 Y146.8
;TYPE:WALL-OUTER
G1 F1500 X95.154 Y146.743 E615.5976
G1 X95.604 Y146.586 E615.61345
G1 X95.998 Y146.338 E615.62894
G1 X96.338 Y145.998 E615.64493
G1 X96.586 Y145.604 E615.66041
G1 X96.743 Y145.154 E615.67626
G1 X96.8 Y144.676 E615.69228
G1 X96.8 Y90.959 E617.47891
G1 X96.84 Y90.88 E617.48186
G1 X96.965 Y90.803 E617.48674
G1 X138.077 Y90.8 E618.85413
G1 X138.2 Y90.959 E618.86081
G1 X138.201 Y115.677 E619.68294
G1 X138.253 Y116.155 E619.69893
G1 X138.41 Y116.604 E619.71475
G1 X138.658 Y116.998 E619.73024
G1 X138.998 Y117.338 E619.74623
G1 X139.396 Y117.586 E619.76183
G1 X139.842 Y117.743 E619.77755
G1 X140.324 Y117.8 E619.79369
G1 X142.924 Y117.8 E619.88017
G1 X143.406 Y117.743 E619.89631
G1 X143.852 Y117.586 E619.91204
G1 X144.246 Y117.338 E619.92753
G1 X144.587 Y116.997 E619.94356
G1 X144.838 Y116.603 E619.9591
G1 X144.995 Y116.155 E619.97489
G1 X145.048 Y115.677 E619.99089
G1 X145.048 Y99.431 E620.53123
G1 F1530.6 X145.062 Y98.948 E620.54698
G1 X144.9 Y99.404 E620.56275
G1 F1500 X144.566 Y99.886 E620.58226
G1 X144.166 Y100.233 E620.59987
G1 X143.695 Y100.475 E620.61748
G1 X143.227 Y100.587 E620.63349
G1 X142.649 Y100.587 E620.65271
G1 X142.134 Y100.457 E620.67038
G1 X141.671 Y100.206 E620.6879
G1 X141.279 Y99.85 E620.70551
G1 X140.976 Y99.402 E620.7235
G1 X140.801 Y98.917 E620.74065
G1 X140.74 Y98.408 E620.7577
G1 X140.801 Y97.899 E620.77475
G1 X140.976 Y97.414 E620.7919
G1 X141.311 Y96.93 E620.81147
G1 X141.711 Y96.582 E620.82911
G1 X142.179 Y96.345 E620.84656
G1 X142.647 Y96.229 E620.86259
G1 X143.229 Y96.229 E620.88195
G1 X143.697 Y96.345 E620.89799
G1 X144.165 Y96.582 E620.91544
G1 X144.566 Y96.93 E620.93309
G1 X144.9 Y97.412 E620.9526
G1 F1530.6 X145.062 Y97.867 E620.96834
G1 X145.048 Y97.385 E620.98406
G1 F1500 X145.048 Y90.323 E621.21894
G1 X144.995 Y89.841 E621.23507
G1 X144.838 Y89.396 E621.25076
G1 X144.586 Y88.998 E621.26643
G1 X144.246 Y88.658 E621.28243
G1 X143.852 Y88.41 E621.29791
G1 X143.407 Y88.253 E621.3136
G1 X142.925 Y88.2 E621.32973
G1 X92.071 Y88.2 E623.02114
G1 X91.593 Y88.253 E623.03714
G1 X91.144 Y88.41 E623.05296
G1 X90.75 Y88.658 E623.06844
G1 X90.41 Y88.998 E623.08444
G1 X90.158 Y89.396 E623.1001
G1 X90.005 Y89.841 E623.11576
G1 X89.948 Y90.324 E623.13193
G1 X89.948 Y97.387 E623.36685
G1 F1554.4 X89.935 Y97.901 E623.38335
G1 X90.096 Y97.413 E623.39984
G1 F1500 X90.43 Y96.93 E623.41938
G1 X90.831 Y96.582 E623.43703
G1 X91.299 Y96.345 E623.45448
G1 X91.767 Y96.229 E623.47052
G1 X92.349 Y96.229 E623.48988
G1 X92.817 Y96.345 E623.50591
G1 X93.285 Y96.582 E623.52336
G1 X93.717 Y96.966 E623.54259
G1 X94.019 Y97.412 E623.5605
G1 X94.199 Y97.901 E623.57783
G1 X94.256 Y98.408 E623.5948
G1 X94.198 Y98.927 E623.61217
G1 X93.997 Y99.446 E623.63068
G1 X93.685 Y99.886 E623.64862
G1 X93.286 Y100.233 E623.66621
G1 X92.815 Y100.475 E623.68382
G1 X92.347 Y100.587 E623.69983
G1 X91.769 Y100.587 E623.71905
G1 X91.254 Y100.457 E623.73672
G1 X90.791 Y100.206 E623.75423
G1 X90.43 Y99.886 E623.77028
G1 X90.096 Y99.403 E623.78981
G1 F1554.4 X89.935 Y98.915 E623.8063
G1 X89.948 Y99.429 E623.82281
G1 F1500 X89.948 Y139.019 E625.13958
G1 F1554.4 X89.935 Y139.533 E625.15608
G1 X90.096 Y139.045 E625.17257
G1 F1500 X90.43 Y138.562 E625.1921
G1 X90.83 Y138.215 E625.20972
G1 X91.299 Y137.973 E625.22727
G1 X91.767 Y137.857 E625.24331
G1 X92.349 Y137.857 E625.26266
G1 X92.817 Y137.973 E625.2787
G1 X93.325 Y138.242 E625.29782
G1 X93.717 Y138.598 E625.31543
G1 X94.019 Y139.044 E625.33335
G1 X94.199 Y139.533 E625.35068
G1 X94.256 Y140.04 E625.36765
G1 X94.198 Y140.555 E625.38488
G1 X94.02 Y141.035 E625.40191
G1 X93.686 Y141.513 E625.42131
G1 X93.285 Y141.866 E625.43907
G1 X92.817 Y142.103 E625.45652
G1 X92.349 Y142.219 E625.47256
G1 X91.767 Y142.219 E625.49192
G1 X91.299 Y142.103 E625.50795
G1 X90.831 Y141.866 E625.5254
G1 X90.4 Y141.479 E625.54467
G1 X90.096 Y141.034 E625.56259
G1 F1554.4 X89.935 Y140.543 E625.57918
G1 X89.949 Y141.06 E625.59578
G1 F1500 X89.948 Y144.676 E625.71604
G1 X90.005 Y145.155 E625.73209
G1 X90.158 Y145.604 E625.74787
G1 X90.409 Y145.997 E625.76338
G1 X90.75 Y146.338 E625.77941
G1 X91.144 Y146.586 E625.7949
G1 X91.594 Y146.743 E625.81075
G1 X92.072 Y146.8 E625.82676
G1 X94.676 Y146.8 E625.91337
G1 F2700 E620.91337
G0 F9000 X94.635 Y146.091
G0 X90.224 Y141.665
G0 X89.935 Y140.543
G1 F2700 E625.91337
G1 F1754.4 X89.904 Y140.04 E625.9277
G1 X89.935 Y139.533 E625.94215
G1 F2700 E620.94215
G0 F9000 X89.085 Y139.533
G0 X89.085 Y98.915
G0 X89.935 Y98.915
G1 F2700 E625.94215
G1 F1754.4 X89.904 Y98.408 E625.95659
G1 X89.935 Y97.901 E625.97104
G1 F2700 E620.97104
G0 F9000 X145.063 Y97.901
G1 F2700 E625.97104
G1 F1769.9 X145.094 Y98.408 E625.98535
G1 X145.063 Y98.924 E625.99993
G1 F2700 E620.99993
G0 F9000 X144.835 Y99.893
G0 X144.34 Y100.865
G0 X144.537 Y100.582
;TYPE:FILL
G1 F2700 E625.99993
G1 F3000 X140.061 Y117.287 E626.57514
G0 F9000 X140.087 Y117.059
G0 X138.91 Y114.166
G0 X138.682 Y114.166
G1 F3000 X144.567 Y112.589 E626.77778
G0 F9000 X144.34 Y112.589
G0 X144.315 Y115.862
G0 X144.543 Y115.888
G1 F3000 X138.68 Y110.025 E627.05355
G0 F9000 X138.91 Y110.025
G0 X138.91 Y107.954
G0 X138.681 Y107.954
G1 F3000 X144.566 Y106.377 E627.2562
G0 F9000 X144.34 Y106.377
G0 X144.34 Y107.427
G0 X144.567 Y107.427
G1 F3000 X138.68 Y101.54 E627.5331
G0 F9000 X138.68 Y101.743
G1 F3000 X141.904 Y100.879 E627.64412
G0 F9000 X141.798 Y101.08
G0 X138.91 Y99.257
G0 X138.681 Y99.257
G1 F3000 X141.515 Y88.679 E628.00835
G0 F9000 X141.068 Y88.68
G1 F3000 X134.946 Y90.32 E628.21915
G1 X134.864 Y90.321
G1 X135.303 Y88.68 E628.27565
G0 F9000 X134.306 Y88.68
G1 F3000 X135.946 Y90.32 E628.35279
G0 F9000 X135.946 Y90.09
G0 X138.838 Y90.162
G0 X138.91 Y93.055
G0 X138.68 Y93.055
G1 F3000 X141.681 Y96.056 E628.49395
G0 F9000 X141.577 Y95.856
G0 X138.91 Y95.531
G0 X138.681 Y95.531
G1 F3000 X144.567 Y93.954 E628.69662
G0 F9000 X144.34 Y93.954
G0 X144.34 Y90.457
G0 X144.568 Y90.457
G1 F3000 X142.791 Y88.68 E628.78021
G0 F9000 X142.791 Y88.91
G0 X129.092 Y88.91
G0 X129.092 Y88.679
G1 F3000 X128.652 Y90.32 E628.83671
G0 F9000 X128.652 Y90.09
G0 X127.46 Y90.09
G0 X127.46 Y90.32
G1 F3000 X125.82 Y88.68 E628.91385
G0 F9000 X125.82 Y88.91
G0 X122.88 Y88.91
G0 X122.88 Y88.679
G1 F3000 X122.44 Y90.321 E628.97039
G0 F9000 X122.44 Y90.09
G0 X118.975 Y90.09
G0 X118.975 Y90.32
G1 F3000 X117.335 Y88.68 E629.04753
G0 F9000 X117.885 Y88.68
G1 F3000 X111.764 Y90.32 E629.2583
G0 F9000 X111.764 Y90.09
G0 X110.49 Y90.09
G0 X110.49 Y90.32
G1 F3000 X108.85 Y88.68 E629.33544
G0 F9000 X108.85 Y88.91
G0 X110.457 Y88.91
G0 X110.457 Y88.68
G1 F3000 X110.017 Y90.32 E629.39192
G0 F9000 X110.017 Y90.09
G0 X104.245 Y88.91
G0 X104.245 Y88.679
G1 F3000 X103.805 Y90.32 E629.44842
G0 F9000 X103.805 Y90.09
G0 X102.004 Y90.09
G0 X102.004 Y90.32
G1 F3000 X100.365 Y88.68 E629.52554
G0 F9000 X100.365 Y88.91
G0 X98.033 Y88.91
G0 X98.033 Y88.68
G1 F3000 X97.594 Y90.32 E629.58201
G0 F9000 X97.594 Y90.09
G0 X96.162 Y90.162
G0 X96.09 Y93.121
G0 X96.32 Y93.121
G1 F3000 X91.901 Y88.702 E629.78986
G1 X91.813 Y88.711
G1 X90.428 Y93.881 E629.96788
G0 F9000 X90.66 Y93.881
G0 X90.66 Y95.715
G0 X90.428 Y95.715
G1 F3000 X90.781 Y96.068 E629.98449
G0 F9000 X90.428 Y96.037
G1 F3000 X96.32 Y94.458 E630.18737
G0 F9000 X96.32 Y95.075
G1 F3000 X90.43 Y117.056 E630.94425
G0 F9000 X90.66 Y117.056
G0 X90.66 Y114.671
G0 X90.43 Y114.671
G1 F3000 X96.32 Y113.093 E631.14706
G0 F9000 X96.09 Y113.093
G0 X96.09 Y110.092
G0 X96.32 Y110.092
G1 F3000 X90.43 Y104.201 E631.42414
G0 F9000 X90.66 Y104.201
G0 X90.66 Y102.248
G0 X90.43 Y102.248
G1 F3000 X96.319 Y100.67 E631.62691
G0 F9000 X96.32 Y101.606
G1 F3000 X94.408 Y99.694 E631.71685
G0 F9000 X94.6 Y99.827
G0 X96.09 Y106.882
G0 X96.319 Y106.882
G1 F3000 X90.43 Y108.46 E631.91963
G0 F9000 X90.66 Y108.46
G0 X90.66 Y112.687
G0 X90.43 Y112.687
G1 F3000 X96.32 Y118.577 E632.19668
G0 F9000 X96.32 Y118.256
G1 F3000 X91.16 Y137.513 E632.85976
G0 F9000 X91.107 Y137.292
G0 X91.718 Y137.206
G0 X92.402 Y137.206
G0 X93.072 Y137.369
G0 X93.566 Y137.63
G0 X94.423 Y138.368
G0 X94.232 Y138.499
G1 F3000 X96.319 Y137.94 E632.93162
G0 F9000 X96.09 Y137.94
G0 X96.09 Y135.547
G0 X96.32 Y135.547
G1 F3000 X90.43 Y129.657 E633.20867
G0 F9000 X90.66 Y129.657
G0 X90.66 Y127.095
G0 X90.43 Y127.095
G1 F3000 X96.319 Y125.517 E633.41145
G0 F9000 X96.09 Y125.517
G0 X96.09 Y127.062
G0 X96.32 Y127.062
G1 F3000 X90.43 Y121.172 E633.6885
G0 F9000 X90.43 Y120.883
G1 F3000 X96.319 Y119.305 E633.89127
G0 F9000 X96.09 Y119.305
G0 X96.09 Y131.728
G0 X96.32 Y131.728
G1 F3000 X90.431 Y133.306 E634.09405
G0 F9000 X90.66 Y133.306
G0 X94.588 Y138.713
G0 X94.832 Y139.355
G0 X94.916 Y140.039
G0 X94.832 Y140.724
G0 X94.695 Y141.087
G0 X94.275 Y141.927
G0 X94.081 Y141.793
G1 F3000 X96.32 Y144.033 E634.19939
G1 X96.319 Y144.152
G1 X90.753 Y145.643 E634.39105
G0 F9000 X90.947 Y145.521
G0 X94.999 Y146.049
G0 X95.024 Y146.276
G1 F3000 X96.32 Y141.438 E634.55763
G1 F2700 E629.55763
G0 F9000 X96.09 Y141.438
G0 X94.916 Y98.409
G0 X94.832 Y97.725
G0 X94.693 Y97.361
G0 X90.744 Y89.875
G0 X90.527 Y89.799
G1 F2700 E634.55763
G1 F3000 X94.702 Y88.68 E634.70139
G0 F9000 X94.702 Y88.91
G0 X116.229 Y90.09
G0 X116.229 Y90.321
G1 F3000 X116.668 Y88.68 E634.75789
G0 F9000 X116.668 Y89.21
G1 F2700 E629.75789
;MESH:NONMESH
G0 F300 Z3.4
G0 F9000 X96.162 Y90.162
G0 X96.17 Y119.617
G0 X94.635 Y146.091
G0 X94.653 Y146.4
;TIME_ELAPSED:1083.390170
;LAYER:16
;TYPE:WALL-INNER
;MESH:battery holder-BodyChamfer.stl
G1 F2700 E634.75789
G1 F1500 X95.064 Y146.351 E634.77166
G1 X95.429 Y146.223 E634.78452
G1 X95.747 Y146.024 E634.797
G1 X96.024 Y145.747 E634.81003
G1 X96.223 Y145.429 E634.82251
G1 X96.351 Y145.064 E634.83537
G1 X96.4 Y144.653 E634.84914
G1 X96.4 Y90.879 E636.63767
G1 X96.52 Y90.64 E636.64656
G1 X96.717 Y90.47 E636.65522
G1 X96.922 Y90.4 E636.66242
G1 X138 Y90.4 E638.02868
G1 X138.283 Y90.47 E638.03838
G1 X138.48 Y90.64 E638.04703
G1 X138.6 Y90.879 E638.05593
G1 X138.601 Y115.655 E638.87998
G1 X138.645 Y116.066 E638.89373
G1 X138.773 Y116.429 E638.90653
G1 X138.972 Y116.747 E638.91901
G1 X139.248 Y117.023 E638.93199
G1 X139.57 Y117.224 E638.94462
G1 X139.933 Y117.351 E638.95741
G1 X140.347 Y117.4 E638.97127
G1 X142.901 Y117.4 E639.05622
G1 X143.316 Y117.351 E639.07012
G1 X143.677 Y117.224 E639.08285
G1 X143.995 Y117.024 E639.09534
G1 X144.273 Y116.745 E639.10844
G1 X144.476 Y116.427 E639.12099
G1 X144.602 Y116.066 E639.13371
G1 X144.648 Y115.655 E639.14746
G1 X144.648 Y100.347 E639.65661
G1 X144.352 Y100.587 E639.66928
G1 X143.861 Y100.847 E639.68776
G1 X143.253 Y100.992 E639.70855
G1 X142.623 Y100.992 E639.7295
G1 X142.013 Y100.846 E639.75037
G1 X141.46 Y100.553 E639.77118
G1 X140.991 Y100.137 E639.79203
G1 X140.627 Y99.612 E639.81328
G1 X140.414 Y99.041 E639.83355
G1 X140.34 Y98.408 E639.85475
G1 X140.412 Y97.781 E639.87574
G1 X140.627 Y97.204 E639.89622
G1 X140.991 Y96.679 E639.91747
G1 X141.461 Y96.261 E639.93839
G1 X142.015 Y95.974 E639.95914
G1 X142.62 Y95.824 E639.97987
G1 X143.256 Y95.824 E640.00102
G1 X143.861 Y95.974 E640.02176
G1 X144.349 Y96.227 E640.04004
G1 X144.648 Y96.469 E640.05283
G1 X144.648 Y90.345 E640.25652
G1 X144.603 Y89.93 E640.2704
G1 X144.476 Y89.572 E640.28304
G1 X144.272 Y89.25 E640.29571
G1 X143.995 Y88.972 E640.30877
G1 X143.677 Y88.772 E640.32126
G1 X143.318 Y88.645 E640.33393
G1 X142.903 Y88.6 E640.34781
G1 X92.093 Y88.6 E642.03776
G1 X91.682 Y88.645 E642.05151
G1 X91.319 Y88.773 E642.06431
G1 X91.001 Y88.972 E642.07679
G1 X90.724 Y89.25 E642.08984
G1 X90.521 Y89.57 E642.10245
G1 X90.397 Y89.93 E642.11511
G1 X90.348 Y90.347 E642.12907
G1 X90.349 Y96.468 E642.33266
G1 X90.647 Y96.227 E642.34541
G1 X91.135 Y95.974 E642.36369
G1 X91.74 Y95.824 E642.38442
G1 X92.376 Y95.824 E642.40557
G1 X92.981 Y95.974 E642.42631
G1 X93.535 Y96.261 E642.44706
G1 X94.002 Y96.677 E642.46786
G1 X94.366 Y97.2 E642.48905
G1 X94.589 Y97.784 E642.50984
G1 X94.656 Y98.408 E642.53072
G1 X94.588 Y99.036 E642.55173
G1 X94.366 Y99.617 E642.57241
G1 X94.002 Y100.139 E642.59358
G1 X93.537 Y100.553 E642.61429
G1 X92.982 Y100.846 E642.63516
G1 X92.373 Y100.992 E642.65599
G1 X91.743 Y100.992 E642.67695
G1 X91.133 Y100.846 E642.69781
G1 X90.644 Y100.587 E642.71621
G1 X90.349 Y100.348 E642.72884
G1 X90.349 Y138.1 E643.98448
G1 X90.644 Y137.861 E643.9971
G1 X91.132 Y137.603 E644.01546
G1 X91.739 Y137.452 E644.03627
G1 X92.376 Y137.452 E644.05745
G1 X92.984 Y137.603 E644.07829
G1 X93.537 Y137.895 E644.09909
G1 X94.002 Y138.309 E644.1198
G1 X94.366 Y138.832 E644.14099
G1 X94.589 Y139.416 E644.16178
G1 X94.656 Y140.04 E644.18266
G1 X94.587 Y140.666 E644.2036
G1 X94.368 Y141.247 E644.22425
G1 X94.004 Y141.766 E644.24534
G1 X93.536 Y142.186 E644.26625
G1 X92.98 Y142.475 E644.2871
G1 X92.367 Y142.624 E644.30808
G1 X91.74 Y142.624 E644.32893
G1 X91.135 Y142.474 E644.34966
G1 X90.647 Y142.221 E644.36795
G1 X90.348 Y141.977 E644.38078
G1 X90.348 Y144.653 E644.46979
G1 X90.397 Y145.066 E644.48362
G1 X90.521 Y145.429 E644.49638
G1 X90.723 Y145.745 E644.50885
G1 X91.001 Y146.024 E644.52195
G1 X91.319 Y146.223 E644.53443
G1 X91.684 Y146.351 E644.54729
G1 X92.095 Y146.4 E644.56106
G1 X94.653 Y146.4 E644.64614
G0 F9000 X94.676 Y146.8
;TYPE:WALL-OUTER
G1 F1500 X95.154 Y146.743 E644.66215
G1 X95.604 Y146.586 E644.678
G1 X95.998 Y146.338 E644.69349
G1 X96.338 Y145.998 E644.70948
G1 X96.586 Y145.604 E644.72496
G1 X96.743 Y145.154 E644.74082
G1 X96.8 Y144.676 E644.75683
G1 X96.8 Y90.959 E646.54346
G1 X96.84 Y90.88 E646.54641
G1 X96.965 Y90.803 E646.55129
G1 X138.077 Y90.8 E647.91868
G1 X138.2 Y90.959 E647.92537
G1 X138.201 Y115.677 E648.74749
G1 X138.253 Y116.155 E648.76348
G1 X138.41 Y116.604 E648.7793
G1 X138.658 Y116.998 E648.79479
G1 X138.998 Y117.338 E648.81078
G1 X139.396 Y117.586 E648.82638
G1 X139.842 Y117.743 E648.8421
G1 X140.324 Y117.8 E648.85825
G1 X142.924 Y117.8 E648.94472
G1 X143.406 Y117.743 E648.96087
G1 X143.852 Y117.586 E648.97659
G1 X144.246 Y117.338 E648.99208
G1 X144.587 Y116.997 E649.00812
G1 X144.838 Y116.603 E649.02365
G1 X144.995 Y116.155 E649.03944
G1 X145.048 Y115.677 E649.05544
G1 X145.048 Y99.431 E649.59578
G1 F1530.6 X145.062 Y98.948 E649.61153
G1 X144.9 Y99.404 E649.62731
G1 F1500 X144.566 Y99.886 E649.64681
G1 X144.166 Y100.233 E649.66442
G1 X143.695 Y100.475 E649.68203
G1 X143.227 Y100.587 E649.69804
G1 X142.649 Y100.587 E649.71726
G1 X142.134 Y100.457 E649.73493
G1 X141.671 Y100.206 E649.75245
G1 X141.279 Y99.85 E649.77006
G1 X140.976 Y99.402 E649.78805
G1 X140.801 Y98.917 E649.8052
G1 X140.74 Y98.408 E649.82225
G1 X140.801 Y97.899 E649.8393
G1 X140.976 Y97.414 E649.85645
G1 X141.311 Y96.93 E649.87602
G1 X141.711 Y96.582 E649.89366
G1 X142.179 Y96.345 E649.91111
G1 X142.647 Y96.229 E649.92714
G1 X143.229 Y96.229 E649.9465
G1 X143.697 Y96.345 E649.96254
G1 X144.165 Y96.582 E649.97999
G1 X144.566 Y96.93 E649.99765
G1 X144.9 Y97.412 E650.01715
G1 F1530.6 X145.062 Y97.867 E650.03289
G1 X145.048 Y97.385 E650.04861
G1 F1500 X145.048 Y90.323 E650.28349
G1 X144.995 Y89.841 E650.29962
G1 X144.838 Y89.396 E650.31532
G1 X144.586 Y88.998 E650.33098
G1 X144.246 Y88.658 E650.34698
G1 X143.852 Y88.41 E650.36246
G1 X143.407 Y88.253 E650.37816
G1 X142.925 Y88.2 E650.39428
G1 X92.071 Y88.2 E652.08569
G1 X91.593 Y88.253 E652.10169
G1 X91.144 Y88.41 E652.11751
G1 X90.75 Y88.658 E652.13299
G1 X90.41 Y88.998 E652.14899
G1 X90.158 Y89.396 E652.16466
G1 X90.005 Y89.841 E652.18031
G1 X89.948 Y90.324 E652.19648
G1 X89.948 Y97.387 E652.4314
G1 F1554.4 X89.935 Y97.901 E652.4479
G1 X90.096 Y97.413 E652.46439
G1 F1500 X90.43 Y96.93 E652.48393
G1 X90.831 Y96.582 E652.50159
G1 X91.299 Y96.345 E652.51903
G1 X91.767 Y96.229 E652.53507
G1 X92.349 Y96.229 E652.55443
G1 X92.817 Y96.345 E652.57046
G1 X93.285 Y96.582 E652.58791
G1 X93.717 Y96.966 E652.60714
G1 X94.019 Y97.412 E652.62505
G1 X94.199 Y97.901 E652.64238
G1 X94.256 Y98.408 E652.65935
G1 X94.198 Y98.927 E652.67672
G1 X93.997 Y99.446 E652.69523
G1 X93.685 Y99.886 E652.71317
G1 X93.286 Y100.233 E652.73076
G1 X92.815 Y100.475 E652.74837
G1 X92.347 Y100.587 E652.76438
G1 X91.769 Y100.587 E652.7836
G1 X91.254 Y100.457 E652.80127
G1 X90.791 Y100.206 E652.81878
G1 X90.43 Y99.886 E652.83483
G1 X90.096 Y99.403 E652.85436
G1 F1554.4 X89.935 Y98.915 E652.87085
G1 X89.948 Y99.429 E652.88736
G1 F1500 X89.948 Y139.019 E654.20413
G1 F1554.4 X89.935 Y139.533 E654.22063
G1 X90.096 Y139.045 E654.23712
G1 F1500 X90.43 Y138.562 E654.25665
G1 X90.83 Y138.215 E654.27427
G1 X91.299 Y137.973 E654.29182
G1 X91.767 Y137.857 E654.30786
G1 X92.349 Y137.857 E654.32721
G1 X92.817 Y137.973 E654.34325
G1 X93.325 Y138.242 E654.36237
G1 X93.717 Y138.598 E654.37998
G1 X94.019 Y139.044 E654.3979
G1 X94.199 Y139.533 E654.41523
G1 X94.256 Y140.04 E654.4322
G1 X94.198 Y140.555 E654.44943
G1 X94.02 Y141.035 E654.46646
G1 X93.686 Y141.513 E654.48586
G1 X93.285 Y141.866 E654.50362
G1 X92.817 Y142.103 E654.52107
G1 X92.349 Y142.219 E654.53711
G1 X91.767 Y142.219 E654.55647
G1 X91.299 Y142.103 E654.5725
G1 X90.831 Y141.866 E654.58995
G1 X90.4 Y141.479 E654.60922
G1 X90.096 Y141.034 E654.62714
G1 F1554.4 X89.935 Y140.543 E654.64373
G1 X89.949 Y141.06 E654.66033
G1 F1500 X89.948 Y144.676 E654.78059
G1 X90.005 Y145.155 E654.79664
G1 X90.158 Y145.604 E654.81242
G1 X90.409 Y145.997 E654.82793
G1 X90.75 Y146.338 E654.84397
G1 X91.144 Y146.586 E654.85945
G1 X91.594 Y146.743 E654.8753
G1 X92.072 Y146.8 E654.89131
G1 X94.676 Y146.8 E654.97792
G1 F2700 E649.97792
G0 F9000 X94.635 Y146.091
G0 X90.224 Y141.665
G0 X89.935 Y140.543
G1 F2700 E654.97792
G1 F1754.4 X89.904 Y140.04 E654.99225
G1 X89.935 Y139.533 E655.0067
G1 F2700 E650.0067
G0 F9000 X89.085 Y139.533
G0 X89.085 Y98.915
G0 X89.935 Y98.915
G1 F2700 E655.0067
G1 F1754.4 X89.904 Y98.408 E655.02114
G1 X89.935 Y97.901 E655.03559
G1 F2700 E650.03559
G0 F9000 X145.063 Y97.901
G1 F2700 E655.03559
G1 F1769.9 X145.094 Y98.408 E655.04991
G1 X145.063 Y98.924 E655.06448
G1 F2700 E650.06448
G0 F9000 X144.835 Y99.893
G0 X144.34 Y100.875
G0 X144.367 Y100.671
;TYPE:FILL
G1 F2700 E655.06448
G1 F3000 X139.921 Y117.262 E655.63577
G0 F9000 X139.996 Y117.048
G0 X138.91 Y114.313
G0 X138.682 Y114.313
G1 F3000 X144.567 Y112.736 E655.83841
G0 F9000 X144.34 Y112.736
G0 X144.336 Y115.681
G0 X144.562 Y115.707
G1 F3000 X138.68 Y109.824 E656.1151
G0 F9000 X138.91 Y109.824
G0 X138.91 Y108.101
G0 X138.681 Y108.101
G1 F3000 X144.566 Y106.524 E656.31774
G0 F9000 X144.567 Y107.226
G1 F3000 X138.68 Y101.339 E656.59465
G0 F9000 X138.68 Y101.89
G1 F3000 X142.146 Y100.961 E656.714
G0 F9000 X142.092 Y101.183
G0 X141.465 Y100.839
G0 X138.91 Y98.71
G0 X138.68 Y98.71
G1 F3000 X141.368 Y88.679 E657.0594
G0 F9000 X141.616 Y88.68
G1 F3000 X135.494 Y90.32 E657.2702
G0 F9000 X136.146 Y90.32
G1 F3000 X134.507 Y88.68 E657.34732
G0 F9000 X135.156 Y88.68
G1 F3000 X134.717 Y90.321 E657.40382
G0 F9000 X134.717 Y90.09
G0 X138.838 Y90.162
G0 X138.91 Y92.854
G0 X138.68 Y92.854
G1 F3000 X141.813 Y95.987 E657.55118
G0 F9000 X141.709 Y95.786
G0 X138.91 Y95.678
G0 X138.681 Y95.678
G1 F3000 X144.567 Y94.101 E657.75386
G0 F9000 X144.34 Y94.101
G0 X144.329 Y90.271
G0 X144.557 Y90.246
G1 F3000 X143.003 Y88.692 E657.82695
G0 F9000 X142.977 Y88.92
G0 X128.945 Y88.91
G0 X128.945 Y88.679
G1 F3000 X128.505 Y90.32 E657.88346
G0 F9000 X127.661 Y90.32
G1 F3000 X126.021 Y88.68 E657.9606
G0 F9000 X126.021 Y88.91
G0 X122.733 Y88.91
G0 X122.733 Y88.679
G1 F3000 X122.293 Y90.32 E658.01711
G0 F9000 X122.293 Y90.09
G0 X119.176 Y90.09
G0 X119.176 Y90.32
G1 F3000 X117.536 Y88.68 E658.09425
G0 F9000 X118.434 Y88.68
G1 F3000 X112.312 Y90.32 E658.30505
G0 F9000 X112.312 Y90.09
G0 X110.69 Y90.09
G0 X110.69 Y90.32
G1 F3000 X109.051 Y88.68 E658.38216
G0 F9000 X109.051 Y88.91
G0 X110.31 Y88.91
G0 X110.31 Y88.68
G1 F3000 X109.87 Y90.32 E658.43864
G0 F9000 X109.87 Y90.09
G0 X104.098 Y88.91
G0 X104.098 Y88.679
G1 F3000 X103.658 Y90.32 E658.49515
G0 F9000 X103.658 Y90.09
G0 X102.205 Y90.09
G0 X102.205 Y90.32
G1 F3000 X100.565 Y88.68 E658.57229
G0 F9000 X100.565 Y88.91
G0 X97.886 Y88.91
G0 X97.886 Y88.68
G1 F3000 X97.447 Y90.32 E658.62876
G0 F9000 X97.447 Y90.09
G0 X95.251 Y88.91
G0 X95.251 Y88.68
G1 F3000 X90.474 Y89.96 E658.79324
G0 F9000 X90.7 Y90.001
G0 X91.734 Y88.957
G0 X91.659 Y88.737
G1 F3000 X90.428 Y93.333 E658.9515
G0 F9000 X90.66 Y93.333
G0 X90.66 Y95.514
G0 X90.428 Y95.514
G1 F3000 X90.913 Y95.998 E658.97429
G0 F9000 X90.703 Y96.11
G1 F3000 X90.428 Y96.184 E658.98376
G0 F9000 X90.611 Y95.955
G0 X90.965 Y95.78
G0 X92.07 Y95.515
G0 X92.07 Y95.744
G1 F3000 X96.32 Y94.605 E659.1301
G1 X96.32 Y94.526
G1 X90.43 Y116.507 E659.88698
G0 F9000 X90.66 Y116.507
G0 X90.66 Y114.818
G0 X90.43 Y114.818
G1 F3000 X96.32 Y113.24 E660.08979
G0 F9000 X96.09 Y113.24
G0 X96.09 Y109.891
G0 X96.32 Y109.891
G1 F3000 X90.43 Y104.001 E660.36684
G0 F9000 X90.66 Y104.001
G0 X90.66 Y102.395
G0 X90.43 Y102.395
G1 F3000 X96.319 Y100.817 E660.56962
G0 F9000 X96.32 Y101.405
G1 F3000 X94.474 Y99.559 E660.65645
G0 F9000 X94.69 Y99.641
G0 X96.09 Y92.92
G0 X96.32 Y92.92
G1 F3000 X92.082 Y88.683 E660.85577
G0 F9000 X92.107 Y88.911
G0 X94.832 Y97.725
G0 X96.09 Y107.029
G0 X96.319 Y107.029
G1 F3000 X90.43 Y108.607 E661.05855
G0 F9000 X90.66 Y108.607
G0 X90.66 Y112.486
G0 X90.43 Y112.486
G1 F3000 X96.32 Y118.376 E661.3356
G0 F9000 X96.32 Y117.707
G1 F3000 X90.994 Y137.585 E662.02006
G0 F9000 X90.889 Y137.384
G0 X91.718 Y137.206
G0 X92.402 Y137.206
G0 X93.072 Y137.369
G0 X93.621 Y137.659
G0 X94.509 Y138.492
G0 X94.318 Y138.623
G1 F3000 X96.32 Y138.087 E662.08899
G0 F9000 X96.09 Y138.087
G0 X96.09 Y135.347
G0 X96.32 Y135.347
G1 F3000 X90.43 Y129.456 E662.36606
G0 F9000 X90.66 Y129.456
G0 X90.66 Y127.242
G0 X90.43 Y127.242
G1 F3000 X96.319 Y125.664 E662.56884
G0 F9000 X96.09 Y125.664
G0 X96.09 Y126.861
G0 X96.32 Y126.861
G1 F3000 X90.43 Y120.971 E662.84589
G1 X90.43 Y121.03
G1 X96.319 Y119.452 E663.04867
G0 F9000 X96.09 Y119.452
G0 X96.09 Y131.875
G0 X96.32 Y131.875
G1 F3000 X90.431 Y133.453 E663.25145
G0 F9000 X90.66 Y133.453
G0 X94.588 Y138.713
G0 X94.832 Y139.355
G0 X94.916 Y140.039
G0 X94.832 Y140.724
G0 X94.356 Y141.809
G0 X94.163 Y141.675
G1 F3000 X96.32 Y143.832 E663.35291
G0 F9000 X96.319 Y144.299
G1 F3000 X90.854 Y145.763 E663.54108
G0 F9000 X91.015 Y145.603
G0 X94.847 Y146.066
G0 X94.872 Y146.295
G1 F3000 X96.32 Y140.889 E663.72723
G1 F2700 E658.72723
G0 F9000 X96.09 Y140.889
G0 X96.162 Y90.162
G0 X116.082 Y90.09
G0 X116.082 Y90.321
G1 F2700 E663.72723
G1 F3000 X116.521 Y88.68 E663.78373
G0 F9000 X116.521 Y89.21
G1 F2700 E658.78373
;MESH:NONMESH
G0 F300 Z3.6
G0 F9000 X96.162 Y90.162
G0 X96.17 Y119.603
G0 X94.635 Y146.091
G0 X94.653 Y146.4
;TIME_ELAPSED:1130.076460
;LAYER:17
;TYPE:WALL-INNER
;MESH:battery holder-BodyChamfer.stl
G1 F2700 E663.78373
G1 F1500 X95.064 Y146.351 E663.79749
G1 X95.429 Y146.223 E663.81036
G1 X95.747 Y146.024 E663.82283
G1 X96.024 Y145.747 E663.83586
G1 X96.223 Y145.429 E663.84834
G1 X96.351 Y145.064 E663.8612
G1 X96.4 Y144.653 E663.87497
G1 X96.4 Y90.879 E665.6635
G1 X96.52 Y90.64 E665.6724
G1 X96.717 Y90.47 E665.68105
G1 X96.922 Y90.4 E665.68826
G1 X138 Y90.4 E667.05452
G1 X138.283 Y90.47 E667.06421
G1 X138.48 Y90.64 E667.07287
G1 X138.6 Y90.879 E667.08176
G1 X138.601 Y115.655 E667.90581
G1 X138.645 Y116.066 E667.91956
G1 X138.773 Y116.429 E667.93236
G1 X138.972 Y116.747 E667.94484
G1 X139.248 Y117.023 E667.95782
G1 X139.57 Y117.224 E667.97045
G1 X139.933 Y117.351 E667.98324
G1 X140.347 Y117.4 E667.99711
G1 X142.901 Y117.4 E668.08205
G1 X143.316 Y117.351 E668.09595
G1 X143.677 Y117.224 E668.10868
G1 X143.995 Y117.024 E668.12117
G1 X144.273 Y116.745 E668.13427
G1 X144.476 Y116.427 E668.14682
G1 X144.602 Y116.066 E668.15954
G1 X144.648 Y115.655 E668.17329
G1 X144.648 Y100.347 E668.68244
G1 X144.352 Y100.587 E668.69512
G1 X143.861 Y100.847 E668.71359
G1 X143.253 Y100.992 E668.73438
G1 X142.623 Y100.992 E668.75534
G1 X142.013 Y100.846 E668.7762
G1 X141.46 Y100.553 E668.79701
G1 X140.991 Y100.137 E668.81787
G1 X140.627 Y99.612 E668.83911
G1 X140.414 Y99.041 E668.85938
G1 X140.34 Y98.408 E668.88058
G1 X140.412 Y97.781 E668.90157
G1 X140.627 Y97.204 E668.92205
G1 X140.991 Y96.679 E668.9433
G1 X141.461 Y96.261 E668.96422
G1 X142.015 Y95.974 E668.98497
G1 X142.62 Y95.824 E669.0057
G1 X143.256 Y95.824 E669.02686
G1 X143.861 Y95.974 E669.04759
G1 X144.349 Y96.227 E669.06587
G1 X144.648 Y96.469 E669.07866
G1 X144.648 Y90.345 E669.28235
G1 X144.603 Y89.93 E669.29623
G1 X144.476 Y89.572 E669.30887
G1 X144.272 Y89.25 E669.32155
G1 X143.995 Y88.972 E669.3346
G1 X143.677 Y88.772 E669.34709
G1 X143.318 Y88.645 E669.35976
G1 X142.903 Y88.6 E669.37364
G1 X92.093 Y88.6 E671.06359
G1 X91.682 Y88.645 E671.07734
G1 X91.319 Y88.773 E671.09014
G1 X91.001 Y88.972 E671.10262
G1 X90.724 Y89.25 E671.11567
G1 X90.521 Y89.57 E671.12828
G1 X90.397 Y89.93 E671.14094
G1 X90.348 Y90.347 E671.15491
G1 X90.349 Y96.468 E671.35849
G1 X90.647 Y96.227 E671.37124
G1 X91.135 Y95.974 E671.38952
G1 X91.74 Y95.824 E671.41025
G1 X92.376 Y95.824 E671.43141
G1 X92.981 Y95.974 E671.45214
G1 X93.535 Y96.261 E671.47289
G1 X94.002 Y96.677 E671.49369
G1 X94.366 Y97.2 E671.51489
G1 X94.589 Y97.784 E671.53568
G1 X94.656 Y98.408 E671.55655
G1 X94.588 Y99.036 E671.57756
G1 X94.366 Y99.617 E671.59825
G1 X94.002 Y100.139 E671.61941
G1 X93.537 Y100.553 E671.64012
G1 X92.982 Y100.846 E671.66099
G1 X92.373 Y100.992 E671.68182
G1 X91.743 Y100.992 E671.70278
G1 X91.133 Y100.846 E671.72364
G1 X90.644 Y100.587 E671.74204
G1 X90.349 Y100.348 E671.75467
G1 X90.349 Y138.1 E673.01031
G1 X90.644 Y137.861 E673.02294
G1 X91.132 Y137.603 E673.0413
G1 X91.739 Y137.452 E673.0621
G1 X92.376 Y137.452 E673.08329
G1 X92.984 Y137.603 E673.10412
G1 X93.537 Y137.895 E673.12492
G1 X94.002 Y138.309 E673.14563
G1 X94.366 Y138.832 E673.16682
G1 X94.589 Y139.416 E673.18762
G1 X94.656 Y140.04 E673.20849
G1 X94.587 Y140.666 E673.22944
G1 X94.368 Y141.247 E673.25009
G1 X94.004 Y141.766 E673.27117
G1 X93.536 Y142.186 E673.29209
G1 X92.98 Y142.475 E673.31293
G1 X92.367 Y142.624 E673.33391
G1 X91.74 Y142.624 E673.35476
G1 X91.135 Y142.474 E673.3755
G1 X90.647 Y142.221 E673.39378
G1 X90.348 Y141.977 E673.40661
G1 X90.348 Y144.653 E673.49562
G1 X90.397 Y145.066 E673.50945
G1 X90.521 Y145.429 E673.52221
G1 X90.723 Y145.745 E673.53468
G1 X91.001 Y146.024 E673.54778
G1 X91.319 Y146.223 E673.56026
G1 X91.684 Y146.351 E673.57313
G1 X92.095 Y146.4 E673.58689
G1 X94.653 Y146.4 E673.67197
G0 F9000 X94.676 Y146.8
;TYPE:WALL-OUTER
G1 F1500 X95.154 Y146.743 E673.68798
G1 X95.604 Y146.586 E673.70383
G1 X95.998 Y146.338 E673.71932
G1 X96.338 Y145.998 E673.73531
G1 X96.586 Y145.604 E673.7508
G1 X96.743 Y145.154 E673.76665
G1 X96.8 Y144.676 E673.78266
G1 X96.8 Y90.959 E675.56929
G1 X96.84 Y90.88 E675.57224
G1 X96.965 Y90.803 E675.57712
G1 X138.077 Y90.8 E676.94451
G1 X138.2 Y90.959 E676.9512
G1 X138.201 Y115.677 E677.77332
G1 X138.253 Y116.155 E677.78931
G1 X138.41 Y116.604 E677.80513
G1 X138.658 Y116.998 E677.82062
G1 X138.998 Y117.338 E677.83661
G1 X139.396 Y117.586 E677.85221
G1 X139.842 Y117.743 E677.86794
G1 X140.324 Y117.8 E677.88408
G1 X142.924 Y117.8 E677.97055
G1 X143.406 Y117.743 E677.9867
G1 X143.852 Y117.586 E678.00242
G1 X144.246 Y117.338 E678.01791
G1 X144.587 Y116.997 E678.03395
G1 X144.838 Y116.603 E678.04949
G1 X144.995 Y116.155 E678.06527
G1 X145.048 Y115.677 E678.08127
G1 X145.048 Y99.431 E678.62161
G1 F1530.6 X145.062 Y98.948 E678.63736
G1 X144.9 Y99.404 E678.65314
G1 F1500 X144.566 Y99.886 E678.67264
G1 X144.166 Y100.233 E678.69025
G1 X143.695 Y100.475 E678.70787
G1 X143.227 Y100.587 E678.72387
G1 X142.649 Y100.587 E678.7431
G1 X142.134 Y100.457 E678.76076
G1 X141.671 Y100.206 E678.77828
G1 X141.279 Y99.85 E678.79589
G1 X140.976 Y99.402 E678.81388
G1 X140.801 Y98.917 E678.83103
G1 X140.74 Y98.408 E678.84808
G1 X140.801 Y97.899 E678.86513
G1 X140.976 Y97.414 E678.88228
G1 X141.311 Y96.93 E678.90186
G1 X141.711 Y96.582 E678.91949
G1 X142.179 Y96.345 E678.93694
G1 X142.647 Y96.229 E678.95298
G1 X143.229 Y96.229 E678.97233
G1 X143.697 Y96.345 E678.98837
G1 X144.165 Y96.582 E679.00582
G1 X144.566 Y96.93 E679.02348
G1 X144.9 Y97.412 E679.04298
G1 F1530.6 X145.062 Y97.867 E679.05872
G1 X145.048 Y97.385 E679.07444
G1 F1500 X145.048 Y90.323 E679.30933
G1 X144.995 Y89.841 E679.32545
G1 X144.838 Y89.396 E679.34115
G1 X144.586 Y88.998 E679.35682
G1 X144.246 Y88.658 E679.37281
G1 X143.852 Y88.41 E679.38829
G1 X143.407 Y88.253 E679.40399
G1 X142.925 Y88.2 E679.42012
G1 X92.071 Y88.2 E681.11153
G1 X91.593 Y88.253 E681.12752
G1 X91.144 Y88.41 E681.14334
G1 X90.75 Y88.658 E681.15883
G1 X90.41 Y88.998 E681.17482
G1 X90.158 Y89.396 E681.19049
G1 X90.005 Y89.841 E681.20614
G1 X89.948 Y90.324 E681.22231
G1 X89.948 Y97.387 E681.45723
G1 F1554.4 X89.935 Y97.901 E681.47373
G1 X90.096 Y97.413 E681.49023
G1 F1500 X90.43 Y96.93 E681.50976
G1 X90.831 Y96.582 E681.52742
G1 X91.299 Y96.345 E681.54487
G1 X91.767 Y96.229 E681.5609
G1 X92.349 Y96.229 E681.58026
G1 X92.817 Y96.345 E681.5963
G1 X93.285 Y96.582 E681.61374
G1 X93.717 Y96.966 E681.63297
G1 X94.019 Y97.412 E681.65088
G1 X94.199 Y97.901 E681.66821
G1 X94.256 Y98.408 E681.68518
G1 X94.198 Y98.927 E681.70255
G1 X93.997 Y99.446 E681.72106
G1 X93.685 Y99.886 E681.73901
G1 X93.286 Y100.233 E681.75659
G1 X92.815 Y100.475 E681.7742
G1 X92.347 Y100.587 E681.79021
G1 X91.769 Y100.587 E681.80943
G1 X91.254 Y100.457 E681.8271
G1 X90.791 Y100.206 E681.84462
G1 X90.43 Y99.886 E681.86066
G1 X90.096 Y99.403 E681.88019
G1 F1554.4 X89.935 Y98.915 E681.89669
G1 X89.948 Y99.429 E681.91319
G1 F1500 X89.948 Y139.019 E683.22996
G1 F1554.4 X89.935 Y139.533 E683.24646
G1 X90.096 Y139.045 E683.26295
G1 F1500 X90.43 Y138.562 E683.28249
G1 X90.83 Y138.215 E683.3001
G1 X91.299 Y137.973 E683.31765
G1 X91.767 Y137.857 E683.33369
G1 X92.349 Y137.857 E683.35305
G1 X92.817 Y137.973 E683.36908
G1 X93.325 Y138.242 E683.3882
G1 X93.717 Y138.598 E683.40581
G1 X94.019 Y139.044 E683.42373
G1 X94.199 Y139.533 E683.44106
G1 X94.256 Y140.04 E683.45803
G1 X94.198 Y140.555 E683.47527
G1 X94.02 Y141.035 E683.49229
G1 X93.686 Y141.513 E683.51169
G1 X93.285 Y141.866 E683.52946
G1 X92.817 Y142.103 E683.5469
G1 X92.349 Y142.219 E683.56294
G1 X91.767 Y142.219 E683.5823
G1 X91.299 Y142.103 E683.59834
G1 X90.831 Y141.866 E683.61578
G1 X90.4 Y141.479 E683.63505
G1 X90.096 Y141.034 E683.65297
G1 F1554.4 X89.935 Y140.543 E683.66956
G1 X89.949 Y141.06 E683.68616
G1 F1500 X89.948 Y144.676 E683.80643
G1 X90.005 Y145.155 E683.82247
G1 X90.158 Y145.604 E683.83825
G1 X90.409 Y145.997 E683.85376
G1 X90.75 Y146.338 E683.8698
G1 X91.144 Y146.586 E683.88528
G1 X91.594 Y146.743 E683.90113
G1 X92.072 Y146.8 E683.91714
G1 X94.676 Y146.8 E684.00375
G1 F2700 E679.00375
G0 F9000 X94.635 Y146.091
G0 X90.224 Y141.665
G0 X89.935 Y140.543
G1 F2700 E684.00375
G1 F1754.4 X89.904 Y140.04 E684.01809
G1 X89.935 Y139.533 E684.03253
G1 F2700 E679.03253
G0 F9000 X89.085 Y139.533
G0 X89.085 Y98.915
G0 X89.935 Y98.915
G1 F2700 E684.03253
G1 F1754.4 X89.904 Y98.408 E684.04697
G1 X89.935 Y97.901 E684.06142
G1 F2700 E679.06142
G0 F9000 X145.063 Y97.901
G1 F2700 E684.06142
G1 F1769.9 X145.094 Y98.408 E684.07574
G1 X145.063 Y98.924 E684.09031
G1 F2700 E679.09031
G0 F9000 X144.835 Y99.893
G0 X144.303 Y100.964
G0 X144.197 Y100.759
;TYPE:FILL
G1 F2700 E684.09031
G1 F3000 X139.788 Y117.215 E684.65694
G0 F9000 X139.862 Y117.001
G0 X138.91 Y114.459
G0 X138.682 Y114.459
G1 F3000 X144.567 Y112.882 E684.85958
G0 F9000 X144.34 Y112.882
G0 X144.34 Y115.513
G0 X144.568 Y115.513
G1 F3000 X138.68 Y109.625 E685.13654
G0 F9000 X138.91 Y109.625
G0 X138.91 Y108.247
G0 X138.681 Y108.247
G1 F3000 X144.566 Y106.67 E685.33918
G0 F9000 X144.567 Y107.027
G1 F3000 X138.68 Y101.14 E685.61609
G0 F9000 X138.68 Y102.036
G1 F3000 X142.435 Y101.03 E685.74538
G0 F9000 X142.381 Y101.253
G0 X141.318 Y100.759
G0 X141.025 Y100.501
G0 X138.91 Y98.164
G0 X138.681 Y98.164
G1 F3000 X141.222 Y88.68 E686.07195
G0 F9000 X142.162 Y88.679
G1 F3000 X136.039 Y90.32 E686.28279
G0 F9000 X136.346 Y90.32
G1 F3000 X134.706 Y88.68 E686.35993
G0 F9000 X135.011 Y88.679
G1 F3000 X134.571 Y90.321 E686.41647
G0 F9000 X134.571 Y90.09
G0 X138.838 Y90.162
G0 X138.91 Y92.654
G0 X138.68 Y92.654
G1 F3000 X141.945 Y95.919 E686.57004
G0 F9000 X141.84 Y95.717
G0 X144.34 Y94.246
G0 X144.568 Y94.246
G1 F3000 X138.68 Y95.824 E686.77279
G0 F9000 X138.91 Y95.824
G0 X144.304 Y90.047
G0 X144.533 Y90.022
G1 F3000 X143.227 Y88.716 E686.83422
G0 F9000 X143.201 Y88.945
G0 X128.799 Y88.91
G0 X128.799 Y88.679
G1 F3000 X128.359 Y90.32 E686.89073
G0 F9000 X127.86 Y90.32
G1 F3000 X126.221 Y88.68 E686.96784
G0 F9000 X126.221 Y88.91
G0 X122.587 Y88.91
G0 X122.587 Y88.68
G1 F3000 X122.147 Y90.321 E687.02435
G0 F9000 X122.147 Y90.09
G0 X119.375 Y90.09
G0 X119.375 Y90.32
G1 F3000 X117.735 Y88.68 E687.10149
G0 F9000 X117.735 Y88.91
G0 X118.978 Y88.91
G0 X118.978 Y88.68
G1 F3000 X112.858 Y90.32 E687.31223
G0 F9000 X112.858 Y90.09
G0 X110.89 Y90.09
G0 X110.89 Y90.32
G1 F3000 X109.25 Y88.68 E687.38937
G0 F9000 X110.164 Y88.679
G1 F3000 X109.724 Y90.32 E687.44587
G0 F9000 X109.724 Y90.09
G0 X103.952 Y88.91
G0 X103.952 Y88.679
G1 F3000 X103.512 Y90.321 E687.50241
G0 F9000 X103.512 Y90.09
G0 X102.405 Y90.09
G0 X102.405 Y90.32
G1 F3000 X100.765 Y88.68 E687.57955
G0 F9000 X100.765 Y88.91
G0 X97.74 Y88.91
G0 X97.74 Y88.68
G1 F3000 X97.301 Y90.32 E687.63602
G0 F9000 X97.301 Y90.09
G0 X95.795 Y88.91
G0 X95.795 Y88.68
G1 F3000 X90.457 Y90.111 E687.81983
G0 F9000 X90.685 Y90.137
G0 X91.573 Y89.013
G0 X91.498 Y88.794
G1 F3000 X90.428 Y92.787 E687.95733
G0 F9000 X90.66 Y92.787
G0 X90.66 Y95.314
G0 X90.428 Y95.314
G1 F3000 X91.044 Y95.93 E687.9863
G0 F9000 X90.939 Y95.728
G0 X91.57 Y95.605
G0 X92.559 Y95.552
G0 X92.505 Y95.773
G1 F3000 X96.319 Y94.751 E688.11763
G0 F9000 X96.32 Y93.981
G1 F3000 X90.43 Y115.962 E688.87451
G0 F9000 X90.43 Y114.964
G1 F3000 X96.32 Y113.386 E689.07732
G0 F9000 X96.09 Y113.386
G0 X96.09 Y109.691
G0 X96.32 Y109.691
G1 F3000 X90.43 Y103.801 E689.35437
G0 F9000 X90.66 Y103.801
G0 X90.66 Y102.541
G0 X90.43 Y102.541
G1 F3000 X96.319 Y100.963 E689.55715
G0 F9000 X96.32 Y101.206
G1 F3000 X94.529 Y99.415 E689.64139
G0 F9000 X94.744 Y99.497
G0 X96.09 Y92.721
G0 X96.32 Y92.721
G1 F3000 X92.28 Y88.68 E689.83145
G0 F9000 X92.28 Y88.91
G0 X94.832 Y97.725
G0 X96.09 Y107.174
G0 X96.32 Y107.174
G1 F3000 X90.431 Y108.752 E690.03423
G0 F9000 X90.66 Y108.752
G0 X90.66 Y112.286
G0 X90.43 Y112.286
G1 F3000 X96.32 Y118.177 E690.3113
G0 F9000 X96.09 Y118.177
G0 X96.09 Y117.163
G0 X96.32 Y117.163
G1 F3000 X90.824 Y137.674 E691.01756
G0 F9000 X90.521 Y137.833
G1 F3000 X90.43 Y137.742 E691.02184
G0 F9000 X90.611 Y137.585
G0 X91.048 Y137.369
G0 X91.718 Y137.206
G0 X92.402 Y137.206
G0 X93.072 Y137.369
G0 X93.682 Y137.691
G0 X93.974 Y137.949
G0 X94.594 Y138.616
G0 X94.403 Y138.746
G1 F3000 X96.319 Y138.233 E691.08781
G0 F9000 X96.09 Y138.233
G0 X96.09 Y140.345
G0 X96.32 Y140.345
G1 F3000 X94.721 Y146.312 E691.29328
G0 F9000 X94.696 Y146.083
G0 X96.09 Y144.445
G0 X96.319 Y144.445
G1 F3000 X90.969 Y145.878 E691.47749
G0 F9000 X91.13 Y145.718
G0 X94.437 Y141.691
G0 X94.246 Y141.559
G1 F3000 X96.32 Y143.632 E691.57502
G0 F9000 X96.09 Y143.632
G0 X96.09 Y135.147
G0 X96.32 Y135.147
G1 F3000 X90.43 Y129.257 E691.85207
G0 F9000 X90.66 Y129.257
G0 X90.66 Y127.387
G0 X90.431 Y127.387
G1 F3000 X96.319 Y125.81 E692.05481
G0 F9000 X96.32 Y126.662
G1 F3000 X90.43 Y120.772 E692.33186
G0 F9000 X90.43 Y121.176
G1 F3000 X96.319 Y119.598 E692.53464
G0 F9000 X96.09 Y119.598
G0 X96.09 Y132.021
G0 X96.32 Y132.021
G1 F3000 X90.43 Y133.599 E692.73745
G1 F2700 E687.73745
G0 F9000 X90.66 Y133.599
G0 X96.162 Y90.162
G0 X115.936 Y90.09
G0 X115.936 Y90.32
G1 F2700 E692.73745
G1 F3000 X116.375 Y88.68 E692.79391
G0 F9000 X116.375 Y89.21
G1 F2700 E687.79391
;MESH:NONMESH
G0 F300 Z3.8
G0 F9000 X96.162 Y90.162
G0 X96.17 Y119.587
G0 X94.635 Y146.091
G0 X94.653 Y146.4
;TIME_ELAPSED:1176.756755
;LAYER:18
;TYPE:WALL-INNER
;MESH:battery holder-BodyChamfer.stl
G1 F2700 E692.79391
G1 F1500 X95.064 Y146.351 E692.80768
G1 X95.429 Y146.223 E692.82055
G1 X95.747 Y146.024 E692.83302
G1 X96.024 Y145.747 E692.84605
G1 X96.223 Y145.429 E692.85853
G1 X96.351 Y145.064 E692.87139
G1 X96.4 Y144.653 E692.88516
G1 X96.4 Y90.879 E694.67369
G1 X96.52 Y90.64 E694.68259
G1 X96.717 Y90.47 E694.69124
G1 X96.922 Y90.4 E694.69844
G1 X138 Y90.4 E696.0647
G1 X138.283 Y90.47 E696.0744
G1 X138.48 Y90.64 E696.08306
G1 X138.6 Y90.879 E696.09195
G1 X138.601 Y115.655 E696.916
G1 X138.645 Y116.066 E696.92975
G1 X138.773 Y116.429 E696.94255
G1 X138.972 Y116.747 E696.95503
G1 X139.248 Y117.023 E696.96801
G1 X139.57 Y117.224 E696.98064
G1 X139.933 Y117.351 E696.99343
G1 X140.347 Y117.4 E697.00729
G1 X142.901 Y117.4 E697.09224
G1 X143.316 Y117.351 E697.10614
G1 X143.677 Y117.224 E697.11887
G1 X143.995 Y117.024 E697.13136
G1 X144.273 Y116.745 E697.14446
G1 X144.476 Y116.427 E697.15701
G1 X144.602 Y116.066 E697.16973
G1 X144.648 Y115.655 E697.18348
G1 X144.648 Y100.347 E697.69263
G1 X144.352 Y100.587 E697.7053
G1 X143.861 Y100.847 E697.72378
G1 X143.253 Y100.992 E697.74457
G1 X142.623 Y100.992 E697.76553
G1 X142.013 Y100.846 E697.78639
G1 X141.46 Y100.553 E697.8072
G1 X140.991 Y100.137 E697.82805
G1 X140.627 Y99.612 E697.8493
G1 X140.414 Y99.041 E697.86957
G1 X140.34 Y98.408 E697.89077
G1 X140.412 Y97.781 E697.91176
G1 X140.627 Y97.204 E697.93224
G1 X140.991 Y96.679 E697.95349
G1 X141.461 Y96.261 E697.97441
G1 X142.015 Y95.974 E697.99516
G1 X142.62 Y95.824 E698.01589
G1 X143.256 Y95.824 E698.03705
G1 X143.861 Y95.974 E698.05778
G1 X144.349 Y96.227 E698.07606
G1 X144.648 Y96.469 E698.08885
G1 X144.648 Y90.345 E698.29254
G1 X144.603 Y89.93 E698.30642
G1 X144.476 Y89.572 E698.31906
G1 X144.272 Y89.25 E698.33173
G1 X143.995 Y88.972 E698.34479
G1 X143.677 Y88.772 E698.35728
G1 X143.318 Y88.645 E698.36995
G1 X142.903 Y88.6 E698.38383
G1 X92.093 Y88.6 E700.07378
G1 X91.682 Y88.645 E700.08753
G1 X91.319 Y88.773 E700.10033
G1 X91.001 Y88.972 E700.11281
G1 X90.724 Y89.25 E700.12586
G1 X90.521 Y89.57 E700.13847
G1 X90.397 Y89.93 E700.15113
G1 X90.348 Y90.347 E700.1651
G1 X90.349 Y96.468 E700.36868
G1 X90.647 Y96.227 E700.38143
G1 X91.135 Y95.974 E700.39971
G1 X91.74 Y95.824 E700.42044
G1 X92.376 Y95.824 E700.4416
G1 X92.981 Y95.974 E700.46233
G1 X93.535 Y96.261 E700.48308
G1 X94.002 Y96.677 E700.50388
G1 X94.366 Y97.2 E700.52507
G1 X94.589 Y97.784 E700.54587
G1 X94.656 Y98.408 E700.56674
G1 X94.588 Y99.036 E700.58775
G1 X94.366 Y99.617 E700.60844
G1 X94.002 Y100.139 E700.6296
G1 X93.537 Y100.553 E700.65031
G1 X92.982 Y100.846 E700.67118
G1 X92.373 Y100.992 E700.69201
G1 X91.743 Y100.992 E700.71297
G1 X91.133 Y100.846 E700.73383
G1 X90.644 Y100.587 E700.75223
G1 X90.349 Y100.348 E700.76486
G1 X90.349 Y138.1 E702.0205
G1 X90.644 Y137.861 E702.03312
G1 X91.132 Y137.603 E702.05148
G1 X91.739 Y137.452 E702.07229
G1 X92.376 Y137.452 E702.09348
G1 X92.984 Y137.603 E702.11431
G1 X93.537 Y137.895 E702.13511
G1 X94.002 Y138.309 E702.15582
G1 X94.366 Y138.832 E702.17701
G1 X94.589 Y139.416 E702.1978
G1 X94.656 Y140.04 E702.21868
G1 X94.587 Y140.666 E702.23962
G1 X94.368 Y141.247 E702.26028
G1 X94.004 Y141.766 E702.28136
G1 X93.536 Y142.186 E702.30228
G1 X92.98 Y142.475 E702.32312
G1 X92.367 Y142.624 E702.3441
G1 X91.74 Y142.624 E702.36495
G1 X91.135 Y142.474 E702.38568
G1 X90.647 Y142.221 E702.40397
G1 X90.348 Y141.977 E702.4168
G1 X90.348 Y144.653 E702.50581
G1 X90.397 Y145.066 E702.51964
G1 X90.521 Y145.429 E702.5324
G1 X90.723 Y145.745 E702.54487
G1 X91.001 Y146.024 E702.55797
G1 X91.319 Y146.223 E702.57045
G1 X91.684 Y146.351 E702.58331
G1 X92.095 Y146.4 E702.59708
G1 X94.653 Y146.4 E702.68216
G0 F9000 X94.676 Y146.8
;TYPE:WALL-OUTER
G1 F1500 X95.154 Y146.743 E702.69817
G1 X95.604 Y146.586 E702.71402
G1 X95.998 Y146.338 E702.72951
G1 X96.338 Y145.998 E702.7455
G1 X96.586 Y145.604 E702.76098
G1 X96.743 Y145.154 E702.77684
G1 X96.8 Y144.676 E702.79285
G1 X96.8 Y90.959 E704.57948
G1 X96.84 Y90.88 E704.58243
G1 X96.965 Y90.803 E704.58731
G1 X138.077 Y90.8 E705.9547
G1 X138.2 Y90.959 E705.96139
G1 X138.201 Y115.677 E706.78351
G1 X138.253 Y116.155 E706.7995
G1 X138.41 Y116.604 E706.81532
G1 X138.658 Y116.998 E706.83081
G1 X138.998 Y117.338 E706.8468
G1 X139.396 Y117.586 E706.8624
G1 X139.842 Y117.743 E706.87812
G1 X140.324 Y117.8 E706.89427
G1 X142.924 Y117.8 E706.98074
G1 X143.406 Y117.743 E706.99689
G1 X143.852 Y117.586 E707.01261
G1 X144.246 Y117.338 E707.0281
G1 X144.587 Y116.997 E707.04414
G1 X144.838 Y116.603 E707.05967
G1 X144.995 Y116.155 E707.07546
G1 X145.048 Y115.677 E707.09146
G1 X145.048 Y99.431 E707.6318
G1 F1530.6 X145.062 Y98.948 E707.64755
G1 X144.9 Y99.404 E707.66333
G1 F1500 X144.566 Y99.886 E707.68283
G1 X144.166 Y100.233 E707.70044
G1 X143.695 Y100.475 E707.71806
G1 X143.227 Y100.587 E707.73406
G1 X142.649 Y100.587 E707.75328
G1 X142.134 Y100.457 E707.77095
G1 X141.671 Y100.206 E707.78847
G1 X141.279 Y99.85 E707.80608
G1 X140.976 Y99.402 E707.82407
G1 X140.801 Y98.917 E707.84122
G1 X140.74 Y98.408 E707.85827
G1 X140.801 Y97.899 E707.87532
G1 X140.976 Y97.414 E707.89247
G1 X141.311 Y96.93 E707.91205
G1 X141.711 Y96.582 E707.92968
G1 X142.179 Y96.345 E707.94713
G1 X142.647 Y96.229 E707.96316
G1 X143.229 Y96.229 E707.98252
G1 X143.697 Y96.345 E707.99856
G1 X144.165 Y96.582 E708.01601
G1 X144.566 Y96.93 E708.03367
G1 X144.9 Y97.412 E708.05317
G1 F1530.6 X145.062 Y97.867 E708.06891
G1 X145.048 Y97.385 E708.08463
G1 F1500 X145.048 Y90.323 E708.31951
G1 X144.995 Y89.841 E708.33564
G1 X144.838 Y89.396 E708.35134
G1 X144.586 Y88.998 E708.367
G1 X144.246 Y88.658 E708.383
G1 X143.852 Y88.41 E708.39848
G1 X143.407 Y88.253 E708.41418
G1 X142.925 Y88.2 E708.4303
G1 X92.071 Y88.2 E710.12172
G1 X91.593 Y88.253 E710.13771
G1 X91.144 Y88.41 E710.15353
G1 X90.75 Y88.658 E710.16902
G1 X90.41 Y88.998 E710.18501
G1 X90.158 Y89.396 E710.20068
G1 X90.005 Y89.841 E710.21633
G1 X89.948 Y90.324 E710.2325
G1 X89.948 Y97.387 E710.46742
G1 F1554.4 X89.935 Y97.901 E710.48392
G1 X90.096 Y97.413 E710.50042
G1 F1500 X90.43 Y96.93 E710.51995
G1 X90.831 Y96.582 E710.53761
G1 X91.299 Y96.345 E710.55505
G1 X91.767 Y96.229 E710.57109
G1 X92.349 Y96.229 E710.59045
G1 X92.817 Y96.345 E710.60649
G1 X93.285 Y96.582 E710.62393
G1 X93.717 Y96.966 E710.64316
G1 X94.019 Y97.412 E710.66107
G1 X94.199 Y97.901 E710.6784
G1 X94.256 Y98.408 E710.69537
G1 X94.198 Y98.927 E710.71274
G1 X93.997 Y99.446 E710.73125
G1 X93.685 Y99.886 E710.74919
G1 X93.286 Y100.233 E710.76678
G1 X92.815 Y100.475 E710.78439
G1 X92.347 Y100.587 E710.8004
G1 X91.769 Y100.587 E710.81962
G1 X91.254 Y100.457 E710.83729
G1 X90.791 Y100.206 E710.85481
G1 X90.43 Y99.886 E710.87085
G1 X90.096 Y99.403 E710.89038
G1 F1554.4 X89.935 Y98.915 E710.90688
G1 X89.948 Y99.429 E710.92338
G1 F1500 X89.948 Y139.019 E712.24015
G1 F1554.4 X89.935 Y139.533 E712.25665
G1 X90.096 Y139.045 E712.27314
G1 F1500 X90.43 Y138.562 E712.29267
G1 X90.83 Y138.215 E712.31029
G1 X91.299 Y137.973 E712.32784
G1 X91.767 Y137.857 E712.34388
G1 X92.349 Y137.857 E712.36323
G1 X92.817 Y137.973 E712.37927
G1 X93.325 Y138.242 E712.39839
G1 X93.717 Y138.598 E712.416
G1 X94.019 Y139.044 E712.43392
G1 X94.199 Y139.533 E712.45125
G1 X94.256 Y140.04 E712.46822
G1 X94.198 Y140.555 E712.48545
G1 X94.02 Y141.035 E712.50248
G1 X93.686 Y141.513 E712.52188
G1 X93.285 Y141.866 E712.53965
G1 X92.817 Y142.103 E712.55709
G1 X92.349 Y142.219 E712.57313
G1 X91.767 Y142.219 E712.59249
G1 X91.299 Y142.103 E712.60852
G1 X90.831 Y141.866 E712.62597
G1 X90.4 Y141.479 E712.64524
G1 X90.096 Y141.034 E712.66316
G1 F1554.4 X89.935 Y140.543 E712.67975
G1 X89.949 Y141.06 E712.69635
G1 F1500 X89.948 Y144.676 E712.81662
G1 X90.005 Y145.155 E712.83266
G1 X90.158 Y145.604 E712.84844
G1 X90.409 Y145.997 E712.86395
G1 X90.75 Y146.338 E712.87999
G1 X91.144 Y146.586 E712.89547
G1 X91.594 Y146.743 E712.91132
G1 X92.072 Y146.8 E712.92733
G1 X94.676 Y146.8 E713.01394
G1 F2700 E708.01394
G0 F9000 X94.635 Y146.091
G0 X90.224 Y141.665
G0 X89.935 Y140.543
G1 F2700 E713.01394
G1 F1754.4 X89.904 Y140.04 E713.02827
G1 X89.935 Y139.533 E713.04272
G1 F2700 E708.04272
G0 F9000 X89.085 Y139.533
G0 X89.085 Y98.915
G0 X89.935 Y98.915
G1 F2700 E713.04272
G1 F1754.4 X89.904 Y98.408 E713.05716
G1 X89.935 Y97.901 E713.07161
G1 F2700 E708.07161
G0 F9000 X145.063 Y97.901
G1 F2700 E713.07161
G1 F1769.9 X145.094 Y98.408 E713.08593
G1 X145.063 Y98.924 E713.1005
G1 F2700 E708.1005
G0 F9000 X144.835 Y99.893
G0 X144.34 Y100.865
G0 X144.566 Y100.606
;TYPE:FILL
G1 F2700 E713.1005
G1 F3000 X144.415 Y100.646 E713.10569
G0 F9000 X144.026 Y100.849
G1 F3000 X139.653 Y117.167 E713.66758
G0 F9000 X139.727 Y116.954
G0 X138.91 Y114.606
G0 X138.682 Y114.606
G1 F3000 X144.567 Y113.029 E713.87022
G0 F9000 X144.34 Y113.029
G0 X144.34 Y115.312
G0 X144.568 Y115.312
G1 F3000 X138.68 Y109.424 E714.14718
G0 F9000 X138.91 Y109.424
G0 X138.91 Y108.394
G0 X138.681 Y108.394
G1 F3000 X144.566 Y106.817 E714.34982
G1 X144.567 Y106.826
G1 X138.68 Y100.939 E714.62673
G0 F9000 X138.91 Y100.939
G0 X138.91 Y102.183
G0 X138.68 Y102.183
G1 F3000 X142.825 Y101.072 E714.76946
G0 F9000 X142.825 Y101.305
G0 X141.928 Y101.081
G0 X141.318 Y100.759
G0 X140.803 Y100.303
G0 X140.41 Y99.735
G0 X140.168 Y99.094
G0 X140.084 Y98.411
G0 X140.168 Y97.725
G0 X140.411 Y97.085
G0 X140.803 Y96.517
G0 X141.221 Y96.148
G0 X142.044 Y95.648
G0 X142.097 Y95.871
G1 F3000 X138.68 Y92.454 E714.93018
G0 F9000 X138.91 Y92.454
G0 X138.838 Y90.162
G0 X136.588 Y90.09
G0 X136.588 Y90.32
G1 F3000 X142.711 Y88.679 E715.14102
G0 F9000 X143.509 Y88.798
G1 F3000 X144.451 Y89.739 E715.1853
G0 F9000 X144.234 Y89.813
G0 X141.075 Y88.91
G0 X141.075 Y88.68
G1 F3000 X138.681 Y97.615 E715.49297
G0 F9000 X138.91 Y97.615
G0 X138.91 Y95.971
G0 X138.681 Y95.971
G1 F3000 X144.568 Y94.393 E715.69568
G0 F9000 X144.34 Y94.393
G0 X138.838 Y90.162
G0 X136.547 Y90.09
G0 X136.547 Y90.32
G1 F3000 X134.907 Y88.68 E715.77282
G1 X134.864 Y88.679
G1 X134.424 Y90.321 E715.82936
G0 F9000 X134.424 Y90.09
G0 X128.652 Y88.91
G0 X128.652 Y88.679
G1 F3000 X128.212 Y90.32 E715.88587
G1 X128.061 Y90.32
G1 X126.422 Y88.68 E715.96299
G0 F9000 X126.422 Y88.91
G0 X122.44 Y88.91
G0 X122.44 Y88.68
G1 F3000 X122 Y90.321 E716.01949
G0 F9000 X122 Y90.09
G0 X119.576 Y90.09
G0 X119.576 Y90.32
G1 F3000 X117.936 Y88.68 E716.09663
G0 F9000 X117.936 Y88.91
G0 X119.527 Y88.91
G0 X119.527 Y88.68
G1 F3000 X113.407 Y90.32 E716.30737
G0 F9000 X113.407 Y90.09
G0 X111.091 Y90.09
G0 X111.091 Y90.32
G1 F3000 X109.451 Y88.68 E716.38451
G0 F9000 X110.017 Y88.679
G1 F3000 X109.577 Y90.32 E716.44102
G0 F9000 X109.577 Y90.09
G0 X103.805 Y88.91
G0 X103.805 Y88.679
G1 F3000 X103.365 Y90.321 E716.49756
G0 F9000 X102.605 Y90.32
G1 F3000 X100.966 Y88.68 E716.57467
G0 F9000 X100.966 Y88.91
G0 X97.593 Y88.91
G0 X97.593 Y88.68
G1 F3000 X97.154 Y90.32 E716.63114
G0 F9000 X97.154 Y90.09
G0 X96.344 Y88.91
G0 X96.344 Y88.68
G1 F3000 X90.439 Y90.262 E716.83447
G0 F9000 X90.668 Y90.288
G0 X91.457 Y89.053
G0 X91.334 Y88.857
G1 F3000 X90.428 Y92.238 E716.95089
G0 F9000 X90.66 Y92.238
G0 X90.66 Y95.114
G0 X90.428 Y95.114
G1 F3000 X91.191 Y95.877 E716.98678
G0 F9000 X91.138 Y95.654
G0 X91.608 Y95.591
G0 X92.843 Y95.621
G0 X92.789 Y95.844
G1 F3000 X96.319 Y94.898 E717.10833
G0 F9000 X96.09 Y94.898
G0 X96.09 Y93.432
G0 X96.32 Y93.432
G1 F3000 X90.43 Y115.414 E717.86524
G0 F9000 X90.43 Y115.111
G1 F3000 X96.32 Y113.533 E718.06805
G0 F9000 X96.09 Y113.533
G0 X96.09 Y116.614
G0 X96.32 Y116.614
G1 F3000 X90.653 Y137.765 E718.79635
G1 X90.653 Y137.764
G1 X90.43 Y137.541 E718.80684
G0 F9000 X90.66 Y137.541
G0 X90.66 Y133.746
G0 X90.43 Y133.746
G1 F3000 X96.32 Y132.168 E719.00965
G0 F9000 X96.09 Y132.168
G0 X96.09 Y134.946
G0 X96.32 Y134.946
G1 F3000 X90.43 Y129.056 E719.2867
G0 F9000 X90.66 Y129.056
G0 X90.66 Y127.534
G0 X90.431 Y127.534
G1 F3000 X96.319 Y125.957 E719.48944
G0 F9000 X96.32 Y126.461
G1 F3000 X90.43 Y120.571 E719.76649
G0 F9000 X90.43 Y121.323
G1 F3000 X96.319 Y119.745 E719.96927
G0 F9000 X96.09 Y119.745
G0 X96.09 Y117.976
G0 X96.32 Y117.976
G1 F3000 X90.43 Y112.086 E720.24631
G0 F9000 X90.66 Y112.086
G0 X90.66 Y108.899
G0 X90.431 Y108.899
G1 F3000 X96.32 Y107.321 E720.44909
G0 F9000 X96.09 Y107.321
G0 X96.09 Y109.491
G0 X96.32 Y109.491
G1 F3000 X90.43 Y103.6 E720.72616
G0 F9000 X90.43 Y102.688
G1 F3000 X96.319 Y101.11 E720.92894
G1 X96.32 Y101.005
G1 X94.584 Y99.269 E721.0106
G0 F9000 X94.799 Y99.351
G0 X96.09 Y92.52
G0 X96.32 Y92.52
G1 F3000 X92.48 Y88.68 E721.19122
G0 F9000 X92.48 Y88.91
G0 X115.789 Y90.09
G0 X115.789 Y90.32
G1 F3000 X116.228 Y88.68 E721.24769
G1 F2700 E716.24769
G0 F9000 X116.228 Y88.91
G0 X96.162 Y90.162
G0 X96.09 Y138.38
G0 X96.319 Y138.38
G1 F2700 E721.24769
G1 F3000 X94.469 Y138.876 E721.31139
G0 F9000 X94.684 Y138.795
G0 X96.09 Y139.796
G0 X96.32 Y139.796
G1 F3000 X94.572 Y146.321 E721.53607
G0 F9000 X94.572 Y146.09
G0 X96.09 Y144.592
G0 X96.319 Y144.592
G1 F3000 X91.099 Y145.99 E721.7158
G0 F9000 X91.221 Y145.798
G0 X94.52 Y141.572
G0 X94.329 Y141.44
G1 F3000 X96.32 Y143.432 E721.80948
G0 F9000 X95.79 Y143.432
;MESH:NONMESH
G0 F300 Z4
G0 F9000 X94.635 Y146.091
G0 X94.653 Y146.4
;TIME_ELAPSED:1222.014629
;LAYER:19
;TYPE:WALL-INNER
;MESH:battery holder-BodyChamfer.stl
G1 F1500 X95.064 Y146.351 E721.82324
G1 X95.429 Y146.223 E721.83611
G1 X95.747 Y146.024 E721.84858
G1 X96.024 Y145.747 E721.86161
G1 X96.223 Y145.429 E721.87409
G1 X96.351 Y145.064 E721.88696
G1 X96.4 Y144.653 E721.90072
G1 X96.4 Y90.879 E723.68925
G1 X96.52 Y90.64 E723.69815
G1 X96.717 Y90.47 E723.7068
G1 X96.922 Y90.4 E723.71401
G1 X138 Y90.4 E725.08027
G1 X138.283 Y90.47 E725.08996
G1 X138.48 Y90.64 E725.09862
G1 X138.6 Y90.879 E725.10751
G1 X138.601 Y115.655 E725.93157
G1 X138.645 Y116.066 E725.94531
G1 X138.773 Y116.429 E725.95812
G1 X138.972 Y116.747 E725.97059
G1 X139.248 Y117.023 E725.98358
G1 X139.57 Y117.224 E725.9962
G1 X139.933 Y117.351 E726.00899
G1 X140.347 Y117.4 E726.02286
G1 X142.901 Y117.4 E726.1078
G1 X143.316 Y117.351 E726.1217
G1 X143.677 Y117.224 E726.13443
G1 X143.995 Y117.024 E726.14693
G1 X144.273 Y116.745 E726.16003
G1 X144.476 Y116.427 E726.17257
G1 X144.602 Y116.066 E726.18529
G1 X144.648 Y115.655 E726.19905
G1 X144.648 Y100.347 E726.70819
G1 X144.352 Y100.587 E726.72087
G1 X143.861 Y100.847 E726.73935
G1 X143.253 Y100.992 E726.76013
G1 X142.623 Y100.992 E726.78109
G1 X142.013 Y100.846 E726.80195
G1 X141.46 Y100.553 E726.82277
G1 X140.991 Y100.137 E726.84362
G1 X140.627 Y99.612 E726.86486
G1 X140.414 Y99.041 E726.88513
G1 X140.34 Y98.408 E726.90633
G1 X140.412 Y97.781 E726.92732
G1 X140.627 Y97.204 E726.9478
G1 X140.991 Y96.679 E726.96905
G1 X141.461 Y96.261 E726.98997
G1 X142.015 Y95.974 E727.01072
G1 X142.62 Y95.824 E727.03145
G1 X143.256 Y95.824 E727.05261
G1 X143.861 Y95.974 E727.07334
G1 X144.349 Y96.227 E727.09162
G1 X144.648 Y96.469 E727.10442
G1 X144.648 Y90.345 E727.3081
G1 X144.603 Y89.93 E727.32198
G1 X144.476 Y89.572 E727.33462
G1 X144.272 Y89.25 E727.3473
G1 X143.995 Y88.972 E727.36035
G1 X143.677 Y88.772 E727.37284
G1 X143.318 Y88.645 E727.38551
G1 X142.903 Y88.6 E727.39939
G1 X92.093 Y88.6 E729.08934
G1 X91.682 Y88.645 E729.10309
G1 X91.319 Y88.773 E729.1159
G1 X91.001 Y88.972 E729.12837
G1 X90.724 Y89.25 E729.14142
G1 X90.521 Y89.57 E729.15403
G1 X90.397 Y89.93 E729.16669
G1 X90.348 Y90.347 E729.18066
G1 X90.349 Y96.468 E729.38424
G1 X90.647 Y96.227 E729.39699
G1 X91.135 Y95.974 E729.41527
G1 X91.74 Y95.824 E729.436
G1 X92.376 Y95.824 E729.45716
G1 X92.981 Y95.974 E729.47789
G1 X93.535 Y96.261 E729.49864
G1 X94.002 Y96.677 E729.51944
G1 X94.366 Y97.2 E729.54064
G1 X94.589 Y97.784 E729.56143
G1 X94.656 Y98.408 E729.5823
G1 X94.588 Y99.036 E729.60331
G1 X94.366 Y99.617 E729.624
G1 X94.002 Y100.139 E729.64516
G1 X93.537 Y100.553 E729.66587
G1 X92.982 Y100.846 E729.68675
G1 X92.373 Y100.992 E729.70757
G1 X91.743 Y100.992 E729.72853
G1 X91.133 Y100.846 E729.74939
G1 X90.644 Y100.587 E729.7678
G1 X90.349 Y100.348 E729.78042
G1 X90.349 Y138.1 E731.03606
G1 X90.644 Y137.861 E731.04869
G1 X91.132 Y137.603 E731.06705
G1 X91.739 Y137.452 E731.08785
G1 X92.376 Y137.452 E731.10904
G1 X92.984 Y137.603 E731.12987
G1 X93.537 Y137.895 E731.15067
G1 X94.002 Y138.309 E731.17138
G1 X94.366 Y138.832 E731.19257
G1 X94.589 Y139.416 E731.21337
G1 X94.656 Y140.04 E731.23424
G1 X94.587 Y140.666 E731.25519
G1 X94.368 Y141.247 E731.27584
G1 X94.004 Y141.766 E731.29692
G1 X93.536 Y142.186 E731.31784
G1 X92.98 Y142.475 E731.33868
G1 X92.367 Y142.624 E731.35966
G1 X91.74 Y142.624 E731.38052
G1 X91.135 Y142.474 E731.40125
G1 X90.647 Y142.221 E731.41953
G1 X90.348 Y141.977 E731.43237
G1 X90.348 Y144.653 E731.52137
G1 X90.397 Y145.066 E731.5352
G1 X90.521 Y145.429 E731.54796
G1 X90.723 Y145.745 E731.56044
G1 X91.001 Y146.024 E731.57353
G1 X91.319 Y146.223 E731.58601
G1 X91.684 Y146.351 E731.59888
G1 X92.095 Y146.4 E731.61264
G1 X94.653 Y146.4 E731.69772
G0 F9000 X94.676 Y146.8
;TYPE:WALL-OUTER
G1 F1500 X95.154 Y146.743 E731.71373
G1 X95.604 Y146.586 E731.72959
G1 X95.998 Y146.338 E731.74507
G1 X96.338 Y145.998 E731.76106
G1 X96.586 Y145.604 E731.77655
G1 X96.743 Y145.154 E731.7924
G1 X96.8 Y144.676 E731.80841
G1 X96.8 Y90.959 E733.59504
G1 X96.84 Y90.88 E733.59799
G1 X96.965 Y90.803 E733.60287
G1 X138.077 Y90.8 E734.97026
G1 X138.2 Y90.959 E734.97695
G1 X138.201 Y115.677 E735.79907
G1 X138.253 Y116.155 E735.81507
G1 X138.41 Y116.604 E735.83089
G1 X138.658 Y116.998 E735.84637
G1 X138.998 Y117.338 E735.86236
G1 X139.396 Y117.586 E735.87796
G1 X139.842 Y117.743 E735.89369
G1 X140.324 Y117.8 E735.90983
G1 X142.924 Y117.8 E735.99631
G1 X143.406 Y117.743 E736.01245
G1 X143.852 Y117.586 E736.02817
G1 X144.246 Y117.338 E736.04366
G1 X144.587 Y116.997 E736.0597
G1 X144.838 Y116.603 E736.07524
G1 X144.995 Y116.155 E736.09103
G1 X145.048 Y115.677 E736.10702
G1 X145.048 Y99.431 E736.64737
G1 F1530.6 X145.062 Y98.948 E736.66312
G1 X144.9 Y99.404 E736.67889
G1 F1500 X144.566 Y99.886 E736.69839
G1 X144.166 Y100.233 E736.71601
G1 X143.695 Y100.475 E736.73362
G1 X143.227 Y100.587 E736.74962
G1 X142.649 Y100.587 E736.76885
G1 X142.134 Y100.457 E736.78651
G1 X141.671 Y100.206 E736.80403
G1 X141.279 Y99.85 E736.82164
G1 X140.976 Y99.402 E736.83963
G1 X140.801 Y98.917 E736.85678
G1 X140.74 Y98.408 E736.87383
G1 X140.801 Y97.899 E736.89088
G1 X140.976 Y97.414 E736.90803
G1 X141.311 Y96.93 E736.92761
G1 X141.711 Y96.582 E736.94524
G1 X142.179 Y96.345 E736.96269
G1 X142.647 Y96.229 E736.97873
G1 X143.229 Y96.229 E736.99808
G1 X143.697 Y96.345 E737.01412
G1 X144.165 Y96.582 E737.03157
G1 X144.566 Y96.93 E737.04923
G1 X144.9 Y97.412 E737.06873
G1 F1530.6 X145.062 Y97.867 E737.08448
G1 X145.048 Y97.385 E737.10019
G1 F1500 X145.048 Y90.323 E737.33508
G1 X144.995 Y89.841 E737.3512
G1 X144.838 Y89.396 E737.3669
G1 X144.586 Y88.998 E737.38257
G1 X144.246 Y88.658 E737.39856
G1 X143.852 Y88.41 E737.41404
G1 X143.407 Y88.253 E737.42974
G1 X142.925 Y88.2 E737.44587
G1 X92.071 Y88.2 E739.13728
G1 X91.593 Y88.253 E739.15327
G1 X91.144 Y88.41 E739.16909
G1 X90.75 Y88.658 E739.18458
G1 X90.41 Y88.998 E739.20057
G1 X90.158 Y89.396 E739.21624
G1 X90.005 Y89.841 E739.23189
G1 X89.948 Y90.324 E739.24807
G1 X89.948 Y97.387 E739.48298
G1 F1554.4 X89.935 Y97.901 E739.49949
G1 X90.096 Y97.413 E739.51598
G1 F1500 X90.43 Y96.93 E739.53551
G1 X90.831 Y96.582 E739.55317
G1 X91.299 Y96.345 E739.57062
G1 X91.767 Y96.229 E739.58665
G1 X92.349 Y96.229 E739.60601
G1 X92.817 Y96.345 E739.62205
G1 X93.285 Y96.582 E739.6395
G1 X93.717 Y96.966 E739.65872
G1 X94.019 Y97.412 E739.67663
G1 X94.199 Y97.901 E739.69397
G1 X94.256 Y98.408 E739.71094
G1 X94.198 Y98.927 E739.7283
G1 X93.997 Y99.446 E739.74682
G1 X93.685 Y99.886 E739.76476
G1 X93.286 Y100.233 E739.78234
G1 X92.815 Y100.475 E739.79996
G1 X92.347 Y100.587 E739.81596
G1 X91.769 Y100.587 E739.83519
G1 X91.254 Y100.457 E739.85285
G1 X90.791 Y100.206 E739.87037
G1 X90.43 Y99.886 E739.88641
G1 X90.096 Y99.403 E739.90595
G1 F1554.4 X89.935 Y98.915 E739.92244
G1 X89.948 Y99.429 E739.93894
G1 F1500 X89.948 Y139.019 E741.25571
G1 F1554.4 X89.935 Y139.533 E741.27221
G1 X90.096 Y139.045 E741.28871
G1 F1500 X90.43 Y138.562 E741.30824
G1 X90.83 Y138.215 E741.32585
G1 X91.299 Y137.973 E741.3434
G1 X91.767 Y137.857 E741.35944
G1 X92.349 Y137.857 E741.3788
G1 X92.817 Y137.973 E741.39483
G1 X93.325 Y138.242 E741.41395
G1 X93.717 Y138.598 E741.43156
G1 X94.019 Y139.044 E741.44948
G1 X94.199 Y139.533 E741.46681
G1 X94.256 Y140.04 E741.48378
G1 X94.198 Y140.555 E741.50102
G1 X94.02 Y141.035 E741.51804
G1 X93.686 Y141.513 E741.53744
G1 X93.285 Y141.866 E741.55521
G1 X92.817 Y142.103 E741.57266
G1 X92.349 Y142.219 E741.58869
G1 X91.767 Y142.219 E741.60805
G1 X91.299 Y142.103 E741.62409
G1 X90.831 Y141.866 E741.64153
G1 X90.4 Y141.479 E741.6608
G1 X90.096 Y141.034 E741.67873
G1 F1554.4 X89.935 Y140.543 E741.69531
G1 X89.949 Y141.06 E741.71191
G1 F1500 X89.948 Y144.676 E741.83218
G1 X90.005 Y145.155 E741.84822
G1 X90.158 Y145.604 E741.864
G1 X90.409 Y145.997 E741.87951
G1 X90.75 Y146.338 E741.89555
G1 X91.144 Y146.586 E741.91103
G1 X91.594 Y146.743 E741.92689
G1 X92.072 Y146.8 E741.9429
G1 X94.676 Y146.8 E742.02951
G1 F2700 E737.02951
G0 F9000 X94.635 Y146.091
G0 X90.224 Y141.665
G0 X89.935 Y140.543
G1 F2700 E742.02951
G1 F1754.4 X89.904 Y140.04 E742.04384
G1 X89.935 Y139.533 E742.05828
G1 F2700 E737.05828
G0 F9000 X89.085 Y139.533
G0 X89.085 Y98.915
G0 X89.935 Y98.915
G1 F2700 E742.05828
G1 F1754.4 X89.904 Y98.408 E742.07273
G1 X89.935 Y97.901 E742.08717
G1 F2700 E737.08717
G0 F9000 X145.063 Y97.901
G1 F2700 E742.08717
G1 F1769.9 X145.094 Y98.408 E742.10149
G1 X145.063 Y98.924 E742.11606
G1 F2700 E737.11606
G0 F9000 X144.835 Y99.893
G0 X144.34 Y100.865
G0 X144.565 Y100.752
;TYPE:FILL
G1 F2700 E742.11606
G1 F3000 X138.681 Y102.328 E742.31866
G0 F9000 X138.91 Y102.328
G0 X138.91 Y100.739
G0 X138.68 Y100.739
G1 F3000 X144.567 Y106.627 E742.59559
G0 F9000 X144.566 Y106.963
G1 F3000 X138.681 Y108.54 E742.79823
G0 F9000 X138.68 Y109.225
G1 F3000 X144.568 Y115.113 E743.07519
G0 F9000 X144.34 Y115.113
G0 X144.34 Y113.175
G0 X144.567 Y113.175
G1 F3000 X138.681 Y114.752 E743.27786
G0 F9000 X138.91 Y114.752
G0 X139.647 Y116.909
G0 X139.525 Y117.101
G1 F3000 X143.859 Y100.927 E743.83479
G0 F9000 X143.913 Y101.153
G0 X143.282 Y101.244
G0 X142.598 Y101.244
G0 X141.928 Y101.081
G0 X141.318 Y100.759
G0 X140.803 Y100.303
G0 X140.41 Y99.735
G0 X140.168 Y99.094
G0 X140.084 Y98.411
G0 X140.168 Y97.725
G0 X140.411 Y97.085
G0 X140.803 Y96.517
G0 X141.221 Y96.148
G0 X142.203 Y95.609
G0 X142.256 Y95.831
G1 F3000 X138.68 Y92.254 E744.00302
G0 F9000 X138.91 Y92.254
G0 X138.838 Y90.162
G0 X137.132 Y90.09
G0 X137.132 Y90.32
G1 F3000 X143.151 Y88.707 E744.21027
G0 F9000 X143.125 Y88.936
G0 X140.929 Y88.91
G0 X140.929 Y88.679
G1 F3000 X138.681 Y97.071 E744.49923
G0 F9000 X138.68 Y96.117
G1 F3000 X144.568 Y94.539 E744.70198
G0 F9000 X144.34 Y94.539
G0 X138.838 Y90.162
G0 X136.746 Y90.09
G0 X136.746 Y90.32
G1 F3000 X135.106 Y88.68 E744.77912
G0 F9000 X134.718 Y88.679
G1 F3000 X134.278 Y90.32 E744.83563
G0 F9000 X134.278 Y90.09
G0 X128.506 Y88.91
G0 X128.506 Y88.679
G1 F3000 X128.066 Y90.321 E744.89217
G1 X128.261 Y90.32
G1 X126.621 Y88.68 E744.96931
G0 F9000 X126.621 Y88.91
G0 X122.294 Y88.91
G0 X122.294 Y88.68
G1 F3000 X121.854 Y90.321 E745.02582
G0 F9000 X121.854 Y90.09
G0 X119.775 Y90.09
G0 X119.775 Y90.32
G1 F3000 X118.136 Y88.68 E745.10293
G0 F9000 X118.136 Y88.91
G0 X120.072 Y88.91
G0 X120.072 Y88.68
G1 F3000 X113.951 Y90.32 E745.3137
G0 F9000 X113.951 Y90.09
G0 X115.643 Y90.09
G0 X115.643 Y90.32
G1 F3000 X116.083 Y88.679 E745.37021
G0 F9000 X116.083 Y88.91
G0 X111.29 Y90.09
G0 X111.29 Y90.32
G1 F3000 X109.65 Y88.68 E745.44735
G0 F9000 X109.871 Y88.679
G1 F3000 X109.431 Y90.32 E745.50385
G0 F9000 X109.431 Y90.09
G0 X103.659 Y88.91
G0 X103.659 Y88.68
G1 F3000 X103.22 Y90.32 E745.56032
G0 F9000 X102.805 Y90.32
G1 F3000 X101.165 Y88.68 E745.63746
G0 F9000 X101.165 Y88.91
G0 X97.447 Y88.91
G0 X97.447 Y88.68
G1 F3000 X97.008 Y90.32 E745.69393
G0 F9000 X97.008 Y90.09
G0 X96.888 Y88.91
G0 X96.888 Y88.68
G1 F3000 X90.428 Y90.411 E745.91637
G0 F9000 X90.66 Y90.411
G0 X90.66 Y91.693
G0 X90.428 Y91.693
G1 F3000 X91.159 Y88.968 E746.01021
G0 F9000 X91.282 Y89.164
G0 X92.68 Y88.91
G0 X92.68 Y88.68
G1 F3000 X96.32 Y92.321 E746.18145
G0 F9000 X96.32 Y92.888
G1 F3000 X90.43 Y114.869 E746.93833
G0 F9000 X90.43 Y115.257
G1 F3000 X96.319 Y113.679 E747.14111
G0 F9000 X96.09 Y113.679
G0 X96.09 Y116.069
G0 X96.32 Y116.069
G1 F3000 X90.483 Y137.855 E747.89127
G0 F9000 X90.783 Y137.696
G1 F3000 X90.43 Y137.342 E747.9079
G0 F9000 X90.66 Y137.342
G0 X90.66 Y133.892
G0 X90.43 Y133.892
G1 F3000 X96.319 Y132.314 E748.11068
G0 F9000 X96.09 Y132.314
G0 X96.09 Y134.747
G0 X96.32 Y134.747
G1 F3000 X90.43 Y128.857 E748.38772
G0 F9000 X90.66 Y128.857
G0 X90.66 Y127.68
G0 X90.43 Y127.68
G1 F3000 X96.32 Y126.102 E748.59053
G1 X96.32 Y126.262
G1 X90.43 Y120.371 E748.86761
G0 F9000 X90.66 Y120.371
G0 X90.66 Y121.469
G0 X90.43 Y121.469
G1 F3000 X96.319 Y119.891 E749.07038
G0 F9000 X96.09 Y119.891
G0 X96.09 Y117.776
G0 X96.32 Y117.776
G1 F3000 X90.43 Y111.886 E749.34743
G0 F9000 X90.66 Y111.886
G0 X90.66 Y109.046
G0 X90.43 Y109.046
G1 F3000 X96.32 Y107.468 E749.55024
G0 F9000 X96.09 Y107.468
G0 X96.09 Y109.291
G0 X96.32 Y109.291
G1 F3000 X90.43 Y103.401 E749.82729
G0 F9000 X90.43 Y102.834
G1 F3000 X96.32 Y101.256 E750.0301
G0 F9000 X96.32 Y100.806
G1 F3000 X94.639 Y99.125 E750.10917
G0 F9000 X94.854 Y99.207
G0 X94.916 Y98.409
G0 X94.832 Y97.725
G0 X94.588 Y97.083
G0 X94.196 Y96.516
G0 X93.904 Y96.258
G0 X93.158 Y95.717
G0 X93.051 Y95.92
G1 F3000 X96.319 Y95.044 E750.2217
G0 F9000 X96.09 Y95.044
G0 X91.298 Y95.615
G0 X91.351 Y95.837
G1 F3000 X90.428 Y94.914 E750.26512
G1 F2700 E745.26512
G0 F9000 X90.66 Y94.914
G0 X93.072 Y95.739
G0 X93.682 Y96.061
G0 X94.196 Y96.516
G0 X94.588 Y97.083
G0 X94.832 Y97.725
G0 X94.88 Y98.113
G0 X96.09 Y138.526
G0 X96.319 Y138.526
G1 F2700 E750.26512
G1 F3000 X94.52 Y139.008 E750.32706
G0 F9000 X94.734 Y138.927
G0 X96.09 Y139.251
G0 X96.32 Y139.251
G1 F3000 X94.426 Y146.321 E750.5705
G0 F9000 X94.426 Y146.09
G0 X96.082 Y144.715
G0 X96.308 Y144.741
G1 F3000 X91.261 Y146.093 E750.74429
G0 F9000 X91.383 Y145.9
G0 X94.601 Y141.455
G0 X94.411 Y141.324
G1 F3000 X96.32 Y143.232 E750.83406
G0 F9000 X95.79 Y143.232
;MESH:NONMESH
G0 F300 Z4.2
G0 F9000 X94.635 Y146.091
G0 X94.653 Y146.4
;TIME_ELAPSED:1266.105031
;LAYER:20
;TYPE:WALL-INNER
;MESH:battery holder-BodyChamfer.stl
G1 F1500 X95.064 Y146.351 E750.84782
G1 X95.429 Y146.223 E750.86069
G1 X95.747 Y146.024 E750.87316
G1 X96.024 Y145.747 E750.88619
G1 X96.223 Y145.429 E750.89867
G1 X96.351 Y145.064 E750.91154
G1 X96.4 Y144.653 E750.9253
G1 X96.4 Y90.879 E752.71383
G1 X96.52 Y90.64 E752.72273
G1 X96.717 Y90.47 E752.73138
G1 X96.922 Y90.4 E752.73859
G1 X138 Y90.4 E754.10485
G1 X138.283 Y90.47 E754.11454
G1 X138.48 Y90.64 E754.1232
G1 X138.6 Y90.879 E754.13209
G1 X138.601 Y115.655 E754.95615
G1 X138.645 Y116.066 E754.96989
G1 X138.773 Y116.429 E754.9827
G1 X138.972 Y116.747 E754.99517
G1 X139.248 Y117.023 E755.00815
G1 X139.57 Y117.224 E755.02078
G1 X139.933 Y117.351 E755.03357
G1 X140.347 Y117.4 E755.04744
G1 X142.901 Y117.4 E755.13238
G1 X143.316 Y117.351 E755.14628
G1 X143.677 Y117.224 E755.15901
G1 X143.995 Y117.024 E755.1715
G1 X144.273 Y116.745 E755.1846
G1 X144.476 Y116.427 E755.19715
G1 X144.602 Y116.066 E755.20987
G1 X144.648 Y115.655 E755.22363
G1 X144.648 Y100.347 E755.73277
G1 X144.352 Y100.587 E755.74545
G1 X143.861 Y100.847 E755.76392
G1 X143.253 Y100.992 E755.78471
G1 X142.623 Y100.992 E755.80567
G1 X142.013 Y100.846 E755.82653
G1 X141.46 Y100.553 E755.84734
G1 X140.991 Y100.137 E755.8682
G1 X140.627 Y99.612 E755.88944
G1 X140.414 Y99.041 E755.90971
G1 X140.34 Y98.408 E755.93091
G1 X140.412 Y97.781 E755.9519
G1 X140.627 Y97.204 E755.97238
G1 X140.991 Y96.679 E755.99363
G1 X141.461 Y96.261 E756.01455
G1 X142.015 Y95.974 E756.0353
G1 X142.62 Y95.824 E756.05603
G1 X143.256 Y95.824 E756.07719
G1 X143.861 Y95.974 E756.09792
G1 X144.349 Y96.227 E756.1162
G1 X144.648 Y96.469 E756.129
G1 X144.648 Y90.345 E756.33268
G1 X144.603 Y89.93 E756.34656
G1 X144.476 Y89.572 E756.3592
G1 X144.272 Y89.25 E756.37188
G1 X143.995 Y88.972 E756.38493
G1 X143.677 Y88.772 E756.39742
G1 X143.318 Y88.645 E756.41009
G1 X142.903 Y88.6 E756.42397
G1 X92.093 Y88.6 E758.11392
G1 X91.682 Y88.645 E758.12767
G1 X91.319 Y88.773 E758.14047
G1 X91.001 Y88.972 E758.15295
G1 X90.724 Y89.25 E758.166
G1 X90.521 Y89.57 E758.17861
G1 X90.397 Y89.93 E758.19127
G1 X90.348 Y90.347 E758.20524
G1 X90.349 Y96.468 E758.40882
G1 X90.647 Y96.227 E758.42157
G1 X91.135 Y95.974 E758.43985
G1 X91.74 Y95.824 E758.46058
G1 X92.376 Y95.824 E758.48174
G1 X92.981 Y95.974 E758.50247
G1 X93.535 Y96.261 E758.52322
G1 X94.002 Y96.677 E758.54402
G1 X94.366 Y97.2 E758.56522
G1 X94.589 Y97.784 E758.58601
G1 X94.656 Y98.408 E758.60688
G1 X94.588 Y99.036 E758.62789
G1 X94.366 Y99.617 E758.64858
G1 X94.002 Y100.139 E758.66974
G1 X93.537 Y100.553 E758.69045
G1 X92.982 Y100.846 E758.71133
G1 X92.373 Y100.992 E758.73215
G1 X91.743 Y100.992 E758.75311
G1 X91.133 Y100.846 E758.77397
G1 X90.644 Y100.587 E758.79237
G1 X90.349 Y100.348 E758.805
G1 X90.349 Y138.1 E760.06064
G1 X90.644 Y137.861 E760.07327
G1 X91.132 Y137.603 E760.09163
G1 X91.739 Y137.452 E760.11243
G1 X92.376 Y137.452 E760.13362
G1 X92.984 Y137.603 E760.15445
G1 X93.537 Y137.895 E760.17525
G1 X94.002 Y138.309 E760.19596
G1 X94.366 Y138.832 E760.21715
G1 X94.589 Y139.416 E760.23795
G1 X94.656 Y140.04 E760.25882
G1 X94.587 Y140.666 E760.27977
G1 X94.368 Y141.247 E760.30042
G1 X94.004 Y141.766 E760.3215
G1 X93.536 Y142.186 E760.34242
G1 X92.98 Y142.475 E760.36326
G1 X92.367 Y142.624 E760.38424
G1 X91.74 Y142.624 E760.4051
G1 X91.135 Y142.474 E760.42583
G1 X90.647 Y142.221 E760.44411
G1 X90.348 Y141.977 E760.45695
G1 X90.348 Y144.653 E760.54595
G1 X90.397 Y145.066 E760.55978
G1 X90.521 Y145.429 E760.57254
G1 X90.723 Y145.745 E760.58501
G1 X91.001 Y146.024 E760.59811
G1 X91.319 Y146.223 E760.61059
G1 X91.684 Y146.351 E760.62346
G1 X92.095 Y146.4 E760.63722
G1 X94.653 Y146.4 E760.7223
G0 F9000 X94.676 Y146.8
;TYPE:WALL-OUTER
G1 F1500 X95.154 Y146.743 E760.73831
G1 X95.604 Y146.586 E760.75417
G1 X95.998 Y146.338 E760.76965
G1 X96.338 Y145.998 E760.78564
G1 X96.586 Y145.604 E760.80113
G1 X96.743 Y145.154 E760.81698
G1 X96.8 Y144.676 E760.83299
G1 X96.8 Y90.959 E762.61962
G1 X96.84 Y90.88 E762.62257
G1 X96.965 Y90.803 E762.62745
G1 X138.077 Y90.8 E763.99484
G1 X138.2 Y90.959 E764.00153
G1 X138.201 Y115.677 E764.82365
G1 X138.253 Y116.155 E764.83965
G1 X138.41 Y116.604 E764.85547
G1 X138.658 Y116.998 E764.87095
G1 X138.998 Y117.338 E764.88694
G1 X139.396 Y117.586 E764.90254
G1 X139.842 Y117.743 E764.91827
G1 X140.324 Y117.8 E764.93441
G1 X142.924 Y117.8 E765.02089
G1 X143.406 Y117.743 E765.03703
G1 X143.852 Y117.586 E765.05275
G1 X144.246 Y117.338 E765.06824
G1 X144.587 Y116.997 E765.08428
G1 X144.838 Y116.603 E765.09982
G1 X144.995 Y116.155 E765.11561
G1 X145.048 Y115.677 E765.1316
G1 X145.048 Y99.431 E765.67195
G1 F1530.6 X145.062 Y98.948 E765.6877
G1 X144.9 Y99.404 E765.70347
G1 F1500 X144.566 Y99.886 E765.72297
G1 X144.166 Y100.233 E765.74059
G1 X143.695 Y100.475 E765.7582
G1 X143.227 Y100.587 E765.7742
G1 X142.649 Y100.587 E765.79343
G1 X142.134 Y100.457 E765.81109
G1 X141.671 Y100.206 E765.82861
G1 X141.279 Y99.85 E765.84622
G1 X140.976 Y99.402 E765.86421
G1 X140.801 Y98.917 E765.88136
G1 X140.74 Y98.408 E765.89841
G1 X140.801 Y97.899 E765.91546
G1 X140.976 Y97.414 E765.93261
G1 X141.311 Y96.93 E765.95219
G1 X141.711 Y96.582 E765.96982
G1 X142.179 Y96.345 E765.98727
G1 X142.647 Y96.229 E766.00331
G1 X143.229 Y96.229 E766.02266
G1 X143.697 Y96.345 E766.0387
G1 X144.165 Y96.582 E766.05615
G1 X144.566 Y96.93 E766.07381
G1 X144.9 Y97.412 E766.09331
G1 F1530.6 X145.062 Y97.867 E766.10906
G1 X145.048 Y97.385 E766.12477
G1 F1500 X145.048 Y90.323 E766.35966
G1 X144.995 Y89.841 E766.37578
G1 X144.838 Y89.396 E766.39148
G1 X144.586 Y88.998 E766.40715
G1 X144.246 Y88.658 E766.42314
G1 X143.852 Y88.41 E766.43862
G1 X143.407 Y88.253 E766.45432
G1 X142.925 Y88.2 E766.47045
G1 X92.071 Y88.2 E768.16186
G1 X91.593 Y88.253 E768.17785
G1 X91.144 Y88.41 E768.19367
G1 X90.75 Y88.658 E768.20916
G1 X90.41 Y88.998 E768.22515
G1 X90.158 Y89.396 E768.24082
G1 X90.005 Y89.841 E768.25647
G1 X89.948 Y90.324 E768.27265
G1 X89.948 Y97.387 E768.50756
G1 F1554.4 X89.935 Y97.901 E768.52406
G1 X90.096 Y97.413 E768.54056
G1 F1500 X90.43 Y96.93 E768.56009
G1 X90.831 Y96.582 E768.57775
G1 X91.299 Y96.345 E768.5952
G1 X91.767 Y96.229 E768.61123
G1 X92.349 Y96.229 E768.63059
G1 X92.817 Y96.345 E768.64663
G1 X93.285 Y96.582 E768.66408
G1 X93.717 Y96.966 E768.6833
G1 X94.019 Y97.412 E768.70121
G1 X94.199 Y97.901 E768.71855
G1 X94.256 Y98.408 E768.73551
G1 X94.198 Y98.927 E768.75288
G1 X93.997 Y99.446 E768.7714
G1 X93.685 Y99.886 E768.78934
G1 X93.286 Y100.233 E768.80692
G1 X92.815 Y100.475 E768.82454
G1 X92.347 Y100.587 E768.84054
G1 X91.769 Y100.587 E768.85977
G1 X91.254 Y100.457 E768.87743
G1 X90.791 Y100.206 E768.89495
G1 X90.43 Y99.886 E768.91099
G1 X90.096 Y99.403 E768.93052
G1 F1554.4 X89.935 Y98.915 E768.94702
G1 X89.948 Y99.429 E768.96352
G1 F1500 X89.948 Y139.019 E770.28029
G1 F1554.4 X89.935 Y139.533 E770.29679
G1 X90.096 Y139.045 E770.31329
G1 F1500 X90.43 Y138.562 E770.33282
G1 X90.83 Y138.215 E770.35043
G1 X91.299 Y137.973 E770.36798
G1 X91.767 Y137.857 E770.38402
G1 X92.349 Y137.857 E770.40338
G1 X92.817 Y137.973 E770.41941
G1 X93.325 Y138.242 E770.43853
G1 X93.717 Y138.598 E770.45614
G1 X94.019 Y139.044 E770.47406
G1 X94.199 Y139.533 E770.49139
G1 X94.256 Y140.04 E770.50836
G1 X94.198 Y140.555 E770.5256
G1 X94.02 Y141.035 E770.54262
G1 X93.686 Y141.513 E770.56202
G1 X93.285 Y141.866 E770.57979
G1 X92.817 Y142.103 E770.59724
G1 X92.349 Y142.219 E770.61327
G1 X91.767 Y142.219 E770.63263
G1 X91.299 Y142.103 E770.64867
G1 X90.831 Y141.866 E770.66611
G1 X90.4 Y141.479 E770.68538
G1 X90.096 Y141.034 E770.70331
G1 F1554.4 X89.935 Y140.543 E770.71989
G1 X89.949 Y141.06 E770.73649
G1 F1500 X89.948 Y144.676 E770.85676
G1 X90.005 Y145.155 E770.8728
G1 X90.158 Y145.604 E770.88858
G1 X90.409 Y145.997 E770.90409
G1 X90.75 Y146.338 E770.92013
G1 X91.144 Y146.586 E770.93561
G1 X91.594 Y146.743 E770.95146
G1 X92.072 Y146.8 E770.96748
G1 X94.676 Y146.8 E771.05409
G1 F2700 E766.05409
G0 F9000 X94.635 Y146.091
G0 X90.224 Y141.665
G0 X89.935 Y140.543
G1 F2700 E771.05409
G1 F1754.4 X89.904 Y140.04 E771.06842
G1 X89.935 Y139.533 E771.08286
G1 F2700 E766.08286
G0 F9000 X89.085 Y139.533
G0 X89.085 Y98.915
G0 X89.935 Y98.915
G1 F2700 E771.08286
G1 F1754.4 X89.904 Y98.408 E771.09731
G1 X89.935 Y97.901 E771.11175
G1 F2700 E766.11175
G0 F9000 X145.063 Y97.901
G1 F2700 E771.11175
G1 F1769.9 X145.094 Y98.408 E771.12607
G1 X145.063 Y98.924 E771.14064
G1 F2700 E766.14064
G0 F9000 X144.835 Y99.893
G0 X144.359 Y100.935
G0 X144.565 Y100.898
;TYPE:FILL
G1 F2700 E771.14064
G1 F3000 X138.681 Y102.475 E771.34325
G0 F9000 X138.91 Y102.475
G0 X138.91 Y100.54
G0 X138.68 Y100.54
G1 F3000 X144.567 Y106.427 E771.62016
G0 F9000 X144.566 Y107.109
G1 F3000 X138.681 Y108.686 E771.8228
G0 F9000 X138.68 Y109.025
G1 F3000 X144.568 Y114.913 E772.09975
G0 F9000 X144.34 Y114.913
G0 X144.34 Y113.321
G0 X144.567 Y113.321
G1 F3000 X138.681 Y114.898 E772.30242
G0 F9000 X138.91 Y114.898
G0 X139.522 Y116.83
G0 X139.4 Y117.023
G1 F3000 X143.703 Y100.965 E772.85536
G0 F9000 X143.757 Y101.191
G0 X142.598 Y101.244
G0 X141.928 Y101.081
G0 X141.318 Y100.759
G0 X140.803 Y100.303
G0 X140.41 Y99.735
G0 X140.168 Y99.094
G0 X140.084 Y98.411
G0 X140.168 Y97.725
G0 X140.411 Y97.085
G0 X140.803 Y96.517
G0 X141.318 Y96.061
G0 X142.363 Y95.57
G0 X142.416 Y95.791
G1 F3000 X138.68 Y92.055 E773.03109
G0 F9000 X138.91 Y92.055
G0 X138.838 Y90.162
G0 X137.678 Y90.09
G0 X137.678 Y90.32
G1 F3000 X143.445 Y88.775 E773.22966
G0 F9000 X143.369 Y88.992
G0 X140.783 Y88.91
G0 X140.783 Y88.679
G1 F3000 X138.681 Y96.526 E773.49986
G0 F9000 X138.68 Y96.263
G1 F3000 X144.567 Y94.686 E773.70256
G0 F9000 X144.34 Y94.686
G0 X138.838 Y90.162
G0 X136.945 Y90.09
G0 X136.945 Y90.32
G1 F3000 X135.306 Y88.68 E773.77968
G0 F9000 X134.572 Y88.679
G1 F3000 X134.132 Y90.32 E773.83619
G0 F9000 X134.132 Y90.09
G0 X128.46 Y90.09
G0 X128.46 Y90.32
G1 F3000 X126.82 Y88.68 E773.91333
G0 F9000 X126.82 Y88.91
G0 X128.36 Y88.91
G0 X128.36 Y88.68
G1 F3000 X127.92 Y90.321 E773.96984
G0 F9000 X127.92 Y90.09
G0 X122.148 Y88.91
G0 X122.148 Y88.679
G1 F3000 X121.709 Y90.32 E774.02634
G0 F9000 X121.709 Y90.09
G0 X119.975 Y90.09
G0 X119.975 Y90.32
G1 F3000 X118.335 Y88.68 E774.10348
G0 F9000 X118.335 Y88.91
G0 X120.617 Y88.91
G0 X120.617 Y88.68
G1 F3000 X114.496 Y90.32 E774.31424
G0 F9000 X114.496 Y90.09
G0 X115.497 Y90.09
G0 X115.497 Y90.32
G1 F3000 X115.937 Y88.679 E774.37075
G0 F9000 X115.937 Y88.91
G0 X111.49 Y90.09
G0 X111.49 Y90.32
G1 F3000 X109.85 Y88.68 E774.44789
G1 X109.725 Y88.68
G1 X109.285 Y90.321 E774.5044
G0 F9000 X109.285 Y90.09
G0 X103.513 Y88.91
G0 X103.513 Y88.68
G1 F3000 X103.074 Y90.32 E774.56087
G1 X103.004 Y90.32
G1 X101.364 Y88.68 E774.63801
G0 F9000 X101.364 Y88.91
G0 X97.434 Y88.91
G0 X97.434 Y88.68
G1 F3000 X90.428 Y90.557 E774.87925
G0 F9000 X90.428 Y91.148
G1 F3000 X90.973 Y89.114 E774.94928
G0 F9000 X91.135 Y89.277
G0 X92.879 Y88.91
G0 X92.879 Y88.68
G1 F3000 X96.32 Y92.121 E775.11114
G0 F9000 X96.32 Y92.343
G1 F3000 X94.725 Y98.297 E775.31615
G0 F9000 X94.676 Y98.962
G1 F3000 X96.32 Y100.606 E775.39348
G0 F9000 X96.32 Y101.402
G1 F3000 X90.43 Y102.98 E775.59629
G0 F9000 X90.43 Y103.202
G1 F3000 X96.32 Y109.092 E775.87334
G0 F9000 X96.09 Y109.092
G0 X96.09 Y107.614
G0 X96.319 Y107.614
G1 F3000 X90.43 Y109.192 E776.07612
G0 F9000 X90.66 Y109.192
G0 X90.66 Y111.687
G0 X90.43 Y111.687
G1 F3000 X96.32 Y117.577 E776.35316
G0 F9000 X96.09 Y117.577
G0 X96.09 Y115.525
G0 X96.32 Y115.525
G1 F3000 X90.43 Y137.506 E777.11005
G0 F9000 X90.43 Y137.143
G1 F3000 X90.914 Y137.627 E777.13281
G0 F9000 X90.81 Y137.426
G0 X90.66 Y134.038
G0 X90.43 Y134.038
G1 F3000 X96.319 Y132.46 E777.33559
G0 F9000 X96.09 Y132.46
G0 X96.09 Y134.548
G0 X96.32 Y134.548
G1 F3000 X90.43 Y128.657 E777.61266
G0 F9000 X90.43 Y127.827
G1 F3000 X96.32 Y126.248 E777.81548
G1 X96.32 Y126.062
G1 X90.43 Y120.172 E778.09253
G0 F9000 X90.66 Y120.172
G0 X90.66 Y121.615
G0 X90.431 Y121.615
G1 F3000 X96.32 Y120.037 E778.29531
G0 F9000 X96.09 Y120.037
G0 X96.09 Y113.825
G0 X96.319 Y113.825
G1 F3000 X90.43 Y115.403 E778.49809
G0 F9000 X90.66 Y115.403
G0 X90.66 Y114.325
G0 X90.43 Y114.325
G1 F3000 X94.314 Y99.831 E778.99717
G0 F9000 X94.505 Y99.963
G0 X94.832 Y99.094
G0 X94.916 Y98.409
G0 X94.832 Y97.725
G0 X94.588 Y97.083
G0 X94.27 Y96.624
G0 X93.344 Y95.814
G0 X93.237 Y96.016
G1 F3000 X96.319 Y95.19 E779.10329
G0 F9000 X96.09 Y95.19
G0 X91.458 Y95.576
G0 X91.511 Y95.797
G1 F3000 X90.428 Y94.715 E779.15421
G0 F9000 X90.66 Y94.715
G0 X96.162 Y90.162
G0 X96.856 Y90.09
G0 X96.856 Y90.341
G1 F3000 X97.302 Y88.679 E779.21145
G1 F2700 E774.21145
G0 F9000 X97.302 Y88.91
G0 X96.162 Y90.162
G0 X96.09 Y138.672
G0 X96.319 Y138.672
G1 F2700 E779.21145
G1 F3000 X94.57 Y139.141 E779.27167
G0 F9000 X94.785 Y139.06
G0 X96.09 Y138.707
G0 X96.32 Y138.707
G1 F3000 X94.28 Y146.321 E779.53385
G0 F9000 X94.28 Y146.09
G0 X96.065 Y144.865
G0 X96.291 Y144.891
G1 F3000 X91.456 Y146.187 E779.70034
G0 F9000 X91.531 Y145.973
G0 X96.09 Y143.033
G0 X96.32 Y143.033
G1 F3000 X94.474 Y141.187 E779.78717
G0 F9000 X94.97 Y141.376
;MESH:NONMESH
G0 F300 Z4.4
G0 F9000 X94.635 Y146.091
G0 X94.653 Y146.4
;TIME_ELAPSED:1310.458696
;LAYER:21
;TYPE:WALL-INNER
;MESH:battery holder-BodyChamfer.stl
G1 F1500 X95.064 Y146.351 E779.80093
G1 X95.429 Y146.223 E779.8138
G1 X95.747 Y146.024 E779.82628
G1 X96.024 Y145.747 E779.8393
G1 X96.223 Y145.429 E779.85178
G1 X96.351 Y145.064 E779.86465
G1 X96.4 Y144.653 E779.87841
G1 X96.4 Y90.879 E781.66694
G1 X96.52 Y90.64 E781.67584
G1 X96.717 Y90.47 E781.68449
G1 X96.922 Y90.4 E781.6917
G1 X138 Y90.4 E783.05796
G1 X138.283 Y90.47 E783.06765
G1 X138.48 Y90.64 E783.07631
G1 X138.6 Y90.879 E783.0852
G1 X138.601 Y115.655 E783.90926
G1 X138.645 Y116.066 E783.92301
G1 X138.773 Y116.429 E783.93581
G1 X138.972 Y116.747 E783.94828
G1 X139.248 Y117.023 E783.96127
G1 X139.57 Y117.224 E783.97389
G1 X139.933 Y117.351 E783.98668
G1 X140.347 Y117.4 E784.00055
G1 X142.901 Y117.4 E784.08549
G1 X143.316 Y117.351 E784.09939
G1 X143.677 Y117.224 E784.11212
G1 X143.995 Y117.024 E784.12462
G1 X144.273 Y116.745 E784.13772
G1 X144.476 Y116.427 E784.15026
G1 X144.602 Y116.066 E784.16298
G1 X144.648 Y115.655 E784.17674
G1 X144.648 Y100.347 E784.68588
G1 X144.352 Y100.587 E784.69856
G1 X143.861 Y100.847 E784.71704
G1 X143.253 Y100.992 E784.73783
G1 X142.623 Y100.992 E784.75878
G1 X142.013 Y100.846 E784.77964
G1 X141.46 Y100.553 E784.80046
G1 X140.991 Y100.137 E784.82131
G1 X140.627 Y99.612 E784.84256
G1 X140.414 Y99.041 E784.86283
G1 X140.34 Y98.408 E784.88402
G1 X140.412 Y97.781 E784.90501
G1 X140.627 Y97.204 E784.92549
G1 X140.991 Y96.679 E784.94674
G1 X141.461 Y96.261 E784.96766
G1 X142.015 Y95.974 E784.98841
G1 X142.62 Y95.824 E785.00915
G1 X143.256 Y95.824 E785.0303
G1 X143.861 Y95.974 E785.05103
G1 X144.349 Y96.227 E785.06931
G1 X144.648 Y96.469 E785.08211
G1 X144.648 Y90.345 E785.28579
G1 X144.603 Y89.93 E785.29968
G1 X144.476 Y89.572 E785.31231
G1 X144.272 Y89.25 E785.32499
G1 X143.995 Y88.972 E785.33804
G1 X143.677 Y88.772 E785.35054
G1 X143.318 Y88.645 E785.3632
G1 X142.903 Y88.6 E785.37708
G1 X92.093 Y88.6 E787.06703
G1 X91.682 Y88.645 E787.08078
G1 X91.319 Y88.773 E787.09359
G1 X91.001 Y88.972 E787.10606
G1 X90.724 Y89.25 E787.11912
G1 X90.521 Y89.57 E787.13172
G1 X90.397 Y89.93 E787.14438
G1 X90.348 Y90.347 E787.15835
G1 X90.349 Y96.468 E787.36193
G1 X90.647 Y96.227 E787.37468
G1 X91.135 Y95.974 E787.39296
G1 X91.74 Y95.824 E787.4137
G1 X92.376 Y95.824 E787.43485
G1 X92.981 Y95.974 E787.45558
G1 X93.535 Y96.261 E787.47633
G1 X94.002 Y96.677 E787.49713
G1 X94.366 Y97.2 E787.51833
G1 X94.589 Y97.784 E787.53912
G1 X94.656 Y98.408 E787.55999
G1 X94.588 Y99.036 E787.581
G1 X94.366 Y99.617 E787.60169
G1 X94.002 Y100.139 E787.62286
G1 X93.537 Y100.553 E787.64356
G1 X92.982 Y100.846 E787.66444
G1 X92.373 Y100.992 E787.68527
G1 X91.743 Y100.992 E787.70622
G1 X91.133 Y100.846 E787.72708
G1 X90.644 Y100.587 E787.74549
G1 X90.349 Y100.348 E787.75811
G1 X90.349 Y138.1 E789.01375
G1 X90.644 Y137.861 E789.02638
G1 X91.132 Y137.603 E789.04474
G1 X91.739 Y137.452 E789.06554
G1 X92.376 Y137.452 E789.08673
G1 X92.984 Y137.603 E789.10757
G1 X93.537 Y137.895 E789.12836
G1 X94.002 Y138.309 E789.14907
G1 X94.366 Y138.832 E789.17027
G1 X94.589 Y139.416 E789.19106
G1 X94.656 Y140.04 E789.21193
G1 X94.587 Y140.666 E789.23288
G1 X94.368 Y141.247 E789.25353
G1 X94.004 Y141.766 E789.27461
G1 X93.536 Y142.186 E789.29553
G1 X92.98 Y142.475 E789.31637
G1 X92.367 Y142.624 E789.33735
G1 X91.74 Y142.624 E789.35821
G1 X91.135 Y142.474 E789.37894
G1 X90.647 Y142.221 E789.39722
G1 X90.348 Y141.977 E789.41006
G1 X90.348 Y144.653 E789.49906
G1 X90.397 Y145.066 E789.51289
G1 X90.521 Y145.429 E789.52565
G1 X90.723 Y145.745 E789.53813
G1 X91.001 Y146.024 E789.55123
G1 X91.319 Y146.223 E789.5637
G1 X91.684 Y146.351 E789.57657
G1 X92.095 Y146.4 E789.59033
G1 X94.653 Y146.4 E789.67541
G0 F9000 X94.676 Y146.8
;TYPE:WALL-OUTER
G1 F1500 X95.154 Y146.743 E789.69142
G1 X95.604 Y146.586 E789.70728
G1 X95.998 Y146.338 E789.72276
G1 X96.338 Y145.998 E789.73875
G1 X96.586 Y145.604 E789.75424
G1 X96.743 Y145.154 E789.77009
G1 X96.8 Y144.676 E789.7861
G1 X96.8 Y90.959 E791.57274
G1 X96.84 Y90.88 E791.57568
G1 X96.965 Y90.803 E791.58056
G1 X138.077 Y90.8 E792.94795
G1 X138.2 Y90.959 E792.95464
G1 X138.201 Y115.677 E793.77676
G1 X138.253 Y116.155 E793.79276
G1 X138.41 Y116.604 E793.80858
G1 X138.658 Y116.998 E793.82406
G1 X138.998 Y117.338 E793.84005
G1 X139.396 Y117.586 E793.85565
G1 X139.842 Y117.743 E793.87138
G1 X140.324 Y117.8 E793.88752
G1 X142.924 Y117.8 E793.974
G1 X143.406 Y117.743 E793.99014
G1 X143.852 Y117.586 E794.00587
G1 X144.246 Y117.338 E794.02135
G1 X144.587 Y116.997 E794.03739
G1 X144.838 Y116.603 E794.05293
G1 X144.995 Y116.155 E794.06872
G1 X145.048 Y115.677 E794.08471
G1 X145.048 Y99.431 E794.62506
G1 F1530.6 X145.062 Y98.948 E794.64081
G1 X144.9 Y99.404 E794.65658
G1 F1500 X144.566 Y99.886 E794.67608
G1 X144.166 Y100.233 E794.6937
G1 X143.695 Y100.475 E794.71131
G1 X143.227 Y100.587 E794.72731
G1 X142.649 Y100.587 E794.74654
G1 X142.134 Y100.457 E794.7642
G1 X141.671 Y100.206 E794.78172
G1 X141.279 Y99.85 E794.79933
G1 X140.976 Y99.402 E794.81732
G1 X140.801 Y98.917 E794.83447
G1 X140.74 Y98.408 E794.85152
G1 X140.801 Y97.899 E794.86857
G1 X140.976 Y97.414 E794.88572
G1 X141.311 Y96.93 E794.9053
G1 X141.711 Y96.582 E794.92293
G1 X142.179 Y96.345 E794.94038
G1 X142.647 Y96.229 E794.95642
G1 X143.229 Y96.229 E794.97578
G1 X143.697 Y96.345 E794.99181
G1 X144.165 Y96.582 E795.00926
G1 X144.566 Y96.93 E795.02692
G1 X144.9 Y97.412 E795.04642
G1 F1530.6 X145.062 Y97.867 E795.06217
G1 X145.048 Y97.385 E795.07788
G1 F1500 X145.048 Y90.323 E795.31277
G1 X144.995 Y89.841 E795.3289
G1 X144.838 Y89.396 E795.34459
G1 X144.586 Y88.998 E795.36026
G1 X144.246 Y88.658 E795.37625
G1 X143.852 Y88.41 E795.39173
G1 X143.407 Y88.253 E795.40743
G1 X142.925 Y88.2 E795.42356
G1 X92.071 Y88.2 E797.11497
G1 X91.593 Y88.253 E797.13096
G1 X91.144 Y88.41 E797.14678
G1 X90.75 Y88.658 E797.16227
G1 X90.41 Y88.998 E797.17826
G1 X90.158 Y89.396 E797.19393
G1 X90.005 Y89.841 E797.20958
G1 X89.948 Y90.324 E797.22576
G1 X89.948 Y97.387 E797.46067
G1 F1554.4 X89.935 Y97.901 E797.47718
G1 X90.096 Y97.413 E797.49367
G1 F1500 X90.43 Y96.93 E797.5132
G1 X90.831 Y96.582 E797.53086
G1 X91.299 Y96.345 E797.54831
G1 X91.767 Y96.229 E797.56434
G1 X92.349 Y96.229 E797.5837
G1 X92.817 Y96.345 E797.59974
G1 X93.285 Y96.582 E797.61719
G1 X93.717 Y96.966 E797.63641
G1 X94.019 Y97.412 E797.65433
G1 X94.199 Y97.901 E797.67166
G1 X94.256 Y98.408 E797.68863
G1 X94.198 Y98.927 E797.706
G1 X93.997 Y99.446 E797.72451
G1 X93.685 Y99.886 E797.74245
G1 X93.286 Y100.233 E797.76003
G1 X92.815 Y100.475 E797.77765
G1 X92.347 Y100.587 E797.79365
G1 X91.769 Y100.587 E797.81288
G1 X91.254 Y100.457 E797.83054
G1 X90.791 Y100.206 E797.84806
G1 X90.43 Y99.886 E797.8641
G1 X90.096 Y99.403 E797.88364
G1 F1554.4 X89.935 Y98.915 E797.90013
G1 X89.948 Y99.429 E797.91663
G1 F1500 X89.948 Y139.019 E799.2334
G1 F1554.4 X89.935 Y139.533 E799.2499
G1 X90.096 Y139.045 E799.2664
G1 F1500 X90.43 Y138.562 E799.28593
G1 X90.83 Y138.215 E799.30354
G1 X91.299 Y137.973 E799.32109
G1 X91.767 Y137.857 E799.33713
G1 X92.349 Y137.857 E799.35649
G1 X92.817 Y137.973 E799.37252
G1 X93.325 Y138.242 E799.39164
G1 X93.717 Y138.598 E799.40926
G1 X94.019 Y139.044 E799.42717
G1 X94.199 Y139.533 E799.4445
G1 X94.256 Y140.04 E799.46147
G1 X94.198 Y140.555 E799.47871
G1 X94.02 Y141.035 E799.49574
G1 X93.686 Y141.513 E799.51513
G1 X93.285 Y141.866 E799.5329
G1 X92.817 Y142.103 E799.55035
G1 X92.349 Y142.219 E799.56638
G1 X91.767 Y142.219 E799.58574
G1 X91.299 Y142.103 E799.60178
G1 X90.831 Y141.866 E799.61923
G1 X90.4 Y141.479 E799.63849
G1 X90.096 Y141.034 E799.65642
G1 F1554.4 X89.935 Y140.543 E799.673
G1 X89.949 Y141.06 E799.6896
G1 F1500 X89.948 Y144.676 E799.80987
G1 X90.005 Y145.155 E799.82591
G1 X90.158 Y145.604 E799.84169
G1 X90.409 Y145.997 E799.8572
G1 X90.75 Y146.338 E799.87324
G1 X91.144 Y146.586 E799.88872
G1 X91.594 Y146.743 E799.90458
G1 X92.072 Y146.8 E799.92059
G1 X94.676 Y146.8 E800.0072
G1 F2700 E795.0072
G0 F9000 X94.635 Y146.091
G0 X90.224 Y141.665
G0 X89.935 Y140.543
G1 F2700 E800.0072
G1 F1754.4 X89.904 Y140.04 E800.02153
G1 X89.935 Y139.533 E800.03597
G1 F2700 E795.03597
G0 F9000 X89.085 Y139.533
G0 X89.085 Y98.915
G0 X89.935 Y98.915
G1 F2700 E800.03597
G1 F1754.4 X89.904 Y98.408 E800.05042
G1 X89.935 Y97.901 E800.06486
G1 F2700 E795.06486
G0 F9000 X145.063 Y97.901
G1 F2700 E800.06486
G1 F1769.9 X145.094 Y98.408 E800.07918
G1 X145.063 Y98.924 E800.09375
G1 F2700 E795.09375
G0 F9000 X144.835 Y99.893
G0 X144.34 Y101.045
G0 X144.565 Y101.045
;TYPE:FILL
G1 F2700 E800.09375
G1 F3000 X138.681 Y102.622 E800.29636
G0 F9000 X138.91 Y102.622
G0 X138.91 Y100.339
G0 X138.68 Y100.339
G1 F3000 X144.567 Y106.227 E800.57329
G0 F9000 X144.34 Y106.227
G0 X144.34 Y107.256
G0 X144.566 Y107.256
G1 F3000 X138.682 Y108.833 E800.7759
G1 X138.68 Y108.824
G1 X144.568 Y114.713 E801.05288
G0 F9000 X144.34 Y114.713
G0 X144.34 Y113.468
G0 X144.567 Y113.468
G1 F3000 X138.681 Y115.045 E801.25555
G0 F9000 X138.91 Y115.045
G0 X139.438 Y116.776
G0 X139.276 Y116.938
G1 F3000 X143.546 Y101.003 E801.80425
G0 F9000 X143.6 Y101.229
G0 X142.598 Y101.244
G0 X141.928 Y101.081
G0 X141.318 Y100.759
G0 X140.803 Y100.303
G0 X140.41 Y99.735
G0 X140.168 Y99.094
G0 X140.084 Y98.411
G0 X140.168 Y97.725
G0 X140.411 Y97.085
G0 X140.803 Y96.517
G0 X141.318 Y96.061
G0 X141.664 Y95.878
G0 X142.525 Y95.531
G0 X142.577 Y95.751
G1 F3000 X138.68 Y91.854 E801.98755
G0 F9000 X138.91 Y91.854
G0 X138.838 Y90.162
G0 X138.11 Y90.09
G0 X138.11 Y90.351
G1 F3000 X143.669 Y88.861 E802.17897
G0 F9000 X143.546 Y89.055
G0 X140.636 Y88.91
G0 X140.636 Y88.679
G1 F3000 X138.681 Y95.978 E802.43029
G0 F9000 X138.68 Y96.41
G1 F3000 X144.567 Y94.833 E802.633
G0 F9000 X144.34 Y94.833
G0 X138.838 Y90.162
G0 X137.146 Y90.09
G0 X137.146 Y90.32
G1 F3000 X135.506 Y88.68 E802.71014
G0 F9000 X135.506 Y88.91
G0 X134.425 Y88.91
G0 X134.425 Y88.679
G1 F3000 X133.985 Y90.32 E802.76665
G0 F9000 X133.985 Y90.09
G0 X128.661 Y90.09
G0 X128.661 Y90.32
G1 F3000 X127.021 Y88.68 E802.84379
G0 F9000 X127.021 Y88.91
G0 X128.213 Y88.91
G0 X128.213 Y88.68
G1 F3000 X127.773 Y90.321 E802.9003
G0 F9000 X127.773 Y90.09
G0 X122.001 Y88.91
G0 X122.001 Y88.68
G1 F3000 X121.562 Y90.32 E802.95676
G0 F9000 X121.562 Y90.09
G0 X120.176 Y90.09
G0 X120.176 Y90.32
G1 F3000 X118.536 Y88.68 E803.03391
G0 F9000 X118.536 Y88.91
G0 X121.166 Y88.91
G0 X121.166 Y88.68
G1 F3000 X115.045 Y90.32 E803.24467
G0 F9000 X115.35 Y90.32
G1 F3000 X115.79 Y88.679 E803.30118
G0 F9000 X115.79 Y88.91
G0 X111.69 Y90.09
G0 X111.69 Y90.32
G1 F3000 X110.051 Y88.68 E803.3783
G0 F9000 X109.578 Y88.68
G1 F3000 X109.138 Y90.321 E803.4348
G0 F9000 X109.138 Y90.09
G0 X103.205 Y90.09
G0 X103.205 Y90.32
G1 F3000 X101.565 Y88.68 E803.51194
G0 F9000 X101.565 Y88.91
G0 X103.366 Y88.91
G0 X103.366 Y88.68
G1 F3000 X102.927 Y90.32 E803.56841
G0 F9000 X102.927 Y90.09
G0 X97.983 Y88.91
G0 X97.983 Y88.68
G1 F3000 X90.428 Y90.704 E803.82855
G1 X90.429 Y90.599
G1 X90.769 Y89.329 E803.87228
G0 F9000 X90.964 Y89.452
G0 X93.08 Y88.91
G0 X93.08 Y88.68
G1 F3000 X96.32 Y91.92 E804.02468
G1 X96.32 Y91.794
G1 X94.683 Y97.904 E804.23507
G0 F9000 X94.696 Y98.781
G1 F3000 X96.32 Y100.406 E804.31148
G0 F9000 X96.09 Y100.406
G0 X96.09 Y101.549
G0 X96.32 Y101.549
G1 F3000 X90.431 Y103.127 E804.51426
G1 X90.43 Y103.001
G1 X96.32 Y108.891 E804.79131
G0 F9000 X96.09 Y108.891
G0 X96.09 Y107.761
G0 X96.319 Y107.761
G1 F3000 X90.43 Y109.339 E804.99408
G0 F9000 X90.66 Y109.339
G0 X90.66 Y111.486
G0 X90.43 Y111.486
G1 F3000 X96.32 Y117.376 E805.27113
G0 F9000 X96.09 Y117.376
G0 X96.09 Y114.976
G0 X96.32 Y114.976
G1 F3000 X90.43 Y136.959 E806.02808
G1 X90.43 Y136.942
G1 X91.046 Y137.558 E806.05705
G0 F9000 X90.941 Y137.357
G0 X90.66 Y134.185
G0 X90.43 Y134.185
G1 F3000 X96.319 Y132.607 E806.25983
G0 F9000 X96.09 Y132.607
G0 X96.09 Y134.347
G0 X96.32 Y134.347
G1 F3000 X90.43 Y128.457 E806.53688
G0 F9000 X90.43 Y127.974
G1 F3000 X96.32 Y126.395 E806.7397
G0 F9000 X96.32 Y125.861
G1 F3000 X90.43 Y119.971 E807.01675
G0 F9000 X90.66 Y119.971
G0 X90.66 Y121.762
G0 X90.431 Y121.762
G1 F3000 X96.32 Y120.184 E807.21953
G0 F9000 X96.09 Y120.184
G0 X96.09 Y113.972
G0 X96.319 Y113.972
G1 F3000 X90.43 Y115.55 E807.4223
G0 F9000 X90.66 Y115.55
G0 X90.66 Y113.776
G0 X90.43 Y113.776
G1 F3000 X94.073 Y100.178 E807.89053
G0 F9000 X94.265 Y100.311
G0 X94.59 Y99.735
G0 X94.832 Y99.094
G0 X94.916 Y98.409
G0 X94.832 Y97.725
G0 X94.588 Y97.083
G0 X94.27 Y96.624
G0 X93.53 Y95.913
G0 X93.424 Y96.113
G1 F3000 X96.319 Y95.337 E807.99021
G0 F9000 X96.09 Y95.337
G0 X91.619 Y95.537
G0 X91.671 Y95.757
G1 F3000 X90.428 Y94.514 E808.04868
G0 F9000 X90.66 Y94.514
G0 X96.162 Y90.162
G0 X96.694 Y90.09
G0 X96.694 Y90.397
G1 F3000 X97.154 Y88.68 E808.1078
G1 F2700 E803.1078
G0 F9000 X97.154 Y88.91
G0 X96.162 Y90.162
G0 X96.09 Y138.158
G0 X96.32 Y138.158
G1 F2700 E808.1078
G1 F3000 X94.133 Y146.321 E808.38888
G0 F9000 X94.133 Y146.09
G0 X91.751 Y146.05
G0 X91.693 Y146.27
G1 F3000 X96.273 Y145.043 E808.54658
G0 F9000 X96.05 Y144.999
G0 X96.09 Y142.832
G0 X96.32 Y142.832
G1 F3000 X94.53 Y141.042 E808.63078
G0 F9000 X94.745 Y141.124
G0 X94.899 Y140.148
G0 X94.836 Y139.193
G0 X94.621 Y139.274
G1 F3000 X96.319 Y138.819 E808.68925
G0 F9000 X95.79 Y138.819
;MESH:NONMESH
G0 F300 Z4.6
G0 F9000 X94.635 Y146.091
G0 X94.653 Y146.4
;TIME_ELAPSED:1355.087676
;LAYER:22
;TYPE:WALL-INNER
;MESH:battery holder-BodyChamfer.stl
G1 F1500 X95.064 Y146.351 E808.70301
G1 X95.429 Y146.223 E808.71588
G1 X95.747 Y146.024 E808.72836
G1 X96.024 Y145.747 E808.74138
G1 X96.223 Y145.429 E808.75386
G1 X96.351 Y145.064 E808.76673
G1 X96.4 Y144.653 E808.78049
G1 X96.4 Y90.879 E810.56902
G1 X96.52 Y90.64 E810.57792
G1 X96.717 Y90.47 E810.58657
G1 X96.922 Y90.4 E810.59378
G1 X138 Y90.4 E811.96004
G1 X138.283 Y90.47 E811.96973
G1 X138.48 Y90.64 E811.97839
G1 X138.6 Y90.879 E811.98728
G1 X138.601 Y115.655 E812.81134
G1 X138.645 Y116.066 E812.82508
G1 X138.773 Y116.429 E812.83789
G1 X138.972 Y116.747 E812.85036
G1 X139.248 Y117.023 E812.86335
G1 X139.57 Y117.224 E812.87597
G1 X139.933 Y117.351 E812.88876
G1 X140.347 Y117.4 E812.90263
G1 X142.901 Y117.4 E812.98757
G1 X143.316 Y117.351 E813.00147
G1 X143.677 Y117.224 E813.0142
G1 X143.995 Y117.024 E813.0267
G1 X144.273 Y116.745 E813.0398
G1 X144.476 Y116.427 E813.05234
G1 X144.602 Y116.066 E813.06506
G1 X144.648 Y115.655 E813.07882
G1 X144.648 Y100.347 E813.58796
G1 X144.352 Y100.587 E813.60064
G1 X143.861 Y100.847 E813.61912
G1 X143.253 Y100.992 E813.63991
G1 X142.623 Y100.992 E813.66086
G1 X142.013 Y100.846 E813.68172
G1 X141.46 Y100.553 E813.70254
G1 X140.991 Y100.137 E813.72339
G1 X140.627 Y99.612 E813.74463
G1 X140.414 Y99.041 E813.7649
G1 X140.34 Y98.408 E813.7861
G1 X140.412 Y97.781 E813.80709
G1 X140.627 Y97.204 E813.82757
G1 X140.991 Y96.679 E813.84882
G1 X141.461 Y96.261 E813.86974
G1 X142.015 Y95.974 E813.89049
G1 X142.62 Y95.824 E813.91122
G1 X143.256 Y95.824 E813.93238
G1 X143.861 Y95.974 E813.95311
G1 X144.349 Y96.227 E813.97139
G1 X144.648 Y96.469 E813.98419
G1 X144.648 Y90.345 E814.18787
G1 X144.603 Y89.93 E814.20176
G1 X144.476 Y89.572 E814.21439
G1 X144.272 Y89.25 E814.22707
G1 X143.995 Y88.972 E814.24012
G1 X143.677 Y88.772 E814.25262
G1 X143.318 Y88.645 E814.26528
G1 X142.903 Y88.6 E814.27916
G1 X92.093 Y88.6 E815.96911
G1 X91.682 Y88.645 E815.98286
G1 X91.319 Y88.773 E815.99567
G1 X91.001 Y88.972 E816.00814
G1 X90.724 Y89.25 E816.0212
G1 X90.521 Y89.57 E816.0338
G1 X90.397 Y89.93 E816.04646
G1 X90.348 Y90.347 E816.06043
G1 X90.349 Y96.468 E816.26401
G1 X90.647 Y96.227 E816.27676
G1 X91.135 Y95.974 E816.29504
G1 X91.74 Y95.824 E816.31578
G1 X92.376 Y95.824 E816.33693
G1 X92.981 Y95.974 E816.35766
G1 X93.535 Y96.261 E816.37841
G1 X94.002 Y96.677 E816.39921
G1 X94.366 Y97.2 E816.42041
G1 X94.589 Y97.784 E816.4412
G1 X94.656 Y98.408 E816.46207
G1 X94.588 Y99.036 E816.48308
G1 X94.366 Y99.617 E816.50377
G1 X94.002 Y100.139 E816.52493
G1 X93.537 Y100.553 E816.54564
G1 X92.982 Y100.846 E816.56652
G1 X92.373 Y100.992 E816.58735
G1 X91.743 Y100.992 E816.6083
G1 X91.133 Y100.846 E816.62916
G1 X90.644 Y100.587 E816.64757
G1 X90.349 Y100.348 E816.66019
G1 X90.349 Y138.1 E817.91583
G1 X90.644 Y137.861 E817.92846
G1 X91.132 Y137.603 E817.94682
G1 X91.739 Y137.452 E817.96762
G1 X92.376 Y137.452 E817.98881
G1 X92.984 Y137.603 E818.00964
G1 X93.537 Y137.895 E818.03044
G1 X94.002 Y138.309 E818.05115
G1 X94.366 Y138.832 E818.07235
G1 X94.589 Y139.416 E818.09314
G1 X94.656 Y140.04 E818.11401
G1 X94.587 Y140.666 E818.13496
G1 X94.368 Y141.247 E818.15561
G1 X94.004 Y141.766 E818.17669
G1 X93.536 Y142.186 E818.19761
G1 X92.98 Y142.475 E818.21845
G1 X92.367 Y142.624 E818.23943
G1 X91.74 Y142.624 E818.26029
G1 X91.135 Y142.474 E818.28102
G1 X90.647 Y142.221 E818.2993
G1 X90.348 Y141.977 E818.31214
G1 X90.348 Y144.653 E818.40114
G1 X90.397 Y145.066 E818.41497
G1 X90.521 Y145.429 E818.42773
G1 X90.723 Y145.745 E818.44021
G1 X91.001 Y146.024 E818.45331
G1 X91.319 Y146.223 E818.46578
G1 X91.684 Y146.351 E818.47865
G1 X92.095 Y146.4 E818.49241
G1 X94.653 Y146.4 E818.57749
G0 F9000 X94.676 Y146.8
;TYPE:WALL-OUTER
G1 F1500 X95.154 Y146.743 E818.5935
G1 X95.604 Y146.586 E818.60936
G1 X95.998 Y146.338 E818.62484
G1 X96.338 Y145.998 E818.64083
G1 X96.586 Y145.604 E818.65632
G1 X96.743 Y145.154 E818.67217
G1 X96.8 Y144.676 E818.68818
G1 X96.8 Y90.959 E820.47481
G1 X96.84 Y90.88 E820.47776
G1 X96.965 Y90.803 E820.48264
G1 X138.077 Y90.8 E821.85003
G1 X138.2 Y90.959 E821.85672
G1 X138.201 Y115.677 E822.67884
G1 X138.253 Y116.155 E822.69484
G1 X138.41 Y116.604 E822.71066
G1 X138.658 Y116.998 E822.72614
G1 X138.998 Y117.338 E822.74213
G1 X139.396 Y117.586 E822.75773
G1 X139.842 Y117.743 E822.77346
G1 X140.324 Y117.8 E822.7896
G1 X142.924 Y117.8 E822.87608
G1 X143.406 Y117.743 E822.89222
G1 X143.852 Y117.586 E822.90795
G1 X144.246 Y117.338 E822.92343
G1 X144.587 Y116.997 E822.93947
G1 X144.838 Y116.603 E822.95501
G1 X144.995 Y116.155 E822.9708
G1 X145.048 Y115.677 E822.98679
G1 X145.048 Y99.431 E823.52714
G1 F1530.6 X145.062 Y98.948 E823.54289
G1 X144.9 Y99.404 E823.55866
G1 F1500 X144.566 Y99.886 E823.57816
G1 X144.166 Y100.233 E823.59578
G1 X143.695 Y100.475 E823.61339
G1 X143.227 Y100.587 E823.62939
G1 X142.649 Y100.587 E823.64862
G1 X142.134 Y100.457 E823.66628
G1 X141.671 Y100.206 E823.6838
G1 X141.279 Y99.85 E823.70141
G1 X140.976 Y99.402 E823.7194
G1 X140.801 Y98.917 E823.73655
G1 X140.74 Y98.408 E823.7536
G1 X140.801 Y97.899 E823.77065
G1 X140.976 Y97.414 E823.7878
G1 X141.311 Y96.93 E823.80738
G1 X141.711 Y96.582 E823.82501
G1 X142.179 Y96.345 E823.84246
G1 X142.647 Y96.229 E823.8585
G1 X143.229 Y96.229 E823.87786
G1 X143.697 Y96.345 E823.89389
G1 X144.165 Y96.582 E823.91134
G1 X144.566 Y96.93 E823.929
G1 X144.9 Y97.412 E823.9485
G1 F1530.6 X145.062 Y97.867 E823.96425
G1 X145.048 Y97.385 E823.97996
G1 F1500 X145.048 Y90.323 E824.21485
G1 X144.995 Y89.841 E824.23097
G1 X144.838 Y89.396 E824.24667
G1 X144.586 Y88.998 E824.26234
G1 X144.246 Y88.658 E824.27833
G1 X143.852 Y88.41 E824.29381
G1 X143.407 Y88.253 E824.30951
G1 X142.925 Y88.2 E824.32564
G1 X92.071 Y88.2 E826.01705
G1 X91.593 Y88.253 E826.03304
G1 X91.144 Y88.41 E826.04886
G1 X90.75 Y88.658 E826.06435
G1 X90.41 Y88.998 E826.08034
G1 X90.158 Y89.396 E826.09601
G1 X90.005 Y89.841 E826.11166
G1 X89.948 Y90.324 E826.12784
G1 X89.948 Y97.387 E826.36275
G1 F1554.4 X89.935 Y97.901 E826.37926
G1 X90.096 Y97.413 E826.39575
G1 F1500 X90.43 Y96.93 E826.41528
G1 X90.831 Y96.582 E826.43294
G1 X91.299 Y96.345 E826.45039
G1 X91.767 Y96.229 E826.46642
G1 X92.349 Y96.229 E826.48578
G1 X92.817 Y96.345 E826.50182
G1 X93.285 Y96.582 E826.51927
G1 X93.717 Y96.966 E826.53849
G1 X94.019 Y97.412 E826.55641
G1 X94.199 Y97.901 E826.57374
G1 X94.256 Y98.408 E826.59071
G1 X94.198 Y98.927 E826.60808
G1 X93.997 Y99.446 E826.62659
G1 X93.685 Y99.886 E826.64453
G1 X93.286 Y100.233 E826.66211
G1 X92.815 Y100.475 E826.67973
G1 X92.347 Y100.587 E826.69573
G1 X91.769 Y100.587 E826.71496
G1 X91.254 Y100.457 E826.73262
G1 X90.791 Y100.206 E826.75014
G1 X90.43 Y99.886 E826.76618
G1 X90.096 Y99.403 E826.78572
G1 F1554.4 X89.935 Y98.915 E826.80221
G1 X89.948 Y99.429 E826.81871
G1 F1500 X89.948 Y139.019 E828.13548
G1 F1554.4 X89.935 Y139.533 E828.15198
G1 X90.096 Y139.045 E828.16848
G1 F1500 X90.43 Y138.562 E828.18801
G1 X90.83 Y138.215 E828.20562
G1 X91.299 Y137.973 E828.22317
G1 X91.767 Y137.857 E828.23921
G1 X92.349 Y137.857 E828.25857
G1 X92.817 Y137.973 E828.2746
G1 X93.325 Y138.242 E828.29372
G1 X93.717 Y138.598 E828.31134
G1 X94.019 Y139.044 E828.32925
G1 X94.199 Y139.533 E828.34658
G1 X94.256 Y140.04 E828.36355
G1 X94.198 Y140.555 E828.38079
G1 X94.02 Y141.035 E828.39781
G1 X93.686 Y141.513 E828.41721
G1 X93.285 Y141.866 E828.43498
G1 X92.817 Y142.103 E828.45243
G1 X92.349 Y142.219 E828.46846
G1 X91.767 Y142.219 E828.48782
G1 X91.299 Y142.103 E828.50386
G1 X90.831 Y141.866 E828.52131
G1 X90.4 Y141.479 E828.54057
G1 X90.096 Y141.034 E828.5585
G1 F1554.4 X89.935 Y140.543 E828.57508
G1 X89.949 Y141.06 E828.59168
G1 F1500 X89.948 Y144.676 E828.71195
G1 X90.005 Y145.155 E828.72799
G1 X90.158 Y145.604 E828.74377
G1 X90.409 Y145.997 E828.75928
G1 X90.75 Y146.338 E828.77532
G1 X91.144 Y146.586 E828.7908
G1 X91.594 Y146.743 E828.80666
G1 X92.072 Y146.8 E828.82267
G1 X94.676 Y146.8 E828.90928
G1 F2700 E823.90928
G0 F9000 X94.635 Y146.091
G0 X90.224 Y141.665
G0 X89.935 Y140.543
G1 F2700 E828.90928
G1 F1754.4 X89.904 Y140.04 E828.92361
G1 X89.935 Y139.533 E828.93805
G1 F2700 E823.93805
G0 F9000 X89.085 Y139.533
G0 X89.085 Y98.915
G0 X89.935 Y98.915
G1 F2700 E828.93805
G1 F1754.4 X89.904 Y98.408 E828.9525
G1 X89.935 Y97.901 E828.96694
G1 F2700 E823.96694
G0 F9000 X145.063 Y97.901
G1 F2700 E828.96694
G1 F1769.9 X145.094 Y98.408 E828.98126
G1 X145.063 Y98.924 E828.99583
G1 F2700 E823.99583
G0 F9000 X144.835 Y99.893
G0 X144.34 Y101.191
G0 X144.565 Y101.191
;TYPE:FILL
G1 F2700 E828.99583
G1 F3000 X138.681 Y102.768 E829.19844
G0 F9000 X138.91 Y102.768
G0 X138.91 Y100.14
G0 X138.68 Y100.14
G1 F3000 X144.567 Y106.027 E829.47535
G0 F9000 X144.34 Y106.027
G0 X144.34 Y107.402
G0 X144.566 Y107.402
G1 F3000 X138.681 Y108.979 E829.67799
G0 F9000 X138.68 Y108.625
G1 F3000 X144.568 Y114.513 E829.95494
G0 F9000 X144.567 Y113.614
G1 F3000 X138.681 Y115.191 E830.15762
G0 F9000 X138.91 Y115.191
G0 X139.323 Y116.661
G0 X139.161 Y116.822
G1 F3000 X143.39 Y101.04 E830.70105
G0 F9000 X143.444 Y101.267
G0 X142.598 Y101.244
G0 X141.928 Y101.081
G0 X141.318 Y100.759
G0 X140.803 Y100.303
G0 X140.41 Y99.735
G0 X140.168 Y99.094
G0 X140.084 Y98.411
G0 X140.168 Y97.725
G0 X140.411 Y97.085
G0 X140.803 Y96.517
G0 X141.318 Y96.061
G0 X141.812 Y95.8
G0 X142.769 Y95.515
G0 X142.769 Y95.744
G1 F3000 X138.68 Y91.654 E830.8934
G0 F9000 X138.91 Y91.654
G0 X138.838 Y90.162
G0 X138.355 Y90.09
G0 X138.355 Y90.432
G1 F3000 X143.832 Y88.964 E831.082
G0 F9000 X143.709 Y89.158
G0 X140.49 Y88.91
G0 X140.49 Y88.679
G1 F3000 X138.681 Y95.433 E831.31456
G0 F9000 X138.91 Y95.433
G0 X138.91 Y96.556
G0 X138.68 Y96.556
G1 F3000 X144.567 Y94.979 E831.51726
G0 F9000 X144.34 Y94.979
G0 X138.838 Y90.162
G0 X137.346 Y90.09
G0 X137.346 Y90.32
G1 F3000 X135.706 Y88.68 E831.5944
G0 F9000 X135.706 Y88.91
G0 X134.278 Y88.91
G0 X134.278 Y88.68
G1 F3000 X133.839 Y90.321 E831.6509
G0 F9000 X133.839 Y90.09
G0 X128.86 Y90.09
G0 X128.86 Y90.32
G1 F3000 X127.221 Y88.68 E831.72802
G0 F9000 X128.067 Y88.68
G1 F3000 X127.627 Y90.321 E831.78453
G0 F9000 X127.627 Y90.09
G0 X121.855 Y88.91
G0 X121.855 Y88.679
G1 F3000 X121.416 Y90.32 E831.84103
G0 F9000 X121.416 Y90.09
G0 X120.375 Y90.09
G0 X120.375 Y90.32
G1 F3000 X118.735 Y88.68 E831.91817
G0 F9000 X118.735 Y88.91
G0 X121.71 Y88.91
G0 X121.71 Y88.68
G1 F3000 X115.589 Y90.32 E832.12893
G0 F9000 X115.204 Y90.321
G1 F3000 X115.644 Y88.679 E832.18547
G0 F9000 X115.644 Y88.91
G0 X111.89 Y90.09
G0 X111.89 Y90.32
G1 F3000 X110.25 Y88.68 E832.26261
G0 F9000 X109.432 Y88.68
G1 F3000 X108.992 Y90.32 E832.31909
G0 F9000 X108.992 Y90.09
G0 X103.404 Y90.09
G0 X103.404 Y90.32
G1 F3000 X101.765 Y88.68 E832.39621
G0 F9000 X101.765 Y88.91
G0 X103.22 Y88.91
G0 X103.22 Y88.68
G1 F3000 X102.781 Y90.32 E832.45267
G0 F9000 X102.781 Y90.09
G0 X98.527 Y88.91
G0 X98.527 Y88.68
G1 F3000 X90.429 Y90.85 E832.73152
G0 F9000 X90.66 Y90.85
G0 X90.66 Y94.315
G0 X90.428 Y94.315
G1 F3000 X91.857 Y95.744 E832.79873
G0 F9000 X91.857 Y95.515
G0 X92.402 Y95.576
G0 X92.782 Y95.668
G0 X93.751 Y96.041
G0 X93.598 Y96.212
G1 F3000 X96.32 Y95.483 E832.89246
G0 F9000 X96.09 Y95.483
G0 X94.827 Y97.54
G0 X94.613 Y97.62
G1 F3000 X96.32 Y91.25 E833.1118
G0 F9000 X96.32 Y91.721
G1 F3000 X93.279 Y88.68 E833.25484
G0 F9000 X93.279 Y88.91
G0 X97.009 Y88.91
G0 X97.009 Y88.679
G1 F3000 X96.507 Y90.551 E833.3193
G0 F9000 X96.09 Y90.551
G0 X94.949 Y98.63
G0 X94.715 Y98.601
G1 F3000 X96.32 Y100.206 E833.3948
G0 F9000 X96.09 Y100.206
G0 X96.09 Y101.695
G0 X96.32 Y101.695
G1 F3000 X90.43 Y103.273 E833.59761
G0 F9000 X90.43 Y102.801
G1 F3000 X96.32 Y108.692 E833.87468
G0 F9000 X96.319 Y107.907
G1 F3000 X90.43 Y109.485 E834.07746
G0 F9000 X90.66 Y109.485
G0 X90.66 Y111.287
G0 X90.43 Y111.287
G1 F3000 X96.32 Y117.177 E834.3545
G0 F9000 X96.09 Y117.177
G0 X96.09 Y114.432
G0 X96.32 Y114.432
G1 F3000 X90.43 Y136.413 E835.11139
G0 F9000 X90.43 Y136.742
G1 F3000 X91.192 Y137.505 E835.14725
G0 F9000 X91.139 Y137.284
G0 X90.66 Y134.331
G0 X90.431 Y134.331
G1 F3000 X96.319 Y132.753 E835.35
G0 F9000 X96.09 Y132.753
G0 X96.09 Y134.147
G0 X96.32 Y134.147
G1 F3000 X90.43 Y128.257 E835.62705
G1 X90.43 Y128.12
G1 X96.319 Y126.542 E835.82983
G0 F9000 X96.32 Y125.662
G1 F3000 X90.43 Y119.772 E836.10687
G0 F9000 X90.66 Y119.772
G0 X90.66 Y121.908
G0 X90.43 Y121.908
G1 F3000 X96.32 Y120.33 E836.30968
G0 F9000 X96.09 Y120.33
G0 X96.09 Y114.118
G0 X96.319 Y114.118
G1 F3000 X90.431 Y115.696 E836.51243
G0 F9000 X90.66 Y115.696
G0 X90.66 Y113.23
G0 X90.43 Y113.23
G1 F3000 X93.88 Y100.354 E836.95579
G1 F2700 E831.95579
G0 F9000 X94.034 Y100.528
G0 X96.09 Y137.614
G0 X96.32 Y137.614
G1 F2700 E836.95579
G1 F3000 X93.987 Y146.32 E837.25557
G0 F9000 X93.987 Y146.09
G0 X92.091 Y146.088
G0 X92.065 Y146.317
G1 F3000 X96.217 Y145.204 E837.39855
G0 F9000 X96.004 Y145.13
G0 X96.09 Y142.633
G0 X96.32 Y142.633
G1 F3000 X94.585 Y140.897 E837.48018
G0 F9000 X94.8 Y140.979
G0 X94.866 Y140.446
G0 X94.897 Y139.38
G0 X94.67 Y139.407
G1 F3000 X96.32 Y138.965 E837.53699
G0 F9000 X96.09 Y138.965
G0 X94.197 Y141.933
G0 X90.803 Y145.293
G0 X90.59 Y145.388
G1 F3000 X91.35 Y146.148 E837.57274
G0 F9000 X91.589 Y145.675
;MESH:NONMESH
G0 F300 Z4.8
G0 F9000 X94.635 Y146.091
G0 X94.653 Y146.4
;TIME_ELAPSED:1399.838962
;LAYER:23
;TYPE:WALL-INNER
;MESH:battery holder-BodyChamfer.stl
G1 F1500 X95.064 Y146.351 E837.58651
G1 X95.429 Y146.223 E837.59937
G1 X95.747 Y146.024 E837.61185
G1 X96.024 Y145.747 E837.62488
G1 X96.223 Y145.429 E837.63735
G1 X96.351 Y145.064 E837.65022
G1 X96.4 Y144.653 E837.66399
G1 X96.4 Y90.879 E839.45252
G1 X96.52 Y90.64 E839.46141
G1 X96.717 Y90.47 E839.47007
G1 X96.922 Y90.4 E839.47727
G1 X138 Y90.4 E840.84353
G1 X138.283 Y90.47 E840.85323
G1 X138.48 Y90.64 E840.86188
G1 X138.6 Y90.879 E840.87078
G1 X138.601 Y115.655 E841.69483
G1 X138.645 Y116.066 E841.70858
G1 X138.773 Y116.429 E841.72138
G1 X138.972 Y116.747 E841.73386
G1 X139.248 Y117.023 E841.74684
G1 X139.57 Y117.224 E841.75946
G1 X139.933 Y117.351 E841.77226
G1 X140.347 Y117.4 E841.78612
G1 X142.901 Y117.4 E841.87107
G1 X143.316 Y117.351 E841.88497
G1 X143.677 Y117.224 E841.89769
G1 X143.995 Y117.024 E841.91019
G1 X144.273 Y116.745 E841.92329
G1 X144.476 Y116.427 E841.93584
G1 X144.602 Y116.066 E841.94855
G1 X144.648 Y115.655 E841.96231
G1 X144.648 Y100.347 E842.47146
G1 X144.352 Y100.587 E842.48413
G1 X143.861 Y100.847 E842.50261
G1 X143.253 Y100.992 E842.5234
G1 X142.623 Y100.992 E842.54435
G1 X142.013 Y100.846 E842.56521
G1 X141.46 Y100.553 E842.58603
G1 X140.991 Y100.137 E842.60688
G1 X140.627 Y99.612 E842.62813
G1 X140.414 Y99.041 E842.6484
G1 X140.34 Y98.408 E842.6696
G1 X140.412 Y97.781 E842.69059
G1 X140.627 Y97.204 E842.71107
G1 X140.991 Y96.679 E842.73231
G1 X141.461 Y96.261 E842.75323
G1 X142.015 Y95.974 E842.77399
G1 X142.62 Y95.824 E842.79472
G1 X143.256 Y95.824 E842.81587
G1 X143.861 Y95.974 E842.8366
G1 X144.349 Y96.227 E842.85489
G1 X144.648 Y96.469 E842.86768
G1 X144.648 Y90.345 E843.07137
G1 X144.603 Y89.93 E843.08525
G1 X144.476 Y89.572 E843.09788
G1 X144.272 Y89.25 E843.11056
G1 X143.995 Y88.972 E843.12361
G1 X143.677 Y88.772 E843.13611
G1 X143.318 Y88.645 E843.14877
G1 X142.903 Y88.6 E843.16266
G1 X92.093 Y88.6 E844.85261
G1 X91.682 Y88.645 E844.86636
G1 X91.319 Y88.773 E844.87916
G1 X91.001 Y88.972 E844.89164
G1 X90.724 Y89.25 E844.90469
G1 X90.521 Y89.57 E844.91729
G1 X90.397 Y89.93 E844.92996
G1 X90.348 Y90.347 E844.94392
G1 X90.349 Y96.468 E845.14751
G1 X90.647 Y96.227 E845.16025
G1 X91.135 Y95.974 E845.17854
G1 X91.74 Y95.824 E845.19927
G1 X92.376 Y95.824 E845.22042
G1 X92.981 Y95.974 E845.24115
G1 X93.535 Y96.261 E845.26191
G1 X94.002 Y96.677 E845.28271
G1 X94.366 Y97.2 E845.3039
G1 X94.589 Y97.784 E845.32469
G1 X94.656 Y98.408 E845.34557
G1 X94.588 Y99.036 E845.36658
G1 X94.366 Y99.617 E845.38726
G1 X94.002 Y100.139 E845.40843
G1 X93.537 Y100.553 E845.42914
G1 X92.982 Y100.846 E845.45001
G1 X92.373 Y100.992 E845.47084
G1 X91.743 Y100.992 E845.49179
G1 X91.133 Y100.846 E845.51265
G1 X90.644 Y100.587 E845.53106
G1 X90.349 Y100.348 E845.54369
G1 X90.349 Y138.1 E846.79932
G1 X90.644 Y137.861 E846.81195
G1 X91.132 Y137.603 E846.83031
G1 X91.739 Y137.452 E846.85112
G1 X92.376 Y137.452 E846.8723
G1 X92.984 Y137.603 E846.89314
G1 X93.537 Y137.895 E846.91394
G1 X94.002 Y138.309 E846.93465
G1 X94.366 Y138.832 E846.95584
G1 X94.589 Y139.416 E846.97663
G1 X94.656 Y140.04 E846.9975
G1 X94.587 Y140.666 E847.01845
G1 X94.368 Y141.247 E847.0391
G1 X94.004 Y141.766 E847.06019
G1 X93.536 Y142.186 E847.0811
G1 X92.98 Y142.475 E847.10194
G1 X92.367 Y142.624 E847.12293
G1 X91.74 Y142.624 E847.14378
G1 X91.135 Y142.474 E847.16451
G1 X90.647 Y142.221 E847.18279
G1 X90.348 Y141.977 E847.19563
G1 X90.348 Y144.653 E847.28463
G1 X90.397 Y145.066 E847.29847
G1 X90.521 Y145.429 E847.31122
G1 X90.723 Y145.745 E847.3237
G1 X91.001 Y146.024 E847.3368
G1 X91.319 Y146.223 E847.34928
G1 X91.684 Y146.351 E847.36214
G1 X92.095 Y146.4 E847.37591
G1 X94.653 Y146.4 E847.46099
G0 F9000 X94.676 Y146.8
;TYPE:WALL-OUTER
G1 F1500 X95.154 Y146.743 E847.477
G1 X95.604 Y146.586 E847.49285
G1 X95.998 Y146.338 E847.50833
G1 X96.338 Y145.998 E847.52433
G1 X96.586 Y145.604 E847.53981
G1 X96.743 Y145.154 E847.55566
G1 X96.8 Y144.676 E847.57167
G1 X96.8 Y90.959 E849.35831
G1 X96.84 Y90.88 E849.36125
G1 X96.965 Y90.803 E849.36614
G1 X138.077 Y90.8 E850.73353
G1 X138.2 Y90.959 E850.74021
G1 X138.201 Y115.677 E851.56234
G1 X138.253 Y116.155 E851.57833
G1 X138.41 Y116.604 E851.59415
G1 X138.658 Y116.998 E851.60963
G1 X138.998 Y117.338 E851.62563
G1 X139.396 Y117.586 E851.64122
G1 X139.842 Y117.743 E851.65695
G1 X140.324 Y117.8 E851.67309
G1 X142.924 Y117.8 E851.75957
G1 X143.406 Y117.743 E851.77571
G1 X143.852 Y117.586 E851.79144
G1 X144.246 Y117.338 E851.80692
G1 X144.587 Y116.997 E851.82296
G1 X144.838 Y116.603 E851.8385
G1 X144.995 Y116.155 E851.85429
G1 X145.048 Y115.677 E851.87029
G1 X145.048 Y99.431 E852.41063
G1 F1530.6 X145.062 Y98.948 E852.42638
G1 X144.9 Y99.404 E852.44215
G1 F1500 X144.566 Y99.886 E852.46166
G1 X144.166 Y100.233 E852.47927
G1 X143.695 Y100.475 E852.49688
G1 X143.227 Y100.587 E852.51289
G1 X142.649 Y100.587 E852.53211
G1 X142.134 Y100.457 E852.54978
G1 X141.671 Y100.206 E852.56729
G1 X141.279 Y99.85 E852.58491
G1 X140.976 Y99.402 E852.6029
G1 X140.801 Y98.917 E852.62004
G1 X140.74 Y98.408 E852.6371
G1 X140.801 Y97.899 E852.65415
G1 X140.976 Y97.414 E852.67129
G1 X141.311 Y96.93 E852.69087
G1 X141.711 Y96.582 E852.70851
G1 X142.179 Y96.345 E852.72595
G1 X142.647 Y96.229 E852.74199
G1 X143.229 Y96.229 E852.76135
G1 X143.697 Y96.345 E852.77739
G1 X144.165 Y96.582 E852.79483
G1 X144.566 Y96.93 E852.81249
G1 X144.9 Y97.412 E852.832
G1 F1530.6 X145.062 Y97.867 E852.84774
G1 X145.048 Y97.385 E852.86346
G1 F1500 X145.048 Y90.323 E853.09834
G1 X144.995 Y89.841 E853.11447
G1 X144.838 Y89.396 E853.13016
G1 X144.586 Y88.998 E853.14583
G1 X144.246 Y88.658 E853.16182
G1 X143.852 Y88.41 E853.17731
G1 X143.407 Y88.253 E853.193
G1 X142.925 Y88.2 E853.20913
G1 X92.071 Y88.2 E854.90054
G1 X91.593 Y88.253 E854.91654
G1 X91.144 Y88.41 E854.93236
G1 X90.75 Y88.658 E854.94784
G1 X90.41 Y88.998 E854.96383
G1 X90.158 Y89.396 E854.9795
G1 X90.005 Y89.841 E854.99515
G1 X89.948 Y90.324 E855.01133
G1 X89.948 Y97.387 E855.24625
G1 F1554.4 X89.935 Y97.901 E855.26275
G1 X90.096 Y97.413 E855.27924
G1 F1500 X90.43 Y96.93 E855.29877
G1 X90.831 Y96.582 E855.31643
G1 X91.299 Y96.345 E855.33388
G1 X91.767 Y96.229 E855.34992
G1 X92.349 Y96.229 E855.36928
G1 X92.817 Y96.345 E855.38531
G1 X93.285 Y96.582 E855.40276
G1 X93.717 Y96.966 E855.42198
G1 X94.019 Y97.412 E855.4399
G1 X94.199 Y97.901 E855.45723
G1 X94.256 Y98.408 E855.4742
G1 X94.198 Y98.927 E855.49157
G1 X93.997 Y99.446 E855.51008
G1 X93.685 Y99.886 E855.52802
G1 X93.286 Y100.233 E855.54561
G1 X92.815 Y100.475 E855.56322
G1 X92.347 Y100.587 E855.57923
G1 X91.769 Y100.587 E855.59845
G1 X91.254 Y100.457 E855.61612
G1 X90.791 Y100.206 E855.63363
G1 X90.43 Y99.886 E855.64968
G1 X90.096 Y99.403 E855.66921
G1 F1554.4 X89.935 Y98.915 E855.6857
G1 X89.948 Y99.429 E855.70221
G1 F1500 X89.948 Y139.019 E857.01897
G1 F1554.4 X89.935 Y139.533 E857.03548
G1 X90.096 Y139.045 E857.05197
G1 F1500 X90.43 Y138.562 E857.0715
G1 X90.83 Y138.215 E857.08911
G1 X91.299 Y137.973 E857.10667
G1 X91.767 Y137.857 E857.1227
G1 X92.349 Y137.857 E857.14206
G1 X92.817 Y137.973 E857.1581
G1 X93.325 Y138.242 E857.17722
G1 X93.717 Y138.598 E857.19483
G1 X94.019 Y139.044 E857.21274
G1 X94.199 Y139.533 E857.23007
G1 X94.256 Y140.04 E857.24704
G1 X94.198 Y140.555 E857.26428
G1 X94.02 Y141.035 E857.28131
G1 X93.686 Y141.513 E857.3007
G1 X93.285 Y141.866 E857.31847
G1 X92.817 Y142.103 E857.33592
G1 X92.349 Y142.219 E857.35196
G1 X91.767 Y142.219 E857.37131
G1 X91.299 Y142.103 E857.38735
G1 X90.831 Y141.866 E857.4048
G1 X90.4 Y141.479 E857.42406
G1 X90.096 Y141.034 E857.44199
G1 F1554.4 X89.935 Y140.543 E857.45857
G1 X89.949 Y141.06 E857.47517
G1 F1500 X89.948 Y144.676 E857.59544
G1 X90.005 Y145.155 E857.61149
G1 X90.158 Y145.604 E857.62726
G1 X90.409 Y145.997 E857.64277
G1 X90.75 Y146.338 E857.65881
G1 X91.144 Y146.586 E857.6743
G1 X91.594 Y146.743 E857.69015
G1 X92.072 Y146.8 E857.70616
G1 X94.676 Y146.8 E857.79277
G1 F2700 E852.79277
G0 F9000 X94.635 Y146.091
G0 X90.224 Y141.665
G0 X89.935 Y140.543
G1 F2700 E857.79277
G1 F1754.4 X89.904 Y140.04 E857.8071
G1 X89.935 Y139.533 E857.82155
G1 F2700 E852.82155
G0 F9000 X89.085 Y139.533
G0 X89.085 Y98.915
G0 X89.935 Y98.915
G1 F2700 E857.82155
G1 F1754.4 X89.904 Y98.408 E857.83599
G1 X89.935 Y97.901 E857.85043
G1 F2700 E852.85043
G0 F9000 X145.063 Y97.901
G1 F2700 E857.85043
G1 F1769.9 X145.094 Y98.408 E857.86475
G1 X145.063 Y98.924 E857.87932
G1 F2700 E852.87932
G0 F9000 X144.835 Y99.893
G0 X144.34 Y101.338
G0 X144.565 Y101.338
;TYPE:FILL
G1 F2700 E857.87932
G1 F3000 X138.681 Y102.915 E858.08193
G0 F9000 X138.91 Y102.915
G0 X138.91 Y99.939
G0 X138.68 Y99.939
G1 F3000 X144.567 Y105.826 E858.35884
G0 F9000 X144.34 Y105.826
G0 X144.34 Y107.549
G0 X144.566 Y107.549
G1 F3000 X138.681 Y109.126 E858.56148
G0 F9000 X138.68 Y108.424
G1 F3000 X144.568 Y114.312 E858.83844
G0 F9000 X144.567 Y113.76
G1 F3000 X138.681 Y115.338 E859.04112
G0 F9000 X138.91 Y115.338
G0 X139.22 Y116.558
G0 X139.045 Y116.705
G1 F3000 X143.234 Y101.072 E859.57942
G0 F9000 X143.234 Y101.305
G0 X142.598 Y101.244
G0 X141.928 Y101.081
G0 X141.318 Y100.759
G0 X140.803 Y100.303
G0 X140.41 Y99.735
G0 X140.168 Y99.094
G0 X140.084 Y98.411
G0 X140.168 Y97.725
G0 X140.411 Y97.085
G0 X140.803 Y96.517
G0 X141.318 Y96.061
G0 X141.928 Y95.739
G0 X142.598 Y95.576
G0 X143.282 Y95.576
G0 X143.825 Y95.708
G0 X144.389 Y95.955
G0 X144.531 Y96.231
G1 F3000 X144.568 Y96.094 E859.58414
G0 F9000 X144.567 Y95.126
G1 F3000 X138.68 Y96.703 E859.78684
G0 F9000 X138.91 Y96.703
G0 X138.91 Y94.884
G0 X138.681 Y94.884
G1 F3000 X140.343 Y88.679 E860.0005
G0 F9000 X140.343 Y88.91
G0 X138.91 Y90.544
G0 X138.484 Y90.544
G1 F3000 X143.98 Y89.071 E860.18975
G0 F9000 X143.819 Y89.231
G0 X138.91 Y91.454
G0 X138.68 Y91.454
G1 F3000 X142.97 Y95.744 E860.39153
G0 F9000 X142.97 Y95.515
G0 X138.838 Y90.162
G0 X137.546 Y90.09
G0 X137.546 Y90.32
G1 F3000 X135.907 Y88.68 E860.46865
G0 F9000 X135.907 Y88.91
G0 X134.131 Y88.91
G0 X134.131 Y88.679
G1 F3000 X133.692 Y90.321 E860.52518
G0 F9000 X133.692 Y90.09
G0 X129.061 Y90.09
G0 X129.061 Y90.32
G1 F3000 X127.421 Y88.68 E860.60232
G0 F9000 X127.92 Y88.68
G1 F3000 X127.48 Y90.321 E860.65883
G0 F9000 X127.48 Y90.09
G0 X122.259 Y88.91
G0 X122.259 Y88.68
G1 F3000 X116.138 Y90.32 E860.8696
G0 F9000 X116.138 Y90.09
G0 X115.057 Y90.09
G0 X115.057 Y90.32
G1 F3000 X115.497 Y88.679 E860.9261
G0 F9000 X115.497 Y88.91
G0 X118.936 Y88.91
G0 X118.936 Y88.68
G1 F3000 X120.576 Y90.32 E861.00325
G0 F9000 X121.269 Y90.32
G1 F3000 X121.708 Y88.679 E861.05974
G0 F9000 X121.708 Y88.91
G0 X112.091 Y90.09
G0 X112.091 Y90.32
G1 F3000 X110.451 Y88.68 E861.13689
G0 F9000 X110.451 Y88.91
G0 X109.285 Y88.91
G0 X109.285 Y88.68
G1 F3000 X108.845 Y90.32 E861.19336
G0 F9000 X108.845 Y90.09
G0 X103.605 Y90.09
G0 X103.605 Y90.32
G1 F3000 X101.966 Y88.68 E861.27048
G0 F9000 X101.966 Y88.91
G0 X103.073 Y88.91
G0 X103.073 Y88.68
G1 F3000 X102.634 Y90.32 E861.32694
G0 F9000 X102.634 Y90.09
G0 X99.076 Y88.91
G0 X99.076 Y88.68
G1 F3000 X90.429 Y90.997 E861.62469
G0 F9000 X90.66 Y90.997
G0 X90.66 Y94.114
G0 X90.428 Y94.114
G1 F3000 X92.058 Y95.744 E861.70136
G0 F9000 X92.058 Y95.515
G0 X92.971 Y95.717
G0 X93.878 Y96.154
G0 X93.725 Y96.325
G1 F3000 X96.32 Y95.63 E861.79071
G0 F9000 X96.09 Y95.63
G0 X94.741 Y97.314
G0 X94.526 Y97.395
G1 F3000 X96.862 Y88.679 E862.09084
G0 F9000 X96.862 Y88.91
G0 X96.162 Y90.162
G0 X96.09 Y91.52
G0 X96.32 Y91.52
G1 F3000 X93.48 Y88.68 E862.22442
G0 F9000 X93.48 Y88.91
G0 X94.971 Y98.449
G0 X94.735 Y98.42
G1 F3000 X96.32 Y100.005 E862.29898
G0 F9000 X96.09 Y100.005
G0 X96.09 Y101.842
G0 X96.32 Y101.842
G1 F3000 X90.43 Y103.42 E862.50179
G0 F9000 X90.43 Y102.6
G1 F3000 X96.32 Y108.491 E862.77886
G0 F9000 X96.319 Y108.054
G1 F3000 X90.43 Y109.632 E862.98164
G0 F9000 X90.66 Y109.632
G0 X90.66 Y111.086
G0 X90.43 Y111.086
G1 F3000 X96.32 Y116.976 E863.25869
G0 F9000 X96.09 Y116.976
G0 X96.09 Y114.265
G0 X96.319 Y114.265
G1 F3000 X90.43 Y115.843 E863.46147
G0 F9000 X90.66 Y115.843
G0 X90.66 Y112.682
G0 X90.43 Y112.682
G1 F3000 X93.688 Y100.523 E863.88014
G0 F9000 X93.842 Y100.698
G0 X96.09 Y113.883
G0 X96.32 Y113.883
G1 F3000 X90.43 Y135.864 E864.63702
G0 F9000 X90.43 Y136.542
G1 F3000 X91.353 Y137.464 E864.68042
G0 F9000 X91.301 Y137.245
G0 X90.66 Y134.478
G0 X90.43 Y134.478
G1 F3000 X96.319 Y132.9 E864.88319
G0 F9000 X96.09 Y132.9
G0 X96.09 Y133.947
G0 X96.32 Y133.947
G1 F3000 X90.43 Y128.056 E865.16027
G0 F9000 X90.43 Y128.267
G1 F3000 X96.319 Y126.689 E865.36304
G0 F9000 X96.09 Y126.689
G0 X96.09 Y125.461
G0 X96.32 Y125.461
G1 F3000 X90.43 Y119.571 E865.64009
G0 F9000 X90.66 Y119.571
G0 X90.66 Y122.055
G0 X90.43 Y122.055
G1 F3000 X96.32 Y120.477 E865.8429
G0 F9000 X96.09 Y120.477
G0 X96.09 Y137.065
G0 X96.32 Y137.065
G1 F3000 X93.84 Y146.32 E866.16159
G0 F9000 X93.84 Y146.09
G0 X92.598 Y146.09
G0 X92.598 Y146.321
G1 F3000 X96.161 Y145.366 E866.28427
G0 F9000 X95.948 Y145.292
G0 X96.09 Y142.432
G0 X96.32 Y142.432
G1 F3000 X94.64 Y140.752 E866.3633
G0 F9000 X94.855 Y140.834
G0 X94.914 Y139.523
G0 X94.684 Y139.55
G1 F3000 X96.32 Y139.112 E866.41963
G0 F9000 X96.09 Y139.112
G0 X94.197 Y141.933
G0 X90.704 Y145.008
G0 X90.486 Y145.083
G1 F3000 X91.662 Y146.259 E866.47494
G0 F9000 X91.837 Y145.758
;MESH:NONMESH
G0 F300 Z5
G0 F9000 X94.635 Y146.091
G0 X94.653 Y146.4
;TIME_ELAPSED:1444.388080
;LAYER:24
;TYPE:WALL-INNER
;MESH:battery holder-BodyChamfer.stl
G1 F1500 X95.064 Y146.351 E866.48871
G1 X95.429 Y146.223 E866.50157
G1 X95.747 Y146.024 E866.51405
G1 X96.024 Y145.747 E866.52708
G1 X96.223 Y145.429 E866.53956
G1 X96.351 Y145.064 E866.55242
G1 X96.4 Y144.653 E866.56619
G1 X96.4 Y90.879 E868.35472
G1 X96.52 Y90.64 E868.36361
G1 X96.717 Y90.47 E868.37227
G1 X96.922 Y90.4 E868.37947
G1 X138 Y90.4 E869.74573
G1 X138.283 Y90.47 E869.75543
G1 X138.48 Y90.64 E869.76408
G1 X138.6 Y90.879 E869.77298
G1 X138.601 Y115.655 E870.59703
G1 X138.645 Y116.066 E870.61078
G1 X138.773 Y116.429 E870.62358
G1 X138.972 Y116.747 E870.63606
G1 X139.248 Y117.023 E870.64904
G1 X139.57 Y117.224 E870.66167
G1 X139.933 Y117.351 E870.67446
G1 X140.347 Y117.4 E870.68832
G1 X142.901 Y117.4 E870.77327
G1 X143.316 Y117.351 E870.78717
G1 X143.677 Y117.224 E870.7999
G1 X143.995 Y117.024 E870.81239
G1 X144.273 Y116.745 E870.82549
G1 X144.476 Y116.427 E870.83804
G1 X144.602 Y116.066 E870.85076
G1 X144.648 Y115.655 E870.86451
G1 X144.648 Y100.347 E871.37366
G1 X144.352 Y100.587 E871.38633
G1 X143.861 Y100.847 E871.40481
G1 X143.253 Y100.992 E871.4256
G1 X142.623 Y100.992 E871.44655
G1 X142.013 Y100.846 E871.46742
G1 X141.46 Y100.553 E871.48823
G1 X140.991 Y100.137 E871.50908
G1 X140.627 Y99.612 E871.53033
G1 X140.414 Y99.041 E871.5506
G1 X140.34 Y98.408 E871.5718
G1 X140.412 Y97.781 E871.59279
G1 X140.627 Y97.204 E871.61327
G1 X140.991 Y96.679 E871.63452
G1 X141.461 Y96.261 E871.65544
G1 X142.015 Y95.974 E871.67619
G1 X142.62 Y95.824 E871.69692
G1 X143.256 Y95.824 E871.71807
G1 X143.861 Y95.974 E871.73881
G1 X144.349 Y96.227 E871.75709
G1 X144.648 Y96.469 E871.76988
G1 X144.648 Y90.345 E871.97357
G1 X144.603 Y89.93 E871.98745
G1 X144.476 Y89.572 E872.00008
G1 X144.272 Y89.25 E872.01276
G1 X143.995 Y88.972 E872.02582
G1 X143.677 Y88.772 E872.03831
G1 X143.318 Y88.645 E872.05098
G1 X142.903 Y88.6 E872.06486
G1 X92.093 Y88.6 E873.75481
G1 X91.682 Y88.645 E873.76856
G1 X91.319 Y88.773 E873.78136
G1 X91.001 Y88.972 E873.79384
G1 X90.724 Y89.25 E873.80689
G1 X90.521 Y89.57 E873.81949
G1 X90.397 Y89.93 E873.83216
G1 X90.348 Y90.347 E873.84612
G1 X90.349 Y96.468 E874.04971
G1 X90.647 Y96.227 E874.06246
G1 X91.135 Y95.974 E874.08074
G1 X91.74 Y95.824 E874.10147
G1 X92.376 Y95.824 E874.12262
G1 X92.981 Y95.974 E874.14336
G1 X93.535 Y96.261 E874.16411
G1 X94.002 Y96.677 E874.18491
G1 X94.366 Y97.2 E874.2061
G1 X94.589 Y97.784 E874.22689
G1 X94.656 Y98.408 E874.24777
G1 X94.588 Y99.036 E874.26878
G1 X94.366 Y99.617 E874.28946
G1 X94.002 Y100.139 E874.31063
G1 X93.537 Y100.553 E874.33134
G1 X92.982 Y100.846 E874.35221
G1 X92.373 Y100.992 E874.37304
G1 X91.743 Y100.992 E874.39399
G1 X91.133 Y100.846 E874.41486
G1 X90.644 Y100.587 E874.43326
G1 X90.349 Y100.348 E874.44589
G1 X90.349 Y138.1 E875.70153
G1 X90.644 Y137.861 E875.71415
G1 X91.132 Y137.603 E875.73251
G1 X91.739 Y137.452 E875.75332
G1 X92.376 Y137.452 E875.7745
G1 X92.984 Y137.603 E875.79534
G1 X93.537 Y137.895 E875.81614
G1 X94.002 Y138.309 E875.83685
G1 X94.366 Y138.832 E875.85804
G1 X94.589 Y139.416 E875.87883
G1 X94.656 Y140.04 E875.89971
G1 X94.587 Y140.666 E875.92065
G1 X94.368 Y141.247 E875.9413
G1 X94.004 Y141.766 E875.96239
G1 X93.536 Y142.186 E875.9833
G1 X92.98 Y142.475 E876.00415
G1 X92.367 Y142.624 E876.02513
G1 X91.74 Y142.624 E876.04598
G1 X91.135 Y142.474 E876.06671
G1 X90.647 Y142.221 E876.085
G1 X90.348 Y141.977 E876.09783
G1 X90.348 Y144.653 E876.18684
G1 X90.397 Y145.066 E876.20067
G1 X90.521 Y145.429 E876.21343
G1 X90.723 Y145.745 E876.2259
G1 X91.001 Y146.024 E876.239
G1 X91.319 Y146.223 E876.25148
G1 X91.684 Y146.351 E876.26434
G1 X92.095 Y146.4 E876.27811
G1 X94.653 Y146.4 E876.36319
G0 F9000 X94.676 Y146.8
;TYPE:WALL-OUTER
G1 F1500 X95.154 Y146.743 E876.3792
G1 X95.604 Y146.586 E876.39505
G1 X95.998 Y146.338 E876.41054
G1 X96.338 Y145.998 E876.42653
G1 X96.586 Y145.604 E876.44201
G1 X96.743 Y145.154 E876.45786
G1 X96.8 Y144.676 E876.47388
G1 X96.8 Y90.959 E878.26051
G1 X96.84 Y90.88 E878.26346
G1 X96.965 Y90.803 E878.26834
G1 X138.077 Y90.8 E879.63573
G1 X138.2 Y90.959 E879.64242
G1 X138.201 Y115.677 E880.46454
G1 X138.253 Y116.155 E880.48053
G1 X138.41 Y116.604 E880.49635
G1 X138.658 Y116.998 E880.51184
G1 X138.998 Y117.338 E880.52783
G1 X139.396 Y117.586 E880.54343
G1 X139.842 Y117.743 E880.55915
G1 X140.324 Y117.8 E880.5753
G1 X142.924 Y117.8 E880.66177
G1 X143.406 Y117.743 E880.67791
G1 X143.852 Y117.586 E880.69364
G1 X144.246 Y117.338 E880.70913
G1 X144.587 Y116.997 E880.72516
G1 X144.838 Y116.603 E880.7407
G1 X144.995 Y116.155 E880.75649
G1 X145.048 Y115.677 E880.77249
G1 X145.048 Y99.431 E881.31283
G1 F1530.6 X145.062 Y98.948 E881.32858
G1 X144.9 Y99.404 E881.34435
G1 F1500 X144.566 Y99.886 E881.36386
G1 X144.166 Y100.233 E881.38147
G1 X143.695 Y100.475 E881.39908
G1 X143.227 Y100.587 E881.41509
G1 X142.649 Y100.587 E881.43431
G1 X142.134 Y100.457 E881.45198
G1 X141.671 Y100.206 E881.4695
G1 X141.279 Y99.85 E881.48711
G1 X140.976 Y99.402 E881.5051
G1 X140.801 Y98.917 E881.52225
G1 X140.74 Y98.408 E881.5393
G1 X140.801 Y97.899 E881.55635
G1 X140.976 Y97.414 E881.5735
G1 X141.311 Y96.93 E881.59307
G1 X141.711 Y96.582 E881.61071
G1 X142.179 Y96.345 E881.62816
G1 X142.647 Y96.229 E881.64419
G1 X143.229 Y96.229 E881.66355
G1 X143.697 Y96.345 E881.67959
G1 X144.165 Y96.582 E881.69704
G1 X144.566 Y96.93 E881.71469
G1 X144.9 Y97.412 E881.7342
G1 F1530.6 X145.062 Y97.867 E881.74994
G1 X145.048 Y97.385 E881.76566
G1 F1500 X145.048 Y90.323 E882.00054
G1 X144.995 Y89.841 E882.01667
G1 X144.838 Y89.396 E882.03236
G1 X144.586 Y88.998 E882.04803
G1 X144.246 Y88.658 E882.06403
G1 X143.852 Y88.41 E882.07951
G1 X143.407 Y88.253 E882.0952
G1 X142.925 Y88.2 E882.11133
G1 X92.071 Y88.2 E883.80274
G1 X91.593 Y88.253 E883.81874
G1 X91.144 Y88.41 E883.83456
G1 X90.75 Y88.658 E883.85004
G1 X90.41 Y88.998 E883.86604
G1 X90.158 Y89.396 E883.8817
G1 X90.005 Y89.841 E883.89736
G1 X89.948 Y90.324 E883.91353
G1 X89.948 Y97.387 E884.14845
G1 F1554.4 X89.935 Y97.901 E884.16495
G1 X90.096 Y97.413 E884.18144
G1 F1500 X90.43 Y96.93 E884.20098
G1 X90.831 Y96.582 E884.21864
G1 X91.299 Y96.345 E884.23608
G1 X91.767 Y96.229 E884.25212
G1 X92.349 Y96.229 E884.27148
G1 X92.817 Y96.345 E884.28751
G1 X93.285 Y96.582 E884.30496
G1 X93.717 Y96.966 E884.32419
G1 X94.019 Y97.412 E884.3421
G1 X94.199 Y97.901 E884.35943
G1 X94.256 Y98.408 E884.3764
G1 X94.198 Y98.927 E884.39377
G1 X93.997 Y99.446 E884.41228
G1 X93.685 Y99.886 E884.43022
G1 X93.286 Y100.233 E884.44781
G1 X92.815 Y100.475 E884.46542
G1 X92.347 Y100.587 E884.48143
G1 X91.769 Y100.587 E884.50065
G1 X91.254 Y100.457 E884.51832
G1 X90.791 Y100.206 E884.53583
G1 X90.43 Y99.886 E884.55188
G1 X90.096 Y99.403 E884.57141
G1 F1554.4 X89.935 Y98.915 E884.5879
G1 X89.948 Y99.429 E884.60441
G1 F1500 X89.948 Y139.019 E885.92118
G1 F1554.4 X89.935 Y139.533 E885.93768
G1 X90.096 Y139.045 E885.95417
G1 F1500 X90.43 Y138.562 E885.9737
G1 X90.83 Y138.215 E885.99132
G1 X91.299 Y137.973 E886.00887
G1 X91.767 Y137.857 E886.02491
G1 X92.349 Y137.857 E886.04426
G1 X92.817 Y137.973 E886.0603
G1 X93.325 Y138.242 E886.07942
G1 X93.717 Y138.598 E886.09703
G1 X94.019 Y139.044 E886.11495
G1 X94.199 Y139.533 E886.13228
G1 X94.256 Y140.04 E886.14925
G1 X94.198 Y140.555 E886.16648
G1 X94.02 Y141.035 E886.18351
G1 X93.686 Y141.513 E886.20291
G1 X93.285 Y141.866 E886.22067
G1 X92.817 Y142.103 E886.23812
G1 X92.349 Y142.219 E886.25416
G1 X91.767 Y142.219 E886.27352
G1 X91.299 Y142.103 E886.28955
G1 X90.831 Y141.866 E886.307
G1 X90.4 Y141.479 E886.32627
G1 X90.096 Y141.034 E886.34419
G1 F1554.4 X89.935 Y140.543 E886.36078
G1 X89.949 Y141.06 E886.37738
G1 F1500 X89.948 Y144.676 E886.49764
G1 X90.005 Y145.155 E886.51369
G1 X90.158 Y145.604 E886.52947
G1 X90.409 Y145.997 E886.54498
G1 X90.75 Y146.338 E886.56101
G1 X91.144 Y146.586 E886.5765
G1 X91.594 Y146.743 E886.59235
G1 X92.072 Y146.8 E886.60836
G1 X94.676 Y146.8 E886.69497
G1 F2700 E881.69497
G0 F9000 X94.635 Y146.091
G0 X90.224 Y141.665
G0 X89.935 Y140.543
G1 F2700 E886.69497
G1 F1754.4 X89.904 Y140.04 E886.7093
G1 X89.935 Y139.533 E886.72375
G1 F2700 E881.72375
G0 F9000 X89.085 Y139.533
G0 X89.085 Y98.915
G0 X89.935 Y98.915
G1 F2700 E886.72375
G1 F1754.4 X89.904 Y98.408 E886.73819
G1 X89.935 Y97.901 E886.75264
G1 F2700 E881.75264
G0 F9000 X145.063 Y97.901
G1 F2700 E886.75264
G1 F1769.9 X145.094 Y98.408 E886.76695
G1 X145.063 Y98.924 E886.78153
G1 F2700 E881.78153
G0 F9000 X144.835 Y99.893
G0 X144.34 Y101.484
G0 X144.565 Y101.484
;TYPE:FILL
G1 F2700 E886.78153
G1 F3000 X138.68 Y103.061 E886.98417
G0 F9000 X138.91 Y103.061
G0 X138.91 Y99.74
G0 X138.68 Y99.74
G1 F3000 X144.567 Y105.627 E887.26107
G0 F9000 X144.34 Y105.627
G0 X144.34 Y107.695
G0 X144.567 Y107.695
G1 F3000 X138.681 Y109.272 E887.46375
G0 F9000 X138.91 Y109.272
G0 X138.91 Y108.225
G0 X138.68 Y108.225
G1 F3000 X144.568 Y114.113 E887.7407
G0 F9000 X144.567 Y113.907
G1 F3000 X138.682 Y115.484 E887.94334
G0 F9000 X138.91 Y115.484
G0 X139.137 Y116.425
G0 X138.942 Y116.547
G1 F3000 X143.088 Y101.072 E888.4762
G0 F9000 X143.088 Y101.305
G0 X141.928 Y101.081
G0 X141.318 Y100.759
G0 X140.803 Y100.303
G0 X140.41 Y99.735
G0 X140.168 Y99.094
G0 X140.084 Y98.411
G0 X140.168 Y97.725
G0 X140.411 Y97.085
G0 X140.803 Y96.517
G0 X141.318 Y96.061
G0 X141.928 Y95.739
G0 X142.598 Y95.576
G0 X143.282 Y95.576
G0 X143.825 Y95.708
G0 X144.389 Y95.955
G0 X144.403 Y96.165
G1 F3000 X144.568 Y95.549 E888.49741
G0 F9000 X144.567 Y95.272
G1 F3000 X142.802 Y95.744 E888.55817
G0 F9000 X143.169 Y95.744
G1 F3000 X138.68 Y91.254 E888.76935
G0 F9000 X138.579 Y90.665
G1 F3000 X144.096 Y89.186 E888.95932
G0 F9000 X143.935 Y89.347
G0 X140.197 Y88.91
G0 X140.197 Y88.679
G1 F3000 X138.681 Y94.34 E889.15424
G0 F9000 X138.91 Y94.34
G0 X138.91 Y96.849
G0 X138.681 Y96.849
G1 F3000 X141.724 Y96.033 E889.25903
G0 F9000 X141.62 Y95.833
G0 X138.838 Y90.162
G0 X137.746 Y90.09
G0 X137.746 Y90.32
G1 F3000 X136.106 Y88.68 E889.33617
G0 F9000 X136.106 Y88.91
G0 X133.985 Y88.91
G0 X133.985 Y88.68
G1 F3000 X133.546 Y90.321 E889.39267
G0 F9000 X133.546 Y90.09
G0 X129.261 Y90.09
G0 X129.261 Y90.32
G1 F3000 X127.621 Y88.68 E889.46981
G1 X127.774 Y88.679
G1 X127.334 Y90.32 E889.52632
G0 F9000 X127.334 Y90.09
G0 X122.803 Y88.91
G0 X122.803 Y88.68
G1 F3000 X116.682 Y90.32 E889.73708
G0 F9000 X116.682 Y90.09
G0 X114.911 Y90.09
G0 X114.911 Y90.321
G1 F3000 X115.351 Y88.68 E889.79359
G0 F9000 X115.351 Y88.91
G0 X112.29 Y90.09
G0 X112.29 Y90.32
G1 F3000 X110.65 Y88.68 E889.87073
G0 F9000 X110.65 Y88.91
G0 X109.139 Y88.91
G0 X109.139 Y88.68
G1 F3000 X108.699 Y90.32 E889.92721
G0 F9000 X108.699 Y90.09
G0 X103.805 Y90.09
G0 X103.805 Y90.32
G1 F3000 X102.165 Y88.68 E890.00435
G0 F9000 X102.927 Y88.679
G1 F3000 X102.488 Y90.32 E890.06085
G0 F9000 X102.488 Y90.09
G0 X99.621 Y88.91
G0 X99.621 Y88.68
G1 F3000 X90.429 Y91.143 E890.37736
G0 F9000 X90.66 Y91.143
G0 X90.66 Y93.914
G0 X90.428 Y93.914
G1 F3000 X92.258 Y95.744 E890.46344
G0 F9000 X92.258 Y95.515
G0 X92.918 Y95.697
G0 X94.005 Y96.266
G0 X93.852 Y96.437
G1 F3000 X96.32 Y95.776 E890.54841
G0 F9000 X96.09 Y95.776
G0 X94.655 Y97.09
G0 X94.44 Y97.171
G1 F3000 X96.716 Y88.68 E890.8408
G0 F9000 X96.716 Y88.91
G0 X96.162 Y90.162
G0 X96.09 Y91.321
G0 X96.32 Y91.321
G1 F3000 X93.68 Y88.68 E890.965
G0 F9000 X93.68 Y88.91
G0 X94.948 Y98.172
G0 X94.714 Y98.2
G1 F3000 X96.32 Y99.806 E891.04054
G0 F9000 X96.09 Y99.806
G0 X96.09 Y101.988
G0 X96.319 Y101.988
G1 F3000 X90.43 Y103.566 E891.24332
G0 F9000 X90.66 Y103.566
G0 X90.66 Y102.401
G0 X90.43 Y102.401
G1 F3000 X96.32 Y108.291 E891.52036
G1 X96.319 Y108.2
G1 X90.43 Y109.778 E891.72314
G0 F9000 X90.66 Y109.778
G0 X90.66 Y110.886
G0 X90.43 Y110.886
G1 F3000 X96.32 Y116.777 E892.00021
G0 F9000 X96.09 Y116.777
G0 X96.09 Y114.411
G0 X96.32 Y114.411
G1 F3000 X90.431 Y115.989 E892.20299
G0 F9000 X90.66 Y115.989
G0 X90.66 Y119.372
G0 X90.43 Y119.372
G1 F3000 X96.32 Y125.262 E892.48004
G0 F9000 X96.09 Y125.262
G0 X96.09 Y126.835
G0 X96.319 Y126.835
G1 F3000 X90.43 Y128.413 E892.68282
G0 F9000 X90.43 Y127.857
G1 F3000 X96.32 Y133.747 E892.95987
G0 F9000 X96.319 Y133.046
G1 F3000 X90.431 Y134.624 E893.16261
G0 F9000 X90.43 Y135.32
G1 F3000 X96.32 Y113.338 E893.91953
G0 F9000 X96.09 Y113.338
G0 X90.66 Y112.137
G0 X90.43 Y112.137
G1 F3000 X93.506 Y100.659 E894.31476
G0 F9000 X93.613 Y100.864
G0 X96.09 Y120.623
G0 X96.319 Y120.623
G1 F3000 X90.43 Y122.201 E894.51754
G0 F9000 X90.66 Y122.201
G0 X90.66 Y136.342
G0 X90.43 Y136.342
G1 F3000 X91.512 Y137.425 E894.56846
G0 F9000 X91.46 Y137.206
G0 X92.402 Y137.206
G0 X93.072 Y137.369
G0 X93.682 Y137.691
G0 X94.196 Y138.146
G0 X94.514 Y138.605
G0 X94.931 Y139.664
G0 X94.7 Y139.692
G1 F3000 X96.32 Y139.258 E894.62424
G0 F9000 X96.09 Y139.258
G0 X94.906 Y140.616
G0 X94.676 Y140.588
G1 F3000 X96.32 Y142.232 E894.70157
G0 F9000 X96.09 Y142.232
G0 X95.868 Y145.418
G0 X96.058 Y145.539
G1 F3000 X93.143 Y146.32 E894.80194
G0 F9000 X93.694 Y146.321
G1 F3000 X96.32 Y136.519 E895.13945
G0 F9000 X96.09 Y136.519
G0 X94.832 Y140.724
G0 X94.59 Y141.365
G0 X94.197 Y141.933
G0 X90.681 Y144.824
G0 X90.452 Y144.849
G1 F3000 X91.898 Y146.296 E895.20749
G1 F2700 E890.20749
G0 F9000 X91.924 Y146.069
G0 X94.59 Y141.365
G0 X96.172 Y137.827
G0 X96.162 Y90.162
G0 X120.775 Y90.09
G0 X120.775 Y90.32
G1 F2700 E895.20749
G1 F3000 X119.135 Y88.68 E895.28463
G0 F9000 X119.135 Y88.91
G0 X121.562 Y88.91
G0 X121.562 Y88.679
G1 F3000 X121.123 Y90.32 E895.34113
G0 F9000 X121.123 Y89.79
G1 F2700 E890.34113
;MESH:NONMESH
G0 F300 Z5.2
G0 F9000 X96.162 Y90.162
G0 X96.169 Y120.02
G0 X94.635 Y146.091
G0 X94.653 Y146.4
;TIME_ELAPSED:1491.443226
;LAYER:25
;TYPE:WALL-INNER
;MESH:battery holder-BodyChamfer.stl
G1 F2700 E895.34113
G1 F1500 X95.064 Y146.351 E895.3549
G1 X95.429 Y146.223 E895.36776
G1 X95.747 Y146.024 E895.38024
G1 X96.024 Y145.747 E895.39327
G1 X96.223 Y145.429 E895.40575
G1 X96.351 Y145.064 E895.41861
G1 X96.4 Y144.653 E895.43238
G1 X96.4 Y90.879 E897.22091
G1 X96.52 Y90.64 E897.2298
G1 X96.717 Y90.47 E897.23846
G1 X96.922 Y90.4 E897.24566
G1 X138 Y90.4 E898.61192
G1 X138.283 Y90.47 E898.62162
G1 X138.48 Y90.64 E898.63027
G1 X138.6 Y90.879 E898.63917
G1 X138.601 Y115.655 E899.46322
G1 X138.645 Y116.066 E899.47697
G1 X138.773 Y116.429 E899.48977
G1 X138.972 Y116.747 E899.50225
G1 X139.248 Y117.023 E899.51523
G1 X139.57 Y117.224 E899.52785
G1 X139.933 Y117.351 E899.54065
G1 X140.347 Y117.4 E899.55451
G1 X142.901 Y117.4 E899.63946
G1 X143.316 Y117.351 E899.65336
G1 X143.677 Y117.224 E899.66609
G1 X143.995 Y117.024 E899.67858
G1 X144.273 Y116.745 E899.69168
G1 X144.476 Y116.427 E899.70423
G1 X144.602 Y116.066 E899.71695
G1 X144.648 Y115.655 E899.7307
G1 X144.648 Y100.347 E900.23985
G1 X144.352 Y100.587 E900.25252
G1 X143.861 Y100.847 E900.271
G1 X143.253 Y100.992 E900.29179
G1 X142.623 Y100.992 E900.31274
G1 X142.013 Y100.846 E900.3336
G1 X141.46 Y100.553 E900.35442
G1 X140.991 Y100.137 E900.37527
G1 X140.627 Y99.612 E900.39652
G1 X140.414 Y99.041 E900.41679
G1 X140.34 Y98.408 E900.43799
G1 X140.412 Y97.781 E900.45898
G1 X140.627 Y97.204 E900.47946
G1 X140.991 Y96.679 E900.50071
G1 X141.461 Y96.261 E900.52163
G1 X142.015 Y95.974 E900.54238
G1 X142.62 Y95.824 E900.56311
G1 X143.256 Y95.824 E900.58426
G1 X143.861 Y95.974 E900.60499
G1 X144.349 Y96.227 E900.62328
G1 X144.648 Y96.469 E900.63607
G1 X144.648 Y90.345 E900.83976
G1 X144.603 Y89.93 E900.85364
G1 X144.476 Y89.572 E900.86627
G1 X144.272 Y89.25 E900.87895
G1 X143.995 Y88.972 E900.892
G1 X143.677 Y88.772 E900.9045
G1 X143.318 Y88.645 E900.91716
G1 X142.903 Y88.6 E900.93105
G1 X92.093 Y88.6 E902.621
G1 X91.682 Y88.645 E902.63475
G1 X91.319 Y88.773 E902.64755
G1 X91.001 Y88.972 E902.66003
G1 X90.724 Y89.25 E902.67308
G1 X90.521 Y89.57 E902.68568
G1 X90.397 Y89.93 E902.69835
G1 X90.348 Y90.347 E902.71231
G1 X90.349 Y96.468 E902.9159
G1 X90.647 Y96.227 E902.92865
G1 X91.135 Y95.974 E902.94693
G1 X91.74 Y95.824 E902.96766
G1 X92.376 Y95.824 E902.98881
G1 X92.981 Y95.974 E903.00954
G1 X93.535 Y96.261 E903.0303
G1 X94.002 Y96.677 E903.0511
G1 X94.366 Y97.2 E903.07229
G1 X94.589 Y97.784 E903.09308
G1 X94.656 Y98.408 E903.11396
G1 X94.588 Y99.036 E903.13497
G1 X94.366 Y99.617 E903.15565
G1 X94.002 Y100.139 E903.17682
G1 X93.537 Y100.553 E903.19753
G1 X92.982 Y100.846 E903.2184
G1 X92.373 Y100.992 E903.23923
G1 X91.743 Y100.992 E903.26018
G1 X91.133 Y100.846 E903.28105
G1 X90.644 Y100.587 E903.29945
G1 X90.349 Y100.348 E903.31208
G1 X90.349 Y138.1 E904.56771
G1 X90.644 Y137.861 E904.58034
G1 X91.132 Y137.603 E904.5987
G1 X91.739 Y137.452 E904.61951
G1 X92.376 Y137.452 E904.64069
G1 X92.984 Y137.603 E904.66153
G1 X93.537 Y137.895 E904.68233
G1 X94.002 Y138.309 E904.70304
G1 X94.366 Y138.832 E904.72423
G1 X94.589 Y139.416 E904.74502
G1 X94.656 Y140.04 E904.76589
G1 X94.587 Y140.666 E904.78684
G1 X94.368 Y141.247 E904.80749
G1 X94.004 Y141.766 E904.82858
G1 X93.536 Y142.186 E904.84949
G1 X92.98 Y142.475 E904.87033
G1 X92.367 Y142.624 E904.89132
G1 X91.74 Y142.624 E904.91217
G1 X91.135 Y142.474 E904.9329
G1 X90.647 Y142.221 E904.95118
G1 X90.348 Y141.977 E904.96402
G1 X90.348 Y144.653 E905.05302
G1 X90.397 Y145.066 E905.06686
G1 X90.521 Y145.429 E905.07962
G1 X90.723 Y145.745 E905.09209
G1 X91.001 Y146.024 E905.10519
G1 X91.319 Y146.223 E905.11767
G1 X91.684 Y146.351 E905.13053
G1 X92.095 Y146.4 E905.1443
G1 X94.653 Y146.4 E905.22938
G0 F9000 X94.676 Y146.8
;TYPE:WALL-OUTER
G1 F1500 X95.154 Y146.743 E905.24539
G1 X95.604 Y146.586 E905.26124
G1 X95.998 Y146.338 E905.27672
G1 X96.338 Y145.998 E905.29272
G1 X96.586 Y145.604 E905.3082
G1 X96.743 Y145.154 E905.32405
G1 X96.8 Y144.676 E905.34006
G1 X96.8 Y90.959 E907.1267
G1 X96.84 Y90.88 E907.12964
G1 X96.965 Y90.803 E907.13453
G1 X138.077 Y90.8 E908.50192
G1 X138.2 Y90.959 E908.5086
G1 X138.201 Y115.677 E909.33073
G1 X138.253 Y116.155 E909.34672
G1 X138.41 Y116.604 E909.36254
G1 X138.658 Y116.998 E909.37802
G1 X138.998 Y117.338 E909.39402
G1 X139.396 Y117.586 E909.40961
G1 X139.842 Y117.743 E909.42534
G1 X140.324 Y117.8 E909.44148
G1 X142.924 Y117.8 E909.52796
G1 X143.406 Y117.743 E909.5441
G1 X143.852 Y117.586 E909.55983
G1 X144.246 Y117.338 E909.57531
G1 X144.587 Y116.997 E909.59135
G1 X144.838 Y116.603 E909.60689
G1 X144.995 Y116.155 E909.62268
G1 X145.048 Y115.677 E909.63868
G1 X145.048 Y99.431 E910.17902
G1 F1530.6 X145.062 Y98.948 E910.19477
G1 X144.9 Y99.404 E910.21054
G1 F1500 X144.566 Y99.886 E910.23005
G1 X144.166 Y100.233 E910.24766
G1 X143.695 Y100.475 E910.26527
G1 X143.227 Y100.587 E910.28128
G1 X142.649 Y100.587 E910.3005
G1 X142.134 Y100.457 E910.31817
G1 X141.671 Y100.206 E910.33569
G1 X141.279 Y99.85 E910.3533
G1 X140.976 Y99.402 E910.37129
G1 X140.801 Y98.917 E910.38844
G1 X140.74 Y98.408 E910.40549
G1 X140.801 Y97.899 E910.42254
G1 X140.976 Y97.414 E910.43969
G1 X141.311 Y96.93 E910.45926
G1 X141.711 Y96.582 E910.4769
G1 X142.179 Y96.345 E910.49435
G1 X142.647 Y96.229 E910.51038
G1 X143.229 Y96.229 E910.52974
G1 X143.697 Y96.345 E910.54578
G1 X144.165 Y96.582 E910.56322
G1 X144.566 Y96.93 E910.58088
G1 X144.9 Y97.412 E910.60039
G1 F1530.6 X145.062 Y97.867 E910.61613
G1 X145.048 Y97.385 E910.63185
G1 F1500 X145.048 Y90.323 E910.86673
G1 X144.995 Y89.841 E910.88286
G1 X144.838 Y89.396 E910.89855
G1 X144.586 Y88.998 E910.91422
G1 X144.246 Y88.658 E910.93021
G1 X143.852 Y88.41 E910.9457
G1 X143.407 Y88.253 E910.96139
G1 X142.925 Y88.2 E910.97752
G1 X92.071 Y88.2 E912.66893
G1 X91.593 Y88.253 E912.68493
G1 X91.144 Y88.41 E912.70075
G1 X90.75 Y88.658 E912.71623
G1 X90.41 Y88.998 E912.73223
G1 X90.158 Y89.396 E912.74789
G1 X90.005 Y89.841 E912.76354
G1 X89.948 Y90.324 E912.77972
G1 X89.948 Y97.387 E913.01464
G1 F1554.4 X89.935 Y97.901 E913.03114
G1 X90.096 Y97.413 E913.04763
G1 F1500 X90.43 Y96.93 E913.06716
G1 X90.831 Y96.582 E913.08482
G1 X91.299 Y96.345 E913.10227
G1 X91.767 Y96.229 E913.11831
G1 X92.349 Y96.229 E913.13767
G1 X92.817 Y96.345 E913.1537
G1 X93.285 Y96.582 E913.17115
G1 X93.717 Y96.966 E913.19037
G1 X94.019 Y97.412 E913.20829
G1 X94.199 Y97.901 E913.22562
G1 X94.256 Y98.408 E913.24259
G1 X94.198 Y98.927 E913.25996
G1 X93.997 Y99.446 E913.27847
G1 X93.685 Y99.886 E913.29641
G1 X93.286 Y100.233 E913.314
G1 X92.815 Y100.475 E913.33161
G1 X92.347 Y100.587 E913.34762
G1 X91.769 Y100.587 E913.36684
G1 X91.254 Y100.457 E913.38451
G1 X90.791 Y100.206 E913.40202
G1 X90.43 Y99.886 E913.41807
G1 X90.096 Y99.403 E913.4376
G1 F1554.4 X89.935 Y98.915 E913.45409
G1 X89.948 Y99.429 E913.4706
G1 F1500 X89.948 Y139.019 E914.78736
G1 F1554.4 X89.935 Y139.533 E914.80387
G1 X90.096 Y139.045 E914.82036
G1 F1500 X90.43 Y138.562 E914.83989
G1 X90.83 Y138.215 E914.8575
G1 X91.299 Y137.973 E914.87506
G1 X91.767 Y137.857 E914.89109
G1 X92.349 Y137.857 E914.91045
G1 X92.817 Y137.973 E914.92649
G1 X93.325 Y138.242 E914.94561
G1 X93.717 Y138.598 E914.96322
G1 X94.019 Y139.044 E914.98113
G1 X94.199 Y139.533 E914.99847
G1 X94.256 Y140.04 E915.01543
G1 X94.198 Y140.555 E915.03267
G1 X94.02 Y141.035 E915.0497
G1 X93.686 Y141.513 E915.06909
G1 X93.285 Y141.866 E915.08686
G1 X92.817 Y142.103 E915.10431
G1 X92.349 Y142.219 E915.12035
G1 X91.767 Y142.219 E915.1397
G1 X91.299 Y142.103 E915.15574
G1 X90.831 Y141.866 E915.17319
G1 X90.4 Y141.479 E915.19246
G1 X90.096 Y141.034 E915.21038
G1 F1554.4 X89.935 Y140.543 E915.22696
G1 X89.949 Y141.06 E915.24356
G1 F1500 X89.948 Y144.676 E915.36383
G1 X90.005 Y145.155 E915.37988
G1 X90.158 Y145.604 E915.39565
G1 X90.409 Y145.997 E915.41116
G1 X90.75 Y146.338 E915.4272
G1 X91.144 Y146.586 E915.44269
G1 X91.594 Y146.743 E915.45854
G1 X92.072 Y146.8 E915.47455
G1 X94.676 Y146.8 E915.56116
G1 F2700 E910.56116
G0 F9000 X94.635 Y146.091
G0 X90.224 Y141.665
G0 X89.935 Y140.543
G1 F2700 E915.56116
G1 F1754.4 X89.904 Y140.04 E915.57549
G1 X89.935 Y139.533 E915.58994
G1 F2700 E910.58994
G0 F9000 X89.085 Y139.533
G0 X89.085 Y98.915
G0 X89.935 Y98.915
G1 F2700 E915.58994
G1 F1754.4 X89.904 Y98.408 E915.60438
G1 X89.935 Y97.901 E915.61883
G1 F2700 E910.61883
G0 F9000 X145.063 Y97.901
G1 F2700 E915.61883
G1 F1769.9 X145.094 Y98.408 E915.63314
G1 X145.063 Y98.924 E915.64771
G1 F2700 E910.64771
G0 F9000 X144.835 Y99.893
G0 X144.34 Y101.63
G0 X144.566 Y101.63
;TYPE:FILL
G1 F2700 E915.64771
G1 F3000 X138.681 Y103.206 E915.85035
G0 F9000 X138.91 Y103.206
G0 X138.91 Y99.54
G0 X138.68 Y99.54
G1 F3000 X144.567 Y105.427 E916.12725
G0 F9000 X144.34 Y105.427
G0 X144.34 Y107.841
G0 X144.566 Y107.841
G1 F3000 X138.681 Y109.418 E916.3299
G0 F9000 X138.91 Y109.418
G0 X138.91 Y108.025
G0 X138.68 Y108.025
G1 F3000 X144.568 Y113.913 E916.60685
G1 X144.567 Y114.053
G1 X138.682 Y115.63 E916.80949
G0 F9000 X138.84 Y116.381
G1 F3000 X142.943 Y101.071 E917.33667
G0 F9000 X142.943 Y101.305
G0 X141.928 Y101.081
G0 X141.318 Y100.759
G0 X140.803 Y100.303
G0 X140.41 Y99.735
G0 X140.168 Y99.094
G0 X140.084 Y98.411
G0 X140.168 Y97.725
G0 X140.411 Y97.085
G0 X141.159 Y96.121
G0 X141.309 Y96.291
G1 F3000 X138.681 Y96.995 E917.42716
G0 F9000 X138.91 Y96.995
G0 X138.91 Y93.795
G0 X138.68 Y93.795
G1 F3000 X140.051 Y88.68 E917.60329
G0 F9000 X140.051 Y88.91
G0 X138.91 Y90.793
G0 X138.643 Y90.793
G1 F3000 X144.211 Y89.301 E917.79502
G0 F9000 X144.03 Y89.442
G0 X144.34 Y95.004
G0 X144.568 Y95.004
G1 F3000 X144.275 Y96.099 E917.83272
G0 F9000 X144.567 Y95.418
G1 F3000 X143.309 Y95.755 E917.87604
G1 X143.402 Y95.777
G1 X138.68 Y91.055 E918.09815
G0 F9000 X138.91 Y91.055
G0 X138.838 Y90.162
G0 X137.945 Y90.09
G0 X137.945 Y90.32
G1 F3000 X136.305 Y88.68 E918.17529
G0 F9000 X136.305 Y88.91
G0 X133.84 Y88.91
G0 X133.84 Y88.679
G1 F3000 X133.4 Y90.321 E918.23183
G0 F9000 X133.4 Y90.09
G0 X129.46 Y90.09
G0 X129.46 Y90.32
G1 F3000 X127.82 Y88.68 E918.30897
G1 X127.628 Y88.679
G1 X127.188 Y90.32 E918.36547
G0 F9000 X127.188 Y90.09
G0 X123.349 Y88.91
G0 X123.349 Y88.68
G1 F3000 X117.227 Y90.32 E918.57627
G0 F9000 X117.227 Y90.09
G0 X114.765 Y90.09
G0 X114.765 Y90.32
G1 F3000 X115.204 Y88.68 E918.63274
G0 F9000 X115.204 Y88.91
G0 X112.489 Y90.09
G0 X112.489 Y90.32
G1 F3000 X110.85 Y88.68 E918.70986
G0 F9000 X110.85 Y88.91
G0 X108.993 Y88.91
G0 X108.993 Y88.679
G1 F3000 X108.553 Y90.32 E918.76636
G0 F9000 X108.553 Y90.09
G0 X104.004 Y90.09
G0 X104.004 Y90.32
G1 F3000 X102.364 Y88.68 E918.8435
G0 F9000 X102.781 Y88.679
G1 F3000 X102.342 Y90.321 E918.90004
G0 F9000 X102.342 Y90.09
G0 X100.165 Y88.91
G0 X100.165 Y88.68
G1 F3000 X90.429 Y91.289 E919.23528
G0 F9000 X90.66 Y91.289
G0 X90.66 Y93.715
G0 X90.428 Y93.715
G1 F3000 X92.48 Y95.767 E919.3318
G0 F9000 X92.534 Y95.546
G0 X93.072 Y95.739
G0 X94.132 Y96.378
G0 X93.978 Y96.55
G1 F3000 X96.319 Y95.922 E919.41242
G0 F9000 X96.09 Y95.922
G0 X94.526 Y96.887
G0 X94.336 Y97.017
G1 F3000 X96.57 Y88.68 E919.69949
G0 F9000 X96.57 Y88.91
G0 X96.203 Y90.037
G0 X96.09 Y91.121
G0 X96.32 Y91.121
G1 F3000 X93.879 Y88.68 E919.81431
G0 F9000 X93.879 Y88.91
G0 X94.921 Y97.95
G0 X94.691 Y97.977
G1 F3000 X96.32 Y99.607 E919.89095
G0 F9000 X96.09 Y99.607
G0 X96.09 Y102.134
G0 X96.319 Y102.134
G1 F3000 X90.43 Y103.712 E920.09373
G0 F9000 X90.66 Y103.712
G0 X90.66 Y102.202
G0 X90.43 Y102.202
G1 F3000 X96.32 Y108.092 E920.37078
G0 F9000 X96.32 Y108.345
G1 F3000 X90.431 Y109.923 E920.57356
G0 F9000 X90.43 Y110.687
G1 F3000 X96.32 Y116.577 E920.85061
G0 F9000 X96.09 Y116.577
G0 X96.09 Y114.557
G0 X96.32 Y114.557
G1 F3000 X90.43 Y116.135 E921.05342
G0 F9000 X90.66 Y116.135
G0 X90.66 Y119.172
G0 X90.43 Y119.172
G1 F3000 X96.32 Y125.062 E921.33046
G0 F9000 X96.09 Y125.062
G0 X96.09 Y126.981
G0 X96.319 Y126.981
G1 F3000 X90.431 Y128.558 E921.5332
G0 F9000 X90.43 Y127.658
G1 F3000 X96.32 Y133.548 E921.81025
G0 F9000 X96.32 Y133.192
G1 F3000 X90.43 Y134.77 E922.01306
G1 X90.43 Y134.775
G1 X96.32 Y112.793 E922.76998
G0 F9000 X96.09 Y112.793
G0 X90.66 Y111.592
G0 X90.43 Y111.592
G1 F3000 X93.336 Y100.749 E923.14334
G0 F9000 X93.443 Y100.954
G0 X96.09 Y120.769
G0 X96.319 Y120.769
G1 F3000 X90.43 Y122.347 E923.34612
G0 F9000 X90.66 Y122.347
G0 X90.66 Y136.143
G0 X90.43 Y136.143
G1 F3000 X91.672 Y137.385 E923.40454
G0 F9000 X91.62 Y137.167
G0 X92.402 Y137.206
G0 X93.072 Y137.369
G0 X93.682 Y137.691
G0 X94.196 Y138.146
G0 X94.549 Y138.656
G0 X94.949 Y139.806
G0 X94.715 Y139.834
G1 F3000 X96.319 Y139.404 E923.45977
G0 F9000 X96.09 Y139.404
G0 X94.928 Y140.438
G0 X94.696 Y140.409
G1 F3000 X96.32 Y142.033 E923.53616
G0 F9000 X96.09 Y142.033
G0 X95.779 Y145.559
G0 X95.938 Y145.718
G1 F3000 X93.689 Y146.32 E923.6136
G1 X93.548 Y146.321
G1 X96.32 Y135.975 E923.96984
G0 F9000 X96.09 Y135.975
G0 X94.832 Y140.724
G0 X94.59 Y141.365
G0 X94.197 Y141.933
G0 X90.66 Y144.626
G0 X90.428 Y144.626
G1 F3000 X92.121 Y146.319 E924.04948
G1 F2700 E919.04948
G0 F9000 X92.121 Y146.09
G0 X96.172 Y138.227
G0 X96.162 Y90.162
G0 X120.976 Y90.09
G0 X120.976 Y90.321
G1 F2700 E924.04948
G1 F3000 X121.416 Y88.68 E924.10599
G0 F9000 X121.416 Y88.91
G0 X120.975 Y90.09
G0 X120.975 Y90.32
G1 F3000 X119.335 Y88.68 E924.18313
G0 F9000 X119.335 Y89.21
G1 F2700 E919.18313
;MESH:NONMESH
G0 F300 Z5.4
G0 F9000 X96.162 Y90.162
G0 X96.169 Y119.863
G0 X94.635 Y146.091
G0 X94.653 Y146.4
;TIME_ELAPSED:1538.303110
;LAYER:26
;TYPE:WALL-INNER
;MESH:battery holder-BodyChamfer.stl
G1 F2700 E924.18313
G1 F1500 X95.064 Y146.351 E924.19689
G1 X95.429 Y146.223 E924.20976
G1 X95.747 Y146.024 E924.22223
G1 X96.024 Y145.747 E924.23526
G1 X96.223 Y145.429 E924.24774
G1 X96.351 Y145.064 E924.26061
G1 X96.4 Y144.653 E924.27437
G1 X96.4 Y90.879 E926.0629
G1 X96.52 Y90.64 E926.0718
G1 X96.717 Y90.47 E926.08045
G1 X96.922 Y90.4 E926.08766
G1 X138 Y90.4 E927.45392
G1 X138.283 Y90.47 E927.46361
G1 X138.48 Y90.64 E927.47227
G1 X138.6 Y90.879 E927.48116
G1 X138.601 Y115.655 E928.30522
G1 X138.645 Y116.066 E928.31896
G1 X138.773 Y116.429 E928.33177
G1 X138.972 Y116.747 E928.34424
G1 X139.248 Y117.023 E928.35723
G1 X139.57 Y117.224 E928.36985
G1 X139.933 Y117.351 E928.38264
G1 X140.347 Y117.4 E928.39651
G1 X142.901 Y117.4 E928.48145
G1 X143.316 Y117.351 E928.49535
G1 X143.677 Y117.224 E928.50808
G1 X143.995 Y117.024 E928.52058
G1 X144.273 Y116.745 E928.53368
G1 X144.476 Y116.427 E928.54622
G1 X144.602 Y116.066 E928.55894
G1 X144.648 Y115.655 E928.5727
G1 X144.648 Y100.347 E929.08184
G1 X144.352 Y100.587 E929.09452
G1 X143.861 Y100.847 E929.113
G1 X143.253 Y100.992 E929.13378
G1 X142.623 Y100.992 E929.15474
G1 X142.013 Y100.846 E929.1756
G1 X141.46 Y100.553 E929.19642
G1 X140.991 Y100.137 E929.21727
G1 X140.627 Y99.612 E929.23851
G1 X140.414 Y99.041 E929.25878
G1 X140.34 Y98.408 E929.27998
G1 X140.412 Y97.781 E929.30097
G1 X140.627 Y97.204 E929.32145
G1 X140.991 Y96.679 E929.3427
G1 X141.461 Y96.261 E929.36362
G1 X142.015 Y95.974 E929.38437
G1 X142.62 Y95.824 E929.4051
G1 X143.256 Y95.824 E929.42626
G1 X143.861 Y95.974 E929.44699
G1 X144.349 Y96.227 E929.46527
G1 X144.648 Y96.469 E929.47807
G1 X144.648 Y90.345 E929.68175
G1 X144.603 Y89.93 E929.69563
G1 X144.476 Y89.572 E929.70827
G1 X144.272 Y89.25 E929.72095
G1 X143.995 Y88.972 E929.734
G1 X143.677 Y88.772 E929.74649
G1 X143.318 Y88.645 E929.75916
G1 X142.903 Y88.6 E929.77304
G1 X92.093 Y88.6 E931.46299
G1 X91.682 Y88.645 E931.47674
G1 X91.319 Y88.773 E931.48955
G1 X91.001 Y88.972 E931.50202
G1 X90.724 Y89.25 E931.51507
G1 X90.521 Y89.57 E931.52768
G1 X90.397 Y89.93 E931.54034
G1 X90.348 Y90.347 E931.55431
G1 X90.349 Y96.468 E931.75789
G1 X90.647 Y96.227 E931.77064
G1 X91.135 Y95.974 E931.78892
G1 X91.74 Y95.824 E931.80965
G1 X92.376 Y95.824 E931.83081
G1 X92.981 Y95.974 E931.85154
G1 X93.535 Y96.261 E931.87229
G1 X94.002 Y96.677 E931.89309
G1 X94.366 Y97.2 E931.91429
G1 X94.589 Y97.784 E931.93508
G1 X94.656 Y98.408 E931.95595
G1 X94.588 Y99.036 E931.97696
G1 X94.366 Y99.617 E931.99765
G1 X94.002 Y100.139 E932.01881
G1 X93.537 Y100.553 E932.03952
G1 X92.982 Y100.846 E932.0604
G1 X92.373 Y100.992 E932.08123
G1 X91.743 Y100.992 E932.10218
G1 X91.133 Y100.846 E932.12304
G1 X90.644 Y100.587 E932.14145
G1 X90.349 Y100.348 E932.15407
G1 X90.349 Y138.1 E933.40971
G1 X90.644 Y137.861 E933.42234
G1 X91.132 Y137.603 E933.4407
G1 X91.739 Y137.452 E933.4615
G1 X92.376 Y137.452 E933.48269
G1 X92.984 Y137.603 E933.50352
G1 X93.537 Y137.895 E933.52432
G1 X94.002 Y138.309 E933.54503
G1 X94.366 Y138.832 E933.56622
G1 X94.589 Y139.416 E933.58702
G1 X94.656 Y140.04 E933.60789
G1 X94.587 Y140.666 E933.62884
G1 X94.368 Y141.247 E933.64949
G1 X94.004 Y141.766 E933.67057
G1 X93.536 Y142.186 E933.69149
G1 X92.98 Y142.475 E933.71233
G1 X92.367 Y142.624 E933.73331
G1 X91.74 Y142.624 E933.75417
G1 X91.135 Y142.474 E933.7749
G1 X90.647 Y142.221 E933.79318
G1 X90.348 Y141.977 E933.80602
G1 X90.348 Y144.653 E933.89502
G1 X90.397 Y145.066 E933.90885
G1 X90.521 Y145.429 E933.92161
G1 X90.723 Y145.745 E933.93409
G1 X91.001 Y146.024 E933.94718
G1 X91.319 Y146.223 E933.95966
G1 X91.684 Y146.351 E933.97253
G1 X92.095 Y146.4 E933.98629
G1 X94.653 Y146.4 E934.07137
G0 F9000 X94.676 Y146.8
;TYPE:WALL-OUTER
G1 F1500 X95.154 Y146.743 E934.08738
G1 X95.604 Y146.586 E934.10324
G1 X95.998 Y146.338 E934.11872
G1 X96.338 Y145.998 E934.13471
G1 X96.586 Y145.604 E934.1502
G1 X96.743 Y145.154 E934.16605
G1 X96.8 Y144.676 E934.18206
G1 X96.8 Y90.959 E935.96869
G1 X96.84 Y90.88 E935.97164
G1 X96.965 Y90.803 E935.97652
G1 X138.077 Y90.8 E937.34391
G1 X138.2 Y90.959 E937.3506
G1 X138.201 Y115.677 E938.17272
G1 X138.253 Y116.155 E938.18872
G1 X138.41 Y116.604 E938.20454
G1 X138.658 Y116.998 E938.22002
G1 X138.998 Y117.338 E938.23601
G1 X139.396 Y117.586 E938.25161
G1 X139.842 Y117.743 E938.26734
G1 X140.324 Y117.8 E938.28348
G1 X142.924 Y117.8 E938.36996
G1 X143.406 Y117.743 E938.3861
G1 X143.852 Y117.586 E938.40183
G1 X144.246 Y117.338 E938.41731
G1 X144.587 Y116.997 E938.43335
G1 X144.838 Y116.603 E938.44889
G1 X144.995 Y116.155 E938.46468
G1 X145.048 Y115.677 E938.48067
G1 X145.048 Y99.431 E939.02102
G1 F1530.6 X145.062 Y98.948 E939.03677
G1 X144.9 Y99.404 E939.05254
G1 F1500 X144.566 Y99.886 E939.07204
G1 X144.166 Y100.233 E939.08966
G1 X143.695 Y100.475 E939.10727
G1 X143.227 Y100.587 E939.12327
G1 X142.649 Y100.587 E939.1425
G1 X142.134 Y100.457 E939.16016
G1 X141.671 Y100.206 E939.17768
G1 X141.279 Y99.85 E939.19529
G1 X140.976 Y99.402 E939.21328
G1 X140.801 Y98.917 E939.23043
G1 X140.74 Y98.408 E939.24748
G1 X140.801 Y97.899 E939.26453
G1 X140.976 Y97.414 E939.28168
G1 X141.311 Y96.93 E939.30126
G1 X141.711 Y96.582 E939.31889
G1 X142.179 Y96.345 E939.33634
G1 X142.647 Y96.229 E939.35238
G1 X143.229 Y96.229 E939.37174
G1 X143.697 Y96.345 E939.38777
G1 X144.165 Y96.582 E939.40522
G1 X144.566 Y96.93 E939.42288
G1 X144.9 Y97.412 E939.44238
G1 F1530.6 X145.062 Y97.867 E939.45813
G1 X145.048 Y97.385 E939.47384
G1 F1500 X145.048 Y90.323 E939.70873
G1 X144.995 Y89.841 E939.72485
G1 X144.838 Y89.396 E939.74055
G1 X144.586 Y88.998 E939.75622
G1 X144.246 Y88.658 E939.77221
G1 X143.852 Y88.41 E939.78769
G1 X143.407 Y88.253 E939.80339
G1 X142.925 Y88.2 E939.81952
G1 X92.071 Y88.2 E941.51093
G1 X91.593 Y88.253 E941.52692
G1 X91.144 Y88.41 E941.54274
G1 X90.75 Y88.658 E941.55823
G1 X90.41 Y88.998 E941.57422
G1 X90.158 Y89.396 E941.58989
G1 X90.005 Y89.841 E941.60554
G1 X89.948 Y90.324 E941.62172
G1 X89.948 Y97.387 E941.85663
G1 F1554.4 X89.935 Y97.901 E941.87314
G1 X90.096 Y97.413 E941.88963
G1 F1500 X90.43 Y96.93 E941.90916
G1 X90.831 Y96.582 E941.92682
G1 X91.299 Y96.345 E941.94427
G1 X91.767 Y96.229 E941.9603
G1 X92.349 Y96.229 E941.97966
G1 X92.817 Y96.345 E941.9957
G1 X93.285 Y96.582 E942.01315
G1 X93.717 Y96.966 E942.03237
G1 X94.019 Y97.412 E942.05029
G1 X94.199 Y97.901 E942.06762
G1 X94.256 Y98.408 E942.08459
G1 X94.198 Y98.927 E942.10195
G1 X93.997 Y99.446 E942.12047
G1 X93.685 Y99.886 E942.13841
G1 X93.286 Y100.233 E942.15599
G1 X92.815 Y100.475 E942.17361
G1 X92.347 Y100.587 E942.18961
G1 X91.769 Y100.587 E942.20884
G1 X91.254 Y100.457 E942.2265
G1 X90.791 Y100.206 E942.24402
G1 X90.43 Y99.886 E942.26006
G1 X90.096 Y99.403 E942.2796
G1 F1554.4 X89.935 Y98.915 E942.29609
G1 X89.948 Y99.429 E942.31259
G1 F1500 X89.948 Y139.019 E943.62936
G1 F1554.4 X89.935 Y139.533 E943.64586
G1 X90.096 Y139.045 E943.66236
G1 F1500 X90.43 Y138.562 E943.68189
G1 X90.83 Y138.215 E943.6995
G1 X91.299 Y137.973 E943.71705
G1 X91.767 Y137.857 E943.73309
G1 X92.349 Y137.857 E943.75245
G1 X92.817 Y137.973 E943.76848
G1 X93.325 Y138.242 E943.7876
G1 X93.717 Y138.598 E943.80521
G1 X94.019 Y139.044 E943.82313
G1 X94.199 Y139.533 E943.84046
G1 X94.256 Y140.04 E943.85743
G1 X94.198 Y140.555 E943.87467
G1 X94.02 Y141.035 E943.89169
G1 X93.686 Y141.513 E943.91109
G1 X93.285 Y141.866 E943.92886
G1 X92.817 Y142.103 E943.94631
G1 X92.349 Y142.219 E943.96234
G1 X91.767 Y142.219 E943.9817
G1 X91.299 Y142.103 E943.99774
G1 X90.831 Y141.866 E944.01518
G1 X90.4 Y141.479 E944.03445
G1 X90.096 Y141.034 E944.05238
G1 F1554.4 X89.935 Y140.543 E944.06896
G1 X89.949 Y141.06 E944.08556
G1 F1500 X89.948 Y144.676 E944.20583
G1 X90.005 Y145.155 E944.22187
G1 X90.158 Y145.604 E944.23765
G1 X90.409 Y145.997 E944.25316
G1 X90.75 Y146.338 E944.2692
G1 X91.144 Y146.586 E944.28468
G1 X91.594 Y146.743 E944.30054
G1 X92.072 Y146.8 E944.31655
G1 X94.676 Y146.8 E944.40316
G1 F2700 E939.40316
G0 F9000 X94.635 Y146.091
G0 X90.224 Y141.665
G0 X89.935 Y140.543
G1 F2700 E944.40316
G1 F1754.4 X89.904 Y140.04 E944.41749
G1 X89.935 Y139.533 E944.43193
G1 F2700 E939.43193
G0 F9000 X89.085 Y139.533
G0 X89.085 Y98.915
G0 X89.935 Y98.915
G1 F2700 E944.43193
G1 F1754.4 X89.904 Y98.408 E944.44638
G1 X89.935 Y97.901 E944.46082
G1 F2700 E939.46082
G0 F9000 X145.063 Y97.901
G1 F2700 E944.46082
G1 F1769.9 X145.094 Y98.408 E944.47514
G1 X145.063 Y98.924 E944.48971
G1 F2700 E939.48971
G0 F9000 X144.835 Y99.893
G0 X144.34 Y101.777
G0 X144.566 Y101.777
;TYPE:FILL
G1 F2700 E944.48971
G1 F3000 X138.68 Y103.354 E944.69238
G0 F9000 X138.91 Y103.354
G0 X138.91 Y99.339
G0 X138.68 Y99.339
G1 F3000 X144.567 Y105.226 E944.96929
G0 F9000 X144.34 Y105.226
G0 X144.34 Y107.988
G0 X144.566 Y107.988
G1 F3000 X138.681 Y109.565 E945.17193
G0 F9000 X138.91 Y109.565
G0 X138.91 Y107.825
G0 X138.68 Y107.825
G1 F3000 X144.568 Y113.713 E945.44889
G0 F9000 X144.567 Y114.2
G1 F3000 X138.694 Y115.773 E945.65111
G0 F9000 X138.757 Y116.142
G1 F3000 X142.796 Y101.071 E946.17006
G0 F9000 X142.796 Y101.305
G0 X141.928 Y101.081
G0 X141.318 Y100.759
G0 X140.803 Y100.303
G0 X140.41 Y99.735
G0 X140.168 Y99.094
G0 X140.084 Y98.411
G0 X140.168 Y97.725
G0 X140.365 Y97.207
G0 X140.921 Y96.331
G0 X141.071 Y96.501
G1 F3000 X138.681 Y97.142 E946.25236
G0 F9000 X138.91 Y97.142
G0 X138.91 Y93.246
G0 X138.68 Y93.246
G1 F3000 X139.904 Y88.68 E946.40959
G0 F9000 X139.904 Y88.91
G0 X138.198 Y90.09
G0 X138.198 Y90.372
G1 F3000 X136.506 Y88.68 E946.48918
G0 F9000 X136.506 Y88.91
G0 X133.693 Y88.91
G0 X133.693 Y88.679
G1 F3000 X133.253 Y90.321 E946.54572
G0 F9000 X133.253 Y90.09
G0 X129.661 Y90.09
G0 X129.661 Y90.32
G1 F3000 X128.021 Y88.68 E946.62286
G0 F9000 X127.481 Y88.679
G1 F3000 X127.041 Y90.32 E946.67936
G0 F9000 X127.041 Y90.09
G0 X123.898 Y88.91
G0 X123.898 Y88.68
G1 F3000 X117.776 Y90.32 E946.89016
G0 F9000 X117.776 Y90.09
G0 X119.536 Y88.91
G0 X119.536 Y88.68
G1 F3000 X121.175 Y90.32 E946.96728
G0 F9000 X120.829 Y90.321
G1 F3000 X121.269 Y88.679 E947.02382
G0 F9000 X121.269 Y88.91
G0 X115.057 Y88.91
G0 X115.057 Y88.68
G1 F3000 X114.618 Y90.32 E947.08029
G0 F9000 X114.618 Y90.09
G0 X112.69 Y90.09
G0 X112.69 Y90.32
G1 F3000 X111.05 Y88.68 E947.15743
G0 F9000 X111.05 Y88.91
G0 X108.846 Y88.91
G0 X108.846 Y88.679
G1 F3000 X108.406 Y90.32 E947.21393
G0 F9000 X108.406 Y90.09
G0 X104.205 Y90.09
G0 X104.205 Y90.32
G1 F3000 X102.565 Y88.68 E947.29107
G1 X102.634 Y88.679
G1 X102.195 Y90.32 E947.34757
G0 F9000 X102.195 Y90.09
G0 X100.714 Y88.91
G0 X100.714 Y88.68
G1 F3000 X90.429 Y91.436 E947.70172
G0 F9000 X90.66 Y91.436
G0 X90.66 Y93.514
G0 X90.428 Y93.514
G1 F3000 X92.747 Y95.833 E947.8108
G0 F9000 X92.801 Y95.611
G0 X93.515 Y95.975
G0 X94.283 Y96.535
G0 X94.092 Y96.666
G1 F3000 X96.32 Y96.069 E947.88752
G0 F9000 X96.09 Y96.069
G0 X94.42 Y96.733
G0 X94.23 Y96.863
G1 F3000 X96.423 Y88.68 E948.16929
G0 F9000 X96.423 Y88.91
G0 X96.211 Y89.924
G0 X96.09 Y90.932
G0 X96.331 Y90.932
G1 F3000 X94.08 Y88.68 E948.27519
G0 F9000 X94.08 Y88.91
G0 X94.876 Y97.668
G0 X94.663 Y97.748
G1 F3000 X96.32 Y99.406 E948.35316
G0 F9000 X96.09 Y99.406
G0 X96.09 Y102.281
G0 X96.319 Y102.281
G1 F3000 X90.43 Y103.859 E948.55594
G0 F9000 X90.66 Y103.859
G0 X90.66 Y102.001
G0 X90.43 Y102.001
G1 F3000 X96.32 Y107.891 E948.83298
G0 F9000 X96.32 Y108.492
G1 F3000 X90.431 Y110.07 E949.03576
G0 F9000 X90.43 Y110.486
G1 F3000 X96.32 Y116.376 E949.31281
G0 F9000 X96.09 Y116.376
G0 X96.09 Y114.704
G0 X96.32 Y114.704
G1 F3000 X90.43 Y116.282 E949.51562
G0 F9000 X90.66 Y116.282
G0 X90.66 Y118.971
G0 X90.43 Y118.971
G1 F3000 X96.32 Y124.862 E949.79269
G0 F9000 X96.09 Y124.862
G0 X96.09 Y127.128
G0 X96.319 Y127.128
G1 F3000 X90.431 Y128.705 E949.99543
G0 F9000 X90.66 Y128.705
G0 X90.66 Y127.457
G0 X90.43 Y127.457
G1 F3000 X96.32 Y133.347 E950.27248
G1 X96.32 Y133.339
G1 X90.43 Y134.917 E950.47529
G0 F9000 X90.43 Y134.227
G1 F3000 X96.32 Y112.244 E951.23224
G0 F9000 X96.09 Y112.244
G0 X90.66 Y111.044
G0 X90.43 Y111.044
G1 F3000 X93.164 Y100.84 E951.58359
G0 F9000 X93.271 Y101.045
G0 X96.09 Y120.916
G0 X96.319 Y120.916
G1 F3000 X90.43 Y122.494 E951.78637
G0 F9000 X90.66 Y122.494
G0 X90.66 Y135.942
G0 X90.43 Y135.942
G1 F3000 X91.86 Y137.372 E951.85364
G0 F9000 X91.86 Y137.145
G0 X93.072 Y137.369
G0 X93.682 Y137.691
G0 X94.196 Y138.146
G0 X94.588 Y138.713
G0 X94.966 Y139.949
G0 X94.729 Y139.977
G1 F3000 X96.319 Y139.551 E951.90838
G0 F9000 X96.09 Y139.551
G0 X94.95 Y140.257
G0 X94.716 Y140.228
G1 F3000 X96.32 Y141.832 E951.98383
G0 F9000 X96.09 Y141.832
G0 X95.578 Y145.76
G0 X95.737 Y145.919
G1 F3000 X94.238 Y146.32 E952.03544
G0 F9000 X93.401 Y146.321
G1 F3000 X96.32 Y135.426 E952.41059
G0 F9000 X96.09 Y135.426
G0 X94.832 Y140.724
G0 X94.59 Y141.365
G0 X94.197 Y141.933
G0 X93.904 Y142.191
G0 X90.66 Y144.425
G0 X90.428 Y144.425
G1 F3000 X92.322 Y146.319 E952.49968
G1 F2700 E947.49968
G0 F9000 X92.322 Y146.09
G0 X96.158 Y138.317
G0 X96.162 Y90.162
G0 X138.838 Y90.162
G0 X139.18 Y116.493
G0 X138.985 Y116.615
G1 F2700 E952.49968
G1 F3000 X139.383 Y117.013 E952.5184
G0 F9000 X139.506 Y116.82
G0 X140.084 Y98.411
G0 X140.168 Y97.725
G0 X140.411 Y97.085
G0 X140.803 Y96.517
G0 X141.318 Y96.061
G0 X141.928 Y95.739
G0 X142.598 Y95.576
G0 X143.152 Y95.576
G0 X144.252 Y95.829
G0 X144.146 Y96.031
G1 F3000 X144.568 Y94.455 E952.57266
G0 F9000 X144.34 Y94.455
G0 X144.34 Y95.565
G0 X144.567 Y95.565
G1 F3000 X143.595 Y95.825 E952.60613
G1 X143.669 Y95.843
G1 X138.654 Y90.828 E952.84202
G1 X138.669 Y90.933
G1 X144.291 Y89.427 E953.0356
G0 F9000 X143.843 Y89.709
G1 F2700 E948.0356
;MESH:NONMESH
G0 F300 Z5.6
G0 F9000 X96.162 Y90.162
G0 X96.163 Y120.881
G0 X94.635 Y146.091
G0 X94.653 Y146.4
;TIME_ELAPSED:1586.375274
;LAYER:27
;TYPE:WALL-INNER
;MESH:battery holder-BodyChamfer.stl
G1 F2700 E953.0356
G1 F1500 X95.064 Y146.351 E953.04937
G1 X95.429 Y146.223 E953.06223
G1 X95.747 Y146.024 E953.07471
G1 X96.024 Y145.747 E953.08774
G1 X96.223 Y145.429 E953.10022
G1 X96.351 Y145.064 E953.11308
G1 X96.4 Y144.653 E953.12685
G1 X96.4 Y90.879 E954.91538
G1 X96.52 Y90.64 E954.92427
G1 X96.717 Y90.47 E954.93293
G1 X96.922 Y90.4 E954.94013
G1 X138 Y90.4 E956.30639
G1 X138.283 Y90.47 E956.31609
G1 X138.48 Y90.64 E956.32474
G1 X138.6 Y90.879 E956.33364
G1 X138.601 Y115.655 E957.15769
G1 X138.645 Y116.066 E957.17144
G1 X138.773 Y116.429 E957.18424
G1 X138.972 Y116.747 E957.19672
G1 X139.248 Y117.023 E957.2097
G1 X139.57 Y117.224 E957.22233
G1 X139.933 Y117.351 E957.23512
G1 X140.347 Y117.4 E957.24898
G1 X142.901 Y117.4 E957.33393
G1 X143.316 Y117.351 E957.34783
G1 X143.677 Y117.224 E957.36056
G1 X143.995 Y117.024 E957.37305
G1 X144.273 Y116.745 E957.38615
G1 X144.476 Y116.427 E957.3987
G1 X144.602 Y116.066 E957.41142
G1 X144.648 Y115.655 E957.42517
G1 X144.648 Y100.347 E957.93432
G1 X144.352 Y100.587 E957.94699
G1 X143.861 Y100.847 E957.96547
G1 X143.253 Y100.992 E957.98626
G1 X142.623 Y100.992 E958.00721
G1 X142.013 Y100.846 E958.02808
G1 X141.46 Y100.553 E958.04889
G1 X140.991 Y100.137 E958.06974
G1 X140.627 Y99.612 E958.09099
G1 X140.414 Y99.041 E958.11126
G1 X140.34 Y98.408 E958.13246
G1 X140.412 Y97.781 E958.15345
G1 X140.627 Y97.204 E958.17393
G1 X140.991 Y96.679 E958.19518
G1 X141.461 Y96.261 E958.2161
G1 X142.015 Y95.974 E958.23685
G1 X142.62 Y95.824 E958.25758
G1 X143.256 Y95.824 E958.27873
G1 X143.861 Y95.974 E958.29947
G1 X144.349 Y96.227 E958.31775
G1 X144.648 Y96.469 E958.33054
G1 X144.648 Y90.345 E958.53423
G1 X144.603 Y89.93 E958.54811
G1 X144.476 Y89.572 E958.56074
G1 X144.272 Y89.25 E958.57342
G1 X143.995 Y88.972 E958.58648
G1 X143.677 Y88.772 E958.59897
G1 X143.318 Y88.645 E958.61164
G1 X142.903 Y88.6 E958.62552
G1 X92.093 Y88.6 E960.31547
G1 X91.682 Y88.645 E960.32922
G1 X91.319 Y88.773 E960.34202
G1 X91.001 Y88.972 E960.3545
G1 X90.724 Y89.25 E960.36755
G1 X90.521 Y89.57 E960.38015
G1 X90.397 Y89.93 E960.39282
G1 X90.348 Y90.347 E960.40678
G1 X90.349 Y96.468 E960.61037
G1 X90.647 Y96.227 E960.62312
G1 X91.135 Y95.974 E960.6414
G1 X91.74 Y95.824 E960.66213
G1 X92.376 Y95.824 E960.68328
G1 X92.981 Y95.974 E960.70402
G1 X93.535 Y96.261 E960.72477
G1 X94.002 Y96.677 E960.74557
G1 X94.366 Y97.2 E960.76676
G1 X94.589 Y97.784 E960.78755
G1 X94.656 Y98.408 E960.80843
G1 X94.588 Y99.036 E960.82944
G1 X94.366 Y99.617 E960.85012
G1 X94.002 Y100.139 E960.87129
G1 X93.537 Y100.553 E960.892
G1 X92.982 Y100.846 E960.91287
G1 X92.373 Y100.992 E960.9337
G1 X91.743 Y100.992 E960.95465
G1 X91.133 Y100.846 E960.97552
G1 X90.644 Y100.587 E960.99392
G1 X90.349 Y100.348 E961.00655
G1 X90.349 Y138.1 E962.26219
G1 X90.644 Y137.861 E962.27481
G1 X91.132 Y137.603 E962.29317
G1 X91.739 Y137.452 E962.31398
G1 X92.376 Y137.452 E962.33516
G1 X92.984 Y137.603 E962.356
G1 X93.537 Y137.895 E962.3768
G1 X94.002 Y138.309 E962.39751
G1 X94.366 Y138.832 E962.4187
G1 X94.589 Y139.416 E962.43949
G1 X94.656 Y140.04 E962.46037
G1 X94.587 Y140.666 E962.48131
G1 X94.368 Y141.247 E962.50196
G1 X94.004 Y141.766 E962.52305
G1 X93.536 Y142.186 E962.54396
G1 X92.98 Y142.475 E962.5648
G1 X92.367 Y142.624 E962.58579
G1 X91.74 Y142.624 E962.60664
G1 X91.135 Y142.474 E962.62737
G1 X90.647 Y142.221 E962.64566
G1 X90.348 Y141.977 E962.65849
G1 X90.348 Y144.653 E962.7475
G1 X90.397 Y145.066 E962.76133
G1 X90.521 Y145.429 E962.77409
G1 X90.723 Y145.745 E962.78656
G1 X91.001 Y146.024 E962.79966
G1 X91.319 Y146.223 E962.81214
G1 X91.684 Y146.351 E962.825
G1 X92.095 Y146.4 E962.83877
G1 X94.653 Y146.4 E962.92385
G0 F9000 X94.676 Y146.8
;TYPE:WALL-OUTER
G1 F1500 X95.154 Y146.743 E962.93986
G1 X95.604 Y146.586 E962.95571
G1 X95.998 Y146.338 E962.9712
G1 X96.338 Y145.998 E962.98719
G1 X96.586 Y145.604 E963.00267
G1 X96.743 Y145.154 E963.01852
G1 X96.8 Y144.676 E963.03454
G1 X96.8 Y90.959 E964.82117
G1 X96.84 Y90.88 E964.82412
G1 X96.965 Y90.803 E964.829
G1 X138.077 Y90.8 E966.19639
G1 X138.2 Y90.959 E966.20307
G1 X138.201 Y115.677 E967.0252
G1 X138.253 Y116.155 E967.04119
G1 X138.41 Y116.604 E967.05701
G1 X138.658 Y116.998 E967.0725
G1 X138.998 Y117.338 E967.08849
G1 X139.396 Y117.586 E967.10409
G1 X139.842 Y117.743 E967.11981
G1 X140.324 Y117.8 E967.13595
G1 X142.924 Y117.8 E967.22243
G1 X143.406 Y117.743 E967.23857
G1 X143.852 Y117.586 E967.2543
G1 X144.246 Y117.338 E967.26978
G1 X144.587 Y116.997 E967.28582
G1 X144.838 Y116.603 E967.30136
G1 X144.995 Y116.155 E967.31715
G1 X145.048 Y115.677 E967.33315
G1 X145.048 Y99.431 E967.87349
G1 F1530.6 X145.062 Y98.948 E967.88924
G1 X144.9 Y99.404 E967.90501
G1 F1500 X144.566 Y99.886 E967.92452
G1 X144.166 Y100.233 E967.94213
G1 X143.695 Y100.475 E967.95974
G1 X143.227 Y100.587 E967.97575
G1 X142.649 Y100.587 E967.99497
G1 X142.134 Y100.457 E968.01264
G1 X141.671 Y100.206 E968.03016
G1 X141.279 Y99.85 E968.04777
G1 X140.976 Y99.402 E968.06576
G1 X140.801 Y98.917 E968.08291
G1 X140.74 Y98.408 E968.09996
G1 X140.801 Y97.899 E968.11701
G1 X140.976 Y97.414 E968.13416
G1 X141.311 Y96.93 E968.15373
G1 X141.711 Y96.582 E968.17137
G1 X142.179 Y96.345 E968.18882
G1 X142.647 Y96.229 E968.20485
G1 X143.229 Y96.229 E968.22421
G1 X143.697 Y96.345 E968.24025
G1 X144.165 Y96.582 E968.2577
G1 X144.566 Y96.93 E968.27535
G1 X144.9 Y97.412 E968.29486
G1 F1530.6 X145.062 Y97.867 E968.3106
G1 X145.048 Y97.385 E968.32632
G1 F1500 X145.048 Y90.323 E968.5612
G1 X144.995 Y89.841 E968.57733
G1 X144.838 Y89.396 E968.59302
G1 X144.586 Y88.998 E968.60869
G1 X144.246 Y88.658 E968.62469
G1 X143.852 Y88.41 E968.64017
G1 X143.407 Y88.253 E968.65586
G1 X142.925 Y88.2 E968.67199
G1 X92.071 Y88.2 E970.3634
G1 X91.593 Y88.253 E970.3794
G1 X91.144 Y88.41 E970.39522
G1 X90.75 Y88.658 E970.4107
G1 X90.41 Y88.998 E970.4267
G1 X90.158 Y89.396 E970.44236
G1 X90.005 Y89.841 E970.45802
G1 X89.948 Y90.324 E970.47419
G1 X89.948 Y97.387 E970.70911
G1 F1554.4 X89.935 Y97.901 E970.72561
G1 X90.096 Y97.413 E970.7421
G1 F1500 X90.43 Y96.93 E970.76164
G1 X90.831 Y96.582 E970.77929
G1 X91.299 Y96.345 E970.79674
G1 X91.767 Y96.229 E970.81278
G1 X92.349 Y96.229 E970.83214
G1 X92.817 Y96.345 E970.84817
G1 X93.285 Y96.582 E970.86562
G1 X93.717 Y96.966 E970.88485
G1 X94.019 Y97.412 E970.90276
G1 X94.199 Y97.901 E970.92009
G1 X94.256 Y98.408 E970.93706
G1 X94.198 Y98.927 E970.95443
G1 X93.997 Y99.446 E970.97294
G1 X93.685 Y99.886 E970.99088
G1 X93.286 Y100.233 E971.00847
G1 X92.815 Y100.475 E971.02608
G1 X92.347 Y100.587 E971.04209
G1 X91.769 Y100.587 E971.06131
G1 X91.254 Y100.457 E971.07898
G1 X90.791 Y100.206 E971.09649
G1 X90.43 Y99.886 E971.11254
G1 X90.096 Y99.403 E971.13207
G1 F1554.4 X89.935 Y98.915 E971.14856
G1 X89.948 Y99.429 E971.16507
G1 F1500 X89.948 Y139.019 E972.48184
G1 F1554.4 X89.935 Y139.533 E972.49834
G1 X90.096 Y139.045 E972.51483
G1 F1500 X90.43 Y138.562 E972.53436
G1 X90.83 Y138.215 E972.55198
G1 X91.299 Y137.973 E972.56953
G1 X91.767 Y137.857 E972.58557
G1 X92.349 Y137.857 E972.60492
G1 X92.817 Y137.973 E972.62096
G1 X93.325 Y138.242 E972.64008
G1 X93.717 Y138.598 E972.65769
G1 X94.019 Y139.044 E972.67561
G1 X94.199 Y139.533 E972.69294
G1 X94.256 Y140.04 E972.70991
G1 X94.198 Y140.555 E972.72714
G1 X94.02 Y141.035 E972.74417
G1 X93.686 Y141.513 E972.76356
G1 X93.285 Y141.866 E972.78133
G1 X92.817 Y142.103 E972.79878
G1 X92.349 Y142.219 E972.81482
G1 X91.767 Y142.219 E972.83418
G1 X91.299 Y142.103 E972.85021
G1 X90.831 Y141.866 E972.86766
G1 X90.4 Y141.479 E972.88693
G1 X90.096 Y141.034 E972.90485
G1 F1554.4 X89.935 Y140.543 E972.92144
G1 X89.949 Y141.06 E972.93804
G1 F1500 X89.948 Y144.676 E973.0583
G1 X90.005 Y145.155 E973.07435
G1 X90.158 Y145.604 E973.09013
G1 X90.409 Y145.997 E973.10563
G1 X90.75 Y146.338 E973.12167
G1 X91.144 Y146.586 E973.13716
G1 X91.594 Y146.743 E973.15301
G1 X92.072 Y146.8 E973.16902
G1 X94.676 Y146.8 E973.25563
G1 F2700 E968.25563
G0 F9000 X94.635 Y146.091
G0 X90.224 Y141.665
G0 X89.935 Y140.543
G1 F2700 E973.25563
G1 F1754.4 X89.904 Y140.04 E973.26996
G1 X89.935 Y139.533 E973.28441
G1 F2700 E968.28441
G0 F9000 X89.085 Y139.533
G0 X89.085 Y98.915
G0 X89.935 Y98.915
G1 F2700 E973.28441
G1 F1754.4 X89.904 Y98.408 E973.29885
G1 X89.935 Y97.901 E973.3133
G1 F2700 E968.3133
G0 F9000 X145.063 Y97.901
G1 F2700 E973.3133
G1 F1769.9 X145.094 Y98.408 E973.32761
G1 X145.063 Y98.924 E973.34219
G1 F2700 E968.34219
G0 F9000 X144.835 Y99.893
G0 X144.34 Y101.923
G0 X144.565 Y101.923
;TYPE:FILL
G1 F2700 E973.34219
G1 F3000 X138.681 Y103.499 E973.54479
G0 F9000 X138.91 Y103.499
G0 X138.91 Y107.625
G0 X138.68 Y107.625
G1 F3000 X144.568 Y113.513 E973.82174
G0 F9000 X144.567 Y114.346
G1 F3000 X138.709 Y115.915 E974.02345
G1 X138.699 Y115.814
G1 X142.649 Y101.071 E974.53109
G0 F9000 X142.649 Y101.305
G0 X144.34 Y105.027
G0 X144.567 Y105.027
G1 F3000 X138.68 Y99.14 E974.808
G0 F9000 X138.91 Y99.14
G0 X138.91 Y97.288
G0 X138.68 Y97.288
G1 F3000 X140.881 Y96.698 E974.88379
G0 F9000 X140.694 Y96.569
G0 X141.318 Y96.061
G0 X141.928 Y95.739
G0 X142.598 Y95.576
G0 X142.986 Y95.576
G0 X143.933 Y95.673
G0 X143.879 Y95.895
G1 F3000 X144.568 Y95.71 E974.90752
G0 F9000 X144.018 Y95.964
G1 F3000 X144.568 Y93.911 E974.97821
G0 F9000 X144.34 Y93.911
G0 X144.065 Y95.731
G0 X143.958 Y95.933
G1 F3000 X136.706 Y88.68 E975.31935
G0 F9000 X136.706 Y88.91
G0 X139.758 Y88.91
G0 X139.758 Y88.679
G1 F3000 X138.68 Y92.702 E975.45787
G0 F9000 X138.91 Y92.702
G0 X138.91 Y91.076
G0 X138.68 Y91.076
G1 F3000 X144.37 Y89.552 E975.65379
G0 F9000 X144.176 Y89.674
G0 X133.547 Y88.91
G0 X133.547 Y88.679
G1 F3000 X133.107 Y90.32 E975.7103
G0 F9000 X133.107 Y90.09
G0 X129.86 Y90.09
G0 X129.86 Y90.32
G1 F3000 X128.22 Y88.68 E975.78744
G0 F9000 X127.335 Y88.679
G1 F3000 X126.895 Y90.32 E975.84395
G0 F9000 X126.895 Y90.09
G0 X124.442 Y88.91
G0 X124.442 Y88.68
G1 F3000 X118.321 Y90.32 E976.05471
G0 F9000 X118.321 Y90.09
G0 X119.735 Y88.91
G0 X119.735 Y88.68
G1 F3000 X121.375 Y90.32 E976.13185
G0 F9000 X120.683 Y90.321
G1 F3000 X121.123 Y88.68 E976.18836
G0 F9000 X121.123 Y88.91
G0 X114.912 Y88.91
G0 X114.912 Y88.679
G1 F3000 X114.472 Y90.32 E976.24487
G0 F9000 X114.472 Y90.09
G0 X112.89 Y90.09
G0 X112.89 Y90.32
G1 F3000 X111.25 Y88.68 E976.32201
G0 F9000 X111.25 Y88.91
G0 X108.7 Y88.91
G0 X108.7 Y88.679
G1 F3000 X108.26 Y90.32 E976.37852
G0 F9000 X108.26 Y90.09
G0 X104.404 Y90.09
G0 X104.404 Y90.32
G1 F3000 X102.765 Y88.68 E976.45564
G0 F9000 X102.488 Y88.68
G1 F3000 X102.049 Y90.32 E976.5121
G0 F9000 X102.049 Y90.09
G0 X101.259 Y88.91
G0 X101.259 Y88.68
G1 F3000 X90.428 Y91.582 E976.88505
G0 F9000 X90.66 Y91.582
G0 X90.66 Y93.315
G0 X90.428 Y93.315
G1 F3000 X93.012 Y95.899 E977.00659
G0 F9000 X93.066 Y95.676
G0 X93.415 Y95.894
G0 X94.315 Y96.581
G0 X94.125 Y96.711
G1 F3000 X96.276 Y88.68 E977.28312
G0 F9000 X96.276 Y88.91
G0 X94.279 Y88.91
G0 X94.279 Y88.68
G1 F3000 X96.369 Y90.77 E977.38143
G0 F9000 X96.09 Y90.77
G0 X96.09 Y96.215
G0 X96.319 Y96.215
G1 F3000 X94.178 Y96.789 E977.45515
G0 F9000 X94.538 Y97.424
G1 F3000 X96.32 Y99.206 E977.53897
G0 F9000 X96.09 Y99.206
G0 X96.09 Y102.427
G0 X96.319 Y102.427
G1 F3000 X90.43 Y104.005 E977.74175
G0 F9000 X90.66 Y104.005
G0 X90.66 Y101.801
G0 X90.43 Y101.801
G1 F3000 X96.32 Y107.692 E978.01882
G0 F9000 X96.32 Y108.638
G1 F3000 X90.43 Y110.216 E978.22163
G1 X90.43 Y110.287
G1 X96.32 Y116.177 E978.49868
G0 F9000 X96.09 Y116.177
G0 X96.09 Y114.85
G0 X96.319 Y114.85
G1 F3000 X90.43 Y116.428 E978.70146
G0 F9000 X90.66 Y116.428
G0 X90.66 Y118.772
G0 X90.43 Y118.772
G1 F3000 X96.32 Y124.662 E978.97851
G0 F9000 X96.09 Y124.662
G0 X96.09 Y127.273
G0 X96.32 Y127.273
G1 F3000 X90.431 Y128.851 E979.18129
G0 F9000 X90.66 Y128.851
G0 X90.66 Y127.257
G0 X90.43 Y127.257
G1 F3000 X96.32 Y133.147 E979.45833
G0 F9000 X96.319 Y133.485
G1 F3000 X90.43 Y135.063 E979.66111
G0 F9000 X90.43 Y135.743
G1 F3000 X92.059 Y137.372 E979.73774
G0 F9000 X92.059 Y137.145
G0 X93.072 Y137.369
G0 X93.682 Y137.691
G0 X94.196 Y138.146
G0 X94.588 Y138.713
G0 X94.727 Y139.077
G0 X94.971 Y140.076
G0 X94.735 Y140.047
G1 F3000 X96.32 Y141.633 E979.81231
G0 F9000 X96.09 Y141.633
G0 X96.09 Y139.697
G0 X96.319 Y139.697
G1 F3000 X94.727 Y140.123 E979.86713
G0 F9000 X94.962 Y140.152
G0 X96.09 Y134.881
G0 X96.32 Y134.881
G1 F3000 X93.255 Y146.321 E980.26104
G0 F9000 X92.521 Y146.319
G1 F3000 X90.428 Y144.226 E980.35949
G0 F9000 X90.66 Y144.226
G0 X94.862 Y146.064
G0 X94.887 Y146.292
G1 F3000 X95.332 Y146.173 E980.37481
G0 F9000 X95.259 Y145.959
G0 X94.916 Y140.039
G0 X94.832 Y139.355
G0 X94.588 Y138.713
G0 X90.66 Y133.682
G0 X90.43 Y133.682
G1 F3000 X96.32 Y111.7 E981.13172
G0 F9000 X96.09 Y111.7
G0 X90.66 Y110.499
G0 X90.43 Y110.499
G1 F3000 X92.995 Y100.925 E981.46139
G0 F9000 X93.048 Y101.149
G0 X96.09 Y121.062
G0 X96.319 Y121.062
G1 F3000 X90.43 Y122.64 E981.66417
G1 F2700 E976.66417
G0 F9000 X90.66 Y122.64
G0 X96.159 Y99.16
G0 X96.162 Y90.162
G0 X138.838 Y90.162
G0 X138.999 Y116.137
G0 X138.781 Y116.212
G1 F2700 E981.66417
G1 F3000 X139.783 Y117.214 E981.7113
G0 F9000 X139.858 Y117
G0 X138.91 Y109.711
G0 X138.681 Y109.711
G1 F3000 X144.566 Y108.134 E981.91394
G0 F9000 X144.04 Y108.134
G1 F2700 E976.91394
;MESH:NONMESH
G0 F300 Z5.8
G0 F9000 X138.839 Y96.39
G0 X138.838 Y90.162
G0 X96.162 Y90.162
G0 X96.142 Y121.224
G0 X94.635 Y146.091
G0 X94.653 Y146.4
;TIME_ELAPSED:1634.246179
;LAYER:28
;TYPE:WALL-INNER
;MESH:battery holder-BodyChamfer.stl
G1 F2700 E981.91394
G1 F1500 X95.064 Y146.351 E981.92771
G1 X95.429 Y146.223 E981.94057
G1 X95.747 Y146.024 E981.95305
G1 X96.024 Y145.747 E981.96608
G1 X96.223 Y145.429 E981.97855
G1 X96.351 Y145.064 E981.99142
G1 X96.4 Y144.653 E982.00519
G1 X96.4 Y90.879 E983.79372
G1 X96.52 Y90.64 E983.80261
G1 X96.717 Y90.47 E983.81127
G1 X96.922 Y90.4 E983.81847
G1 X138 Y90.4 E985.18473
G1 X138.283 Y90.47 E985.19443
G1 X138.48 Y90.64 E985.20308
G1 X138.6 Y90.879 E985.21198
G1 X138.601 Y115.655 E986.03603
G1 X138.645 Y116.066 E986.04978
G1 X138.773 Y116.429 E986.06258
G1 X138.972 Y116.747 E986.07506
G1 X139.248 Y117.023 E986.08804
G1 X139.57 Y117.224 E986.10066
G1 X139.933 Y117.351 E986.11345
G1 X140.347 Y117.4 E986.12732
G1 X142.901 Y117.4 E986.21227
G1 X143.316 Y117.351 E986.22617
G1 X143.677 Y117.224 E986.23889
G1 X143.995 Y117.024 E986.25139
G1 X144.273 Y116.745 E986.26449
G1 X144.476 Y116.427 E986.27704
G1 X144.602 Y116.066 E986.28975
G1 X144.648 Y115.655 E986.30351
G1 X144.648 Y100.347 E986.81265
G1 X144.352 Y100.587 E986.82533
G1 X143.861 Y100.847 E986.84381
G1 X143.253 Y100.992 E986.8646
G1 X142.623 Y100.992 E986.88555
G1 X142.013 Y100.846 E986.90641
G1 X141.46 Y100.553 E986.92723
G1 X140.991 Y100.137 E986.94808
G1 X140.627 Y99.612 E986.96933
G1 X140.414 Y99.041 E986.9896
G1 X140.34 Y98.408 E987.01079
G1 X140.412 Y97.781 E987.03179
G1 X140.627 Y97.204 E987.05227
G1 X140.991 Y96.679 E987.07351
G1 X141.461 Y96.261 E987.09443
G1 X142.015 Y95.974 E987.11519
G1 X142.62 Y95.824 E987.13592
G1 X143.256 Y95.824 E987.15707
G1 X143.861 Y95.974 E987.1778
G1 X144.349 Y96.227 E987.19608
G1 X144.648 Y96.469 E987.20888
G1 X144.648 Y90.345 E987.41256
G1 X144.603 Y89.93 E987.42645
G1 X144.476 Y89.572 E987.43908
G1 X144.272 Y89.25 E987.45176
G1 X143.995 Y88.972 E987.46481
G1 X143.677 Y88.772 E987.47731
G1 X143.318 Y88.645 E987.48997
G1 X142.903 Y88.6 E987.50386
G1 X92.093 Y88.6 E989.1938
G1 X91.682 Y88.645 E989.20756
G1 X91.319 Y88.773 E989.22036
G1 X91.001 Y88.972 E989.23284
G1 X90.724 Y89.25 E989.24589
G1 X90.521 Y89.57 E989.25849
G1 X90.397 Y89.93 E989.27116
G1 X90.348 Y90.347 E989.28512
G1 X90.349 Y96.468 E989.48871
G1 X90.647 Y96.227 E989.50145
G1 X91.135 Y95.974 E989.51974
G1 X91.74 Y95.824 E989.54047
G1 X92.376 Y95.824 E989.56162
G1 X92.981 Y95.974 E989.58235
G1 X93.535 Y96.261 E989.6031
G1 X94.002 Y96.677 E989.62391
G1 X94.366 Y97.2 E989.6451
G1 X94.589 Y97.784 E989.66589
G1 X94.656 Y98.408 E989.68676
G1 X94.588 Y99.036 E989.70777
G1 X94.366 Y99.617 E989.72846
G1 X94.002 Y100.139 E989.74963
G1 X93.537 Y100.553 E989.77033
G1 X92.982 Y100.846 E989.79121
G1 X92.373 Y100.992 E989.81204
G1 X91.743 Y100.992 E989.83299
G1 X91.133 Y100.846 E989.85385
G1 X90.644 Y100.587 E989.87226
G1 X90.349 Y100.348 E989.88489
G1 X90.349 Y138.1 E991.14052
G1 X90.644 Y137.861 E991.15315
G1 X91.132 Y137.603 E991.17151
G1 X91.739 Y137.452 E991.19231
G1 X92.376 Y137.452 E991.2135
G1 X92.984 Y137.603 E991.23434
G1 X93.537 Y137.895 E991.25514
G1 X94.002 Y138.309 E991.27584
G1 X94.366 Y138.832 E991.29704
G1 X94.589 Y139.416 E991.31783
G1 X94.656 Y140.04 E991.3387
G1 X94.587 Y140.666 E991.35965
G1 X94.368 Y141.247 E991.3803
G1 X94.004 Y141.766 E991.40139
G1 X93.536 Y142.186 E991.4223
G1 X92.98 Y142.475 E991.44314
G1 X92.367 Y142.624 E991.46412
G1 X91.74 Y142.624 E991.48498
G1 X91.135 Y142.474 E991.50571
G1 X90.647 Y142.221 E991.52399
G1 X90.348 Y141.977 E991.53683
G1 X90.348 Y144.653 E991.62583
G1 X90.397 Y145.066 E991.63967
G1 X90.521 Y145.429 E991.65242
G1 X90.723 Y145.745 E991.6649
G1 X91.001 Y146.024 E991.678
G1 X91.319 Y146.223 E991.69047
G1 X91.684 Y146.351 E991.70334
G1 X92.095 Y146.4 E991.71711
G1 X94.653 Y146.4 E991.80219
G0 F9000 X94.676 Y146.8
;TYPE:WALL-OUTER
G1 F1500 X95.154 Y146.743 E991.8182
G1 X95.604 Y146.586 E991.83405
G1 X95.998 Y146.338 E991.84953
G1 X96.338 Y145.998 E991.86553
G1 X96.586 Y145.604 E991.88101
G1 X96.743 Y145.154 E991.89686
G1 X96.8 Y144.676 E991.91287
G1 X96.8 Y90.959 E993.69951
G1 X96.84 Y90.88 E993.70245
G1 X96.965 Y90.803 E993.70734
G1 X138.077 Y90.8 E995.07473
G1 X138.2 Y90.959 E995.08141
G1 X138.201 Y115.677 E995.90354
G1 X138.253 Y116.155 E995.91953
G1 X138.41 Y116.604 E995.93535
G1 X138.658 Y116.998 E995.95083
G1 X138.998 Y117.338 E995.96683
G1 X139.396 Y117.586 E995.98242
G1 X139.842 Y117.743 E995.99815
G1 X140.324 Y117.8 E996.01429
G1 X142.924 Y117.8 E996.10077
G1 X143.406 Y117.743 E996.11691
G1 X143.852 Y117.586 E996.13264
G1 X144.246 Y117.338 E996.14812
G1 X144.587 Y116.997 E996.16416
G1 X144.838 Y116.603 E996.1797
G1 X144.995 Y116.155 E996.19549
G1 X145.048 Y115.677 E996.21148
G1 X145.048 Y99.431 E996.75183
G1 F1530.6 X145.062 Y98.948 E996.76758
G1 X144.9 Y99.404 E996.78335
G1 F1500 X144.566 Y99.886 E996.80286
G1 X144.166 Y100.233 E996.82047
G1 X143.695 Y100.475 E996.83808
G1 X143.227 Y100.587 E996.85409
G1 X142.649 Y100.587 E996.87331
G1 X142.134 Y100.457 E996.89098
G1 X141.671 Y100.206 E996.90849
G1 X141.279 Y99.85 E996.92611
G1 X140.976 Y99.402 E996.94409
G1 X140.801 Y98.917 E996.96124
G1 X140.74 Y98.408 E996.97829
G1 X140.801 Y97.899 E996.99534
G1 X140.976 Y97.414 E997.01249
G1 X141.311 Y96.93 E997.03207
G1 X141.711 Y96.582 E997.04971
G1 X142.179 Y96.345 E997.06715
G1 X142.647 Y96.229 E997.08319
G1 X143.229 Y96.229 E997.10255
G1 X143.697 Y96.345 E997.11858
G1 X144.165 Y96.582 E997.13603
G1 X144.566 Y96.93 E997.15369
G1 X144.9 Y97.412 E997.1732
G1 F1530.6 X145.062 Y97.867 E997.18894
G1 X145.048 Y97.385 E997.20466
G1 F1500 X145.048 Y90.323 E997.43954
G1 X144.995 Y89.841 E997.45567
G1 X144.838 Y89.396 E997.47136
G1 X144.586 Y88.998 E997.48703
G1 X144.246 Y88.658 E997.50302
G1 X143.852 Y88.41 E997.51851
G1 X143.407 Y88.253 E997.5342
G1 X142.925 Y88.2 E997.55033
G1 X92.071 Y88.2 E999.24174
G1 X91.593 Y88.253 E999.25774
G1 X91.144 Y88.41 E999.27356
G1 X90.75 Y88.658 E999.28904
G1 X90.41 Y88.998 E999.30503
G1 X90.158 Y89.396 E999.3207
G1 X90.005 Y89.841 E999.33635
G1 X89.948 Y90.324 E999.35253
G1 X89.948 Y97.387 E999.58745
G1 F1554.4 X89.935 Y97.901 E999.60395
G1 X90.096 Y97.413 E999.62044
G1 F1500 X90.43 Y96.93 E999.63997
G1 X90.831 Y96.582 E999.65763
G1 X91.299 Y96.345 E999.67508
G1 X91.767 Y96.229 E999.69112
G1 X92.349 Y96.229 E999.71047
G1 X92.817 Y96.345 E999.72651
G1 X93.285 Y96.582 E999.74396
G1 X93.717 Y96.966 E999.76318
G1 X94.019 Y97.412 E999.7811
G1 X94.199 Y97.901 E999.79843
G1 X94.256 Y98.408 E999.8154
G1 X94.198 Y98.927 E999.83277
G1 X93.997 Y99.446 E999.85128
G1 X93.685 Y99.886 E999.86922
G1 X93.286 Y100.233 E999.88681
G1 X92.815 Y100.475 E999.90442
G1 X92.347 Y100.587 E999.92042
G1 X91.769 Y100.587 E999.93965
G1 X91.254 Y100.457 E999.95731
G1 X90.791 Y100.206 E999.97483
G1 X90.43 Y99.886 E999.99088
G1 X90.096 Y99.403 E1000.01041
G1 F1554.4 X89.935 Y98.915 E1000.0269
G1 X89.948 Y99.429 E1000.0434
G1 F1500 X89.948 Y139.019 E1001.36017
G1 F1554.4 X89.935 Y139.533 E1001.37668
G1 X90.096 Y139.045 E1001.39317
G1 F1500 X90.43 Y138.562 E1001.4127
G1 X90.83 Y138.215 E1001.43031
G1 X91.299 Y137.973 E1001.44787
G1 X91.767 Y137.857 E1001.4639
G1 X92.349 Y137.857 E1001.48326
G1 X92.817 Y137.973 E1001.4993
G1 X93.325 Y138.242 E1001.51842
G1 X93.717 Y138.598 E1001.53603
G1 X94.019 Y139.044 E1001.55394
G1 X94.199 Y139.533 E1001.57127
G1 X94.256 Y140.04 E1001.58824
G1 X94.198 Y140.555 E1001.60548
G1 X94.02 Y141.035 E1001.62251
G1 X93.686 Y141.513 E1001.6419
G1 X93.285 Y141.866 E1001.65967
G1 X92.817 Y142.103 E1001.67712
G1 X92.349 Y142.219 E1001.69316
G1 X91.767 Y142.219 E1001.71251
G1 X91.299 Y142.103 E1001.72855
G1 X90.831 Y141.866 E1001.746
G1 X90.4 Y141.479 E1001.76526
G1 X90.096 Y141.034 E1001.78319
G1 F1554.4 X89.935 Y140.543 E1001.79977
G1 X89.949 Y141.06 E1001.81637
G1 F1500 X89.948 Y144.676 E1001.93664
G1 X90.005 Y145.155 E1001.95269
G1 X90.158 Y145.604 E1001.96846
G1 X90.409 Y145.997 E1001.98397
G1 X90.75 Y146.338 E1002.00001
G1 X91.144 Y146.586 E1002.0155
G1 X91.594 Y146.743 E1002.03135
G1 X92.072 Y146.8 E1002.04736
G1 X94.676 Y146.8 E1002.13397
G1 F2700 E997.13397
G0 F9000 X94.635 Y146.091
G0 X90.224 Y141.665
G0 X89.935 Y140.543
G1 F2700 E1002.13397
G1 F1754.4 X89.904 Y140.04 E1002.1483
G1 X89.935 Y139.533 E1002.16274
G1 F2700 E997.16274
G0 F9000 X89.085 Y139.533
G0 X89.085 Y98.915
G0 X89.935 Y98.915
G1 F2700 E1002.16274
G1 F1754.4 X89.904 Y98.408 E1002.17719
G1 X89.935 Y97.901 E1002.19163
G1 F2700 E997.19163
G0 F9000 X145.063 Y97.901
G1 F2700 E1002.19163
G1 F1769.9 X145.094 Y98.408 E1002.20595
G1 X145.063 Y98.924 E1002.22052
G1 F2700 E997.22052
G0 F9000 X144.835 Y96.926
G0 X144.34 Y95.951
G0 X144.378 Y96.152
;TYPE:FILL
G1 F2700 E1002.22052
G1 F3000 X136.906 Y88.68 E1002.57198
G0 F9000 X136.906 Y88.91
G0 X139.611 Y88.91
G0 X139.611 Y88.68
G1 F3000 X138.68 Y92.153 E1002.69157
G0 F9000 X138.68 Y91.223
G1 F3000 X144.431 Y89.682 E1002.8896
G0 F9000 X144.214 Y89.756
G0 X144.34 Y93.362
G0 X144.568 Y93.362
G1 F3000 X143.888 Y95.899 E1002.97696
G0 F9000 X144.068 Y95.991
G1 F3000 X144.568 Y95.857 E1002.99418
G0 F9000 X144.34 Y95.857
G0 X143.282 Y95.576
G0 X142.598 Y95.576
G0 X141.928 Y95.739
G0 X141.434 Y96
G0 X140.569 Y96.75
G0 X140.755 Y96.879
G1 F3000 X138.68 Y97.435 E1003.06563
G0 F9000 X138.91 Y97.435
G0 X138.91 Y98.939
G0 X138.68 Y98.939
G1 F3000 X144.567 Y104.826 E1003.34253
G0 F9000 X144.34 Y104.826
G0 X144.34 Y102.07
G0 X144.566 Y102.07
G1 F3000 X138.681 Y103.646 E1003.54517
G0 F9000 X138.91 Y103.646
G0 X138.91 Y107.424
G0 X138.68 Y107.424
G1 F3000 X144.568 Y113.312 E1003.82212
G0 F9000 X144.34 Y113.312
G0 X144.34 Y114.493
G0 X144.567 Y114.493
G1 F3000 X138.726 Y116.058 E1004.02324
G1 X138.712 Y115.942
G1 X140.055 Y117.285 E1004.08641
G0 F9000 X140.081 Y117.059
G0 X138.91 Y115.333
G0 X138.681 Y115.333
G1 F3000 X142.509 Y101.046 E1004.57836
G0 F9000 X142.454 Y101.271
G0 X144.34 Y108.281
G0 X144.566 Y108.281
G1 F3000 X138.681 Y109.858 E1004.78101
G0 F9000 X138.91 Y109.858
G0 X138.838 Y90.162
G0 X132.96 Y90.09
G0 X132.96 Y90.32
G1 F3000 X133.4 Y88.679 E1004.83751
G0 F9000 X133.4 Y88.91
G0 X130.061 Y90.09
G0 X130.061 Y90.32
G1 F3000 X128.421 Y88.68 E1004.91465
G0 F9000 X128.421 Y88.91
G0 X127.188 Y88.91
G0 X127.188 Y88.679
G1 F3000 X126.748 Y90.32 E1004.97116
G0 F9000 X126.748 Y90.09
G0 X124.991 Y88.91
G0 X124.991 Y88.68
G1 F3000 X118.869 Y90.32 E1005.18196
G0 F9000 X118.869 Y90.09
G0 X120.536 Y90.09
G0 X120.536 Y90.321
G1 F3000 X120.976 Y88.68 E1005.23847
G0 F9000 X120.976 Y88.91
G0 X119.936 Y88.91
G0 X119.936 Y88.68
G1 F3000 X121.576 Y90.32 E1005.31561
G0 F9000 X121.576 Y90.09
G0 X114.764 Y88.91
G0 X114.764 Y88.68
G1 F3000 X114.325 Y90.32 E1005.37208
G0 F9000 X114.325 Y90.09
G0 X113.09 Y90.09
G0 X113.09 Y90.32
G1 F3000 X111.451 Y88.68 E1005.44919
G0 F9000 X111.451 Y88.91
G0 X108.553 Y88.91
G0 X108.553 Y88.679
G1 F3000 X108.113 Y90.32 E1005.5057
G0 F9000 X108.113 Y90.09
G0 X104.605 Y90.09
G0 X104.605 Y90.32
G1 F3000 X102.965 Y88.68 E1005.58284
G0 F9000 X102.341 Y88.68
G1 F3000 X101.902 Y90.32 E1005.63931
G0 F9000 X101.902 Y90.09
G0 X101.808 Y88.91
G0 X101.808 Y88.68
G1 F3000 X90.428 Y91.729 E1006.03116
G0 F9000 X90.66 Y91.729
G0 X90.66 Y93.114
G0 X90.428 Y93.114
G1 F3000 X93.43 Y96.116 E1006.17236
G0 F9000 X94.013 Y96.578
G1 F3000 X96.13 Y88.68 E1006.44432
G0 F9000 X96.13 Y88.91
G0 X94.48 Y88.91
G0 X94.48 Y88.68
G1 F3000 X96.436 Y90.636 E1006.53633
G0 F9000 X96.09 Y90.636
G0 X96.09 Y96.362
G0 X96.319 Y96.362
G1 F3000 X94.264 Y96.913 E1006.60709
G1 X94.346 Y97.032
G1 X96.32 Y99.006 E1006.69994
G0 F9000 X96.09 Y99.006
G0 X96.09 Y102.574
G0 X96.319 Y102.574
G1 F3000 X90.43 Y104.152 E1006.90272
G0 F9000 X90.66 Y104.152
G0 X90.66 Y101.601
G0 X90.43 Y101.601
G1 F3000 X96.32 Y107.491 E1007.17977
G0 F9000 X96.09 Y107.491
G0 X96.09 Y108.785
G0 X96.32 Y108.785
G1 F3000 X90.43 Y110.363 E1007.38258
G0 F9000 X90.43 Y110.086
G1 F3000 X96.32 Y115.976 E1007.65963
G0 F9000 X96.319 Y114.997
G1 F3000 X90.43 Y116.575 E1007.86241
G0 F9000 X90.66 Y116.575
G0 X90.66 Y118.571
G0 X90.43 Y118.571
G1 F3000 X96.32 Y124.461 E1008.13945
G0 F9000 X96.09 Y124.461
G0 X96.09 Y127.42
G0 X96.32 Y127.42
G1 F3000 X90.431 Y128.998 E1008.34223
G0 F9000 X90.66 Y128.998
G0 X90.66 Y127.056
G0 X90.43 Y127.056
G1 F3000 X96.32 Y132.947 E1008.6193
G0 F9000 X96.32 Y133.632
G1 F3000 X90.43 Y135.21 E1008.82212
G0 F9000 X90.43 Y135.542
G1 F3000 X92.26 Y137.372 E1008.90819
G0 F9000 X92.26 Y137.145
G0 X93.072 Y137.369
G0 X93.682 Y137.691
G0 X94.196 Y138.146
G0 X94.549 Y138.656
G0 X94.948 Y139.797
G0 X94.713 Y139.825
G1 F3000 X96.32 Y141.432 E1008.98378
G0 F9000 X96.09 Y141.432
G0 X96.09 Y139.844
G0 X96.319 Y139.844
G1 F3000 X94.711 Y140.275 E1009.03915
G1 X94.698 Y140.385
G1 X96.32 Y134.333 E1009.24755
G0 F9000 X96.09 Y134.333
G0 X90.66 Y133.133
G0 X90.43 Y133.133
G1 F3000 X96.32 Y111.151 E1010.00446
G0 F9000 X96.09 Y111.151
G0 X90.66 Y109.95
G0 X90.43 Y109.95
G1 F3000 X92.838 Y100.963 E1010.31391
G0 F9000 X92.892 Y101.188
G0 X96.09 Y121.209
G0 X96.319 Y121.209
G1 F3000 X90.43 Y122.787 E1010.51669
G0 F9000 X90.66 Y122.787
G0 X94.832 Y139.355
G0 X94.916 Y140.039
G0 X94.719 Y141.194
G0 X94.504 Y141.112
G1 F3000 X93.108 Y146.321 E1010.69606
G0 F9000 X92.722 Y146.319
G1 F3000 X90.428 Y144.025 E1010.80396
G0 F9000 X90.96 Y144.025
;MESH:NONMESH
G0 F300 Z6
G0 F9000 X94.635 Y146.091
G0 X94.653 Y146.4
;TIME_ELAPSED:1678.890382
;LAYER:29
;TYPE:WALL-INNER
;MESH:battery holder-BodyChamfer.stl
G1 F1500 X95.064 Y146.351 E1010.81773
G1 X95.429 Y146.223 E1010.83059
G1 X95.747 Y146.024 E1010.84307
G1 X96.024 Y145.747 E1010.8561
G1 X96.223 Y145.429 E1010.86858
G1 X96.351 Y145.064 E1010.88144
G1 X96.4 Y144.653 E1010.89521
G1 X96.4 Y90.879 E1012.68374
G1 X96.52 Y90.64 E1012.69263
G1 X96.717 Y90.47 E1012.70129
G1 X96.922 Y90.4 E1012.70849
G1 X138 Y90.4 E1014.07475
G1 X138.283 Y90.47 E1014.08445
G1 X138.48 Y90.64 E1014.0931
G1 X138.6 Y90.879 E1014.102
G1 X138.601 Y115.655 E1014.92605
G1 X138.645 Y116.066 E1014.9398
G1 X138.773 Y116.429 E1014.9526
G1 X138.972 Y116.747 E1014.96508
G1 X139.248 Y117.023 E1014.97806
G1 X139.57 Y117.224 E1014.99068
G1 X139.933 Y117.351 E1015.00348
G1 X140.347 Y117.4 E1015.01734
G1 X142.901 Y117.4 E1015.10229
G1 X143.316 Y117.351 E1015.11619
G1 X143.677 Y117.224 E1015.12892
G1 X143.995 Y117.024 E1015.14141
G1 X144.273 Y116.745 E1015.15451
G1 X144.476 Y116.427 E1015.16706
G1 X144.602 Y116.066 E1015.17977
G1 X144.648 Y115.655 E1015.19353
G1 X144.648 Y100.347 E1015.70268
G1 X144.352 Y100.587 E1015.71535
G1 X143.861 Y100.847 E1015.73383
G1 X143.253 Y100.992 E1015.75462
G1 X142.623 Y100.992 E1015.77557
G1 X142.013 Y100.846 E1015.79643
G1 X141.46 Y100.553 E1015.81725
G1 X140.991 Y100.137 E1015.8381
G1 X140.627 Y99.612 E1015.85935
G1 X140.414 Y99.041 E1015.87962
G1 X140.34 Y98.408 E1015.90082
G1 X140.412 Y97.781 E1015.92181
G1 X140.627 Y97.204 E1015.94229
G1 X140.991 Y96.679 E1015.96354
G1 X141.461 Y96.261 E1015.98446
G1 X142.015 Y95.974 E1016.00521
G1 X142.62 Y95.824 E1016.02594
G1 X143.256 Y95.824 E1016.04709
G1 X143.861 Y95.974 E1016.06782
G1 X144.349 Y96.227 E1016.08611
G1 X144.648 Y96.469 E1016.0989
G1 X144.648 Y90.345 E1016.30259
G1 X144.603 Y89.93 E1016.31647
G1 X144.476 Y89.572 E1016.3291
G1 X144.272 Y89.25 E1016.34178
G1 X143.995 Y88.972 E1016.35483
G1 X143.677 Y88.772 E1016.36733
G1 X143.318 Y88.645 E1016.37999
G1 X142.903 Y88.6 E1016.39388
G1 X92.093 Y88.6 E1018.08383
G1 X91.682 Y88.645 E1018.09758
G1 X91.319 Y88.773 E1018.11038
G1 X91.001 Y88.972 E1018.12286
G1 X90.724 Y89.25 E1018.13591
G1 X90.521 Y89.57 E1018.14851
G1 X90.397 Y89.93 E1018.16118
G1 X90.348 Y90.347 E1018.17514
G1 X90.349 Y96.468 E1018.37873
G1 X90.647 Y96.227 E1018.39147
G1 X91.135 Y95.974 E1018.40976
G1 X91.74 Y95.824 E1018.43049
G1 X92.376 Y95.824 E1018.45164
G1 X92.981 Y95.974 E1018.47237
G1 X93.535 Y96.261 E1018.49313
G1 X94.002 Y96.677 E1018.51393
G1 X94.366 Y97.2 E1018.53512
G1 X94.589 Y97.784 E1018.55591
G1 X94.656 Y98.408 E1018.57679
G1 X94.588 Y99.036 E1018.5978
G1 X94.366 Y99.617 E1018.61848
G1 X94.002 Y100.139 E1018.63965
G1 X93.537 Y100.553 E1018.66036
G1 X92.982 Y100.846 E1018.68123
G1 X92.373 Y100.992 E1018.70206
G1 X91.743 Y100.992 E1018.72301
G1 X91.133 Y100.846 E1018.74388
G1 X90.644 Y100.587 E1018.76228
G1 X90.349 Y100.348 E1018.77491
G1 X90.349 Y138.1 E1020.03054
G1 X90.644 Y137.861 E1020.04317
G1 X91.132 Y137.603 E1020.06153
G1 X91.739 Y137.452 E1020.08234
G1 X92.376 Y137.452 E1020.10352
G1 X92.984 Y137.603 E1020.12436
G1 X93.537 Y137.895 E1020.14516
G1 X94.002 Y138.309 E1020.16587
G1 X94.366 Y138.832 E1020.18706
G1 X94.589 Y139.416 E1020.20785
G1 X94.656 Y140.04 E1020.22872
G1 X94.587 Y140.666 E1020.24967
G1 X94.368 Y141.247 E1020.27032
G1 X94.004 Y141.766 E1020.29141
G1 X93.536 Y142.186 E1020.31232
G1 X92.98 Y142.475 E1020.33316
G1 X92.367 Y142.624 E1020.35415
G1 X91.74 Y142.624 E1020.375
G1 X91.135 Y142.474 E1020.39573
G1 X90.647 Y142.221 E1020.41401
G1 X90.348 Y141.977 E1020.42685
G1 X90.348 Y144.653 E1020.51585
G1 X90.397 Y145.066 E1020.52969
G1 X90.521 Y145.429 E1020.54245
G1 X90.723 Y145.745 E1020.55492
G1 X91.001 Y146.024 E1020.56802
G1 X91.319 Y146.223 E1020.5805
G1 X91.684 Y146.351 E1020.59336
G1 X92.095 Y146.4 E1020.60713
G1 X94.653 Y146.4 E1020.69221
G0 F9000 X94.676 Y146.8
;TYPE:WALL-OUTER
G1 F1500 X95.154 Y146.743 E1020.70822
G1 X95.604 Y146.586 E1020.72407
G1 X95.998 Y146.338 E1020.73955
G1 X96.338 Y145.998 E1020.75555
G1 X96.586 Y145.604 E1020.77103
G1 X96.743 Y145.154 E1020.78688
G1 X96.8 Y144.676 E1020.80289
G1 X96.8 Y90.959 E1022.58953
G1 X96.84 Y90.88 E1022.59247
G1 X96.965 Y90.803 E1022.59736
G1 X138.077 Y90.8 E1023.96475
G1 X138.2 Y90.959 E1023.97143
G1 X138.201 Y115.677 E1024.79356
G1 X138.253 Y116.155 E1024.80955
G1 X138.41 Y116.604 E1024.82537
G1 X138.658 Y116.998 E1024.84085
G1 X138.998 Y117.338 E1024.85685
G1 X139.396 Y117.586 E1024.87244
G1 X139.842 Y117.743 E1024.88817
G1 X140.324 Y117.8 E1024.90431
G1 X142.924 Y117.8 E1024.99079
G1 X143.406 Y117.743 E1025.00693
G1 X143.852 Y117.586 E1025.02266
G1 X144.246 Y117.338 E1025.03814
G1 X144.587 Y116.997 E1025.05418
G1 X144.838 Y116.603 E1025.06972
G1 X144.995 Y116.155 E1025.08551
G1 X145.048 Y115.677 E1025.10151
G1 X145.048 Y99.431 E1025.64185
G1 F1530.6 X145.062 Y98.948 E1025.6576
G1 X144.9 Y99.404 E1025.67337
G1 F1500 X144.566 Y99.886 E1025.69288
G1 X144.166 Y100.233 E1025.71049
G1 X143.695 Y100.475 E1025.7281
G1 X143.227 Y100.587 E1025.74411
G1 X142.649 Y100.587 E1025.76333
G1 X142.134 Y100.457 E1025.781
G1 X141.671 Y100.206 E1025.79852
G1 X141.279 Y99.85 E1025.81613
G1 X140.976 Y99.402 E1025.83412
G1 X140.801 Y98.917 E1025.85127
G1 X140.74 Y98.408 E1025.86832
G1 X140.801 Y97.899 E1025.88537
G1 X140.976 Y97.414 E1025.90252
G1 X141.311 Y96.93 E1025.92209
G1 X141.711 Y96.582 E1025.93973
G1 X142.179 Y96.345 E1025.95718
G1 X142.647 Y96.229 E1025.97321
G1 X143.229 Y96.229 E1025.99257
G1 X143.697 Y96.345 E1026.00861
G1 X144.165 Y96.582 E1026.02605
G1 X144.566 Y96.93 E1026.04371
G1 X144.9 Y97.412 E1026.06322
G1 F1530.6 X145.062 Y97.867 E1026.07896
G1 X145.048 Y97.385 E1026.09468
G1 F1500 X145.048 Y90.323 E1026.32956
G1 X144.995 Y89.841 E1026.34569
G1 X144.838 Y89.396 E1026.36138
G1 X144.586 Y88.998 E1026.37705
G1 X144.246 Y88.658 E1026.39304
G1 X143.852 Y88.41 E1026.40853
G1 X143.407 Y88.253 E1026.42422
G1 X142.925 Y88.2 E1026.44035
G1 X92.071 Y88.2 E1028.13176
G1 X91.593 Y88.253 E1028.14776
G1 X91.144 Y88.41 E1028.16358
G1 X90.75 Y88.658 E1028.17906
G1 X90.41 Y88.998 E1028.19506
G1 X90.158 Y89.396 E1028.21072
G1 X90.005 Y89.841 E1028.22637
G1 X89.948 Y90.324 E1028.24255
G1 X89.948 Y97.387 E1028.47747
G1 F1554.4 X89.935 Y97.901 E1028.49397
G1 X90.096 Y97.413 E1028.51046
G1 F1500 X90.43 Y96.93 E1028.52999
G1 X90.831 Y96.582 E1028.54765
G1 X91.299 Y96.345 E1028.5651
G1 X91.767 Y96.229 E1028.58114
G1 X92.349 Y96.229 E1028.6005
G1 X92.817 Y96.345 E1028.61653
G1 X93.285 Y96.582 E1028.63398
G1 X93.717 Y96.966 E1028.6532
G1 X94.019 Y97.412 E1028.67112
G1 X94.199 Y97.901 E1028.68845
G1 X94.256 Y98.408 E1028.70542
G1 X94.198 Y98.927 E1028.72279
G1 X93.997 Y99.446 E1028.7413
G1 X93.685 Y99.886 E1028.75924
G1 X93.286 Y100.233 E1028.77683
G1 X92.815 Y100.475 E1028.79444
G1 X92.347 Y100.587 E1028.81045
G1 X91.769 Y100.587 E1028.82967
G1 X91.254 Y100.457 E1028.84734
G1 X90.791 Y100.206 E1028.86485
G1 X90.43 Y99.886 E1028.8809
G1 X90.096 Y99.403 E1028.90043
G1 F1554.4 X89.935 Y98.915 E1028.91692
G1 X89.948 Y99.429 E1028.93343
G1 F1500 X89.948 Y139.019 E1030.25019
G1 F1554.4 X89.935 Y139.533 E1030.2667
G1 X90.096 Y139.045 E1030.28319
G1 F1500 X90.43 Y138.562 E1030.30272
G1 X90.83 Y138.215 E1030.32033
G1 X91.299 Y137.973 E1030.33789
G1 X91.767 Y137.857 E1030.35392
G1 X92.349 Y137.857 E1030.37328
G1 X92.817 Y137.973 E1030.38932
G1 X93.325 Y138.242 E1030.40844
G1 X93.717 Y138.598 E1030.42605
G1 X94.019 Y139.044 E1030.44396
G1 X94.199 Y139.533 E1030.4613
G1 X94.256 Y140.04 E1030.47826
G1 X94.198 Y140.555 E1030.4955
G1 X94.02 Y141.035 E1030.51253
G1 X93.686 Y141.513 E1030.53192
G1 X93.285 Y141.866 E1030.54969
G1 X92.817 Y142.103 E1030.56714
G1 X92.349 Y142.219 E1030.58318
G1 X91.767 Y142.219 E1030.60253
G1 X91.299 Y142.103 E1030.61857
G1 X90.831 Y141.866 E1030.63602
G1 X90.4 Y141.479 E1030.65529
G1 X90.096 Y141.034 E1030.67321
G1 F1554.4 X89.935 Y140.543 E1030.68979
G1 X89.949 Y141.06 E1030.70639
G1 F1500 X89.948 Y144.676 E1030.82666
G1 X90.005 Y145.155 E1030.84271
G1 X90.158 Y145.604 E1030.85848
G1 X90.409 Y145.997 E1030.87399
G1 X90.75 Y146.338 E1030.89003
G1 X91.144 Y146.586 E1030.90552
G1 X91.594 Y146.743 E1030.92137
G1 X92.072 Y146.8 E1030.93738
G1 X94.676 Y146.8 E1031.02399
G1 F2700 E1026.02399
G0 F9000 X94.635 Y146.091
G0 X90.224 Y141.665
G0 X89.935 Y140.543
G1 F2700 E1031.02399
G1 F1754.4 X89.904 Y140.04 E1031.03832
G1 X89.935 Y139.533 E1031.05277
G1 F2700 E1026.05277
G0 F9000 X89.085 Y139.533
G0 X89.085 Y98.915
G0 X89.935 Y98.915
G1 F2700 E1031.05277
G1 F1754.4 X89.904 Y98.408 E1031.06721
G1 X89.935 Y97.901 E1031.08166
G1 F2700 E1026.08166
G0 F9000 X145.063 Y97.901
G1 F2700 E1031.08166
G1 F1769.9 X145.094 Y98.408 E1031.09597
G1 X145.063 Y98.924 E1031.11054
G1 F2700 E1026.11054
G0 F9000 X144.835 Y96.926
G0 X144.34 Y95.955
G0 X144.568 Y96.142
;TYPE:FILL
G1 F2700 E1031.11054
G1 F3000 X137.106 Y88.68 E1031.46153
G0 F9000 X137.106 Y88.91
G0 X139.465 Y88.91
G0 X139.465 Y88.679
G1 F3000 X138.68 Y91.609 E1031.56242
G0 F9000 X138.681 Y91.369
G1 F3000 X144.478 Y89.816 E1031.76203
G0 F9000 X144.261 Y89.89
G0 X144.34 Y92.818
G0 X144.568 Y92.818
G1 F3000 X143.752 Y95.864 E1031.86691
G0 F9000 X144.254 Y96.088
G1 F3000 X144.568 Y96.003 E1031.87773
G0 F9000 X144.37 Y95.947
G0 X143.952 Y95.739
G0 X143.282 Y95.576
G0 X142.598 Y95.576
G0 X141.928 Y95.739
G0 X141.318 Y96.061
G0 X140.445 Y96.93
G0 X140.631 Y97.058
G1 F3000 X138.68 Y97.581 E1031.94492
G0 F9000 X138.91 Y97.581
G0 X138.91 Y98.74
G0 X138.68 Y98.74
G1 F3000 X144.567 Y104.626 E1032.2218
G0 F9000 X144.34 Y104.626
G0 X144.34 Y102.216
G0 X144.565 Y102.216
G1 F3000 X138.681 Y103.792 E1032.4244
G0 F9000 X138.91 Y103.792
G0 X138.91 Y107.225
G0 X138.68 Y107.225
G1 F3000 X144.568 Y113.113 E1032.70135
G0 F9000 X144.34 Y113.113
G0 X144.34 Y114.639
G0 X144.567 Y114.639
G1 F3000 X138.773 Y116.191 E1032.90086
G0 F9000 X138.688 Y115.718
G1 F3000 X140.282 Y117.312 E1032.97583
G0 F9000 X140.308 Y117.084
G0 X138.91 Y114.788
G0 X138.681 Y114.788
G1 F3000 X142.372 Y101.014 E1033.45012
G0 F9000 X142.317 Y101.238
G0 X144.34 Y108.427
G0 X144.566 Y108.427
G1 F3000 X138.682 Y110.004 E1033.65273
G0 F9000 X138.91 Y110.004
G0 X138.838 Y90.162
G0 X132.814 Y90.09
G0 X132.814 Y90.32
G1 F3000 X133.254 Y88.679 E1033.70924
G0 F9000 X133.254 Y88.91
G0 X130.26 Y90.09
G0 X130.26 Y90.32
G1 F3000 X128.621 Y88.68 E1033.78636
G0 F9000 X128.621 Y88.91
G0 X127.042 Y88.91
G0 X127.042 Y88.68
G1 F3000 X126.602 Y90.321 E1033.84286
G0 F9000 X126.602 Y90.09
G0 X125.536 Y88.91
G0 X125.536 Y88.68
G1 F3000 X119.414 Y90.32 E1034.05366
G0 F9000 X120.391 Y90.32
G1 F3000 X120.83 Y88.68 E1034.11013
G0 F9000 X120.135 Y88.68
G1 F3000 X121.775 Y90.32 E1034.18727
G0 F9000 X121.775 Y90.09
G0 X114.619 Y88.91
G0 X114.619 Y88.679
G1 F3000 X114.179 Y90.32 E1034.24378
G0 F9000 X113.29 Y90.32
G1 F3000 X111.65 Y88.68 E1034.32092
G0 F9000 X111.65 Y88.91
G0 X108.407 Y88.91
G0 X108.407 Y88.679
G1 F3000 X107.967 Y90.321 E1034.37746
G0 F9000 X107.967 Y90.09
G0 X104.805 Y90.09
G0 X104.805 Y90.32
G1 F3000 X103.165 Y88.68 E1034.4546
G0 F9000 X102.353 Y88.68
G1 F3000 X90.428 Y91.875 E1034.86521
G0 F9000 X90.66 Y91.875
G0 X90.66 Y92.915
G0 X90.428 Y92.915
G1 F3000 X96.32 Y98.806 E1035.14233
G0 F9000 X96.09 Y98.806
G0 X96.09 Y96.508
G0 X96.319 Y96.508
G1 F3000 X94.349 Y97.036 E1035.21017
G0 F9000 X93.895 Y96.474
G1 F3000 X95.983 Y88.68 E1035.47854
G0 F9000 X95.983 Y88.91
G0 X94.679 Y88.91
G0 X94.679 Y88.68
G1 F3000 X96.53 Y90.531 E1035.5656
G0 F9000 X96.09 Y90.531
G0 X96.162 Y90.162
G0 X101.756 Y90.09
G0 X101.756 Y90.32
G1 F3000 X102.195 Y88.68 E1035.62207
G0 F9000 X102.195 Y88.91
G0 X96.162 Y90.162
G0 X96.09 Y102.72
G0 X96.32 Y102.72
G1 F3000 X90.431 Y104.298 E1035.82485
G0 F9000 X90.66 Y104.298
G0 X90.66 Y101.401
G0 X90.43 Y101.401
G1 F3000 X96.32 Y107.291 E1036.1019
G0 F9000 X96.09 Y107.291
G0 X96.09 Y108.931
G0 X96.32 Y108.931
G1 F3000 X90.43 Y110.509 E1036.30471
G0 F9000 X90.43 Y109.887
G1 F3000 X96.32 Y115.777 E1036.58175
G0 F9000 X96.319 Y115.143
G1 F3000 X90.43 Y116.721 E1036.78453
G0 F9000 X90.66 Y116.721
G0 X90.66 Y118.372
G0 X90.43 Y118.372
G1 F3000 X96.32 Y124.262 E1037.06158
G0 F9000 X96.09 Y124.262
G0 X96.09 Y121.355
G0 X96.319 Y121.355
G1 F3000 X90.431 Y122.933 E1037.26433
G0 F9000 X90.66 Y122.933
G0 X90.66 Y126.857
G0 X90.43 Y126.857
G1 F3000 X96.32 Y132.747 E1037.54138
G0 F9000 X96.09 Y132.747
G0 X96.09 Y133.778
G0 X96.319 Y133.778
G1 F3000 X90.43 Y135.356 E1037.74415
G1 X90.43 Y135.342
G1 X92.482 Y137.395 E1037.8407
G0 F9000 X92.535 Y137.176
G0 X93.072 Y137.369
G0 X93.682 Y137.691
G0 X94.196 Y138.146
G0 X94.514 Y138.605
G0 X94.92 Y139.574
G0 X94.689 Y139.602
G1 F3000 X96.32 Y141.233 E1037.91741
G0 F9000 X96.09 Y141.233
G0 X96.09 Y139.99
G0 X96.319 Y139.99
G1 F3000 X94.694 Y140.425 E1037.97337
G0 F9000 X94.71 Y139.796
G1 F3000 X96.32 Y133.788 E1038.18024
G0 F9000 X96.09 Y133.788
G0 X90.66 Y132.588
G0 X90.43 Y132.588
G1 F3000 X96.32 Y110.606 E1038.93716
G0 F9000 X96.09 Y110.606
G0 X90.66 Y109.406
G0 X90.43 Y109.406
G1 F3000 X92.682 Y100.999 E1039.22663
G0 F9000 X92.736 Y101.226
G0 X96.09 Y127.566
G0 X96.32 Y127.566
G1 F3000 X90.43 Y129.144 E1039.42945
G0 F9000 X90.66 Y129.144
G0 X94.832 Y139.355
G0 X94.916 Y140.039
G0 X94.848 Y140.593
G0 X94.424 Y141.71
G0 X94.233 Y141.578
G1 F3000 X92.962 Y146.32 E1039.59273
G1 X92.922 Y146.319
G1 X90.428 Y143.826 E1039.71002
G0 F9000 X90.96 Y143.826
;MESH:NONMESH
G0 F300 Z6.2
G0 F9000 X94.635 Y146.091
G0 X94.653 Y146.4
;TIME_ELAPSED:1723.576264
;LAYER:30
;TYPE:WALL-INNER
;MESH:battery holder-BodyChamfer.stl
G1 F1500 X95.064 Y146.351 E1039.72379
G1 X95.429 Y146.223 E1039.73665
G1 X95.747 Y146.024 E1039.74913
G1 X96.024 Y145.747 E1039.76216
G1 X96.223 Y145.429 E1039.77463
G1 X96.351 Y145.064 E1039.7875
G1 X96.4 Y144.653 E1039.80126
G1 X96.4 Y90.879 E1041.5898
G1 X96.52 Y90.64 E1041.59869
G1 X96.717 Y90.47 E1041.60734
G1 X96.922 Y90.4 E1041.61455
G1 X138 Y90.4 E1042.98081
G1 X138.283 Y90.47 E1042.99051
G1 X138.48 Y90.64 E1042.99916
G1 X138.6 Y90.879 E1043.00806
G1 X138.601 Y115.655 E1043.83211
G1 X138.645 Y116.066 E1043.84586
G1 X138.773 Y116.429 E1043.85866
G1 X138.972 Y116.747 E1043.87114
G1 X139.248 Y117.023 E1043.88412
G1 X139.57 Y117.224 E1043.89674
G1 X139.933 Y117.351 E1043.90953
G1 X140.347 Y117.4 E1043.9234
G1 X142.901 Y117.4 E1044.00835
G1 X143.316 Y117.351 E1044.02224
G1 X143.677 Y117.224 E1044.03497
G1 X143.995 Y117.024 E1044.04747
G1 X144.273 Y116.745 E1044.06057
G1 X144.476 Y116.427 E1044.07312
G1 X144.602 Y116.066 E1044.08583
G1 X144.648 Y115.655 E1044.09959
G1 X144.648 Y100.347 E1044.60873
G1 X144.352 Y100.587 E1044.62141
G1 X143.861 Y100.847 E1044.63989
G1 X143.253 Y100.992 E1044.66068
G1 X142.623 Y100.992 E1044.68163
G1 X142.013 Y100.846 E1044.70249
G1 X141.46 Y100.553 E1044.72331
G1 X140.991 Y100.137 E1044.74416
G1 X140.627 Y99.612 E1044.76541
G1 X140.414 Y99.041 E1044.78568
G1 X140.34 Y98.408 E1044.80687
G1 X140.412 Y97.781 E1044.82786
G1 X140.627 Y97.204 E1044.84834
G1 X140.991 Y96.679 E1044.86959
G1 X141.461 Y96.261 E1044.89051
G1 X142.015 Y95.974 E1044.91126
G1 X142.62 Y95.824 E1044.932
G1 X143.256 Y95.824 E1044.95315
G1 X143.861 Y95.974 E1044.97388
G1 X144.349 Y96.227 E1044.99216
G1 X144.648 Y96.469 E1045.00496
G1 X144.648 Y90.345 E1045.20864
G1 X144.603 Y89.93 E1045.22253
G1 X144.476 Y89.572 E1045.23516
G1 X144.272 Y89.25 E1045.24784
G1 X143.995 Y88.972 E1045.26089
G1 X143.677 Y88.772 E1045.27339
G1 X143.318 Y88.645 E1045.28605
G1 X142.903 Y88.6 E1045.29994
G1 X92.093 Y88.6 E1046.98988
G1 X91.682 Y88.645 E1047.00364
G1 X91.319 Y88.773 E1047.01644
G1 X91.001 Y88.972 E1047.02891
G1 X90.724 Y89.25 E1047.04197
G1 X90.521 Y89.57 E1047.05457
G1 X90.397 Y89.93 E1047.06724
G1 X90.348 Y90.347 E1047.0812
G1 X90.349 Y96.468 E1047.28479
G1 X90.647 Y96.227 E1047.29753
G1 X91.135 Y95.974 E1047.31582
G1 X91.74 Y95.824 E1047.33655
G1 X92.376 Y95.824 E1047.3577
G1 X92.981 Y95.974 E1047.37843
G1 X93.535 Y96.261 E1047.39918
G1 X94.002 Y96.677 E1047.41999
G1 X94.366 Y97.2 E1047.44118
G1 X94.589 Y97.784 E1047.46197
G1 X94.656 Y98.408 E1047.48284
G1 X94.588 Y99.036 E1047.50385
G1 X94.366 Y99.617 E1047.52454
G1 X94.002 Y100.139 E1047.54571
G1 X93.537 Y100.553 E1047.56641
G1 X92.982 Y100.846 E1047.58729
G1 X92.373 Y100.992 E1047.60812
G1 X91.743 Y100.992 E1047.62907
G1 X91.133 Y100.846 E1047.64993
G1 X90.644 Y100.587 E1047.66834
G1 X90.349 Y100.348 E1047.68097
G1 X90.349 Y138.1 E1048.9366
G1 X90.644 Y137.861 E1048.94923
G1 X91.132 Y137.603 E1048.96759
G1 X91.739 Y137.452 E1048.98839
G1 X92.376 Y137.452 E1049.00958
G1 X92.984 Y137.603 E1049.03042
G1 X93.537 Y137.895 E1049.05122
G1 X94.002 Y138.309 E1049.07192
G1 X94.366 Y138.832 E1049.09312
G1 X94.589 Y139.416 E1049.11391
G1 X94.656 Y140.04 E1049.13478
G1 X94.587 Y140.666 E1049.15573
G1 X94.368 Y141.247 E1049.17638
G1 X94.004 Y141.766 E1049.19747
G1 X93.536 Y142.186 E1049.21838
G1 X92.98 Y142.475 E1049.23922
G1 X92.367 Y142.624 E1049.2602
G1 X91.74 Y142.624 E1049.28106
G1 X91.135 Y142.474 E1049.30179
G1 X90.647 Y142.221 E1049.32007
G1 X90.348 Y141.977 E1049.33291
G1 X90.348 Y144.653 E1049.42191
G1 X90.397 Y145.066 E1049.43574
G1 X90.521 Y145.429 E1049.4485
G1 X90.723 Y145.745 E1049.46098
G1 X91.001 Y146.024 E1049.47408
G1 X91.319 Y146.223 E1049.48655
G1 X91.684 Y146.351 E1049.49942
G1 X92.095 Y146.4 E1049.51319
G1 X94.653 Y146.4 E1049.59827
G0 F9000 X94.676 Y146.8
;TYPE:WALL-OUTER
G1 F1500 X95.154 Y146.743 E1049.61428
G1 X95.604 Y146.586 E1049.63013
G1 X95.998 Y146.338 E1049.64561
G1 X96.338 Y145.998 E1049.6616
G1 X96.586 Y145.604 E1049.67709
G1 X96.743 Y145.154 E1049.69294
G1 X96.8 Y144.676 E1049.70895
G1 X96.8 Y90.959 E1051.49559
G1 X96.84 Y90.88 E1051.49853
G1 X96.965 Y90.803 E1051.50341
G1 X138.077 Y90.8 E1052.87081
G1 X138.2 Y90.959 E1052.87749
G1 X138.201 Y115.677 E1053.69962
G1 X138.253 Y116.155 E1053.71561
G1 X138.41 Y116.604 E1053.73143
G1 X138.658 Y116.998 E1053.74691
G1 X138.998 Y117.338 E1053.76291
G1 X139.396 Y117.586 E1053.7785
G1 X139.842 Y117.743 E1053.79423
G1 X140.324 Y117.8 E1053.81037
G1 X142.924 Y117.8 E1053.89685
G1 X143.406 Y117.743 E1053.91299
G1 X143.852 Y117.586 E1053.92872
G1 X144.246 Y117.338 E1053.9442
G1 X144.587 Y116.997 E1053.96024
G1 X144.838 Y116.603 E1053.97578
G1 X144.995 Y116.155 E1053.99157
G1 X145.048 Y115.677 E1054.00756
G1 X145.048 Y99.431 E1054.54791
G1 F1530.6 X145.062 Y98.948 E1054.56366
G1 X144.9 Y99.404 E1054.57943
G1 F1500 X144.566 Y99.886 E1054.59894
G1 X144.166 Y100.233 E1054.61655
G1 X143.695 Y100.475 E1054.63416
G1 X143.227 Y100.587 E1054.65017
G1 X142.649 Y100.587 E1054.66939
G1 X142.134 Y100.457 E1054.68706
G1 X141.671 Y100.206 E1054.70457
G1 X141.279 Y99.85 E1054.72219
G1 X140.976 Y99.402 E1054.74017
G1 X140.801 Y98.917 E1054.75732
G1 X140.74 Y98.408 E1054.77437
G1 X140.801 Y97.899 E1054.79142
G1 X140.976 Y97.414 E1054.80857
G1 X141.311 Y96.93 E1054.82815
G1 X141.711 Y96.582 E1054.84579
G1 X142.179 Y96.345 E1054.86323
G1 X142.647 Y96.229 E1054.87927
G1 X143.229 Y96.229 E1054.89863
G1 X143.697 Y96.345 E1054.91466
G1 X144.165 Y96.582 E1054.93211
G1 X144.566 Y96.93 E1054.94977
G1 X144.9 Y97.412 E1054.96928
G1 F1530.6 X145.062 Y97.867 E1054.98502
G1 X145.048 Y97.385 E1055.00074
G1 F1500 X145.048 Y90.323 E1055.23562
G1 X144.995 Y89.841 E1055.25175
G1 X144.838 Y89.396 E1055.26744
G1 X144.586 Y88.998 E1055.28311
G1 X144.246 Y88.658 E1055.2991
G1 X143.852 Y88.41 E1055.31459
G1 X143.407 Y88.253 E1055.33028
G1 X142.925 Y88.2 E1055.34641
G1 X92.071 Y88.2 E1057.03782
G1 X91.593 Y88.253 E1057.05382
G1 X91.144 Y88.41 E1057.06964
G1 X90.75 Y88.658 E1057.08512
G1 X90.41 Y88.998 E1057.10111
G1 X90.158 Y89.396 E1057.11678
G1 X90.005 Y89.841 E1057.13243
G1 X89.948 Y90.324 E1057.14861
G1 X89.948 Y97.387 E1057.38352
G1 F1554.4 X89.935 Y97.901 E1057.40003
G1 X90.096 Y97.413 E1057.41652
G1 F1500 X90.43 Y96.93 E1057.43605
G1 X90.831 Y96.582 E1057.45371
G1 X91.299 Y96.345 E1057.47116
G1 X91.767 Y96.229 E1057.4872
G1 X92.349 Y96.229 E1057.50655
G1 X92.817 Y96.345 E1057.52259
G1 X93.285 Y96.582 E1057.54004
G1 X93.717 Y96.966 E1057.55926
G1 X94.019 Y97.412 E1057.57718
G1 X94.199 Y97.901 E1057.59451
G1 X94.256 Y98.408 E1057.61148
G1 X94.198 Y98.927 E1057.62885
G1 X93.997 Y99.446 E1057.64736
G1 X93.685 Y99.886 E1057.6653
G1 X93.286 Y100.233 E1057.68289
G1 X92.815 Y100.475 E1057.7005
G1 X92.347 Y100.587 E1057.7165
G1 X91.769 Y100.587 E1057.73573
G1 X91.254 Y100.457 E1057.75339
G1 X90.791 Y100.206 E1057.77091
G1 X90.43 Y99.886 E1057.78696
G1 X90.096 Y99.403 E1057.80649
G1 F1554.4 X89.935 Y98.915 E1057.82298
G1 X89.948 Y99.429 E1057.83948
G1 F1500 X89.948 Y139.019 E1059.15625
G1 F1554.4 X89.935 Y139.533 E1059.17275
G1 X90.096 Y139.045 E1059.18925
G1 F1500 X90.43 Y138.562 E1059.20878
G1 X90.83 Y138.215 E1059.22639
G1 X91.299 Y137.973 E1059.24395
G1 X91.767 Y137.857 E1059.25998
G1 X92.349 Y137.857 E1059.27934
G1 X92.817 Y137.973 E1059.29538
G1 X93.325 Y138.242 E1059.31449
G1 X93.717 Y138.598 E1059.33211
G1 X94.019 Y139.044 E1059.35002
G1 X94.199 Y139.533 E1059.36735
G1 X94.256 Y140.04 E1059.38432
G1 X94.198 Y140.555 E1059.40156
G1 X94.02 Y141.035 E1059.41859
G1 X93.686 Y141.513 E1059.43798
G1 X93.285 Y141.866 E1059.45575
G1 X92.817 Y142.103 E1059.4732
G1 X92.349 Y142.219 E1059.48924
G1 X91.767 Y142.219 E1059.50859
G1 X91.299 Y142.103 E1059.52463
G1 X90.831 Y141.866 E1059.54208
G1 X90.4 Y141.479 E1059.56134
G1 X90.096 Y141.034 E1059.57927
G1 F1554.4 X89.935 Y140.543 E1059.59585
G1 X89.949 Y141.06 E1059.61245
G1 F1500 X89.948 Y144.676 E1059.73272
G1 X90.005 Y145.155 E1059.74876
G1 X90.158 Y145.604 E1059.76454
G1 X90.409 Y145.997 E1059.78005
G1 X90.75 Y146.338 E1059.79609
G1 X91.144 Y146.586 E1059.81158
G1 X91.594 Y146.743 E1059.82743
G1 X92.072 Y146.8 E1059.84344
G1 X94.676 Y146.8 E1059.93005
G1 F2700 E1054.93005
G0 F9000 X94.635 Y146.091
G0 X90.224 Y141.665
G0 X89.935 Y140.543
G1 F2700 E1059.93005
G1 F1754.4 X89.904 Y140.04 E1059.94438
G1 X89.935 Y139.533 E1059.95882
G1 F2700 E1054.95882
G0 F9000 X89.085 Y139.533
G0 X89.085 Y98.915
G0 X89.935 Y98.915
G1 F2700 E1059.95882
G1 F1754.4 X89.904 Y98.408 E1059.97327
G1 X89.935 Y97.901 E1059.98771
G1 F2700 E1054.98771
G0 F9000 X145.063 Y97.901
G1 F2700 E1059.98771
G1 F1769.9 X145.094 Y98.408 E1060.00203
G1 X145.063 Y98.924 E1060.0166
G1 F2700 E1055.0166
G0 F9000 X144.835 Y96.926
G0 X144.34 Y95.955
G0 X144.439 Y96.185
;TYPE:FILL
G1 F2700 E1060.0166
G1 F3000 X144.568 Y96.15 E1060.02105
G0 F9000 X144.568 Y95.942
G1 F3000 X137.307 Y88.68 E1060.36261
G0 F9000 X137.307 Y88.91
G0 X139.318 Y88.91
G0 X139.318 Y88.679
G1 F3000 X138.68 Y91.06 E1060.44459
G0 F9000 X138.681 Y91.516
G1 F3000 X144.523 Y89.951 E1060.64575
G0 F9000 X144.3 Y90.001
G0 X144.34 Y92.269
G0 X144.568 Y92.269
G1 F3000 X143.614 Y95.83 E1060.76837
G0 F9000 X143.668 Y95.608
G0 X142.598 Y95.576
G0 X141.928 Y95.739
G0 X141.318 Y96.061
G0 X140.9 Y96.43
G0 X140.321 Y97.152
G0 X140.531 Y97.232
G1 F3000 X138.68 Y97.728 E1060.8321
G0 F9000 X138.68 Y98.539
G1 F3000 X144.567 Y104.426 E1061.10901
G0 F9000 X144.34 Y104.426
G0 X144.34 Y102.363
G0 X144.565 Y102.363
G1 F3000 X138.681 Y103.939 E1061.31161
G0 F9000 X138.91 Y103.939
G0 X138.91 Y107.024
G0 X138.68 Y107.024
G1 F3000 X144.568 Y112.912 E1061.58856
G0 F9000 X144.34 Y112.912
G0 X144.34 Y114.786
G0 X144.567 Y114.786
G1 F3000 X138.82 Y116.325 E1061.78644
G0 F9000 X138.68 Y115.509
G1 F3000 X140.49 Y117.32 E1061.8716
G0 F9000 X140.49 Y117.09
G0 X138.91 Y114.239
G0 X138.681 Y114.239
G1 F3000 X142.234 Y100.981 E1062.32813
G0 F9000 X142.18 Y101.204
G0 X144.34 Y108.574
G0 X144.566 Y108.574
G1 F3000 X138.682 Y110.151 E1062.53074
G0 F9000 X138.91 Y110.151
G0 X144.34 Y115.451
G0 X144.568 Y115.451
G1 F3000 X144.253 Y116.628 E1062.57126
G1 F2700 E1057.57126
G0 F9000 X144.062 Y116.507
G0 X138.834 Y94.19
G0 X138.838 Y90.162
G0 X132.667 Y90.09
G0 X132.667 Y90.32
G1 F2700 E1062.57126
G1 F3000 X133.107 Y88.679 E1062.62777
G0 F9000 X133.107 Y88.91
G0 X130.461 Y90.09
G0 X130.461 Y90.32
G1 F3000 X128.821 Y88.68 E1062.70491
G0 F9000 X128.821 Y88.91
G0 X126.895 Y88.91
G0 X126.895 Y88.679
G1 F3000 X126.455 Y90.321 E1062.76145
G0 F9000 X126.455 Y90.09
G0 X126.084 Y88.91
G0 X126.084 Y88.68
G1 F3000 X119.963 Y90.32 E1062.97222
G0 F9000 X120.244 Y90.32
G1 F3000 X120.683 Y88.68 E1063.02868
G0 F9000 X120.336 Y88.68
G1 F3000 X121.976 Y90.32 E1063.10582
G0 F9000 X121.976 Y90.09
G0 X114.472 Y88.91
G0 X114.472 Y88.679
G1 F3000 X114.032 Y90.32 E1063.16233
G0 F9000 X113.491 Y90.32
G1 F3000 X111.851 Y88.68 E1063.23947
G0 F9000 X111.851 Y88.91
G0 X108.26 Y88.91
G0 X108.26 Y88.679
G1 F3000 X107.82 Y90.321 E1063.29601
G0 F9000 X107.82 Y90.09
G0 X105.005 Y90.09
G0 X105.005 Y90.32
G1 F3000 X103.366 Y88.68 E1063.37313
G0 F9000 X102.901 Y88.68
G1 F3000 X90.428 Y92.022 E1063.80262
G0 F9000 X90.428 Y92.714
G1 F3000 X96.32 Y98.605 E1064.07973
G0 F9000 X96.09 Y98.605
G0 X96.09 Y96.655
G0 X96.319 Y96.655
G1 F3000 X94.435 Y97.16 E1064.14461
G0 F9000 X94.625 Y97.03
G0 X93.928 Y96.198
G0 X93.776 Y96.369
G1 F3000 X95.836 Y88.68 E1064.40936
G0 F9000 X94.88 Y88.68
G1 F3000 X96.637 Y90.438 E1064.49203
G0 F9000 X96.637 Y90.09
G0 X101.609 Y90.09
G0 X101.609 Y90.32
G1 F3000 X102.048 Y88.68 E1064.5485
G0 F9000 X102.048 Y88.91
G0 X96.162 Y90.162
G0 X96.09 Y102.867
G0 X96.32 Y102.867
G1 F3000 X90.431 Y104.445 E1064.75128
G0 F9000 X90.66 Y104.445
G0 X90.66 Y101.2
G0 X90.43 Y101.2
G1 F3000 X96.32 Y107.091 E1065.02835
G0 F9000 X96.09 Y107.091
G0 X96.09 Y109.078
G0 X96.32 Y109.078
G1 F3000 X90.43 Y110.656 E1065.23116
G0 F9000 X90.43 Y109.686
G1 F3000 X96.32 Y115.576 E1065.50821
G0 F9000 X96.319 Y115.29
G1 F3000 X90.43 Y116.868 E1065.71099
G0 F9000 X90.66 Y116.868
G0 X90.66 Y118.171
G0 X90.43 Y118.171
G1 F3000 X96.32 Y124.061 E1065.98803
G0 F9000 X96.09 Y124.061
G0 X96.09 Y121.502
G0 X96.319 Y121.502
G1 F3000 X90.431 Y123.08 E1066.19078
G0 F9000 X90.66 Y123.08
G0 X90.66 Y126.656
G0 X90.43 Y126.656
G1 F3000 X96.32 Y132.546 E1066.46783
G0 F9000 X96.32 Y133.24
G1 F3000 X94.669 Y139.402 E1066.68001
G1 X94.658 Y139.37
G1 X96.32 Y141.032 E1066.75818
G0 F9000 X96.319 Y140.137
G1 F3000 X94.678 Y140.577 E1066.81469
G0 F9000 X94.907 Y140.605
G0 X94.651 Y141.221
G0 X94.162 Y142.045
G0 X94.008 Y141.87
G1 F3000 X92.815 Y146.32 E1066.96792
G0 F9000 X93.122 Y146.319
G1 F3000 X90.428 Y143.625 E1067.09464
G0 F9000 X90.66 Y143.625
G0 X93.072 Y142.711
G0 X93.682 Y142.389
G0 X94.197 Y141.933
G0 X94.59 Y141.365
G0 X94.832 Y140.724
G0 X94.916 Y140.039
G0 X94.832 Y139.355
G0 X94.588 Y138.713
G0 X94.196 Y138.146
G0 X93.779 Y137.777
G0 X92.804 Y137.242
G0 X92.75 Y137.462
G1 F3000 X90.43 Y135.142 E1067.20377
G0 F9000 X90.43 Y135.503
G1 F3000 X96.319 Y133.925 E1067.40655
G0 F9000 X96.09 Y133.925
G0 X90.66 Y132.04
G0 X90.43 Y132.04
G1 F3000 X96.32 Y110.058 E1068.16346
G0 F9000 X96.09 Y110.058
G0 X90.66 Y108.857
G0 X90.43 Y108.857
G1 F3000 X92.525 Y101.037 E1068.43273
G0 F9000 X92.579 Y101.264
G0 X96.09 Y127.713
G0 X96.32 Y127.713
G1 F3000 X90.43 Y129.291 E1068.63554
G0 F9000 X90.96 Y129.291
;MESH:NONMESH
G0 F300 Z6.4
G0 F9000 X94.832 Y139.355
G0 X94.9 Y139.909
G0 X94.635 Y146.091
G0 X94.653 Y146.4
;TIME_ELAPSED:1768.697414
;LAYER:31
;TYPE:WALL-INNER
;MESH:battery holder-BodyChamfer.stl
G1 F1500 X95.064 Y146.351 E1068.6493
G1 X95.429 Y146.223 E1068.66217
G1 X95.747 Y146.024 E1068.67465
G1 X96.024 Y145.747 E1068.68768
G1 X96.223 Y145.429 E1068.70015
G1 X96.351 Y145.064 E1068.71302
G1 X96.4 Y144.653 E1068.72678
G1 X96.4 Y90.879 E1070.51531
G1 X96.52 Y90.64 E1070.52421
G1 X96.717 Y90.47 E1070.53286
G1 X96.922 Y90.4 E1070.54007
G1 X138 Y90.4 E1071.90633
G1 X138.283 Y90.47 E1071.91603
G1 X138.48 Y90.64 E1071.92468
G1 X138.6 Y90.879 E1071.93357
G1 X138.601 Y115.655 E1072.75763
G1 X138.645 Y116.066 E1072.77138
G1 X138.773 Y116.429 E1072.78418
G1 X138.972 Y116.747 E1072.79665
G1 X139.248 Y117.023 E1072.80964
G1 X139.57 Y117.224 E1072.82226
G1 X139.933 Y117.351 E1072.83505
G1 X140.347 Y117.4 E1072.84892
G1 X142.901 Y117.4 E1072.93387
G1 X143.316 Y117.351 E1072.94776
G1 X143.677 Y117.224 E1072.96049
G1 X143.995 Y117.024 E1072.97299
G1 X144.273 Y116.745 E1072.98609
G1 X144.476 Y116.427 E1072.99863
G1 X144.602 Y116.066 E1073.01135
G1 X144.648 Y115.655 E1073.02511
G1 X144.648 Y100.347 E1073.53425
G1 X144.352 Y100.587 E1073.54693
G1 X143.861 Y100.847 E1073.56541
G1 X143.253 Y100.992 E1073.5862
G1 X142.623 Y100.992 E1073.60715
G1 X142.013 Y100.846 E1073.62801
G1 X141.46 Y100.553 E1073.64883
G1 X140.991 Y100.137 E1073.66968
G1 X140.627 Y99.612 E1073.69093
G1 X140.414 Y99.041 E1073.7112
G1 X140.34 Y98.408 E1073.73239
G1 X140.412 Y97.781 E1073.75338
G1 X140.627 Y97.204 E1073.77386
G1 X140.991 Y96.679 E1073.79511
G1 X141.461 Y96.261 E1073.81603
G1 X142.015 Y95.974 E1073.83678
G1 X142.62 Y95.824 E1073.85752
G1 X143.256 Y95.824 E1073.87867
G1 X143.861 Y95.974 E1073.8994
G1 X144.349 Y96.227 E1073.91768
G1 X144.648 Y96.469 E1073.93048
G1 X144.648 Y90.345 E1074.13416
G1 X144.603 Y89.93 E1074.14805
G1 X144.476 Y89.572 E1074.16068
G1 X144.272 Y89.25 E1074.17336
G1 X143.995 Y88.972 E1074.18641
G1 X143.677 Y88.772 E1074.19891
G1 X143.318 Y88.645 E1074.21157
G1 X142.903 Y88.6 E1074.22546
G1 X92.093 Y88.6 E1075.9154
G1 X91.682 Y88.645 E1075.92915
G1 X91.319 Y88.773 E1075.94196
G1 X91.001 Y88.972 E1075.95443
G1 X90.724 Y89.25 E1075.96749
G1 X90.521 Y89.57 E1075.98009
G1 X90.397 Y89.93 E1075.99275
G1 X90.348 Y90.347 E1076.00672
G1 X90.349 Y96.468 E1076.21031
G1 X90.647 Y96.227 E1076.22305
G1 X91.135 Y95.974 E1076.24133
G1 X91.74 Y95.824 E1076.26207
G1 X92.376 Y95.824 E1076.28322
G1 X92.981 Y95.974 E1076.30395
G1 X93.535 Y96.261 E1076.3247
G1 X94.002 Y96.677 E1076.3455
G1 X94.366 Y97.2 E1076.3667
G1 X94.589 Y97.784 E1076.38749
G1 X94.656 Y98.408 E1076.40836
G1 X94.588 Y99.036 E1076.42937
G1 X94.366 Y99.617 E1076.45006
G1 X94.002 Y100.139 E1076.47123
G1 X93.537 Y100.553 E1076.49193
G1 X92.982 Y100.846 E1076.51281
G1 X92.373 Y100.992 E1076.53364
G1 X91.743 Y100.992 E1076.55459
G1 X91.133 Y100.846 E1076.57545
G1 X90.644 Y100.587 E1076.59386
G1 X90.349 Y100.348 E1076.60648
G1 X90.349 Y138.1 E1077.86212
G1 X90.644 Y137.861 E1077.87475
G1 X91.132 Y137.603 E1077.89311
G1 X91.739 Y137.452 E1077.91391
G1 X92.376 Y137.452 E1077.9351
G1 X92.984 Y137.603 E1077.95594
G1 X93.537 Y137.895 E1077.97674
G1 X94.002 Y138.309 E1077.99744
G1 X94.366 Y138.832 E1078.01864
G1 X94.589 Y139.416 E1078.03943
G1 X94.656 Y140.04 E1078.0603
G1 X94.587 Y140.666 E1078.08125
G1 X94.368 Y141.247 E1078.1019
G1 X94.004 Y141.766 E1078.12298
G1 X93.536 Y142.186 E1078.1439
G1 X92.98 Y142.475 E1078.16474
G1 X92.367 Y142.624 E1078.18572
G1 X91.74 Y142.624 E1078.20658
G1 X91.135 Y142.474 E1078.22731
G1 X90.647 Y142.221 E1078.24559
G1 X90.348 Y141.977 E1078.25843
G1 X90.348 Y144.653 E1078.34743
G1 X90.397 Y145.066 E1078.36126
G1 X90.521 Y145.429 E1078.37402
G1 X90.723 Y145.745 E1078.3865
G1 X91.001 Y146.024 E1078.3996
G1 X91.319 Y146.223 E1078.41207
G1 X91.684 Y146.351 E1078.42494
G1 X92.095 Y146.4 E1078.43871
G1 X94.653 Y146.4 E1078.52378
G0 F9000 X94.676 Y146.8
;TYPE:WALL-OUTER
G1 F1500 X95.154 Y146.743 E1078.5398
G1 X95.604 Y146.586 E1078.55565
G1 X95.998 Y146.338 E1078.57113
G1 X96.338 Y145.998 E1078.58712
G1 X96.586 Y145.604 E1078.60261
G1 X96.743 Y145.154 E1078.61846
G1 X96.8 Y144.676 E1078.63447
G1 X96.8 Y90.959 E1080.42111
G1 X96.84 Y90.88 E1080.42405
G1 X96.965 Y90.803 E1080.42893
G1 X138.077 Y90.8 E1081.79632
G1 X138.2 Y90.959 E1081.80301
G1 X138.201 Y115.677 E1082.62513
G1 X138.253 Y116.155 E1082.64113
G1 X138.41 Y116.604 E1082.65695
G1 X138.658 Y116.998 E1082.67243
G1 X138.998 Y117.338 E1082.68842
G1 X139.396 Y117.586 E1082.70402
G1 X139.842 Y117.743 E1082.71975
G1 X140.324 Y117.8 E1082.73589
G1 X142.924 Y117.8 E1082.82237
G1 X143.406 Y117.743 E1082.83851
G1 X143.852 Y117.586 E1082.85424
G1 X144.246 Y117.338 E1082.86972
G1 X144.587 Y116.997 E1082.88576
G1 X144.838 Y116.603 E1082.9013
G1 X144.995 Y116.155 E1082.91709
G1 X145.048 Y115.677 E1082.93308
G1 X145.048 Y99.431 E1083.47343
G1 F1530.6 X145.062 Y98.948 E1083.48918
G1 X144.9 Y99.404 E1083.50495
G1 F1500 X144.566 Y99.886 E1083.52445
G1 X144.166 Y100.233 E1083.54207
G1 X143.695 Y100.475 E1083.55968
G1 X143.227 Y100.587 E1083.57568
G1 X142.649 Y100.587 E1083.59491
G1 X142.134 Y100.457 E1083.61258
G1 X141.671 Y100.206 E1083.63009
G1 X141.279 Y99.85 E1083.6477
G1 X140.976 Y99.402 E1083.66569
G1 X140.801 Y98.917 E1083.68284
G1 X140.74 Y98.408 E1083.69989
G1 X140.801 Y97.899 E1083.71694
G1 X140.976 Y97.414 E1083.73409
G1 X141.311 Y96.93 E1083.75367
G1 X141.711 Y96.582 E1083.7713
G1 X142.179 Y96.345 E1083.78875
G1 X142.647 Y96.229 E1083.80479
G1 X143.229 Y96.229 E1083.82415
G1 X143.697 Y96.345 E1083.84018
G1 X144.165 Y96.582 E1083.85763
G1 X144.566 Y96.93 E1083.87529
G1 X144.9 Y97.412 E1083.89479
G1 F1530.6 X145.062 Y97.867 E1083.91054
G1 X145.048 Y97.385 E1083.92625
G1 F1500 X145.048 Y90.323 E1084.16114
G1 X144.995 Y89.841 E1084.17727
G1 X144.838 Y89.396 E1084.19296
G1 X144.586 Y88.998 E1084.20863
G1 X144.246 Y88.658 E1084.22462
G1 X143.852 Y88.41 E1084.24011
G1 X143.407 Y88.253 E1084.2558
G1 X142.925 Y88.2 E1084.27193
G1 X92.071 Y88.2 E1085.96334
G1 X91.593 Y88.253 E1085.97934
G1 X91.144 Y88.41 E1085.99516
G1 X90.75 Y88.658 E1086.01064
G1 X90.41 Y88.998 E1086.02663
G1 X90.158 Y89.396 E1086.0423
G1 X90.005 Y89.841 E1086.05795
G1 X89.948 Y90.324 E1086.07413
G1 X89.948 Y97.387 E1086.30904
G1 F1554.4 X89.935 Y97.901 E1086.32555
G1 X90.096 Y97.413 E1086.34204
G1 F1500 X90.43 Y96.93 E1086.36157
G1 X90.831 Y96.582 E1086.37923
G1 X91.299 Y96.345 E1086.39668
G1 X91.767 Y96.229 E1086.41272
G1 X92.349 Y96.229 E1086.43207
G1 X92.817 Y96.345 E1086.44811
G1 X93.285 Y96.582 E1086.46556
G1 X93.717 Y96.966 E1086.48478
G1 X94.019 Y97.412 E1086.5027
G1 X94.199 Y97.901 E1086.52003
G1 X94.256 Y98.408 E1086.537
G1 X94.198 Y98.927 E1086.55437
G1 X93.997 Y99.446 E1086.57288
G1 X93.685 Y99.886 E1086.59082
G1 X93.286 Y100.233 E1086.60841
G1 X92.815 Y100.475 E1086.62602
G1 X92.347 Y100.587 E1086.64202
G1 X91.769 Y100.587 E1086.66125
G1 X91.254 Y100.457 E1086.67891
G1 X90.791 Y100.206 E1086.69643
G1 X90.43 Y99.886 E1086.71248
G1 X90.096 Y99.403 E1086.73201
G1 F1554.4 X89.935 Y98.915 E1086.7485
G1 X89.948 Y99.429 E1086.765
G1 F1500 X89.948 Y139.019 E1088.08177
G1 F1554.4 X89.935 Y139.533 E1088.09827
G1 X90.096 Y139.045 E1088.11477
G1 F1500 X90.43 Y138.562 E1088.1343
G1 X90.83 Y138.215 E1088.15191
G1 X91.299 Y137.973 E1088.16946
G1 X91.767 Y137.857 E1088.1855
G1 X92.349 Y137.857 E1088.20486
G1 X92.817 Y137.973 E1088.2209
G1 X93.325 Y138.242 E1088.24001
G1 X93.717 Y138.598 E1088.25763
G1 X94.019 Y139.044 E1088.27554
G1 X94.199 Y139.533 E1088.29287
G1 X94.256 Y140.04 E1088.30984
G1 X94.198 Y140.555 E1088.32708
G1 X94.02 Y141.035 E1088.34411
G1 X93.686 Y141.513 E1088.3635
G1 X93.285 Y141.866 E1088.38127
G1 X92.817 Y142.103 E1088.39872
G1 X92.349 Y142.219 E1088.41475
G1 X91.767 Y142.219 E1088.43411
G1 X91.299 Y142.103 E1088.45015
G1 X90.831 Y141.866 E1088.4676
G1 X90.4 Y141.479 E1088.48686
G1 X90.096 Y141.034 E1088.50479
G1 F1554.4 X89.935 Y140.543 E1088.52137
G1 X89.949 Y141.06 E1088.53797
G1 F1500 X89.948 Y144.676 E1088.65824
G1 X90.005 Y145.155 E1088.67428
G1 X90.158 Y145.604 E1088.69006
G1 X90.409 Y145.997 E1088.70557
G1 X90.75 Y146.338 E1088.72161
G1 X91.144 Y146.586 E1088.7371
G1 X91.594 Y146.743 E1088.75295
G1 X92.072 Y146.8 E1088.76896
G1 X94.676 Y146.8 E1088.85557
G1 F2700 E1083.85557
G0 F9000 X94.635 Y146.091
G0 X90.224 Y141.665
G0 X89.935 Y140.543
G1 F2700 E1088.85557
G1 F1754.4 X89.904 Y140.04 E1088.8699
G1 X89.935 Y139.533 E1088.88434
G1 F2700 E1083.88434
G0 F9000 X89.085 Y139.533
G0 X89.085 Y98.915
G0 X89.935 Y98.915
G1 F2700 E1088.88434
G1 F1754.4 X89.904 Y98.408 E1088.89879
G1 X89.935 Y97.901 E1088.91323
G1 F2700 E1083.91323
G0 F9000 X145.063 Y97.901
G1 F2700 E1088.91323
G1 F1769.9 X145.094 Y98.408 E1088.92755
G1 X145.063 Y98.924 E1088.94212
G1 F2700 E1083.94212
G0 F9000 X144.835 Y96.926
G0 X144.34 Y95.742
G0 X144.568 Y95.742
;TYPE:FILL
G1 F2700 E1088.94212
G1 F3000 X137.506 Y88.68 E1089.2743
G0 F9000 X137.506 Y88.91
G0 X139.172 Y88.91
G0 X139.172 Y88.679
G1 F3000 X138.619 Y90.743 E1089.34537
G0 F9000 X138.68 Y91.662
G1 F3000 X144.54 Y90.092 E1089.54715
G0 F9000 X144.312 Y90.117
G0 X144.34 Y91.724
G0 X144.568 Y91.724
G1 F3000 X143.477 Y95.796 E1089.68736
G0 F9000 X143.531 Y95.574
G0 X142.598 Y95.576
G0 X141.928 Y95.739
G0 X141.318 Y96.061
G0 X140.9 Y96.43
G0 X140.26 Y97.313
G0 X140.471 Y97.394
G1 F3000 X138.68 Y97.874 E1089.74903
G0 F9000 X138.68 Y98.339
G1 F3000 X144.567 Y104.226 E1090.02593
G0 F9000 X144.34 Y104.226
G0 X144.34 Y102.509
G0 X144.565 Y102.509
G1 F3000 X138.681 Y104.085 E1090.22854
G0 F9000 X138.91 Y104.085
G0 X138.91 Y106.825
G0 X138.68 Y106.825
G1 F3000 X144.568 Y112.713 E1090.50549
G0 F9000 X144.34 Y112.713
G0 X144.34 Y114.906
G0 X144.568 Y114.906
G1 F3000 X144.045 Y116.86 E1090.57277
G0 F9000 X143.887 Y116.701
G0 X144.34 Y114.931
G0 X144.567 Y114.931
G1 F3000 X138.882 Y116.455 E1090.76853
G0 F9000 X139.078 Y116.332
G0 X138.91 Y115.31
G0 X138.68 Y115.31
G1 F3000 X140.69 Y117.32 E1090.86307
G0 F9000 X140.69 Y117.09
G0 X138.91 Y113.694
G0 X138.681 Y113.694
G1 F3000 X142.097 Y100.948 E1091.30197
G0 F9000 X142.043 Y101.171
G0 X144.34 Y108.72
G0 X144.566 Y108.72
G1 F3000 X138.681 Y110.297 E1091.50461
G0 F9000 X138.91 Y110.297
G0 X138.838 Y90.162
G0 X132.521 Y90.09
G0 X132.521 Y90.321
G1 F3000 X132.961 Y88.679 E1091.56115
G0 F9000 X132.961 Y88.91
G0 X130.661 Y90.09
G0 X130.661 Y90.32
G1 F3000 X129.021 Y88.68 E1091.63829
G0 F9000 X129.021 Y88.91
G0 X126.749 Y88.91
G0 X126.749 Y88.68
G1 F3000 X126.309 Y90.321 E1091.6948
G0 F9000 X126.309 Y90.09
G0 X126.629 Y88.91
G0 X126.629 Y88.68
G1 F3000 X120.508 Y90.32 E1091.90556
G0 F9000 X120.098 Y90.32
G1 F3000 X120.537 Y88.679 E1091.96206
G1 X120.536 Y88.68
G1 X122.175 Y90.32 E1092.03918
G0 F9000 X122.175 Y90.09
G0 X114.326 Y88.91
G0 X114.326 Y88.679
G1 F3000 X113.886 Y90.32 E1092.09569
G1 X113.69 Y90.32
G1 X112.05 Y88.68 E1092.17283
G0 F9000 X112.05 Y88.91
G0 X108.114 Y88.91
G0 X108.114 Y88.68
G1 F3000 X107.674 Y90.32 E1092.2293
G0 F9000 X107.674 Y90.09
G0 X105.205 Y90.09
G0 X105.205 Y90.32
G1 F3000 X103.565 Y88.68 E1092.30644
G1 X103.446 Y88.68
G1 X97.326 Y90.32 E1092.51718
G0 F9000 X96.769 Y90.37
G1 F3000 X95.08 Y88.68 E1092.59665
G0 F9000 X95.691 Y88.679
G1 F3000 X93.658 Y96.264 E1092.85783
G0 F9000 X93.81 Y96.094
G0 X94.702 Y97.211
G0 X94.487 Y97.292
G1 F3000 X96.32 Y96.801 E1092.92094
G0 F9000 X96.09 Y96.801
G0 X96.09 Y98.406
G0 X96.32 Y98.406
G1 F3000 X90.428 Y92.514 E1093.19809
G0 F9000 X90.428 Y92.168
G1 F3000 X96.527 Y90.534 E1093.40809
G0 F9000 X96.09 Y90.534
G0 X96.162 Y90.162
G0 X101.463 Y90.09
G0 X101.463 Y90.32
G1 F3000 X101.902 Y88.68 E1093.46456
G0 F9000 X101.902 Y88.91
G0 X96.162 Y90.162
G0 X96.09 Y103.013
G0 X96.32 Y103.013
G1 F3000 X90.43 Y104.591 E1093.66737
G0 F9000 X90.66 Y104.591
G0 X90.66 Y101.001
G0 X90.43 Y101.001
G1 F3000 X96.32 Y106.891 E1093.94442
G0 F9000 X96.09 Y106.891
G0 X96.09 Y109.224
G0 X96.319 Y109.224
G1 F3000 X90.43 Y110.802 E1094.1472
G0 F9000 X90.66 Y110.802
G0 X90.66 Y109.486
G0 X90.43 Y109.486
G1 F3000 X96.32 Y115.376 E1094.42424
G1 X96.319 Y115.436
G1 X90.43 Y117.014 E1094.62702
G0 F9000 X90.43 Y117.972
G1 F3000 X96.32 Y123.862 E1094.90407
G0 F9000 X96.09 Y123.862
G0 X96.09 Y121.648
G0 X96.32 Y121.648
G1 F3000 X90.43 Y123.226 E1095.10688
G0 F9000 X90.66 Y123.226
G0 X90.66 Y126.457
G0 X90.43 Y126.457
G1 F3000 X96.32 Y132.347 E1095.38393
G0 F9000 X96.32 Y132.695
G1 F3000 X94.584 Y139.174 E1095.60702
G1 X94.534 Y139.046
G1 X96.32 Y140.832 E1095.69103
G0 F9000 X96.319 Y140.283
G1 F3000 X94.649 Y140.73 E1095.74853
G0 F9000 X94.863 Y140.812
G0 X94.708 Y141.126
G0 X93.968 Y142.217
G0 X93.815 Y142.043
G1 F3000 X92.669 Y146.32 E1095.8958
G0 F9000 X93.322 Y146.319
G1 F3000 X90.428 Y143.425 E1096.03193
G0 F9000 X90.66 Y143.425
G0 X93.072 Y142.711
G0 X93.682 Y142.389
G0 X94.197 Y141.933
G0 X94.59 Y141.365
G0 X94.832 Y140.724
G0 X94.916 Y140.039
G0 X94.832 Y139.355
G0 X94.588 Y138.713
G0 X94.196 Y138.146
G0 X93.904 Y137.888
G0 X93.124 Y137.329
G0 X93.018 Y137.53
G1 F3000 X90.43 Y134.942 E1096.15366
G0 F9000 X90.43 Y135.649
G1 F3000 X96.319 Y134.071 E1096.35644
G0 F9000 X96.09 Y134.071
G0 X96.09 Y127.859
G0 X96.319 Y127.859
G1 F3000 X90.43 Y129.437 E1096.55922
G0 F9000 X90.66 Y129.437
G0 X90.66 Y131.495
G0 X90.43 Y131.495
G1 F3000 X96.32 Y109.513 E1097.31613
G0 F9000 X96.09 Y109.513
G0 X90.66 Y108.312
G0 X90.43 Y108.312
G1 F3000 X92.37 Y101.071 E1097.56546
G0 F9000 X92.37 Y101.605
G1 F2700 E1092.56546
;MESH:NONMESH
G0 F300 Z6.6
G0 F9000 X94.916 Y140.039
G0 X94.635 Y146.091
G0 X94.653 Y146.4
;TIME_ELAPSED:1813.359466
;LAYER:32
;TYPE:WALL-INNER
;MESH:battery holder-BodyChamfer.stl
G1 F2700 E1097.56546
G1 F1500 X95.064 Y146.351 E1097.57923
G1 X95.429 Y146.223 E1097.59209
G1 X95.747 Y146.024 E1097.60457
G1 X96.024 Y145.747 E1097.6176
G1 X96.223 Y145.429 E1097.63008
G1 X96.351 Y145.064 E1097.64294
G1 X96.4 Y144.653 E1097.65671
G1 X96.4 Y90.879 E1099.44524
G1 X96.52 Y90.64 E1099.45413
G1 X96.717 Y90.47 E1099.46279
G1 X96.922 Y90.4 E1099.46999
G1 X138 Y90.4 E1100.83625
G1 X138.283 Y90.47 E1100.84595
G1 X138.48 Y90.64 E1100.8546
G1 X138.6 Y90.879 E1100.8635
G1 X138.601 Y115.655 E1101.68755
G1 X138.645 Y116.066 E1101.7013
G1 X138.773 Y116.429 E1101.7141
G1 X138.972 Y116.747 E1101.72658
G1 X139.248 Y117.023 E1101.73956
G1 X139.57 Y117.224 E1101.75219
G1 X139.933 Y117.351 E1101.76498
G1 X140.347 Y117.4 E1101.77884
G1 X142.901 Y117.4 E1101.86379
G1 X143.316 Y117.351 E1101.87769
G1 X143.677 Y117.224 E1101.89042
G1 X143.995 Y117.024 E1101.90291
G1 X144.273 Y116.745 E1101.91601
G1 X144.476 Y116.427 E1101.92856
G1 X144.602 Y116.066 E1101.94128
G1 X144.648 Y115.655 E1101.95503
G1 X144.648 Y100.347 E1102.46418
G1 X144.352 Y100.587 E1102.47685
G1 X143.861 Y100.847 E1102.49533
G1 X143.253 Y100.992 E1102.51612
G1 X142.623 Y100.992 E1102.53707
G1 X142.013 Y100.846 E1102.55794
G1 X141.46 Y100.553 E1102.57875
G1 X140.991 Y100.137 E1102.5996
G1 X140.627 Y99.612 E1102.62085
G1 X140.414 Y99.041 E1102.64112
G1 X140.34 Y98.408 E1102.66232
G1 X140.412 Y97.781 E1102.68331
G1 X140.627 Y97.204 E1102.70379
G1 X140.991 Y96.679 E1102.72504
G1 X141.461 Y96.261 E1102.74596
G1 X142.015 Y95.974 E1102.76671
G1 X142.62 Y95.824 E1102.78744
G1 X143.256 Y95.824 E1102.80859
G1 X143.861 Y95.974 E1102.82933
G1 X144.349 Y96.227 E1102.84761
G1 X144.648 Y96.469 E1102.8604
G1 X144.648 Y90.345 E1103.06409
G1 X144.603 Y89.93 E1103.07797
G1 X144.476 Y89.572 E1103.09061
G1 X144.272 Y89.25 E1103.10328
G1 X143.995 Y88.972 E1103.11634
G1 X143.677 Y88.772 E1103.12883
G1 X143.318 Y88.645 E1103.1415
G1 X142.903 Y88.6 E1103.15538
G1 X92.093 Y88.6 E1104.84533
G1 X91.682 Y88.645 E1104.85908
G1 X91.319 Y88.773 E1104.87188
G1 X91.001 Y88.972 E1104.88436
G1 X90.724 Y89.25 E1104.89741
G1 X90.521 Y89.57 E1104.91002
G1 X90.397 Y89.93 E1104.92268
G1 X90.348 Y90.347 E1104.93664
G1 X90.349 Y96.468 E1105.14023
G1 X90.647 Y96.227 E1105.15298
G1 X91.135 Y95.974 E1105.17126
G1 X91.74 Y95.824 E1105.19199
G1 X92.376 Y95.824 E1105.21314
G1 X92.981 Y95.974 E1105.23388
G1 X93.535 Y96.261 E1105.25463
G1 X94.002 Y96.677 E1105.27543
G1 X94.366 Y97.2 E1105.29662
G1 X94.589 Y97.784 E1105.31741
G1 X94.656 Y98.408 E1105.33829
G1 X94.588 Y99.036 E1105.3593
G1 X94.366 Y99.617 E1105.37998
G1 X94.002 Y100.139 E1105.40115
G1 X93.537 Y100.553 E1105.42186
G1 X92.982 Y100.846 E1105.44273
G1 X92.373 Y100.992 E1105.46356
G1 X91.743 Y100.992 E1105.48452
G1 X91.133 Y100.846 E1105.50538
G1 X90.644 Y100.587 E1105.52378
G1 X90.349 Y100.348 E1105.53641
G1 X90.349 Y138.1 E1106.79205
G1 X90.644 Y137.861 E1106.80467
G1 X91.132 Y137.603 E1106.82303
G1 X91.739 Y137.452 E1106.84384
G1 X92.376 Y137.452 E1106.86502
G1 X92.984 Y137.603 E1106.88586
G1 X93.537 Y137.895 E1106.90666
G1 X94.002 Y138.309 E1106.92737
G1 X94.366 Y138.832 E1106.94856
G1 X94.589 Y139.416 E1106.96935
G1 X94.656 Y140.04 E1106.99023
G1 X94.587 Y140.666 E1107.01117
G1 X94.368 Y141.247 E1107.03182
G1 X94.004 Y141.766 E1107.05291
G1 X93.536 Y142.186 E1107.07382
G1 X92.98 Y142.475 E1107.09467
G1 X92.367 Y142.624 E1107.11565
G1 X91.74 Y142.624 E1107.1365
G1 X91.135 Y142.474 E1107.15723
G1 X90.647 Y142.221 E1107.17552
G1 X90.348 Y141.977 E1107.18835
G1 X90.348 Y144.653 E1107.27736
G1 X90.397 Y145.066 E1107.29119
G1 X90.521 Y145.429 E1107.30395
G1 X90.723 Y145.745 E1107.31642
G1 X91.001 Y146.024 E1107.32952
G1 X91.319 Y146.223 E1107.342
G1 X91.684 Y146.351 E1107.35486
G1 X92.095 Y146.4 E1107.36863
G1 X94.653 Y146.4 E1107.45371
G0 F9000 X94.676 Y146.8
;TYPE:WALL-OUTER
G1 F1500 X95.154 Y146.743 E1107.46972
G1 X95.604 Y146.586 E1107.48557
G1 X95.998 Y146.338 E1107.50106
G1 X96.338 Y145.998 E1107.51705
G1 X96.586 Y145.604 E1107.53253
G1 X96.743 Y145.154 E1107.54839
G1 X96.8 Y144.676 E1107.5644
G1 X96.8 Y90.959 E1109.35103
G1 X96.84 Y90.88 E1109.35398
G1 X96.965 Y90.803 E1109.35886
G1 X138.077 Y90.8 E1110.72625
G1 X138.2 Y90.959 E1110.73294
G1 X138.201 Y115.677 E1111.55506
G1 X138.253 Y116.155 E1111.57105
G1 X138.41 Y116.604 E1111.58687
G1 X138.658 Y116.998 E1111.60236
G1 X138.998 Y117.338 E1111.61835
G1 X139.396 Y117.586 E1111.63395
G1 X139.842 Y117.743 E1111.64967
G1 X140.324 Y117.8 E1111.66582
G1 X142.924 Y117.8 E1111.75229
G1 X143.406 Y117.743 E1111.76844
G1 X143.852 Y117.586 E1111.78416
G1 X144.246 Y117.338 E1111.79965
G1 X144.587 Y116.997 E1111.81569
G1 X144.838 Y116.603 E1111.83122
G1 X144.995 Y116.155 E1111.84701
G1 X145.048 Y115.677 E1111.86301
G1 X145.048 Y99.431 E1112.40335
G1 F1530.6 X145.062 Y98.948 E1112.4191
G1 X144.9 Y99.404 E1112.43488
G1 F1500 X144.566 Y99.886 E1112.45438
G1 X144.166 Y100.233 E1112.47199
G1 X143.695 Y100.475 E1112.4896
G1 X143.227 Y100.587 E1112.50561
G1 X142.649 Y100.587 E1112.52483
G1 X142.134 Y100.457 E1112.5425
G1 X141.671 Y100.206 E1112.56002
G1 X141.279 Y99.85 E1112.57763
G1 X140.976 Y99.402 E1112.59562
G1 X140.801 Y98.917 E1112.61277
G1 X140.74 Y98.408 E1112.62982
G1 X140.801 Y97.899 E1112.64687
G1 X140.976 Y97.414 E1112.66402
G1 X141.311 Y96.93 E1112.68359
G1 X141.711 Y96.582 E1112.70123
G1 X142.179 Y96.345 E1112.71868
G1 X142.647 Y96.229 E1112.73471
G1 X143.229 Y96.229 E1112.75407
G1 X143.697 Y96.345 E1112.77011
G1 X144.165 Y96.582 E1112.78756
G1 X144.566 Y96.93 E1112.80522
G1 X144.9 Y97.412 E1112.82472
G1 F1530.6 X145.062 Y97.867 E1112.84046
G1 X145.048 Y97.385 E1112.85618
G1 F1500 X145.048 Y90.323 E1113.09106
G1 X144.995 Y89.841 E1113.10719
G1 X144.838 Y89.396 E1113.12289
G1 X144.586 Y88.998 E1113.13855
G1 X144.246 Y88.658 E1113.15455
G1 X143.852 Y88.41 E1113.17003
G1 X143.407 Y88.253 E1113.18573
G1 X142.925 Y88.2 E1113.20185
G1 X92.071 Y88.2 E1114.89326
G1 X91.593 Y88.253 E1114.90926
G1 X91.144 Y88.41 E1114.92508
G1 X90.75 Y88.658 E1114.94056
G1 X90.41 Y88.998 E1114.95656
G1 X90.158 Y89.396 E1114.97223
G1 X90.005 Y89.841 E1114.98788
G1 X89.948 Y90.324 E1115.00405
G1 X89.948 Y97.387 E1115.23897
G1 F1554.4 X89.935 Y97.901 E1115.25547
G1 X90.096 Y97.413 E1115.27196
G1 F1500 X90.43 Y96.93 E1115.2915
G1 X90.831 Y96.582 E1115.30916
G1 X91.299 Y96.345 E1115.3266
G1 X91.767 Y96.229 E1115.34264
G1 X92.349 Y96.229 E1115.362
G1 X92.817 Y96.345 E1115.37803
G1 X93.285 Y96.582 E1115.39548
G1 X93.717 Y96.966 E1115.41471
G1 X94.019 Y97.412 E1115.43262
G1 X94.199 Y97.901 E1115.44995
G1 X94.256 Y98.408 E1115.46692
G1 X94.198 Y98.927 E1115.48429
G1 X93.997 Y99.446 E1115.5028
G1 X93.685 Y99.886 E1115.52074
G1 X93.286 Y100.233 E1115.53833
G1 X92.815 Y100.475 E1115.55594
G1 X92.347 Y100.587 E1115.57195
G1 X91.769 Y100.587 E1115.59117
G1 X91.254 Y100.457 E1115.60884
G1 X90.791 Y100.206 E1115.62636
G1 X90.43 Y99.886 E1115.6424
G1 X90.096 Y99.403 E1115.66193
G1 F1554.4 X89.935 Y98.915 E1115.67842
G1 X89.948 Y99.429 E1115.69493
G1 F1500 X89.948 Y139.019 E1117.0117
G1 F1554.4 X89.935 Y139.533 E1117.0282
G1 X90.096 Y139.045 E1117.04469
G1 F1500 X90.43 Y138.562 E1117.06422
G1 X90.83 Y138.215 E1117.08184
G1 X91.299 Y137.973 E1117.09939
G1 X91.767 Y137.857 E1117.11543
G1 X92.349 Y137.857 E1117.13478
G1 X92.817 Y137.973 E1117.15082
G1 X93.325 Y138.242 E1117.16994
G1 X93.717 Y138.598 E1117.18755
G1 X94.019 Y139.044 E1117.20547
G1 X94.199 Y139.533 E1117.2228
G1 X94.256 Y140.04 E1117.23977
G1 X94.198 Y140.555 E1117.257
G1 X94.02 Y141.035 E1117.27403
G1 X93.686 Y141.513 E1117.29343
G1 X93.285 Y141.866 E1117.31119
G1 X92.817 Y142.103 E1117.32864
G1 X92.349 Y142.219 E1117.34468
G1 X91.767 Y142.219 E1117.36404
G1 X91.299 Y142.103 E1117.38007
G1 X90.831 Y141.866 E1117.39752
G1 X90.4 Y141.479 E1117.41679
G1 X90.096 Y141.034 E1117.43471
G1 F1554.4 X89.935 Y140.543 E1117.4513
G1 X89.949 Y141.06 E1117.4679
G1 F1500 X89.948 Y144.676 E1117.58817
G1 X90.005 Y145.155 E1117.60421
G1 X90.158 Y145.604 E1117.61999
G1 X90.409 Y145.997 E1117.6355
G1 X90.75 Y146.338 E1117.65154
G1 X91.144 Y146.586 E1117.66702
G1 X91.594 Y146.743 E1117.68287
G1 X92.072 Y146.8 E1117.69888
G1 X94.676 Y146.8 E1117.78549
G1 F2700 E1112.78549
G0 F9000 X94.635 Y146.091
G0 X90.224 Y141.665
G0 X89.935 Y140.543
G1 F2700 E1117.78549
G1 F1754.4 X89.904 Y140.04 E1117.79982
G1 X89.935 Y139.533 E1117.81427
G1 F2700 E1112.81427
G0 F9000 X89.085 Y139.533
G0 X89.085 Y98.915
G0 X89.935 Y98.915
G1 F2700 E1117.81427
G1 F1754.4 X89.904 Y98.408 E1117.82871
G1 X89.935 Y97.901 E1117.84316
G1 F2700 E1112.84316
G0 F9000 X145.063 Y97.901
G1 F2700 E1117.84316
G1 F1769.9 X145.094 Y98.408 E1117.85748
G1 X145.063 Y98.924 E1117.87205
G1 F2700 E1112.87205
G0 F9000 X144.835 Y96.926
G0 X144.34 Y95.543
G0 X144.568 Y95.543
;TYPE:FILL
G1 F2700 E1117.87205
G1 F3000 X137.706 Y88.68 E1118.19484
G0 F9000 X137.706 Y88.91
G0 X139.026 Y88.91
G0 X139.026 Y88.679
G1 F3000 X138.519 Y90.573 E1118.26005
G0 F9000 X138.91 Y90.573
G0 X138.91 Y91.808
G0 X138.68 Y91.808
G1 F3000 X144.555 Y90.234 E1118.46234
G0 F9000 X144.568 Y91.18
G1 F3000 X143.34 Y95.762 E1118.62012
G0 F9000 X143.394 Y95.541
G0 X142.598 Y95.576
G0 X141.928 Y95.739
G0 X141.318 Y96.061
G0 X140.854 Y96.471
G0 X140.198 Y97.475
G0 X140.41 Y97.556
G1 F3000 X138.681 Y98.02 E1118.67966
G1 X138.68 Y98.14
G1 X144.567 Y104.027 E1118.95657
G0 F9000 X144.34 Y104.027
G0 X144.34 Y102.654
G0 X144.566 Y102.654
G1 F3000 X138.681 Y104.231 E1119.15921
G0 F9000 X138.91 Y104.231
G0 X138.91 Y106.625
G0 X138.68 Y106.625
G1 F3000 X144.568 Y112.513 E1119.43616
G0 F9000 X144.34 Y112.513
G0 X144.34 Y114.362
G0 X144.568 Y114.362
G1 F3000 X143.857 Y117.016 E1119.52755
G0 F9000 X143.737 Y116.824
G0 X144.34 Y115.077
G0 X144.567 Y115.077
G1 F3000 X138.961 Y116.58 E1119.72059
G0 F9000 X139.157 Y116.457
G0 X138.91 Y115.111
G0 X138.68 Y115.111
G1 F3000 X140.889 Y117.32 E1119.8245
G0 F9000 X140.889 Y117.09
G0 X138.91 Y113.15
G0 X138.681 Y113.15
G1 F3000 X141.961 Y100.91 E1120.24596
G0 F9000 X141.855 Y101.11
G0 X144.34 Y108.866
G0 X144.567 Y108.866
G1 F3000 X138.681 Y110.443 E1120.44864
G0 F9000 X138.91 Y110.443
G0 X138.838 Y90.162
G0 X132.375 Y90.09
G0 X132.375 Y90.321
G1 F3000 X132.815 Y88.68 E1120.50514
G0 F9000 X132.815 Y88.91
G0 X130.86 Y90.09
G0 X130.86 Y90.32
G1 F3000 X129.22 Y88.68 E1120.58229
G0 F9000 X129.22 Y88.91
G0 X127.173 Y88.91
G0 X127.173 Y88.68
G1 F3000 X121.052 Y90.32 E1120.79305
G0 F9000 X121.052 Y90.09
G0 X119.952 Y90.09
G0 X119.952 Y90.32
G1 F3000 X120.391 Y88.679 E1120.84955
G0 F9000 X120.735 Y88.68
G1 F3000 X122.375 Y90.32 E1120.92669
G0 F9000 X122.375 Y90.09
G0 X126.163 Y90.09
G0 X126.163 Y90.32
G1 F3000 X126.603 Y88.679 E1120.9832
G0 F9000 X126.603 Y88.91
G0 X114.18 Y88.91
G0 X114.18 Y88.68
G1 F3000 X113.74 Y90.321 E1121.03971
G1 X113.889 Y90.32
G1 X112.25 Y88.68 E1121.11682
G0 F9000 X112.25 Y88.91
G0 X107.968 Y88.91
G0 X107.968 Y88.68
G1 F3000 X107.528 Y90.32 E1121.1733
G0 F9000 X107.528 Y90.09
G0 X105.404 Y90.09
G0 X105.404 Y90.32
G1 F3000 X103.764 Y88.68 E1121.25044
G0 F9000 X103.99 Y88.68
G1 F3000 X97.87 Y90.32 E1121.46117
G0 F9000 X96.919 Y90.32
G1 F3000 X95.279 Y88.68 E1121.53831
G0 F9000 X95.545 Y88.679
G1 F3000 X93.538 Y96.17 E1121.79625
G0 F9000 X93.643 Y95.972
G0 X94.091 Y96.413
G0 X94.752 Y97.344
G0 X94.538 Y97.425
G1 F3000 X96.32 Y96.947 E1121.85762
G0 F9000 X96.09 Y96.947
G0 X96.09 Y98.207
G0 X96.32 Y98.207
G1 F3000 X90.428 Y92.315 E1122.13476
G1 X90.429 Y92.314
G1 X96.395 Y90.715 E1122.34019
G0 F9000 X96.09 Y90.715
G0 X96.162 Y90.162
G0 X101.317 Y90.09
G0 X101.317 Y90.32
G1 F3000 X101.756 Y88.679 E1122.39669
G0 F9000 X101.756 Y88.91
G0 X96.162 Y90.162
G0 X96.09 Y103.159
G0 X96.319 Y103.159
G1 F3000 X90.43 Y104.737 E1122.59947
G0 F9000 X90.66 Y104.737
G0 X90.66 Y107.767
G0 X90.43 Y107.767
G1 F3000 X92.224 Y101.071 E1122.83004
G0 F9000 X92.224 Y101.305
G0 X91.166 Y101.103
G0 X90.624 Y100.869
G0 X90.43 Y100.802
G1 F3000 X96.32 Y106.692 E1123.10708
G0 F9000 X96.09 Y106.692
G0 X96.09 Y108.968
G0 X96.32 Y108.968
G1 F3000 X90.43 Y130.95 E1123.864
G0 F9000 X90.66 Y130.95
G0 X90.66 Y129.583
G0 X90.43 Y129.583
G1 F3000 X96.319 Y128.005 E1124.06678
G0 F9000 X96.09 Y128.005
G0 X96.09 Y132.148
G0 X96.32 Y132.148
G1 F3000 X90.43 Y126.257 E1124.34385
G0 F9000 X90.66 Y126.257
G0 X90.66 Y123.372
G0 X90.43 Y123.372
G1 F3000 X96.32 Y121.794 E1124.54666
G0 F9000 X96.09 Y121.794
G0 X96.09 Y123.662
G0 X96.32 Y123.662
G1 F3000 X90.43 Y117.772 E1124.82371
G0 F9000 X90.431 Y117.16
G1 F3000 X96.32 Y115.582 E1125.02649
G0 F9000 X96.32 Y115.177
G1 F3000 X90.43 Y109.287 E1125.30353
G0 F9000 X90.66 Y109.287
G0 X90.66 Y110.948
G0 X90.43 Y110.948
G1 F3000 X96.319 Y109.37 E1125.50631
G0 F9000 X96.09 Y109.37
G0 X96.09 Y132.15
G0 X96.32 Y132.15
G1 F3000 X94.498 Y138.95 E1125.74046
G0 F9000 X94.334 Y138.647
G1 F3000 X96.32 Y140.633 E1125.83387
G0 F9000 X96.32 Y140.429
G1 F3000 X94.588 Y140.893 E1125.89351
G0 F9000 X94.802 Y140.974
G0 X94.312 Y141.751
G0 X93.775 Y142.388
G0 X93.623 Y142.216
G1 F3000 X92.523 Y146.32 E1126.03483
G0 F9000 X93.521 Y146.319
G1 F3000 X90.428 Y143.226 E1126.18031
G0 F9000 X90.66 Y143.226
G0 X93.072 Y142.711
G0 X93.682 Y142.389
G0 X94.197 Y141.933
G0 X94.59 Y141.365
G0 X94.832 Y140.724
G0 X94.916 Y140.039
G0 X94.832 Y139.355
G0 X94.588 Y138.713
G0 X94.27 Y138.254
G0 X93.545 Y137.55
G0 X93.439 Y137.751
G1 F3000 X90.43 Y134.743 E1126.32183
G0 F9000 X90.66 Y134.743
G0 X90.66 Y135.795
G0 X90.431 Y135.795
G1 F3000 X96.319 Y134.217 E1126.52457
G0 F9000 X95.79 Y134.217
;MESH:NONMESH
G0 F300 Z6.8
G0 F9000 X94.635 Y146.091
G0 X94.653 Y146.4
;TIME_ELAPSED:1858.392247
;LAYER:33
;TYPE:WALL-INNER
;MESH:battery holder-BodyChamfer.stl
G1 F1500 X95.064 Y146.351 E1126.53834
G1 X95.429 Y146.223 E1126.5512
G1 X95.747 Y146.024 E1126.56368
G1 X96.024 Y145.747 E1126.57671
G1 X96.223 Y145.429 E1126.58919
G1 X96.351 Y145.064 E1126.60205
G1 X96.4 Y144.653 E1126.61582
G1 X96.4 Y90.879 E1128.40435
G1 X96.52 Y90.64 E1128.41324
G1 X96.717 Y90.47 E1128.4219
G1 X96.922 Y90.4 E1128.4291
G1 X138 Y90.4 E1129.79536
G1 X138.283 Y90.47 E1129.80506
G1 X138.48 Y90.64 E1129.81371
G1 X138.6 Y90.879 E1129.82261
G1 X138.601 Y115.655 E1130.64666
G1 X138.645 Y116.066 E1130.66041
G1 X138.773 Y116.429 E1130.67321
G1 X138.972 Y116.747 E1130.68569
G1 X139.248 Y117.023 E1130.69867
G1 X139.57 Y117.224 E1130.7113
G1 X139.933 Y117.351 E1130.72409
G1 X140.347 Y117.4 E1130.73795
G1 X142.901 Y117.4 E1130.8229
G1 X143.316 Y117.351 E1130.8368
G1 X143.677 Y117.224 E1130.84953
G1 X143.995 Y117.024 E1130.86202
G1 X144.273 Y116.745 E1130.87512
G1 X144.476 Y116.427 E1130.88767
G1 X144.602 Y116.066 E1130.90039
G1 X144.648 Y115.655 E1130.91414
G1 X144.648 Y100.347 E1131.42329
G1 X144.352 Y100.587 E1131.43596
G1 X143.861 Y100.847 E1131.45444
G1 X143.253 Y100.992 E1131.47523
G1 X142.623 Y100.992 E1131.49618
G1 X142.013 Y100.846 E1131.51705
G1 X141.46 Y100.553 E1131.53786
G1 X140.991 Y100.137 E1131.55871
G1 X140.627 Y99.612 E1131.57996
G1 X140.414 Y99.041 E1131.60023
G1 X140.34 Y98.408 E1131.62143
G1 X140.412 Y97.781 E1131.64242
G1 X140.627 Y97.204 E1131.6629
G1 X140.991 Y96.679 E1131.68415
G1 X141.461 Y96.261 E1131.70507
G1 X142.015 Y95.974 E1131.72582
G1 X142.62 Y95.824 E1131.74655
G1 X143.256 Y95.824 E1131.7677
G1 X143.861 Y95.974 E1131.78844
G1 X144.349 Y96.227 E1131.80672
G1 X144.648 Y96.469 E1131.81951
G1 X144.648 Y90.345 E1132.0232
G1 X144.603 Y89.93 E1132.03708
G1 X144.476 Y89.572 E1132.04971
G1 X144.272 Y89.25 E1132.06239
G1 X143.995 Y88.972 E1132.07545
G1 X143.677 Y88.772 E1132.08794
G1 X143.318 Y88.645 E1132.10061
G1 X142.903 Y88.6 E1132.11449
G1 X92.093 Y88.6 E1133.80444
G1 X91.682 Y88.645 E1133.81819
G1 X91.319 Y88.773 E1133.83099
G1 X91.001 Y88.972 E1133.84347
G1 X90.724 Y89.25 E1133.85652
G1 X90.521 Y89.57 E1133.86913
G1 X90.397 Y89.93 E1133.88179
G1 X90.348 Y90.347 E1133.89575
G1 X90.349 Y96.468 E1134.09934
G1 X90.647 Y96.227 E1134.11209
G1 X91.135 Y95.974 E1134.13037
G1 X91.74 Y95.824 E1134.1511
G1 X92.376 Y95.824 E1134.17225
G1 X92.981 Y95.974 E1134.19299
G1 X93.535 Y96.261 E1134.21374
G1 X94.002 Y96.677 E1134.23454
G1 X94.366 Y97.2 E1134.25573
G1 X94.589 Y97.784 E1134.27652
G1 X94.656 Y98.408 E1134.2974
G1 X94.588 Y99.036 E1134.31841
G1 X94.366 Y99.617 E1134.33909
G1 X94.002 Y100.139 E1134.36026
G1 X93.537 Y100.553 E1134.38097
G1 X92.982 Y100.846 E1134.40184
G1 X92.373 Y100.992 E1134.42267
G1 X91.743 Y100.992 E1134.44362
G1 X91.133 Y100.846 E1134.46449
G1 X90.644 Y100.587 E1134.48289
G1 X90.349 Y100.348 E1134.49552
G1 X90.349 Y138.1 E1135.75116
G1 X90.644 Y137.861 E1135.76378
G1 X91.132 Y137.603 E1135.78214
G1 X91.739 Y137.452 E1135.80295
G1 X92.376 Y137.452 E1135.82413
G1 X92.984 Y137.603 E1135.84497
G1 X93.537 Y137.895 E1135.86577
G1 X94.002 Y138.309 E1135.88648
G1 X94.366 Y138.832 E1135.90767
G1 X94.589 Y139.416 E1135.92846
G1 X94.656 Y140.04 E1135.94934
G1 X94.587 Y140.666 E1135.97028
G1 X94.368 Y141.247 E1135.99093
G1 X94.004 Y141.766 E1136.01202
G1 X93.536 Y142.186 E1136.03293
G1 X92.98 Y142.475 E1136.05378
G1 X92.367 Y142.624 E1136.07476
G1 X91.74 Y142.624 E1136.09561
G1 X91.135 Y142.474 E1136.11634
G1 X90.647 Y142.221 E1136.13463
G1 X90.348 Y141.977 E1136.14746
G1 X90.348 Y144.653 E1136.23647
G1 X90.397 Y145.066 E1136.2503
G1 X90.521 Y145.429 E1136.26306
G1 X90.723 Y145.745 E1136.27553
G1 X91.001 Y146.024 E1136.28863
G1 X91.319 Y146.223 E1136.30111
G1 X91.684 Y146.351 E1136.31397
G1 X92.095 Y146.4 E1136.32774
G1 X94.653 Y146.4 E1136.41282
G0 F9000 X94.676 Y146.8
;TYPE:WALL-OUTER
G1 F1500 X95.154 Y146.743 E1136.42883
G1 X95.604 Y146.586 E1136.44468
G1 X95.998 Y146.338 E1136.46017
G1 X96.338 Y145.998 E1136.47616
G1 X96.586 Y145.604 E1136.49164
G1 X96.743 Y145.154 E1136.50749
G1 X96.8 Y144.676 E1136.52351
G1 X96.8 Y90.959 E1138.31014
G1 X96.84 Y90.88 E1138.31309
G1 X96.965 Y90.803 E1138.31797
G1 X138.077 Y90.8 E1139.68536
G1 X138.2 Y90.959 E1139.69205
G1 X138.201 Y115.677 E1140.51417
G1 X138.253 Y116.155 E1140.53016
G1 X138.41 Y116.604 E1140.54598
G1 X138.658 Y116.998 E1140.56147
G1 X138.998 Y117.338 E1140.57746
G1 X139.396 Y117.586 E1140.59306
G1 X139.842 Y117.743 E1140.60878
G1 X140.324 Y117.8 E1140.62493
G1 X142.924 Y117.8 E1140.7114
G1 X143.406 Y117.743 E1140.72754
G1 X143.852 Y117.586 E1140.74327
G1 X144.246 Y117.338 E1140.75876
G1 X144.587 Y116.997 E1140.77479
G1 X144.838 Y116.603 E1140.79033
G1 X144.995 Y116.155 E1140.80612
G1 X145.048 Y115.677 E1140.82212
G1 X145.048 Y99.431 E1141.36246
G1 F1530.6 X145.062 Y98.948 E1141.37821
G1 X144.9 Y99.404 E1141.39398
G1 F1500 X144.566 Y99.886 E1141.41349
G1 X144.166 Y100.233 E1141.4311
G1 X143.695 Y100.475 E1141.44871
G1 X143.227 Y100.587 E1141.46472
G1 X142.649 Y100.587 E1141.48394
G1 X142.134 Y100.457 E1141.50161
G1 X141.671 Y100.206 E1141.51913
G1 X141.279 Y99.85 E1141.53674
G1 X140.976 Y99.402 E1141.55473
G1 X140.801 Y98.917 E1141.57188
G1 X140.74 Y98.408 E1141.58893
G1 X140.801 Y97.899 E1141.60598
G1 X140.976 Y97.414 E1141.62313
G1 X141.311 Y96.93 E1141.6427
G1 X141.711 Y96.582 E1141.66034
G1 X142.179 Y96.345 E1141.67779
G1 X142.647 Y96.229 E1141.69382
G1 X143.229 Y96.229 E1141.71318
G1 X143.697 Y96.345 E1141.72922
G1 X144.165 Y96.582 E1141.74667
G1 X144.566 Y96.93 E1141.76432
G1 X144.9 Y97.412 E1141.78383
G1 F1530.6 X145.062 Y97.867 E1141.79957
G1 X145.048 Y97.385 E1141.81529
G1 F1500 X145.048 Y90.323 E1142.05017
G1 X144.995 Y89.841 E1142.0663
G1 X144.838 Y89.396 E1142.082
G1 X144.586 Y88.998 E1142.09766
G1 X144.246 Y88.658 E1142.11366
G1 X143.852 Y88.41 E1142.12914
G1 X143.407 Y88.253 E1142.14483
G1 X142.925 Y88.2 E1142.16096
G1 X92.071 Y88.2 E1143.85237
G1 X91.593 Y88.253 E1143.86837
G1 X91.144 Y88.41 E1143.88419
G1 X90.75 Y88.658 E1143.89967
G1 X90.41 Y88.998 E1143.91567
G1 X90.158 Y89.396 E1143.93133
G1 X90.005 Y89.841 E1143.94699
G1 X89.948 Y90.324 E1143.96316
G1 X89.948 Y97.387 E1144.19808
G1 F1554.4 X89.935 Y97.901 E1144.21458
G1 X90.096 Y97.413 E1144.23107
G1 F1500 X90.43 Y96.93 E1144.25061
G1 X90.831 Y96.582 E1144.26827
G1 X91.299 Y96.345 E1144.28571
G1 X91.767 Y96.229 E1144.30175
G1 X92.349 Y96.229 E1144.32111
G1 X92.817 Y96.345 E1144.33714
G1 X93.285 Y96.582 E1144.35459
G1 X93.717 Y96.966 E1144.37382
G1 X94.019 Y97.412 E1144.39173
G1 X94.199 Y97.901 E1144.40906
G1 X94.256 Y98.408 E1144.42603
G1 X94.198 Y98.927 E1144.4434
G1 X93.997 Y99.446 E1144.46191
G1 X93.685 Y99.886 E1144.47985
G1 X93.286 Y100.233 E1144.49744
G1 X92.815 Y100.475 E1144.51505
G1 X92.347 Y100.587 E1144.53106
G1 X91.769 Y100.587 E1144.55028
G1 X91.254 Y100.457 E1144.56795
G1 X90.791 Y100.206 E1144.58546
G1 X90.43 Y99.886 E1144.60151
G1 X90.096 Y99.403 E1144.62104
G1 F1554.4 X89.935 Y98.915 E1144.63753
G1 X89.948 Y99.429 E1144.65404
G1 F1500 X89.948 Y139.019 E1145.97081
G1 F1554.4 X89.935 Y139.533 E1145.98731
G1 X90.096 Y139.045 E1146.0038
G1 F1500 X90.43 Y138.562 E1146.02333
G1 X90.83 Y138.215 E1146.04095
G1 X91.299 Y137.973 E1146.0585
G1 X91.767 Y137.857 E1146.07454
G1 X92.349 Y137.857 E1146.09389
G1 X92.817 Y137.973 E1146.10993
G1 X93.325 Y138.242 E1146.12905
G1 X93.717 Y138.598 E1146.14666
G1 X94.019 Y139.044 E1146.16458
G1 X94.199 Y139.533 E1146.18191
G1 X94.256 Y140.04 E1146.19888
G1 X94.198 Y140.555 E1146.21611
G1 X94.02 Y141.035 E1146.23314
G1 X93.686 Y141.513 E1146.25254
G1 X93.285 Y141.866 E1146.2703
G1 X92.817 Y142.103 E1146.28775
G1 X92.349 Y142.219 E1146.30379
G1 X91.767 Y142.219 E1146.32315
G1 X91.299 Y142.103 E1146.33918
G1 X90.831 Y141.866 E1146.35663
G1 X90.4 Y141.479 E1146.3759
G1 X90.096 Y141.034 E1146.39382
G1 F1554.4 X89.935 Y140.543 E1146.41041
G1 X89.949 Y141.06 E1146.42701
G1 F1500 X89.948 Y144.676 E1146.54727
G1 X90.005 Y145.155 E1146.56332
G1 X90.158 Y145.604 E1146.5791
G1 X90.409 Y145.997 E1146.59461
G1 X90.75 Y146.338 E1146.61064
G1 X91.144 Y146.586 E1146.62613
G1 X91.594 Y146.743 E1146.64198
G1 X92.072 Y146.8 E1146.65799
G1 X94.676 Y146.8 E1146.7446
G1 F2700 E1141.7446
G0 F9000 X94.635 Y146.091
G0 X90.224 Y141.665
G0 X89.935 Y140.543
G1 F2700 E1146.7446
G1 F1754.4 X89.904 Y140.04 E1146.75893
G1 X89.935 Y139.533 E1146.77338
G1 F2700 E1141.77338
G0 F9000 X89.085 Y139.533
G0 X89.085 Y98.915
G0 X89.935 Y98.915
G1 F2700 E1146.77338
G1 F1754.4 X89.904 Y98.408 E1146.78782
G1 X89.935 Y97.901 E1146.80227
G1 F2700 E1141.80227
G0 F9000 X145.063 Y97.901
G1 F2700 E1146.80227
G1 F1769.9 X145.094 Y98.408 E1146.81658
G1 X145.063 Y98.924 E1146.83116
G1 F2700 E1141.83116
G0 F9000 X144.835 Y96.926
G0 X144.34 Y95.342
G0 X144.568 Y95.342
;TYPE:FILL
G1 F2700 E1146.83116
G1 F3000 X137.906 Y88.68 E1147.14452
G0 F9000 X138.879 Y88.679
G1 F3000 X138.4 Y90.469 E1147.20615
G0 F9000 X138.4 Y90.09
G0 X138.838 Y90.162
G0 X138.91 Y91.955
G0 X138.68 Y91.955
G1 F3000 X144.567 Y90.378 E1147.40885
G0 F9000 X144.568 Y90.631
G1 F3000 X143.198 Y95.745 E1147.58494
G0 F9000 X143.198 Y95.515
G0 X142.598 Y95.576
G0 X141.928 Y95.739
G0 X141.318 Y96.061
G0 X140.803 Y96.517
G0 X140.58 Y96.839
G0 X140.136 Y97.639
G0 X140.349 Y97.72
G1 F3000 X138.681 Y98.167 E1147.64238
G0 F9000 X138.68 Y97.939
G1 F3000 X144.567 Y103.826 E1147.91928
G0 F9000 X144.34 Y103.826
G0 X144.34 Y102.801
G0 X144.566 Y102.801
G1 F3000 X138.681 Y104.378 E1148.12193
G0 F9000 X138.91 Y104.378
G0 X138.91 Y106.425
G0 X138.68 Y106.425
G1 F3000 X144.568 Y112.313 E1148.39888
G0 F9000 X144.34 Y112.313
G0 X144.34 Y113.813
G0 X144.568 Y113.813
G1 F3000 X143.68 Y117.129 E1148.51306
G0 F9000 X143.559 Y116.936
G0 X144.34 Y115.224
G0 X144.567 Y115.224
G1 F3000 X139.043 Y116.705 E1148.70327
G0 F9000 X139.22 Y116.558
G0 X138.91 Y114.91
G0 X138.68 Y114.91
G1 F3000 X141.09 Y117.32 E1148.81663
G0 F9000 X141.09 Y117.09
G0 X138.91 Y112.601
G0 X138.681 Y112.601
G1 F3000 X141.832 Y100.842 E1149.22154
G0 F9000 X141.726 Y101.042
G0 X144.34 Y109.013
G0 X144.567 Y109.013
G1 F3000 X138.681 Y110.59 E1149.42421
G0 F9000 X138.91 Y110.59
G0 X138.838 Y90.162
G0 X132.228 Y90.09
G0 X132.228 Y90.321
G1 F3000 X132.668 Y88.68 E1149.48072
G0 F9000 X132.668 Y88.91
G0 X131.061 Y90.09
G0 X131.061 Y90.32
G1 F3000 X129.421 Y88.68 E1149.55786
G0 F9000 X129.421 Y88.91
G0 X127.722 Y88.91
G0 X127.722 Y88.68
G1 F3000 X121.601 Y90.32 E1149.76863
G0 F9000 X122.576 Y90.32
G1 F3000 X120.936 Y88.68 E1149.84577
G0 F9000 X120.244 Y88.679
G1 F3000 X119.805 Y90.32 E1149.90227
G0 F9000 X119.805 Y90.09
G0 X114.09 Y90.09
G0 X114.09 Y90.32
G1 F3000 X112.45 Y88.68 E1149.97941
G0 F9000 X112.45 Y88.91
G0 X114.033 Y88.91
G0 X114.033 Y88.679
G1 F3000 X113.593 Y90.321 E1150.03595
G0 F9000 X113.593 Y90.09
G0 X107.821 Y88.91
G0 X107.821 Y88.68
G1 F3000 X107.381 Y90.32 E1150.09242
G0 F9000 X107.381 Y90.09
G0 X105.605 Y90.09
G0 X105.605 Y90.32
G1 F3000 X103.965 Y88.68 E1150.16956
G0 F9000 X104.539 Y88.68
G1 F3000 X98.419 Y90.32 E1150.3803
G0 F9000 X98.419 Y90.09
G0 X97.12 Y90.09
G0 X97.12 Y90.32
G1 F3000 X95.48 Y88.68 E1150.45744
G1 X95.398 Y88.679
G1 X93.408 Y96.104 E1150.71311
G0 F9000 X93.514 Y95.904
G0 X94.128 Y96.455
G0 X94.803 Y97.478
G0 X94.589 Y97.558
G1 F3000 X96.32 Y97.094 E1150.77271
G0 F9000 X96.32 Y98.006
G1 F3000 X90.428 Y92.114 E1151.04986
G0 F9000 X90.429 Y92.461
G1 F3000 X96.338 Y90.877 E1151.25333
G0 F9000 X96.09 Y90.877
G0 X96.162 Y90.162
G0 X101.17 Y90.09
G0 X101.17 Y90.32
G1 F3000 X101.609 Y88.679 E1151.30983
G0 F9000 X101.609 Y88.91
G0 X96.162 Y90.162
G0 X96.09 Y103.306
G0 X96.319 Y103.306
G1 F3000 X90.43 Y104.884 E1151.51261
G0 F9000 X90.66 Y104.884
G0 X90.66 Y107.218
G0 X90.43 Y107.218
G1 F3000 X92.077 Y101.071 E1151.72427
G0 F9000 X92.077 Y101.305
G0 X91.244 Y101.123
G0 X90.611 Y100.865
G0 X90.43 Y100.601
G1 F3000 X96.32 Y106.491 E1152.00132
G0 F9000 X96.09 Y106.491
G0 X96.09 Y108.42
G0 X96.32 Y108.42
G1 F3000 X90.43 Y130.401 E1152.7582
G0 F9000 X90.43 Y129.73
G1 F3000 X96.319 Y128.152 E1152.96098
G0 F9000 X96.09 Y128.152
G0 X96.09 Y131.602
G0 X96.32 Y131.602
G1 F3000 X94.405 Y138.748 E1153.20704
G0 F9000 X94.596 Y138.618
G0 X94.832 Y139.355
G0 X94.9 Y139.909
G0 X94.74 Y141.139
G0 X94.525 Y141.057
G1 F3000 X96.32 Y140.576 E1153.26885
G1 X96.32 Y140.432
G1 X90.43 Y134.542 E1153.5459
G0 F9000 X90.66 Y134.542
G0 X90.66 Y135.942
G0 X90.431 Y135.942
G1 F3000 X96.319 Y134.364 E1153.74864
G0 F9000 X96.09 Y134.364
G0 X96.09 Y131.947
G0 X96.32 Y131.947
G1 F3000 X90.43 Y126.057 E1154.02569
G0 F9000 X90.66 Y126.057
G0 X90.66 Y123.519
G0 X90.43 Y123.519
G1 F3000 X96.32 Y121.941 E1154.2285
G0 F9000 X96.09 Y121.941
G0 X96.09 Y123.462
G0 X96.32 Y123.462
G1 F3000 X90.43 Y117.571 E1154.50557
G0 F9000 X90.431 Y117.307
G1 F3000 X96.32 Y115.729 E1154.70835
G0 F9000 X96.32 Y114.976
G1 F3000 X90.43 Y109.086 E1154.9854
G0 F9000 X90.66 Y109.086
G0 X90.66 Y111.095
G0 X90.43 Y111.095
G1 F3000 X96.319 Y109.517 E1155.18818
G1 F2700 E1150.18818
G0 F9000 X96.09 Y109.517
G0 X94.916 Y140.039
G0 X94.832 Y140.724
G0 X94.59 Y141.365
G0 X94.271 Y141.825
G0 X93.553 Y142.526
G0 X93.447 Y142.323
G1 F2700 E1155.18818
G1 F3000 X92.376 Y146.32 E1155.32581
G0 F9000 X92.376 Y146.09
G0 X93.722 Y146.09
G0 X93.722 Y146.319
G1 F3000 X90.428 Y143.025 E1155.48075
G1 F2700 E1150.48075
G0 F9000 X90.66 Y143.025
G0 X92.402 Y142.874
G0 X93.072 Y142.711
G0 X93.682 Y142.389
G0 X94.197 Y141.933
G0 X94.59 Y141.365
G0 X94.832 Y140.724
G0 X96.168 Y134.779
G0 X96.162 Y90.162
G0 X126.016 Y90.09
G0 X126.016 Y90.321
G1 F2700 E1155.48075
G1 F3000 X126.456 Y88.679 E1155.53729
G0 F9000 X126.456 Y89.21
G1 F2700 E1150.53729
;MESH:NONMESH
G0 F300 Z7
G0 F9000 X96.162 Y90.162
G0 X96.167 Y120.317
G0 X94.635 Y146.091
G0 X94.653 Y146.4
;TIME_ELAPSED:1905.869983
;LAYER:34
;TYPE:WALL-INNER
;MESH:battery holder-BodyChamfer.stl
G1 F2700 E1155.53729
G1 F1500 X95.064 Y146.351 E1155.55106
G1 X95.429 Y146.223 E1155.56392
G1 X95.747 Y146.024 E1155.5764
G1 X96.024 Y145.747 E1155.58943
G1 X96.223 Y145.429 E1155.6019
G1 X96.351 Y145.064 E1155.61477
G1 X96.4 Y144.653 E1155.62853
G1 X96.4 Y90.879 E1157.41707
G1 X96.52 Y90.64 E1157.42596
G1 X96.717 Y90.47 E1157.43461
G1 X96.922 Y90.4 E1157.44182
G1 X138 Y90.4 E1158.80808
G1 X138.283 Y90.47 E1158.81778
G1 X138.48 Y90.64 E1158.82643
G1 X138.6 Y90.879 E1158.83533
G1 X138.601 Y115.655 E1159.65938
G1 X138.645 Y116.066 E1159.67313
G1 X138.773 Y116.429 E1159.68593
G1 X138.972 Y116.747 E1159.69841
G1 X139.248 Y117.023 E1159.71139
G1 X139.57 Y117.224 E1159.72401
G1 X139.933 Y117.351 E1159.7368
G1 X140.347 Y117.4 E1159.75067
G1 X142.901 Y117.4 E1159.83562
G1 X143.316 Y117.351 E1159.84951
G1 X143.677 Y117.224 E1159.86224
G1 X143.995 Y117.024 E1159.87474
G1 X144.273 Y116.745 E1159.88784
G1 X144.476 Y116.427 E1159.90039
G1 X144.602 Y116.066 E1159.9131
G1 X144.648 Y115.655 E1159.92686
G1 X144.648 Y100.347 E1160.436
G1 X144.352 Y100.587 E1160.44868
G1 X143.861 Y100.847 E1160.46716
G1 X143.253 Y100.992 E1160.48795
G1 X142.623 Y100.992 E1160.5089
G1 X142.013 Y100.846 E1160.52976
G1 X141.46 Y100.553 E1160.55058
G1 X140.991 Y100.137 E1160.57143
G1 X140.627 Y99.612 E1160.59268
G1 X140.414 Y99.041 E1160.61295
G1 X140.34 Y98.408 E1160.63414
G1 X140.412 Y97.781 E1160.65513
G1 X140.627 Y97.204 E1160.67561
G1 X140.991 Y96.679 E1160.69686
G1 X141.461 Y96.261 E1160.71778
G1 X142.015 Y95.974 E1160.73854
G1 X142.62 Y95.824 E1160.75927
G1 X143.256 Y95.824 E1160.78042
G1 X143.861 Y95.974 E1160.80115
G1 X144.349 Y96.227 E1160.81943
G1 X144.648 Y96.469 E1160.83223
G1 X144.648 Y90.345 E1161.03591
G1 X144.603 Y89.93 E1161.0498
G1 X144.476 Y89.572 E1161.06243
G1 X144.272 Y89.25 E1161.07511
G1 X143.995 Y88.972 E1161.08816
G1 X143.677 Y88.772 E1161.10066
G1 X143.318 Y88.645 E1161.11332
G1 X142.903 Y88.6 E1161.12721
G1 X92.093 Y88.6 E1162.81715
G1 X91.682 Y88.645 E1162.83091
G1 X91.319 Y88.773 E1162.84371
G1 X91.001 Y88.972 E1162.85618
G1 X90.724 Y89.25 E1162.86924
G1 X90.521 Y89.57 E1162.88184
G1 X90.397 Y89.93 E1162.89451
G1 X90.348 Y90.347 E1162.90847
G1 X90.349 Y96.468 E1163.11206
G1 X90.647 Y96.227 E1163.1248
G1 X91.135 Y95.974 E1163.14309
G1 X91.74 Y95.824 E1163.16382
G1 X92.376 Y95.824 E1163.18497
G1 X92.981 Y95.974 E1163.2057
G1 X93.535 Y96.261 E1163.22645
G1 X94.002 Y96.677 E1163.24726
G1 X94.366 Y97.2 E1163.26845
G1 X94.589 Y97.784 E1163.28924
G1 X94.656 Y98.408 E1163.31011
G1 X94.588 Y99.036 E1163.33112
G1 X94.366 Y99.617 E1163.35181
G1 X94.002 Y100.139 E1163.37298
G1 X93.537 Y100.553 E1163.39368
G1 X92.982 Y100.846 E1163.41456
G1 X92.373 Y100.992 E1163.43539
G1 X91.743 Y100.992 E1163.45634
G1 X91.133 Y100.846 E1163.4772
G1 X90.644 Y100.587 E1163.49561
G1 X90.349 Y100.348 E1163.50824
G1 X90.349 Y138.1 E1164.76387
G1 X90.644 Y137.861 E1164.7765
G1 X91.132 Y137.603 E1164.79486
G1 X91.739 Y137.452 E1164.81566
G1 X92.376 Y137.452 E1164.83685
G1 X92.984 Y137.603 E1164.85769
G1 X93.537 Y137.895 E1164.87849
G1 X94.002 Y138.309 E1164.89919
G1 X94.366 Y138.832 E1164.92039
G1 X94.589 Y139.416 E1164.94118
G1 X94.656 Y140.04 E1164.96205
G1 X94.587 Y140.666 E1164.983
G1 X94.368 Y141.247 E1165.00365
G1 X94.004 Y141.766 E1165.02474
G1 X93.536 Y142.186 E1165.04565
G1 X92.98 Y142.475 E1165.06649
G1 X92.367 Y142.624 E1165.08747
G1 X91.74 Y142.624 E1165.10833
G1 X91.135 Y142.474 E1165.12906
G1 X90.647 Y142.221 E1165.14734
G1 X90.348 Y141.977 E1165.16018
G1 X90.348 Y144.653 E1165.24918
G1 X90.397 Y145.066 E1165.26301
G1 X90.521 Y145.429 E1165.27577
G1 X90.723 Y145.745 E1165.28825
G1 X91.001 Y146.024 E1165.30135
G1 X91.319 Y146.223 E1165.31382
G1 X91.684 Y146.351 E1165.32669
G1 X92.095 Y146.4 E1165.34046
G1 X94.653 Y146.4 E1165.42554
G0 F9000 X94.676 Y146.8
;TYPE:WALL-OUTER
G1 F1500 X95.154 Y146.743 E1165.44155
G1 X95.604 Y146.586 E1165.4574
G1 X95.998 Y146.338 E1165.47288
G1 X96.338 Y145.998 E1165.48887
G1 X96.586 Y145.604 E1165.50436
G1 X96.743 Y145.154 E1165.52021
G1 X96.8 Y144.676 E1165.53622
G1 X96.8 Y90.959 E1167.32286
G1 X96.84 Y90.88 E1167.3258
G1 X96.965 Y90.803 E1167.33068
G1 X138.077 Y90.8 E1168.69808
G1 X138.2 Y90.959 E1168.70476
G1 X138.201 Y115.677 E1169.52689
G1 X138.253 Y116.155 E1169.54288
G1 X138.41 Y116.604 E1169.5587
G1 X138.658 Y116.998 E1169.57418
G1 X138.998 Y117.338 E1169.59018
G1 X139.396 Y117.586 E1169.60577
G1 X139.842 Y117.743 E1169.6215
G1 X140.324 Y117.8 E1169.63764
G1 X142.924 Y117.8 E1169.72412
G1 X143.406 Y117.743 E1169.74026
G1 X143.852 Y117.586 E1169.75599
G1 X144.246 Y117.338 E1169.77147
G1 X144.587 Y116.997 E1169.78751
G1 X144.838 Y116.603 E1169.80305
G1 X144.995 Y116.155 E1169.81884
G1 X145.048 Y115.677 E1169.83483
G1 X145.048 Y99.431 E1170.37518
G1 F1530.6 X145.062 Y98.948 E1170.39093
G1 X144.9 Y99.404 E1170.4067
G1 F1500 X144.566 Y99.886 E1170.42621
G1 X144.166 Y100.233 E1170.44382
G1 X143.695 Y100.475 E1170.46143
G1 X143.227 Y100.587 E1170.47744
G1 X142.649 Y100.587 E1170.49666
G1 X142.134 Y100.457 E1170.51433
G1 X141.671 Y100.206 E1170.53184
G1 X141.279 Y99.85 E1170.54946
G1 X140.976 Y99.402 E1170.56744
G1 X140.801 Y98.917 E1170.58459
G1 X140.74 Y98.408 E1170.60164
G1 X140.801 Y97.899 E1170.61869
G1 X140.976 Y97.414 E1170.63584
G1 X141.311 Y96.93 E1170.65542
G1 X141.711 Y96.582 E1170.67306
G1 X142.179 Y96.345 E1170.6905
G1 X142.647 Y96.229 E1170.70654
G1 X143.229 Y96.229 E1170.7259
G1 X143.697 Y96.345 E1170.74193
G1 X144.165 Y96.582 E1170.75938
G1 X144.566 Y96.93 E1170.77704
G1 X144.9 Y97.412 E1170.79655
G1 F1530.6 X145.062 Y97.867 E1170.81229
G1 X145.048 Y97.385 E1170.82801
G1 F1500 X145.048 Y90.323 E1171.06289
G1 X144.995 Y89.841 E1171.07902
G1 X144.838 Y89.396 E1171.09471
G1 X144.586 Y88.998 E1171.11038
G1 X144.246 Y88.658 E1171.12637
G1 X143.852 Y88.41 E1171.14186
G1 X143.407 Y88.253 E1171.15755
G1 X142.925 Y88.2 E1171.17368
G1 X92.071 Y88.2 E1172.86509
G1 X91.593 Y88.253 E1172.88109
G1 X91.144 Y88.41 E1172.89691
G1 X90.75 Y88.658 E1172.91239
G1 X90.41 Y88.998 E1172.92838
G1 X90.158 Y89.396 E1172.94405
G1 X90.005 Y89.841 E1172.9597
G1 X89.948 Y90.324 E1172.97588
G1 X89.948 Y97.387 E1173.21079
G1 F1554.4 X89.935 Y97.901 E1173.2273
G1 X90.096 Y97.413 E1173.24379
G1 F1500 X90.43 Y96.93 E1173.26332
G1 X90.831 Y96.582 E1173.28098
G1 X91.299 Y96.345 E1173.29843
G1 X91.767 Y96.229 E1173.31447
G1 X92.349 Y96.229 E1173.33382
G1 X92.817 Y96.345 E1173.34986
G1 X93.285 Y96.582 E1173.36731
G1 X93.717 Y96.966 E1173.38653
G1 X94.019 Y97.412 E1173.40445
G1 X94.199 Y97.901 E1173.42178
G1 X94.256 Y98.408 E1173.43875
G1 X94.198 Y98.927 E1173.45612
G1 X93.997 Y99.446 E1173.47463
G1 X93.685 Y99.886 E1173.49257
G1 X93.286 Y100.233 E1173.51016
G1 X92.815 Y100.475 E1173.52777
G1 X92.347 Y100.587 E1173.54377
G1 X91.769 Y100.587 E1173.563
G1 X91.254 Y100.457 E1173.58066
G1 X90.791 Y100.206 E1173.59818
G1 X90.43 Y99.886 E1173.61423
G1 X90.096 Y99.403 E1173.63376
G1 F1554.4 X89.935 Y98.915 E1173.65025
G1 X89.948 Y99.429 E1173.66675
G1 F1500 X89.948 Y139.019 E1174.98352
G1 F1554.4 X89.935 Y139.533 E1175.00002
G1 X90.096 Y139.045 E1175.01652
G1 F1500 X90.43 Y138.562 E1175.03605
G1 X90.83 Y138.215 E1175.05366
G1 X91.299 Y137.973 E1175.07122
G1 X91.767 Y137.857 E1175.08725
G1 X92.349 Y137.857 E1175.10661
G1 X92.817 Y137.973 E1175.12265
G1 X93.325 Y138.242 E1175.14176
G1 X93.717 Y138.598 E1175.15938
G1 X94.019 Y139.044 E1175.17729
G1 X94.199 Y139.533 E1175.19462
G1 X94.256 Y140.04 E1175.21159
G1 X94.198 Y140.555 E1175.22883
G1 X94.02 Y141.035 E1175.24586
G1 X93.686 Y141.513 E1175.26525
G1 X93.285 Y141.866 E1175.28302
G1 X92.817 Y142.103 E1175.30047
G1 X92.349 Y142.219 E1175.31651
G1 X91.767 Y142.219 E1175.33586
G1 X91.299 Y142.103 E1175.3519
G1 X90.831 Y141.866 E1175.36935
G1 X90.4 Y141.479 E1175.38861
G1 X90.096 Y141.034 E1175.40654
G1 F1554.4 X89.935 Y140.543 E1175.42312
G1 X89.949 Y141.06 E1175.43972
G1 F1500 X89.948 Y144.676 E1175.55999
G1 X90.005 Y145.155 E1175.57603
G1 X90.158 Y145.604 E1175.59181
G1 X90.409 Y145.997 E1175.60732
G1 X90.75 Y146.338 E1175.62336
G1 X91.144 Y146.586 E1175.63885
G1 X91.594 Y146.743 E1175.6547
G1 X92.072 Y146.8 E1175.67071
G1 X94.676 Y146.8 E1175.75732
G1 F2700 E1170.75732
G0 F9000 X94.635 Y146.091
G0 X90.224 Y141.665
G0 X89.935 Y140.543
G1 F2700 E1175.75732
G1 F1754.4 X89.904 Y140.04 E1175.77165
G1 X89.935 Y139.533 E1175.78609
G1 F2700 E1170.78609
G0 F9000 X89.085 Y139.533
G0 X89.085 Y98.915
G0 X89.935 Y98.915
G1 F2700 E1175.78609
G1 F1754.4 X89.904 Y98.408 E1175.80054
G1 X89.935 Y97.901 E1175.81498
G1 F2700 E1170.81498
G0 F9000 X145.063 Y97.901
G1 F2700 E1175.81498
G1 F1769.9 X145.094 Y98.408 E1175.8293
G1 X145.063 Y98.924 E1175.84387
G1 F2700 E1170.84387
G0 F9000 X144.76 Y96.796
G0 X144.518 Y96.567
G0 X143.052 Y95.515
G0 X143.052 Y95.744
;TYPE:FILL
G1 F2700 E1175.84387
G1 F3000 X144.547 Y90.163 E1176.03604
G0 F9000 X144.567 Y90.524
G1 F3000 X138.68 Y92.101 E1176.23875
G0 F9000 X138.91 Y92.101
G0 X138.838 Y90.162
G0 X138.274 Y90.09
G0 X138.274 Y90.392
G1 F3000 X138.733 Y88.679 E1176.29773
G0 F9000 X138.106 Y88.68
G1 F3000 X144.568 Y95.143 E1176.60171
G0 F9000 X144.34 Y95.143
G0 X141.928 Y95.739
G0 X141.318 Y96.061
G0 X140.803 Y96.517
G0 X140.485 Y96.977
G0 X140.092 Y97.846
G0 X140.32 Y97.874
G1 F3000 X138.681 Y98.313 E1176.65814
G0 F9000 X138.68 Y97.74
G1 F3000 X140.535 Y99.595 E1176.7454
G0 F9000 X140.322 Y99.675
G0 X140.712 Y100.183
G0 X141.598 Y100.975
G0 X141.704 Y100.774
G1 F3000 X138.681 Y112.057 E1177.13391
G0 F9000 X138.91 Y112.057
G0 X138.91 Y110.736
G0 X138.681 Y110.736
G1 F3000 X144.566 Y109.159 E1177.33655
G0 F9000 X144.34 Y109.159
G0 X144.34 Y112.113
G0 X144.568 Y112.113
G1 F3000 X138.68 Y106.225 E1177.6135
G0 F9000 X138.91 Y106.225
G0 X138.91 Y104.524
G0 X138.68 Y104.524
G1 F3000 X144.566 Y102.947 E1177.81618
G0 F9000 X144.567 Y103.626
G1 F3000 X141.724 Y100.784 E1177.94988
G0 F9000 X141.618 Y100.985
G0 X144.34 Y113.268
G0 X144.568 Y113.268
G1 F3000 X143.515 Y117.197 E1178.08517
G0 F9000 X143.441 Y116.982
G0 X144.34 Y115.37
G0 X144.567 Y115.37
G1 F3000 X139.158 Y116.82 E1178.27143
G0 F9000 X139.32 Y116.658
G0 X138.91 Y114.71
G0 X138.68 Y114.71
G1 F3000 X141.289 Y117.32 E1178.39417
G1 F2700 E1173.39417
G0 F9000 X141.289 Y117.09
G0 X138.838 Y90.162
G0 X132.082 Y90.09
G0 X132.082 Y90.321
G1 F2700 E1178.39417
G1 F3000 X132.522 Y88.68 E1178.45068
G0 F9000 X132.522 Y88.91
G0 X131.26 Y90.09
G0 X131.26 Y90.32
G1 F3000 X129.62 Y88.68 E1178.52782
G0 F9000 X129.62 Y88.91
G0 X128.268 Y88.91
G0 X128.268 Y88.68
G1 F3000 X122.146 Y90.32 E1178.73861
G0 F9000 X122.775 Y90.32
G1 F3000 X121.135 Y88.68 E1178.81576
G0 F9000 X121.135 Y88.91
G0 X120.098 Y88.91
G0 X120.098 Y88.679
G1 F3000 X119.659 Y90.321 E1178.87229
G0 F9000 X119.659 Y90.09
G0 X114.29 Y90.09
G0 X114.29 Y90.32
G1 F3000 X112.65 Y88.68 E1178.94943
G0 F9000 X112.65 Y88.91
G0 X113.887 Y88.91
G0 X113.887 Y88.68
G1 F3000 X113.447 Y90.32 E1179.0059
G0 F9000 X113.447 Y90.09
G0 X107.675 Y88.91
G0 X107.675 Y88.68
G1 F3000 X107.235 Y90.32 E1179.06238
G0 F9000 X107.235 Y90.09
G0 X105.804 Y90.09
G0 X105.804 Y90.32
G1 F3000 X104.165 Y88.68 E1179.1395
G0 F9000 X105.084 Y88.68
G1 F3000 X98.964 Y90.32 E1179.35023
G0 F9000 X98.964 Y90.09
G0 X97.319 Y90.09
G0 X97.319 Y90.32
G1 F3000 X95.679 Y88.68 E1179.42737
G0 F9000 X95.252 Y88.68
G1 F3000 X93.28 Y96.037 E1179.6807
G0 F9000 X93.386 Y95.837
G0 X94.196 Y96.516
G0 X94.853 Y97.61
G0 X94.639 Y97.69
G1 F3000 X96.32 Y97.24 E1179.73858
G0 F9000 X96.32 Y97.806
G1 F3000 X90.428 Y91.915 E1180.0157
G0 F9000 X90.429 Y92.607
G1 F3000 X96.32 Y91.028 E1180.21855
G0 F9000 X96.09 Y91.028
G0 X96.162 Y90.162
G0 X101.024 Y90.09
G0 X101.024 Y90.32
G1 F3000 X101.463 Y88.679 E1180.27505
G0 F9000 X101.463 Y88.91
G0 X96.162 Y90.162
G0 X94.832 Y99.094
G0 X94.59 Y99.735
G0 X94.197 Y100.303
G0 X93.682 Y100.759
G0 X93.133 Y101.049
G0 X91.931 Y101.305
G0 X91.931 Y101.071
G1 F3000 X90.43 Y106.674 E1180.46798
G0 F9000 X90.66 Y106.674
G0 X90.66 Y105.03
G0 X90.43 Y105.03
G1 F3000 X96.319 Y103.452 E1180.67076
G0 F9000 X96.09 Y103.452
G0 X96.09 Y106.292
G0 X96.32 Y106.292
G1 F3000 X90.777 Y100.749 E1180.93148
G0 F9000 X90.671 Y100.95
G0 X90.66 Y108.887
G0 X90.43 Y108.887
G1 F3000 X96.32 Y114.777 E1181.20853
G0 F9000 X96.09 Y114.777
G0 X96.09 Y115.875
G0 X96.32 Y115.875
G1 F3000 X90.43 Y117.453 E1181.41134
G1 X90.43 Y117.372
G1 X96.32 Y123.262 E1181.68839
G0 F9000 X96.09 Y123.262
G0 X96.09 Y122.087
G0 X96.319 Y122.087
G1 F3000 X90.43 Y123.665 E1181.89117
G0 F9000 X90.66 Y123.665
G0 X90.66 Y125.857
G0 X90.43 Y125.857
G1 F3000 X96.32 Y131.747 E1182.16822
G0 F9000 X96.32 Y131.056
G1 F3000 X94.3 Y138.596 E1182.42784
G0 F9000 X94.491 Y138.466
G0 X96.09 Y140.233
G0 X96.32 Y140.233
G1 F3000 X90.43 Y134.343 E1182.70489
G0 F9000 X90.66 Y134.343
G0 X90.66 Y136.088
G0 X90.43 Y136.088
G1 F3000 X96.32 Y134.51 E1182.9077
G0 F9000 X96.09 Y134.51
G0 X96.09 Y128.298
G0 X96.319 Y128.298
G1 F3000 X90.431 Y129.876 E1183.11045
G1 X90.43 Y129.857
G1 X96.32 Y107.875 E1183.86736
G0 F9000 X96.09 Y107.875
G0 X96.09 Y109.664
G0 X96.319 Y109.664
G1 F3000 X90.43 Y111.242 E1184.07014
G1 F2700 E1179.07014
G0 F9000 X90.66 Y111.242
G0 X96.09 Y140.722
G0 X96.319 Y140.722
G1 F2700 E1184.07014
G1 F3000 X94.464 Y141.219 E1184.13401
G0 F9000 X94.678 Y141.301
G0 X94.288 Y141.813
G0 X93.384 Y142.615
G0 X93.278 Y142.412
G1 F3000 X92.23 Y146.321 E1184.26862
G0 F9000 X92.23 Y146.09
G0 X93.921 Y146.09
G0 X93.921 Y146.319
G1 F3000 X90.428 Y142.826 E1184.43292
G0 F9000 X90.428 Y142.3
G1 F3000 X90.561 Y142.265 E1184.43749
G1 F2700 E1179.43749
G0 F9000 X90.611 Y142.495
G0 X91.048 Y142.711
G0 X91.718 Y142.874
G0 X92.402 Y142.874
G0 X93.072 Y142.711
G0 X93.682 Y142.389
G0 X94.197 Y141.933
G0 X94.59 Y141.365
G0 X94.832 Y140.724
G0 X96.168 Y134.237
G0 X96.162 Y90.162
G0 X125.87 Y90.09
G0 X125.87 Y90.32
G1 F2700 E1184.43749
G1 F3000 X126.31 Y88.679 E1184.494
G0 F9000 X126.31 Y89.21
G1 F2700 E1179.494
;MESH:NONMESH
G0 F300 Z7.2
G0 F9000 X96.162 Y90.162
G0 X96.167 Y120.311
G0 X94.635 Y146.091
G0 X94.653 Y146.4
;TIME_ELAPSED:1954.482221
;LAYER:35
;TYPE:WALL-INNER
;MESH:battery holder-BodyChamfer.stl
G1 F2700 E1184.494
G1 F1500 X95.064 Y146.351 E1184.50777
G1 X95.429 Y146.223 E1184.52063
G1 X95.747 Y146.024 E1184.53311
G1 X96.024 Y145.747 E1184.54614
G1 X96.223 Y145.429 E1184.55862
G1 X96.351 Y145.064 E1184.57148
G1 X96.4 Y144.653 E1184.58525
G1 X96.4 Y90.879 E1186.37378
G1 X96.52 Y90.64 E1186.38267
G1 X96.717 Y90.47 E1186.39133
G1 X96.922 Y90.4 E1186.39853
G1 X138 Y90.4 E1187.76479
G1 X138.283 Y90.47 E1187.77449
G1 X138.48 Y90.64 E1187.78314
G1 X138.6 Y90.879 E1187.79204
G1 X138.601 Y115.655 E1188.61609
G1 X138.645 Y116.066 E1188.62984
G1 X138.773 Y116.429 E1188.64264
G1 X138.972 Y116.747 E1188.65512
G1 X139.248 Y117.023 E1188.6681
G1 X139.57 Y117.224 E1188.68072
G1 X139.933 Y117.351 E1188.69352
G1 X140.347 Y117.4 E1188.70738
G1 X142.901 Y117.4 E1188.79233
G1 X143.316 Y117.351 E1188.80623
G1 X143.677 Y117.224 E1188.81896
G1 X143.995 Y117.024 E1188.83145
G1 X144.273 Y116.745 E1188.84455
G1 X144.476 Y116.427 E1188.8571
G1 X144.602 Y116.066 E1188.86981
G1 X144.648 Y115.655 E1188.88357
G1 X144.648 Y100.347 E1189.39272
G1 X144.352 Y100.587 E1189.40539
G1 X143.861 Y100.847 E1189.42387
G1 X143.253 Y100.992 E1189.44466
G1 X142.623 Y100.992 E1189.46561
G1 X142.013 Y100.846 E1189.48647
G1 X141.46 Y100.553 E1189.50729
G1 X140.991 Y100.137 E1189.52814
G1 X140.627 Y99.612 E1189.54939
G1 X140.414 Y99.041 E1189.56966
G1 X140.34 Y98.408 E1189.59086
G1 X140.412 Y97.781 E1189.61185
G1 X140.627 Y97.204 E1189.63233
G1 X140.991 Y96.679 E1189.65357
G1 X141.461 Y96.261 E1189.6745
G1 X142.015 Y95.974 E1189.69525
G1 X142.62 Y95.824 E1189.71598
G1 X143.256 Y95.824 E1189.73713
G1 X143.861 Y95.974 E1189.75786
G1 X144.349 Y96.227 E1189.77615
G1 X144.648 Y96.469 E1189.78894
G1 X144.648 Y90.345 E1189.99263
G1 X144.603 Y89.93 E1190.00651
G1 X144.476 Y89.572 E1190.01914
G1 X144.272 Y89.25 E1190.03182
G1 X143.995 Y88.972 E1190.04487
G1 X143.677 Y88.772 E1190.05737
G1 X143.318 Y88.645 E1190.07003
G1 X142.903 Y88.6 E1190.08392
G1 X92.093 Y88.6 E1191.77387
G1 X91.682 Y88.645 E1191.78762
G1 X91.319 Y88.773 E1191.80042
G1 X91.001 Y88.972 E1191.8129
G1 X90.724 Y89.25 E1191.82595
G1 X90.521 Y89.57 E1191.83855
G1 X90.397 Y89.93 E1191.85122
G1 X90.348 Y90.347 E1191.86518
G1 X90.349 Y96.468 E1192.06877
G1 X90.647 Y96.227 E1192.08151
G1 X91.135 Y95.974 E1192.0998
G1 X91.74 Y95.824 E1192.12053
G1 X92.376 Y95.824 E1192.14168
G1 X92.981 Y95.974 E1192.16241
G1 X93.535 Y96.261 E1192.18317
G1 X94.002 Y96.677 E1192.20397
G1 X94.366 Y97.2 E1192.22516
G1 X94.589 Y97.784 E1192.24595
G1 X94.656 Y98.408 E1192.26683
G1 X94.588 Y99.036 E1192.28784
G1 X94.366 Y99.617 E1192.30852
G1 X94.002 Y100.139 E1192.32969
G1 X93.537 Y100.553 E1192.3504
G1 X92.982 Y100.846 E1192.37127
G1 X92.373 Y100.992 E1192.3921
G1 X91.743 Y100.992 E1192.41305
G1 X91.133 Y100.846 E1192.43391
G1 X90.644 Y100.587 E1192.45232
G1 X90.349 Y100.348 E1192.46495
G1 X90.349 Y138.1 E1193.72058
G1 X90.644 Y137.861 E1193.73321
G1 X91.132 Y137.603 E1193.75157
G1 X91.739 Y137.452 E1193.77238
G1 X92.376 Y137.452 E1193.79356
G1 X92.984 Y137.603 E1193.8144
G1 X93.537 Y137.895 E1193.8352
G1 X94.002 Y138.309 E1193.85591
G1 X94.366 Y138.832 E1193.8771
G1 X94.589 Y139.416 E1193.89789
G1 X94.656 Y140.04 E1193.91876
G1 X94.587 Y140.666 E1193.93971
G1 X94.368 Y141.247 E1193.96036
G1 X94.004 Y141.766 E1193.98145
G1 X93.536 Y142.186 E1194.00236
G1 X92.98 Y142.475 E1194.0232
G1 X92.367 Y142.624 E1194.04419
G1 X91.74 Y142.624 E1194.06504
G1 X91.135 Y142.474 E1194.08577
G1 X90.647 Y142.221 E1194.10405
G1 X90.348 Y141.977 E1194.11689
G1 X90.348 Y144.653 E1194.20589
G1 X90.397 Y145.066 E1194.21973
G1 X90.521 Y145.429 E1194.23249
G1 X90.723 Y145.745 E1194.24496
G1 X91.001 Y146.024 E1194.25806
G1 X91.319 Y146.223 E1194.27054
G1 X91.684 Y146.351 E1194.2834
G1 X92.095 Y146.4 E1194.29717
G1 X94.653 Y146.4 E1194.38225
G0 F9000 X94.676 Y146.8
;TYPE:WALL-OUTER
G1 F1500 X95.154 Y146.743 E1194.39826
G1 X95.604 Y146.586 E1194.41411
G1 X95.998 Y146.338 E1194.42959
G1 X96.338 Y145.998 E1194.44559
G1 X96.586 Y145.604 E1194.46107
G1 X96.743 Y145.154 E1194.47692
G1 X96.8 Y144.676 E1194.49293
G1 X96.8 Y90.959 E1196.27957
G1 X96.84 Y90.88 E1196.28251
G1 X96.965 Y90.803 E1196.2874
G1 X138.077 Y90.8 E1197.65479
G1 X138.2 Y90.959 E1197.66147
G1 X138.201 Y115.677 E1198.4836
G1 X138.253 Y116.155 E1198.49959
G1 X138.41 Y116.604 E1198.51541
G1 X138.658 Y116.998 E1198.53089
G1 X138.998 Y117.338 E1198.54689
G1 X139.396 Y117.586 E1198.56248
G1 X139.842 Y117.743 E1198.57821
G1 X140.324 Y117.8 E1198.59435
G1 X142.924 Y117.8 E1198.68083
G1 X143.406 Y117.743 E1198.69697
G1 X143.852 Y117.586 E1198.7127
G1 X144.246 Y117.338 E1198.72818
G1 X144.587 Y116.997 E1198.74422
G1 X144.838 Y116.603 E1198.75976
G1 X144.995 Y116.155 E1198.77555
G1 X145.048 Y115.677 E1198.79155
G1 X145.048 Y99.431 E1199.33189
G1 F1530.6 X145.062 Y98.948 E1199.34764
G1 X144.9 Y99.404 E1199.36341
G1 F1500 X144.566 Y99.886 E1199.38292
G1 X144.166 Y100.233 E1199.40053
G1 X143.695 Y100.475 E1199.41814
G1 X143.227 Y100.587 E1199.43415
G1 X142.649 Y100.587 E1199.45337
G1 X142.134 Y100.457 E1199.47104
G1 X141.671 Y100.206 E1199.48856
G1 X141.279 Y99.85 E1199.50617
G1 X140.976 Y99.402 E1199.52416
G1 X140.801 Y98.917 E1199.5413
G1 X140.74 Y98.408 E1199.55836
G1 X140.801 Y97.899 E1199.57541
G1 X140.976 Y97.414 E1199.59256
G1 X141.311 Y96.93 E1199.61213
G1 X141.711 Y96.582 E1199.62977
G1 X142.179 Y96.345 E1199.64722
G1 X142.647 Y96.229 E1199.66325
G1 X143.229 Y96.229 E1199.68261
G1 X143.697 Y96.345 E1199.69865
G1 X144.165 Y96.582 E1199.71609
G1 X144.566 Y96.93 E1199.73375
G1 X144.9 Y97.412 E1199.75326
G1 F1530.6 X145.062 Y97.867 E1199.769
G1 X145.048 Y97.385 E1199.78472
G1 F1500 X145.048 Y90.323 E1200.0196
G1 X144.995 Y89.841 E1200.03573
G1 X144.838 Y89.396 E1200.05142
G1 X144.586 Y88.998 E1200.06709
G1 X144.246 Y88.658 E1200.08308
G1 X143.852 Y88.41 E1200.09857
G1 X143.407 Y88.253 E1200.11426
G1 X142.925 Y88.2 E1200.13039
G1 X92.071 Y88.2 E1201.8218
G1 X91.593 Y88.253 E1201.8378
G1 X91.144 Y88.41 E1201.85362
G1 X90.75 Y88.658 E1201.8691
G1 X90.41 Y88.998 E1201.8851
G1 X90.158 Y89.396 E1201.90076
G1 X90.005 Y89.841 E1201.91641
G1 X89.948 Y90.324 E1201.93259
G1 X89.948 Y97.387 E1202.16751
G1 F1554.4 X89.935 Y97.901 E1202.18401
G1 X90.096 Y97.413 E1202.2005
G1 F1500 X90.43 Y96.93 E1202.22003
G1 X90.831 Y96.582 E1202.23769
G1 X91.299 Y96.345 E1202.25514
G1 X91.767 Y96.229 E1202.27118
G1 X92.349 Y96.229 E1202.29054
G1 X92.817 Y96.345 E1202.30657
G1 X93.285 Y96.582 E1202.32402
G1 X93.717 Y96.966 E1202.34324
G1 X94.019 Y97.412 E1202.36116
G1 X94.199 Y97.901 E1202.37849
G1 X94.256 Y98.408 E1202.39546
G1 X94.198 Y98.927 E1202.41283
G1 X93.997 Y99.446 E1202.43134
G1 X93.685 Y99.886 E1202.44928
G1 X93.286 Y100.233 E1202.46687
G1 X92.815 Y100.475 E1202.48448
G1 X92.347 Y100.587 E1202.50049
G1 X91.769 Y100.587 E1202.51971
G1 X91.254 Y100.457 E1202.53738
G1 X90.791 Y100.206 E1202.55489
G1 X90.43 Y99.886 E1202.57094
G1 X90.096 Y99.403 E1202.59047
G1 F1554.4 X89.935 Y98.915 E1202.60696
G1 X89.948 Y99.429 E1202.62347
G1 F1500 X89.948 Y139.019 E1203.94023
G1 F1554.4 X89.935 Y139.533 E1203.95674
G1 X90.096 Y139.045 E1203.97323
G1 F1500 X90.43 Y138.562 E1203.99276
G1 X90.83 Y138.215 E1204.01037
G1 X91.299 Y137.973 E1204.02793
G1 X91.767 Y137.857 E1204.04396
G1 X92.349 Y137.857 E1204.06332
G1 X92.817 Y137.973 E1204.07936
G1 X93.325 Y138.242 E1204.09848
G1 X93.717 Y138.598 E1204.11609
G1 X94.019 Y139.044 E1204.134
G1 X94.199 Y139.533 E1204.15134
G1 X94.256 Y140.04 E1204.1683
G1 X94.198 Y140.555 E1204.18554
G1 X94.02 Y141.035 E1204.20257
G1 X93.686 Y141.513 E1204.22196
G1 X93.285 Y141.866 E1204.23973
G1 X92.817 Y142.103 E1204.25718
G1 X92.349 Y142.219 E1204.27322
G1 X91.767 Y142.219 E1204.29257
G1 X91.299 Y142.103 E1204.30861
G1 X90.831 Y141.866 E1204.32606
G1 X90.4 Y141.479 E1204.34533
G1 X90.096 Y141.034 E1204.36325
G1 F1554.4 X89.935 Y140.543 E1204.37983
G1 X89.949 Y141.06 E1204.39643
G1 F1500 X89.948 Y144.676 E1204.5167
G1 X90.005 Y145.155 E1204.53275
G1 X90.158 Y145.604 E1204.54852
G1 X90.409 Y145.997 E1204.56403
G1 X90.75 Y146.338 E1204.58007
G1 X91.144 Y146.586 E1204.59556
G1 X91.594 Y146.743 E1204.61141
G1 X92.072 Y146.8 E1204.62742
G1 X94.676 Y146.8 E1204.71403
G1 F2700 E1199.71403
G0 F9000 X94.635 Y146.091
G0 X90.224 Y141.665
G0 X89.935 Y140.543
G1 F2700 E1204.71403
G1 F1754.4 X89.904 Y140.04 E1204.72836
G1 X89.935 Y139.533 E1204.74281
G1 F2700 E1199.74281
G0 F9000 X89.085 Y139.533
G0 X89.085 Y98.915
G0 X89.935 Y98.915
G1 F2700 E1204.74281
G1 F1754.4 X89.904 Y98.408 E1204.75725
G1 X89.935 Y97.901 E1204.7717
G1 F2700 E1199.7717
G0 F9000 X145.063 Y97.901
G1 F2700 E1204.7717
G1 F1769.9 X145.094 Y98.408 E1204.78601
G1 X145.063 Y98.924 E1204.80058
G1 F2700 E1199.80058
G0 F9000 X144.835 Y99.893
G0 X144.21 Y101.013
G0 X144.197 Y100.985
;TYPE:FILL
G1 F2700 E1204.80058
G1 F750 X138.881 Y106.301 E1204.95061
G0 F9000 X138.881 Y105.736
G1 F750 X143.364 Y101.252 E1205.07715
G0 F9000 X142.779 Y101.272
G1 F750 X138.881 Y105.17 E1205.18716
G0 F9000 X138.881 Y104.604
G1 F750 X142.286 Y101.199 E1205.28325
G0 F9000 X141.846 Y101.074
G1 F750 X138.881 Y104.039 E1205.36693
G0 F9000 X138.881 Y103.473
G1 F750 X141.476 Y100.878 E1205.44017
G0 F9000 X141.143 Y100.645
G1 F750 X138.881 Y102.907 E1205.50401
G0 F9000 X138.881 Y102.342
G1 F750 X140.843 Y100.379 E1205.55939
G0 F9000 X140.597 Y100.06
G1 F750 X138.881 Y101.776 E1205.60782
G0 F9000 X138.881 Y101.21
G1 F750 X140.37 Y99.721 E1205.64985
G0 F9000 X140.216 Y99.31
G1 F750 X138.881 Y100.645 E1205.68752
G0 F9000 X138.881 Y100.079
G1 F750 X140.11 Y98.849 E1205.72222
G0 F9000 X140.069 Y98.325
G1 F750 X138.881 Y99.513 E1205.75575
G0 F9000 X138.881 Y98.948
G1 F750 X140.153 Y97.675 E1205.79166
G0 F9000 X140.126 Y97.665
G0 X138.91 Y97.816
G0 X138.881 Y97.816
G1 F750 X144.368 Y92.329 E1205.94652
G0 F9000 X144.368 Y92.895
G1 F750 X138.881 Y98.382 E1206.10137
G0 F9000 X138.91 Y98.382
G0 X138.91 Y97.251
G0 X138.881 Y97.251
G1 F750 X144.368 Y91.763 E1206.25624
G0 F9000 X144.368 Y91.198
G1 F750 X138.881 Y96.685 E1206.4111
G0 F9000 X138.881 Y96.119
G1 F750 X144.368 Y90.632 E1206.56595
G0 F9000 X144.338 Y90.096
G1 F750 X138.881 Y95.553 E1206.71996
G0 F9000 X138.881 Y94.988
G1 F750 X144.203 Y89.665 E1206.87017
G0 F9000 X143.964 Y89.339
G1 F750 X138.881 Y94.422 E1207.01363
G0 F9000 X138.881 Y93.856
G1 F750 X143.65 Y89.087 E1207.14822
G0 F9000 X143.252 Y88.919
G1 F750 X138.881 Y93.291 E1207.27159
G0 F9000 X138.881 Y92.725
G1 F750 X142.726 Y88.88 E1207.3801
G0 F9000 X142.16 Y88.88
G1 F750 X138.881 Y92.159 E1207.47264
G0 F9000 X138.881 Y91.594
G1 F750 X141.595 Y88.88 E1207.54924
G0 F9000 X141.029 Y88.88
G1 F750 X138.881 Y91.028 E1207.60986
G0 F9000 X138.761 Y90.582
G1 F750 X140.463 Y88.88 E1207.65789
G0 F9000 X139.898 Y88.88
G1 F750 X138.491 Y90.286 E1207.69759
G0 F9000 X138.075 Y90.136
G1 F750 X139.332 Y88.88 E1207.73305
G0 F9000 X138.766 Y88.88
G1 F750 X137.526 Y90.12 E1207.76805
G0 F9000 X136.96 Y90.12
G1 F750 X138.2 Y88.88 E1207.80304
G0 F9000 X137.635 Y88.88
G1 F750 X136.395 Y90.12 E1207.83804
G0 F9000 X135.829 Y90.12
G1 F750 X137.069 Y88.88 E1207.87303
G0 F9000 X136.503 Y88.88
G1 F750 X135.263 Y90.12 E1207.90803
G0 F9000 X134.697 Y90.12
G1 F750 X135.938 Y88.88 E1207.94304
G0 F9000 X135.372 Y88.88
G1 F750 X134.132 Y90.12 E1207.97803
G0 F9000 X133.566 Y90.12
G1 F750 X134.806 Y88.88 E1208.01303
G0 F9000 X134.241 Y88.88
G1 F750 X133 Y90.12 E1208.04804
G0 F9000 X132.435 Y90.12
G1 F750 X133.675 Y88.88 E1208.08303
G0 F9000 X133.109 Y88.88
G1 F750 X131.869 Y90.12 E1208.11803
G0 F9000 X131.303 Y90.12
G1 F750 X132.544 Y88.88 E1208.15304
G0 F9000 X131.978 Y88.88
G1 F750 X130.738 Y90.12 E1208.18803
G0 F9000 X130.172 Y90.12
G1 F750 X131.412 Y88.88 E1208.22303
G0 F9000 X130.847 Y88.88
G1 F750 X129.606 Y90.12 E1208.25804
G0 F9000 X129.041 Y90.12
G1 F750 X130.281 Y88.88 E1208.29303
G0 F9000 X129.715 Y88.88
G1 F750 X128.475 Y90.12 E1208.32803
G0 F9000 X127.909 Y90.12
G1 F750 X129.15 Y88.88 E1208.36304
G0 F9000 X128.584 Y88.88
G1 F750 X127.344 Y90.12 E1208.39803
G0 F9000 X126.778 Y90.12
G1 F750 X128.018 Y88.88 E1208.43303
G0 F9000 X127.452 Y88.88
G1 F750 X126.212 Y90.12 E1208.46803
G0 F9000 X125.647 Y90.12
G1 F750 X126.887 Y88.88 E1208.50302
G0 F9000 X126.321 Y88.88
G1 F750 X125.081 Y90.12 E1208.53802
G0 F9000 X124.515 Y90.12
G1 F750 X125.755 Y88.88 E1208.57301
G0 F9000 X125.19 Y88.88
G1 F750 X123.949 Y90.12 E1208.60802
G0 F9000 X123.384 Y90.12
G1 F750 X124.624 Y88.88 E1208.64302
G0 F9000 X124.058 Y88.88
G1 F750 X122.818 Y90.12 E1208.67801
G0 F9000 X122.252 Y90.12
G1 F750 X123.493 Y88.88 E1208.71302
G0 F9000 X122.927 Y88.88
G1 F750 X121.687 Y90.12 E1208.74802
G0 F9000 X121.121 Y90.12
G1 F750 X122.361 Y88.88 E1208.78301
G0 F9000 X121.796 Y88.88
G1 F750 X120.555 Y90.12 E1208.81802
G0 F9000 X119.99 Y90.12
G1 F750 X121.23 Y88.88 E1208.85302
G0 F9000 X120.664 Y88.88
G1 F750 X119.424 Y90.12 E1208.88801
G0 F9000 X118.858 Y90.12
G1 F750 X120.099 Y88.88 E1208.92302
G0 F9000 X119.533 Y88.88
G1 F750 X118.293 Y90.12 E1208.95802
G0 F9000 X117.727 Y90.12
G1 F750 X118.967 Y88.88 E1208.99301
G0 F9000 X118.401 Y88.88
G1 F750 X117.161 Y90.12 E1209.02801
G0 F9000 X116.596 Y90.12
G1 F750 X117.836 Y88.88 E1209.06301
G0 F9000 X117.27 Y88.88
G1 F750 X116.03 Y90.12 E1209.098
G0 F9000 X115.464 Y90.12
G1 F750 X116.704 Y88.88 E1209.133
G0 F9000 X116.139 Y88.88
G1 F750 X114.898 Y90.12 E1209.16801
G0 F9000 X114.333 Y90.12
G1 F750 X115.573 Y88.88 E1209.203
G0 F9000 X115.007 Y88.88
G1 F750 X113.767 Y90.12 E1209.238
G0 F9000 X113.201 Y90.12
G1 F750 X114.442 Y88.88 E1209.27301
G0 F9000 X113.876 Y88.88
G1 F750 X112.636 Y90.12 E1209.308
G0 F9000 X112.07 Y90.12
G1 F750 X113.31 Y88.88 E1209.343
G0 F9000 X112.745 Y88.88
G1 F750 X111.504 Y90.12 E1209.37801
G0 F9000 X110.939 Y90.12
G1 F750 X112.179 Y88.88 E1209.413
G0 F9000 X111.613 Y88.88
G1 F750 X110.373 Y90.12 E1209.448
G0 F9000 X109.807 Y90.12
G1 F750 X111.048 Y88.88 E1209.48301
G0 F9000 X110.482 Y88.88
G1 F750 X109.242 Y90.12 E1209.518
G0 F9000 X108.676 Y90.12
G1 F750 X109.916 Y88.88 E1209.553
G0 F9000 X109.351 Y88.88
G1 F750 X108.11 Y90.12 E1209.58801
G0 F9000 X107.545 Y90.12
G1 F750 X108.785 Y88.88 E1209.623
G0 F9000 X108.219 Y88.88
G1 F750 X106.979 Y90.12 E1209.658
G0 F9000 X106.413 Y90.12
G1 F750 X107.653 Y88.88 E1209.69299
G0 F9000 X107.088 Y88.88
G1 F750 X105.848 Y90.12 E1209.72799
G0 F9000 X105.282 Y90.12
G1 F750 X106.522 Y88.88 E1209.76299
G0 F9000 X105.956 Y88.88
G1 F750 X104.716 Y90.12 E1209.79798
G0 F9000 X104.15 Y90.12
G1 F750 X105.391 Y88.88 E1209.83299
G0 F9000 X104.825 Y88.88
G1 F750 X103.585 Y90.12 E1209.86799
G0 F9000 X103.019 Y90.12
G1 F750 X104.259 Y88.88 E1209.90298
G0 F9000 X103.694 Y88.88
G1 F750 X102.453 Y90.12 E1209.93799
G0 F9000 X101.888 Y90.12
G1 F750 X103.128 Y88.88 E1209.97299
G0 F9000 X102.562 Y88.88
G1 F750 X101.322 Y90.12 E1210.00798
G0 F9000 X100.756 Y90.12
G1 F750 X101.997 Y88.88 E1210.04299
G0 F9000 X101.431 Y88.88
G1 F750 X100.191 Y90.12 E1210.07799
G0 F9000 X99.625 Y90.12
G1 F750 X100.865 Y88.88 E1210.11298
G0 F9000 X100.3 Y88.88
G1 F750 X99.059 Y90.12 E1210.14799
G0 F9000 X98.494 Y90.12
G1 F750 X99.734 Y88.88 E1210.18299
G0 F9000 X99.168 Y88.88
G1 F750 X97.928 Y90.12 E1210.21798
G0 F9000 X97.362 Y90.12
G1 F750 X98.603 Y88.88 E1210.25299
G0 F9000 X98.037 Y88.88
G1 F750 X96.752 Y90.165 E1210.28926
G0 F9000 X96.153 Y90.764
G1 F750 X91.261 Y95.655 E1210.42731
G0 F9000 X90.628 Y95.723
G1 F750 X97.471 Y88.88 E1210.62043
G0 F9000 X96.905 Y88.88
G1 F750 X90.628 Y95.157 E1210.79758
G0 F9000 X90.628 Y94.592
G1 F750 X96.34 Y88.88 E1210.95879
G0 F9000 X95.774 Y88.88
G1 F750 X90.628 Y94.026 E1211.10402
G0 F9000 X90.628 Y93.46
G1 F750 X95.208 Y88.88 E1211.23328
G0 F9000 X94.643 Y88.88
G1 F750 X90.628 Y92.895 E1211.34659
G0 F9000 X90.628 Y92.329
G1 F750 X94.077 Y88.88 E1211.44393
G0 F9000 X93.511 Y88.88
G1 F750 X90.628 Y91.763 E1211.52529
G0 F9000 X90.628 Y91.198
G1 F750 X92.946 Y88.88 E1211.59071
G0 F9000 X92.38 Y88.88
G1 F750 X90.628 Y90.632 E1211.64015
G0 F9000 X90.669 Y90.025
G1 F750 X91.777 Y88.917 E1211.67142
G0 F9000 X91.78 Y88.948
G0 X96.09 Y91.362
G0 X96.12 Y91.362
G1 F750 X91.938 Y95.544 E1211.78945
G0 F9000 X92.485 Y95.563
G1 F750 X96.12 Y91.928 E1211.89204
G0 F9000 X96.12 Y92.494
G1 F750 X92.938 Y95.676 E1211.98184
G0 F9000 X93.336 Y95.843
G1 F750 X96.12 Y93.059 E1212.06041
G0 F9000 X96.12 Y93.625
G1 F750 X93.705 Y96.04 E1212.12857
G0 F9000 X94.005 Y96.306
G1 F750 X96.12 Y94.191 E1212.18826
G0 F9000 X96.12 Y94.757
G1 F750 X94.285 Y96.591 E1212.24003
G0 F9000 X94.517 Y96.925
G1 F750 X96.12 Y95.322 E1212.28527
G0 F9000 X96.12 Y95.888
G1 F750 X94.706 Y97.302 E1212.32518
G0 F9000 X94.862 Y97.712
G1 F750 X96.12 Y96.454 E1212.36068
G0 F9000 X96.12 Y97.019
G1 F750 X94.917 Y98.222 E1212.39463
G0 F9000 X94.893 Y98.812
G1 F750 X96.12 Y97.585 E1212.42926
G0 F9000 X96.12 Y98.151
G1 F750 X94.675 Y99.596 E1212.47004
G0 F9000 X94.703 Y99.607
G0 X96.09 Y99.848
G0 X96.12 Y99.848
G1 F750 X90.63 Y105.338 E1212.62498
G0 F9000 X90.63 Y105.903
G1 F750 X96.12 Y100.413 E1212.77992
G0 F9000 X96.12 Y100.979
G1 F750 X90.63 Y106.469 E1212.93486
G0 F9000 X90.63 Y107.035
G1 F750 X96.12 Y101.545 E1213.0898
G0 F9000 X96.12 Y102.11
G1 F750 X90.63 Y107.6 E1213.24474
G0 F9000 X90.63 Y108.166
G1 F750 X96.12 Y102.676 E1213.39968
G0 F9000 X96.12 Y103.242
G1 F750 X90.63 Y108.732 E1213.55462
G0 F9000 X90.63 Y109.297
G1 F750 X96.12 Y103.808 E1213.70954
G0 F9000 X96.12 Y104.373
G1 F750 X90.63 Y109.863 E1213.86448
G0 F9000 X90.63 Y110.429
G1 F750 X96.12 Y104.939 E1214.01942
G0 F9000 X96.12 Y105.505
G1 F750 X90.63 Y110.995 E1214.17436
G0 F9000 X90.63 Y111.56
G1 F750 X96.12 Y106.07 E1214.3293
G0 F9000 X96.12 Y106.636
G1 F750 X90.63 Y112.126 E1214.48424
G0 F9000 X90.63 Y112.692
G1 F750 X96.12 Y107.202 E1214.63918
G0 F9000 X96.12 Y107.767
G1 F750 X90.63 Y113.257 E1214.79412
G0 F9000 X90.63 Y113.823
G1 F750 X96.12 Y108.333 E1214.94906
G0 F9000 X96.12 Y108.899
G1 F750 X90.63 Y114.389 E1215.104
G0 F9000 X90.63 Y114.954
G1 F750 X96.12 Y109.464 E1215.25894
G0 F9000 X96.12 Y110.03
G1 F750 X90.63 Y115.52 E1215.41388
G0 F9000 X90.63 Y116.086
G1 F750 X96.12 Y110.596 E1215.56882
G0 F9000 X96.12 Y111.161
G1 F750 X90.63 Y116.651 E1215.72376
G0 F9000 X90.63 Y117.217
G1 F750 X96.12 Y111.727 E1215.8787
G0 F9000 X96.12 Y112.293
G1 F750 X90.63 Y117.783 E1216.03364
G0 F9000 X90.63 Y118.348
G1 F750 X96.12 Y112.858 E1216.18858
G0 F9000 X96.12 Y113.424
G1 F750 X90.63 Y118.914 E1216.34352
G0 F9000 X90.63 Y119.48
G1 F750 X96.12 Y113.99 E1216.49846
G0 F9000 X96.12 Y114.556
G1 F750 X90.63 Y120.046 E1216.6534
G0 F9000 X90.63 Y120.611
G1 F750 X96.12 Y115.121 E1216.80834
G0 F9000 X96.12 Y115.687
G1 F750 X90.63 Y121.177 E1216.96328
G0 F9000 X90.63 Y121.743
G1 F750 X96.12 Y116.253 E1217.11822
G0 F9000 X96.12 Y116.818
G1 F750 X90.63 Y122.308 E1217.27316
G0 F9000 X90.63 Y122.874
G1 F750 X96.12 Y117.384 E1217.4281
G0 F9000 X96.12 Y117.95
G1 F750 X90.63 Y123.44 E1217.58304
G0 F9000 X90.63 Y124.005
G1 F750 X96.12 Y118.515 E1217.73798
G0 F9000 X96.12 Y119.081
G1 F750 X90.63 Y124.571 E1217.89292
G0 F9000 X90.63 Y125.137
G1 F750 X96.12 Y119.647 E1218.04785
G0 F9000 X96.12 Y120.212
G1 F750 X90.63 Y125.702 E1218.20279
G0 F9000 X90.63 Y126.268
G1 F750 X96.12 Y120.778 E1218.35773
G0 F9000 X96.12 Y121.344
G1 F750 X90.63 Y126.834 E1218.51267
G0 F9000 X90.63 Y127.399
G1 F750 X96.12 Y121.909 E1218.66761
G0 F9000 X96.12 Y122.475
G1 F750 X90.63 Y127.965 E1218.82255
G0 F9000 X90.63 Y128.531
G1 F750 X96.12 Y123.041 E1218.97749
G0 F9000 X96.12 Y123.607
G1 F750 X90.63 Y129.096 E1219.13242
G0 F9000 X90.63 Y129.662
G1 F750 X96.12 Y124.172 E1219.28736
G0 F9000 X96.12 Y124.738
G1 F750 X90.63 Y130.228 E1219.4423
G0 F9000 X90.63 Y130.794
G1 F750 X96.12 Y125.304 E1219.59724
G0 F9000 X96.12 Y125.869
G1 F750 X90.63 Y131.359 E1219.75218
G0 F9000 X90.63 Y131.925
G1 F750 X96.12 Y126.435 E1219.90712
G0 F9000 X96.12 Y127.001
G1 F750 X90.63 Y132.491 E1220.06206
G0 F9000 X90.63 Y133.056
G1 F750 X96.12 Y127.566 E1220.217
G0 F9000 X96.12 Y128.132
G1 F750 X90.63 Y133.622 E1220.37194
G0 F9000 X90.63 Y134.188
G1 F750 X96.12 Y128.698 E1220.52688
G0 F9000 X96.12 Y129.263
G1 F750 X90.63 Y134.753 E1220.68181
G0 F9000 X90.63 Y135.319
G1 F750 X96.12 Y129.829 E1220.83675
G0 F9000 X96.12 Y130.395
G1 F750 X90.63 Y135.885 E1220.99169
G0 F9000 X90.63 Y136.45
G1 F750 X96.12 Y130.96 E1221.14663
G0 F9000 X96.12 Y131.526
G1 F750 X90.63 Y137.016 E1221.30157
G0 F9000 X90.696 Y137.515
G1 F750 X96.12 Y132.092 E1221.45464
G0 F9000 X96.12 Y132.657
G1 F750 X91.572 Y137.206 E1221.58301
G0 F9000 X92.171 Y137.172
G1 F750 X96.12 Y133.223 E1221.69445
G0 F9000 X96.12 Y133.789
G1 F750 X92.671 Y137.237 E1221.79178
G0 F9000 X93.117 Y137.358
G1 F750 X96.12 Y134.355 E1221.87653
G0 F9000 X96.12 Y134.92
G1 F750 X93.487 Y137.553 E1221.95084
G0 F9000 X93.827 Y137.779
G1 F750 X96.12 Y135.486 E1222.01555
G0 F9000 X96.12 Y136.052
G1 F750 X94.126 Y138.046 E1222.07183
G0 F9000 X94.379 Y138.358
G1 F750 X96.12 Y136.617 E1222.12096
G0 F9000 X96.12 Y137.183
G1 F750 X94.61 Y138.693 E1222.16358
G0 F9000 X94.769 Y139.1
G1 F750 X96.12 Y137.749 E1222.20171
G0 F9000 X96.12 Y138.314
G1 F750 X94.885 Y139.55 E1222.23657
G0 F9000 X94.933 Y140.067
G1 F750 X96.12 Y138.88 E1222.27007
G0 F9000 X96.12 Y139.446
G1 F750 X94.865 Y140.701 E1222.30549
G0 F9000 X94.895 Y140.705
G0 X96.09 Y140.577
G0 X96.12 Y140.577
G1 F750 X91.036 Y145.661 E1222.44897
G0 F9000 X91.35 Y145.912
G1 F750 X96.12 Y141.143 E1222.58358
G0 F9000 X96.12 Y141.708
G1 F750 X91.751 Y146.078 E1222.7069
G0 F9000 X92.274 Y146.12
G1 F750 X96.12 Y142.274 E1222.81544
G0 F9000 X96.12 Y142.84
G1 F750 X92.84 Y146.12 E1222.90801
G0 F9000 X93.405 Y146.12
G1 F750 X96.12 Y143.405 E1222.98463
G0 F9000 X96.12 Y143.971
G1 F750 X93.971 Y146.12 E1223.04528
G0 F9000 X94.537 Y146.12
G1 F750 X96.12 Y144.537 E1223.08996
G0 F9000 X95.997 Y145.226
G1 F750 X95.225 Y145.998 E1223.11174
G0 F9000 X95.218 Y145.973
G0 X93.884 Y142.291
G0 X93.864 Y142.267
G1 F750 X90.794 Y145.337 E1223.19839
G0 F9000 X90.66 Y144.905
G1 F750 X92.746 Y142.819 E1223.25726
G0 F9000 X92.096 Y142.903
G1 F750 X90.628 Y144.372 E1223.2987
G0 F9000 X90.628 Y143.806
G1 F750 X91.566 Y142.868 E1223.32517
G0 F9000 X91.112 Y142.756
G1 F750 X90.628 Y143.241 E1223.33885
G0 F9000 X90.628 Y142.675
G1 F750 X90.726 Y142.577 E1223.34161
G0 F9000 X90.712 Y142.602
G0 X91.718 Y142.874
G0 X92.402 Y142.874
G0 X93.072 Y142.711
G0 X93.566 Y142.45
G0 X94.326 Y141.853
G0 X94.298 Y141.833
G1 F750 X96.12 Y140.011 E1223.39303
G1 F2700 E1218.39303
G0 F9000 X96.09 Y140.011
G0 X90.66 Y104.772
G0 X90.63 Y104.772
G1 F2700 E1223.39303
G1 F750 X96.12 Y99.282 E1223.54797
G0 F9000 X96.12 Y98.716
G1 F750 X90.63 Y104.206 E1223.70291
G0 F9000 X90.63 Y103.641
G1 F750 X93.248 Y101.022 E1223.77681
G0 F9000 X92.441 Y101.263
G1 F750 X90.63 Y103.075 E1223.82794
G0 F9000 X90.63 Y102.509
G1 F750 X91.867 Y101.272 E1223.86285
G0 F9000 X91.381 Y101.193
G1 F750 X90.63 Y101.944 E1223.88404
G0 F9000 X90.63 Y101.378
G1 F750 X90.945 Y101.063 E1223.89293
G1 F2700 E1218.89293
G0 F9000 X90.932 Y101.087
G0 X91.718 Y101.244
G0 X96.15 Y101.715
G0 X96.162 Y90.162
G0 X138.838 Y90.162
G0 X138.91 Y106.867
G0 X138.881 Y106.867
G1 F2700 E1223.89293
G1 F750 X144.366 Y101.382 E1224.04773
G0 F9000 X144.366 Y101.948
G1 F750 X138.881 Y107.433 E1224.20253
G0 F9000 X138.881 Y107.999
G1 F750 X144.366 Y102.514 E1224.35733
G0 F9000 X144.366 Y103.079
G1 F750 X138.881 Y108.564 E1224.51213
G0 F9000 X138.881 Y109.13
G1 F750 X144.366 Y103.645 E1224.66693
G0 F9000 X144.366 Y104.211
G1 F750 X138.881 Y109.696 E1224.82172
G0 F9000 X138.881 Y110.261
G1 F750 X144.366 Y104.776 E1224.97652
G0 F9000 X144.366 Y105.342
G1 F750 X138.881 Y110.827 E1225.13132
G0 F9000 X138.881 Y111.393
G1 F750 X144.366 Y105.907 E1225.28613
G0 F9000 X144.366 Y106.473
G1 F750 X138.881 Y111.958 E1225.44093
G0 F9000 X138.881 Y112.524
G1 F750 X144.366 Y107.038 E1225.59574
G0 F9000 X144.366 Y107.604
G1 F750 X138.881 Y113.09 E1225.75056
G0 F9000 X138.881 Y113.655
G1 F750 X144.366 Y108.17 E1225.90536
G0 F9000 X144.366 Y108.735
G1 F750 X138.881 Y114.221 E1226.06017
G0 F9000 X138.881 Y114.787
G1 F750 X144.366 Y109.301 E1226.21498
G0 F9000 X144.366 Y109.867
G1 F750 X138.881 Y115.352 E1226.36978
G0 F9000 X138.909 Y115.89
G1 F750 X144.366 Y110.432 E1226.5238
G0 F9000 X144.367 Y110.997
G1 F750 X139.039 Y116.325 E1226.67417
G0 F9000 X139.276 Y116.654
G1 F750 X144.367 Y111.563 E1226.81785
G0 F9000 X144.367 Y112.129
G1 F750 X139.59 Y116.906 E1226.95267
G0 F9000 X139.987 Y117.074
G1 F750 X144.367 Y112.694 E1227.07628
G0 F9000 X144.367 Y113.26
G1 F750 X140.507 Y117.12 E1227.18522
G0 F9000 X141.073 Y117.12
G1 F750 X144.367 Y113.826 E1227.27818
G0 F9000 X144.367 Y114.391
G1 F750 X141.638 Y117.12 E1227.3552
G0 F9000 X142.204 Y117.12
G1 F750 X144.367 Y114.957 E1227.41624
G0 F9000 X144.367 Y115.523
G1 F750 X142.77 Y117.12 E1227.46131
G0 F9000 X143.447 Y117.009
G1 F750 X144.26 Y116.196 E1227.48426
G0 F9000 X144.234 Y116.187
G0 X140.168 Y99.094
G0 X140.084 Y98.411
G0 X140.168 Y97.725
G0 X140.411 Y97.085
G0 X140.803 Y96.517
G0 X141.318 Y96.061
G0 X141.928 Y95.739
G0 X142.598 Y95.576
G0 X143.152 Y95.576
G0 X144.251 Y95.829
G0 X144.237 Y95.854
G1 F750 X144.368 Y95.723 E1227.48796
G0 F9000 X143.844 Y95.681
G1 F750 X144.368 Y95.157 E1227.50274
G0 F9000 X144.368 Y94.592
G1 F750 X143.391 Y95.569 E1227.53032
G0 F9000 X142.85 Y95.544
G1 F750 X144.368 Y94.026 E1227.57316
G0 F9000 X144.368 Y93.46
G1 F750 X142.184 Y95.644 E1227.6348
G0 F9000 X142.108 Y95.324
G1 F2700 E1222.6348
;MESH:NONMESH
G0 F300 Z7.4
G0 F9000 X138.838 Y90.162
G0 X96.162 Y90.162
G0 X96.163 Y120.947
G0 X94.635 Y146.091
G0 X94.653 Y146.4
;TIME_ELAPSED:2095.405364
;LAYER:36
;TYPE:WALL-INNER
;MESH:battery holder-BodyChamfer.stl
G1 F2700 E1227.6348
G1 F1500 X95.064 Y146.351 E1227.64856
G1 X95.429 Y146.223 E1227.66143
G1 X95.747 Y146.024 E1227.6739
G1 X96.024 Y145.747 E1227.68693
G1 X96.223 Y145.429 E1227.69941
G1 X96.351 Y145.064 E1227.71228
G1 X96.4 Y144.653 E1227.72604
G1 X96.4 Y90.879 E1229.51457
G1 X96.52 Y90.64 E1229.52347
G1 X96.717 Y90.47 E1229.53212
G1 X96.922 Y90.4 E1229.53933
G1 X138 Y90.4 E1230.90559
G1 X138.283 Y90.47 E1230.91528
G1 X138.48 Y90.64 E1230.92394
G1 X138.6 Y90.879 E1230.93283
G1 X138.601 Y115.655 E1231.75689
G1 X138.645 Y116.066 E1231.77063
G1 X138.773 Y116.429 E1231.78344
G1 X138.972 Y116.747 E1231.79591
G1 X139.248 Y117.023 E1231.80889
G1 X139.57 Y117.224 E1231.82152
G1 X139.933 Y117.351 E1231.83431
G1 X140.347 Y117.4 E1231.84818
G1 X142.901 Y117.4 E1231.93312
G1 X143.316 Y117.351 E1231.94702
G1 X143.677 Y117.224 E1231.95975
G1 X143.995 Y117.024 E1231.97224
G1 X144.273 Y116.745 E1231.98534
G1 X144.476 Y116.427 E1231.99789
G1 X144.602 Y116.066 E1232.01061
G1 X144.648 Y115.655 E1232.02437
G1 X144.648 Y100.347 E1232.53351
G1 X144.352 Y100.587 E1232.54619
G1 X143.861 Y100.847 E1232.56466
G1 X143.253 Y100.992 E1232.58545
G1 X142.623 Y100.992 E1232.60641
G1 X142.013 Y100.846 E1232.62727
G1 X141.46 Y100.553 E1232.64808
G1 X140.991 Y100.137 E1232.66894
G1 X140.627 Y99.612 E1232.69018
G1 X140.414 Y99.041 E1232.71045
G1 X140.34 Y98.408 E1232.73165
G1 X140.412 Y97.781 E1232.75264
G1 X140.627 Y97.204 E1232.77312
G1 X140.991 Y96.679 E1232.79437
G1 X141.461 Y96.261 E1232.81529
G1 X142.015 Y95.974 E1232.83604
G1 X142.62 Y95.824 E1232.85677
G1 X143.256 Y95.824 E1232.87793
G1 X143.861 Y95.974 E1232.89866
G1 X144.349 Y96.227 E1232.91694
G1 X144.648 Y96.469 E1232.92974
G1 X144.648 Y90.345 E1233.13342
G1 X144.603 Y89.93 E1233.1473
G1 X144.476 Y89.572 E1233.15994
G1 X144.272 Y89.25 E1233.17262
G1 X143.995 Y88.972 E1233.18567
G1 X143.677 Y88.772 E1233.19816
G1 X143.318 Y88.645 E1233.21083
G1 X142.903 Y88.6 E1233.22471
G1 X92.093 Y88.6 E1234.91466
G1 X91.682 Y88.645 E1234.92841
G1 X91.319 Y88.773 E1234.94121
G1 X91.001 Y88.972 E1234.95369
G1 X90.724 Y89.25 E1234.96674
G1 X90.521 Y89.57 E1234.97935
G1 X90.397 Y89.93 E1234.99201
G1 X90.348 Y90.347 E1235.00598
G1 X90.349 Y96.468 E1235.20956
G1 X90.647 Y96.227 E1235.22231
G1 X91.135 Y95.974 E1235.24059
G1 X91.74 Y95.824 E1235.26132
G1 X92.376 Y95.824 E1235.28248
G1 X92.981 Y95.974 E1235.30321
G1 X93.535 Y96.261 E1235.32396
G1 X94.002 Y96.677 E1235.34476
G1 X94.366 Y97.2 E1235.36596
G1 X94.589 Y97.784 E1235.38675
G1 X94.656 Y98.408 E1235.40762
G1 X94.588 Y99.036 E1235.42863
G1 X94.366 Y99.617 E1235.44932
G1 X94.002 Y100.139 E1235.47048
G1 X93.537 Y100.553 E1235.49119
G1 X92.982 Y100.846 E1235.51207
G1 X92.373 Y100.992 E1235.53289
G1 X91.743 Y100.992 E1235.55385
G1 X91.133 Y100.846 E1235.57471
G1 X90.644 Y100.587 E1235.59311
G1 X90.349 Y100.348 E1235.60574
G1 X90.349 Y138.1 E1236.86138
G1 X90.644 Y137.861 E1236.87401
G1 X91.132 Y137.603 E1236.89237
G1 X91.739 Y137.452 E1236.91317
G1 X92.376 Y137.452 E1236.93436
G1 X92.984 Y137.603 E1236.95519
G1 X93.537 Y137.895 E1236.97599
G1 X94.002 Y138.309 E1236.9967
G1 X94.366 Y138.832 E1237.01789
G1 X94.589 Y139.416 E1237.03869
G1 X94.656 Y140.04 E1237.05956
G1 X94.587 Y140.666 E1237.08051
G1 X94.368 Y141.247 E1237.10116
G1 X94.004 Y141.766 E1237.12224
G1 X93.536 Y142.186 E1237.14316
G1 X92.98 Y142.475 E1237.164
G1 X92.367 Y142.624 E1237.18498
G1 X91.74 Y142.624 E1237.20584
G1 X91.135 Y142.474 E1237.22657
G1 X90.647 Y142.221 E1237.24485
G1 X90.348 Y141.977 E1237.25769
G1 X90.348 Y144.653 E1237.34669
G1 X90.397 Y145.066 E1237.36052
G1 X90.521 Y145.429 E1237.37328
G1 X90.723 Y145.745 E1237.38575
G1 X91.001 Y146.024 E1237.39885
G1 X91.319 Y146.223 E1237.41133
G1 X91.684 Y146.351 E1237.4242
G1 X92.095 Y146.4 E1237.43796
G1 X94.653 Y146.4 E1237.52304
G0 F9000 X94.676 Y146.8
;TYPE:WALL-OUTER
G1 F1500 X95.154 Y146.743 E1237.53905
G1 X95.604 Y146.586 E1237.55491
G1 X95.998 Y146.338 E1237.57039
G1 X96.338 Y145.998 E1237.58638
G1 X96.586 Y145.604 E1237.60187
G1 X96.743 Y145.154 E1237.61772
G1 X96.8 Y144.676 E1237.63373
G1 X96.8 Y90.959 E1239.42036
G1 X96.84 Y90.88 E1239.42331
G1 X96.965 Y90.803 E1239.42819
G1 X138.077 Y90.8 E1240.79558
G1 X138.2 Y90.959 E1240.80227
G1 X138.201 Y115.677 E1241.62439
G1 X138.253 Y116.155 E1241.64038
G1 X138.41 Y116.604 E1241.65621
G1 X138.658 Y116.998 E1241.67169
G1 X138.998 Y117.338 E1241.68768
G1 X139.396 Y117.586 E1241.70328
G1 X139.842 Y117.743 E1241.71901
G1 X140.324 Y117.8 E1241.73515
G1 X142.924 Y117.8 E1241.82163
G1 X143.406 Y117.743 E1241.83777
G1 X143.852 Y117.586 E1241.85349
G1 X144.246 Y117.338 E1241.86898
G1 X144.587 Y116.997 E1241.88502
G1 X144.838 Y116.603 E1241.90056
G1 X144.995 Y116.155 E1241.91635
G1 X145.048 Y115.677 E1241.93234
G1 X145.048 Y99.431 E1242.47269
G1 F1530.6 X145.062 Y98.948 E1242.48844
G1 X144.9 Y99.404 E1242.50421
G1 F1500 X144.566 Y99.886 E1242.52371
G1 X144.166 Y100.233 E1242.54133
G1 X143.695 Y100.475 E1242.55894
G1 X143.227 Y100.587 E1242.57494
G1 X142.649 Y100.587 E1242.59417
G1 X142.134 Y100.457 E1242.61183
G1 X141.671 Y100.206 E1242.62935
G1 X141.279 Y99.85 E1242.64696
G1 X140.976 Y99.402 E1242.66495
G1 X140.801 Y98.917 E1242.6821
G1 X140.74 Y98.408 E1242.69915
G1 X140.801 Y97.899 E1242.7162
G1 X140.976 Y97.414 E1242.73335
G1 X141.311 Y96.93 E1242.75293
G1 X141.711 Y96.582 E1242.77056
G1 X142.179 Y96.345 E1242.78801
G1 X142.647 Y96.229 E1242.80405
G1 X143.229 Y96.229 E1242.8234
G1 X143.697 Y96.345 E1242.83944
G1 X144.165 Y96.582 E1242.85689
G1 X144.566 Y96.93 E1242.87455
G1 X144.9 Y97.412 E1242.89405
G1 F1530.6 X145.062 Y97.867 E1242.9098
G1 X145.048 Y97.385 E1242.92551
G1 F1500 X145.048 Y90.323 E1243.1604
G1 X144.995 Y89.841 E1243.17652
G1 X144.838 Y89.396 E1243.19222
G1 X144.586 Y88.998 E1243.20789
G1 X144.246 Y88.658 E1243.22388
G1 X143.852 Y88.41 E1243.23936
G1 X143.407 Y88.253 E1243.25506
G1 X142.925 Y88.2 E1243.27119
G1 X92.071 Y88.2 E1244.9626
G1 X91.593 Y88.253 E1244.97859
G1 X91.144 Y88.41 E1244.99441
G1 X90.75 Y88.658 E1245.0099
G1 X90.41 Y88.998 E1245.02589
G1 X90.158 Y89.396 E1245.04156
G1 X90.005 Y89.841 E1245.05721
G1 X89.948 Y90.324 E1245.07339
G1 X89.948 Y97.387 E1245.3083
G1 F1554.4 X89.935 Y97.901 E1245.3248
G1 X90.096 Y97.413 E1245.3413
G1 F1500 X90.43 Y96.93 E1245.36083
G1 X90.831 Y96.582 E1245.37849
G1 X91.299 Y96.345 E1245.39594
G1 X91.767 Y96.229 E1245.41197
G1 X92.349 Y96.229 E1245.43133
G1 X92.817 Y96.345 E1245.44737
G1 X93.285 Y96.582 E1245.46482
G1 X93.717 Y96.966 E1245.48404
G1 X94.019 Y97.412 E1245.50195
G1 X94.199 Y97.901 E1245.51929
G1 X94.256 Y98.408 E1245.53625
G1 X94.198 Y98.927 E1245.55362
G1 X93.997 Y99.446 E1245.57214
G1 X93.685 Y99.886 E1245.59008
G1 X93.286 Y100.233 E1245.60766
G1 X92.815 Y100.475 E1245.62528
G1 X92.347 Y100.587 E1245.64128
G1 X91.769 Y100.587 E1245.66051
G1 X91.254 Y100.457 E1245.67817
G1 X90.791 Y100.206 E1245.69569
G1 X90.43 Y99.886 E1245.71173
G1 X90.096 Y99.403 E1245.73126
G1 F1554.4 X89.935 Y98.915 E1245.74776
G1 X89.948 Y99.429 E1245.76426
G1 F1500 X89.948 Y139.019 E1247.08103
G1 F1554.4 X89.935 Y139.533 E1247.09753
G1 X90.096 Y139.045 E1247.11403
G1 F1500 X90.43 Y138.562 E1247.13356
G1 X90.83 Y138.215 E1247.15117
G1 X91.299 Y137.973 E1247.16872
G1 X91.767 Y137.857 E1247.18476
G1 X92.349 Y137.857 E1247.20412
G1 X92.817 Y137.973 E1247.22015
G1 X93.325 Y138.242 E1247.23927
G1 X93.717 Y138.598 E1247.25688
G1 X94.019 Y139.044 E1247.2748
G1 X94.199 Y139.533 E1247.29213
G1 X94.256 Y140.04 E1247.3091
G1 X94.198 Y140.555 E1247.32634
G1 X94.02 Y141.035 E1247.34336
G1 X93.686 Y141.513 E1247.36276
G1 X93.285 Y141.866 E1247.38053
G1 X92.817 Y142.103 E1247.39798
G1 X92.349 Y142.219 E1247.41401
G1 X91.767 Y142.219 E1247.43337
G1 X91.299 Y142.103 E1247.44941
G1 X90.831 Y141.866 E1247.46685
G1 X90.4 Y141.479 E1247.48612
G1 X90.096 Y141.034 E1247.50405
G1 F1554.4 X89.935 Y140.543 E1247.52063
G1 X89.949 Y141.06 E1247.53723
G1 F1500 X89.948 Y144.676 E1247.6575
G1 X90.005 Y145.155 E1247.67354
G1 X90.158 Y145.604 E1247.68932
G1 X90.409 Y145.997 E1247.70483
G1 X90.75 Y146.338 E1247.72087
G1 X91.144 Y146.586 E1247.73635
G1 X91.594 Y146.743 E1247.7522
G1 X92.072 Y146.8 E1247.76822
G1 X94.676 Y146.8 E1247.85483
G1 F2700 E1242.85483
G0 F9000 X94.663 Y146.491
G0 X91.72 Y146.193
G0 X91.389 Y146.078
G0 X90.849 Y145.644
G0 X90.666 Y145.359
G0 X90.577 Y144.953
G0 X90.165 Y141.523
G0 X89.935 Y140.543
G1 F2700 E1247.85483
G1 F1754.4 X89.904 Y140.04 E1247.86916
G1 X89.935 Y139.533 E1247.8836
G1 F2700 E1242.8836
G0 F9000 X89.085 Y139.533
G0 X89.085 Y98.915
G0 X89.935 Y98.915
G1 F2700 E1247.8836
G1 F1754.4 X89.904 Y98.408 E1247.89805
G1 X89.935 Y97.901 E1247.91249
G1 F2700 E1242.91249
G0 F9000 X145.063 Y97.901
G1 F2700 E1247.91249
G1 F1769.9 X145.094 Y98.408 E1247.92681
G1 X145.063 Y98.924 E1247.94138
G1 F2700 E1242.94138
G0 F9000 X144.233 Y98.728
G0 X142.779 Y99.731
G0 X94.623 Y146.04
;TYPE:SKIN
G1 F2700 E1247.94138
G1 F1500 X92.121 Y146.04 E1248.0246
G1 X91.766 Y145.996 E1248.03649
G1 X91.473 Y145.894 E1248.04681
G1 X91.231 Y145.739 E1248.05637
G1 X91.005 Y145.513 E1248.067
G1 X90.846 Y145.267 E1248.07674
G1 X90.749 Y144.987 E1248.0866
G1 X90.708 Y144.628 E1248.09862
G1 X90.708 Y142.659 E1248.16411
G1 X90.979 Y142.802 E1248.1743
G1 X91.672 Y142.979 E1248.19809
G1 X92.419 Y142.982 E1248.22293
G1 X93.088 Y142.819 E1248.24584
G1 X93.759 Y142.469 E1248.27101
G1 X94.255 Y142.021 E1248.29324
G1 X94.696 Y141.396 E1248.31868
G1 X94.942 Y140.739 E1248.34201
G1 X95.016 Y140.036 E1248.36552
G1 X94.932 Y139.301 E1248.39013
G1 X94.677 Y138.645 E1248.41354
G1 X94.258 Y138.054 E1248.43763
G1 X93.721 Y137.582 E1248.46141
G1 X93.133 Y137.274 E1248.48349
G1 X92.44 Y137.097 E1248.50728
G1 X91.671 Y137.097 E1248.53286
G1 X91.027 Y137.257 E1248.55493
G1 X90.708 Y137.418 E1248.56681
G1 X90.708 Y101.031 E1249.77705
G1 X90.979 Y101.174 E1249.78724
G1 X91.673 Y101.347 E1249.81103
G1 X92.438 Y101.347 E1249.83647
G1 X93.131 Y101.177 E1249.8602
G1 X93.719 Y100.861 E1249.88241
G1 X94.257 Y100.39 E1249.90619
G1 X94.677 Y99.799 E1249.9303
G1 X94.938 Y99.115 E1249.95465
G1 X95.016 Y98.404 E1249.97844
G1 X94.932 Y97.664 E1250.00321
G1 X94.7 Y97.056 E1250.02486
G1 X94.257 Y96.422 E1250.05058
G1 X93.753 Y95.974 E1250.07301
G1 X93.088 Y95.629 E1250.09793
G1 X92.44 Y95.469 E1250.12013
G1 X91.672 Y95.469 E1250.14567
G1 X91.024 Y95.629 E1250.16787
G1 X90.708 Y95.789 E1250.17965
G1 X90.708 Y90.368 E1250.35996
G1 X90.749 Y90.009 E1250.37197
G1 X90.846 Y89.728 E1250.38186
G1 X91.01 Y89.47 E1250.39203
G1 X91.226 Y89.254 E1250.40219
G1 X91.472 Y89.098 E1250.41188
G1 X91.76 Y88.997 E1250.42203
G1 X92.111 Y88.96 E1250.43377
G1 X142.881 Y88.96 E1252.12238
G1 X143.236 Y88.997 E1252.13426
G1 X143.523 Y89.097 E1252.14436
G1 X143.761 Y89.253 E1252.15383
G1 X143.991 Y89.479 E1252.16455
G1 X144.146 Y89.724 E1252.1742
G1 X144.247 Y90.013 E1252.18438
G1 X144.288 Y90.364 E1252.19613
G1 X144.288 Y95.79 E1252.3766
G1 X143.969 Y95.629 E1252.38849
G1 X143.32 Y95.469 E1252.41072
G1 X142.552 Y95.469 E1252.43626
G1 X141.904 Y95.629 E1252.45846
G1 X141.283 Y95.946 E1252.48165
G1 X140.735 Y96.421 E1252.50577
G1 X140.315 Y97.018 E1252.53005
G1 X140.064 Y97.674 E1252.55341
G1 X139.98 Y98.404 E1252.57785
G1 X140.058 Y99.119 E1252.60177
G1 X140.292 Y99.755 E1252.62431
G1 X140.703 Y100.355 E1252.6485
G1 X141.273 Y100.861 E1252.67385
G1 X141.861 Y101.177 E1252.69606
G1 X142.554 Y101.347 E1252.71979
G1 X143.315 Y101.347 E1252.7451
G1 X143.963 Y101.191 E1252.76727
G1 X144.284 Y101.03 E1252.77921
G1 X144.288 Y115.632 E1253.26488
G1 X144.247 Y115.982 E1253.2766
G1 X144.146 Y116.268 E1253.28669
G1 X143.99 Y116.514 E1253.29637
G1 X143.762 Y116.743 E1253.30712
G1 X143.524 Y116.894 E1253.3165
G1 X143.23 Y116.996 E1253.32685
G1 X142.875 Y117.04 E1253.33874
G1 X140.373 Y117.04 E1253.42196
G1 X140.019 Y116.996 E1253.43383
G1 X139.719 Y116.89 E1253.44441
G1 X139.47 Y116.738 E1253.45411
G1 X139.254 Y116.518 E1253.46437
G1 X139.098 Y116.272 E1253.47405
G1 X138.997 Y115.984 E1253.48421
G1 X138.96 Y115.633 E1253.49594
G1 X138.96 Y91.004 E1254.31511
G1 X138.922 Y90.723 E1254.32454
G1 X138.769 Y90.417 E1254.33592
G1 X138.45 Y90.144 E1254.34988
G1 X138.044 Y90.045 E1254.36378
G1 X96.865 Y90.042 E1255.7334
G1 X96.539 Y90.15 E1255.74482
G1 X96.232 Y90.418 E1255.75838
G1 X96.09 Y90.692 E1255.76864
G1 X96.041 Y90.978 E1255.77829
G1 X96.04 Y144.623 E1257.56253
G1 X95.996 Y144.982 E1257.57456
G1 X95.894 Y145.271 E1257.58476
G1 X95.739 Y145.513 E1257.59432
G1 X95.513 Y145.739 E1257.60495
G1 X95.271 Y145.894 E1257.6145
G1 X94.982 Y145.996 E1257.6247
G1 X94.623 Y146.04 E1257.63673
G1 F2700 E1252.63673
G0 F9000 X94.623 Y146.3
G0 X95.359 Y146.078
G0 X95.897 Y145.645
G0 X96.193 Y145.028
G0 X96.575 Y141.503
G0 X96.562 Y90.562
G0 X117.411 Y90.3
G0 X117.411 Y89.672
G1 F2700 E1257.63673
G1 F1759.5 X97.006 Y89.673 E1258.2153
G1 F1754.4 X96.952 Y89.331 E1258.22514
G1 F1759.5 X138.035 Y89.33 E1259.39002
G1 F1764.7 X137.993 Y89.67 E1259.39971
G1 X117.411 Y89.672 E1259.98158
G1 F2700 E1254.98158
G0 F9000 X117.411 Y90.3
G0 X138.609 Y90.544
G0 X138.803 Y116.03
G0 X139.099 Y116.645
G0 X139.349 Y116.896
G0 X139.969 Y117.193
G0 X140.357 Y117.239
G0 X142.891 Y117.239
G0 X143.279 Y117.193
G0 X143.606 Y117.079
G0 X144.147 Y116.644
G0 X144.33 Y116.356
G0 X144.445 Y116.03
G0 X144.487 Y115.646
G0 X144.466 Y100.731
G0 X141.958 Y100.999
G0 X140.257 Y99.079
G0 X140.869 Y96.572
G0 X143.276 Y95.663
G0 X144.468 Y96.088
G0 X144.542 Y90.296
G0 X144.085 Y90.345
G1 F2700 E1259.98158
G1 F1500 X142.904 Y89.164 E1260.03713
G0 F9000 X142.335 Y89.161
G1 F1500 X144.088 Y90.913 E1260.11956
G0 F9000 X144.088 Y91.479
G1 F1500 X141.769 Y89.161 E1260.22862
G0 F9000 X141.204 Y89.161
G1 F1500 X144.088 Y92.045 E1260.36427
G0 F9000 X144.088 Y92.61
G1 F1500 X140.638 Y89.161 E1260.52653
G0 F9000 X140.072 Y89.161
G1 F1500 X144.088 Y93.176 E1260.7154
G0 F9000 X144.088 Y93.742
G1 F1500 X139.507 Y89.161 E1260.93088
G0 F9000 X138.941 Y89.161
G1 F1500 X144.088 Y94.308 E1261.17298
G0 F9000 X144.088 Y94.873
G1 F1500 X138.375 Y89.161 E1261.44168
G0 F9000 X138.184 Y89.535
G1 F1500 X144.088 Y95.439 E1261.71938
G0 F9000 X143.354 Y95.271
G1 F1500 X139.16 Y91.077 E1261.91666
G0 F9000 X139.16 Y91.642
G1 F1500 X142.781 Y95.264 E1262.087
G0 F9000 X142.281 Y95.329
G1 F1500 X139.16 Y92.208 E1262.2338
G0 F9000 X139.16 Y92.774
G1 F1500 X141.828 Y95.442 E1262.3593
G0 F9000 X141.452 Y95.632
G1 F1500 X139.16 Y93.34 E1262.46711
G0 F9000 X139.16 Y93.905
G1 F1500 X141.093 Y95.838 E1262.55803
G0 F9000 X140.792 Y96.103
G1 F1500 X139.16 Y94.471 E1262.63479
G0 F9000 X139.16 Y95.037
G1 F1500 X140.51 Y96.386 E1262.69827
G0 F9000 X140.279 Y96.721
G1 F1500 X139.16 Y95.602 E1262.7509
G0 F9000 X139.16 Y96.168
G1 F1500 X140.072 Y97.08 E1262.7938
G0 F9000 X139.918 Y97.492
G1 F1500 X139.16 Y96.734 E1262.82946
G0 F9000 X139.16 Y97.299
G1 F1500 X139.827 Y97.966 E1262.86083
G0 F9000 X139.79 Y98.495
G1 F1500 X139.16 Y97.865 E1262.89046
G0 F9000 X139.16 Y98.431
G1 F1500 X139.859 Y99.129 E1262.92332
G0 F9000 X139.16 Y98.996
G1 F1500 X140.323 Y100.16 E1262.97805
G0 F9000 X140.704 Y99.898
G0 X142.601 Y101.153
G0 X144.466 Y100.731
G0 X144.487 Y115.646
G0 X144.445 Y116.03
G0 X144.33 Y116.356
G0 X143.893 Y116.897
G0 X143.606 Y117.079
G0 X143.279 Y117.193
G0 X142.891 Y117.239
G0 X140.357 Y117.239
G0 X139.969 Y117.193
G0 X139.349 Y116.896
G0 X138.918 Y116.359
G0 X138.803 Y116.03
G0 X138.7 Y100.128
G0 X139.16 Y100.128
G1 F1500 X144.086 Y105.054 E1263.20975
G0 F9000 X144.086 Y105.62
G1 F1500 X139.16 Y100.693 E1263.44148
G0 F9000 X139.16 Y101.259
G1 F1500 X144.086 Y106.186 E1263.6732
G0 F9000 X144.086 Y106.751
G1 F1500 X139.16 Y101.825 E1263.90491
G0 F9000 X139.16 Y102.39
G1 F1500 X144.086 Y107.317 E1264.13664
G0 F9000 X144.086 Y107.883
G1 F1500 X139.16 Y102.956 E1264.36836
G0 F9000 X139.16 Y103.522
G1 F1500 X144.086 Y108.448 E1264.60007
G0 F9000 X144.087 Y109.015
G1 F1500 X139.16 Y104.088 E1264.83182
G0 F9000 X139.16 Y104.653
G1 F1500 X144.087 Y109.58 E1265.06357
G0 F9000 X144.087 Y110.146
G1 F1500 X139.16 Y105.219 E1265.29532
G0 F9000 X139.16 Y105.785
G1 F1500 X144.087 Y110.712 E1265.52707
G0 F9000 X144.087 Y111.277
G1 F1500 X139.16 Y106.35 E1265.75882
G0 F9000 X139.16 Y106.916
G1 F1500 X144.087 Y111.843 E1265.99057
G0 F9000 X144.088 Y112.409
G1 F1500 X139.16 Y107.482 E1266.22235
G0 F9000 X139.16 Y108.047
G1 F1500 X144.088 Y112.975 E1266.45415
G0 F9000 X144.088 Y113.541
G1 F1500 X139.16 Y108.613 E1266.68594
G0 F9000 X139.16 Y109.179
G1 F1500 X144.088 Y114.107 E1266.91774
G0 F9000 X144.088 Y114.672
G1 F1500 X139.16 Y109.744 E1267.14954
G0 F9000 X139.16 Y110.31
G1 F1500 X144.088 Y115.238 E1267.38134
G0 F9000 X144.069 Y115.785
G1 F1500 X139.16 Y110.876 E1267.61224
G0 F9000 X139.16 Y111.441
G1 F1500 X143.939 Y116.221 E1267.83706
G0 F9000 X143.688 Y116.535
G1 F1500 X139.16 Y112.007 E1268.05004
G0 F9000 X139.16 Y112.573
G1 F1500 X143.335 Y116.748 E1268.24642
G0 F9000 X142.862 Y116.84
G1 F1500 X139.16 Y113.138 E1268.42055
G0 F9000 X139.16 Y113.704
G1 F1500 X142.296 Y116.84 E1268.56806
G0 F9000 X141.73 Y116.84
G1 F1500 X139.16 Y114.27 E1268.68894
G0 F9000 X139.16 Y114.836
G1 F1500 X141.165 Y116.84 E1268.78323
G0 F9000 X140.599 Y116.84
G1 F1500 X139.16 Y115.401 E1268.85091
G0 F9000 X139.225 Y116.032
G1 F1500 X139.953 Y116.76 E1268.88516
G1 F2700 E1263.88516
G0 F9000 X139.799 Y117.197
G0 X142.891 Y117.239
G0 X143.279 Y117.193
G0 X143.606 Y117.079
G0 X144.147 Y116.644
G0 X144.33 Y116.356
G0 X144.445 Y116.03
G0 X144.547 Y104.488
G0 X144.086 Y104.488
G1 F2700 E1268.88516
G1 F1500 X139.16 Y99.562 E1269.11686
G1 F2700 E1264.11686
G0 F9000 X138.7 Y99.562
G0 X138.762 Y115.646
G0 X138.803 Y116.03
G0 X139.099 Y116.645
G0 X139.349 Y116.896
G0 X139.969 Y117.193
G0 X140.357 Y117.239
G0 X142.891 Y117.239
G0 X143.279 Y117.193
G0 X143.606 Y117.079
G0 X144.147 Y116.644
G0 X144.33 Y116.356
G0 X144.445 Y116.03
G0 X144.487 Y115.646
G0 X144.466 Y100.731
G0 X143.044 Y100.883
G0 X141.441 Y100.657
G0 X141.226 Y101.063
G1 F2700 E1269.11686
G1 F1500 X144.086 Y103.922 E1269.25136
G0 F9000 X144.086 Y103.356
G1 F1500 X142.198 Y101.469 E1269.34014
G0 F9000 X142.847 Y101.552
G1 F1500 X144.086 Y102.791 E1269.39842
G0 F9000 X144.086 Y102.225
G1 F1500 X143.394 Y101.533 E1269.43097
G0 F9000 X143.85 Y101.424
G1 F1500 X144.086 Y101.659 E1269.44205
G1 F2700 E1264.44205
G0 F9000 X144.547 Y101.659
G0 X144.487 Y115.646
G0 X144.445 Y116.03
G0 X144.33 Y116.356
G0 X143.893 Y116.897
G0 X143.606 Y117.079
G0 X143.279 Y117.193
G0 X142.891 Y117.239
G0 X140.357 Y117.239
G0 X139.969 Y117.193
G0 X139.349 Y116.896
G0 X138.918 Y116.359
G0 X138.803 Y116.03
G0 X138.438 Y90.562
G0 X96.562 Y90.562
G0 X96.3 Y101.5
G0 X95.843 Y101.5
G1 F2700 E1269.44205
G1 F1500 X94.6 Y100.256 E1269.50054
G0 F9000 X94.352 Y100.575
G1 F1500 X95.843 Y102.065 E1269.57065
G0 F9000 X95.843 Y102.631
G1 F1500 X94.052 Y100.84 E1269.65489
G0 F9000 X93.729 Y101.083
G1 F1500 X95.843 Y103.197 E1269.75433
G0 F9000 X95.843 Y103.762
G1 F1500 X93.361 Y101.281 E1269.87105
G0 F9000 X92.948 Y101.433
G1 F1500 X95.843 Y104.328 E1270.00722
G0 F9000 X95.843 Y104.894
G1 F1500 X92.49 Y101.541 E1270.16494
G0 F9000 X91.935 Y101.552
G1 F1500 X95.843 Y105.459 E1270.34873
G0 F9000 X95.843 Y106.025
G1 F1500 X91.275 Y101.457 E1270.5636
G0 F9000 X90.909 Y101.657
G1 F1500 X95.843 Y106.591 E1270.79568
G0 F9000 X95.843 Y107.156
G1 F1500 X90.909 Y102.223 E1271.02773
G0 F9000 X90.909 Y102.789
G1 F1500 X95.843 Y107.722 E1271.25979
G0 F9000 X95.843 Y108.288
G1 F1500 X90.909 Y103.354 E1271.49187
G0 F9000 X90.909 Y103.92
G1 F1500 X95.843 Y108.853 E1271.72393
G0 F9000 X95.842 Y109.418
G1 F1500 X90.909 Y104.486 E1271.95594
G0 F9000 X90.909 Y105.051
G1 F1500 X95.842 Y109.984 E1272.18797
G0 F9000 X95.842 Y110.55
G1 F1500 X90.909 Y105.617 E1272.42
G0 F9000 X90.909 Y106.183
G1 F1500 X95.842 Y111.115 E1272.65201
G0 F9000 X95.842 Y111.681
G1 F1500 X90.909 Y106.748 E1272.88405
G0 F9000 X90.909 Y107.314
G1 F1500 X95.842 Y112.247 E1273.11608
G0 F9000 X95.842 Y112.813
G1 F1500 X90.909 Y107.88 E1273.34811
G0 F9000 X90.909 Y108.445
G1 F1500 X95.842 Y113.378 E1273.58015
G0 F9000 X95.842 Y113.944
G1 F1500 X90.909 Y109.011 E1273.81218
G0 F9000 X90.909 Y109.577
G1 F1500 X95.842 Y114.51 E1274.04421
G0 F9000 X95.842 Y115.075
G1 F1500 X90.909 Y110.142 E1274.27625
G0 F9000 X90.909 Y110.708
G1 F1500 X95.842 Y115.641 E1274.50828
G0 F9000 X95.842 Y116.207
G1 F1500 X90.909 Y111.274 E1274.74031
G0 F9000 X90.909 Y111.84
G1 F1500 X95.842 Y116.772 E1274.97232
G0 F9000 X95.842 Y117.338
G1 F1500 X90.909 Y112.405 E1275.20436
G0 F9000 X90.909 Y112.971
G1 F1500 X95.842 Y117.904 E1275.43639
G0 F9000 X95.842 Y118.469
G1 F1500 X90.909 Y113.537 E1275.6684
G0 F9000 X90.909 Y114.102
G1 F1500 X95.842 Y119.035 E1275.90043
G0 F9000 X95.841 Y119.6
G1 F1500 X90.909 Y114.668 E1276.13242
G0 F9000 X90.909 Y115.234
G1 F1500 X95.841 Y120.166 E1276.3644
G0 F9000 X95.841 Y120.731
G1 F1500 X90.909 Y115.799 E1276.59639
G0 F9000 X90.909 Y116.365
G1 F1500 X95.841 Y121.297 E1276.82838
G0 F9000 X95.841 Y121.863
G1 F1500 X90.909 Y116.931 E1277.06036
G0 F9000 X90.909 Y117.496
G1 F1500 X95.841 Y122.428 E1277.29235
G0 F9000 X95.841 Y122.994
G1 F1500 X90.909 Y118.062 E1277.52434
G0 F9000 X90.909 Y118.628
G1 F1500 X95.841 Y123.56 E1277.75632
G0 F9000 X95.841 Y124.126
G1 F1500 X90.909 Y119.193 E1277.98833
G0 F9000 X90.909 Y119.759
G1 F1500 X95.841 Y124.691 E1278.22032
G0 F9000 X95.841 Y125.257
G1 F1500 X90.909 Y120.325 E1278.4523
G0 F9000 X90.909 Y120.891
G1 F1500 X95.841 Y125.823 E1278.68429
G0 F9000 X95.841 Y126.388
G1 F1500 X90.909 Y121.456 E1278.91628
G0 F9000 X90.909 Y122.022
G1 F1500 X95.841 Y126.954 E1279.14826
G0 F9000 X95.841 Y127.52
G1 F1500 X90.909 Y122.588 E1279.38025
G0 F9000 X90.909 Y123.153
G1 F1500 X95.841 Y128.085 E1279.61223
G0 F9000 X95.841 Y128.651
G1 F1500 X90.909 Y123.719 E1279.84422
G0 F9000 X90.909 Y124.285
G1 F1500 X95.841 Y129.217 E1280.07621
G0 F9000 X95.841 Y129.782
G1 F1500 X90.909 Y124.85 E1280.30819
G0 F9000 X90.909 Y125.416
G1 F1500 X95.841 Y130.347 E1280.54016
G0 F9000 X95.841 Y130.913
G1 F1500 X90.909 Y125.982 E1280.77212
G0 F9000 X90.909 Y126.547
G1 F1500 X95.841 Y131.479 E1281.0041
G0 F9000 X95.841 Y132.044
G1 F1500 X90.909 Y127.113 E1281.23607
G0 F9000 X90.909 Y127.679
G1 F1500 X95.841 Y132.61 E1281.46803
G0 F9000 X95.841 Y133.176
G1 F1500 X90.909 Y128.244 E1281.70002
G0 F9000 X90.909 Y128.81
G1 F1500 X95.841 Y133.741 E1281.93198
G0 F9000 X95.841 Y134.307
G1 F1500 X90.909 Y129.376 E1282.16394
G0 F9000 X90.909 Y129.941
G1 F1500 X95.841 Y134.873 E1282.39593
G0 F9000 X95.841 Y135.439
G1 F1500 X90.909 Y130.507 E1282.62791
G0 F9000 X90.909 Y131.073
G1 F1500 X95.841 Y136.004 E1282.85988
G0 F9000 X95.841 Y136.57
G1 F1500 X90.909 Y131.639 E1283.09184
G0 F9000 X90.909 Y132.204
G1 F1500 X95.841 Y137.136 E1283.32382
G0 F9000 X95.841 Y137.701
G1 F1500 X90.909 Y132.77 E1283.55579
G0 F9000 X90.909 Y133.336
G1 F1500 X95.841 Y138.267 E1283.78775
G0 F9000 X95.841 Y138.833
G1 F1500 X90.909 Y133.901 E1284.01974
G0 F9000 X90.909 Y134.467
G1 F1500 X93.977 Y137.535 E1284.16405
G0 F9000 X94.531 Y138.089
G1 F1500 X95.841 Y139.398 E1284.22564
G0 F9000 X95.841 Y139.964
G1 F1500 X95.125 Y139.248 E1284.25932
G0 F9000 X95.2 Y139.889
G1 F1500 X95.841 Y140.53 E1284.28947
G0 F9000 X95.841 Y141.095
G1 F1500 X95.174 Y140.429 E1284.32082
G0 F9000 X95.092 Y140.913
G1 F1500 X95.841 Y141.661 E1284.35603
G0 F9000 X95.841 Y142.227
G1 F1500 X94.938 Y141.324 E1284.3985
G0 F9000 X94.739 Y141.691
G1 F1500 X95.841 Y142.792 E1284.45031
G0 F9000 X95.841 Y143.358
G1 F1500 X94.504 Y142.022 E1284.51318
G0 F9000 X94.23 Y142.314
G1 F1500 X95.841 Y143.924 E1284.58893
G0 F9000 X95.841 Y144.489
G1 F1500 X93.933 Y142.582 E1284.67865
G0 F9000 X93.581 Y142.795
G1 F1500 X95.78 Y144.994 E1284.78209
G0 F9000 X95.591 Y145.371
G1 F1500 X93.209 Y142.989 E1284.89413
G0 F9000 X92.759 Y143.105
G1 F1500 X95.295 Y145.641 E1285.01341
G0 F9000 X94.893 Y145.805
G1 F1500 X92.269 Y143.181 E1285.13684
G0 F9000 X91.707 Y143.184
G1 F1500 X94.363 Y145.84 E1285.26177
G0 F9000 X93.797 Y145.84
G1 F1500 X90.968 Y143.011 E1285.39484
G0 F9000 X90.908 Y143.517
G1 F1500 X93.231 Y145.84 E1285.5041
G0 F9000 X92.666 Y145.84
G1 F1500 X90.908 Y144.082 E1285.5868
G0 F9000 X90.911 Y144.651
G1 F1500 X92.095 Y145.835 E1285.64249
G1 F2700 E1280.64249
G0 F9000 X92.041 Y146.292
G0 X91.389 Y146.078
G0 X90.849 Y145.644
G0 X90.666 Y145.359
G0 X90.509 Y144.643
G0 X90.528 Y142.36
G0 X92.354 Y142.474
G0 X92.929 Y142.334
G0 X93.453 Y142.057
G0 X93.896 Y141.665
G0 X94.233 Y141.177
G0 X94.441 Y140.627
G0 X94.513 Y140.039
G0 X94.441 Y139.452
G0 X94.231 Y138.9
G0 X93.895 Y138.413
G0 X93.453 Y138.023
G0 X92.929 Y137.746
G0 X91.3 Y137.458
G0 X91.19 Y137.01
G1 F2700 E1285.64249
G1 F1500 X90.909 Y136.73 E1285.65568
G0 F9000 X90.909 Y136.164
G1 F1500 X91.643 Y136.898 E1285.69021
G0 F9000 X92.202 Y136.892
G1 F1500 X90.909 Y135.598 E1285.75105
G0 F9000 X90.909 Y135.033
G1 F1500 X92.875 Y136.998 E1285.8435
G1 F2700 E1280.8435
G0 F9000 X92.763 Y137.445
G0 X94.511 Y138.759
G0 X94.509 Y141.326
G0 X92.386 Y142.785
G0 X90.528 Y142.36
G0 X90.509 Y144.643
G0 X90.666 Y145.359
G0 X91.103 Y145.897
G0 X91.389 Y146.078
G0 X91.72 Y146.193
G0 X92.105 Y146.239
G0 X94.643 Y146.239
G0 X95.028 Y146.193
G0 X95.359 Y146.078
G0 X95.897 Y145.645
G0 X96.193 Y145.028
G0 X96.3 Y100.934
G0 X95.843 Y100.934
G1 F2700 E1285.8435
G1 F1500 X94.833 Y99.924 E1285.89101
G0 F9000 X95 Y99.525
G1 F1500 X95.843 Y100.368 E1285.93066
G0 F9000 X95.843 Y99.802
G1 F1500 X95.14 Y99.1 E1285.9637
G0 F9000 X95.196 Y98.59
G1 F1500 X95.843 Y99.237 E1285.99413
G0 F9000 X95.843 Y98.671
G1 F1500 X95.174 Y98.002 E1286.0256
G0 F9000 X95.843 Y98.105
G1 F1500 X94.988 Y97.251 E1286.0658
G0 F9000 X95.843 Y96.974
G1 F1500 X90.908 Y92.039 E1286.29792
G0 F9000 X90.908 Y92.605
G1 F1500 X95.843 Y97.54 E1286.53005
G0 F9000 X96.3 Y97.54
G0 X96.3 Y96.408
G0 X95.843 Y96.408
G1 F1500 X90.908 Y91.473 E1286.76218
G0 F9000 X90.908 Y90.908
G1 F1500 X95.843 Y95.843 E1286.9943
G0 F9000 X95.843 Y95.277
G1 F1500 X90.911 Y90.346 E1287.22627
G0 F9000 X91.006 Y89.875
G1 F1500 X95.843 Y94.711 E1287.45376
G0 F9000 X95.843 Y94.146
G1 F1500 X91.23 Y89.533 E1287.67074
G0 F9000 X91.549 Y89.286
G1 F1500 X95.843 Y93.58 E1287.87272
G0 F9000 X95.843 Y93.014
G1 F1500 X92.001 Y89.173 E1288.05341
G0 F9000 X92.554 Y89.16
G1 F1500 X95.843 Y92.449 E1288.20812
G0 F9000 X95.843 Y91.883
G1 F1500 X93.12 Y89.16 E1288.3362
G0 F9000 X93.685 Y89.16
G1 F1500 X95.843 Y91.317 E1288.43768
G0 F9000 X95.876 Y90.785
G1 F1500 X94.251 Y89.16 E1288.51412
G0 F9000 X94.817 Y89.16
G1 F1500 X96.03 Y90.373 E1288.57117
G0 F9000 X96.308 Y90.085
G1 F1500 X95.382 Y89.16 E1288.6147
G0 F9000 X95.948 Y89.16
G1 F1500 X96.681 Y89.892 E1288.64916
G0 F9000 X96.799 Y89.445
G1 F1500 X96.514 Y89.16 E1288.66256
G1 F2700 E1283.66256
G0 F9000 X96.514 Y88.7
G0 X91.718 Y88.803
G0 X91.103 Y89.099
G0 X90.85 Y89.35
G0 X90.667 Y89.64
G0 X90.555 Y89.967
G0 X90.448 Y93.171
G0 X90.908 Y93.171
G1 F2700 E1288.66256
G1 F1500 X93.185 Y95.447 E1288.76964
G0 F9000 X92.436 Y95.264
G1 F1500 X90.908 Y93.736 E1288.84152
G0 F9000 X90.908 Y94.302
G1 F1500 X91.87 Y95.264 E1288.88677
G0 F9000 X91.376 Y95.336
G1 F1500 X90.908 Y94.868 E1288.90878
G1 F2700 E1283.90878
;MESH:NONMESH
G0 F300 Z7.6
G0 F9000 X90.448 Y94.868
G0 X90.58 Y96.478
G0 X91.191 Y96.116
G0 X91.766 Y95.976
G0 X92.354 Y95.976
G0 X92.929 Y96.116
G0 X93.453 Y96.393
G0 X93.895 Y96.783
G0 X94.231 Y97.27
G0 X94.441 Y97.822
G0 X94.513 Y98.409
G0 X94.441 Y98.997
G0 X94.233 Y99.547
G0 X93.896 Y100.035
G0 X93.453 Y100.427
G0 X92.929 Y100.704
G0 X92.354 Y100.844
G0 X90.53 Y100.731
G0 X90.53 Y137.717
G0 X93.042 Y137.452
G0 X93.972 Y138.051
G0 X94.441 Y139.452
G0 X94.513 Y140.039
G0 X94.269 Y141.691
G0 X92.386 Y142.785
G0 X90.528 Y142.36
G0 X90.509 Y144.643
G0 X90.666 Y145.359
G0 X91.103 Y145.897
G0 X91.389 Y146.078
G0 X91.657 Y146.172
G0 X94.653 Y146.4
;TIME_ELAPSED:2202.572653
;LAYER:37
;TYPE:WALL-INNER
;MESH:battery holder-BodyChamfer.stl
G1 F2700 E1288.90878
G1 F1500 X95.064 Y146.351 E1288.92255
G1 X95.429 Y146.223 E1288.93541
G1 X95.747 Y146.024 E1288.94789
G1 X96.024 Y145.747 E1288.96092
G1 X96.223 Y145.429 E1288.97339
G1 X96.351 Y145.064 E1288.98626
G1 X96.4 Y144.653 E1289.00002
G1 X96.4 Y90.879 E1290.78856
G1 X96.52 Y90.64 E1290.79745
G1 X96.717 Y90.47 E1290.8061
G1 X96.922 Y90.4 E1290.81331
G1 X138 Y90.4 E1292.17957
G1 X138.283 Y90.47 E1292.18927
G1 X138.48 Y90.64 E1292.19792
G1 X138.6 Y90.879 E1292.20682
G1 X138.601 Y115.655 E1293.03087
G1 X138.645 Y116.066 E1293.04462
G1 X138.773 Y116.429 E1293.05742
G1 X138.972 Y116.747 E1293.0699
G1 X139.248 Y117.023 E1293.08288
G1 X139.57 Y117.224 E1293.0955
G1 X139.933 Y117.351 E1293.10829
G1 X140.347 Y117.4 E1293.12216
G1 X142.901 Y117.4 E1293.20711
G1 X143.316 Y117.351 E1293.221
G1 X143.677 Y117.224 E1293.23373
G1 X143.995 Y117.024 E1293.24623
G1 X144.273 Y116.745 E1293.25933
G1 X144.476 Y116.427 E1293.27188
G1 X144.602 Y116.066 E1293.28459
G1 X144.648 Y115.655 E1293.29835
G1 X144.648 Y100.347 E1293.80749
G1 X144.352 Y100.587 E1293.82017
G1 X143.861 Y100.847 E1293.83865
G1 X143.253 Y100.992 E1293.85944
G1 X142.623 Y100.992 E1293.88039
G1 X142.013 Y100.846 E1293.90125
G1 X141.46 Y100.553 E1293.92207
G1 X140.991 Y100.137 E1293.94292
G1 X140.627 Y99.612 E1293.96417
G1 X140.414 Y99.041 E1293.98444
G1 X140.34 Y98.408 E1294.00563
G1 X140.412 Y97.781 E1294.02662
G1 X140.627 Y97.204 E1294.0471
G1 X140.991 Y96.679 E1294.06835
G1 X141.461 Y96.261 E1294.08927
G1 X142.015 Y95.974 E1294.11003
G1 X142.62 Y95.824 E1294.13076
G1 X143.256 Y95.824 E1294.15191
G1 X143.861 Y95.974 E1294.17264
G1 X144.349 Y96.227 E1294.19092
G1 X144.648 Y96.469 E1294.20372
G1 X144.648 Y90.345 E1294.4074
G1 X144.603 Y89.93 E1294.42129
G1 X144.476 Y89.572 E1294.43392
G1 X144.272 Y89.25 E1294.4466
G1 X143.995 Y88.972 E1294.45965
G1 X143.677 Y88.772 E1294.47215
G1 X143.318 Y88.645 E1294.48481
G1 X142.903 Y88.6 E1294.4987
G1 X92.093 Y88.6 E1296.18864
G1 X91.682 Y88.645 E1296.2024
G1 X91.319 Y88.773 E1296.2152
G1 X91.001 Y88.972 E1296.22767
G1 X90.724 Y89.25 E1296.24073
G1 X90.521 Y89.57 E1296.25333
G1 X90.397 Y89.93 E1296.266
G1 X90.348 Y90.347 E1296.27996
G1 X90.349 Y96.468 E1296.48355
G1 X90.647 Y96.227 E1296.49629
G1 X91.135 Y95.974 E1296.51458
G1 X91.74 Y95.824 E1296.53531
G1 X92.376 Y95.824 E1296.55646
G1 X92.981 Y95.974 E1296.57719
G1 X93.535 Y96.261 E1296.59794
G1 X94.002 Y96.677 E1296.61875
G1 X94.366 Y97.2 E1296.63994
G1 X94.589 Y97.784 E1296.66073
G1 X94.656 Y98.408 E1296.6816
G1 X94.588 Y99.036 E1296.70261
G1 X94.366 Y99.617 E1296.7233
G1 X94.002 Y100.139 E1296.74447
G1 X93.537 Y100.553 E1296.76517
G1 X92.982 Y100.846 E1296.78605
G1 X92.373 Y100.992 E1296.80688
G1 X91.743 Y100.992 E1296.82783
G1 X91.133 Y100.846 E1296.84869
G1 X90.644 Y100.587 E1296.8671
G1 X90.349 Y100.348 E1296.87973
G1 X90.349 Y138.1 E1298.13536
G1 X90.644 Y137.861 E1298.14799
G1 X91.132 Y137.603 E1298.16635
G1 X91.739 Y137.452 E1298.18715
G1 X92.376 Y137.452 E1298.20834
G1 X92.984 Y137.603 E1298.22918
G1 X93.537 Y137.895 E1298.24998
G1 X94.002 Y138.309 E1298.27068
G1 X94.366 Y138.832 E1298.29188
G1 X94.589 Y139.416 E1298.31267
G1 X94.656 Y140.04 E1298.33354
G1 X94.587 Y140.666 E1298.35449
G1 X94.368 Y141.247 E1298.37514
G1 X94.004 Y141.766 E1298.39623
G1 X93.536 Y142.186 E1298.41714
G1 X92.98 Y142.475 E1298.43798
G1 X92.367 Y142.624 E1298.45896
G1 X91.74 Y142.624 E1298.47982
G1 X91.135 Y142.474 E1298.50055
G1 X90.647 Y142.221 E1298.51883
G1 X90.348 Y141.977 E1298.53167
G1 X90.348 Y144.653 E1298.62067
G1 X90.397 Y145.066 E1298.6345
G1 X90.521 Y145.429 E1298.64726
G1 X90.723 Y145.745 E1298.65974
G1 X91.001 Y146.024 E1298.67284
G1 X91.319 Y146.223 E1298.68531
G1 X91.684 Y146.351 E1298.69818
G1 X92.095 Y146.4 E1298.71195
G1 X94.653 Y146.4 E1298.79703
G0 F9000 X94.676 Y146.8
;TYPE:WALL-OUTER
G1 F1500 X95.154 Y146.743 E1298.81304
G1 X95.604 Y146.586 E1298.82889
G1 X95.998 Y146.338 E1298.84437
G1 X96.338 Y145.998 E1298.86036
G1 X96.586 Y145.604 E1298.87585
G1 X96.743 Y145.154 E1298.8917
G1 X96.8 Y144.676 E1298.90771
G1 X96.8 Y90.959 E1300.69435
G1 X96.84 Y90.88 E1300.69729
G1 X96.965 Y90.803 E1300.70217
G1 X138.077 Y90.8 E1302.06957
G1 X138.2 Y90.959 E1302.07625
G1 X138.201 Y115.677 E1302.89838
G1 X138.253 Y116.155 E1302.91437
G1 X138.41 Y116.604 E1302.93019
G1 X138.658 Y116.998 E1302.94567
G1 X138.998 Y117.338 E1302.96167
G1 X139.396 Y117.586 E1302.97726
G1 X139.842 Y117.743 E1302.99299
G1 X140.324 Y117.8 E1303.00913
G1 X142.924 Y117.8 E1303.09561
G1 X143.406 Y117.743 E1303.11175
G1 X143.852 Y117.586 E1303.12748
G1 X144.246 Y117.338 E1303.14296
G1 X144.587 Y116.997 E1303.159
G1 X144.838 Y116.603 E1303.17454
G1 X144.995 Y116.155 E1303.19033
G1 X145.048 Y115.677 E1303.20632
G1 X145.048 Y99.431 E1303.74667
G1 F1530.6 X145.062 Y98.948 E1303.76242
G1 X144.9 Y99.404 E1303.77819
G1 F1500 X144.566 Y99.886 E1303.7977
G1 X144.166 Y100.233 E1303.81531
G1 X143.695 Y100.475 E1303.83292
G1 X143.227 Y100.587 E1303.84893
G1 X142.649 Y100.587 E1303.86815
G1 X142.134 Y100.457 E1303.88582
G1 X141.671 Y100.206 E1303.90333
G1 X141.279 Y99.85 E1303.92095
G1 X140.976 Y99.402 E1303.93893
G1 X140.801 Y98.917 E1303.95608
G1 X140.74 Y98.408 E1303.97313
G1 X140.801 Y97.899 E1303.99018
G1 X140.976 Y97.414 E1304.00733
G1 X141.311 Y96.93 E1304.02691
G1 X141.711 Y96.582 E1304.04455
G1 X142.179 Y96.345 E1304.06199
G1 X142.647 Y96.229 E1304.07803
G1 X143.229 Y96.229 E1304.09739
G1 X143.697 Y96.345 E1304.11342
G1 X144.165 Y96.582 E1304.13087
G1 X144.566 Y96.93 E1304.14853
G1 X144.9 Y97.412 E1304.16804
G1 F1530.6 X145.062 Y97.867 E1304.18378
G1 X145.048 Y97.385 E1304.1995
G1 F1500 X145.048 Y90.323 E1304.43438
G1 X144.995 Y89.841 E1304.45051
G1 X144.838 Y89.396 E1304.4662
G1 X144.586 Y88.998 E1304.48187
G1 X144.246 Y88.658 E1304.49786
G1 X143.852 Y88.41 E1304.51335
G1 X143.407 Y88.253 E1304.52904
G1 X142.925 Y88.2 E1304.54517
G1 X92.071 Y88.2 E1306.23658
G1 X91.593 Y88.253 E1306.25258
G1 X91.144 Y88.41 E1306.2684
G1 X90.75 Y88.658 E1306.28388
G1 X90.41 Y88.998 E1306.29987
G1 X90.158 Y89.396 E1306.31554
G1 X90.005 Y89.841 E1306.33119
G1 X89.948 Y90.324 E1306.34737
G1 X89.948 Y97.387 E1306.58228
G1 F1554.4 X89.935 Y97.901 E1306.59879
G1 X90.096 Y97.413 E1306.61528
G1 F1500 X90.43 Y96.93 E1306.63481
G1 X90.831 Y96.582 E1306.65247
G1 X91.299 Y96.345 E1306.66992
G1 X91.767 Y96.229 E1306.68596
G1 X92.349 Y96.229 E1306.70531
G1 X92.817 Y96.345 E1306.72135
G1 X93.285 Y96.582 E1306.7388
G1 X93.717 Y96.966 E1306.75802
G1 X94.019 Y97.412 E1306.77594
G1 X94.199 Y97.901 E1306.79327
G1 X94.256 Y98.408 E1306.81024
G1 X94.198 Y98.927 E1306.82761
G1 X93.997 Y99.446 E1306.84612
G1 X93.685 Y99.886 E1306.86406
G1 X93.286 Y100.233 E1306.88165
G1 X92.815 Y100.475 E1306.89926
G1 X92.347 Y100.587 E1306.91526
G1 X91.769 Y100.587 E1306.93449
G1 X91.254 Y100.457 E1306.95215
G1 X90.791 Y100.206 E1306.96967
G1 X90.43 Y99.886 E1306.98572
G1 X90.096 Y99.403 E1307.00525
G1 F1554.4 X89.935 Y98.915 E1307.02174
G1 X89.948 Y99.429 E1307.03824
G1 F1500 X89.948 Y139.019 E1308.35501
G1 F1554.4 X89.935 Y139.533 E1308.37151
G1 X90.096 Y139.045 E1308.38801
G1 F1500 X90.43 Y138.562 E1308.40754
G1 X90.83 Y138.215 E1308.42515
G1 X91.299 Y137.973 E1308.44271
G1 X91.767 Y137.857 E1308.45874
G1 X92.349 Y137.857 E1308.4781
G1 X92.817 Y137.973 E1308.49414
G1 X93.325 Y138.242 E1308.51325
G1 X93.717 Y138.598 E1308.53087
G1 X94.019 Y139.044 E1308.54878
G1 X94.199 Y139.533 E1308.56611
G1 X94.256 Y140.04 E1308.58308
G1 X94.198 Y140.555 E1308.60032
G1 X94.02 Y141.035 E1308.61735
G1 X93.686 Y141.513 E1308.63674
G1 X93.285 Y141.866 E1308.65451
G1 X92.817 Y142.103 E1308.67196
G1 X92.349 Y142.219 E1308.688
G1 X91.767 Y142.219 E1308.70735
G1 X91.299 Y142.103 E1308.72339
G1 X90.831 Y141.866 E1308.74084
G1 X90.4 Y141.479 E1308.7601
G1 X90.096 Y141.034 E1308.77803
G1 F1554.4 X89.935 Y140.543 E1308.79461
G1 X89.949 Y141.06 E1308.81121
G1 F1500 X89.948 Y144.676 E1308.93148
G1 X90.005 Y145.155 E1308.94752
G1 X90.158 Y145.604 E1308.9633
G1 X90.409 Y145.997 E1308.97881
G1 X90.75 Y146.338 E1308.99485
G1 X91.144 Y146.586 E1309.01034
G1 X91.594 Y146.743 E1309.02619
G1 X92.072 Y146.8 E1309.0422
G1 X94.676 Y146.8 E1309.12881
G1 F2700 E1304.12881
G0 F9000 X94.663 Y146.491
G0 X91.72 Y146.193
G0 X91.389 Y146.078
G0 X90.849 Y145.644
G0 X90.666 Y145.359
G0 X90.577 Y144.953
G0 X90.165 Y141.523
G0 X89.935 Y140.543
G1 F2700 E1309.12881
G1 F1754.4 X89.904 Y140.04 E1309.14314
G1 X89.935 Y139.533 E1309.15758
G1 F2700 E1304.15758
G0 F9000 X89.085 Y139.533
G0 X89.085 Y98.915
G0 X89.935 Y98.915
G1 F2700 E1309.15758
G1 F1754.4 X89.904 Y98.408 E1309.17203
G1 X89.935 Y97.901 E1309.18647
G1 F2700 E1304.18647
G0 F9000 X145.063 Y97.901
G1 F2700 E1309.18647
G1 F1769.9 X145.094 Y98.408 E1309.20079
G1 X145.063 Y98.924 E1309.21536
G1 F2700 E1304.21536
G0 F9000 X144.233 Y98.728
G0 X142.779 Y99.731
G0 X94.623 Y146.04
;TYPE:SKIN
G1 F2700 E1309.21536
G1 F1500 X92.121 Y146.04 E1309.29858
G1 X91.766 Y145.996 E1309.31048
G1 X91.473 Y145.894 E1309.3208
G1 X91.231 Y145.739 E1309.33035
G1 X91.005 Y145.513 E1309.34098
G1 X90.846 Y145.267 E1309.35073
G1 X90.749 Y144.987 E1309.36058
G1 X90.708 Y144.628 E1309.3726
G1 X90.708 Y142.659 E1309.43809
G1 X90.979 Y142.802 E1309.44828
G1 X91.672 Y142.979 E1309.47207
G1 X92.419 Y142.982 E1309.49692
G1 X93.088 Y142.819 E1309.51982
G1 X93.759 Y142.469 E1309.54499
G1 X94.255 Y142.021 E1309.56722
G1 X94.696 Y141.396 E1309.59266
G1 X94.942 Y140.739 E1309.61599
G1 X95.016 Y140.036 E1309.63951
G1 X94.932 Y139.301 E1309.66411
G1 X94.677 Y138.645 E1309.68752
G1 X94.258 Y138.054 E1309.71162
G1 X93.721 Y137.582 E1309.73539
G1 X93.133 Y137.274 E1309.75747
G1 X92.44 Y137.097 E1309.78126
G1 X91.671 Y137.097 E1309.80684
G1 X91.027 Y137.257 E1309.82891
G1 X90.708 Y137.418 E1309.84079
G1 X90.708 Y101.031 E1311.05103
G1 X90.979 Y101.174 E1311.06122
G1 X91.673 Y101.347 E1311.08501
G1 X92.438 Y101.347 E1311.11045
G1 X93.131 Y101.177 E1311.13419
G1 X93.719 Y100.861 E1311.15639
G1 X94.257 Y100.39 E1311.18017
G1 X94.677 Y99.799 E1311.20429
G1 X94.938 Y99.115 E1311.22864
G1 X95.016 Y98.404 E1311.25243
G1 X94.932 Y97.664 E1311.2772
G1 X94.7 Y97.056 E1311.29884
G1 X94.257 Y96.422 E1311.32457
G1 X93.753 Y95.974 E1311.34699
G1 X93.088 Y95.629 E1311.37191
G1 X92.44 Y95.469 E1311.39411
G1 X91.672 Y95.469 E1311.41966
G1 X91.024 Y95.629 E1311.44186
G1 X90.708 Y95.789 E1311.45364
G1 X90.708 Y90.368 E1311.63394
G1 X90.749 Y90.009 E1311.64596
G1 X90.846 Y89.728 E1311.65584
G1 X91.01 Y89.47 E1311.66601
G1 X91.226 Y89.254 E1311.67617
G1 X91.472 Y89.098 E1311.68586
G1 X91.76 Y88.997 E1311.69601
G1 X92.111 Y88.96 E1311.70775
G1 X142.881 Y88.96 E1313.39637
G1 X143.236 Y88.997 E1313.40824
G1 X143.523 Y89.097 E1313.41835
G1 X143.761 Y89.253 E1313.42781
G1 X143.991 Y89.479 E1313.43854
G1 X144.146 Y89.724 E1313.44818
G1 X144.247 Y90.013 E1313.45836
G1 X144.288 Y90.364 E1313.47012
G1 X144.288 Y95.79 E1313.65059
G1 X143.969 Y95.629 E1313.66247
G1 X143.32 Y95.469 E1313.6847
G1 X142.552 Y95.469 E1313.71025
G1 X141.904 Y95.629 E1313.73245
G1 X141.283 Y95.946 E1313.75564
G1 X140.735 Y96.421 E1313.77976
G1 X140.315 Y97.018 E1313.80403
G1 X140.064 Y97.674 E1313.8274
G1 X139.98 Y98.404 E1313.85184
G1 X140.058 Y99.119 E1313.87576
G1 X140.292 Y99.755 E1313.8983
G1 X140.703 Y100.355 E1313.92249
G1 X141.273 Y100.861 E1313.94784
G1 X141.861 Y101.177 E1313.97004
G1 X142.554 Y101.347 E1313.99377
G1 X143.315 Y101.347 E1314.01908
G1 X143.963 Y101.191 E1314.04125
G1 X144.284 Y101.03 E1314.0532
G1 X144.288 Y115.632 E1314.53886
G1 X144.247 Y115.982 E1314.55058
G1 X144.146 Y116.268 E1314.56067
G1 X143.99 Y116.514 E1314.57036
G1 X143.762 Y116.743 E1314.5811
G1 X143.524 Y116.894 E1314.59048
G1 X143.23 Y116.996 E1314.60083
G1 X142.875 Y117.04 E1314.61273
G1 X140.373 Y117.04 E1314.69594
G1 X140.019 Y116.996 E1314.70781
G1 X139.719 Y116.89 E1314.71839
G1 X139.47 Y116.738 E1314.72809
G1 X139.254 Y116.518 E1314.73835
G1 X139.098 Y116.272 E1314.74804
G1 X138.997 Y115.984 E1314.75819
G1 X138.96 Y115.633 E1314.76993
G1 X138.96 Y91.004 E1315.58909
G1 X138.922 Y90.723 E1315.59852
G1 X138.769 Y90.417 E1315.6099
G1 X138.45 Y90.144 E1315.62387
G1 X138.044 Y90.045 E1315.63777
G1 X96.865 Y90.042 E1317.00738
G1 X96.539 Y90.15 E1317.01881
G1 X96.232 Y90.418 E1317.03236
G1 X96.09 Y90.692 E1317.04263
G1 X96.041 Y90.978 E1317.05228
G1 X96.04 Y144.623 E1318.83652
G1 X95.996 Y144.982 E1318.84855
G1 X95.894 Y145.271 E1318.85874
G1 X95.739 Y145.513 E1318.8683
G1 X95.513 Y145.739 E1318.87893
G1 X95.271 Y145.894 E1318.88849
G1 X94.982 Y145.996 E1318.89868
G1 X94.623 Y146.04 E1318.91071
G1 F2700 E1313.91071
G0 F9000 X94.623 Y146.3
G0 X95.359 Y146.078
G0 X95.897 Y145.645
G0 X96.193 Y145.028
G0 X96.575 Y141.503
G0 X96.562 Y90.562
G0 X117.411 Y90.3
G0 X117.411 Y89.672
G1 F2700 E1318.91071
G1 F1759.5 X97.006 Y89.673 E1319.48928
G1 F1754.4 X96.952 Y89.331 E1319.49912
G1 F1759.5 X138.035 Y89.33 E1320.664
G1 F1764.7 X137.993 Y89.67 E1320.67369
G1 X117.411 Y89.672 E1321.25556
G1 F2700 E1316.25556
G0 F9000 X117.411 Y90.3
G0 X96.391 Y90.544
G0 X96.239 Y144.643
G0 X96.193 Y145.028
G0 X95.897 Y145.645
G0 X95.359 Y146.078
G0 X95.028 Y146.193
G0 X94.643 Y146.239
G0 X92.105 Y146.239
G0 X91.72 Y146.193
G0 X91.389 Y146.078
G0 X90.849 Y145.644
G0 X90.666 Y145.359
G0 X90.509 Y144.643
G0 X90.528 Y142.36
G0 X93.039 Y142.626
G0 X94.745 Y140.705
G0 X94.127 Y138.204
G0 X91.72 Y137.291
G0 X90.53 Y137.717
G0 X90.53 Y100.731
G0 X93.038 Y100.999
G0 X94.745 Y99.077
G0 X94.127 Y96.572
G0 X91.72 Y95.663
G0 X90.528 Y96.09
G0 X90.488 Y90.023
G0 X90.943 Y90.076
G1 F2700 E1321.25556
G1 F1500 X91.829 Y89.19 E1321.29724
G0 F9000 X92.425 Y89.16
G1 F1500 X90.908 Y90.677 E1321.36859
G0 F9000 X90.908 Y91.243
G1 F1500 X92.991 Y89.16 E1321.46657
G0 F9000 X93.557 Y89.16
G1 F1500 X90.908 Y91.809 E1321.59117
G0 F9000 X90.908 Y92.374
G1 F1500 X94.122 Y89.16 E1321.74235
G0 F9000 X94.688 Y89.16
G1 F1500 X90.908 Y92.94 E1321.92015
G0 F9000 X90.908 Y93.506
G1 F1500 X95.254 Y89.16 E1322.12457
G0 F9000 X95.819 Y89.16
G1 F1500 X90.908 Y94.071 E1322.35557
G0 F9000 X90.908 Y94.637
G1 F1500 X96.385 Y89.16 E1322.61319
G0 F9000 X96.78 Y89.33
G1 F1500 X90.908 Y95.203 E1322.88942
G0 F9000 X91.328 Y95.348
G1 F1500 X95.872 Y90.805 E1323.10313
G0 F9000 X95.843 Y91.399
G1 F1500 X91.978 Y95.264 E1323.28493
G0 F9000 X92.523 Y95.285
G1 F1500 X95.843 Y91.965 E1323.44109
G0 F9000 X95.843 Y92.531
G1 F1500 X92.977 Y95.396 E1323.57587
G0 F9000 X93.386 Y95.553
G1 F1500 X95.843 Y93.096 E1323.69144
G0 F9000 X95.843 Y93.662
G1 F1500 X93.76 Y95.745 E1323.78942
G0 F9000 X94.076 Y95.994
G1 F1500 X95.843 Y94.228 E1323.87251
G0 F9000 X95.843 Y94.793
G1 F1500 X94.375 Y96.261 E1323.94156
G0 F9000 X94.62 Y96.582
G1 F1500 X95.843 Y95.359 E1323.99909
G0 F9000 X95.843 Y95.925
G1 F1500 X94.853 Y96.915 E1324.04565
G0 F9000 X95.015 Y97.318
G1 F1500 X95.843 Y96.49 E1324.0846
G0 F9000 X95.843 Y97.056
G1 F1500 X95.148 Y97.75 E1324.11727
G0 F9000 X95.202 Y98.262
G1 F1500 X95.843 Y97.622 E1324.14739
G0 F9000 X95.843 Y98.187
G1 F1500 X95.167 Y98.863 E1324.17919
G0 F9000 X95.843 Y98.753
G1 F1500 X94.958 Y99.638 E1324.22082
G0 F9000 X95.842 Y99.885
G1 F1500 X90.909 Y104.818 E1324.45285
G0 F9000 X90.909 Y105.384
G1 F1500 X95.842 Y100.451 E1324.68489
G0 F9000 X95.842 Y101.017
G1 F1500 X90.909 Y105.949 E1324.9169
G0 F9000 X90.909 Y106.515
G1 F1500 X95.842 Y101.582 E1325.14893
G0 F9000 X95.842 Y102.148
G1 F1500 X90.909 Y107.081 E1325.38096
G0 F9000 X90.909 Y107.646
G1 F1500 X95.842 Y102.714 E1325.61297
G0 F9000 X95.842 Y103.279
G1 F1500 X90.909 Y108.212 E1325.845
G0 F9000 X90.909 Y108.778
G1 F1500 X95.842 Y103.845 E1326.07704
G0 F9000 X95.842 Y104.411
G1 F1500 X90.909 Y109.343 E1326.30905
G0 F9000 X90.909 Y109.909
G1 F1500 X95.842 Y104.976 E1326.54108
G0 F9000 X95.842 Y105.542
G1 F1500 X90.909 Y110.475 E1326.77311
G0 F9000 X90.909 Y111.041
G1 F1500 X95.842 Y106.108 E1327.00515
G0 F9000 X95.842 Y106.673
G1 F1500 X90.909 Y111.606 E1327.23718
G0 F9000 X90.909 Y112.172
G1 F1500 X95.842 Y107.239 E1327.46921
G0 F9000 X95.842 Y107.805
G1 F1500 X90.909 Y112.738 E1327.70125
G0 F9000 X90.909 Y113.303
G1 F1500 X95.842 Y108.37 E1327.93328
G0 F9000 X95.842 Y108.936
G1 F1500 X90.909 Y113.869 E1328.16531
G0 F9000 X90.909 Y114.435
G1 F1500 X95.841 Y109.503 E1328.3973
G0 F9000 X95.841 Y110.068
G1 F1500 X90.909 Y115 E1328.62929
G0 F9000 X90.909 Y115.566
G1 F1500 X95.841 Y110.634 E1328.86127
G0 F9000 X95.841 Y111.2
G1 F1500 X90.909 Y116.132 E1329.09326
G0 F9000 X90.909 Y116.697
G1 F1500 X95.841 Y111.765 E1329.32524
G0 F9000 X95.841 Y112.331
G1 F1500 X90.909 Y117.263 E1329.55723
G0 F9000 X90.909 Y117.829
G1 F1500 X95.841 Y112.897 E1329.78922
G0 F9000 X95.841 Y113.462
G1 F1500 X90.909 Y118.394 E1330.0212
G0 F9000 X90.909 Y118.96
G1 F1500 X95.841 Y114.028 E1330.25319
G0 F9000 X95.841 Y114.594
G1 F1500 X90.909 Y119.526 E1330.48517
G0 F9000 X90.909 Y120.091
G1 F1500 X95.841 Y115.159 E1330.71716
G0 F9000 X95.841 Y115.725
G1 F1500 X90.909 Y120.657 E1330.94915
G0 F9000 X90.909 Y121.223
G1 F1500 X95.841 Y116.291 E1331.18113
G0 F9000 X95.841 Y116.856
G1 F1500 X90.909 Y121.789 E1331.41314
G0 F9000 X90.909 Y122.354
G1 F1500 X95.841 Y117.422 E1331.64513
G0 F9000 X95.841 Y117.988
G1 F1500 X90.909 Y122.92 E1331.87712
G0 F9000 X90.909 Y123.486
G1 F1500 X95.841 Y118.554 E1332.1091
G0 F9000 X95.841 Y119.119
G1 F1500 X90.909 Y124.051 E1332.34109
G0 F9000 X90.909 Y124.617
G1 F1500 X95.841 Y119.686 E1332.57305
G0 F9000 X95.841 Y120.251
G1 F1500 X90.909 Y125.183 E1332.80504
G0 F9000 X90.909 Y125.748
G1 F1500 X95.841 Y120.817 E1333.037
G0 F9000 X95.841 Y121.383
G1 F1500 X90.909 Y126.314 E1333.26896
G0 F9000 X90.909 Y126.88
G1 F1500 X95.841 Y121.948 E1333.50095
G0 F9000 X95.841 Y122.514
G1 F1500 X90.909 Y127.445 E1333.73291
G0 F9000 X90.909 Y128.011
G1 F1500 X95.841 Y123.08 E1333.96487
G0 F9000 X95.841 Y123.645
G1 F1500 X90.909 Y128.577 E1334.19686
G0 F9000 X90.909 Y129.142
G1 F1500 X95.841 Y124.211 E1334.42882
G0 F9000 X95.841 Y124.777
G1 F1500 X90.909 Y129.708 E1334.66078
G0 F9000 X90.909 Y130.274
G1 F1500 X95.841 Y125.342 E1334.89277
G0 F9000 X95.841 Y125.908
G1 F1500 X90.909 Y130.84 E1335.12476
G0 F9000 X90.909 Y131.405
G1 F1500 X95.841 Y126.474 E1335.35672
G0 F9000 X95.841 Y127.04
G1 F1500 X90.909 Y131.971 E1335.58868
G0 F9000 X90.909 Y132.537
G1 F1500 X95.841 Y127.605 E1335.82067
G0 F9000 X95.841 Y128.171
G1 F1500 X90.909 Y133.102 E1336.05263
G0 F9000 X90.909 Y133.668
G1 F1500 X95.841 Y128.737 E1336.28459
G0 F9000 X95.84 Y129.303
G1 F1500 X90.909 Y134.234 E1336.51653
G0 F9000 X90.909 Y134.799
G1 F1500 X95.84 Y129.869 E1336.74845
G0 F9000 X95.84 Y130.434
G1 F1500 X90.909 Y135.365 E1336.98039
G0 F9000 X90.909 Y135.931
G1 F1500 X95.84 Y131 E1337.21233
G0 F9000 X95.84 Y131.566
G1 F1500 X90.909 Y136.496 E1337.44424
G0 F9000 X90.909 Y137.062
G1 F1500 X95.84 Y132.131 E1337.67618
G0 F9000 X95.84 Y132.697
G1 F1500 X91.637 Y136.9 E1337.87388
G0 F9000 X92.21 Y136.892
G1 F1500 X95.84 Y133.263 E1338.0446
G0 F9000 X95.84 Y133.828
G1 F1500 X92.71 Y136.958 E1338.19182
G0 F9000 X93.163 Y137.071
G1 F1500 X95.84 Y134.394 E1338.31774
G0 F9000 X95.84 Y134.96
G1 F1500 X93.538 Y137.261 E1338.426
G0 F9000 X93.9 Y137.466
G1 F1500 X95.84 Y135.525 E1338.51727
G0 F9000 X95.84 Y136.091
G1 F1500 X94.198 Y137.733 E1338.59451
G0 F9000 X94.481 Y138.016
G1 F1500 X95.84 Y136.657 E1338.65843
G0 F9000 X95.84 Y137.223
G1 F1500 X94.713 Y138.349 E1338.71142
G0 F9000 X94.921 Y138.707
G1 F1500 X95.84 Y137.788 E1338.75464
G0 F9000 X95.84 Y138.354
G1 F1500 X95.076 Y139.118 E1338.79058
G0 F9000 X95.17 Y139.589
G1 F1500 X95.84 Y138.92 E1338.82207
G0 F9000 X95.84 Y139.485
G1 F1500 X95.207 Y140.118 E1338.85185
G0 F9000 X95.142 Y140.749
G1 F1500 X95.84 Y140.051 E1338.88468
G0 F9000 X95.84 Y140.617
G1 F1500 X94.677 Y141.779 E1338.93936
G0 F9000 X94.303 Y141.515
G0 X92.386 Y142.785
G0 X90.528 Y142.36
G0 X90.509 Y144.643
G0 X90.666 Y145.359
G0 X91.103 Y145.897
G0 X91.389 Y146.078
G0 X91.72 Y146.193
G0 X92.105 Y146.239
G0 X94.643 Y146.239
G0 X95.028 Y146.193
G0 X95.359 Y146.078
G0 X95.897 Y145.645
G0 X96.193 Y145.028
G0 X96.3 Y141.748
G0 X95.84 Y141.748
G1 F1500 X91.794 Y145.794 E1339.12967
G0 F9000 X91.407 Y145.615
G1 F1500 X95.84 Y141.182 E1339.33818
G0 F9000 X96.3 Y141.182
G0 X96.3 Y142.314
G0 X95.84 Y142.314
G1 F1500 X92.313 Y145.84 E1339.50406
G0 F9000 X92.879 Y145.84
G1 F1500 X95.84 Y142.879 E1339.64334
G0 F9000 X95.84 Y143.445
G1 F1500 X93.445 Y145.84 E1339.75599
G0 F9000 X94.011 Y145.84
G1 F1500 X95.84 Y144.011 E1339.84202
G0 F9000 X95.84 Y144.576
G1 F1500 X94.576 Y145.84 E1339.90148
G1 F2700 E1334.90148
G0 F9000 X94.576 Y146.3
G0 X91.72 Y146.193
G0 X91.389 Y146.078
G0 X90.849 Y145.644
G0 X90.666 Y145.359
G0 X90.509 Y144.643
G0 X90.528 Y142.36
G0 X91.952 Y142.51
G0 X93.538 Y142.298
G0 X93.75 Y142.706
G1 F2700 E1339.90148
G1 F1500 X91.126 Y145.331 E1340.02492
G0 F9000 X90.947 Y144.944
G1 F1500 X92.795 Y143.096 E1340.11185
G0 F9000 X92.144 Y143.181
G1 F1500 X90.908 Y144.417 E1340.16999
G0 F9000 X90.908 Y143.852
G1 F1500 X91.594 Y143.165 E1340.20228
G0 F9000 X91.14 Y143.053
G1 F1500 X90.908 Y143.286 E1340.21321
G1 F2700 E1335.21321
G0 F9000 X90.448 Y143.286
G0 X90.543 Y141.941
G0 X91.191 Y142.334
G0 X91.766 Y142.474
G0 X92.354 Y142.474
G0 X92.929 Y142.334
G0 X93.453 Y142.057
G0 X93.896 Y141.665
G0 X94.233 Y141.177
G0 X94.441 Y140.627
G0 X94.513 Y140.039
G0 X94.441 Y139.452
G0 X94.231 Y138.9
G0 X93.895 Y138.413
G0 X93.453 Y138.023
G0 X92.929 Y137.746
G0 X92.354 Y137.606
G0 X91.766 Y137.606
G0 X91.191 Y137.746
G0 X90.667 Y138.023
G0 X90.45 Y104.252
G0 X90.909 Y104.252
G1 F2700 E1340.21321
G1 F1500 X95.842 Y99.32 E1340.44522
G1 F2700 E1335.44522
G0 F9000 X96.3 Y99.32
G0 X96.239 Y144.643
G0 X96.193 Y145.028
G0 X95.897 Y145.645
G0 X95.359 Y146.078
G0 X95.028 Y146.193
G0 X94.643 Y146.239
G0 X92.105 Y146.239
G0 X91.72 Y146.193
G0 X91.389 Y146.078
G0 X90.849 Y145.644
G0 X90.666 Y145.359
G0 X90.509 Y144.643
G0 X90.528 Y142.36
G0 X93.039 Y142.626
G0 X94.745 Y140.705
G0 X94.127 Y138.204
G0 X91.72 Y137.291
G0 X90.53 Y137.717
G0 X90.53 Y100.731
G0 X93.048 Y100.926
G0 X93.262 Y101.333
G1 F2700 E1340.44522
G1 F1500 X90.909 Y103.687 E1340.55592
G0 F9000 X90.909 Y103.121
G1 F1500 X92.49 Y101.54 E1340.63029
G0 F9000 X91.913 Y101.552
G1 F1500 X90.909 Y102.555 E1340.67749
G0 F9000 X90.909 Y101.99
G1 F1500 X91.41 Y101.489 E1340.70106
G1 F2700 E1335.70106
G0 F9000 X91.518 Y101.042
G0 X90.53 Y100.731
G0 X90.53 Y137.717
G0 X93.042 Y137.452
G0 X94.747 Y139.375
G0 X94.125 Y141.873
G0 X91.72 Y142.785
G0 X90.528 Y142.36
G0 X90.509 Y144.643
G0 X90.666 Y145.359
G0 X91.103 Y145.897
G0 X91.389 Y146.078
G0 X91.72 Y146.193
G0 X92.105 Y146.239
G0 X94.643 Y146.239
G0 X95.028 Y146.193
G0 X95.359 Y146.078
G0 X95.897 Y145.645
G0 X96.193 Y145.028
G0 X96.239 Y144.643
G0 X96.562 Y90.562
G0 X138.438 Y90.562
G0 X138.7 Y101.256
G0 X139.16 Y101.256
G1 F2700 E1340.70106
G1 F1500 X140.296 Y100.121 E1340.75447
G0 F9000 X140.528 Y100.454
G1 F1500 X139.16 Y101.822 E1340.81881
G0 F9000 X139.16 Y102.388
G1 F1500 X140.817 Y100.73 E1340.89678
G0 F9000 X141.118 Y100.995
G1 F1500 X139.16 Y102.953 E1340.98888
G0 F9000 X139.16 Y103.519
G1 F1500 X141.48 Y101.199 E1341.098
G0 F9000 X141.857 Y101.388
G1 F1500 X139.16 Y104.085 E1341.22486
G0 F9000 X139.16 Y104.65
G1 F1500 X142.314 Y101.496 E1341.37321
G0 F9000 X142.824 Y101.552
G1 F1500 X139.16 Y105.216 E1341.54556
G0 F9000 X139.16 Y105.782
G1 F1500 X143.413 Y101.529 E1341.74561
G0 F9000 X144.085 Y101.422
G1 F1500 X139.16 Y106.347 E1341.97726
G0 F9000 X139.16 Y106.913
G1 F1500 X144.085 Y101.988 E1342.20892
G0 F9000 X144.085 Y102.554
G1 F1500 X139.16 Y107.479 E1342.44058
G0 F9000 X139.16 Y108.045
G1 F1500 X144.085 Y103.12 E1342.67223
G0 F9000 X144.085 Y103.685
G1 F1500 X139.16 Y108.61 E1342.90389
G0 F9000 X139.16 Y109.176
G1 F1500 X144.085 Y104.251 E1343.13555
G0 F9000 X144.085 Y104.817
G1 F1500 X139.16 Y109.742 E1343.3672
G0 F9000 X139.16 Y110.307
G1 F1500 X144.086 Y105.382 E1343.59888
G0 F9000 X144.086 Y105.947
G1 F1500 X139.16 Y110.873 E1343.83059
G0 F9000 X139.16 Y111.439
G1 F1500 X144.086 Y106.513 E1344.06229
G0 F9000 X144.086 Y107.079
G1 F1500 X139.16 Y112.004 E1344.29397
G0 F9000 X139.16 Y112.57
G1 F1500 X144.086 Y107.644 E1344.52568
G0 F9000 X144.086 Y108.21
G1 F1500 X139.16 Y113.136 E1344.75738
G0 F9000 X139.16 Y113.701
G1 F1500 X144.086 Y108.775 E1344.98908
G0 F9000 X144.086 Y109.341
G1 F1500 X139.16 Y114.267 E1345.22079
G0 F9000 X139.16 Y114.833
G1 F1500 X144.086 Y109.906 E1345.45252
G0 F9000 X144.086 Y110.472
G1 F1500 X139.16 Y115.398 E1345.68422
G0 F9000 X139.192 Y115.932
G1 F1500 X144.086 Y111.038 E1345.91442
G0 F9000 X144.086 Y111.603
G1 F1500 X139.367 Y116.323 E1346.13641
G0 F9000 X139.644 Y116.611
G1 F1500 X144.087 Y112.168 E1346.34539
G0 F9000 X144.087 Y112.734
G1 F1500 X140.033 Y116.789 E1346.53611
G0 F9000 X140.547 Y116.84
G1 F1500 X144.087 Y113.3 E1346.70262
G0 F9000 X144.087 Y113.865
G1 F1500 X141.112 Y116.84 E1346.84255
G0 F9000 X141.678 Y116.84
G1 F1500 X144.087 Y114.431 E1346.95586
G0 F9000 X144.087 Y114.997
G1 F1500 X142.244 Y116.84 E1347.04255
G0 F9000 X142.809 Y116.84
G1 F1500 X144.087 Y115.562 E1347.10267
G0 F9000 X143.842 Y116.373
G1 F1500 X143.616 Y116.599 E1347.1133
G1 F2700 E1342.1133
G0 F9000 X143.861 Y116.989
G0 X143.279 Y117.193
G0 X142.891 Y117.239
G0 X140.357 Y117.239
G0 X139.969 Y117.193
G0 X139.349 Y116.896
G0 X138.918 Y116.359
G0 X138.803 Y116.03
G0 X138.7 Y100.691
G0 X139.16 Y100.691
G1 F2700 E1347.1133
G1 F1500 X140.084 Y99.766 E1347.15678
G0 F9000 X139.933 Y99.352
G1 F1500 X139.16 Y100.125 E1347.19314
G0 F9000 X139.16 Y99.559
G1 F1500 X139.832 Y98.887 E1347.22475
G0 F9000 X139.784 Y98.37
G1 F1500 X139.16 Y98.994 E1347.2541
G0 F9000 X139.16 Y98.428
G1 F1500 X139.849 Y97.738 E1347.28653
G0 F9000 X139.16 Y97.862
G1 F1500 X140.224 Y96.798 E1347.33658
G0 F9000 X140.604 Y97.061
G0 X140.257 Y99.079
G0 X141.958 Y100.999
G0 X144.466 Y100.731
G0 X144.487 Y115.646
G0 X144.445 Y116.03
G0 X144.33 Y116.356
G0 X143.893 Y116.897
G0 X143.606 Y117.079
G0 X143.279 Y117.193
G0 X142.891 Y117.239
G0 X140.357 Y117.239
G0 X139.969 Y117.193
G0 X139.349 Y116.896
G0 X138.918 Y116.359
G0 X138.803 Y116.03
G0 X138.7 Y96.731
G0 X139.16 Y96.731
G1 F1500 X144.088 Y91.803 E1347.56838
G0 F9000 X144.088 Y92.369
G1 F1500 X139.16 Y97.296 E1347.80015
G0 F9000 X138.7 Y97.296
G0 X138.7 Y96.165
G0 X139.16 Y96.165
G1 F1500 X144.088 Y91.237 E1348.03195
G0 F9000 X144.088 Y90.672
G1 F1500 X139.16 Y95.599 E1348.26372
G0 F9000 X139.16 Y95.034
G1 F1500 X144.06 Y90.134 E1348.49421
G0 F9000 X143.907 Y89.721
G1 F1500 X139.16 Y94.468 E1348.71749
G0 F9000 X139.16 Y93.902
G1 F1500 X143.644 Y89.418 E1348.9284
G0 F9000 X143.274 Y89.223
G1 F1500 X139.16 Y93.337 E1349.12191
G0 F9000 X139.16 Y92.771
G1 F1500 X142.771 Y89.16 E1349.29176
G0 F9000 X142.206 Y89.16
G1 F1500 X139.16 Y92.205 E1349.43502
G0 F9000 X139.16 Y91.64
G1 F1500 X141.64 Y89.16 E1349.55167
G0 F9000 X141.074 Y89.16
G1 F1500 X139.16 Y91.074 E1349.6417
G0 F9000 X139.079 Y90.59
G1 F1500 X140.508 Y89.16 E1349.70893
G0 F9000 X139.943 Y89.16
G1 F1500 X138.865 Y90.237 E1349.75962
G0 F9000 X138.548 Y89.989
G1 F1500 X139.377 Y89.16 E1349.79861
G0 F9000 X138.811 Y89.16
G1 F1500 X138.15 Y89.822 E1349.82973
G1 F2700 E1344.82973
G0 F9000 X138.03 Y90.31
G0 X138.438 Y90.562
G0 X138.803 Y116.03
G0 X139.099 Y116.645
G0 X139.349 Y116.896
G0 X139.969 Y117.193
G0 X140.357 Y117.239
G0 X142.891 Y117.239
G0 X143.279 Y117.193
G0 X143.606 Y117.079
G0 X144.147 Y116.644
G0 X144.33 Y116.356
G0 X144.445 Y116.03
G0 X144.487 Y115.646
G0 X144.466 Y100.731
G0 X141.958 Y100.999
G0 X140.257 Y99.079
G0 X140.753 Y97.049
G0 X141.532 Y96.111
G0 X141.32 Y95.702
G1 F2700 E1349.82973
G1 F1500 X144.088 Y92.934 E1349.95992
G0 F9000 X144.088 Y93.5
G1 F1500 X142.25 Y95.338 E1350.04638
G0 F9000 X142.89 Y95.264
G1 F1500 X144.088 Y94.066 E1350.10273
G0 F9000 X144.088 Y94.631
G1 F1500 X143.43 Y95.29 E1350.1337
G0 F9000 X143.882 Y95.403
G1 F1500 X144.088 Y95.197 E1350.14339
G1 F2700 E1345.14339
;MESH:NONMESH
G0 F300 Z7.8
G0 F9000 X144.548 Y95.197
G0 X144.468 Y96.088
G0 X142.646 Y95.976
G0 X142.071 Y96.116
G0 X141.547 Y96.393
G0 X141.104 Y96.785
G0 X140.767 Y97.272
G0 X140.559 Y97.822
G0 X140.396 Y99.459
G0 X141.958 Y100.999
G0 X144.466 Y100.731
G0 X144.487 Y115.646
G0 X144.445 Y116.03
G0 X144.33 Y116.356
G0 X143.893 Y116.897
G0 X143.606 Y117.079
G0 X143.279 Y117.193
G0 X142.891 Y117.239
G0 X140.357 Y117.239
G0 X139.969 Y117.193
G0 X139.349 Y116.896
G0 X138.918 Y116.359
G0 X138.803 Y116.03
G0 X138.438 Y90.562
G0 X96.562 Y90.562
G0 X96.205 Y144.808
G0 X96.078 Y145.359
G0 X95.645 Y145.897
G0 X94.653 Y146.4
;TIME_ELAPSED:2315.289950
;LAYER:38
;TYPE:WALL-INNER
;MESH:battery holder-BodyChamfer.stl
G1 F2700 E1350.14339
G1 F1500 X95.064 Y146.351 E1350.15716
G1 X95.429 Y146.223 E1350.17002
G1 X95.747 Y146.024 E1350.1825
G1 X96.024 Y145.747 E1350.19553
G1 X96.223 Y145.429 E1350.20801
G1 X96.351 Y145.064 E1350.22087
G1 X96.4 Y144.653 E1350.23464
G1 X96.4 Y90.879 E1352.02317
G1 X96.52 Y90.64 E1352.03206
G1 X96.717 Y90.47 E1352.04072
G1 X96.922 Y90.4 E1352.04792
G1 X138 Y90.4 E1353.41418
G1 X138.283 Y90.47 E1353.42388
G1 X138.48 Y90.64 E1353.43253
G1 X138.6 Y90.879 E1353.44143
G1 X138.601 Y115.655 E1354.26548
G1 X138.645 Y116.066 E1354.27923
G1 X138.773 Y116.429 E1354.29203
G1 X138.972 Y116.747 E1354.30451
G1 X139.248 Y117.023 E1354.31749
G1 X139.57 Y117.224 E1354.33012
G1 X139.933 Y117.351 E1354.34291
G1 X140.347 Y117.4 E1354.35677
G1 X142.901 Y117.4 E1354.44172
G1 X143.316 Y117.351 E1354.45562
G1 X143.677 Y117.224 E1354.46835
G1 X143.995 Y117.024 E1354.48084
G1 X144.273 Y116.745 E1354.49394
G1 X144.476 Y116.427 E1354.50649
G1 X144.602 Y116.066 E1354.51921
G1 X144.648 Y115.655 E1354.53296
G1 X144.648 Y100.347 E1355.04211
G1 X144.352 Y100.587 E1355.05478
G1 X143.861 Y100.847 E1355.07326
G1 X143.253 Y100.992 E1355.09405
G1 X142.623 Y100.992 E1355.115
G1 X142.013 Y100.846 E1355.13587
G1 X141.46 Y100.553 E1355.15668
G1 X140.991 Y100.137 E1355.17753
G1 X140.627 Y99.612 E1355.19878
G1 X140.414 Y99.041 E1355.21905
G1 X140.34 Y98.408 E1355.24025
G1 X140.412 Y97.781 E1355.26124
G1 X140.627 Y97.204 E1355.28172
G1 X140.991 Y96.679 E1355.30297
G1 X141.461 Y96.261 E1355.32389
G1 X142.015 Y95.974 E1355.34464
G1 X142.62 Y95.824 E1355.36537
G1 X143.256 Y95.824 E1355.38652
G1 X143.861 Y95.974 E1355.40725
G1 X144.349 Y96.227 E1355.42554
G1 X144.648 Y96.469 E1355.43833
G1 X144.648 Y90.345 E1355.64202
G1 X144.603 Y89.93 E1355.6559
G1 X144.476 Y89.572 E1355.66853
G1 X144.272 Y89.25 E1355.68121
G1 X143.995 Y88.972 E1355.69427
G1 X143.677 Y88.772 E1355.70676
G1 X143.318 Y88.645 E1355.71943
G1 X142.903 Y88.6 E1355.73331
G1 X92.093 Y88.6 E1357.42326
G1 X91.682 Y88.645 E1357.43701
G1 X91.319 Y88.773 E1357.44981
G1 X91.001 Y88.972 E1357.46229
G1 X90.724 Y89.25 E1357.47534
G1 X90.521 Y89.57 E1357.48794
G1 X90.397 Y89.93 E1357.50061
G1 X90.348 Y90.347 E1357.51457
G1 X90.349 Y96.468 E1357.71816
G1 X90.647 Y96.227 E1357.73091
G1 X91.135 Y95.974 E1357.74919
G1 X91.74 Y95.824 E1357.76992
G1 X92.376 Y95.824 E1357.79107
G1 X92.981 Y95.974 E1357.8118
G1 X93.535 Y96.261 E1357.83256
G1 X94.002 Y96.677 E1357.85336
G1 X94.366 Y97.2 E1357.87455
G1 X94.589 Y97.784 E1357.89534
G1 X94.656 Y98.408 E1357.91622
G1 X94.588 Y99.036 E1357.93723
G1 X94.366 Y99.617 E1357.95791
G1 X94.002 Y100.139 E1357.97908
G1 X93.537 Y100.553 E1357.99979
G1 X92.982 Y100.846 E1358.02066
G1 X92.373 Y100.992 E1358.04149
G1 X91.743 Y100.992 E1358.06244
G1 X91.133 Y100.846 E1358.08331
G1 X90.644 Y100.587 E1358.10171
G1 X90.349 Y100.348 E1358.11434
G1 X90.349 Y138.1 E1359.36997
G1 X90.644 Y137.861 E1359.3826
G1 X91.132 Y137.603 E1359.40096
G1 X91.739 Y137.452 E1359.42177
G1 X92.376 Y137.452 E1359.44295
G1 X92.984 Y137.603 E1359.46379
G1 X93.537 Y137.895 E1359.48459
G1 X94.002 Y138.309 E1359.5053
G1 X94.366 Y138.832 E1359.52649
G1 X94.589 Y139.416 E1359.54728
G1 X94.656 Y140.04 E1359.56816
G1 X94.587 Y140.666 E1359.5891
G1 X94.368 Y141.247 E1359.60975
G1 X94.004 Y141.766 E1359.63084
G1 X93.536 Y142.186 E1359.65175
G1 X92.98 Y142.475 E1359.67259
G1 X92.367 Y142.624 E1359.69358
G1 X91.74 Y142.624 E1359.71443
G1 X91.135 Y142.474 E1359.73516
G1 X90.647 Y142.221 E1359.75344
G1 X90.348 Y141.977 E1359.76628
G1 X90.348 Y144.653 E1359.85528
G1 X90.397 Y145.066 E1359.86912
G1 X90.521 Y145.429 E1359.88188
G1 X90.723 Y145.745 E1359.89435
G1 X91.001 Y146.024 E1359.90745
G1 X91.319 Y146.223 E1359.91993
G1 X91.684 Y146.351 E1359.93279
G1 X92.095 Y146.4 E1359.94656
G1 X94.653 Y146.4 E1360.03164
G0 F9000 X94.676 Y146.8
;TYPE:WALL-OUTER
G1 F1500 X95.154 Y146.743 E1360.04765
G1 X95.604 Y146.586 E1360.0635
G1 X95.998 Y146.338 E1360.07899
G1 X96.338 Y145.998 E1360.09498
G1 X96.586 Y145.604 E1360.11046
G1 X96.743 Y145.154 E1360.12631
G1 X96.8 Y144.676 E1360.14232
G1 X96.8 Y90.959 E1361.92896
G1 X96.84 Y90.88 E1361.9319
G1 X96.965 Y90.803 E1361.93679
G1 X138.077 Y90.8 E1363.30418
G1 X138.2 Y90.959 E1363.31086
G1 X138.201 Y115.677 E1364.13299
G1 X138.253 Y116.155 E1364.14898
G1 X138.41 Y116.604 E1364.1648
G1 X138.658 Y116.998 E1364.18029
G1 X138.998 Y117.338 E1364.19628
G1 X139.396 Y117.586 E1364.21188
G1 X139.842 Y117.743 E1364.2276
G1 X140.324 Y117.8 E1364.24374
G1 X142.924 Y117.8 E1364.33022
G1 X143.406 Y117.743 E1364.34636
G1 X143.852 Y117.586 E1364.36209
G1 X144.246 Y117.338 E1364.37757
G1 X144.587 Y116.997 E1364.39361
G1 X144.838 Y116.603 E1364.40915
G1 X144.995 Y116.155 E1364.42494
G1 X145.048 Y115.677 E1364.44094
G1 X145.048 Y99.431 E1364.98128
G1 F1530.6 X145.062 Y98.948 E1364.99703
G1 X144.9 Y99.404 E1365.0128
G1 F1500 X144.566 Y99.886 E1365.03231
G1 X144.166 Y100.233 E1365.04992
G1 X143.695 Y100.475 E1365.06753
G1 X143.227 Y100.587 E1365.08354
G1 X142.649 Y100.587 E1365.10276
G1 X142.134 Y100.457 E1365.12043
G1 X141.671 Y100.206 E1365.13795
G1 X141.279 Y99.85 E1365.15556
G1 X140.976 Y99.402 E1365.17355
G1 X140.801 Y98.917 E1365.1907
G1 X140.74 Y98.408 E1365.20775
G1 X140.801 Y97.899 E1365.2248
G1 X140.976 Y97.414 E1365.24195
G1 X141.311 Y96.93 E1365.26152
G1 X141.711 Y96.582 E1365.27916
G1 X142.179 Y96.345 E1365.29661
G1 X142.647 Y96.229 E1365.31264
G1 X143.229 Y96.229 E1365.332
G1 X143.697 Y96.345 E1365.34804
G1 X144.165 Y96.582 E1365.36548
G1 X144.566 Y96.93 E1365.38314
G1 X144.9 Y97.412 E1365.40265
G1 F1530.6 X145.062 Y97.867 E1365.41839
G1 X145.048 Y97.385 E1365.43411
G1 F1500 X145.048 Y90.323 E1365.66899
G1 X144.995 Y89.841 E1365.68512
G1 X144.838 Y89.396 E1365.70081
G1 X144.586 Y88.998 E1365.71648
G1 X144.246 Y88.658 E1365.73247
G1 X143.852 Y88.41 E1365.74796
G1 X143.407 Y88.253 E1365.76365
G1 X142.925 Y88.2 E1365.77978
G1 X92.071 Y88.2 E1367.47119
G1 X91.593 Y88.253 E1367.48719
G1 X91.144 Y88.41 E1367.50301
G1 X90.75 Y88.658 E1367.51849
G1 X90.41 Y88.998 E1367.53449
G1 X90.158 Y89.396 E1367.55015
G1 X90.005 Y89.841 E1367.56581
G1 X89.948 Y90.324 E1367.58198
G1 X89.948 Y97.387 E1367.8169
G1 F1554.4 X89.935 Y97.901 E1367.8334
G1 X90.096 Y97.413 E1367.84989
G1 F1500 X90.43 Y96.93 E1367.86943
G1 X90.831 Y96.582 E1367.88708
G1 X91.299 Y96.345 E1367.90453
G1 X91.767 Y96.229 E1367.92057
G1 X92.349 Y96.229 E1367.93993
G1 X92.817 Y96.345 E1367.95596
G1 X93.285 Y96.582 E1367.97341
G1 X93.717 Y96.966 E1367.99264
G1 X94.019 Y97.412 E1368.01055
G1 X94.199 Y97.901 E1368.02788
G1 X94.256 Y98.408 E1368.04485
G1 X94.198 Y98.927 E1368.06222
G1 X93.997 Y99.446 E1368.08073
G1 X93.685 Y99.886 E1368.09867
G1 X93.286 Y100.233 E1368.11626
G1 X92.815 Y100.475 E1368.13387
G1 X92.347 Y100.587 E1368.14988
G1 X91.769 Y100.587 E1368.1691
G1 X91.254 Y100.457 E1368.18677
G1 X90.791 Y100.206 E1368.20428
G1 X90.43 Y99.886 E1368.22033
G1 X90.096 Y99.403 E1368.23986
G1 F1554.4 X89.935 Y98.915 E1368.25635
G1 X89.948 Y99.429 E1368.27286
G1 F1500 X89.948 Y139.019 E1369.58963
G1 F1554.4 X89.935 Y139.533 E1369.60613
G1 X90.096 Y139.045 E1369.62262
G1 F1500 X90.43 Y138.562 E1369.64215
G1 X90.83 Y138.215 E1369.65976
G1 X91.299 Y137.973 E1369.67732
G1 X91.767 Y137.857 E1369.69335
G1 X92.349 Y137.857 E1369.71271
G1 X92.817 Y137.973 E1369.72875
G1 X93.325 Y138.242 E1369.74787
G1 X93.717 Y138.598 E1369.76548
G1 X94.019 Y139.044 E1369.78339
G1 X94.199 Y139.533 E1369.80073
G1 X94.256 Y140.04 E1369.8177
G1 X94.198 Y140.555 E1369.83493
G1 X94.02 Y141.035 E1369.85196
G1 X93.686 Y141.513 E1369.87135
G1 X93.285 Y141.866 E1369.88912
G1 X92.817 Y142.103 E1369.90657
G1 X92.349 Y142.219 E1369.92261
G1 X91.767 Y142.219 E1369.94197
G1 X91.299 Y142.103 E1369.958
G1 X90.831 Y141.866 E1369.97545
G1 X90.4 Y141.479 E1369.99472
G1 X90.096 Y141.034 E1370.01264
G1 F1554.4 X89.935 Y140.543 E1370.02923
G1 X89.949 Y141.06 E1370.04583
G1 F1500 X89.948 Y144.676 E1370.16609
G1 X90.005 Y145.155 E1370.18214
G1 X90.158 Y145.604 E1370.19791
G1 X90.409 Y145.997 E1370.21342
G1 X90.75 Y146.338 E1370.22946
G1 X91.144 Y146.586 E1370.24495
G1 X91.594 Y146.743 E1370.2608
G1 X92.072 Y146.8 E1370.27681
G1 X94.676 Y146.8 E1370.36342
G1 F2700 E1365.36342
G0 F9000 X94.663 Y146.491
G0 X91.72 Y146.193
G0 X91.389 Y146.078
G0 X90.849 Y145.644
G0 X90.666 Y145.359
G0 X90.577 Y144.953
G0 X90.165 Y141.523
G0 X89.935 Y140.543
G1 F2700 E1370.36342
G1 F1754.4 X89.904 Y140.04 E1370.37775
G1 X89.935 Y139.533 E1370.3922
G1 F2700 E1365.3922
G0 F9000 X89.085 Y139.533
G0 X89.085 Y98.915
G0 X89.935 Y98.915
G1 F2700 E1370.3922
G1 F1754.4 X89.904 Y98.408 E1370.40664
G1 X89.935 Y97.901 E1370.42109
G1 F2700 E1365.42109
G0 F9000 X145.063 Y97.901
G1 F2700 E1370.42109
G1 F1769.9 X145.094 Y98.408 E1370.4354
G1 X145.063 Y98.924 E1370.44998
G1 F2700 E1365.44998
G0 F9000 X144.233 Y98.728
G0 X142.779 Y99.731
G0 X94.623 Y146.04
;TYPE:SKIN
G1 F2700 E1370.44998
G1 F1500 X92.121 Y146.04 E1370.53319
G1 X91.766 Y145.996 E1370.54509
G1 X91.473 Y145.894 E1370.55541
G1 X91.231 Y145.739 E1370.56497
G1 X91.005 Y145.513 E1370.5756
G1 X90.846 Y145.267 E1370.58534
G1 X90.749 Y144.987 E1370.5952
G1 X90.708 Y144.628 E1370.60721
G1 X90.708 Y142.659 E1370.6727
G1 X90.979 Y142.802 E1370.68289
G1 X91.672 Y142.979 E1370.70668
G1 X92.419 Y142.982 E1370.73153
G1 X93.088 Y142.819 E1370.75443
G1 X93.759 Y142.469 E1370.7796
G1 X94.255 Y142.021 E1370.80183
G1 X94.696 Y141.396 E1370.82727
G1 X94.942 Y140.739 E1370.85061
G1 X95.016 Y140.036 E1370.87412
G1 X94.932 Y139.301 E1370.89872
G1 X94.677 Y138.645 E1370.92213
G1 X94.258 Y138.054 E1370.94623
G1 X93.721 Y137.582 E1370.97001
G1 X93.133 Y137.274 E1370.99208
G1 X92.44 Y137.097 E1371.01587
G1 X91.671 Y137.097 E1371.04145
G1 X91.027 Y137.257 E1371.06352
G1 X90.708 Y137.418 E1371.07541
G1 X90.708 Y101.031 E1372.28564
G1 X90.979 Y101.174 E1372.29583
G1 X91.673 Y101.347 E1372.31962
G1 X92.438 Y101.347 E1372.34507
G1 X93.131 Y101.177 E1372.3688
G1 X93.719 Y100.861 E1372.391
G1 X94.257 Y100.39 E1372.41478
G1 X94.677 Y99.799 E1372.4389
G1 X94.938 Y99.115 E1372.46325
G1 X95.016 Y98.404 E1372.48704
G1 X94.932 Y97.664 E1372.51181
G1 X94.7 Y97.056 E1372.53345
G1 X94.257 Y96.422 E1372.55918
G1 X93.753 Y95.974 E1372.58161
G1 X93.088 Y95.629 E1372.60652
G1 X92.44 Y95.469 E1372.62872
G1 X91.672 Y95.469 E1372.65427
G1 X91.024 Y95.629 E1372.67647
G1 X90.708 Y95.789 E1372.68825
G1 X90.708 Y90.368 E1372.86855
G1 X90.749 Y90.009 E1372.88057
G1 X90.846 Y89.728 E1372.89046
G1 X91.01 Y89.47 E1372.90063
G1 X91.226 Y89.254 E1372.91079
G1 X91.472 Y89.098 E1372.92047
G1 X91.76 Y88.997 E1372.93062
G1 X92.111 Y88.96 E1372.94236
G1 X142.881 Y88.96 E1374.63098
G1 X143.236 Y88.997 E1374.64285
G1 X143.523 Y89.097 E1374.65296
G1 X143.761 Y89.253 E1374.66243
G1 X143.991 Y89.479 E1374.67315
G1 X144.146 Y89.724 E1374.68279
G1 X144.247 Y90.013 E1374.69297
G1 X144.288 Y90.364 E1374.70473
G1 X144.288 Y95.79 E1374.8852
G1 X143.969 Y95.629 E1374.89708
G1 X143.32 Y95.469 E1374.91931
G1 X142.552 Y95.469 E1374.94486
G1 X141.904 Y95.629 E1374.96706
G1 X141.283 Y95.946 E1374.99025
G1 X140.735 Y96.421 E1375.01437
G1 X140.315 Y97.018 E1375.03865
G1 X140.064 Y97.674 E1375.06201
G1 X139.98 Y98.404 E1375.08645
G1 X140.058 Y99.119 E1375.11037
G1 X140.292 Y99.755 E1375.13291
G1 X140.703 Y100.355 E1375.1571
G1 X141.273 Y100.861 E1375.18245
G1 X141.861 Y101.177 E1375.20465
G1 X142.554 Y101.347 E1375.22838
G1 X143.315 Y101.347 E1375.2537
G1 X143.963 Y101.191 E1375.27586
G1 X144.284 Y101.03 E1375.28781
G1 X144.288 Y115.632 E1375.77347
G1 X144.247 Y115.982 E1375.78519
G1 X144.146 Y116.268 E1375.79528
G1 X143.99 Y116.514 E1375.80497
G1 X143.762 Y116.743 E1375.81572
G1 X143.524 Y116.894 E1375.82509
G1 X143.23 Y116.996 E1375.83544
G1 X142.875 Y117.04 E1375.84734
G1 X140.373 Y117.04 E1375.93056
G1 X140.019 Y116.996 E1375.94242
G1 X139.719 Y116.89 E1375.953
G1 X139.47 Y116.738 E1375.96271
G1 X139.254 Y116.518 E1375.97296
G1 X139.098 Y116.272 E1375.98265
G1 X138.997 Y115.984 E1375.9928
G1 X138.96 Y115.633 E1376.00454
G1 X138.96 Y91.004 E1376.8237
G1 X138.922 Y90.723 E1376.83314
G1 X138.769 Y90.417 E1376.84451
G1 X138.45 Y90.144 E1376.85848
G1 X138.044 Y90.045 E1376.87238
G1 X96.865 Y90.042 E1378.242
G1 X96.539 Y90.15 E1378.25342
G1 X96.232 Y90.418 E1378.26697
G1 X96.09 Y90.692 E1378.27724
G1 X96.041 Y90.978 E1378.28689
G1 X96.04 Y144.623 E1380.07113
G1 X95.996 Y144.982 E1380.08316
G1 X95.894 Y145.271 E1380.09335
G1 X95.739 Y145.513 E1380.10291
G1 X95.513 Y145.739 E1380.11354
G1 X95.271 Y145.894 E1380.1231
G1 X94.982 Y145.996 E1380.13329
G1 X94.623 Y146.04 E1380.14532
G1 F2700 E1375.14532
G0 F9000 X94.623 Y146.3
G0 X95.359 Y146.078
G0 X95.897 Y145.645
G0 X96.193 Y145.028
G0 X96.575 Y141.503
G0 X96.562 Y90.562
G0 X117.411 Y90.3
G0 X117.411 Y89.672
G1 F2700 E1380.14532
G1 F1759.5 X97.006 Y89.673 E1380.72389
G1 F1754.4 X96.952 Y89.331 E1380.73374
G1 F1759.5 X138.035 Y89.33 E1381.89862
G1 F1764.7 X137.993 Y89.67 E1381.9083
G1 X117.411 Y89.672 E1382.49018
G1 F2700 E1377.49018
G0 F9000 X117.411 Y90.3
G0 X138.609 Y90.544
G0 X138.803 Y116.03
G0 X139.099 Y116.645
G0 X139.349 Y116.896
G0 X139.969 Y117.193
G0 X140.357 Y117.239
G0 X142.891 Y117.239
G0 X143.279 Y117.193
G0 X143.606 Y117.079
G0 X144.147 Y116.644
G0 X144.33 Y116.356
G0 X144.445 Y116.03
G0 X144.487 Y115.646
G0 X144.466 Y100.731
G0 X141.958 Y100.999
G0 X140.257 Y99.079
G0 X140.869 Y96.572
G0 X143.276 Y95.663
G0 X144.468 Y96.088
G0 X144.542 Y90.296
G0 X144.085 Y90.345
G1 F2700 E1382.49018
G1 F1500 X142.904 Y89.164 E1382.54573
G0 F9000 X142.335 Y89.161
G1 F1500 X144.088 Y90.913 E1382.62816
G0 F9000 X144.088 Y91.479
G1 F1500 X141.769 Y89.161 E1382.73721
G0 F9000 X141.204 Y89.161
G1 F1500 X144.088 Y92.045 E1382.87287
G0 F9000 X144.088 Y92.61
G1 F1500 X140.638 Y89.161 E1383.03512
G0 F9000 X140.072 Y89.161
G1 F1500 X144.088 Y93.176 E1383.224
G0 F9000 X144.088 Y93.742
G1 F1500 X139.507 Y89.161 E1383.43948
G0 F9000 X138.941 Y89.161
G1 F1500 X144.088 Y94.308 E1383.68158
G0 F9000 X144.088 Y94.873
G1 F1500 X138.375 Y89.161 E1383.95027
G0 F9000 X138.184 Y89.535
G1 F1500 X144.088 Y95.439 E1384.22798
G0 F9000 X143.354 Y95.271
G1 F1500 X139.16 Y91.077 E1384.42525
G0 F9000 X139.16 Y91.642
G1 F1500 X142.781 Y95.264 E1384.5956
G0 F9000 X142.281 Y95.329
G1 F1500 X139.16 Y92.208 E1384.7424
G0 F9000 X139.16 Y92.774
G1 F1500 X141.828 Y95.442 E1384.86789
G0 F9000 X141.452 Y95.632
G1 F1500 X139.16 Y93.34 E1384.9757
G0 F9000 X139.16 Y93.905
G1 F1500 X141.093 Y95.838 E1385.06663
G0 F9000 X140.792 Y96.103
G1 F1500 X139.16 Y94.471 E1385.14339
G0 F9000 X139.16 Y95.037
G1 F1500 X140.51 Y96.386 E1385.20687
G0 F9000 X140.279 Y96.721
G1 F1500 X139.16 Y95.602 E1385.2595
G0 F9000 X139.16 Y96.168
G1 F1500 X140.072 Y97.08 E1385.3024
G0 F9000 X139.918 Y97.492
G1 F1500 X139.16 Y96.734 E1385.33805
G0 F9000 X139.16 Y97.299
G1 F1500 X139.827 Y97.966 E1385.36943
G0 F9000 X139.79 Y98.495
G1 F1500 X139.16 Y97.865 E1385.39906
G0 F9000 X139.16 Y98.431
G1 F1500 X139.859 Y99.129 E1385.43191
G0 F9000 X139.16 Y98.996
G1 F1500 X140.323 Y100.16 E1385.48664
G0 F9000 X140.704 Y99.898
G0 X142.601 Y101.153
G0 X144.466 Y100.731
G0 X144.487 Y115.646
G0 X144.445 Y116.03
G0 X144.33 Y116.356
G0 X143.893 Y116.897
G0 X143.606 Y117.079
G0 X143.279 Y117.193
G0 X142.891 Y117.239
G0 X140.357 Y117.239
G0 X139.969 Y117.193
G0 X139.349 Y116.896
G0 X138.918 Y116.359
G0 X138.803 Y116.03
G0 X138.7 Y100.128
G0 X139.16 Y100.128
G1 F1500 X144.086 Y105.054 E1385.71835
G0 F9000 X144.086 Y105.62
G1 F1500 X139.16 Y100.693 E1385.95007
G0 F9000 X139.16 Y101.259
G1 F1500 X144.086 Y106.186 E1386.1818
G0 F9000 X144.086 Y106.751
G1 F1500 X139.16 Y101.825 E1386.4135
G0 F9000 X139.16 Y102.39
G1 F1500 X144.086 Y107.317 E1386.64523
G0 F9000 X144.086 Y107.883
G1 F1500 X139.16 Y102.956 E1386.87696
G0 F9000 X139.16 Y103.522
G1 F1500 X144.086 Y108.448 E1387.10866
G0 F9000 X144.087 Y109.015
G1 F1500 X139.16 Y104.088 E1387.34041
G0 F9000 X139.16 Y104.653
G1 F1500 X144.087 Y109.58 E1387.57216
G0 F9000 X144.087 Y110.146
G1 F1500 X139.16 Y105.219 E1387.80392
G0 F9000 X139.16 Y105.785
G1 F1500 X144.087 Y110.712 E1388.03567
G0 F9000 X144.087 Y111.277
G1 F1500 X139.16 Y106.35 E1388.26742
G0 F9000 X139.16 Y106.916
G1 F1500 X144.087 Y111.843 E1388.49917
G0 F9000 X144.088 Y112.409
G1 F1500 X139.16 Y107.482 E1388.73094
G0 F9000 X139.16 Y108.047
G1 F1500 X144.088 Y112.975 E1388.96274
G0 F9000 X144.088 Y113.541
G1 F1500 X139.16 Y108.613 E1389.19454
G0 F9000 X139.16 Y109.179
G1 F1500 X144.088 Y114.107 E1389.42634
G0 F9000 X144.088 Y114.672
G1 F1500 X139.16 Y109.744 E1389.65814
G0 F9000 X139.16 Y110.31
G1 F1500 X144.088 Y115.238 E1389.88993
G0 F9000 X144.069 Y115.785
G1 F1500 X139.16 Y110.876 E1390.12084
G0 F9000 X139.16 Y111.441
G1 F1500 X143.939 Y116.221 E1390.34565
G0 F9000 X143.688 Y116.535
G1 F1500 X139.16 Y112.007 E1390.55863
G0 F9000 X139.16 Y112.573
G1 F1500 X143.335 Y116.748 E1390.75501
G0 F9000 X142.862 Y116.84
G1 F1500 X139.16 Y113.138 E1390.92914
G0 F9000 X139.16 Y113.704
G1 F1500 X142.296 Y116.84 E1391.07665
G0 F9000 X141.73 Y116.84
G1 F1500 X139.16 Y114.27 E1391.19754
G0 F9000 X139.16 Y114.836
G1 F1500 X141.165 Y116.84 E1391.29182
G0 F9000 X140.599 Y116.84
G1 F1500 X139.16 Y115.401 E1391.35951
G0 F9000 X139.225 Y116.032
G1 F1500 X139.953 Y116.76 E1391.39375
G1 F2700 E1386.39375
G0 F9000 X139.799 Y117.197
G0 X142.891 Y117.239
G0 X143.279 Y117.193
G0 X143.606 Y117.079
G0 X144.147 Y116.644
G0 X144.33 Y116.356
G0 X144.445 Y116.03
G0 X144.547 Y104.488
G0 X144.086 Y104.488
G1 F2700 E1391.39375
G1 F1500 X139.16 Y99.562 E1391.62546
G1 F2700 E1386.62546
G0 F9000 X138.7 Y99.562
G0 X138.762 Y115.646
G0 X138.803 Y116.03
G0 X139.099 Y116.645
G0 X139.349 Y116.896
G0 X139.969 Y117.193
G0 X140.357 Y117.239
G0 X142.891 Y117.239
G0 X143.279 Y117.193
G0 X143.606 Y117.079
G0 X144.147 Y116.644
G0 X144.33 Y116.356
G0 X144.445 Y116.03
G0 X144.487 Y115.646
G0 X144.466 Y100.731
G0 X143.044 Y100.883
G0 X141.441 Y100.657
G0 X141.226 Y101.063
G1 F2700 E1391.62546
G1 F1500 X144.086 Y103.922 E1391.75996
G0 F9000 X144.086 Y103.356
G1 F1500 X142.198 Y101.469 E1391.84874
G0 F9000 X142.847 Y101.552
G1 F1500 X144.086 Y102.791 E1391.90702
G0 F9000 X144.086 Y102.225
G1 F1500 X143.394 Y101.533 E1391.93957
G0 F9000 X143.85 Y101.424
G1 F1500 X144.086 Y101.659 E1391.95064
G1 F2700 E1386.95064
G0 F9000 X144.547 Y101.659
G0 X144.487 Y115.646
G0 X144.445 Y116.03
G0 X144.33 Y116.356
G0 X143.893 Y116.897
G0 X143.606 Y117.079
G0 X143.279 Y117.193
G0 X142.891 Y117.239
G0 X140.357 Y117.239
G0 X139.969 Y117.193
G0 X139.349 Y116.896
G0 X138.918 Y116.359
G0 X138.803 Y116.03
G0 X138.438 Y90.562
G0 X96.562 Y90.562
G0 X96.3 Y101.5
G0 X95.843 Y101.5
G1 F2700 E1391.95064
G1 F1500 X94.6 Y100.256 E1392.00914
G0 F9000 X94.352 Y100.575
G1 F1500 X95.843 Y102.065 E1392.07924
G0 F9000 X95.843 Y102.631
G1 F1500 X94.052 Y100.84 E1392.16349
G0 F9000 X93.729 Y101.083
G1 F1500 X95.843 Y103.197 E1392.26292
G0 F9000 X95.843 Y103.762
G1 F1500 X93.361 Y101.281 E1392.37965
G0 F9000 X92.948 Y101.433
G1 F1500 X95.843 Y104.328 E1392.51582
G0 F9000 X95.843 Y104.894
G1 F1500 X92.49 Y101.541 E1392.67353
G0 F9000 X91.935 Y101.552
G1 F1500 X95.843 Y105.459 E1392.85733
G0 F9000 X95.843 Y106.025
G1 F1500 X91.275 Y101.457 E1393.07219
G0 F9000 X90.909 Y101.657
G1 F1500 X95.843 Y106.591 E1393.30427
G0 F9000 X95.843 Y107.156
G1 F1500 X90.909 Y102.223 E1393.53633
G0 F9000 X90.909 Y102.789
G1 F1500 X95.843 Y107.722 E1393.76839
G0 F9000 X95.843 Y108.288
G1 F1500 X90.909 Y103.354 E1394.00047
G0 F9000 X90.909 Y103.92
G1 F1500 X95.843 Y108.853 E1394.23252
G0 F9000 X95.842 Y109.418
G1 F1500 X90.909 Y104.486 E1394.46453
G0 F9000 X90.909 Y105.051
G1 F1500 X95.842 Y109.984 E1394.69657
G0 F9000 X95.842 Y110.55
G1 F1500 X90.909 Y105.617 E1394.9286
G0 F9000 X90.909 Y106.183
G1 F1500 X95.842 Y111.115 E1395.16061
G0 F9000 X95.842 Y111.681
G1 F1500 X90.909 Y106.748 E1395.39264
G0 F9000 X90.909 Y107.314
G1 F1500 X95.842 Y112.247 E1395.62468
G0 F9000 X95.842 Y112.813
G1 F1500 X90.909 Y107.88 E1395.85671
G0 F9000 X90.909 Y108.445
G1 F1500 X95.842 Y113.378 E1396.08874
G0 F9000 X95.842 Y113.944
G1 F1500 X90.909 Y109.011 E1396.32078
G0 F9000 X90.909 Y109.577
G1 F1500 X95.842 Y114.51 E1396.55281
G0 F9000 X95.842 Y115.075
G1 F1500 X90.909 Y110.142 E1396.78484
G0 F9000 X90.909 Y110.708
G1 F1500 X95.842 Y115.641 E1397.01688
G0 F9000 X95.842 Y116.207
G1 F1500 X90.909 Y111.274 E1397.24891
G0 F9000 X90.909 Y111.84
G1 F1500 X95.842 Y116.772 E1397.48092
G0 F9000 X95.842 Y117.338
G1 F1500 X90.909 Y112.405 E1397.71295
G0 F9000 X90.909 Y112.971
G1 F1500 X95.842 Y117.904 E1397.94498
G0 F9000 X95.842 Y118.469
G1 F1500 X90.909 Y113.537 E1398.17699
G0 F9000 X90.909 Y114.102
G1 F1500 X95.842 Y119.035 E1398.40903
G0 F9000 X95.841 Y119.6
G1 F1500 X90.909 Y114.668 E1398.64101
G0 F9000 X90.909 Y115.234
G1 F1500 X95.841 Y120.166 E1398.873
G0 F9000 X95.841 Y120.731
G1 F1500 X90.909 Y115.799 E1399.10499
G0 F9000 X90.909 Y116.365
G1 F1500 X95.841 Y121.297 E1399.33697
G0 F9000 X95.841 Y121.863
G1 F1500 X90.909 Y116.931 E1399.56896
G0 F9000 X90.909 Y117.496
G1 F1500 X95.841 Y122.428 E1399.80094
G0 F9000 X95.841 Y122.994
G1 F1500 X90.909 Y118.062 E1400.03293
G0 F9000 X90.909 Y118.628
G1 F1500 X95.841 Y123.56 E1400.26492
G0 F9000 X95.841 Y124.126
G1 F1500 X90.909 Y119.193 E1400.49693
G0 F9000 X90.909 Y119.759
G1 F1500 X95.841 Y124.691 E1400.72891
G0 F9000 X95.841 Y125.257
G1 F1500 X90.909 Y120.325 E1400.9609
G0 F9000 X90.909 Y120.891
G1 F1500 X95.841 Y125.823 E1401.19289
G0 F9000 X95.841 Y126.388
G1 F1500 X90.909 Y121.456 E1401.42487
G0 F9000 X90.909 Y122.022
G1 F1500 X95.841 Y126.954 E1401.65686
G0 F9000 X95.841 Y127.52
G1 F1500 X90.909 Y122.588 E1401.88884
G0 F9000 X90.909 Y123.153
G1 F1500 X95.841 Y128.085 E1402.12083
G0 F9000 X95.841 Y128.651
G1 F1500 X90.909 Y123.719 E1402.35282
G0 F9000 X90.909 Y124.285
G1 F1500 X95.841 Y129.217 E1402.5848
G0 F9000 X95.841 Y129.782
G1 F1500 X90.909 Y124.85 E1402.81679
G0 F9000 X90.909 Y125.416
G1 F1500 X95.841 Y130.347 E1403.04875
G0 F9000 X95.841 Y130.913
G1 F1500 X90.909 Y125.982 E1403.28071
G0 F9000 X90.909 Y126.547
G1 F1500 X95.841 Y131.479 E1403.5127
G0 F9000 X95.841 Y132.044
G1 F1500 X90.909 Y127.113 E1403.74466
G0 F9000 X90.909 Y127.679
G1 F1500 X95.841 Y132.61 E1403.97662
G0 F9000 X95.841 Y133.176
G1 F1500 X90.909 Y128.244 E1404.20861
G0 F9000 X90.909 Y128.81
G1 F1500 X95.841 Y133.741 E1404.44057
G0 F9000 X95.841 Y134.307
G1 F1500 X90.909 Y129.376 E1404.67254
G0 F9000 X90.909 Y129.941
G1 F1500 X95.841 Y134.873 E1404.90452
G0 F9000 X95.841 Y135.439
G1 F1500 X90.909 Y130.507 E1405.13651
G0 F9000 X90.909 Y131.073
G1 F1500 X95.841 Y136.004 E1405.36847
G0 F9000 X95.841 Y136.57
G1 F1500 X90.909 Y131.639 E1405.60043
G0 F9000 X90.909 Y132.204
G1 F1500 X95.841 Y137.136 E1405.83242
G0 F9000 X95.841 Y137.701
G1 F1500 X90.909 Y132.77 E1406.06438
G0 F9000 X90.909 Y133.336
G1 F1500 X95.841 Y138.267 E1406.29635
G0 F9000 X95.841 Y138.833
G1 F1500 X90.909 Y133.901 E1406.52833
G0 F9000 X90.909 Y134.467
G1 F1500 X93.977 Y137.535 E1406.67264
G0 F9000 X94.531 Y138.089
G1 F1500 X95.841 Y139.398 E1406.73424
G0 F9000 X95.841 Y139.964
G1 F1500 X95.125 Y139.248 E1406.76791
G0 F9000 X95.2 Y139.889
G1 F1500 X95.841 Y140.53 E1406.79806
G0 F9000 X95.841 Y141.095
G1 F1500 X95.174 Y140.429 E1406.82942
G0 F9000 X95.092 Y140.913
G1 F1500 X95.841 Y141.661 E1406.86462
G0 F9000 X95.841 Y142.227
G1 F1500 X94.938 Y141.324 E1406.9071
G0 F9000 X94.739 Y141.691
G1 F1500 X95.841 Y142.792 E1406.95891
G0 F9000 X95.841 Y143.358
G1 F1500 X94.504 Y142.022 E1407.02177
G0 F9000 X94.23 Y142.314
G1 F1500 X95.841 Y143.924 E1407.09753
G0 F9000 X95.841 Y144.489
G1 F1500 X93.933 Y142.582 E1407.18725
G0 F9000 X93.581 Y142.795
G1 F1500 X95.78 Y144.994 E1407.29068
G0 F9000 X95.591 Y145.371
G1 F1500 X93.209 Y142.989 E1407.40272
G0 F9000 X92.759 Y143.105
G1 F1500 X95.295 Y145.641 E1407.52201
G0 F9000 X94.893 Y145.805
G1 F1500 X92.269 Y143.181 E1407.64544
G0 F9000 X91.707 Y143.184
G1 F1500 X94.363 Y145.84 E1407.77037
G0 F9000 X93.797 Y145.84
G1 F1500 X90.968 Y143.011 E1407.90343
G0 F9000 X90.908 Y143.517
G1 F1500 X93.231 Y145.84 E1408.0127
G0 F9000 X92.666 Y145.84
G1 F1500 X90.908 Y144.082 E1408.09539
G0 F9000 X90.911 Y144.651
G1 F1500 X92.095 Y145.835 E1408.15108
G1 F2700 E1403.15108
G0 F9000 X92.041 Y146.292
G0 X91.389 Y146.078
G0 X90.849 Y145.644
G0 X90.666 Y145.359
G0 X90.509 Y144.643
G0 X90.528 Y142.36
G0 X92.354 Y142.474
G0 X92.929 Y142.334
G0 X93.453 Y142.057
G0 X93.896 Y141.665
G0 X94.233 Y141.177
G0 X94.441 Y140.627
G0 X94.513 Y140.039
G0 X94.441 Y139.452
G0 X94.231 Y138.9
G0 X93.895 Y138.413
G0 X93.453 Y138.023
G0 X92.929 Y137.746
G0 X91.3 Y137.458
G0 X91.19 Y137.01
G1 F2700 E1408.15108
G1 F1500 X90.909 Y136.73 E1408.16428
G0 F9000 X90.909 Y136.164
G1 F1500 X91.643 Y136.898 E1408.1988
G0 F9000 X92.202 Y136.892
G1 F1500 X90.909 Y135.598 E1408.25964
G0 F9000 X90.909 Y135.033
G1 F1500 X92.875 Y136.998 E1408.35209
G1 F2700 E1403.35209
G0 F9000 X92.763 Y137.445
G0 X94.511 Y138.759
G0 X94.509 Y141.326
G0 X92.386 Y142.785
G0 X90.528 Y142.36
G0 X90.509 Y144.643
G0 X90.666 Y145.359
G0 X91.103 Y145.897
G0 X91.389 Y146.078
G0 X91.72 Y146.193
G0 X92.105 Y146.239
G0 X94.643 Y146.239
G0 X95.028 Y146.193
G0 X95.359 Y146.078
G0 X95.897 Y145.645
G0 X96.193 Y145.028
G0 X96.3 Y100.934
G0 X95.843 Y100.934
G1 F2700 E1408.35209
G1 F1500 X94.833 Y99.924 E1408.3996
G0 F9000 X95 Y99.525
G1 F1500 X95.843 Y100.368 E1408.43925
G0 F9000 X95.843 Y99.802
G1 F1500 X95.14 Y99.1 E1408.4723
G0 F9000 X95.196 Y98.59
G1 F1500 X95.843 Y99.237 E1408.50273
G0 F9000 X95.843 Y98.671
G1 F1500 X95.174 Y98.002 E1408.5342
G0 F9000 X95.843 Y98.105
G1 F1500 X94.988 Y97.251 E1408.57439
G0 F9000 X95.843 Y96.974
G1 F1500 X90.908 Y92.039 E1408.80652
G0 F9000 X90.908 Y92.605
G1 F1500 X95.843 Y97.54 E1409.03865
G0 F9000 X96.3 Y97.54
G0 X96.3 Y96.408
G0 X95.843 Y96.408
G1 F1500 X90.908 Y91.473 E1409.27077
G0 F9000 X90.908 Y90.908
G1 F1500 X95.843 Y95.843 E1409.5029
G0 F9000 X95.843 Y95.277
G1 F1500 X90.911 Y90.346 E1409.73486
G0 F9000 X91.006 Y89.875
G1 F1500 X95.843 Y94.711 E1409.96236
G0 F9000 X95.843 Y94.146
G1 F1500 X91.23 Y89.533 E1410.17934
G0 F9000 X91.549 Y89.286
G1 F1500 X95.843 Y93.58 E1410.38132
G0 F9000 X95.843 Y93.014
G1 F1500 X92.001 Y89.173 E1410.56201
G0 F9000 X92.554 Y89.16
G1 F1500 X95.843 Y92.449 E1410.71671
G0 F9000 X95.843 Y91.883
G1 F1500 X93.12 Y89.16 E1410.84479
G0 F9000 X93.685 Y89.16
G1 F1500 X95.843 Y91.317 E1410.94628
G0 F9000 X95.876 Y90.785
G1 F1500 X94.251 Y89.16 E1411.02271
G0 F9000 X94.817 Y89.16
G1 F1500 X96.03 Y90.373 E1411.07977
G0 F9000 X96.308 Y90.085
G1 F1500 X95.382 Y89.16 E1411.1233
G0 F9000 X95.948 Y89.16
G1 F1500 X96.681 Y89.892 E1411.15775
G0 F9000 X96.799 Y89.445
G1 F1500 X96.514 Y89.16 E1411.17116
G1 F2700 E1406.17116
G0 F9000 X96.514 Y88.7
G0 X91.718 Y88.803
G0 X91.103 Y89.099
G0 X90.85 Y89.35
G0 X90.667 Y89.64
G0 X90.555 Y89.967
G0 X90.448 Y93.171
G0 X90.908 Y93.171
G1 F2700 E1411.17116
G1 F1500 X93.185 Y95.447 E1411.27824
G0 F9000 X92.436 Y95.264
G1 F1500 X90.908 Y93.736 E1411.35011
G0 F9000 X90.908 Y94.302
G1 F1500 X91.87 Y95.264 E1411.39536
G0 F9000 X91.376 Y95.336
G1 F1500 X90.908 Y94.868 E1411.41737
G1 F2700 E1406.41737
;MESH:NONMESH
G0 F300 Z8
G0 F9000 X90.448 Y94.868
G0 X90.579 Y96.479
G0 X91.191 Y96.116
G0 X91.766 Y95.976
G0 X92.354 Y95.976
G0 X92.929 Y96.116
G0 X93.453 Y96.393
G0 X93.895 Y96.783
G0 X94.231 Y97.27
G0 X94.441 Y97.822
G0 X94.513 Y98.409
G0 X94.441 Y98.997
G0 X94.233 Y99.547
G0 X93.896 Y100.035
G0 X93.453 Y100.427
G0 X92.929 Y100.704
G0 X92.354 Y100.844
G0 X90.53 Y100.731
G0 X90.53 Y137.717
G0 X93.042 Y137.452
G0 X93.974 Y138.052
G0 X94.441 Y139.452
G0 X94.513 Y140.039
G0 X94.27 Y141.689
G0 X92.386 Y142.785
G0 X90.528 Y142.36
G0 X90.509 Y144.643
G0 X90.666 Y145.359
G0 X91.103 Y145.897
G0 X91.389 Y146.078
G0 X91.687 Y146.182
G0 X94.651 Y146.347
;TIME_ELAPSED:2422.458690
;LAYER:39
;TYPE:WALL-INNER
;MESH:battery holder-BodyChamfer.stl
G1 F2700 E1411.41737
G1 F1500 X95.051 Y146.303 E1411.43076
G1 X95.409 Y146.179 E1411.44336
G1 X95.714 Y145.985 E1411.45538
G1 X95.985 Y145.714 E1411.46813
G1 X96.179 Y145.409 E1411.48015
G1 X96.303 Y145.05 E1411.49278
G1 X96.348 Y144.654 E1411.50604
G1 X96.348 Y90.827 E1413.29633
G1 X96.468 Y90.587 E1413.30526
G1 X96.665 Y90.418 E1413.31389
G1 X96.87 Y90.348 E1413.3211
G1 X138.048 Y90.348 E1414.69068
G1 X138.331 Y90.418 E1414.70038
G1 X138.528 Y90.587 E1414.70901
G1 X138.648 Y90.827 E1414.71794
G1 X138.648 Y115.65 E1415.54355
G1 X138.693 Y116.049 E1415.55691
G1 X138.82 Y116.409 E1415.5696
G1 X139.013 Y116.715 E1415.58164
G1 X139.282 Y116.985 E1415.59431
G1 X139.587 Y117.179 E1415.60634
G1 X139.945 Y117.303 E1415.61894
G1 X140.346 Y117.348 E1415.63236
G1 X142.902 Y117.348 E1415.71737
G1 X143.302 Y117.303 E1415.73076
G1 X143.657 Y117.179 E1415.74327
G1 X143.966 Y116.984 E1415.75542
G1 X144.235 Y116.715 E1415.76807
G1 X144.428 Y116.409 E1415.7801
G1 X144.555 Y116.049 E1415.7928
G1 X144.6 Y115.65 E1415.80616
G1 X144.6 Y100.458 E1416.31144
G1 X144.38 Y100.629 E1416.32071
G1 X143.876 Y100.891 E1416.3396
G1 X143.263 Y101.044 E1416.36062
G1 X142.612 Y101.044 E1416.38227
G1 X141.995 Y100.888 E1416.40344
G1 X141.433 Y100.595 E1416.42452
G1 X140.957 Y100.176 E1416.44561
G1 X140.589 Y99.643 E1416.46715
G1 X140.362 Y99.051 E1416.48824
G1 X140.288 Y98.408 E1416.50977
G1 X140.36 Y97.771 E1416.53109
G1 X140.589 Y97.173 E1416.55239
G1 X140.957 Y96.64 E1416.57393
G1 X141.433 Y96.221 E1416.59502
G1 X141.995 Y95.928 E1416.6161
G1 X142.612 Y95.772 E1416.63727
G1 X143.263 Y95.772 E1416.65892
G1 X143.876 Y95.925 E1416.67993
G1 X144.38 Y96.187 E1416.69883
G1 X144.6 Y96.358 E1416.7081
G1 X144.6 Y90.346 E1416.90806
G1 X144.555 Y89.947 E1416.92141
G1 X144.428 Y89.587 E1416.93411
G1 X144.235 Y89.281 E1416.94614
G1 X143.968 Y89.013 E1416.95872
G1 X143.657 Y88.82 E1416.9709
G1 X143.3 Y88.693 E1416.9835
G1 X142.902 Y88.648 E1416.99682
G1 X92.095 Y88.648 E1418.68667
G1 X91.7 Y88.693 E1418.69989
G1 X91.339 Y88.82 E1418.71262
G1 X91.033 Y89.013 E1418.72465
G1 X90.763 Y89.282 E1418.73733
G1 X90.569 Y89.587 E1418.74935
G1 X90.445 Y89.945 E1418.76195
G1 X90.4 Y90.346 E1418.77537
G1 X90.4 Y96.358 E1418.97533
G1 X90.615 Y96.189 E1418.98443
G1 X91.114 Y95.926 E1419.00319
G1 X91.736 Y95.777 E1419.02446
G1 X92.381 Y95.771 E1419.04592
G1 X93 Y95.927 E1419.06715
G1 X93.568 Y96.223 E1419.08845
G1 X94.04 Y96.641 E1419.10942
G1 X94.414 Y97.181 E1419.13127
G1 X94.636 Y97.776 E1419.15239
G1 X94.708 Y98.404 E1419.17342
G1 X94.635 Y99.046 E1419.19491
G1 X94.414 Y99.639 E1419.21595
G1 X94.044 Y100.169 E1419.23745
G1 X93.569 Y100.593 E1419.25863
G1 X93 Y100.889 E1419.27996
G1 X92.383 Y101.044 E1419.30112
G1 X91.731 Y101.044 E1419.32281
G1 X91.123 Y100.89 E1419.34367
G1 X90.618 Y100.631 E1419.36255
G1 X90.4 Y100.461 E1419.37174
G1 X90.4 Y137.99 E1420.61996
G1 X90.618 Y137.82 E1420.62915
G1 X91.116 Y137.56 E1420.64784
G1 X91.733 Y137.404 E1420.66901
G1 X92.381 Y137.404 E1420.69056
G1 X93 Y137.558 E1420.71177
G1 X93.569 Y137.855 E1420.73312
G1 X94.037 Y138.271 E1420.75395
G1 X94.414 Y138.809 E1420.7758
G1 X94.636 Y139.404 E1420.79692
G1 X94.708 Y140.036 E1420.81808
G1 X94.635 Y140.677 E1420.83954
G1 X94.413 Y141.267 E1420.8605
G1 X94.044 Y141.801 E1420.88209
G1 X93.569 Y142.225 E1420.90327
G1 X92.998 Y142.522 E1420.92467
G1 X92.375 Y142.672 E1420.94599
G1 X91.733 Y142.672 E1420.96734
G1 X91.124 Y142.522 E1420.9882
G1 X90.613 Y142.256 E1421.00736
G1 X90.4 Y142.089 E1421.01636
G1 X90.401 Y144.654 E1421.10168
G1 X90.445 Y145.05 E1421.11493
G1 X90.569 Y145.409 E1421.12756
G1 X90.763 Y145.714 E1421.13958
G1 X91.035 Y145.985 E1421.15235
G1 X91.34 Y146.18 E1421.1644
G1 X91.694 Y146.303 E1421.17686
G1 X92.094 Y146.348 E1421.19025
G1 X94.651 Y146.347 E1421.27529
G0 F9000 X94.673 Y146.747
;TYPE:WALL-OUTER
G1 F1500 X95.139 Y146.695 E1421.29089
G1 X95.584 Y146.542 E1421.30654
G1 X95.966 Y146.299 E1421.3216
G1 X96.299 Y145.966 E1421.33726
G1 X96.542 Y145.584 E1421.35232
G1 X96.695 Y145.139 E1421.36797
G1 X96.748 Y144.676 E1421.38347
G1 X96.748 Y90.907 E1423.17184
G1 X96.788 Y90.827 E1423.17481
G1 X96.913 Y90.751 E1423.17968
G1 X138.125 Y90.748 E1424.55039
G1 X138.248 Y90.907 E1424.55708
G1 X138.248 Y115.672 E1425.38077
G1 X138.301 Y116.139 E1425.3964
G1 X138.458 Y116.584 E1425.41209
G1 X138.698 Y116.966 E1425.4271
G1 X139.03 Y117.299 E1425.44274
G1 X139.412 Y117.542 E1425.4578
G1 X139.857 Y117.695 E1425.47345
G1 X140.324 Y117.748 E1425.48908
G1 X142.924 Y117.748 E1425.57556
G1 X143.391 Y117.695 E1425.59119
G1 X143.832 Y117.542 E1425.60671
G1 X144.218 Y117.298 E1425.6219
G1 X144.55 Y116.966 E1425.63752
G1 X144.79 Y116.584 E1425.65252
G1 X144.947 Y116.139 E1425.66822
G1 X145 Y115.672 E1425.68385
G1 X145 Y99.28 E1426.22905
G1 X144.944 Y99.431 E1426.23441
G1 X144.606 Y99.918 E1426.25412
G1 X144.238 Y100.246 E1426.27052
G1 X143.713 Y100.519 E1426.2902
G1 X143.188 Y100.644 E1426.30815
G1 X142.639 Y100.638 E1426.32641
G1 X142.119 Y100.502 E1426.34429
G1 X141.643 Y100.247 E1426.36225
G1 X141.275 Y99.923 E1426.37856
G1 X140.937 Y99.432 E1426.39838
G1 X140.749 Y98.925 E1426.41637
G1 X140.688 Y98.408 E1426.43368
G1 X140.761 Y97.844 E1426.4526
G1 X140.959 Y97.342 E1426.47055
G1 X141.275 Y96.893 E1426.48881
G1 X141.643 Y96.569 E1426.50511
G1 X142.119 Y96.314 E1426.52308
G1 X142.639 Y96.178 E1426.54095
G1 X143.188 Y96.172 E1426.55921
G1 X143.713 Y96.297 E1426.57716
G1 X144.238 Y96.57 E1426.59684
G1 X144.638 Y96.935 E1426.61485
G1 X144.918 Y97.347 E1426.63142
G1 X145 Y97.548 E1426.63864
G1 X145 Y90.324 E1426.87891
G1 X144.947 Y89.857 E1426.89455
G1 X144.79 Y89.412 E1426.91024
G1 X144.55 Y89.03 E1426.92525
G1 X144.218 Y88.698 E1426.94086
G1 X143.832 Y88.458 E1426.95598
G1 X143.39 Y88.301 E1426.97158
G1 X142.924 Y88.248 E1426.98718
G1 X92.072 Y88.248 E1428.67852
G1 X91.61 Y88.301 E1428.69399
G1 X91.164 Y88.458 E1428.70972
G1 X90.782 Y88.698 E1428.72472
G1 X90.449 Y89.03 E1428.74036
G1 X90.206 Y89.412 E1428.75542
G1 X90.053 Y89.857 E1428.77107
G1 X90 Y90.324 E1428.7867
G1 X90 Y97.536 E1429.02658
G1 X90.08 Y97.342 E1429.03356
G1 X90.394 Y96.898 E1429.05164
G1 X90.762 Y96.57 E1429.06804
G1 X91.281 Y96.297 E1429.08754
G1 X91.765 Y96.181 E1429.1041
G1 X92.332 Y96.172 E1429.12296
G1 X92.877 Y96.314 E1429.14169
G1 X93.357 Y96.57 E1429.15978
G1 X93.722 Y96.894 E1429.17602
G1 X94.064 Y97.389 E1429.19603
G1 X94.236 Y97.849 E1429.21236
G1 X94.308 Y98.404 E1429.23098
G1 X94.246 Y98.935 E1429.24876
G1 X94.041 Y99.475 E1429.26797
G1 X93.726 Y99.918 E1429.28605
G1 X93.358 Y100.246 E1429.30244
G1 X92.877 Y100.502 E1429.32057
G1 X92.357 Y100.638 E1429.33844
G1 X91.782 Y100.644 E1429.35757
G1 X91.244 Y100.502 E1429.37608
G1 X90.8 Y100.275 E1429.39266
G1 X90.363 Y99.883 E1429.41219
G1 X90.057 Y99.431 E1429.43034
G1 X90 Y99.278 E1429.43577
G1 X90.001 Y139.163 E1430.76235
G1 X90.079 Y138.974 E1430.76915
G1 X90.395 Y138.526 E1430.78739
G1 X90.803 Y138.174 E1430.80531
G1 X91.239 Y137.946 E1430.82167
G1 X91.763 Y137.809 E1430.83969
G1 X92.353 Y137.809 E1430.85931
G1 X92.837 Y137.929 E1430.8759
G1 X93.317 Y138.174 E1430.89382
G1 X93.722 Y138.526 E1430.91167
G1 X94.064 Y139.017 E1430.93157
G1 X94.247 Y139.523 E1430.94947
G1 X94.308 Y140.036 E1430.96665
G1 X94.246 Y140.567 E1430.98443
G1 X94.064 Y141.059 E1431.00188
G1 X93.726 Y141.55 E1431.0217
G1 X93.358 Y141.878 E1431.0381
G1 X92.832 Y142.151 E1431.05781
G1 X92.356 Y142.267 E1431.07411
G1 X91.76 Y142.267 E1431.09393
G1 X91.243 Y142.134 E1431.11168
G1 X90.759 Y141.874 E1431.12996
G1 X90.363 Y141.514 E1431.14776
G1 X90.057 Y141.061 E1431.16594
G1 X90 Y140.909 E1431.17134
G1 X90.001 Y144.676 E1431.29663
G1 X90.053 Y145.139 E1431.31213
G1 X90.206 Y145.584 E1431.32778
G1 X90.449 Y145.966 E1431.34284
G1 X90.783 Y146.299 E1431.35852
G1 X91.164 Y146.542 E1431.37355
G1 X91.605 Y146.695 E1431.38908
G1 X92.072 Y146.748 E1431.40471
G1 X94.673 Y146.747 E1431.49122
G0 F9000 X94.629 Y145.984
;TYPE:SKIN
G1 F1500 X92.116 Y145.988 E1431.5748
G1 X91.774 Y145.947 E1431.58626
G1 X91.496 Y145.85 E1431.59605
G1 X91.258 Y145.699 E1431.60543
G1 X91.045 Y145.485 E1431.61547
G1 X90.894 Y145.252 E1431.6247
G1 X90.797 Y144.968 E1431.63469
G1 X90.761 Y144.633 E1431.64589
G1 X90.76 Y142.737 E1431.70895
G1 X91.011 Y142.863 E1431.71829
G1 X91.663 Y143.026 E1431.74065
G1 X92.44 Y143.027 E1431.76649
G1 X93.1 Y142.867 E1431.78908
G1 X93.749 Y142.534 E1431.81334
G1 X94.301 Y142.054 E1431.83767
G1 X94.744 Y141.411 E1431.86364
G1 X94.99 Y140.747 E1431.88719
G1 X95.068 Y140.036 E1431.91098
G1 X94.98 Y139.293 E1431.93587
G1 X94.744 Y138.665 E1431.95818
G1 X94.32 Y138.049 E1431.98305
G1 X93.749 Y137.542 E1432.00845
G1 X93.105 Y137.213 E1432.0325
G1 X92.445 Y137.049 E1432.05512
G1 X91.662 Y137.05 E1432.08116
G1 X91.002 Y137.218 E1432.10382
G1 X90.76 Y137.338 E1432.1128
G1 X90.76 Y101.106 E1433.31788
G1 X91.013 Y101.231 E1433.32727
G1 X91.681 Y101.404 E1433.35022
G1 X92.45 Y101.398 E1433.3758
G1 X93.153 Y101.214 E1433.39997
G1 X93.753 Y100.902 E1433.42246
G1 X94.293 Y100.43 E1433.44631
G1 X94.744 Y99.778 E1433.47268
G1 X94.986 Y99.119 E1433.49603
G1 X95.071 Y98.421 E1433.51942
G1 X94.987 Y97.702 E1433.54349
G1 X94.744 Y97.034 E1433.56714
G1 X94.325 Y96.418 E1433.59192
G1 X93.785 Y95.933 E1433.61606
G1 X93.153 Y95.598 E1433.63985
G1 X92.422 Y95.408 E1433.66497
G1 X91.713 Y95.416 E1433.68855
G1 X91.009 Y95.577 E1433.71257
G1 X90.76 Y95.703 E1433.72185
G1 X90.76 Y90.367 E1433.89933
G1 X90.797 Y90.025 E1433.91077
G1 X90.898 Y89.744 E1433.9207
G1 X91.042 Y89.51 E1433.92984
G1 X91.262 Y89.294 E1433.94009
G1 X91.489 Y89.149 E1433.94905
G1 X91.785 Y89.045 E1433.95949
G1 X92.116 Y89.008 E1433.97057
G1 X142.881 Y89.008 E1435.65902
G1 X143.223 Y89.045 E1435.67046
G1 X143.496 Y89.142 E1435.68009
G1 X143.742 Y89.294 E1435.68971
G1 X143.95 Y89.506 E1435.69959
G1 X144.098 Y89.736 E1435.70869
G1 X144.199 Y90.029 E1435.719
G1 X144.24 Y90.368 E1435.73035
G1 X144.24 Y95.708 E1435.90796
G1 X143.985 Y95.581 E1435.91744
G1 X143.329 Y95.417 E1435.93993
G1 X142.543 Y95.417 E1435.96607
G1 X141.887 Y95.581 E1435.98856
G1 X141.243 Y95.91 E1436.01261
G1 X140.703 Y96.382 E1436.03647
G1 X140.275 Y96.99 E1436.0612
G1 X140.005 Y97.701 E1436.08649
G1 X139.928 Y98.404 E1436.11001
G1 X140.006 Y99.127 E1436.1342
G1 X140.257 Y99.781 E1436.1575
G1 X140.67 Y100.394 E1436.18208
G1 X141.203 Y100.874 E1436.20594
G1 X141.843 Y101.214 E1436.23004
G1 X142.542 Y101.398 E1436.25409
G1 X143.329 Y101.399 E1436.28026
G1 X143.985 Y101.235 E1436.30275
G1 X144.24 Y101.107 E1436.31224
G1 X144.24 Y115.628 E1436.79521
G1 X144.2 Y115.961 E1436.80637
G1 X144.094 Y116.253 E1436.8167
G1 X143.949 Y116.491 E1436.82597
G1 X143.742 Y116.698 E1436.8357
G1 X143.5 Y116.85 E1436.84521
G1 X143.219 Y116.948 E1436.85511
G1 X142.88 Y116.988 E1436.86646
G1 X140.368 Y116.988 E1436.95001
G1 X140.025 Y116.947 E1436.9615
G1 X139.744 Y116.85 E1436.97139
G1 X139.51 Y116.702 E1436.9806
G1 X139.294 Y116.486 E1436.99076
G1 X139.146 Y116.252 E1436.99997
G1 X139.045 Y115.963 E1437.01015
G1 X139.009 Y115.629 E1437.02132
G1 X139.008 Y90.952 E1437.84208
G1 X138.969 Y90.669 E1437.85158
G1 X138.814 Y90.363 E1437.86299
G1 X138.503 Y90.093 E1437.87669
G1 X138.091 Y89.993 E1437.89079
G1 X96.813 Y89.99 E1439.2637
G1 X96.488 Y90.098 E1439.27509
G1 X96.179 Y90.361 E1439.28859
G1 X96.037 Y90.641 E1439.29903
G1 X95.989 Y90.926 E1439.30864
G1 X95.988 Y144.628 E1441.09478
G1 X95.947 Y144.967 E1441.10614
G1 X95.85 Y145.252 E1441.11615
G1 X95.703 Y145.481 E1441.1252
G1 X95.486 Y145.699 E1441.13543
G1 X95.248 Y145.85 E1441.14481
G1 X94.968 Y145.947 E1441.15466
G1 X94.629 Y145.984 E1441.166
G1 F2700 E1436.166
G0 F9000 X94.658 Y146.246
G0 X91.73 Y146.144
G0 X91.136 Y145.859
G0 X90.714 Y145.338
G0 X90.602 Y145.014
G0 X90.581 Y142.441
G0 X93.054 Y142.675
G0 X94.329 Y141.697
G0 X94.564 Y140.038
G0 X94.489 Y139.44
G0 X94.067 Y138.067
G0 X91.712 Y137.243
G0 X90.58 Y137.637
G0 X90.581 Y100.813
G0 X92.361 Y100.894
G0 X92.947 Y100.751
G0 X93.482 Y100.469
G0 X93.934 Y100.07
G0 X94.278 Y99.571
G0 X94.49 Y99.01
G0 X94.564 Y98.408
G0 X94.489 Y97.81
G0 X94.277 Y97.246
G0 X93.933 Y96.751
G0 X93.479 Y96.351
G0 X92.947 Y96.069
G0 X92.36 Y95.926
G0 X90.581 Y96.005
G0 X90.585 Y89.852
G1 F2700 E1441.166
G0 F9000 X91.018 Y90.001
G0 E1436.166
G1 F2700 E1441.166
G1 F1500 X91.75 Y89.269 E1441.20044
G0 F9000 X92.377 Y89.208
G1 F1500 X90.961 Y90.624 E1441.26704
G0 F9000 X90.961 Y91.19
G1 F1500 X92.943 Y89.208 E1441.36027
G0 F9000 X93.509 Y89.208
G1 F1500 X90.962 Y91.755 E1441.48007
G0 F9000 X90.962 Y92.321
G1 F1500 X94.074 Y89.208 E1441.62647
G0 F9000 X94.64 Y89.208
G1 F1500 X90.962 Y92.886 E1441.79947
G0 F9000 X90.962 Y93.451
G1 F1500 X95.206 Y89.208 E1441.99908
G0 F9000 X95.771 Y89.208
G1 F1500 X90.962 Y94.017 E1442.22528
G0 F9000 X90.963 Y94.582
G1 F1500 X96.337 Y89.208 E1442.47805
G0 F9000 X96.903 Y89.208
G1 F1500 X90.963 Y95.148 E1442.75745
G0 F9000 X91.396 Y95.28
G1 F1500 X95.795 Y90.882 E1442.96434
G0 F9000 X95.79 Y91.452
G1 F1500 X92.029 Y95.213 E1443.14125
G0 F9000 X92.569 Y95.239
G1 F1500 X95.79 Y92.017 E1443.29278
G0 F9000 X95.79 Y92.583
G1 F1500 X93.02 Y95.353 E1443.42307
G0 F9000 X93.424 Y95.515
G1 F1500 X95.79 Y93.149 E1443.53436
G0 F9000 X95.79 Y93.714
G1 F1500 X93.796 Y95.708 E1443.62815
G0 F9000 X94.113 Y95.957
G1 F1500 X95.79 Y94.28 E1443.70703
G0 F9000 X95.79 Y94.846
G1 F1500 X94.414 Y96.222 E1443.77176
G0 F9000 X94.656 Y96.546
G1 F1500 X95.79 Y95.411 E1443.82512
G0 F9000 X95.79 Y95.977
G1 F1500 X94.887 Y96.88 E1443.86759
G0 F9000 X95.05 Y97.283
G1 F1500 X95.79 Y96.543 E1443.9024
G0 F9000 X95.79 Y97.108
G1 F1500 X95.189 Y97.709 E1443.93067
G0 F9000 X95.253 Y98.211
G1 F1500 X95.79 Y97.674 E1443.95593
G0 F9000 X95.79 Y98.24
G1 F1500 X95.227 Y98.803 E1443.98241
G0 F9000 X95.79 Y98.805
G1 F1500 X95.037 Y99.559 E1444.01785
G0 F9000 X95.79 Y99.371
G1 F1500 X90.962 Y104.199 E1444.24495
G0 F9000 X90.962 Y103.634
G1 F1500 X93.177 Y101.419 E1444.34913
G0 F9000 X92.427 Y101.603
G1 F1500 X90.962 Y103.068 E1444.41804
G0 F9000 X90.962 Y102.502
G1 F1500 X91.861 Y101.603 E1444.46033
G0 F9000 X91.37 Y101.529
G1 F1500 X90.962 Y101.937 E1444.47952
G1 F2700 E1439.47952
G0 F9000 X90.501 Y101.936
G0 X90.501 Y104.764
G1 F2700 E1444.47952
G0 F9000 X90.962 Y104.765
G0 E1439.47952
G1 F2700 E1444.47952
G1 F1500 X95.79 Y99.937 E1444.70662
G0 F9000 X95.79 Y100.503
G1 F1500 X90.962 Y105.331 E1444.93371
G0 F9000 X90.962 Y105.896
G1 F1500 X95.79 Y101.068 E1445.1608
G0 F9000 X95.79 Y101.634
G1 F1500 X90.962 Y106.462 E1445.3879
G0 F9000 X90.962 Y107.028
G1 F1500 X95.79 Y102.2 E1445.61499
G0 F9000 X95.79 Y102.766
G1 F1500 X90.962 Y107.593 E1445.84206
G0 F9000 X90.962 Y108.159
G1 F1500 X95.79 Y103.332 E1446.06913
G0 F9000 X95.79 Y103.897
G1 F1500 X90.962 Y108.725 E1446.29623
G0 F9000 X90.962 Y109.29
G1 F1500 X95.79 Y104.463 E1446.5233
G0 F9000 X95.79 Y105.029
G1 F1500 X90.962 Y109.856 E1446.75037
G0 F9000 X90.962 Y110.422
G1 F1500 X95.79 Y105.594 E1446.97746
G0 F9000 X95.79 Y106.16
G1 F1500 X90.962 Y110.987 E1447.20454
G0 F9000 X90.962 Y111.553
G1 F1500 X95.79 Y106.726 E1447.43161
G0 F9000 X95.79 Y107.291
G1 F1500 X90.962 Y112.119 E1447.6587
G0 F9000 X90.962 Y112.685
G1 F1500 X95.79 Y107.857 E1447.88579
G0 F9000 X95.79 Y108.423
G1 F1500 X90.962 Y113.25 E1448.11287
G0 F9000 X90.962 Y113.816
G1 F1500 X95.79 Y108.988 E1448.33996
G0 F9000 X95.79 Y109.554
G1 F1500 X90.962 Y114.382 E1448.56705
G0 F9000 X90.962 Y114.947
G1 F1500 X95.79 Y110.12 E1448.79413
G0 F9000 X95.79 Y110.686
G1 F1500 X90.962 Y115.513 E1449.0212
G0 F9000 X90.962 Y116.079
G1 F1500 X95.79 Y111.251 E1449.24829
G0 F9000 X95.79 Y111.817
G1 F1500 X90.962 Y116.644 E1449.47536
G0 F9000 X90.962 Y117.21
G1 F1500 X95.79 Y112.383 E1449.70243
G0 F9000 X95.789 Y112.949
G1 F1500 X90.962 Y117.776 E1449.92948
G0 F9000 X90.962 Y118.341
G1 F1500 X95.789 Y113.515 E1450.1565
G0 F9000 X95.789 Y114.08
G1 F1500 X90.962 Y118.907 E1450.38355
G0 F9000 X90.962 Y119.473
G1 F1500 X95.789 Y114.646 E1450.6106
G0 F9000 X95.789 Y115.212
G1 F1500 X90.962 Y120.039 E1450.83764
G0 F9000 X90.962 Y120.605
G1 F1500 X95.789 Y115.777 E1451.06472
G0 F9000 X95.789 Y116.343
G1 F1500 X90.962 Y121.171 E1451.29179
G0 F9000 X90.962 Y121.736
G1 F1500 X95.789 Y116.909 E1451.51883
G0 F9000 X95.789 Y117.474
G1 F1500 X90.962 Y122.302 E1451.7459
G0 F9000 X90.962 Y122.868
G1 F1500 X95.789 Y118.04 E1451.97298
G0 F9000 X95.789 Y118.606
G1 F1500 X90.962 Y123.433 E1452.20002
G0 F9000 X90.962 Y123.999
G1 F1500 X95.789 Y119.172 E1452.42707
G0 F9000 X95.789 Y119.737
G1 F1500 X90.962 Y124.565 E1452.65414
G0 F9000 X90.962 Y125.13
G1 F1500 X95.789 Y120.303 E1452.88119
G0 F9000 X95.789 Y120.869
G1 F1500 X90.962 Y125.696 E1453.10824
G0 F9000 X90.962 Y126.262
G1 F1500 X95.789 Y121.434 E1453.33531
G0 F9000 X95.789 Y122
G1 F1500 X90.962 Y126.827 E1453.56235
G0 F9000 X90.962 Y127.393
G1 F1500 X95.789 Y122.566 E1453.7894
G0 F9000 X95.788 Y123.132
G1 F1500 X90.962 Y127.959 E1454.01642
G0 F9000 X90.962 Y128.524
G1 F1500 X95.788 Y123.698 E1454.24342
G0 F9000 X95.788 Y124.263
G1 F1500 X90.962 Y129.09 E1454.47045
G0 F9000 X90.962 Y129.656
G1 F1500 X95.788 Y124.829 E1454.69747
G0 F9000 X95.788 Y125.395
G1 F1500 X90.962 Y130.221 E1454.92447
G0 F9000 X90.962 Y130.787
G1 F1500 X95.788 Y125.96 E1455.1515
G0 F9000 X95.788 Y126.526
G1 F1500 X90.962 Y131.353 E1455.37852
G0 F9000 X90.962 Y131.919
G1 F1500 X95.788 Y127.092 E1455.60554
G0 F9000 X95.788 Y127.658
G1 F1500 X90.962 Y132.484 E1455.83254
G0 F9000 X90.962 Y133.05
G1 F1500 X95.788 Y128.223 E1456.05957
G0 F9000 X95.788 Y128.789
G1 F1500 X90.962 Y133.616 E1456.28659
G0 F9000 X90.962 Y134.181
G1 F1500 X95.788 Y129.355 E1456.51359
G0 F9000 X95.788 Y129.92
G1 F1500 X90.962 Y134.747 E1456.74062
G0 F9000 X90.962 Y135.313
G1 F1500 X95.788 Y130.486 E1456.96764
G0 F9000 X95.788 Y131.052
G1 F1500 X90.962 Y135.878 E1457.19464
G0 F9000 X90.962 Y136.444
G1 F1500 X95.788 Y131.617 E1457.42166
G0 F9000 X95.788 Y132.183
G1 F1500 X90.962 Y137.01 E1457.64869
G0 F9000 X91.693 Y136.844
G1 F1500 X95.788 Y132.749 E1457.8413
G0 F9000 X95.788 Y133.314
G1 F1500 X92.258 Y136.844 E1458.00734
G0 F9000 X92.749 Y136.919
G1 F1500 X95.788 Y133.881 E1458.15027
G0 F9000 X95.788 Y134.446
G1 F1500 X93.202 Y137.032 E1458.2719
G0 F9000 X93.574 Y137.226
G1 F1500 X95.788 Y135.012 E1458.37604
G0 F9000 X95.788 Y135.578
G1 F1500 X93.933 Y137.432 E1458.46327
G0 F9000 X94.233 Y137.698
G1 F1500 X95.788 Y136.144 E1458.53639
G0 F9000 X95.788 Y136.709
G1 F1500 X94.516 Y137.981 E1458.59622
G0 F9000 X94.749 Y138.314
G1 F1500 X95.788 Y137.275 E1458.64509
G0 F9000 X95.788 Y137.841
G1 F1500 X94.959 Y138.669 E1458.68406
G0 F9000 X95.114 Y139.08
G1 F1500 X95.788 Y138.406 E1458.71577
G0 F9000 X95.788 Y138.972
G1 F1500 X95.215 Y139.545 E1458.74272
G0 F9000 X95.266 Y140.059
G1 F1500 X95.788 Y139.538 E1458.76725
G0 F9000 X95.788 Y140.103
G1 F1500 X95.197 Y140.694 E1458.79505
G0 F9000 X95.788 Y140.669
G1 F1500 X94.878 Y141.578 E1458.83783
G0 F9000 X95.788 Y141.8
G1 F1500 X91.835 Y145.753 E1459.02376
G0 F9000 X91.443 Y145.579
G1 F1500 X95.788 Y141.235 E1459.22812
G0 F9000 X96.248 Y141.235
G0 X96.248 Y142.366
G0 X95.788 Y142.366
G1 F1500 X92.366 Y145.788 E1459.38908
G0 F9000 X92.932 Y145.787
G1 F1500 X95.788 Y142.932 E1459.52339
G0 F9000 X95.788 Y143.497
G1 F1500 X93.499 Y145.786 E1459.63106
G0 F9000 X94.065 Y145.786
G1 F1500 X95.788 Y144.063 E1459.7121
G0 F9000 X95.785 Y144.631
G1 F1500 X94.634 Y145.783 E1459.76627
G1 F2700 E1454.76627
G0 F9000 X94.685 Y146.243
G0 X91.73 Y146.144
G0 X91.136 Y145.859
G0 X90.714 Y145.338
G0 X90.602 Y145.014
G0 X90.581 Y142.441
G0 X91.983 Y142.574
G0 X93.43 Y142.411
G1 F2700 E1459.76627
G0 F9000 X93.64 Y142.816
G0 E1454.76627
G1 F2700 E1459.76627
G1 F1500 X91.161 Y145.296 E1459.88289
G0 F9000 X90.991 Y144.9
G1 F1500 X92.729 Y143.162 E1459.96464
G0 F9000 X92.096 Y143.229
G1 F1500 X90.962 Y144.364 E1460.01801
G0 F9000 X90.962 Y143.797
G1 F1500 X91.555 Y143.205 E1460.04588
G0 F9000 X91.102 Y143.092
G1 F1500 X90.962 Y143.232 E1460.05246
G1 F2700 E1455.05246
G0 F9000 X90.501 Y143.232
G0 X90.602 Y145.014
G0 X90.714 Y145.338
G0 X91.136 Y145.859
G0 X91.73 Y146.144
G0 X94.642 Y146.186
G0 X95.015 Y146.145
G0 X95.338 Y146.034
G0 X95.859 Y145.613
G0 X96.145 Y145.014
G0 X96.187 Y144.644
G0 X96.512 Y90.512
G0 X96.883 Y90.248
G1 F2700 E1460.05246
G0 F9000 X96.883 Y89.793
G0 E1455.05246
G1 F2700 E1460.05246
G1 F1500 X97.468 Y89.208 E1460.07998
G0 F9000 X98.034 Y89.208
G1 F1500 X97.449 Y89.793 E1460.1075
G0 F9000 X98.014 Y89.793
G1 F1500 X98.6 Y89.208 E1460.13504
G0 F9000 X99.165 Y89.208
G1 F1500 X98.58 Y89.793 E1460.16255
G0 F9000 X99.146 Y89.793
G1 F1500 X99.731 Y89.208 E1460.19007
G0 F9000 X100.297 Y89.208
G1 F1500 X99.711 Y89.793 E1460.21761
G0 F9000 X100.277 Y89.793
G1 F1500 X100.862 Y89.208 E1460.24513
G0 F9000 X101.428 Y89.208
G1 F1500 X100.843 Y89.793 E1460.27264
G0 F9000 X101.408 Y89.793
G1 F1500 X101.994 Y89.208 E1460.30018
G0 F9000 X102.559 Y89.208
G1 F1500 X101.975 Y89.793 E1460.32768
G0 F9000 X102.54 Y89.793
G1 F1500 X103.125 Y89.208 E1460.35519
G0 F9000 X103.691 Y89.208
G1 F1500 X103.106 Y89.793 E1460.38271
G0 F9000 X103.672 Y89.793
G1 F1500 X104.257 Y89.208 E1460.41023
G0 F9000 X104.822 Y89.208
G1 F1500 X104.237 Y89.793 E1460.43774
G0 F9000 X104.803 Y89.793
G1 F1500 X105.388 Y89.208 E1460.46526
G0 F9000 X105.954 Y89.208
G1 F1500 X105.369 Y89.793 E1460.49278
G0 F9000 X105.934 Y89.793
G1 F1500 X106.519 Y89.208 E1460.52029
G0 F9000 X107.085 Y89.208
G1 F1500 X106.5 Y89.793 E1460.54781
G0 F9000 X107.066 Y89.793
G1 F1500 X107.651 Y89.208 E1460.57532
G0 F9000 X108.216 Y89.208
G1 F1500 X107.632 Y89.792 E1460.60279
G0 F9000 X108.198 Y89.792
G1 F1500 X108.782 Y89.208 E1460.63026
G0 F9000 X109.348 Y89.208
G1 F1500 X108.764 Y89.792 E1460.65773
G0 F9000 X109.329 Y89.792
G1 F1500 X109.913 Y89.208 E1460.6852
G0 F9000 X110.479 Y89.208
G1 F1500 X109.895 Y89.792 E1460.71267
G0 F9000 X110.461 Y89.792
G1 F1500 X111.045 Y89.208 E1460.74014
G0 F9000 X111.61 Y89.208
G1 F1500 X111.026 Y89.792 E1460.76761
G0 F9000 X111.592 Y89.792
G1 F1500 X112.176 Y89.208 E1460.79508
G0 F9000 X112.742 Y89.208
G1 F1500 X112.158 Y89.792 E1460.82255
G0 F9000 X112.724 Y89.791
G1 F1500 X113.307 Y89.208 E1460.84997
G0 F9000 X113.873 Y89.208
G1 F1500 X113.29 Y89.791 E1460.8774
G0 F9000 X113.856 Y89.791
G1 F1500 X114.439 Y89.208 E1460.90482
G0 F9000 X115.005 Y89.208
G1 F1500 X114.421 Y89.791 E1460.93226
G0 F9000 X114.987 Y89.791
G1 F1500 X115.57 Y89.208 E1460.95969
G0 F9000 X116.136 Y89.208
G1 F1500 X115.553 Y89.791 E1460.98711
G0 F9000 X116.118 Y89.791
G1 F1500 X116.702 Y89.208 E1461.01456
G0 F9000 X117.267 Y89.208
G1 F1500 X116.684 Y89.791 E1461.04198
G0 F9000 X117.25 Y89.791
G1 F1500 X117.833 Y89.208 E1461.0694
G0 F9000 X118.399 Y89.208
G1 F1500 X117.816 Y89.791 E1461.09682
G0 F9000 X118.382 Y89.791
G1 F1500 X118.964 Y89.208 E1461.12422
G0 F9000 X119.53 Y89.208
G1 F1500 X118.947 Y89.791 E1461.15165
G0 F9000 X119.513 Y89.791
G1 F1500 X120.096 Y89.208 E1461.17907
G0 F9000 X120.661 Y89.208
G1 F1500 X120.079 Y89.791 E1461.20647
G0 F9000 X120.644 Y89.791
G1 F1500 X121.227 Y89.208 E1461.23389
G0 F9000 X121.793 Y89.208
G1 F1500 X121.21 Y89.791 E1461.26131
G0 F9000 X121.776 Y89.791
G1 F1500 X122.358 Y89.208 E1461.28871
G0 F9000 X122.924 Y89.208
G1 F1500 X122.341 Y89.791 E1461.31613
G0 F9000 X122.908 Y89.79
G1 F1500 X123.49 Y89.208 E1461.34351
G0 F9000 X124.056 Y89.208
G1 F1500 X123.474 Y89.79 E1461.37088
G0 F9000 X124.039 Y89.79
G1 F1500 X124.621 Y89.208 E1461.39826
G0 F9000 X125.187 Y89.208
G1 F1500 X124.605 Y89.79 E1461.42564
G0 F9000 X125.171 Y89.79
G1 F1500 X125.753 Y89.208 E1461.45301
G0 F9000 X126.318 Y89.208
G1 F1500 X125.736 Y89.79 E1461.48039
G0 F9000 X126.302 Y89.79
G1 F1500 X126.884 Y89.208 E1461.50776
G0 F9000 X127.45 Y89.208
G1 F1500 X126.868 Y89.79 E1461.53514
G0 F9000 X127.433 Y89.79
G1 F1500 X128.015 Y89.208 E1461.56251
G0 F9000 X128.581 Y89.208
G1 F1500 X128 Y89.789 E1461.58984
G0 F9000 X128.565 Y89.789
G1 F1500 X129.147 Y89.208 E1461.61719
G0 F9000 X129.712 Y89.208
G1 F1500 X129.131 Y89.789 E1461.64452
G0 F9000 X129.697 Y89.789
G1 F1500 X130.278 Y89.208 E1461.67185
G0 F9000 X130.844 Y89.208
G1 F1500 X130.263 Y89.789 E1461.69918
G0 F9000 X130.828 Y89.789
G1 F1500 X131.409 Y89.208 E1461.72651
G0 F9000 X131.975 Y89.208
G1 F1500 X131.394 Y89.789 E1461.75384
G0 F9000 X131.96 Y89.789
G1 F1500 X132.541 Y89.208 E1461.78116
G0 F9000 X133.106 Y89.208
G1 F1500 X132.525 Y89.789 E1461.80849
G0 F9000 X133.092 Y89.788
G1 F1500 X133.672 Y89.208 E1461.83577
G0 F9000 X134.238 Y89.208
G1 F1500 X133.657 Y89.788 E1461.86308
G0 F9000 X134.223 Y89.788
G1 F1500 X134.804 Y89.208 E1461.89038
G0 F9000 X135.369 Y89.208
G1 F1500 X134.789 Y89.788 E1461.91767
G0 F9000 X135.354 Y89.788
G1 F1500 X135.935 Y89.208 E1461.94497
G0 F9000 X136.501 Y89.208
G1 F1500 X135.92 Y89.788 E1461.97227
G0 F9000 X136.486 Y89.788
G1 F1500 X137.066 Y89.208 E1461.99956
G0 F9000 X137.632 Y89.208
G1 F1500 X137.051 Y89.788 E1462.02686
G0 F9000 X137.617 Y89.788
G1 F1500 X138.198 Y89.208 E1462.05417
G0 F9000 X138.763 Y89.208
G1 F1500 X138.167 Y89.805 E1462.08222
G0 F9000 X138.599 Y89.938
G1 F1500 X139.329 Y89.208 E1462.11656
G0 F9000 X139.895 Y89.208
G1 F1500 X138.915 Y90.187 E1462.16263
G0 F9000 X139.128 Y90.54
G1 F1500 X140.46 Y89.208 E1462.22529
G0 F9000 X141.026 Y89.208
G1 F1500 X139.209 Y91.025 E1462.31075
G0 F9000 X139.209 Y91.591
G1 F1500 X141.592 Y89.208 E1462.42284
G0 F9000 X142.157 Y89.208
G1 F1500 X139.209 Y92.157 E1462.56153
G0 F9000 X139.209 Y92.722
G1 F1500 X142.723 Y89.208 E1462.72682
G0 F9000 X143.231 Y89.266
G1 F1500 X139.209 Y93.288 E1462.916
G0 F9000 X139.209 Y93.854
G1 F1500 X143.613 Y89.45 E1463.12315
G0 F9000 X143.888 Y89.74
G1 F1500 X139.209 Y94.419 E1463.34324
G0 F9000 X139.209 Y94.985
G1 F1500 X144.015 Y90.179 E1463.5693
G0 F9000 X144.04 Y90.72
G1 F1500 X139.209 Y95.551 E1463.79653
G0 F9000 X139.209 Y96.116
G1 F1500 X144.04 Y91.285 E1464.02377
G0 F9000 X144.04 Y91.851
G1 F1500 X139.209 Y96.682 E1464.251
G0 F9000 X139.209 Y97.248
G1 F1500 X144.04 Y92.417 E1464.47824
G0 F9000 X144.04 Y92.982
G1 F1500 X141.438 Y95.584 E1464.60063
G0 F9000 X142.322 Y95.266
G1 F1500 X144.04 Y93.548 E1464.68144
G0 F9000 X144.04 Y94.114
G1 F1500 X142.942 Y95.212 E1464.73308
G0 F9000 X143.472 Y95.247
G1 F1500 X144.04 Y94.679 E1464.7598
G0 F9000 X144.04 Y95.245
G1 F1500 X143.924 Y95.361 E1464.76526
G1 F2700 E1459.76526
G0 F9000 X143.813 Y95.805
G0 X142.639 Y95.926
G0 X142.053 Y96.069
G0 X141.751 Y96.229
G0 X140.501 Y97.12
G1 F2700 E1464.76526
G0 F9000 X140.069 Y96.954
G0 E1459.76526
G1 F2700 E1464.76526
G1 F1500 X139.209 Y97.813 E1464.80569
G0 F9000 X139.209 Y98.379
G1 F1500 X139.793 Y97.795 E1464.83316
G0 F9000 X139.729 Y98.424
G1 F1500 X139.209 Y98.945 E1464.85764
G0 F9000 X139.209 Y99.51
G1 F1500 X139.784 Y98.935 E1464.88468
G0 F9000 X139.891 Y99.394
G1 F1500 X139.209 Y100.076 E1464.91676
G0 F9000 X139.209 Y100.642
G1 F1500 X140.05 Y99.8 E1464.95635
G0 F9000 X140.262 Y100.154
G1 F1500 X139.209 Y101.207 E1465.00588
G0 F9000 X139.209 Y101.773
G1 F1500 X140.492 Y100.49 E1465.06622
G0 F9000 X140.781 Y100.767
G1 F1500 X139.209 Y102.339 E1465.14017
G0 F9000 X139.209 Y102.905
G1 F1500 X141.081 Y101.032 E1465.22824
G0 F9000 X141.448 Y101.232
G1 F1500 X139.209 Y103.47 E1465.33353
G0 F9000 X139.209 Y104.036
G1 F1500 X141.824 Y101.42 E1465.45656
G0 F9000 X142.275 Y101.536
G1 F1500 X139.209 Y104.602 E1465.60077
G0 F9000 X139.209 Y105.167
G1 F1500 X142.772 Y101.604 E1465.76837
G0 F9000 X143.34 Y101.602
G1 F1500 X139.209 Y105.733 E1465.96268
G0 F9000 X139.209 Y106.299
G1 F1500 X144.04 Y101.467 E1466.18994
G0 F9000 X144.04 Y102.033
G1 F1500 X139.209 Y106.864 E1466.41717
G0 F9000 X139.209 Y107.43
G1 F1500 X144.04 Y102.598 E1466.64443
G0 F9000 X144.04 Y103.164
G1 F1500 X139.209 Y107.996 E1466.87169
G0 F9000 X139.209 Y108.561
G1 F1500 X144.04 Y103.73 E1467.09892
G0 F9000 X144.04 Y104.295
G1 F1500 X139.209 Y109.127 E1467.32618
G0 F9000 X139.209 Y109.693
G1 F1500 X144.04 Y104.861 E1467.55344
G0 F9000 X144.04 Y105.427
G1 F1500 X139.209 Y110.258 E1467.78068
G0 F9000 X139.209 Y110.824
G1 F1500 X144.04 Y105.992 E1468.00794
G0 F9000 X144.04 Y106.558
G1 F1500 X139.209 Y111.39 E1468.2352
G0 F9000 X139.209 Y111.956
G1 F1500 X144.04 Y107.124 E1468.46245
G0 F9000 X144.04 Y107.69
G1 F1500 X139.209 Y112.521 E1468.68969
G0 F9000 X139.209 Y113.087
G1 F1500 X144.04 Y108.255 E1468.91695
G0 F9000 X144.04 Y108.821
G1 F1500 X139.209 Y113.653 E1469.14421
G0 F9000 X139.209 Y114.218
G1 F1500 X144.04 Y109.387 E1469.37144
G0 F9000 X144.04 Y109.952
G1 F1500 X139.209 Y114.784 E1469.5987
G0 F9000 X139.209 Y115.35
G1 F1500 X144.04 Y110.518 E1469.82596
G0 F9000 X144.04 Y111.084
G1 F1500 X139.239 Y115.886 E1470.05181
G0 F9000 X139.405 Y116.285
G1 F1500 X144.04 Y111.649 E1470.26985
G0 F9000 X144.04 Y112.215
G1 F1500 X139.681 Y116.574 E1470.47488
G0 F9000 X140.07 Y116.751
G1 F1500 X144.04 Y112.781 E1470.66162
G0 F9000 X144.04 Y113.346
G1 F1500 X140.598 Y116.789 E1470.82354
G0 F9000 X141.164 Y116.789
G1 F1500 X144.04 Y113.912 E1470.95885
G0 F9000 X144.04 Y114.478
G1 F1500 X141.73 Y116.789 E1471.06752
G0 F9000 X142.295 Y116.789
G1 F1500 X144.04 Y115.043 E1471.14963
G0 F9000 X144.04 Y115.609
G1 F1500 X142.861 Y116.789 E1471.20511
;TIME_ELAPSED:2520.642384
G1 F2700 E1466.20511
M140 S0
M107
G91 ;Relative positioning
G1 E-2 F2700 ;Retract a bit
G1 E-2 Z0.2 F2400 ;Retract and raise Z
G1 X5 Y5 F3000 ;Wipe out
G1 Z10 ;Raise Z more
G90 ;Absolute positioning

G1 X0 Y235 ;Present print
M106 S0 ;Turn-off fan
M104 S0 ;Turn-off hotend
M140 S0 ;Turn-off bed

M84 X Y E ;Disable all steppers but Z

M82 ;absolute extrusion mode
M104 S0
;End of Gcode
