;FLAVOR:Marlin
;TIME:1868
;Filament used: 1.07473m
;Layer height: 0.2
;MINX:78.75
;MINY:66.61
;MINZ:0.2
;MAXX:156.25
;MAXY:168.39
;MAXZ:1.2
;TARGET_MACHINE.NAME:Creality Ender-3
;Generated with Cura_SteamEngine 5.13.0
M140 S50
M105
M190 S50
M104 S200
M105
M109 S200
; Ender 3 Custom Start G-code
G92 E0 ; Reset Extruder
G28 ; Home all axes
G1 Z2.0 F3000 ; Move Z Axis up little to prevent scratching of Heat Bed
G1 X0.1 Y20 Z0.3 F5000.0 ; Move to start position
G1 X0.1 Y200.0 Z0.3 F1500.0 E15 ; Draw the first line
G1 X0.4 Y200.0 Z0.3 F5000.0 ; Move to side a little
G1 X0.4 Y20 Z0.3 F1500.0 E30 ; Draw the second line
G92 E0 ; Reset Extruder
G1 Z2.0 F3000 ; Move Z Axis up little to prevent scratching of Heat Bed
G1 X5 Y20 Z0.3 F5000.0 ; Move over to prevent blob squish
M82 ;absolute extrusion mode
G92 E0
G92 E0
G1 F2700 E-5
;LAYER_COUNT:6
;LAYER:0
M107
G0 F6000 X82.079 Y71.138 Z0.2
;TYPE:SKIRT
G1 F2700 E0
G1 F1200 X82.467 Y70.724 E0.01887
G1 X82.987 Y70.21 E0.04319
G1 X83.713 Y69.568 E0.07542
G1 X84.339 Y69.099 E0.10144
G1 X84.716 Y68.844 E0.11658
G1 X85.332 Y68.459 E0.14074
G1 X85.705 Y68.242 E0.15509
G1 X86.572 Y67.806 E0.18737
G1 X87.33 Y67.5 E0.21456
G1 X88.079 Y67.241 E0.24092
G1 X88.925 Y66.997 E0.2702
G1 X89.878 Y66.805 E0.30254
G1 X90.279 Y66.748 E0.31601
G1 X90.982 Y66.673 E0.33952
G1 X91.612 Y66.629 E0.36053
G1 X92.705 Y66.61 E0.39688
G1 X142.241 Y66.61 E2.04446
G1 X143.114 Y66.621 E2.0735
G1 X143.854 Y66.658 E2.09814
G1 X144.855 Y66.768 E2.13163
G1 X145.282 Y66.832 E2.146
G1 X146.653 Y67.154 E2.19284
G1 X147.159 Y67.318 E2.21053
G1 X147.761 Y67.536 E2.23182
G1 X148.625 Y67.899 E2.26299
G1 X149.445 Y68.327 E2.29376
G1 X149.847 Y68.567 E2.30933
G1 X150.423 Y68.937 E2.3321
G1 X151.156 Y69.464 E2.36213
G1 X151.719 Y69.938 E2.3866
G1 X152.099 Y70.291 E2.40385
G1 X152.63 Y70.826 E2.42893
G1 X153.254 Y71.526 E2.46012
G1 X153.802 Y72.258 E2.49053
G1 X154.066 Y72.652 E2.5063
G1 X154.401 Y73.192 E2.52744
G1 X154.618 Y73.565 E2.54179
G1 X155.054 Y74.432 E2.57407
G1 X155.358 Y75.184 E2.60105
G1 X155.527 Y75.661 E2.61788
G1 X155.723 Y76.266 E2.63903
G1 X155.963 Y77.221 E2.67178
G1 X156.052 Y77.717 E2.68854
G1 X156.126 Y78.258 E2.7067
G1 X156.188 Y78.865 E2.727
G1 X156.24 Y79.783 E2.75758
G1 X156.25 Y80.615 E2.78525
G1 X156.249 Y154.504 E5.24281
G1 X156.239 Y155.248 E5.26756
G1 X156.208 Y155.909 E5.28957
G1 X156.165 Y156.385 E5.30546
G1 X156.086 Y157.031 E5.32711
G1 X155.955 Y157.806 E5.35325
G1 X155.63 Y159.032 E5.39544
G1 X155.324 Y159.905 E5.42621
G1 X154.975 Y160.738 E5.45625
G1 X154.533 Y161.585 E5.48802
G1 X154.293 Y161.987 E5.50359
G1 X153.923 Y162.563 E5.52636
G1 X153.396 Y163.296 E5.55639
G1 X152.874 Y163.913 E5.58327
G1 X152.57 Y164.239 E5.5981
G1 X151.953 Y164.852 E5.62702
G1 X151.16 Y165.533 E5.66179
G1 X150.62 Y165.924 E5.68397
G1 X150.195 Y166.214 E5.70108
G1 X149.467 Y166.66 E5.72947
G1 X148.579 Y167.123 E5.76278
G1 X147.67 Y167.5 E5.79551
G1 X146.921 Y167.759 E5.82187
G1 X146.075 Y168.003 E5.85116
G1 X145.122 Y168.195 E5.88349
G1 X144.721 Y168.252 E5.89696
G1 X144.018 Y168.327 E5.92048
G1 X143.388 Y168.371 E5.94148
G1 X142.281 Y168.39 E5.97831
G1 X92.611 Y168.389 E7.63034
G1 X91.886 Y168.379 E7.65445
G1 X91.146 Y168.342 E7.6791
G1 X90.145 Y168.232 E7.71259
G1 X89.718 Y168.168 E7.72695
G1 X88.347 Y167.846 E7.77379
G1 X87.841 Y167.682 E7.79148
G1 X87.239 Y167.464 E7.81278
G1 X86.375 Y167.101 E7.84395
G1 X85.555 Y166.673 E7.87471
G1 X85.153 Y166.433 E7.89029
G1 X84.577 Y166.063 E7.91305
G1 X83.844 Y165.536 E7.94308
G1 X83.278 Y165.061 E7.96766
G1 X82.864 Y164.674 E7.98651
G1 X82.286 Y164.091 E8.01381
G1 X81.601 Y163.291 E8.04884
G1 X81.313 Y162.876 E8.06564
G1 X81.213 Y162.764 E8.07064
G1 X80.92 Y162.327 E8.08814
G1 X80.593 Y161.798 E8.10882
G1 X80.235 Y161.163 E8.13307
G1 X79.839 Y160.321 E8.16401
G1 X79.641 Y159.812 E8.18218
G1 X79.381 Y159.061 E8.20861
G1 X79.153 Y158.28 E8.23567
G1 X78.927 Y157.135 E8.27449
G1 X78.81 Y156.12 E8.30847
G1 X78.76 Y155.211 E8.33875
G1 X78.75 Y154.351 E8.36736
G1 X78.751 Y80.472 E10.82458
G1 X78.761 Y79.748 E10.84867
G1 X78.792 Y79.091 E10.87054
G1 X78.841 Y78.568 E10.88801
G1 X78.91 Y77.987 E10.90747
G1 X79.035 Y77.238 E10.93273
G1 X79.293 Y76.211 E10.96795
G1 X79.459 Y75.698 E10.98588
G1 X79.676 Y75.095 E11.0072
G1 X80.055 Y74.2 E11.03952
G1 X80.476 Y73.399 E11.06962
G1 X80.715 Y73 E11.08509
G1 X81.077 Y72.437 E11.10735
G1 X81.604 Y71.704 E11.13738
G1 X82.079 Y71.138 E11.16196
G0 F6000 X82.385 Y71.396
G1 F1200 X82.748 Y71.008 E11.17963
G1 X83.252 Y70.509 E11.20322
G1 X83.953 Y69.888 E11.23437
G1 X84.563 Y69.43 E11.25974
G1 X84.928 Y69.183 E11.27439
G1 X85.534 Y68.804 E11.29817
G1 X85.885 Y68.599 E11.31169
G1 X86.722 Y68.177 E11.34286
G1 X87.461 Y67.878 E11.36938
G1 X88.191 Y67.625 E11.39508
G1 X89.004 Y67.389 E11.42323
G1 X89.934 Y67.201 E11.45479
G1 X90.322 Y67.146 E11.46782
G1 X91.01 Y67.072 E11.49084
G1 X91.619 Y67.029 E11.51114
G1 X92.712 Y67.01 E11.5475
G1 X142.236 Y67.01 E13.19468
G1 X143.094 Y67.021 E13.22322
G1 X143.81 Y67.056 E13.24706
G1 X144.796 Y67.164 E13.28005
G1 X145.223 Y67.228 E13.29441
G1 X146.53 Y67.534 E13.33906
G1 X147.023 Y67.694 E13.3563
G1 X147.606 Y67.905 E13.37692
G1 X148.47 Y68.268 E13.40809
G1 X149.24 Y68.671 E13.43699
G1 X149.631 Y68.904 E13.45213
G1 X150.189 Y69.262 E13.47418
G1 X150.922 Y69.789 E13.50421
G1 X151.447 Y70.231 E13.52704
G1 X151.815 Y70.573 E13.54375
G1 X152.331 Y71.092 E13.56809
G1 X152.955 Y71.792 E13.59928
G1 X153.47 Y72.481 E13.62789
G1 X153.726 Y72.863 E13.64318
G1 X154.056 Y73.394 E13.66398
G1 X154.261 Y73.745 E13.6775
G1 X154.683 Y74.582 E13.70867
G1 X154.981 Y75.318 E13.73508
G1 X155.146 Y75.784 E13.75152
G1 X155.342 Y76.389 E13.77268
G1 X155.569 Y77.292 E13.80365
G1 X155.658 Y77.788 E13.82041
G1 X155.728 Y78.299 E13.83756
G1 X155.789 Y78.888 E13.85726
G1 X155.84 Y79.788 E13.88724
G1 X155.85 Y80.615 E13.91475
G1 X155.849 Y154.499 E16.37214
G1 X155.839 Y155.229 E16.39642
G1 X155.808 Y155.89 E16.41843
G1 X155.768 Y156.337 E16.43336
G1 X155.692 Y156.965 E16.4544
G1 X155.568 Y157.704 E16.47932
G1 X155.243 Y158.93 E16.5215
G1 X154.955 Y159.75 E16.55041
G1 X154.606 Y160.583 E16.58045
G1 X154.189 Y161.38 E16.61037
G1 X153.956 Y161.771 E16.62551
G1 X153.598 Y162.329 E16.64756
G1 X153.071 Y163.062 E16.67758
G1 X152.582 Y163.64 E16.70276
G1 X152.288 Y163.955 E16.71709
G1 X151.671 Y164.568 E16.74602
G1 X150.9 Y165.229 E16.7798
G1 X150.395 Y165.594 E16.80052
G1 X149.986 Y165.873 E16.81699
G1 X149.258 Y166.319 E16.84539
G1 X148.426 Y166.754 E16.87661
G1 X147.539 Y167.122 E16.90855
G1 X146.809 Y167.375 E16.93425
G1 X145.996 Y167.611 E16.96241
G1 X145.066 Y167.799 E16.99397
G1 X144.678 Y167.854 E17.007
G1 X143.99 Y167.928 E17.03001
G1 X143.381 Y167.971 E17.05032
G1 X142.281 Y167.99 E17.08691
G1 X92.617 Y167.989 E18.73874
G1 X91.906 Y167.979 E18.76239
G1 X91.19 Y167.944 E18.78624
G1 X90.204 Y167.836 E18.81923
G1 X89.777 Y167.772 E18.83359
G1 X88.47 Y167.466 E18.87823
G1 X87.977 Y167.306 E18.89547
G1 X87.394 Y167.095 E18.91609
G1 X86.53 Y166.732 E18.94726
G1 X85.76 Y166.329 E18.97617
G1 X85.369 Y166.096 E18.99131
G1 X84.811 Y165.738 E19.01336
G1 X84.078 Y165.211 E19.04339
G1 X83.536 Y164.755 E19.06694
G1 X83.148 Y164.392 E19.08462
G1 X82.57 Y163.809 E19.11192
G1 X81.905 Y163.031 E19.14596
G1 X81.625 Y162.623 E19.16242
G1 X81.545 Y162.541 E19.16623
G1 X81.26 Y162.116 E19.18325
G1 X80.941 Y161.601 E19.2034
G1 X80.597 Y160.992 E19.22666
G1 X80.212 Y160.175 E19.2567
G1 X80.019 Y159.681 E19.27434
G1 X79.765 Y158.949 E19.30011
G1 X79.537 Y158.168 E19.32717
G1 X79.324 Y157.089 E19.36375
G1 X79.209 Y156.098 E19.39694
G1 X79.16 Y155.206 E19.42665
G1 X79.15 Y154.351 E19.45509
G1 X79.151 Y80.478 E21.91211
G1 X79.161 Y79.767 E21.93576
G1 X79.192 Y79.11 E21.95764
G1 X79.238 Y78.615 E21.97418
G1 X79.305 Y78.053 E21.993
G1 X79.43 Y77.304 E22.01826
G1 X79.674 Y76.334 E22.05152
G1 X79.84 Y75.821 E22.06946
G1 X80.045 Y75.25 E22.08964
G1 X80.409 Y74.386 E22.12082
G1 X80.819 Y73.605 E22.15016
G1 X81.052 Y73.216 E22.16524
G1 X81.402 Y72.671 E22.18678
G1 X81.929 Y71.938 E22.21681
G1 X82.385 Y71.396 E22.24037
G0 F6000 X82.691 Y71.654
G1 F1200 X83.03 Y71.292 E22.25686
G1 X83.518 Y70.808 E22.27972
G1 X84.193 Y70.208 E22.30976
G1 X84.788 Y69.761 E22.33451
G1 X85.14 Y69.522 E22.34866
G1 X85.736 Y69.149 E22.37205
G1 X86.066 Y68.956 E22.38476
G1 X86.872 Y68.548 E22.41481
G1 X87.592 Y68.256 E22.44065
G1 X88.303 Y68.009 E22.46569
G1 X89.084 Y67.781 E22.49275
G1 X89.99 Y67.597 E22.5235
G1 X90.365 Y67.544 E22.53609
G1 X91.039 Y67.471 E22.55864
G1 X91.626 Y67.429 E22.57821
G1 X92.719 Y67.41 E22.61457
G1 X142.231 Y67.41 E24.26135
G1 X143.075 Y67.421 E24.28942
G1 X143.767 Y67.454 E24.31246
G1 X144.738 Y67.56 E24.34495
G1 X145.132 Y67.618 E24.3582
G1 X146.407 Y67.915 E24.40174
G1 X146.887 Y68.07 E24.41852
G1 X147.452 Y68.274 E24.4385
G1 X148.285 Y68.622 E24.46852
G1 X149.035 Y69.014 E24.49667
G1 X149.415 Y69.241 E24.51139
G1 X149.955 Y69.587 E24.53272
G1 X150.688 Y70.114 E24.56275
G1 X151.175 Y70.524 E24.58392
G1 X151.532 Y70.855 E24.60011
G1 X152.033 Y71.358 E24.62373
G1 X152.635 Y72.032 E24.65378
G1 X153.138 Y72.704 E24.6817
G1 X153.386 Y73.074 E24.69652
G1 X153.711 Y73.596 E24.71697
G1 X153.904 Y73.926 E24.72968
G1 X154.312 Y74.732 E24.75973
G1 X154.604 Y75.452 E24.78557
G1 X154.766 Y75.908 E24.80167
G1 X154.954 Y76.487 E24.82192
G1 X155.175 Y77.363 E24.85196
G1 X155.264 Y77.859 E24.86873
G1 X155.33 Y78.341 E24.88491
G1 X155.39 Y78.911 E24.90397
G1 X155.44 Y79.793 E24.93335
G1 X155.45 Y80.615 E24.96069
G1 X155.449 Y154.493 E27.41789
G1 X155.439 Y155.21 E27.44174
G1 X155.408 Y155.871 E27.46374
G1 X155.371 Y156.289 E27.4777
G1 X155.297 Y156.9 E27.49817
G1 X155.181 Y157.602 E27.52184
G1 X154.856 Y158.828 E27.56402
G1 X154.586 Y159.595 E27.59107
G1 X154.237 Y160.428 E27.62111
G1 X153.846 Y161.175 E27.64915
G1 X153.619 Y161.555 E27.66387
G1 X153.273 Y162.095 E27.6852
G1 X152.746 Y162.828 E27.71523
G1 X152.29 Y163.367 E27.73871
G1 X152.006 Y163.671 E27.75255
G1 X151.389 Y164.284 E27.78148
G1 X150.665 Y164.905 E27.8132
G1 X150.169 Y165.264 E27.83357
G1 X149.777 Y165.532 E27.84936
G1 X149.072 Y165.965 E27.87688
G1 X148.273 Y166.385 E27.9069
G1 X147.408 Y166.744 E27.93805
G1 X146.697 Y166.991 E27.96308
G1 X145.916 Y167.219 E27.99015
G1 X145.01 Y167.403 E28.02089
G1 X144.635 Y167.456 E28.03349
G1 X143.961 Y167.529 E28.05604
G1 X143.374 Y167.571 E28.07561
G1 X142.281 Y167.59 E28.11197
G1 X92.623 Y167.589 E29.7636
G1 X91.925 Y167.579 E29.78682
G1 X91.233 Y167.546 E29.80986
G1 X90.262 Y167.44 E29.84235
G1 X89.868 Y167.382 E29.8556
G1 X88.593 Y167.085 E29.89914
G1 X88.113 Y166.93 E29.91592
G1 X87.548 Y166.726 E29.93589
G1 X86.715 Y166.378 E29.96592
G1 X85.965 Y165.986 E29.99407
G1 X85.585 Y165.759 E30.00879
G1 X85.045 Y165.413 E30.03012
G1 X84.312 Y164.886 E30.06015
G1 X83.794 Y164.449 E30.08269
G1 X83.432 Y164.11 E30.09918
G1 X82.854 Y163.527 E30.12649
G1 X82.235 Y162.805 E30.15812
G1 X81.893 Y162.307 E30.17821
G1 X81.877 Y162.318 E30.17886
G1 X81.6 Y161.905 E30.1954
G1 X81.289 Y161.404 E30.21501
G1 X80.959 Y160.821 E30.23729
G1 X80.574 Y160.004 E30.26733
G1 X80.397 Y159.549 E30.28357
G1 X80.149 Y158.837 E30.30865
G1 X79.921 Y158.056 E30.33571
G1 X79.721 Y157.043 E30.37005
G1 X79.608 Y156.076 E30.40243
G1 X79.56 Y155.201 E30.43158
G1 X79.55 Y154.351 E30.45985
G1 X79.551 Y80.484 E32.91668
G1 X79.561 Y79.786 E32.9399
G1 X79.592 Y79.129 E32.96177
G1 X79.635 Y78.662 E32.97737
G1 X79.7 Y78.118 E32.99559
G1 X79.818 Y77.402 E33.01973
G1 X80.062 Y76.432 E33.053
G1 X80.217 Y75.956 E33.06965
G1 X80.414 Y75.405 E33.08911
G1 X80.763 Y74.572 E33.11915
G1 X81.162 Y73.811 E33.14773
G1 X81.389 Y73.432 E33.16242
G1 X81.727 Y72.905 E33.18324
G1 X82.254 Y72.172 E33.21327
G1 X82.691 Y71.654 E33.23581
G1 F2700 E28.23581
;MESH:Touch_pad_protector.stl
G0 F6000 X90.783 Y89.19
G0 X106.418 Y149.124
;TYPE:WALL-INNER
G1 F2700 E33.23581
G1 F1200 X91.672 Y149.124 E33.72626
G1 X91.312 Y149.004 E33.73889
G1 F1173.6 X91.071 Y148.629 E33.75405
G1 F1153.8 X91.069 Y133.876 E34.26436
G1 F1179.4 X91.282 Y133.422 E34.28133
G1 F1200 X91.621 Y133.278 E34.29358
G1 X106.357 Y133.272 E34.7837
G1 X106.531 Y133.308 E34.78961
G1 X106.714 Y133.415 E34.79666
G1 X106.883 Y133.653 E34.80637
G1 X106.924 Y133.876 E34.81391
G1 X106.922 Y148.577 E35.30287
G1 X106.89 Y148.723 E35.30784
G1 X106.737 Y148.96 E35.31722
G1 X106.418 Y149.124 E35.32915
G1 F2700 E30.32915
G0 F6000 X107.079 Y148.79
G0 X109.439 Y148.783
G0 X117.5 Y149.124
G1 F2700 E35.32915
G1 F1200 X110.082 Y149.124 E35.57588
G1 X109.763 Y148.96 E35.58781
G1 X109.61 Y148.723 E35.59719
G1 X109.578 Y148.577 E35.60216
G1 X109.576 Y133.876 E36.09112
G1 X109.617 Y133.655 E36.0986
G1 X109.788 Y133.418 E36.10832
G1 X109.941 Y133.323 E36.11431
G1 X110.134 Y133.277 E36.1209
G1 X124.845 Y133.272 E36.61019
G1 X125.031 Y133.308 E36.6165
G1 X125.214 Y133.415 E36.62355
G1 X125.383 Y133.653 E36.63325
G1 X125.424 Y133.876 E36.6408
G1 X125.422 Y148.577 E37.12975
G1 X125.39 Y148.723 E37.13472
G1 X125.237 Y148.96 E37.14411
G1 X124.918 Y149.124 E37.15604
G1 X117.5 Y149.124 E37.40276
G1 F2700 E32.40276
G0 F6000 X117.498 Y156.307
G0 X117.5 Y156.488
G1 F2700 E37.40276
G1 F1200 X142.903 Y156.488 E38.24767
G1 X143.245 Y156.451 E38.25911
G1 X143.544 Y156.345 E38.26966
G1 X143.81 Y156.176 E38.28014
G1 X144.037 Y155.948 E38.29084
G1 X144.207 Y155.685 E38.30126
G1 X144.307 Y155.391 E38.31159
G1 X144.348 Y155.041 E38.32331
G1 X144.348 Y149.336 E38.51306
G1 F1173.6 X144.339 Y148.665 E38.53588
G1 F1156.6 X144.342 Y133.872 E39.04635
G1 F1182.3 X144.348 Y130.922 E39.14594
G1 F1200 X144.038 Y131.209 E39.15999
G1 X143.626 Y131.424 E39.17544
G1 X143.159 Y131.545 E39.19149
G1 X142.702 Y131.54 E39.20669
G1 X142.246 Y131.428 E39.22231
G1 X141.831 Y131.197 E39.2381
G1 X141.536 Y130.937 E39.25118
G1 X141.253 Y130.554 E39.26702
G1 X141.095 Y130.116 E39.28251
G1 X141.028 Y129.669 E39.29754
G1 X141.102 Y129.159 E39.31468
G1 X141.284 Y128.705 E39.33095
G1 X141.541 Y128.358 E39.34531
G1 X141.828 Y128.105 E39.35804
G1 X142.243 Y127.869 E39.37392
G1 X142.697 Y127.757 E39.38947
G1 X143.173 Y127.751 E39.4053
G1 X143.629 Y127.873 E39.421
G1 X144.045 Y128.09 E39.43661
G1 X144.348 Y128.382 E39.4506
G1 X144.348 Y89.292 E40.75074
G1 X144.039 Y89.581 E40.76481
G1 X143.625 Y89.797 E40.78035
G1 X143.166 Y89.913 E40.79609
G1 X142.7 Y89.907 E40.81159
G1 X142.247 Y89.801 E40.82707
G1 X141.828 Y89.563 E40.84309
G1 X141.541 Y89.315 E40.85571
G1 X141.256 Y88.93 E40.87164
G1 X141.094 Y88.471 E40.88783
G1 X141.027 Y88.022 E40.90293
G1 X141.1 Y87.541 E40.91911
G1 X141.291 Y87.068 E40.93608
G1 X141.529 Y86.738 E40.94961
G1 X141.83 Y86.467 E40.96308
G1 X142.251 Y86.234 E40.97909
G1 X142.7 Y86.129 E40.99442
G1 X143.173 Y86.123 E41.01016
G1 X143.626 Y86.244 E41.02575
G1 X144.046 Y86.459 E41.04144
G1 X144.348 Y86.75 E41.05539
G1 X144.348 Y79.959 E41.28126
G1 X144.307 Y79.606 E41.29308
G1 X144.207 Y79.314 E41.30335
G1 X144.037 Y79.046 E41.3139
G1 X143.811 Y78.82 E41.32453
G1 X143.545 Y78.653 E41.33498
G1 X143.248 Y78.549 E41.34545
G1 X142.901 Y78.508 E41.35707
G1 X92.095 Y78.508 E43.04688
G1 X91.749 Y78.549 E43.05847
G1 X91.454 Y78.652 E43.06886
G1 X91.184 Y78.821 E43.07946
G1 X90.961 Y79.044 E43.08995
G1 X90.793 Y79.314 E43.10052
G1 X90.689 Y79.608 E43.1109
G1 X90.648 Y79.959 E43.12265
G1 X90.648 Y86.739 E43.34815
G1 X90.95 Y86.467 E43.36167
G1 X91.37 Y86.234 E43.37765
G1 X91.82 Y86.129 E43.39302
G1 X92.295 Y86.123 E43.40882
G1 X92.751 Y86.246 E43.42452
G1 X93.16 Y86.462 E43.43991
G1 X93.502 Y86.777 E43.45537
G1 X93.734 Y87.122 E43.4692
G1 X93.908 Y87.544 E43.48438
G1 X93.964 Y88.014 E43.50013
G1 X93.909 Y88.445 E43.51458
G1 X93.77 Y88.868 E43.52939
G1 X93.512 Y89.246 E43.54461
G1 X93.145 Y89.588 E43.56129
G1 X92.745 Y89.797 E43.5763
G1 X92.29 Y89.913 E43.59192
G1 X91.82 Y89.907 E43.60755
G1 X91.37 Y89.802 E43.62292
G1 X90.952 Y89.57 E43.63882
G1 X90.648 Y89.303 E43.65228
G1 X90.648 Y128.365 E44.95149
G1 X90.952 Y128.098 E44.96495
G1 X91.366 Y127.868 E44.9807
G1 X91.817 Y127.757 E44.99615
G1 X92.295 Y127.751 E45.01205
G1 X92.75 Y127.874 E45.02772
G1 X93.147 Y128.081 E45.04261
G1 X93.488 Y128.399 E45.05812
G1 X93.74 Y128.751 E45.07252
G1 X93.905 Y129.178 E45.08775
G1 X93.965 Y129.641 E45.10327
G1 X93.919 Y130.045 E45.1168
G1 X93.773 Y130.495 E45.13253
G1 X93.507 Y130.891 E45.1484
G1 X93.156 Y131.211 E45.1642
G1 X92.747 Y131.424 E45.17953
G1 X92.283 Y131.546 E45.19549
G1 X91.806 Y131.534 E45.21136
G1 X91.367 Y131.429 E45.22637
G1 X90.952 Y131.198 E45.24217
G1 X90.648 Y130.931 E45.25563
G1 F1179.4 X90.655 Y133.876 E45.35529
G1 F1153.8 X90.657 Y148.665 E45.86685
G1 F1173.6 X90.648 Y149.336 E45.88968
G1 F1200 X90.648 Y153.805 E46.03832
G1 X90.952 Y153.538 E46.05177
G1 X91.366 Y153.308 E46.06752
G1 X91.817 Y153.197 E46.08297
G1 X92.285 Y153.191 E46.09854
G1 X92.747 Y153.312 E46.11442
G1 X93.163 Y153.529 E46.13003
G1 X93.502 Y153.851 E46.14558
G1 X93.736 Y154.184 E46.15912
G1 X93.912 Y154.624 E46.17488
G1 X93.964 Y155.085 E46.19031
G1 X93.919 Y155.484 E46.20366
G1 X93.775 Y155.931 E46.21928
G1 X93.547 Y156.271 E46.2329
G1 X93.334 Y156.488 E46.24301
G1 X117.5 Y156.488 E47.04678
G1 F2700 E42.04678
G0 F6000 X143.208 Y156.292
G0 X143.71 Y156.05
G0 X144.061 Y155.614
G0 X144.187 Y155.031
G0 X144.187 Y149.336
G0 X144.14 Y148.627
G0 X143.674 Y149
G0 X128.582 Y149.124
G1 F2700 E47.04678
G1 F1200 X128.263 Y148.96 E47.05871
G1 X128.11 Y148.723 E47.06809
G1 X128.078 Y148.577 E47.07306
G1 X128.076 Y133.876 E47.56202
G1 X128.117 Y133.656 E47.56946
G1 X128.204 Y133.505 E47.57526
G1 X128.353 Y133.369 E47.58197
G1 X128.643 Y133.276 E47.5921
G1 X143.379 Y133.274 E48.08222
G1 X143.718 Y133.418 E48.09447
G1 F1182.3 X143.93 Y133.872 E48.11138
G1 F1156.6 X143.925 Y148.629 E48.62061
G1 F1173.6 X143.684 Y149.004 E48.63577
G1 F1200 X143.324 Y149.124 E48.64839
G1 X128.582 Y149.124 E49.13871
G0 F6000 X128.631 Y148.72
;TYPE:WALL-OUTER
G1 F1200 X128.538 Y148.67 E49.14222
G1 X128.476 Y148.574 E49.14602
G1 X128.476 Y133.82 E49.63674
G1 X128.546 Y133.723 E49.64072
G1 X128.655 Y133.677 E49.64466
G1 X143.343 Y133.672 E50.13318
G1 X143.456 Y133.72 E50.13727
G1 X143.524 Y133.872 E50.1428
G1 X143.522 Y148.559 E50.6313
G1 X143.444 Y148.684 E50.6362
G1 X143.324 Y148.724 E50.6404
G1 X128.631 Y148.72 E51.12909
G1 F2700 E46.12909
G0 F6000 X128.631 Y149.034
G0 X127.921 Y148.79
G0 X125.561 Y148.784
G0 X117.5 Y148.72
G1 F2700 E51.12909
G1 F1200 X110.131 Y148.72 E51.37419
G1 X110.038 Y148.67 E51.3777
G1 X109.976 Y148.574 E51.3815
G1 X109.976 Y133.82 E51.87222
G1 X110.046 Y133.723 E51.8762
G1 X110.162 Y133.676 E51.88036
G1 X124.839 Y133.672 E52.36852
G1 X124.932 Y133.703 E52.37178
G1 X125.024 Y133.815 E52.3766
G1 X125.024 Y148.542 E52.86643
G1 X124.988 Y148.64 E52.8699
G1 X124.869 Y148.72 E52.87467
G1 X117.5 Y148.72 E53.11976
G1 F2700 E48.11976
G0 F6000 X117.5 Y149.034
G0 X117.5 Y149.304
G0 X117.498 Y156.307
G0 X117.5 Y156.887
G1 F2700 E53.11976
G1 F1200 X142.925 Y156.888 E53.9654
G1 X143.335 Y156.843 E53.97912
G1 X143.72 Y156.707 E53.9927
G1 X144.062 Y156.49 E54.00617
G1 X144.351 Y156.201 E54.01976
G1 X144.57 Y155.86 E54.03324
G1 X144.699 Y155.479 E54.04662
G1 X144.748 Y155.064 E54.06052
G1 F1203 X144.749 Y130.361 E54.88009
G1 F1276.6 X144.771 Y129.608 E54.90364
G1 F1269.8 X144.748 Y128.866 E54.92698
G1 F1203 X144.749 Y88.731 E56.25854
G1 F1276.6 X144.771 Y87.98 E56.28203
G1 F1269.8 X144.748 Y87.238 E56.30536
G1 F1200 X144.748 Y79.936 E56.54822
G1 X144.699 Y79.517 E56.56225
G1 X144.57 Y79.14 E56.57551
G1 X144.351 Y78.794 E56.58913
G1 X144.062 Y78.506 E56.6027
G1 X143.72 Y78.29 E56.61615
G1 X143.338 Y78.157 E56.6296
G1 X142.924 Y78.108 E56.64347
G1 X92.072 Y78.108 E58.33481
G1 X91.658 Y78.157 E58.34868
G1 X91.28 Y78.29 E58.36201
G1 X90.934 Y78.506 E58.37557
G1 X90.646 Y78.794 E58.38912
G1 X90.43 Y79.14 E58.40269
G1 X90.297 Y79.518 E58.41602
G1 X90.248 Y79.936 E58.43001
G1 X90.248 Y87.187 E58.67118
G1 F1276.6 X90.224 Y88.02 E58.69724
G1 X90.248 Y88.79 E58.72132
G1 F1200 X90.248 Y128.817 E60.05263
G1 F1276.6 X90.224 Y129.648 E60.07862
G1 X90.248 Y130.418 E60.1027
G1 F1200 X90.248 Y154.257 E60.89559
G1 F1276.6 X90.225 Y155.066 E60.92089
G1 F1355.9 X90.274 Y155.484 E60.93328
G1 F1359.8 X90.407 Y155.871 E60.94529
G1 F1363.6 X90.627 Y156.217 E60.95729
G1 X90.919 Y156.51 E60.9694
G1 X91.269 Y156.732 E60.98153
G1 X91.651 Y156.863 E60.99335
G1 F1318.7 X92.136 Y156.92 E61.00813
G1 F1237.1 X92.721 Y156.887 E61.02704
G1 F1200 X117.5 Y156.887 E61.85119
G1 F2700 E56.85119
G0 F6000 X117.5 Y156.58
G0 X93.742 Y156.306
G0 X93.88 Y154.11
G0 X91.798 Y153.036
G0 X90.828 Y153.401
G0 X90.809 Y149.336
G0 X90.856 Y148.627
G0 X91.322 Y149
G0 X106.369 Y149.035
G0 X106.369 Y148.72
G1 F2700 E61.85119
G1 F1200 X91.672 Y148.724 E62.34001
G1 X91.552 Y148.684 E62.34422
G1 X91.474 Y148.559 E62.34912
G1 X91.476 Y133.876 E62.83748
G1 X91.544 Y133.724 E62.84302
G1 X91.657 Y133.676 E62.8471
G1 X106.335 Y133.672 E63.33529
G1 X106.482 Y133.748 E63.3408
G1 X106.524 Y133.876 E63.34528
G1 X106.524 Y148.542 E63.83307
G1 X106.488 Y148.64 E63.83654
G1 X106.369 Y148.72 E63.84131
G1 F2700 E58.84131
G0 F6000 X106.369 Y149.035
G0 X91.216 Y149.133
G0 X90.856 Y148.627
G0 X90.809 Y149.336
G0 X90.828 Y153.401
G0 X92.804 Y153.161
G0 X94.126 Y155.086
G0 X93.898 Y156.035
G0 X92.79 Y156.657
G0 X92.247 Y156.559
G1 F2700 E63.84131
G1 F1371.4 X91.855 Y156.547 E63.85273
G1 F1395.3 X91.499 Y156.458 E63.86322
G1 X91.208 Y156.29 E63.87283
G1 F1387.3 X90.951 Y156.066 E63.88264
G1 F1383.3 X90.744 Y155.767 E63.89314
G1 F1371.4 X90.625 Y155.434 E63.90343
G1 F1363.6 X90.576 Y155.072 E63.91412
G1 F1304.3 X90.623 Y154.691 E63.92587
G1 F1224.5 X90.75 Y154.356 E63.93754
G1 F1200 X90.967 Y154.057 E63.94983
G1 X91.167 Y153.881 E63.95869
G1 X91.514 Y153.683 E63.97198
G1 X91.848 Y153.601 E63.98342
G1 X92.244 Y153.591 E63.99659
G1 X92.581 Y153.682 E64.0082
G1 X92.929 Y153.858 E64.02117
G1 X93.182 Y154.098 E64.03277
G1 X93.39 Y154.397 E64.04489
G1 X93.52 Y154.723 E64.05656
G1 X93.559 Y155.112 E64.06956
G1 X93.519 Y155.422 E64.07996
G1 X93.41 Y155.759 E64.09174
G1 X93.184 Y156.084 E64.10491
G1 X92.905 Y156.33 E64.11728
G1 X92.621 Y156.478 E64.12793
G1 F1269.8 X92.247 Y156.559 E64.13996
G1 F2700 E59.13996
G0 F6000 X92.79 Y156.657
G0 X93.076 Y156.525
G0 X93.394 Y156.225
G0 X93.636 Y155.868
G0 X93.773 Y155.458
G0 X93.812 Y155.089
G0 X93.765 Y154.664
G0 X93.602 Y154.259
G0 X92.726 Y153.139
G0 X90.828 Y153.401
G0 X90.828 Y131.335
G0 X92.331 Y131.443
G0 X92.251 Y131.142
G1 F2700 E64.13996
G1 F1200 X91.893 Y131.141 E64.15186
G1 X91.515 Y131.053 E64.16477
G1 X91.167 Y130.855 E64.17809
G1 X90.967 Y130.679 E64.18695
G1 X90.727 Y130.36 E64.20023
G1 F1227.6 X90.62 Y130.033 E64.21141
G1 F1304.3 X90.577 Y129.675 E64.22245
G1 F1300.8 X90.623 Y129.251 E64.23553
G1 F1224.5 X90.75 Y128.916 E64.24721
G1 F1200 X90.967 Y128.617 E64.2595
G1 X91.167 Y128.441 E64.26836
G1 X91.514 Y128.243 E64.28165
G1 X91.848 Y128.161 E64.29309
G1 X92.245 Y128.151 E64.3063
G1 X92.621 Y128.258 E64.3193
G1 X92.93 Y128.419 E64.33089
G1 X93.182 Y128.658 E64.34244
G1 X93.376 Y128.928 E64.3535
G1 X93.518 Y129.28 E64.36612
G1 X93.559 Y129.672 E64.37923
G1 X93.519 Y129.982 E64.38963
G1 X93.41 Y130.319 E64.40141
G1 X93.184 Y130.644 E64.41457
G1 X92.905 Y130.89 E64.42694
G1 X92.581 Y131.054 E64.43902
G1 X92.251 Y131.142 E64.45038
G1 F2700 E59.45038
G0 F6000 X92.331 Y131.443
G0 X93.076 Y131.085
G0 X93.394 Y130.785
G0 X93.636 Y130.428
G0 X93.773 Y130.018
G0 X93.812 Y129.649
G0 X93.765 Y129.224
G0 X93.602 Y128.819
G0 X93.393 Y128.512
G0 X92.315 Y127.59
G0 X90.828 Y127.961
G0 X90.828 Y89.707
G0 X92.235 Y89.826
G0 X92.241 Y89.513
G1 F2700 E64.45038
G1 F1200 X91.85 Y89.503 E64.46339
G1 X91.513 Y89.424 E64.4749
G1 X91.167 Y89.227 E64.48815
G1 X90.967 Y89.051 E64.49701
G1 X90.727 Y88.732 E64.51028
G1 F1227.6 X90.62 Y88.405 E64.52147
G1 F1304.3 X90.577 Y88.047 E64.5325
G1 F1300.8 X90.622 Y87.624 E64.54555
G1 F1224.5 X90.75 Y87.284 E64.5574
G1 F1200 X90.966 Y86.991 E64.5695
G1 X91.202 Y86.785 E64.57992
G1 X91.514 Y86.611 E64.5918
G1 X91.85 Y86.533 E64.60328
G1 X92.245 Y86.523 E64.61642
G1 X92.619 Y86.629 E64.62935
G1 X92.928 Y86.788 E64.64091
G1 X93.182 Y87.026 E64.65248
G1 X93.381 Y87.31 E64.66402
G1 X93.521 Y87.664 E64.67668
G1 X93.56 Y88.013 E64.68836
G1 X93.525 Y88.33 E64.69897
G1 X93.408 Y88.686 E64.71143
G1 X93.195 Y89.001 E64.72408
G1 X92.931 Y89.246 E64.73606
G1 X92.621 Y89.41 E64.74772
G1 X92.241 Y89.513 E64.76082
G1 F2700 E59.76082
G0 F6000 X92.235 Y89.826
G0 X93.637 Y89.354
G0 X93.876 Y87.046
G0 X92.315 Y85.962
G0 X90.828 Y86.329
G0 X90.847 Y79.645
G0 X91.088 Y79.146
G0 X91.524 Y78.798
G0 X92.105 Y78.669
G0 X143.212 Y78.707
G0 X143.709 Y78.947
G0 X144.062 Y79.385
G0 X144.187 Y79.969
G0 X144.168 Y86.32
G0 X142.195 Y86.081
G0 X140.865 Y88.022
G0 X141.726 Y89.484
G0 X143.114 Y89.826
G0 X143.12 Y89.513
G1 F2700 E64.76082
G1 F1200 X142.73 Y89.503 E64.77379
G1 X142.394 Y89.424 E64.78527
G1 X142.062 Y89.239 E64.79791
G1 X141.826 Y89.029 E64.80842
G1 X141.616 Y88.744 E64.82019
G1 X141.484 Y88.384 E64.83295
G1 X141.432 Y88.007 E64.84561
G1 X141.486 Y87.644 E64.85781
G1 X141.641 Y87.262 E64.87152
G1 X141.819 Y87.02 E64.88152
G1 X142.082 Y86.785 E64.89325
G1 X142.395 Y86.611 E64.90516
G1 X142.73 Y86.533 E64.9166
G1 X143.123 Y86.523 E64.92967
G1 X143.461 Y86.614 E64.94131
G1 X143.81 Y86.786 E64.95426
G1 X144.089 Y87.058 E64.96722
G1 X144.27 Y87.329 E64.97805
G1 F1230.8 X144.38 Y87.633 E64.98854
G1 F1307.9 X144.417 Y88.041 E65.00104
G1 F1318.7 X144.392 Y88.324 E65.00964
G1 F1266.5 X144.289 Y88.688 E65.02156
G1 F1221.4 X144.065 Y89.011 E65.0344
G1 F1200 X143.808 Y89.25 E65.04608
G1 X143.458 Y89.426 E65.05911
G1 X143.12 Y89.513 E65.07072
G1 F2700 E60.07072
G0 F6000 X143.114 Y89.826
G0 X144.168 Y89.715
G0 X144.168 Y127.953
G0 X142.723 Y127.912
G0 X142.304 Y128.011
G0 X141.927 Y128.222
G0 X141.648 Y128.466
G0 X141.424 Y128.772
G0 X141.244 Y129.211
G0 X141.18 Y129.651
G0 X141.243 Y130.081
G0 X141.389 Y130.481
G0 X141.648 Y130.834
G0 X141.927 Y131.078
G0 X142.768 Y131.449
G0 X142.773 Y131.141
G1 F2700 E65.07072
G1 F1200 X142.395 Y131.053 E65.08362
G1 X142.047 Y130.855 E65.09694
G1 X141.847 Y130.679 E65.1058
G1 X141.609 Y130.362 E65.11899
G1 X141.491 Y130.036 E65.13052
G1 X141.432 Y129.645 E65.14367
G1 X141.487 Y129.269 E65.15631
G1 X141.638 Y128.899 E65.1696
G1 X141.833 Y128.631 E65.18062
G1 X142.062 Y128.429 E65.19078
G1 X142.395 Y128.243 E65.20347
G1 X142.728 Y128.161 E65.21487
G1 X143.123 Y128.151 E65.22801
G1 X143.461 Y128.242 E65.23966
G1 X143.81 Y128.419 E65.25267
G1 X144.088 Y128.689 E65.26556
G1 X144.27 Y128.957 E65.27634
G1 F1230.8 X144.38 Y129.261 E65.28682
G1 F1307.9 X144.417 Y129.669 E65.29932
G1 F1315.1 X144.387 Y129.978 E65.30874
G1 F1259.8 X144.288 Y130.32 E65.32002
G1 F1218.3 X144.095 Y130.608 E65.33138
G1 F1200 X143.807 Y130.879 E65.34453
G1 X143.461 Y131.054 E65.35743
G1 X143.127 Y131.142 E65.36892
G1 X142.773 Y131.141 E65.38069
G1 F2700 E60.38069
G0 F6000 X142.768 Y131.449
G0 X144.168 Y131.343
G0 X144.149 Y155.355
G0 X143.912 Y155.847
G0 X143.473 Y156.199
G0 X143.004 Y156.303
G0 X117.499 Y156.387
G0 X117.5 Y156.125
;TYPE:SKIN
G1 F2700 E65.38069
G1 F1200 X94.053 Y156.124 E66.16054
G1 X94.147 Y155.953 E66.16703
G1 X94.263 Y155.585 E66.17987
G1 X94.323 Y155.108 E66.19586
G1 X94.26 Y154.53 E66.2152
G1 X94.04 Y153.992 E66.23453
G1 X93.784 Y153.628 E66.24933
G1 X93.375 Y153.232 E66.26826
G1 X92.897 Y152.982 E66.28621
G1 X92.331 Y152.827 E66.30572
G1 X91.748 Y152.841 E66.32512
G1 X91.252 Y152.961 E66.34209
G1 X91.008 Y153.09 E66.35127
G1 X91.012 Y149.181 E66.48129
G1 X91.111 Y149.304 E66.48654
G1 X91.64 Y149.484 E66.50512
G1 X106.487 Y149.482 E66.99894
G1 X106.876 Y149.309 E67.0131
G1 X107.104 Y149.085 E67.02373
G1 X107.219 Y148.862 E67.03207
G1 X107.28 Y148.606 E67.04083
G1 X107.284 Y133.876 E67.53075
G1 X107.219 Y133.524 E67.54265
G1 X107.061 Y133.261 E67.55286
G1 X106.767 Y133.013 E67.56565
G1 X106.42 Y132.912 E67.57767
G1 X91.568 Y132.916 E68.07165
G1 X91.101 Y133.115 E68.08853
G1 X91.011 Y133.202 E68.0927
G1 X91.009 Y131.64 E68.14465
G1 X91.261 Y131.771 E68.1541
G1 X91.733 Y131.883 E68.17023
G1 X92.331 Y131.905 E68.19013
G1 X92.856 Y131.766 E68.2082
G1 X93.364 Y131.506 E68.22718
G1 X93.763 Y131.145 E68.24507
G1 X94.101 Y130.651 E68.26498
G1 X94.263 Y130.145 E68.28265
G1 X94.323 Y129.613 E68.30046
G1 X94.25 Y129.08 E68.31835
G1 X94.051 Y128.567 E68.33665
G1 X93.752 Y128.152 E68.35367
G1 X93.329 Y127.77 E68.37262
G1 X92.901 Y127.546 E68.38869
G1 X92.338 Y127.387 E68.40815
G1 X91.748 Y127.401 E68.42778
G1 X91.252 Y127.521 E68.44475
G1 X91.008 Y127.65 E68.45393
G1 X91.008 Y90.011 E69.70581
G1 X91.233 Y90.136 E69.71437
G1 X91.796 Y90.265 E69.73358
G1 X92.336 Y90.272 E69.75154
G1 X92.86 Y90.134 E69.76956
G1 X93.354 Y89.879 E69.78806
G1 X93.782 Y89.49 E69.80729
G1 X94.099 Y89.018 E69.8262
G1 X94.267 Y88.506 E69.84412
G1 X94.32 Y88.012 E69.86065
G1 X94.259 Y87.467 E69.87889
G1 X94.043 Y86.936 E69.89796
G1 X93.791 Y86.56 E69.91301
G1 X93.349 Y86.146 E69.93315
G1 X92.891 Y85.913 E69.95024
G1 X92.363 Y85.77 E69.96844
G1 X91.798 Y85.768 E69.98723
G1 X91.262 Y85.889 E70.00551
G1 X91.008 Y86.021 E70.01503
G1 X91.008 Y79.98 E70.21595
G1 X91.041 Y79.694 E70.22553
G1 X91.242 Y79.271 E70.2411
G1 X91.612 Y78.978 E70.2568
G1 X91.833 Y78.901 E70.26459
G1 X92.12 Y78.868 E70.27419
G1 X142.876 Y78.868 E71.96235
G1 X143.167 Y78.901 E71.97209
G1 X143.388 Y78.978 E71.97987
G1 X143.582 Y79.101 E71.98751
G1 X143.878 Y79.472 E72.0033
G1 X143.952 Y79.686 E72.01083
G1 X143.988 Y79.981 E72.02071
G1 X143.988 Y86.024 E72.2217
G1 X143.736 Y85.902 E72.23101
G1 X143.22 Y85.764 E72.24878
G1 X142.639 Y85.772 E72.26811
G1 X142.119 Y85.89 E72.28584
G1 X141.601 Y86.183 E72.30563
G1 X141.244 Y86.512 E72.32178
G1 X140.959 Y86.917 E72.33825
G1 X140.75 Y87.448 E72.35723
G1 X140.664 Y88.031 E72.37683
G1 X140.743 Y88.572 E72.39502
G1 X140.93 Y89.102 E72.41371
G1 X141.268 Y89.546 E72.43227
G1 X141.6 Y89.84 E72.44702
G1 X142.11 Y90.139 E72.46668
G1 X142.635 Y90.26 E72.4846
G1 X143.209 Y90.273 E72.5037
G1 X143.778 Y90.122 E72.52328
G1 X143.988 Y90.011 E72.53118
G1 X143.988 Y127.652 E73.78312
G1 X143.782 Y127.543 E73.79088
G1 X143.22 Y127.387 E73.81027
G1 X142.628 Y127.401 E73.82997
G1 X142.105 Y127.527 E73.84786
G1 X141.628 Y127.802 E73.86618
G1 X141.259 Y128.119 E73.88236
G1 X140.981 Y128.506 E73.8982
G1 X140.762 Y129.036 E73.91728
G1 X140.657 Y129.631 E73.93737
G1 X140.738 Y130.182 E73.9559
G1 X140.934 Y130.728 E73.97519
G1 X141.283 Y131.194 E73.99456
G1 X141.603 Y131.478 E74.00879
G1 X142.135 Y131.771 E74.02899
G1 X142.631 Y131.895 E74.04599
G1 X143.207 Y131.901 E74.06515
G1 X143.734 Y131.767 E74.08324
G1 X143.986 Y131.641 E74.09261
G1 X143.98 Y133.189 E74.14409
G1 X143.899 Y133.111 E74.14783
G1 X143.432 Y132.912 E74.16472
G1 X128.551 Y132.917 E74.65966
G1 X128.316 Y132.982 E74.66777
G1 X128.052 Y133.145 E74.67809
G1 X127.785 Y133.514 E74.69324
G1 X127.719 Y133.834 E74.70411
G1 X127.716 Y148.61 E75.19556
G1 X127.777 Y148.859 E75.20409
G1 X128.003 Y149.216 E75.21814
G1 X128.251 Y149.382 E75.22806
G1 X128.52 Y149.481 E75.2376
G1 X143.35 Y149.484 E75.73085
G1 X143.888 Y149.304 E75.74971
G1 X143.983 Y149.181 E75.75488
G1 X143.988 Y155.015 E75.94892
G1 X143.952 Y155.31 E75.95881
G1 X143.878 Y155.524 E75.96634
G1 X143.585 Y155.891 E75.98196
G1 X143.388 Y156.014 E75.98968
G1 X143.158 Y156.095 E75.99779
G1 X142.88 Y156.127 E76.0071
G1 X117.5 Y156.125 E76.85124
G1 F2700 E71.85124
G0 F6000 X117.499 Y156.387
G0 X117.498 Y149.304
G0 X117.5 Y149.482
G1 F2700 E76.85124
G1 F1200 X124.987 Y149.482 E77.10026
G1 X125.376 Y149.309 E77.11442
G1 X125.604 Y149.085 E77.12505
G1 X125.719 Y148.862 E77.1334
G1 X125.78 Y148.606 E77.14215
G1 X125.784 Y133.876 E77.63207
G1 X125.715 Y133.514 E77.64433
G1 X125.448 Y133.141 E77.65959
G1 X125.149 Y132.966 E77.67111
G1 X124.887 Y132.912 E77.68001
G1 X110.102 Y132.917 E78.17176
G1 X109.807 Y132.987 E78.18184
G1 X109.547 Y133.149 E78.19203
G1 X109.281 Y133.527 E78.2074
G1 X109.219 Y133.834 E78.21782
G1 X109.216 Y148.61 E78.70927
G1 X109.277 Y148.859 E78.7178
G1 X109.503 Y149.216 E78.73185
G1 X109.751 Y149.382 E78.74178
G1 X110.02 Y149.481 E78.75131
G1 X117.5 Y149.482 E79.0001
G1 F2700 E74.0001
G0 F6000 X117.5 Y149.224
G0 X109.766 Y148.934
G0 X92.818 Y153.124
G0 X91.582 Y152.676
G1 F2700 E79.0001
G1 F1200 X91.209 Y152.303 E79.01764
G0 F6000 X91.209 Y151.737
G1 F1200 X92.102 Y152.63 E79.05965
G0 F6000 X92.776 Y152.739
G1 F1200 X91.209 Y151.172 E79.13335
G0 F6000 X91.209 Y150.606
G1 F1200 X96.527 Y155.924 E79.3835
G0 F6000 X95.961 Y155.924
G1 F1200 X94.414 Y154.377 E79.45626
G0 F6000 X94.524 Y155.052
G1 F1200 X95.396 Y155.924 E79.49728
G0 F6000 X94.83 Y155.924
G1 F1200 X94.471 Y155.565 E79.51416
G1 F2700 E74.51416
G0 F6000 X94.016 Y155.512
G0 X93.742 Y156.306
G0 X97.092 Y156.387
G0 X97.093 Y155.924
G1 F2700 E79.51416
G1 F1200 X91.209 Y150.04 E79.79093
G0 F6000 X91.322 Y149.588
G1 F1200 X97.659 Y155.924 E80.08898
G0 F6000 X98.224 Y155.924
G1 F1200 X91.984 Y149.684 E80.38249
G0 F6000 X92.55 Y149.684
G1 F1200 X98.79 Y155.924 E80.676
G0 F6000 X99.356 Y155.924
G1 F1200 X93.115 Y149.684 E80.96953
G0 F6000 X93.681 Y149.684
G1 F1200 X99.921 Y155.924 E81.26304
G0 F6000 X100.487 Y155.924
G1 F1200 X94.246 Y149.683 E81.5566
G0 F6000 X94.812 Y149.683
G1 F1200 X101.053 Y155.924 E81.85016
G0 F6000 X101.618 Y155.924
G1 F1200 X95.377 Y149.683 E82.14372
G0 F6000 X95.942 Y149.682
G1 F1200 X102.184 Y155.924 E82.43732
G0 F6000 X102.75 Y155.924
G1 F1200 X96.508 Y149.682 E82.73093
G0 F6000 X97.074 Y149.682
G1 F1200 X103.315 Y155.924 E83.02451
G0 F6000 X103.881 Y155.924
G1 F1200 X97.639 Y149.682 E83.31811
G0 F6000 X98.204 Y149.682
G1 F1200 X104.447 Y155.924 E83.61174
G0 F6000 X105.012 Y155.924
G1 F1200 X98.77 Y149.682 E83.90534
G0 F6000 X99.336 Y149.682
G1 F1200 X105.578 Y155.924 E84.19895
G0 F6000 X106.144 Y155.924
G1 F1200 X99.901 Y149.682 E84.49258
G0 F6000 X100.466 Y149.681
G1 F1200 X106.71 Y155.925 E84.78628
G0 F6000 X107.276 Y155.925
G1 F1200 X101.032 Y149.681 E85.07997
G0 F6000 X101.598 Y149.681
G1 F1200 X107.842 Y155.925 E85.37367
G0 F6000 X108.407 Y155.925
G1 F1200 X102.163 Y149.681 E85.66737
G0 F6000 X102.728 Y149.68
G1 F1200 X108.973 Y155.925 E85.96112
G0 F6000 X109.539 Y155.925
G1 F1200 X103.294 Y149.68 E86.25486
G0 F6000 X103.86 Y149.68
G1 F1200 X110.104 Y155.925 E86.54858
G0 F6000 X110.67 Y155.925
G1 F1200 X104.425 Y149.68 E86.84233
G0 F6000 X104.991 Y149.68
G1 F1200 X111.236 Y155.925 E87.13608
G0 F6000 X111.801 Y155.925
G1 F1200 X105.556 Y149.68 E87.42982
G0 F6000 X106.122 Y149.68
G1 F1200 X112.367 Y155.925 E87.72357
G0 F6000 X112.933 Y155.925
G1 F1200 X106.644 Y149.637 E88.01936
G0 F6000 X107.021 Y149.448
G1 F1200 X113.498 Y155.925 E88.32402
G0 F6000 X114.064 Y155.925
G1 F1200 X107.291 Y149.152 E88.6426
G0 F6000 X107.449 Y148.744
G1 F1200 X114.63 Y155.925 E88.98037
G0 F6000 X115.195 Y155.925
G1 F1200 X107.478 Y148.207 E89.34338
G0 F6000 X107.478 Y147.642
G1 F1200 X115.761 Y155.925 E89.73299
G0 F6000 X116.327 Y155.925
G1 F1200 X110.081 Y149.679 E90.02678
G0 F6000 X110.647 Y149.679
G1 F1200 X116.893 Y155.925 E90.32057
G0 F6000 X117.458 Y155.925
G1 F1200 X111.212 Y149.679 E90.61436
G0 F6000 X111.778 Y149.679
G1 F1200 X118.024 Y155.925 E90.90816
G0 F6000 X118.59 Y155.925
G1 F1200 X112.344 Y149.679 E91.20195
G0 F6000 X112.909 Y149.679
G1 F1200 X119.156 Y155.926 E91.49579
G0 F6000 X119.722 Y155.926
G1 F1200 X113.475 Y149.679 E91.78963
G0 F6000 X114.041 Y149.679
G1 F1200 X120.287 Y155.926 E92.08344
G0 F6000 X120.853 Y155.926
G1 F1200 X114.606 Y149.679 E92.37728
G0 F6000 X115.172 Y149.679
G1 F1200 X121.419 Y155.926 E92.67112
G0 F6000 X121.984 Y155.926
G1 F1200 X115.738 Y149.679 E92.96494
G0 F6000 X116.304 Y149.679
G1 F1200 X122.55 Y155.926 E93.25876
G0 F6000 X123.116 Y155.926
G1 F1200 X116.869 Y149.679 E93.5526
G0 F6000 X117.435 Y149.679
G1 F1200 X123.681 Y155.926 E93.84641
G0 F6000 X124.247 Y155.926
G1 F1200 X118.001 Y149.68 E94.1402
G0 F6000 X118.567 Y149.68
G1 F1200 X124.813 Y155.926 E94.434
G0 F6000 X125.379 Y155.926
G1 F1200 X119.133 Y149.68 E94.72779
G0 F6000 X119.698 Y149.68
G1 F1200 X125.944 Y155.926 E95.02158
G0 F6000 X126.51 Y155.926
G1 F1200 X120.264 Y149.68 E95.31538
G0 F6000 X120.83 Y149.68
G1 F1200 X127.076 Y155.926 E95.60917
G0 F6000 X127.641 Y155.926
G1 F1200 X121.395 Y149.68 E95.90296
G0 F6000 X121.961 Y149.68
G1 F1200 X128.207 Y155.926 E96.19675
G0 F6000 X128.773 Y155.926
G1 F1200 X122.527 Y149.68 E96.49055
G0 F6000 X123.092 Y149.68
G1 F1200 X129.338 Y155.926 E96.78434
G0 F6000 X129.904 Y155.926
G1 F1200 X123.658 Y149.68 E97.07813
G0 F6000 X124.224 Y149.68
G1 F1200 X130.47 Y155.926 E97.37192
G0 F6000 X131.036 Y155.926
G1 F1200 X124.789 Y149.68 E97.66574
G0 F6000 X125.26 Y149.584
G1 F1200 X131.602 Y155.926 E97.96405
G0 F6000 X132.167 Y155.926
G1 F1200 X125.605 Y149.364 E98.27271
G0 F6000 X125.849 Y149.043
G1 F1200 X132.733 Y155.926 E98.59648
G0 F6000 X133.299 Y155.926
G1 F1200 X125.98 Y148.607 E98.94075
G0 F6000 X125.98 Y148.041
G1 F1200 X133.865 Y155.926 E99.31163
G0 F6000 X134.43 Y155.926
G1 F1200 X127.882 Y149.378 E99.61963
G1 X127.862 Y149.358
G1 X125.98 Y147.476 E99.70815
G0 F6000 X125.98 Y146.91
G1 F1200 X127.517 Y148.447 E99.78045
G0 F6000 X127.517 Y147.881
G1 F1200 X125.98 Y146.345 E99.85272
G0 F6000 X125.98 Y145.779
G1 F1200 X127.517 Y147.316 E99.92502
G0 F6000 X127.517 Y146.75
G1 F1200 X125.98 Y145.214 E99.99729
G0 F6000 X125.98 Y144.648
G1 F1200 X127.517 Y146.184 E100.06956
G0 F6000 X127.517 Y145.619
G1 F1200 X125.981 Y144.083 E100.14181
G0 F6000 X125.981 Y143.517
G1 F1200 X127.517 Y145.053 E100.21406
G0 F6000 X127.517 Y144.487
G1 F1200 X125.981 Y142.952 E100.28629
G0 F6000 X125.981 Y142.386
G1 F1200 X127.517 Y143.922 E100.35853
G0 F6000 X127.517 Y143.356
G1 F1200 X125.982 Y141.821 E100.43074
G0 F6000 X125.982 Y141.255
G1 F1200 X127.517 Y142.79 E100.50294
G0 F6000 X127.517 Y142.225
G1 F1200 X125.982 Y140.69 E100.57514
G0 F6000 X125.982 Y140.125
G1 F1200 X127.517 Y141.659 E100.64732
G0 F6000 X127.517 Y141.093
G1 F1200 X125.982 Y139.559 E100.7195
G0 F6000 X125.982 Y138.993
G1 F1200 X127.517 Y140.528 E100.7917
G0 F6000 X127.517 Y139.962
G1 F1200 X125.982 Y138.427 E100.8639
G0 F6000 X125.983 Y137.862
G1 F1200 X127.517 Y139.396 E100.93605
G0 F6000 X127.517 Y138.831
G1 F1200 X125.983 Y137.297 E101.00821
G0 F6000 X125.983 Y136.731
G1 F1200 X127.517 Y138.265 E101.08036
G0 F6000 X127.517 Y137.699
G1 F1200 X125.983 Y136.165 E101.15252
G0 F6000 X125.984 Y135.6
G1 F1200 X127.517 Y137.133 E101.22463
G0 F6000 X127.517 Y136.568
G1 F1200 X125.984 Y135.035 E101.29673
G0 F6000 X125.984 Y134.469
G1 F1200 X127.517 Y136.002 E101.36884
G0 F6000 X127.517 Y135.436
G1 F1200 X125.984 Y133.903 E101.44095
G1 F2700 E96.44095
G0 F6000 X125.524 Y133.902
G0 X127.876 Y133.876
G0 X127.536 Y133.758
G1 F2700 E101.44095
G1 F1200 X91.208 Y97.431 E103.14968
G0 F6000 X91.208 Y97.997
G1 F1200 X127.517 Y134.305 E104.85752
G0 F6000 X127.517 Y134.871
G1 F1200 X91.208 Y98.562 E106.56539
G0 F6000 X91.208 Y99.128
G1 F1200 X124.792 Y132.712 E108.14508
G0 F6000 X124.227 Y132.712
G1 F1200 X91.208 Y99.694 E109.69816
G0 F6000 X91.208 Y100.259
G1 F1200 X123.661 Y132.712 E111.22465
G0 F6000 X123.096 Y132.713
G1 F1200 X91.208 Y100.825 E112.72457
G0 F6000 X91.208 Y101.391
G1 F1200 X122.53 Y132.713 E114.19786
G0 F6000 X121.965 Y132.713
G1 F1200 X91.208 Y101.956 E115.64457
G0 F6000 X91.208 Y102.522
G1 F1200 X121.4 Y132.713 E117.06469
G0 F6000 X120.834 Y132.713
G1 F1200 X91.208 Y103.088 E118.45818
G0 F6000 X91.208 Y103.653
G1 F1200 X120.268 Y132.713 E119.82508
G0 F6000 X119.703 Y132.714
G1 F1200 X91.208 Y104.219 E121.16539
G0 F6000 X91.208 Y104.785
G1 F1200 X119.138 Y132.714 E122.47911
G0 F6000 X118.572 Y132.714
G1 F1200 X91.208 Y105.35 E123.76623
G0 F6000 X91.208 Y105.916
G1 F1200 X118.007 Y132.715 E125.02677
G0 F6000 X117.441 Y132.715
G1 F1200 X91.208 Y106.482 E126.26069
G0 F6000 X91.208 Y107.047
G1 F1200 X116.876 Y132.715 E127.46804
G0 F6000 X116.311 Y132.715
G1 F1200 X91.208 Y107.613 E128.64878
G0 F6000 X91.208 Y108.179
G1 F1200 X115.745 Y132.715 E129.8029
G0 F6000 X115.179 Y132.715
G1 F1200 X91.208 Y108.745 E130.9304
G0 F6000 X91.208 Y109.31
G1 F1200 X114.614 Y132.716 E132.03135
G0 F6000 X114.049 Y132.716
G1 F1200 X91.208 Y109.876 E133.1057
G0 F6000 X91.208 Y110.442
G1 F1200 X113.483 Y132.716 E134.15342
G0 F6000 X112.918 Y132.717
G1 F1200 X91.208 Y111.007 E135.17459
G0 F6000 X91.208 Y111.573
G1 F1200 X112.352 Y132.717 E136.16914
G0 F6000 X111.787 Y132.717
G1 F1200 X91.208 Y112.139 E137.13709
G0 F6000 X91.208 Y112.704
G1 F1200 X111.222 Y132.718 E138.07849
G0 F6000 X110.656 Y132.718
G1 F1200 X91.208 Y113.27 E138.99326
G0 F6000 X91.208 Y113.836
G1 F1200 X110.09 Y132.718 E139.88141
G0 F6000 X109.655 Y132.848
G1 F1200 X91.208 Y114.401 E140.7491
G0 F6000 X91.208 Y114.967
G1 F1200 X109.34 Y133.099 E141.60198
G0 F6000 X109.102 Y133.426
G1 F1200 X91.208 Y115.533 E142.44363
G0 F6000 X91.208 Y116.098
G1 F1200 X109.017 Y133.907 E143.28131
G0 F6000 X109.017 Y134.473
G1 F1200 X91.208 Y116.664 E144.11899
G0 F6000 X91.208 Y117.23
G1 F1200 X106.789 Y132.81 E144.85185
G0 F6000 X106.125 Y132.712
G1 F1200 X91.208 Y117.796 E145.55348
G0 F6000 X91.208 Y118.361
G1 F1200 X105.559 Y132.712 E146.22851
G0 F6000 X104.993 Y132.712
G1 F1200 X91.208 Y118.927 E146.87691
G0 F6000 X91.208 Y119.493
G1 F1200 X104.428 Y132.712 E147.49871
G0 F6000 X103.863 Y132.713
G1 F1200 X91.208 Y120.058 E148.09397
G0 F6000 X91.208 Y120.624
G1 F1200 X103.297 Y132.713 E148.6626
G0 F6000 X102.731 Y132.713
G1 F1200 X91.208 Y121.19 E149.2046
G0 F6000 X91.208 Y121.755
G1 F1200 X102.166 Y132.713 E149.72003
G0 F6000 X101.601 Y132.713
G1 F1200 X91.208 Y122.321 E150.20887
G0 F6000 X91.208 Y122.887
G1 F1200 X101.035 Y132.713 E150.67107
G0 F6000 X100.469 Y132.713
G1 F1200 X91.208 Y123.452 E151.10668
G0 F6000 X91.208 Y124.018
G1 F1200 X99.904 Y132.714 E151.51572
G0 F6000 X99.339 Y132.714
G1 F1200 X91.208 Y124.584 E151.89815
G0 F6000 X91.208 Y125.149
G1 F1200 X98.773 Y132.714 E152.25398
G0 F6000 X98.207 Y132.714
G1 F1200 X94.392 Y128.899 E152.43343
G0 F6000 X94.522 Y129.594
G1 F1200 X97.642 Y132.715 E152.58021
G0 F6000 X97.077 Y132.715
G1 F1200 X94.472 Y130.11 E152.70274
G0 F6000 X94.344 Y130.548
G1 F1200 X96.511 Y132.715 E152.80467
G0 F6000 X95.945 Y132.715
G1 F1200 X94.156 Y130.926 E152.88882
G0 F6000 X93.929 Y131.264
G1 F1200 X95.38 Y132.715 E152.95707
G0 F6000 X94.815 Y132.715
G1 F1200 X93.633 Y131.534 E153.01264
G0 F6000 X93.3 Y131.767
G1 F1200 X94.249 Y132.715 E153.05726
G0 F6000 X93.683 Y132.715
G1 F1200 X92.923 Y131.955 E153.09301
G0 F6000 X92.475 Y132.073
G1 F1200 X93.118 Y132.716 E153.12325
G0 F6000 X92.552 Y132.716
G1 F1200 X91.931 Y132.095 E153.15246
G0 F6000 X91.987 Y132.716
G1 F1200 X91.241 Y131.97 E153.18755
G0 F6000 X91.21 Y132.505
G1 F1200 X91.452 Y132.747 E153.19893
G1 F2700 E148.19893
G0 F6000 X91.622 Y133.176
G0 X91.178 Y133.299
G0 X90.854 Y133.915
G0 X90.828 Y131.335
G0 X92.272 Y131.396
G0 X92.695 Y131.283
G0 X93.076 Y131.085
G0 X93.394 Y130.785
G0 X93.636 Y130.428
G0 X93.773 Y130.018
G0 X93.812 Y129.649
G0 X93.765 Y129.224
G0 X93.602 Y128.819
G0 X93.393 Y128.512
G0 X93.076 Y128.215
G0 X91.704 Y127.682
G0 X91.595 Y127.233
G1 F2700 E153.19893
G1 F1200 X91.208 Y126.846 E153.21714
G0 F6000 X91.208 Y126.281
G1 F1200 X92.118 Y127.19 E153.25992
G0 F6000 X92.799 Y127.306
G1 F1200 X91.208 Y125.715 E153.33475
G1 F2700 E148.33475
G0 F6000 X90.748 Y125.715
G0 X90.828 Y127.961
G0 X92.808 Y127.723
G0 X94.127 Y129.644
G0 X93.252 Y131.342
G0 X91.307 Y131.579
G0 X90.828 Y131.335
G0 X90.854 Y133.915
G0 X91.178 Y133.299
G0 X106.763 Y133.437
G0 X106.976 Y133.617
G0 X107.371 Y133.393
G1 F2700 E153.33475
G1 F1200 X109.017 Y135.038 E153.41215
G0 F6000 X109.017 Y135.604
G1 F1200 X107.477 Y134.065 E153.48456
G0 F6000 X107.477 Y134.63
G1 F1200 X109.017 Y136.17 E153.557
G0 F6000 X109.017 Y136.735
G1 F1200 X107.477 Y135.196 E153.62941
G0 F6000 X107.477 Y135.762
G1 F1200 X109.017 Y137.301 E153.70183
G0 F6000 X109.017 Y137.867
G1 F1200 X107.477 Y136.327 E153.77427
G0 F6000 X107.477 Y136.893
G1 F1200 X109.017 Y138.432 E153.84668
G0 F6000 X109.017 Y138.998
G1 F1200 X107.477 Y137.459 E153.91909
G0 F6000 X107.477 Y138.024
G1 F1200 X109.017 Y139.564 E153.99153
G0 F6000 X109.017 Y140.129
G1 F1200 X107.477 Y138.59 E154.06394
G0 F6000 X107.477 Y139.156
G1 F1200 X109.017 Y140.695 E154.13636
G0 F6000 X109.017 Y141.262
G1 F1200 X107.477 Y139.721 E154.20882
G0 F6000 X107.477 Y140.287
G1 F1200 X109.017 Y141.827 E154.28125
G0 F6000 X109.017 Y142.393
G1 F1200 X107.477 Y140.853 E154.35369
G0 F6000 X107.478 Y141.419
G1 F1200 X109.017 Y142.959 E154.4261
G0 F6000 X109.017 Y143.524
G1 F1200 X107.478 Y141.985 E154.49849
G0 F6000 X107.478 Y142.551
G1 F1200 X109.017 Y144.09 E154.57088
G0 F6000 X109.017 Y144.656
G1 F1200 X107.478 Y143.116 E154.6433
G0 F6000 X107.478 Y143.682
G1 F1200 X109.017 Y145.221 E154.71569
G0 F6000 X109.017 Y145.787
G1 F1200 X107.478 Y144.248 E154.78808
G0 F6000 X107.478 Y144.813
G1 F1200 X109.017 Y146.353 E154.86049
G0 F6000 X109.017 Y146.918
G1 F1200 X107.478 Y145.379 E154.93288
G0 F6000 X107.478 Y145.945
G1 F1200 X109.017 Y147.484 E155.00527
G0 F6000 X109.017 Y148.05
G1 F1200 X107.478 Y146.51 E155.07768
G0 F6000 X107.478 Y147.076
G1 F1200 X109.017 Y148.615 E155.15007
G1 F2700 E150.15007
G0 F6000 X109.477 Y148.584
G0 X109.738 Y148.962
G0 X125.262 Y148.962
G0 X125.561 Y148.784
G0 X127.921 Y148.79
G0 X128.748 Y149.678
G1 F2700 E155.15007
G1 F1200 X134.996 Y155.926 E155.44396
G0 F6000 X135.562 Y155.926
G1 F1200 X129.314 Y149.678 E155.73785
G0 F6000 X129.879 Y149.678
G1 F1200 X136.127 Y155.926 E156.03173
G0 F6000 X136.693 Y155.926
G1 F1200 X130.446 Y149.679 E156.32557
G0 F6000 X131.011 Y149.679
G1 F1200 X137.259 Y155.926 E156.61944
G0 F6000 X137.824 Y155.926
G1 F1200 X131.577 Y149.679 E156.91327
G0 F6000 X132.143 Y149.68
G1 F1200 X138.39 Y155.926 E157.20709
G0 F6000 X138.956 Y155.926
G1 F1200 X132.709 Y149.68 E157.50091
G0 F6000 X133.275 Y149.68
G1 F1200 X139.521 Y155.926 E157.7947
G0 F6000 X140.087 Y155.926
G1 F1200 X133.841 Y149.68 E158.08849
G0 F6000 X134.407 Y149.68
G1 F1200 X140.653 Y155.926 E158.38229
G0 F6000 X141.218 Y155.926
G1 F1200 X134.973 Y149.68 E158.67605
G0 F6000 X135.539 Y149.681
G1 F1200 X141.784 Y155.926 E158.9698
G0 F6000 X142.35 Y155.926
G1 F1200 X136.105 Y149.681 E159.26355
G0 F6000 X136.67 Y149.681
G1 F1200 X142.911 Y155.921 E159.55708
G0 F6000 X143.343 Y155.788
G1 F1200 X137.237 Y149.682 E159.84429
G0 F6000 X137.802 Y149.682
G1 F1200 X143.635 Y155.514 E160.11863
G0 F6000 X143.777 Y155.091
G1 F1200 X138.368 Y149.682 E160.37305
G0 F6000 X138.934 Y149.682
G1 F1200 X143.788 Y154.536 E160.60137
G0 F6000 X143.788 Y153.97
G1 F1200 X139.5 Y149.682 E160.80306
G0 F6000 X140.066 Y149.682
G1 F1200 X143.788 Y153.405 E160.97816
G0 F6000 X143.788 Y152.839
G1 F1200 X140.632 Y149.683 E161.12661
G0 F6000 X141.198 Y149.683
G1 F1200 X143.788 Y152.273 E161.24843
G0 F6000 X143.788 Y151.708
G1 F1200 X141.764 Y149.684 E161.34364
G0 F6000 X142.33 Y149.684
G1 F1200 X143.788 Y151.142 E161.41222
G0 F6000 X143.788 Y150.576
G1 F1200 X142.896 Y149.684 E161.45417
G0 F6000 X143.442 Y149.665
G1 F1200 X143.788 Y150.011 E161.47045
G1 F2700 E156.47045
G0 F6000 X144.248 Y150.011
G0 X143.763 Y133.437
G0 X143.378 Y133.173
G0 X143.461 Y132.713
G1 F2700 E161.47045
G1 F1200 X142.848 Y132.1 E161.49928
G0 F6000 X143.378 Y132.064
G1 F1200 X143.782 Y132.469 E161.51831
G0 F6000 X142.895 Y132.713
G1 F1200 X142.168 Y131.986 E161.5525
G0 F6000 X142.329 Y132.713
G1 F1200 X91.208 Y81.591 E163.9571
G0 F6000 X91.208 Y82.157
G1 F1200 X141.764 Y132.713 E166.3351
G0 F6000 X141.199 Y132.713
G1 F1200 X91.208 Y82.722 E168.68653
G0 F6000 X91.208 Y83.288
G1 F1200 X140.634 Y132.714 E171.01137
G0 F6000 X140.068 Y132.714
G1 F1200 X94.245 Y86.891 E173.16675
G0 F6000 X94.487 Y87.699
G1 F1200 X139.502 Y132.714 E175.28411
G0 F6000 X138.937 Y132.715
G1 F1200 X94.495 Y88.272 E177.37455
G0 F6000 X94.399 Y88.743
G1 F1200 X138.372 Y132.715 E179.44288
G0 F6000 X137.807 Y132.715
G1 F1200 X94.249 Y89.158 E181.4917
G0 F6000 X94.021 Y89.496
G1 F1200 X137.241 Y132.715 E183.52461
G0 F6000 X136.675 Y132.715
G1 F1200 X93.75 Y89.79 E185.54367
G0 F6000 X93.448 Y90.054
G1 F1200 X136.11 Y132.716 E187.55036
G0 F6000 X135.545 Y132.716
G1 F1200 X93.079 Y90.25 E189.54783
G0 F6000 X92.657 Y90.394
G1 F1200 X134.98 Y132.717 E191.53857
G0 F6000 X134.414 Y132.717
G1 F1200 X92.167 Y90.47 E193.52574
G0 F6000 X91.547 Y90.416
G1 F1200 X133.849 Y132.718 E195.5155
G0 F6000 X133.283 Y132.718
G1 F1200 X91.208 Y90.643 E197.49458
G0 F6000 X91.208 Y91.208
G1 F1200 X132.718 Y132.718 E199.44708
G0 F6000 X132.153 Y132.718
G1 F1200 X91.208 Y91.774 E201.37298
G0 F6000 X91.208 Y92.34
G1 F1200 X131.587 Y132.718 E203.27227
G0 F6000 X131.022 Y132.719
G1 F1200 X91.208 Y92.905 E205.14499
G0 F6000 X91.208 Y93.471
G1 F1200 X130.456 Y132.719 E206.9911
G0 F6000 X129.891 Y132.719
G1 F1200 X91.208 Y94.037 E208.81061
G0 F6000 X91.208 Y94.602
G1 F1200 X129.326 Y132.72 E210.60356
G0 F6000 X128.76 Y132.72
G1 F1200 X91.208 Y95.168 E212.36989
G0 F6000 X91.208 Y95.734
G1 F1200 X128.264 Y132.789 E214.11287
G0 F6000 X127.909 Y133
G1 F1200 X91.208 Y96.299 E215.83917
G0 F6000 X91.208 Y96.865
G1 F1200 X127.669 Y133.326 E217.55418
G1 F2700 E212.55418
G0 F6000 X128.044 Y133.596
G0 X128.238 Y133.438
G0 X143.822 Y133.294
G0 X144.144 Y133.911
G0 X144.168 Y131.343
G0 X142.383 Y131.555
G0 X141.046 Y130.274
G0 X140.612 Y130.429
G1 F2700 E217.55418
G1 F1200 X91.208 Y81.025 E219.878
G0 F6000 X91.208 Y80.46
G1 F1200 X140.469 Y129.721 E222.19508
G0 F6000 X140.525 Y129.212
G1 F1200 X91.217 Y79.904 E224.51438
G0 F6000 X91.359 Y79.48
G1 F1200 X140.654 Y128.775 E226.83307
G0 F6000 X140.828 Y128.383
G1 F1200 X91.647 Y79.202 E229.14639
G0 F6000 X92.084 Y79.074
G1 F1200 X141.062 Y128.051 E231.45014
G0 F6000 X141.349 Y127.773
G1 F1200 X92.644 Y79.068 E233.74107
G0 F6000 X93.21 Y79.068
G1 F1200 X141.682 Y127.54 E236.02105
G0 F6000 X142.044 Y127.336
G1 F1200 X93.776 Y79.068 E238.29143
G0 F6000 X94.341 Y79.068
G1 F1200 X142.5 Y127.226 E240.55666
G0 F6000 X143.029 Y127.19
G1 F1200 X94.907 Y79.068 E242.82017
G0 F6000 X95.473 Y79.068
G1 F1200 X143.719 Y127.315 E245.08953
G0 F6000 X143.787 Y126.817
G1 F1200 X96.039 Y79.068 E247.33548
G0 F6000 X96.604 Y79.068
G1 F1200 X143.787 Y126.251 E249.55482
G0 F6000 X143.787 Y125.685
G1 F1200 X97.17 Y79.068 E251.74754
G0 F6000 X97.736 Y79.068
G1 F1200 X143.787 Y125.12 E253.91366
G0 F6000 X143.787 Y124.554
G1 F1200 X98.301 Y79.068 E256.05319
G0 F6000 X98.867 Y79.068
G1 F1200 X143.787 Y123.988 E258.16608
G0 F6000 X143.787 Y123.423
G1 F1200 X99.433 Y79.068 E260.25238
G0 F6000 X99.998 Y79.068
G1 F1200 X143.787 Y122.857 E262.31208
G0 F6000 X143.787 Y122.291
G1 F1200 X100.564 Y79.068 E264.34516
G0 F6000 X101.13 Y79.068
G1 F1200 X143.787 Y121.726 E266.35164
G0 F6000 X143.787 Y121.16
G1 F1200 X101.695 Y79.068 E268.33152
G0 F6000 X102.261 Y79.068
G1 F1200 X143.787 Y120.594 E270.28477
G0 F6000 X143.787 Y120.029
G1 F1200 X102.827 Y79.068 E272.21143
G0 F6000 X103.392 Y79.068
G1 F1200 X143.787 Y119.462 E274.11146
G0 F6000 X143.787 Y118.896
G1 F1200 X103.958 Y79.068 E275.98487
G0 F6000 X104.524 Y79.068
G1 F1200 X143.787 Y118.331 E277.83169
G0 F6000 X143.787 Y117.765
G1 F1200 X105.09 Y79.068 E279.65187
G0 F6000 X105.655 Y79.068
G1 F1200 X143.787 Y117.199 E281.44546
G0 F6000 X143.787 Y116.634
G1 F1200 X106.221 Y79.068 E283.21245
G0 F6000 X106.787 Y79.068
G1 F1200 X143.787 Y116.068 E284.95282
G0 F6000 X143.787 Y115.502
G1 F1200 X107.352 Y79.068 E286.66659
G0 F6000 X107.918 Y79.068
G1 F1200 X143.787 Y114.937 E288.35375
G0 F6000 X143.787 Y114.371
G1 F1200 X108.484 Y79.068 E290.0143
G0 F6000 X109.049 Y79.068
G1 F1200 X143.787 Y113.805 E291.64824
G0 F6000 X143.787 Y113.24
G1 F1200 X109.615 Y79.068 E293.25559
G0 F6000 X110.181 Y79.068
G1 F1200 X143.787 Y112.674 E294.83631
G0 F6000 X143.786 Y112.108
G1 F1200 X110.746 Y79.068 E296.39041
G0 F6000 X111.312 Y79.068
G1 F1200 X143.786 Y111.542 E297.91789
G0 F6000 X143.786 Y110.976
G1 F1200 X111.878 Y79.068 E299.41875
G0 F6000 X112.443 Y79.068
G1 F1200 X143.786 Y110.41 E300.893
G0 F6000 X143.786 Y109.845
G1 F1200 X113.009 Y79.068 E302.34066
G0 F6000 X113.575 Y79.068
G1 F1200 X143.786 Y109.279 E303.76169
G0 F6000 X143.786 Y108.713
G1 F1200 X114.14 Y79.068 E305.15612
G0 F6000 X114.706 Y79.068
G1 F1200 X143.786 Y108.148 E306.52396
G0 F6000 X143.786 Y107.582
G1 F1200 X115.272 Y79.068 E307.86517
G0 F6000 X115.838 Y79.068
G1 F1200 X143.786 Y107.016 E309.17976
G0 F6000 X143.786 Y106.451
G1 F1200 X116.403 Y79.068 E310.46777
G0 F6000 X116.969 Y79.068
G1 F1200 X143.786 Y105.885 E311.72916
G0 F6000 X143.786 Y105.319
G1 F1200 X117.535 Y79.068 E312.96392
G0 F6000 X118.1 Y79.068
G1 F1200 X143.785 Y104.753 E314.17207
G0 F6000 X143.785 Y104.187
G1 F1200 X118.666 Y79.068 E315.35359
G0 F6000 X119.232 Y79.068
G1 F1200 X143.785 Y103.622 E316.50851
G0 F6000 X143.785 Y103.056
G1 F1200 X119.797 Y79.068 E317.63683
G0 F6000 X120.363 Y79.068
G1 F1200 X143.785 Y102.49 E318.73853
G0 F6000 X143.785 Y101.924
G1 F1200 X120.929 Y79.068 E319.81361
G0 F6000 X121.494 Y79.068
G1 F1200 X143.785 Y101.359 E320.86211
G0 F6000 X143.785 Y100.793
G1 F1200 X122.06 Y79.068 E321.88399
G0 F6000 X122.626 Y79.068
G1 F1200 X143.785 Y100.227 E322.87924
G0 F6000 X143.785 Y99.662
G1 F1200 X123.191 Y79.068 E323.84792
G0 F6000 X123.757 Y79.068
G1 F1200 X143.785 Y99.096 E324.78997
G0 F6000 X143.785 Y98.53
G1 F1200 X124.323 Y79.068 E325.70541
G0 F6000 X124.888 Y79.068
G1 F1200 X143.785 Y97.965 E326.59426
G0 F6000 X143.785 Y97.398
G1 F1200 X125.454 Y79.068 E327.45647
G0 F6000 X126.02 Y79.068
G1 F1200 X143.785 Y96.833 E328.29209
G0 F6000 X143.785 Y96.267
G1 F1200 X126.586 Y79.068 E329.10107
G0 F6000 X127.151 Y79.068
G1 F1200 X143.785 Y95.701 E329.88346
G0 F6000 X143.785 Y95.136
G1 F1200 X127.717 Y79.068 E330.63925
G0 F6000 X128.283 Y79.068
G1 F1200 X143.785 Y94.57 E331.36842
G0 F6000 X143.785 Y94.004
G1 F1200 X128.848 Y79.068 E332.07099
G0 F6000 X129.414 Y79.068
G1 F1200 X143.785 Y93.439 E332.74695
G0 F6000 X143.785 Y92.873
G1 F1200 X129.98 Y79.068 E333.3963
G0 F6000 X130.545 Y79.068
G1 F1200 X140.999 Y89.522 E333.88802
G0 F6000 X141.459 Y89.981
G1 F1200 X143.785 Y92.307 E333.99743
G0 F6000 X143.785 Y91.741
G1 F1200 X142.47 Y90.427 E334.05926
G0 F6000 X143.08 Y90.471
G1 F1200 X143.785 Y91.176 E334.09242
G0 F6000 X143.785 Y90.61
G1 F1200 X143.565 Y90.39 E334.10277
G1 F2700 E329.10277
G0 F6000 X143.452 Y89.944
G0 X142.304 Y89.659
G0 X141.927 Y89.448
G0 X140.984 Y88.422
G0 X140.53 Y88.487
G1 F2700 E334.10277
G1 F1200 X131.111 Y79.068 E334.54581
G0 F6000 X131.677 Y79.068
G1 F1200 X140.482 Y87.874 E334.95999
G0 F6000 X140.562 Y87.387
G1 F1200 X132.242 Y79.068 E335.35132
G0 F6000 X132.808 Y79.068
G1 F1200 X140.719 Y86.979 E335.72343
G0 F6000 X140.924 Y86.618
G1 F1200 X133.374 Y79.068 E336.07856
G0 F6000 X133.939 Y79.068
G1 F1200 X141.172 Y86.301 E336.41877
G0 F6000 X141.469 Y86.032
G1 F1200 X134.505 Y79.068 E336.74634
G0 F6000 X135.071 Y79.068
G1 F1200 X141.826 Y85.823 E337.06407
G0 F6000 X142.229 Y85.66
G1 F1200 X135.637 Y79.068 E337.37414
G0 F6000 X136.202 Y79.068
G1 F1200 X142.701 Y85.567 E337.67983
G0 F6000 X143.27 Y85.571
G1 F1200 X136.768 Y79.068 E337.98569
G0 F6000 X137.334 Y79.068
G1 F1200 X143.788 Y85.522 E338.28927
G0 F6000 X143.788 Y84.957
G1 F1200 X137.899 Y79.068 E338.56627
G0 F6000 X138.465 Y79.068
G1 F1200 X143.788 Y84.391 E338.81665
G0 F6000 X143.788 Y83.825
G1 F1200 X139.031 Y79.068 E339.0404
G0 F6000 X139.596 Y79.068
G1 F1200 X143.788 Y83.26 E339.23758
G0 F6000 X143.788 Y82.694
G1 F1200 X140.162 Y79.068 E339.40814
G0 F6000 X140.728 Y79.068
G1 F1200 X143.788 Y82.128 E339.55207
G0 F6000 X143.788 Y81.563
G1 F1200 X141.293 Y79.068 E339.66943
G0 F6000 X141.859 Y79.068
G1 F1200 X143.788 Y80.997 E339.76016
G0 F6000 X143.788 Y80.431
G1 F1200 X142.425 Y79.068 E339.82427
G0 F6000 X143.007 Y79.084
G1 F1200 X143.771 Y79.849 E339.86023
G1 F2700 E334.86023
G0 F6000 X144.229 Y79.797
G0 X143.911 Y79.147
G0 X143.474 Y78.798
G0 X142.891 Y78.669
G0 X91.785 Y78.707
G0 X91.286 Y78.948
G0 X90.938 Y79.385
G0 X90.809 Y79.969
G0 X90.828 Y86.329
G0 X92.99 Y86.257
G0 X93.199 Y85.845
G1 F2700 E339.86023
G1 F1200 X91.208 Y83.854 E339.95388
G0 F6000 X91.208 Y84.419
G1 F1200 X92.352 Y85.563 E340.00769
G0 F6000 X91.79 Y85.567
G1 F1200 X91.208 Y84.985 E340.03507
G0 F6000 X91.208 Y85.551
G1 F1200 X91.326 Y85.669 E340.04062
G1 F2700 E335.04062
;MESH:NONMESH
G0 F300 Z0.4
G0 F6000 X91.43 Y86.118
G0 X90.828 Y86.329
G0 X90.478 Y79.945
G0 X89.392 Y79.82
G0 X82.691 Y71.654
;TIME_ELAPSED:567.289339
;LAYER:1
M106 S85
;TYPE:SKIRT
G1 F2700 E340.04062
G1 F1200 X83.03 Y71.292 E340.05711
G1 X83.518 Y70.808 E340.07997
G1 X84.193 Y70.208 E340.11001
G1 X84.788 Y69.761 E340.13476
G1 X85.14 Y69.522 E340.14891
G1 X85.736 Y69.149 E340.1723
G1 X86.066 Y68.956 E340.18502
G1 X86.872 Y68.548 E340.21506
G1 X87.592 Y68.256 E340.2409
G1 X88.303 Y68.009 E340.26594
G1 X89.084 Y67.781 E340.293
G1 X89.99 Y67.597 E340.32375
G1 X90.365 Y67.544 E340.33634
G1 X91.039 Y67.471 E340.35889
G1 X91.626 Y67.429 E340.37847
G1 X92.719 Y67.41 E340.41482
G1 X142.231 Y67.41 E342.0616
G1 X143.075 Y67.421 E342.08967
G1 X143.767 Y67.454 E342.11272
G1 X144.738 Y67.56 E342.1452
G1 X145.132 Y67.618 E342.15845
G1 X146.407 Y67.915 E342.20199
G1 X146.887 Y68.07 E342.21877
G1 X147.452 Y68.274 E342.23875
G1 X148.285 Y68.622 E342.26877
G1 X149.035 Y69.014 E342.29692
G1 X149.415 Y69.241 E342.31164
G1 X149.955 Y69.587 E342.33297
G1 X150.688 Y70.114 E342.363
G1 X151.175 Y70.524 E342.38417
G1 X151.532 Y70.855 E342.40037
G1 X152.033 Y71.358 E342.42398
G1 X152.635 Y72.032 E342.45404
G1 X153.138 Y72.704 E342.48195
G1 X153.386 Y73.074 E342.49677
G1 X153.711 Y73.596 E342.51722
G1 X153.904 Y73.926 E342.52994
G1 X154.312 Y74.732 E342.55998
G1 X154.604 Y75.452 E342.58583
G1 X154.766 Y75.908 E342.60192
G1 X154.954 Y76.487 E342.62217
G1 X155.175 Y77.363 E342.65222
G1 X155.264 Y77.859 E342.66898
G1 X155.33 Y78.341 E342.68516
G1 X155.39 Y78.911 E342.70422
G1 X155.44 Y79.793 E342.7336
G1 X155.45 Y80.615 E342.76095
G1 X155.449 Y154.493 E345.21814
G1 X155.439 Y155.21 E345.24199
G1 X155.408 Y155.871 E345.264
G1 X155.371 Y156.289 E345.27795
G1 X155.297 Y156.9 E345.29842
G1 X155.181 Y157.602 E345.32209
G1 X154.856 Y158.828 E345.36427
G1 X154.586 Y159.595 E345.39132
G1 X154.237 Y160.428 E345.42136
G1 X153.846 Y161.175 E345.4494
G1 X153.619 Y161.555 E345.46412
G1 X153.273 Y162.095 E345.48546
G1 X152.746 Y162.828 E345.51548
G1 X152.29 Y163.367 E345.53896
G1 X152.006 Y163.671 E345.5528
G1 X151.389 Y164.284 E345.58173
G1 X150.665 Y164.905 E345.61345
G1 X150.169 Y165.264 E345.63382
G1 X149.777 Y165.532 E345.64961
G1 X149.072 Y165.965 E345.67713
G1 X148.273 Y166.385 E345.70715
G1 X147.408 Y166.744 E345.7383
G1 X146.697 Y166.991 E345.76334
G1 X145.916 Y167.219 E345.7904
G1 X145.01 Y167.403 E345.82115
G1 X144.635 Y167.456 E345.83374
G1 X143.961 Y167.529 E345.85629
G1 X143.374 Y167.571 E345.87586
G1 X142.281 Y167.59 E345.91222
G1 X92.623 Y167.589 E347.56386
G1 X91.925 Y167.579 E347.58707
G1 X91.233 Y167.546 E347.61012
G1 X90.262 Y167.44 E347.6426
G1 X89.868 Y167.382 E347.65585
G1 X88.593 Y167.085 E347.69939
G1 X88.113 Y166.93 E347.71617
G1 X87.548 Y166.726 E347.73615
G1 X86.715 Y166.378 E347.76617
G1 X85.965 Y165.986 E347.79432
G1 X85.585 Y165.759 E347.80904
G1 X85.045 Y165.413 E347.83037
G1 X84.312 Y164.886 E347.8604
G1 X83.794 Y164.449 E347.88294
G1 X83.432 Y164.11 E347.89944
G1 X82.854 Y163.527 E347.92674
G1 X82.235 Y162.805 E347.95837
G1 X81.893 Y162.307 E347.97847
G1 X81.877 Y162.318 E347.97911
G1 X81.6 Y161.905 E347.99565
G1 X81.289 Y161.404 E348.01526
G1 X80.959 Y160.821 E348.03755
G1 X80.574 Y160.004 E348.06758
G1 X80.397 Y159.549 E348.08382
G1 X80.149 Y158.837 E348.1089
G1 X79.921 Y158.056 E348.13596
G1 X79.721 Y157.043 E348.1703
G1 X79.608 Y156.076 E348.20268
G1 X79.56 Y155.201 E348.23183
G1 X79.55 Y154.351 E348.2601
G1 X79.551 Y80.484 E350.71693
G1 X79.561 Y79.786 E350.74015
G1 X79.592 Y79.129 E350.76202
G1 X79.635 Y78.662 E350.77762
G1 X79.7 Y78.118 E350.79584
G1 X79.818 Y77.402 E350.81998
G1 X80.062 Y76.432 E350.85325
G1 X80.217 Y75.956 E350.8699
G1 X80.414 Y75.405 E350.88936
G1 X80.763 Y74.572 E350.9194
G1 X81.162 Y73.811 E350.94798
G1 X81.389 Y73.432 E350.96267
G1 X81.727 Y72.905 E350.9835
G1 X82.254 Y72.172 E351.01352
G1 X82.691 Y71.654 E351.03606
G1 F2700 E346.03606
;MESH:Touch_pad_protector.stl
G0 F7500 X89.192 Y79.821
G0 X90.449 Y87.511
;TYPE:WALL-INNER
G1 F2700 E351.03606
G1 F1350 X90.567 Y87.206 E351.04694
G1 X90.779 Y86.908 E351.0591
G1 X91.06 Y86.637 E351.07209
G1 X91.398 Y86.448 E351.08497
G1 X91.978 Y86.31 E351.1048
G1 X92.541 Y86.383 E351.12368
G1 X92.915 Y86.554 E351.13736
G1 X93.22 Y86.779 E351.14996
G1 X93.46 Y87.089 E351.163
G1 X93.463 Y83.859 E351.27043
G1 X93.527 Y83.273 E351.29004
G1 X93.743 Y82.655 E351.31181
G1 X94.092 Y82.098 E351.33368
G1 X94.551 Y81.639 E351.35527
G1 X95.1 Y81.296 E351.3768
G1 X95.729 Y81.078 E351.39894
G1 X96.302 Y81.011 E351.41813
G1 X138.694 Y81.011 E352.82809
G1 X139.273 Y81.078 E352.84748
G1 X139.895 Y81.296 E352.8694
G1 X140.444 Y81.638 E352.89091
G1 X140.904 Y82.098 E352.91255
G1 X141.253 Y82.655 E352.93441
G1 X141.469 Y83.273 E352.95618
G1 X141.537 Y83.854 E352.97564
G1 X141.54 Y87.065 E353.08244
G1 X141.659 Y86.907 E353.08902
G1 X141.941 Y86.636 E353.10202
G1 X142.278 Y86.448 E353.11486
G1 X142.855 Y86.311 E353.13458
G1 X143.424 Y86.385 E353.15367
G1 X143.795 Y86.554 E353.16723
G1 X144.163 Y86.825 E353.18243
G1 X144.437 Y87.231 E353.19872
G1 X144.548 Y87.49 E353.20809
G1 X144.548 Y79.958 E353.45861
G1 X144.503 Y79.562 E353.47186
G1 X144.387 Y79.227 E353.48365
G1 X144.192 Y78.921 E353.49572
G1 X143.938 Y78.664 E353.50774
G1 X143.63 Y78.472 E353.51981
G1 X143.292 Y78.353 E353.53173
G1 X142.901 Y78.308 E353.54482
G1 X92.095 Y78.308 E355.23464
G1 X91.704 Y78.353 E355.24773
G1 X91.367 Y78.472 E355.25961
G1 X91.061 Y78.665 E355.27165
G1 X90.805 Y78.921 E355.28369
G1 X90.612 Y79.227 E355.29572
G1 X90.493 Y79.564 E355.30761
G1 X90.448 Y79.958 E355.3208
G1 X90.449 Y87.511 E355.57201
G1 F2700 E350.57201
G0 F7500 X90.26 Y148.925
G0 X91.571 Y149.045
G0 X106.197 Y148.924
G1 F2700 E355.57201
G1 F1350 X91.872 Y148.924 E356.04846
G1 X91.64 Y148.878 E356.05633
G1 X91.391 Y148.684 E356.06683
G1 X91.272 Y148.409 E356.07679
G1 X91.276 Y134.076 E356.55351
G1 X91.45 Y133.652 E356.56875
G1 X91.78 Y133.476 E356.58119
G1 X106.198 Y133.472 E357.06074
G1 X106.426 Y133.553 E357.06879
G1 X106.58 Y133.68 E357.07543
G1 X106.724 Y133.949 E357.08557
G1 X106.722 Y148.377 E357.56545
G1 X106.694 Y148.513 E357.57007
G1 X106.55 Y148.748 E357.57924
G1 X106.394 Y148.861 E357.58564
G1 X106.197 Y148.924 E357.59252
G1 F2700 E352.59252
G0 F7500 X106.866 Y148.569
G0 X109.597 Y148.392
G0 X117.5 Y148.924
G1 F2700 E357.59252
G1 F1350 X110.31 Y148.924 E357.83166
G1 X110.106 Y148.861 E357.83876
G1 X109.95 Y148.748 E357.84517
G1 X109.806 Y148.513 E357.85434
G1 X109.778 Y148.377 E357.85896
G1 X109.776 Y133.951 E358.33877
G1 X109.921 Y133.684 E358.34887
G1 X110.075 Y133.556 E358.35553
G1 X110.306 Y133.476 E358.36366
G1 X124.698 Y133.472 E358.84234
G1 X124.926 Y133.553 E358.85039
G1 X125.08 Y133.68 E358.85703
G1 X125.224 Y133.949 E358.86718
G1 X125.222 Y148.377 E359.34705
G1 X125.194 Y148.513 E359.35167
G1 X125.05 Y148.748 E359.36084
G1 X124.894 Y148.861 E359.36725
G1 X124.697 Y148.924 E359.37413
G1 X117.5 Y148.924 E359.6135
G1 F2700 E354.6135
G0 F7500 X117.5 Y156.488
G0 X117.5 Y156.688
G1 F2700 E359.6135
G1 F1350 X142.901 Y156.688 E360.45834
G1 X143.289 Y156.643 E360.47133
G1 X143.634 Y156.523 E360.48348
G1 X143.939 Y156.332 E360.49545
G1 X144.192 Y156.079 E360.50735
G1 X144.387 Y155.77 E360.5195
G1 X144.503 Y155.434 E360.53133
G1 X144.548 Y155.041 E360.54448
G1 X144.548 Y130.173 E361.3716
G1 X144.439 Y130.431 E361.38091
G1 X144.164 Y130.841 E361.39733
G1 X143.754 Y131.15 E361.41441
G1 X143.205 Y131.33 E361.43362
G1 X142.708 Y131.342 E361.45016
G1 X142.17 Y131.155 E361.4691
G1 X141.972 Y131.039 E361.47673
G1 X141.599 Y130.711 E361.49325
G1 X141.351 Y130.274 E361.50997
G1 X141.236 Y129.72 E361.52879
G1 X141.263 Y129.34 E361.54146
G1 X141.412 Y128.892 E361.55716
G1 X141.603 Y128.597 E361.56885
G1 X141.951 Y128.257 E361.58503
G1 X142.306 Y128.071 E361.59836
G1 X142.855 Y127.939 E361.61714
G1 X143.424 Y128.013 E361.63622
G1 X143.795 Y128.182 E361.64978
G1 X144.162 Y128.452 E361.66494
G1 X144.439 Y128.865 E361.68148
G1 X144.548 Y129.122 E361.69076
G1 X144.548 Y88.546 E363.04033
G1 X144.437 Y88.805 E363.0497
G1 X144.166 Y89.208 E363.06585
G1 X143.756 Y89.52 E363.08299
G1 X143.223 Y89.702 E363.10172
G1 X142.709 Y89.715 E363.11882
G1 X142.17 Y89.528 E363.1378
G1 X141.968 Y89.408 E363.14561
G1 X141.672 Y89.145 E363.15878
G1 X141.539 Y88.973 E363.16601
G1 X141.537 Y123.942 E364.32909
G1 X141.468 Y124.524 E364.34858
G1 X141.252 Y125.14 E364.37029
G1 X140.895 Y125.699 E364.39235
G1 X140.446 Y126.151 E364.41354
G1 X139.898 Y126.495 E364.43506
G1 X139.281 Y126.712 E364.45681
G1 X138.689 Y126.781 E364.47664
G1 X96.34 Y126.784 E365.88517
G1 X95.725 Y126.717 E365.90575
G1 X95.104 Y126.498 E365.92765
G1 X94.548 Y126.15 E365.94946
G1 X94.092 Y125.694 E365.97091
G1 X93.742 Y125.136 E365.99282
G1 X93.528 Y124.522 E366.01445
G1 X93.463 Y123.938 E366.03399
G1 X93.46 Y88.947 E367.1978
G1 X93.204 Y89.269 E367.21148
G1 X92.874 Y89.521 E367.22529
G1 X92.343 Y89.702 E367.24395
G1 X91.828 Y89.715 E367.26108
G1 X91.29 Y89.527 E367.28004
G1 X91.089 Y89.408 E367.28781
G1 X90.718 Y89.078 E367.30432
G1 X90.451 Y88.605 E367.32239
G1 X90.448 Y129.144 E368.67072
G1 X90.565 Y128.843 E368.68146
G1 X90.779 Y128.536 E368.69391
G1 X91.06 Y128.265 E368.70689
G1 X91.398 Y128.076 E368.71977
G1 X91.869 Y127.964 E368.73587
G1 X92.086 Y127.952 E368.7431
G1 X92.567 Y128.022 E368.75927
G1 X92.989 Y128.218 E368.77474
G1 X93.29 Y128.464 E368.78767
G1 X93.596 Y128.921 E368.80597
G1 X93.733 Y129.309 E368.81965
G1 X93.735 Y130.001 E368.84267
G1 X93.559 Y130.431 E368.85812
G1 X93.281 Y130.845 E368.87471
G1 X92.867 Y131.152 E368.89185
G1 X92.34 Y131.324 E368.91029
G1 X91.841 Y131.342 E368.9269
G1 X91.29 Y131.155 E368.94625
G1 X91.092 Y131.039 E368.95388
G1 X90.72 Y130.713 E368.97033
G1 X90.451 Y130.237 E368.98852
G1 X90.448 Y154.584 E369.7983
G1 X90.565 Y154.283 E369.80904
G1 X90.779 Y153.976 E369.82149
G1 X91.06 Y153.705 E369.83448
G1 X91.398 Y153.516 E369.84736
G1 X91.869 Y153.404 E369.86346
G1 X92.086 Y153.393 E369.87068
G1 X92.547 Y153.453 E369.88615
G1 X92.914 Y153.622 E369.89959
G1 X93.283 Y153.893 E369.91481
G1 X93.596 Y154.36 E369.93351
G1 X93.736 Y154.754 E369.94742
G1 X93.736 Y155.435 E369.97007
G1 X93.559 Y155.871 E369.98572
G1 X93.284 Y156.282 E370.00217
G1 X92.947 Y156.534 E370.01616
G1 X92.58 Y156.688 E370.0294
G1 X117.5 Y156.688 E370.85824
G1 F2700 E365.85824
G0 F7500 X128.81 Y156.488
G0 X128.81 Y149.104
G0 X128.81 Y148.924
G1 F2700 E370.85824
G1 F1350 X128.606 Y148.861 E370.86534
G1 X128.45 Y148.748 E370.87175
G1 X128.306 Y148.513 E370.88092
G1 X128.278 Y148.377 E370.88554
G1 X128.276 Y133.951 E371.36535
G1 X128.421 Y133.684 E371.37545
G1 X128.575 Y133.556 E371.38211
G1 X128.806 Y133.476 E371.39024
G1 X143.219 Y133.472 E371.86962
G1 X143.55 Y133.648 E371.88209
G1 X143.724 Y134.072 E371.89733
G1 X143.724 Y148.41 E372.37422
G1 X143.605 Y148.684 E372.38415
G1 X143.356 Y148.879 E372.39467
G1 X143.124 Y148.924 E372.40253
G1 X128.81 Y148.924 E372.87862
G0 F7500 X128.841 Y148.521
;TYPE:WALL-OUTER
G1 F1350 X128.709 Y148.435 E372.88386
G1 X128.676 Y148.342 E372.88714
G1 X128.676 Y134.033 E373.36306
G1 X128.823 Y133.876 E373.37021
G1 X143.162 Y133.875 E373.84713
G1 X143.266 Y133.93 E373.85104
G1 X143.324 Y134.072 E373.85614
G1 X143.322 Y148.359 E374.33133
G1 X143.285 Y148.444 E374.33442
G1 X143.183 Y148.524 E374.33873
G1 X128.841 Y148.521 E374.81574
G1 F2700 E369.81574
G0 F7500 X128.841 Y148.834
G0 X128.134 Y148.569
G0 X125.403 Y148.392
G0 X117.5 Y148.522
G1 F2700 E374.81574
G1 F1350 X110.341 Y148.521 E375.05385
G1 X110.209 Y148.435 E375.05909
G1 X110.176 Y148.342 E375.06238
G1 X110.176 Y134.033 E375.53829
G1 X110.323 Y133.876 E375.54545
G1 X124.66 Y133.875 E376.0223
G1 X124.776 Y133.941 E376.02674
G1 X124.824 Y134.029 E376.03007
G1 X124.824 Y148.342 E376.50612
G1 X124.791 Y148.435 E376.50941
G1 X124.656 Y148.522 E376.51475
G1 X117.5 Y148.522 E376.75276
G1 F2700 E371.75276
G0 F7500 X117.5 Y148.834
G0 X117.5 Y149.104
G0 X117.5 Y156.488
G0 X117.5 Y157.088
G1 F2700 E376.75276
G1 F1350 X142.924 Y157.088 E377.59836
G1 X143.379 Y157.035 E377.6136
G1 X143.808 Y156.886 E377.6287
G1 X144.19 Y156.646 E377.64371
G1 X144.506 Y156.33 E377.65857
G1 X144.75 Y155.944 E377.67376
G1 X144.895 Y155.523 E377.68857
G1 X144.948 Y155.064 E377.70394
G1 X144.948 Y130.302 E378.52753
G1 F1113.4 X144.863 Y129.978 E378.54103
G1 F942.4 X144.866 Y129.208 E378.57772
G1 F1106.6 X144.948 Y128.997 E378.58691
G1 F1350 X144.948 Y88.671 E379.92815
G1 F1113.4 X144.863 Y88.346 E379.9417
G1 F937.5 X144.858 Y87.605 E379.97719
G1 F1102 X144.948 Y87.369 E379.98748
G1 F1350 X144.948 Y79.936 E380.23471
G1 X144.895 Y79.473 E380.25021
G1 X144.75 Y79.052 E380.26502
G1 X144.506 Y78.67 E380.28009
G1 X144.19 Y78.35 E380.29505
G1 X143.804 Y78.11 E380.31017
G1 X143.382 Y77.961 E380.32505
G1 X142.924 Y77.908 E380.34039
G1 X92.072 Y77.908 E382.03173
G1 X91.614 Y77.961 E382.04707
G1 X91.192 Y78.11 E382.06195
G1 X90.81 Y78.35 E382.07696
G1 X90.49 Y78.67 E382.09201
G1 X90.25 Y79.052 E382.10701
G1 X90.101 Y79.474 E382.1219
G1 X90.048 Y79.936 E382.13737
G1 X90.048 Y87.341 E382.38366
G1 F1120.3 X90.131 Y87.792 E382.40204
G1 F960.9 X90.128 Y88.156 E382.41905
G1 F1125 X90.048 Y88.556 E382.43533
G1 F1350 X90.048 Y128.97 E383.7795
G1 F1120.3 X90.131 Y129.42 E383.79784
G1 F960.9 X90.128 Y129.784 E383.81485
G1 F1125 X90.048 Y130.187 E383.83125
G1 F1350 X90.048 Y154.41 E384.63691
G1 F1120.3 X90.131 Y154.86 E384.65525
G1 F960.9 X90.127 Y155.06 E384.6646
G1 F964.3 X90.179 Y155.504 E384.68541
G1 F969.5 X90.319 Y155.911 E384.70535
G1 F981.8 X90.548 Y156.283 E384.72533
G1 F978.3 X90.859 Y156.585 E384.74522
G1 F971.2 X91.226 Y156.82 E384.76537
G1 X91.63 Y156.959 E384.78512
G1 X92.076 Y157.01 E384.80588
G1 F966 X92.333 Y157.007 E384.81782
G1 F1122.7 X92.793 Y157.088 E384.8365
G1 F1350 X117.5 Y157.088 E385.65826
G1 F2700 E380.65826
G0 F7500 X117.5 Y156.78
G0 X106.156 Y156.488
G0 X106.156 Y149.104
G0 X106.156 Y148.522
G1 F2700 E385.65826
G1 F1350 X91.813 Y148.524 E386.13531
G1 X91.711 Y148.444 E386.13962
G1 X91.674 Y148.359 E386.14271
G1 X91.676 Y134.076 E386.61776
G1 X91.734 Y133.934 E386.62286
G1 X91.837 Y133.879 E386.62675
G1 X106.16 Y133.875 E387.10313
G1 X106.276 Y133.941 E387.10757
G1 X106.324 Y134.029 E387.1109
G1 X106.324 Y148.342 E387.58696
G1 X106.291 Y148.435 E387.59024
G1 X106.156 Y148.522 E387.59558
G1 F2700 E382.59558
G0 F7500 X106.156 Y148.835
G0 X92.272 Y149.104
G0 X92.112 Y153.194
G0 X92.267 Y156.449
G1 F2700 E387.59558
G1 F1084.3 X91.863 Y156.45 E387.61231
G1 F1034.5 X91.338 Y156.271 E387.63639
G1 F1001.9 X90.978 Y155.94 E387.6583
G1 F981.8 X90.781 Y155.603 E387.67616
G1 F978.3 X90.69 Y155.186 E387.69575
G1 F1044.5 X90.694 Y154.902 E387.70796
G1 F1168.8 X90.984 Y154.34 E387.73225
G1 F1285.7 X91.322 Y154.017 E387.74858
G1 F1350 X91.573 Y153.885 E387.75801
G1 X91.998 Y153.784 E387.77254
G1 X92.433 Y153.841 E387.78713
G1 X92.791 Y154.013 E387.80034
G1 X93.007 Y154.2 E387.80984
G1 X93.25 Y154.574 E387.82468
G1 X93.336 Y154.823 E387.83344
G1 X93.336 Y155.358 E387.85123
G1 X93.227 Y155.648 E387.86154
G1 X92.988 Y156.004 E387.8758
G1 X92.708 Y156.213 E387.88742
G1 F1227.3 X92.267 Y156.449 E387.90572
G1 F2700 E382.90572
G0 F7500 X92.272 Y156.685
G0 X92.8 Y156.456
G0 X93.17 Y156.179
G0 X93.471 Y155.735
G0 X93.585 Y155.393
G0 X93.585 Y154.791
G0 X93.47 Y154.442
G0 X93.173 Y154.008
G0 X92.111 Y153.233
G0 X90.633 Y153.861
G0 X90.633 Y130.875
G0 X91.099 Y131.049
G0 X92.278 Y131.244
G0 X92.271 Y130.93
G1 F2700 E387.90572
G1 F1350 X91.88 Y130.936 E387.91873
G1 X91.385 Y130.764 E387.93616
G1 X91.036 Y130.459 E387.95157
G1 X90.866 Y130.159 E387.96304
G1 F1125 X90.684 Y129.736 E387.98142
G1 F1036.5 X90.693 Y129.463 E387.99325
G1 F1168.8 X90.984 Y128.9 E388.0176
G1 F1285.7 X91.322 Y128.577 E388.03393
G1 F1350 X91.573 Y128.445 E388.04336
G1 X91.998 Y128.344 E388.05789
G1 X92.41 Y128.398 E388.07171
G1 X92.759 Y128.551 E388.08438
G1 X92.975 Y128.723 E388.09357
G1 X93.243 Y129.117 E388.10941
G1 X93.336 Y129.384 E388.11882
G1 X93.336 Y129.918 E388.13658
G1 X93.227 Y130.208 E388.14688
G1 X92.988 Y130.564 E388.16114
G1 X92.682 Y130.792 E388.17384
G1 X92.271 Y130.93 E388.18826
G1 F2700 E383.18826
G0 F7500 X92.278 Y131.244
G0 X93.69 Y130.524
G0 X93.738 Y128.841
G0 X91.828 Y127.808
G0 X90.633 Y128.421
G0 X90.632 Y89.243
G0 X92.375 Y89.862
G0 X93.277 Y89.442
G0 X93.596 Y125.206
G0 X95.47 Y126.702
G0 X117.5 Y126.696
G0 X117.5 Y126.384
G1 F2700 E388.18826
G1 F1350 X96.35 Y126.383 E388.89171
G1 X95.812 Y126.323 E388.90971
G1 X95.277 Y126.137 E388.92855
G1 X94.816 Y125.846 E388.94668
G1 X94.394 Y125.423 E388.96656
G1 X94.099 Y124.943 E388.9853
G1 X93.918 Y124.419 E389.00374
G1 X93.861 Y123.894 E389.0213
G1 X93.86 Y88.775 E390.18936
G1 F1250 X93.828 Y88.328 E390.20546
G1 F1148.9 X93.823 Y87.64 E390.23235
G1 F1232.9 X93.859 Y87.261 E390.24621
G1 F1346.6 X93.861 Y83.902 E390.35821
G1 F1350 X93.927 Y83.341 E390.377
G1 X94.118 Y82.809 E390.3958
G1 X94.422 Y82.334 E390.41456
G1 X94.786 Y81.97 E390.43168
G1 X95.258 Y81.67 E390.45028
G1 X95.836 Y81.469 E390.47064
G1 X96.348 Y81.409 E390.48778
G1 X138.648 Y81.409 E391.89468
G1 X139.206 Y81.479 E391.91339
G1 X139.738 Y81.67 E391.93219
G1 X140.21 Y81.97 E391.95079
G1 X140.602 Y82.369 E391.96939
G1 X140.897 Y82.849 E391.98813
G1 X141.079 Y83.384 E392.00693
G1 X141.139 Y83.9 E392.02421
G1 X141.14 Y87.374 E392.13975
G1 F1258.7 X141.17 Y87.8 E392.15499
G1 F1184.2 X141.167 Y88.138 E392.1678
G1 F1264.6 X141.141 Y88.533 E392.18186
G1 F1350 X141.139 Y123.896 E393.35804
G1 X141.078 Y124.419 E393.37555
G1 X140.878 Y124.983 E393.39545
G1 X140.587 Y125.444 E393.41358
G1 X140.204 Y125.827 E393.4316
G1 X139.74 Y126.126 E393.44996
G1 X139.187 Y126.323 E393.46948
G1 X138.636 Y126.384 E393.48792
G1 X117.5 Y126.384 E394.19091
G1 F2700 E389.19091
G0 F7500 X117.5 Y126.696
G0 X139.97 Y126.638
G0 X141.625 Y124.563
G0 X141.721 Y89.466
G0 X143.712 Y89.706
G0 X144.362 Y89.242
G0 X144.362 Y128.422
G0 X142.2 Y127.932
G0 X141.073 Y129.723
G0 X141.606 Y130.811
G0 X142.668 Y131.235
G0 X142.772 Y130.941
G1 F2700 E394.19091
G1 F1350 X142.264 Y130.764 E394.2088
G1 X141.915 Y130.457 E394.22426
G1 X141.73 Y130.131 E394.23673
G1 X141.644 Y129.731 E394.25034
G1 X141.657 Y129.435 E394.26019
G1 X141.768 Y129.083 E394.27247
G1 X141.918 Y128.844 E394.28185
G1 X142.172 Y128.598 E394.29361
G1 X142.435 Y128.45 E394.30365
G1 X142.875 Y128.348 E394.31867
G1 X143.312 Y128.401 E394.33331
G1 X143.671 Y128.573 E394.34655
G1 X143.887 Y128.76 E394.35606
G1 X144.13 Y129.134 E394.37089
G1 F1106.6 X144.299 Y129.335 E394.38155
G1 F1018.9 X144.297 Y129.912 E394.40697
G1 F1221.7 X143.869 Y130.563 E394.43561
G1 F1350 X143.562 Y130.792 E394.44835
G1 X143.155 Y130.929 E394.46263
G1 X142.772 Y130.941 E394.47537
G1 F2700 E389.47537
G0 F7500 X142.668 Y131.235
G0 X142.142 Y130.986
G0 X141.724 Y130.618
G0 X141.494 Y130.218
G0 X141.389 Y129.72
G0 X141.435 Y129.15
G0 X141.726 Y128.686
G0 X142.844 Y127.773
G0 X144.362 Y128.422
G0 X144.362 Y89.242
G0 X143.882 Y89.414
G0 X142.67 Y89.605
G0 X142.773 Y89.313
G1 F2700 E394.47537
G1 F1350 X142.264 Y89.137 E394.49329
G1 X141.916 Y88.826 E394.50881
G1 X141.746 Y88.527 E394.52025
G1 F1264.6 X141.616 Y88.099 E394.53613
G1 F1184.2 X141.627 Y87.816 E394.54687
G1 F1258.7 X141.784 Y87.423 E394.56197
G1 F1350 X141.937 Y87.195 E394.5711
G1 X142.202 Y86.949 E394.58313
G1 X142.453 Y86.817 E394.59256
G1 X142.877 Y86.717 E394.60705
G1 X143.313 Y86.773 E394.62167
G1 X143.671 Y86.945 E394.63488
G1 X143.886 Y87.131 E394.64433
G1 X144.106 Y87.455 E394.65736
G1 X144.13 Y87.503 E394.65914
G1 F1106.6 X144.299 Y87.707 E394.66989
G1 F1018.9 X144.297 Y88.28 E394.69514
G1 F1221.7 X143.868 Y88.932 E394.72383
G1 F1350 X143.565 Y89.163 E394.7365
G1 X143.154 Y89.303 E394.75094
G1 X142.773 Y89.313 E394.76362
G1 F2700 E389.76362
G0 F7500 X142.67 Y89.605
G0 X141.721 Y89.466
G0 X141.39 Y89.605
G0 X141.389 Y83.897
G0 X141.323 Y83.307
G0 X141.119 Y82.721
G0 X140.789 Y82.2
G0 X140.35 Y81.761
G0 X139.829 Y81.431
G0 X139.243 Y81.227
G0 X138.652 Y81.161
G0 X96.347 Y81.161
G0 X95.757 Y81.227
G0 X95.171 Y81.431
G0 X94.65 Y81.761
G0 X94.211 Y82.2
G0 X93.88 Y82.724
G0 X93.677 Y83.307
G0 X93.611 Y83.898
G0 X93.61 Y89.605
G0 X93.31 Y89.458
G0 X91.789 Y89.605
G0 X91.892 Y89.313
G1 F2700 E394.76362
G1 F1350 X91.384 Y89.136 E394.78151
G1 X91.036 Y88.826 E394.79701
G1 X90.866 Y88.527 E394.80845
G1 F1125 X90.684 Y88.108 E394.82669
G1 F1036.5 X90.693 Y87.834 E394.83856
G1 F1168.8 X90.976 Y87.279 E394.86249
G1 F1285.7 X91.322 Y86.949 E394.87919
G1 F1350 X91.573 Y86.817 E394.88862
G1 X91.998 Y86.716 E394.90315
G1 X92.433 Y86.773 E394.91775
G1 X92.791 Y86.945 E394.93096
G1 X93.006 Y87.131 E394.94041
G1 F1304.3 X93.263 Y87.499 E394.95586
G1 F1194.7 X93.361 Y87.716 E394.96481
G1 F1148.9 X93.366 Y88.288 E394.98717
G1 F1227.3 X93.256 Y88.536 E394.99709
G1 F1326.8 X92.989 Y88.931 E395.01323
G1 F1350 X92.682 Y89.164 E395.02605
G1 X92.274 Y89.303 E395.04038
G1 X91.892 Y89.313 E395.05309
G1 F2700 E390.05309
G0 F7500 X91.789 Y89.605
G0 X93.277 Y89.442
G0 X93.611 Y123.899
G0 X93.677 Y124.489
G0 X93.88 Y125.072
G0 X94.211 Y125.596
G0 X94.65 Y126.035
G0 X95.171 Y126.365
G0 X95.757 Y126.569
G0 X96.347 Y126.635
G0 X139.97 Y126.638
G0 X141.625 Y124.563
G0 X141.721 Y89.466
G0 X143.712 Y89.706
G0 X144.362 Y89.242
G0 X144.362 Y128.422
G0 X142.2 Y127.932
G0 X141.073 Y129.723
G0 X142.12 Y131.308
G0 X144.172 Y131.036
G0 X144.362 Y130.872
G0 X144.448 Y134.076
G0 X144.136 Y134.076
;TYPE:SKIN
G1 F2700 E395.05309
G1 F1069.3 X144.135 Y148.475 E395.65772
G1 F2700 E390.65772
G0 F7500 X144.448 Y148.475
G0 X144.348 Y149.024
G0 X125.366 Y148.569
G0 X117.5 Y149.283
G1 F2700 E395.65772
G1 F1350 X124.739 Y149.282 E395.89849
G1 X125.066 Y149.173 E395.90995
G1 X125.302 Y149.002 E395.91965
G1 X125.519 Y148.662 E395.93306
G1 X125.58 Y148.41 E395.94169
G1 X125.583 Y134.05 E396.4193
G1 X125.543 Y133.787 E396.42815
G1 X125.36 Y133.449 E396.44093
G1 X125.105 Y133.238 E396.45194
G1 X124.751 Y133.112 E396.46444
G1 X110.241 Y133.118 E396.94704
G1 X109.806 Y133.274 E396.96241
G1 X109.536 Y133.599 E396.97647
G1 X109.417 Y134.053 E396.99208
G1 X109.416 Y148.41 E397.46959
G1 X109.467 Y148.634 E397.47723
G1 X109.698 Y149.002 E397.49169
G1 X109.93 Y149.173 E397.50127
G1 X110.256 Y149.284 E397.51273
G1 X117.5 Y149.283 E397.75366
G1 F2700 E392.75366
G0 F7500 X117.5 Y149.024
G0 X117.5 Y156.488
G0 X117.5 Y156.328
G1 F2700 E397.75366
G1 F1350 X93.685 Y156.328 E398.54575
G1 X93.873 Y156.038 E398.55725
G1 X94.037 Y155.65 E398.57126
G1 X94.094 Y155.355 E398.58125
G1 X94.094 Y154.825 E398.59888
G1 X94.049 Y154.573 E398.60739
G1 X93.93 Y154.218 E398.61985
G1 X93.543 Y153.634 E398.64315
G1 X93.094 Y153.309 E398.66158
G1 X92.645 Y153.101 E398.67804
G1 X92.139 Y153.033 E398.69502
G1 X91.777 Y153.053 E398.70708
G1 X91.245 Y153.181 E398.72528
G1 X90.808 Y153.459 E398.74251
G1 X90.808 Y148.913 E398.89371
G1 F1186.8 X90.861 Y148.471 E398.91055
G1 F1120.3 X91.112 Y148.912 E398.93089
G1 F1261.7 X91.494 Y149.212 E398.94817
G1 F1350 X91.836 Y149.281 E398.95978
G1 X106.239 Y149.282 E399.43882
G1 X106.566 Y149.173 E399.45029
G1 X106.802 Y149.002 E399.45998
G1 X107.019 Y148.662 E399.4734
G1 X107.08 Y148.41 E399.48202
G1 X107.083 Y134.05 E399.95963
G1 X107.043 Y133.787 E399.96848
G1 X106.86 Y133.449 E399.98127
G1 X106.605 Y133.238 E399.99227
G1 X106.251 Y133.112 E400.00477
G1 X91.711 Y133.12 E400.48838
G1 X91.246 Y133.359 E400.50576
G1 X91.155 Y133.459 E400.51026
G1 F1304.3 X90.854 Y134.07 E400.53371
G1 X90.808 Y133.391 E400.55714
G1 F1350 X90.808 Y131.287 E400.62712
G1 X91.13 Y131.477 E400.63955
G1 X91.783 Y131.7 E400.6625
G1 X92.403 Y131.685 E400.68313
G1 X93.042 Y131.472 E400.70553
G1 X93.409 Y131.196 E400.7208
G1 X93.621 Y130.979 E400.73089
G1 X93.855 Y130.636 E400.7447
G1 X94.037 Y130.21 E400.76011
G1 X94.092 Y129.941 E400.76924
G1 X94.092 Y129.257 E400.79199
G1 X93.917 Y128.749 E400.80986
G1 X93.526 Y128.19 E400.83255
G1 X93.173 Y127.904 E400.84766
G1 X92.661 Y127.669 E400.8664
G1 X92.111 Y127.589 E400.88489
G1 X91.812 Y127.608 E400.89485
G1 X91.245 Y127.74 E400.91422
G1 X90.808 Y128.019 E400.93146
G1 X90.809 Y89.658 E402.20735
G1 X91.172 Y89.865 E402.22125
G1 X91.596 Y90.017 E402.23623
G1 X91.911 Y90.066 E402.24683
G1 X92.413 Y90.06 E402.26353
G1 X92.927 Y89.881 E402.28163
G1 X93.1 Y89.787 E402.28818
G1 X93.105 Y123.978 E403.42538
G1 X93.179 Y124.627 E403.44711
G1 X93.427 Y125.312 E403.47134
G1 X93.82 Y125.92 E403.49542
G1 X94.333 Y126.44 E403.51971
G1 X94.965 Y126.829 E403.54439
G1 X95.605 Y127.053 E403.56695
G1 X96.267 Y127.139 E403.58915
G1 X138.689 Y127.139 E405.00011
G1 X139.355 Y127.065 E405.0224
G1 X140.035 Y126.825 E405.04638
G1 X140.665 Y126.437 E405.07099
G1 X141.155 Y125.941 E405.09418
G1 X141.586 Y125.278 E405.12048
G1 X141.818 Y124.595 E405.14447
G1 X141.891 Y123.98 E405.16507
G1 X141.9 Y89.809 E406.3016
G1 X142.519 Y90.027 E406.32343
G1 X142.799 Y90.066 E406.33283
G1 X143.289 Y90.06 E406.34913
G1 X143.919 Y89.844 E406.37128
G1 X144.188 Y89.642 E406.38247
G1 X144.188 Y128.024 E407.65906
G1 X143.944 Y127.853 E407.66897
G1 X143.517 Y127.66 E407.68456
G1 X142.832 Y127.572 E407.70753
G1 X142.125 Y127.743 E407.73172
G1 X141.695 Y128.001 E407.7484
G1 X141.357 Y128.323 E407.76393
G1 X141.078 Y128.756 E407.78106
G1 X140.904 Y129.292 E407.7998
G1 X140.873 Y129.75 E407.81507
G1 X141.006 Y130.396 E407.83701
G1 X141.233 Y130.802 E407.85248
G1 X141.413 Y131.027 E407.86206
G1 X141.729 Y131.304 E407.87604
G1 X142.022 Y131.481 E407.88743
G1 X142.481 Y131.645 E407.90364
G1 X142.773 Y131.694 E407.91348
G1 X143.273 Y131.683 E407.93012
G1 X143.917 Y131.477 E407.95261
G1 X144.188 Y131.272 E407.96391
G1 X144.188 Y133.391 E408.03439
G1 F1267.6 X144.138 Y134.051 E408.05783
G1 X143.846 Y133.459 E408.08121
G1 F1350 X143.754 Y133.358 E408.08576
G1 X143.282 Y133.117 E408.10339
G1 X128.741 Y133.118 E408.58702
G1 X128.306 Y133.274 E408.60239
G1 X128.036 Y133.599 E408.61644
G1 X127.917 Y134.053 E408.63206
G1 X127.916 Y148.41 E409.10957
G1 X127.967 Y148.634 E409.11721
G1 X128.198 Y149.002 E409.13166
G1 X128.43 Y149.173 E409.14125
G1 X128.756 Y149.284 E409.1527
G1 X143.156 Y149.281 E409.63165
G1 X143.498 Y149.212 E409.64325
G1 F1267.6 X143.88 Y148.912 E409.66046
G1 F1125 X144.135 Y148.475 E409.68065
G1 F1192.1 X144.188 Y148.919 E409.6975
G1 F1350 X144.188 Y155.016 E409.90028
G1 X144.147 Y155.351 E409.91151
G1 X144.058 Y155.612 E409.92068
G1 X143.907 Y155.849 E409.93003
G1 X143.71 Y156.046 E409.93929
G1 X143.476 Y156.194 E409.9485
G1 X143.206 Y156.287 E409.958
G1 X142.876 Y156.328 E409.96906
G1 X117.5 Y156.328 E410.81307
G1 F2700 E405.81307
G0 F7500 X117.5 Y156.588
G0 X93.298 Y156.503
G0 X93.855 Y154.608
G0 X92.589 Y153.296
G0 X90.633 Y153.861
G0 X90.549 Y148.47
G0 X90.861 Y148.471
G1 F2700 E410.81307
G1 F1060.9 X90.862 Y134.08 E411.42215
G1 F2700 E406.42215
G0 F7500 X90.549 Y134.079
G0 X90.533 Y129.378
G0 X90.632 Y89.243
G0 X91.571 Y89.732
G0 X91.42 Y90.165
G1 F2700 E411.42215
G1 F1350 X91.008 Y90.577 E411.44153
G0 F7500 X91.008 Y91.143
G1 F1350 X91.89 Y90.261 E411.48301
G0 F7500 X92.463 Y90.253
G1 F1350 X91.008 Y91.708 E411.55145
G0 F7500 X91.008 Y92.274
G1 F1350 X92.9 Y90.382 E411.64044
G0 F7500 X92.9 Y90.947
G1 F1350 X91.008 Y92.84 E411.72946
G0 F7500 X91.008 Y93.405
G1 F1350 X92.9 Y91.513 E411.81846
G0 F7500 X92.9 Y92.079
G1 F1350 X91.008 Y93.971 E411.90745
G0 F7500 X91.008 Y94.537
G1 F1350 X92.9 Y92.644 E411.99647
G0 F7500 X92.9 Y93.21
G1 F1350 X91.008 Y95.102 E412.08546
G0 F7500 X91.008 Y95.668
G1 F1350 X92.9 Y93.776 E412.17446
G0 F7500 X92.901 Y94.341
G1 F1350 X91.008 Y96.234 E412.2635
G0 F7500 X91.008 Y96.799
G1 F1350 X92.901 Y94.906 E412.35254
G0 F7500 X92.901 Y95.472
G1 F1350 X91.008 Y97.365 E412.44158
G0 F7500 X91.008 Y97.931
G1 F1350 X92.901 Y96.038 E412.53062
G0 F7500 X92.901 Y96.604
G1 F1350 X91.008 Y98.496 E412.61964
G0 F7500 X91.008 Y99.062
G1 F1350 X92.901 Y97.169 E412.70868
G0 F7500 X92.901 Y97.735
G1 F1350 X91.008 Y99.628 E412.79772
G0 F7500 X91.008 Y100.193
G1 F1350 X92.901 Y98.301 E412.88674
G0 F7500 X92.902 Y98.866
G1 F1350 X91.008 Y100.759 E412.9758
G0 F7500 X91.008 Y101.325
G1 F1350 X92.902 Y99.431 E413.06489
G0 F7500 X92.902 Y99.997
G1 F1350 X91.008 Y101.891 E413.15398
G0 F7500 X91.008 Y102.456
G1 F1350 X92.902 Y100.563 E413.24304
G0 F7500 X92.902 Y101.128
G1 F1350 X91.008 Y103.022 E413.33213
G0 F7500 X91.008 Y103.588
G1 F1350 X92.902 Y101.694 E413.42122
G0 F7500 X92.902 Y102.26
G1 F1350 X91.008 Y104.153 E413.51028
G0 F7500 X91.008 Y104.719
G1 F1350 X92.903 Y102.825 E413.59939
G0 F7500 X92.903 Y103.39
G1 F1350 X91.008 Y105.285 E413.68853
G0 F7500 X91.008 Y105.85
G1 F1350 X92.903 Y103.956 E413.77764
G0 F7500 X92.903 Y104.522
G1 F1350 X91.008 Y106.416 E413.86675
G0 F7500 X91.008 Y106.982
G1 F1350 X92.903 Y105.087 E413.95588
G0 F7500 X92.903 Y105.653
G1 F1350 X91.008 Y107.547 E414.045
G0 F7500 X91.008 Y108.113
G1 F1350 X92.903 Y106.219 E414.13411
G0 F7500 X92.903 Y106.784
G1 F1350 X91.008 Y108.679 E414.22324
G0 F7500 X91.008 Y109.244
G1 F1350 X92.903 Y107.349 E414.31238
G0 F7500 X92.903 Y107.915
G1 F1350 X91.008 Y109.81 E414.40151
G0 F7500 X91.008 Y110.376
G1 F1350 X92.903 Y108.481 E414.49065
G0 F7500 X92.903 Y109.046
G1 F1350 X91.008 Y110.942 E414.57981
G0 F7500 X91.008 Y111.507
G1 F1350 X92.903 Y109.612 E414.66894
G0 F7500 X92.903 Y110.178
G1 F1350 X91.008 Y112.073 E414.75808
G0 F7500 X91.008 Y112.639
G1 F1350 X92.903 Y110.744 E414.84721
G0 F7500 X92.904 Y111.309
G1 F1350 X91.008 Y113.204 E414.93637
G0 F7500 X91.008 Y113.77
G1 F1350 X92.904 Y111.874 E415.02555
G0 F7500 X92.904 Y112.44
G1 F1350 X91.008 Y114.336 E415.11473
G0 F7500 X91.008 Y114.901
G1 F1350 X92.904 Y113.006 E415.20389
G0 F7500 X92.904 Y113.571
G1 F1350 X91.008 Y115.467 E415.29307
G0 F7500 X91.008 Y116.033
G1 F1350 X92.904 Y114.137 E415.38226
G0 F7500 X92.904 Y114.703
G1 F1350 X91.008 Y116.598 E415.47141
G0 F7500 X91.008 Y117.164
G1 F1350 X92.904 Y115.268 E415.5606
G0 F7500 X92.905 Y115.833
G1 F1350 X91.008 Y117.73 E415.64983
G0 F7500 X91.008 Y118.295
G1 F1350 X92.905 Y116.399 E415.73903
G0 F7500 X92.905 Y116.965
G1 F1350 X91.008 Y118.861 E415.82824
G0 F7500 X91.008 Y119.427
G1 F1350 X92.905 Y117.53 E415.91747
G0 F7500 X92.905 Y118.096
G1 F1350 X91.008 Y119.992 E416.00667
G0 F7500 X91.008 Y120.558
G1 F1350 X92.905 Y118.662 E416.09588
G0 F7500 X92.905 Y119.227
G1 F1350 X91.008 Y121.124 E416.18511
G0 F7500 X91.008 Y121.69
G1 F1350 X92.905 Y119.792 E416.27436
G0 F7500 X92.905 Y120.358
G1 F1350 X91.008 Y122.255 E416.36359
G0 F7500 X91.008 Y122.821
G1 F1350 X92.905 Y120.924 E416.45282
G0 F7500 X92.905 Y121.489
G1 F1350 X91.008 Y123.387 E416.54207
G0 F7500 X91.008 Y123.952
G1 F1350 X92.905 Y122.055 E416.6313
G0 F7500 X92.905 Y122.621
G1 F1350 X91.008 Y124.518 E416.72053
G0 F7500 X91.008 Y125.084
G1 F1350 X92.905 Y123.186 E416.80978
G0 F7500 X92.905 Y123.752
G1 F1350 X91.008 Y125.649 E416.89901
G0 F7500 X91.008 Y126.215
G1 F1350 X92.936 Y124.287 E416.9897
G0 F7500 X93.017 Y124.772
G1 F1350 X91.008 Y126.781 E417.08419
G0 F7500 X91.008 Y127.346
G1 F1350 X93.165 Y125.19 E417.18563
G0 F7500 X93.352 Y125.568
G1 F1350 X91.429 Y127.491 E417.27608
G0 F7500 X92.094 Y127.392
G1 F1350 X93.573 Y125.913 E417.34565
G0 F7500 X93.832 Y126.22
G1 F1350 X92.598 Y127.454 E417.40369
G0 F7500 X93.008 Y127.609
G1 F1350 X94.112 Y126.506 E417.4556
G0 F7500 X94.44 Y126.743
G1 F1350 X93.371 Y127.812 E417.50588
G0 F7500 X93.685 Y128.063
G1 F1350 X94.788 Y126.96 E417.55776
G0 F7500 X95.194 Y127.121
G1 F1350 X93.917 Y128.397 E417.6178
G0 F7500 X94.129 Y128.751
G1 F1350 X95.619 Y127.262 E417.68787
G0 F7500 X96.123 Y127.323
G1 F1350 X94.279 Y129.167 E417.7746
G0 F7500 X94.292 Y129.719
G1 F1350 X96.674 Y127.338 E417.88662
G0 F7500 X97.239 Y127.338
G1 F1350 X94.175 Y130.403 E418.03077
G1 F2700 E413.03077
G0 F7500 X93.75 Y130.225
G0 X92.671 Y131.324
G0 X92.818 Y131.759
G1 F2700 E418.03077
G1 F1350 X91.662 Y132.916 E418.08516
G0 F7500 X92.227 Y132.916
G1 F1350 X97.805 Y127.338 E418.34754
G0 F7500 X98.371 Y127.338
G1 F1350 X92.793 Y132.916 E418.60991
G0 F7500 X93.359 Y132.916
G1 F1350 X98.936 Y127.338 E418.87226
G0 F7500 X99.502 Y127.338
G1 F1350 X93.924 Y132.916 E419.13463
G0 F7500 X94.49 Y132.916
G1 F1350 X100.068 Y127.338 E419.397
G0 F7500 X100.633 Y127.338
G1 F1350 X95.056 Y132.915 E419.65932
G0 F7500 X95.622 Y132.915
G1 F1350 X101.199 Y127.338 E419.92165
G0 F7500 X101.765 Y127.338
G1 F1350 X96.188 Y132.915 E420.18397
G0 F7500 X96.753 Y132.915
G1 F1350 X102.33 Y127.338 E420.4463
G0 F7500 X102.896 Y127.338
G1 F1350 X97.319 Y132.915 E420.70862
G0 F7500 X97.885 Y132.914
G1 F1350 X103.462 Y127.338 E420.97093
G0 F7500 X104.027 Y127.338
G1 F1350 X98.451 Y132.914 E421.2332
G0 F7500 X99.017 Y132.914
G1 F1350 X104.593 Y127.338 E421.49548
G0 F7500 X105.159 Y127.338
G1 F1350 X99.583 Y132.914 E421.75776
G0 F7500 X100.148 Y132.914
G1 F1350 X105.724 Y127.338 E422.02004
G0 F7500 X106.29 Y127.338
G1 F1350 X100.715 Y132.913 E422.28227
G0 F7500 X101.28 Y132.913
G1 F1350 X106.856 Y127.338 E422.54452
G0 F7500 X107.422 Y127.338
G1 F1350 X101.846 Y132.913 E422.80678
G0 F7500 X102.412 Y132.913
G1 F1350 X107.987 Y127.338 E423.06901
G0 F7500 X108.553 Y127.338
G1 F1350 X102.977 Y132.913 E423.33126
G0 F7500 X103.544 Y132.913
G1 F1350 X109.119 Y127.338 E423.59349
G0 F7500 X109.684 Y127.338
G1 F1350 X104.109 Y132.913 E423.85572
G0 F7500 X104.675 Y132.913
G1 F1350 X110.25 Y127.338 E424.11796
G0 F7500 X110.816 Y127.338
G1 F1350 X105.241 Y132.913 E424.38019
G0 F7500 X105.807 Y132.913
G1 F1350 X111.381 Y127.338 E424.64239
G0 F7500 X111.947 Y127.338
G1 F1350 X106.35 Y132.935 E424.90566
G0 F7500 X106.749 Y133.102
G1 F1350 X112.513 Y127.338 E425.17678
G0 F7500 X113.078 Y127.338
G1 F1350 X107.044 Y133.372 E425.4606
G0 F7500 X107.243 Y133.739
G1 F1350 X113.644 Y127.338 E425.76169
G0 F7500 X114.21 Y127.338
G1 F1350 X107.284 Y134.264 E426.08746
G0 F7500 X107.284 Y134.83
G1 F1350 X114.775 Y127.338 E426.43984
G0 F7500 X115.341 Y127.338
G1 F1350 X107.284 Y135.395 E426.81882
G0 F7500 X107.284 Y135.961
G1 F1350 X109.219 Y134.026 E426.90983
G0 F7500 X109.218 Y134.592
G1 F1350 X107.283 Y136.527 E427.00085
G0 F7500 X107.283 Y137.093
G1 F1350 X109.218 Y135.158 E427.09187
G0 F7500 X109.218 Y135.723
G1 F1350 X107.283 Y137.659 E427.18291
G0 F7500 X107.282 Y138.225
G1 F1350 X109.218 Y136.289 E427.27397
G0 F7500 X109.218 Y136.855
G1 F1350 X107.282 Y138.791 E427.36503
G0 F7500 X107.282 Y139.357
G1 F1350 X109.218 Y137.421 E427.4561
G0 F7500 X109.218 Y137.986
G1 F1350 X107.282 Y139.922 E427.54716
G0 F7500 X107.282 Y140.489
G1 F1350 X109.218 Y138.552 E427.63825
G0 F7500 X109.218 Y139.118
G1 F1350 X107.282 Y141.054 E427.72931
G0 F7500 X107.282 Y141.62
G1 F1350 X109.218 Y139.684 E427.82037
G0 F7500 X109.218 Y140.25
G1 F1350 X107.282 Y142.186 E427.91144
G0 F7500 X107.281 Y142.752
G1 F1350 X109.218 Y140.815 E428.00255
G0 F7500 X109.218 Y141.381
G1 F1350 X107.281 Y143.318 E428.09366
G0 F7500 X107.281 Y143.884
G1 F1350 X109.218 Y141.947 E428.18477
G0 F7500 X109.218 Y142.512
G1 F1350 X107.28 Y144.45 E428.27593
G0 F7500 X107.28 Y145.016
G1 F1350 X109.218 Y143.078 E428.36708
G0 F7500 X109.217 Y143.644
G1 F1350 X107.28 Y145.581 E428.45819
G0 F7500 X107.28 Y146.147
G1 F1350 X109.217 Y144.21 E428.54931
G0 F7500 X109.217 Y144.776
G1 F1350 X107.279 Y146.713 E428.64044
G0 F7500 X107.279 Y147.279
G1 F1350 X109.217 Y145.342 E428.73157
G0 F7500 X109.217 Y145.907
G1 F1350 X107.279 Y147.845 E428.82273
G0 F7500 X107.279 Y148.41
G1 F1350 X109.217 Y146.473 E428.91387
G0 F7500 X109.217 Y147.039
G1 F1350 X100.127 Y156.128 E429.34141
G0 F7500 X100.693 Y156.128
G1 F1350 X109.217 Y147.604 E429.74235
G0 F7500 X109.217 Y148.17
G1 F1350 X101.258 Y156.128 E430.11669
G0 F7500 X101.824 Y156.128
G1 F1350 X109.275 Y148.678 E430.46714
G0 F7500 X109.48 Y149.038
G1 F1350 X102.39 Y156.128 E430.80063
G0 F7500 X102.955 Y156.128
G1 F1350 X109.78 Y149.304 E431.12164
G0 F7500 X110.181 Y149.468
G1 F1350 X103.521 Y156.128 E431.4349
G0 F7500 X104.087 Y156.128
G1 F1350 X110.732 Y149.483 E431.74746
G0 F7500 X111.298 Y149.483
G1 F1350 X104.653 Y156.128 E432.06002
G0 F7500 X105.218 Y156.128
G1 F1350 X111.864 Y149.483 E432.37261
G0 F7500 X112.43 Y149.482
G1 F1350 X105.784 Y156.128 E432.68522
G0 F7500 X106.35 Y156.128
G1 F1350 X112.996 Y149.482 E432.99782
G0 F7500 X113.561 Y149.482
G1 F1350 X106.915 Y156.128 E433.31043
G0 F7500 X107.481 Y156.128
G1 F1350 X114.127 Y149.482 E433.62304
G0 F7500 X114.693 Y149.482
G1 F1350 X108.047 Y156.128 E433.93565
G0 F7500 X108.612 Y156.128
G1 F1350 X115.259 Y149.482 E434.24828
G0 F7500 X115.825 Y149.482
G1 F1350 X109.178 Y156.128 E434.56091
G0 F7500 X109.744 Y156.128
G1 F1350 X116.39 Y149.482 E434.87352
G0 F7500 X116.957 Y149.481
G1 F1350 X110.309 Y156.128 E435.18619
G0 F7500 X110.875 Y156.128
G1 F1350 X117.523 Y149.481 E435.49887
G0 F7500 X118.088 Y149.481
G1 F1350 X111.441 Y156.128 E435.81153
G0 F7500 X112.006 Y156.128
G1 F1350 X118.655 Y149.48 E436.12425
G0 F7500 X119.22 Y149.48
G1 F1350 X112.572 Y156.128 E436.43695
G0 F7500 X113.138 Y156.128
G1 F1350 X119.786 Y149.48 E436.74965
G0 F7500 X120.352 Y149.48
G1 F1350 X113.703 Y156.128 E437.06238
G0 F7500 X114.269 Y156.128
G1 F1350 X120.918 Y149.48 E437.3751
G0 F7500 X121.484 Y149.48
G1 F1350 X114.835 Y156.128 E437.68783
G0 F7500 X115.401 Y156.128
G1 F1350 X122.049 Y149.48 E438.00053
G0 F7500 X122.615 Y149.48
G1 F1350 X115.966 Y156.128 E438.31326
G0 F7500 X116.532 Y156.128
G1 F1350 X123.182 Y149.479 E438.62603
G0 F7500 X123.747 Y149.479
G1 F1350 X117.098 Y156.128 E438.93878
G0 F7500 X117.663 Y156.128
G1 F1350 X124.313 Y149.479 E439.25155
G0 F7500 X124.93 Y149.428
G1 F1350 X118.229 Y156.128 E439.56672
G0 F7500 X118.795 Y156.128
G1 F1350 X127.717 Y147.206 E439.98638
G0 F7500 X127.717 Y146.641
G1 F1350 X125.737 Y148.62 E440.07949
G0 F7500 X125.779 Y148.012
G1 F1350 X127.717 Y146.075 E440.17063
G0 F7500 X127.717 Y145.509
G1 F1350 X125.779 Y147.447 E440.26178
G0 F7500 X125.779 Y146.881
G1 F1350 X127.717 Y144.943 E440.35294
G0 F7500 X127.717 Y144.378
G1 F1350 X125.78 Y146.315 E440.44405
G0 F7500 X125.78 Y145.749
G1 F1350 X127.717 Y143.812 E440.53516
G0 F7500 X127.718 Y143.246
G1 F1350 X125.78 Y145.183 E440.6263
G0 F7500 X125.781 Y144.617
G1 F1350 X127.718 Y142.68 E440.71741
G0 F7500 X127.718 Y142.114
G1 F1350 X125.781 Y144.051 E440.80852
G0 F7500 X125.781 Y143.485
G1 F1350 X127.718 Y141.549 E440.89961
G0 F7500 X127.718 Y140.983
G1 F1350 X125.782 Y142.919 E440.99067
G0 F7500 X125.782 Y142.353
G1 F1350 X127.718 Y140.417 E441.08173
G0 F7500 X127.718 Y139.852
G1 F1350 X125.782 Y141.788 E441.1728
G0 F7500 X125.782 Y141.221
G1 F1350 X127.718 Y139.286 E441.26384
G0 F7500 X127.718 Y138.72
G1 F1350 X125.782 Y140.656 E441.3549
G0 F7500 X125.782 Y140.09
G1 F1350 X127.718 Y138.154 E441.44596
G0 F7500 X127.718 Y137.588
G1 F1350 X125.782 Y139.524 E441.53703
G0 F7500 X125.783 Y138.958
G1 F1350 X127.718 Y137.022 E441.62807
G0 F7500 X127.718 Y136.457
G1 F1350 X125.783 Y138.392 E441.71908
G0 F7500 X125.783 Y137.826
G1 F1350 X127.718 Y135.891 E441.8101
G0 F7500 X127.718 Y135.325
G1 F1350 X125.784 Y137.26 E441.90109
G0 F7500 X125.784 Y136.694
G1 F1350 X127.718 Y134.76 E441.99206
G0 F7500 X127.718 Y134.194
G1 F1350 X125.784 Y136.129 E442.08305
G0 F7500 X125.784 Y135.562
G1 F1350 X127.928 Y133.418 E442.1839
G0 F7500 X128.266 Y133.081
G1 F1350 X134.009 Y127.338 E442.45403
G0 F7500 X134.574 Y127.338
G1 F1350 X128.992 Y132.921 E442.71662
G0 F7500 X129.558 Y132.921
G1 F1350 X135.14 Y127.338 E442.9792
G0 F7500 X135.706 Y127.338
G1 F1350 X130.124 Y132.92 E443.24176
G0 F7500 X130.69 Y132.92
G1 F1350 X136.271 Y127.338 E443.5043
G0 F7500 X136.837 Y127.338
G1 F1350 X131.256 Y132.919 E443.76681
G0 F7500 X131.822 Y132.919
G1 F1350 X137.403 Y127.338 E444.02933
G0 F7500 X137.969 Y127.338
G1 F1350 X132.388 Y132.918 E444.29181
G0 F7500 X132.954 Y132.918
G1 F1350 X138.534 Y127.338 E444.55428
G0 F7500 X139.145 Y127.293
G1 F1350 X133.519 Y132.918 E444.81889
G0 F7500 X134.086 Y132.918
G1 F1350 X139.929 Y127.074 E445.09375
G1 F2700 E440.09375
G0 F7500 X139.778 Y126.642
G0 X141.399 Y125.211
G0 X141.721 Y89.466
G0 X143.712 Y89.706
G0 X144.362 Y89.242
G0 X144.362 Y128.422
G0 X142.416 Y127.981
G0 X141.198 Y129.218
G0 X140.76 Y129.072
G1 F2700 E445.09375
G1 F1350 X136.916 Y132.916 E445.27456
G0 F7500 X137.482 Y132.916
G1 F1350 X140.67 Y129.728 E445.42451
G0 F7500 X140.762 Y130.201
G1 F1350 X138.048 Y132.916 E445.55219
G0 F7500 X138.614 Y132.915
G1 F1350 X140.904 Y130.625 E445.65991
G0 F7500 X141.118 Y130.977
G1 F1350 X139.18 Y132.915 E445.75107
G0 F7500 X139.746 Y132.914
G1 F1350 X141.39 Y131.27 E445.82839
G0 F7500 X141.705 Y131.521
G1 F1350 X140.312 Y132.914 E445.89392
G0 F7500 X140.878 Y132.914
G1 F1350 X142.077 Y131.715 E445.95031
G0 F7500 X142.507 Y131.85
G1 F1350 X141.444 Y132.913 E446.00031
G0 F7500 X142.01 Y132.913
G1 F1350 X143.034 Y131.889 E446.04848
G0 F7500 X143.748 Y131.74
G1 F1350 X142.576 Y132.913 E446.10363
G0 F7500 X143.142 Y132.913
G1 F1350 X143.988 Y132.066 E446.14345
G0 F7500 X143.988 Y132.632
G1 F1350 X143.579 Y133.041 E446.16269
G0 F7500 X143.923 Y133.263
G1 F1350 X143.988 Y133.198 E446.16574
G1 F2700 E441.16574
G0 F7500 X144.448 Y133.198
G0 X144.465 Y129.351
G0 X143.72 Y128.037
G0 X143.91 Y127.619
G1 F2700 E446.16574
G1 F1350 X143.988 Y127.541 E446.16941
G0 F7500 X143.505 Y127.458
G1 F1350 X143.988 Y126.975 E446.19213
G0 F7500 X143.988 Y126.409
G1 F1350 X143.007 Y127.39 E446.23827
G0 F7500 X142.35 Y127.481
G1 F1350 X143.988 Y125.844 E446.3153
G0 F7500 X143.988 Y125.278
G1 F1350 X136.35 Y132.916 E446.67456
G0 F7500 X135.784 Y132.917
G1 F1350 X143.988 Y124.712 E447.06048
G0 F7500 X143.988 Y124.147
G1 F1350 X135.218 Y132.917 E447.47299
G0 F7500 X134.652 Y132.918
G1 F1350 X143.988 Y123.581 E447.91215
G0 F7500 X143.988 Y123.015
G1 F1350 X141.834 Y125.169 E448.01347
G0 F7500 X142.044 Y124.394
G1 F1350 X143.988 Y122.45 E448.10491
G0 F7500 X143.988 Y121.884
G1 F1350 X142.091 Y123.781 E448.19414
G0 F7500 X142.091 Y123.215
G1 F1350 X143.988 Y121.318 E448.28337
G0 F7500 X143.988 Y120.753
G1 F1350 X142.091 Y122.65 E448.3726
G0 F7500 X142.091 Y122.084
G1 F1350 X143.988 Y120.187 E448.46183
G0 F7500 X143.988 Y119.621
G1 F1350 X142.091 Y121.518 E448.55106
G0 F7500 X142.092 Y120.952
G1 F1350 X143.988 Y119.056 E448.64024
G0 F7500 X143.988 Y118.49
G1 F1350 X142.092 Y120.386 E448.72942
G0 F7500 X142.092 Y119.821
G1 F1350 X143.988 Y117.924 E448.81863
G0 F7500 X143.988 Y117.359
G1 F1350 X142.092 Y119.255 E448.90781
G0 F7500 X142.092 Y118.689
G1 F1350 X143.988 Y116.793 E448.99699
G0 F7500 X143.988 Y116.227
G1 F1350 X142.092 Y118.123 E449.08617
G0 F7500 X142.092 Y117.557
G1 F1350 X143.988 Y115.661 E449.17535
G0 F7500 X143.988 Y115.096
G1 F1350 X142.092 Y116.992 E449.26454
G0 F7500 X142.092 Y116.426
G1 F1350 X143.988 Y114.53 E449.35372
G0 F7500 X143.988 Y113.964
G1 F1350 X142.093 Y115.859 E449.44285
G0 F7500 X142.093 Y115.294
G1 F1350 X143.988 Y113.399 E449.53199
G0 F7500 X143.988 Y112.833
G1 F1350 X142.093 Y114.728 E449.62112
G0 F7500 X142.093 Y114.162
G1 F1350 X143.988 Y112.267 E449.71026
G0 F7500 X143.988 Y111.702
G1 F1350 X142.093 Y113.597 E449.79939
G0 F7500 X142.094 Y113.03
G1 F1350 X143.988 Y111.136 E449.88848
G0 F7500 X143.988 Y110.57
G1 F1350 X142.094 Y112.465 E449.97759
G0 F7500 X142.094 Y111.899
G1 F1350 X143.988 Y110.005 E450.06668
G0 F7500 X143.988 Y109.439
G1 F1350 X142.094 Y111.333 E450.15577
G0 F7500 X142.095 Y110.767
G1 F1350 X143.988 Y108.873 E450.24483
G0 F7500 X143.988 Y108.308
G1 F1350 X142.095 Y110.201 E450.33387
G0 F7500 X142.095 Y109.635
G1 F1350 X143.988 Y107.742 E450.42291
G0 F7500 X143.988 Y107.176
G1 F1350 X142.095 Y109.07 E450.51198
G0 F7500 X142.095 Y108.504
G1 F1350 X143.988 Y106.61 E450.60104
G0 F7500 X143.988 Y106.045
G1 F1350 X142.095 Y107.938 E450.69008
G0 F7500 X142.095 Y107.372
G1 F1350 X143.988 Y105.479 E450.77913
G0 F7500 X143.988 Y104.913
G1 F1350 X142.095 Y106.806 E450.86817
G0 F7500 X142.095 Y106.241
G1 F1350 X143.988 Y104.348 E450.95721
G0 F7500 X143.988 Y103.782
G1 F1350 X142.096 Y105.674 E451.0462
G0 F7500 X142.096 Y105.109
G1 F1350 X143.988 Y103.216 E451.13522
G0 F7500 X143.988 Y102.651
G1 F1350 X142.096 Y104.543 E451.22421
G0 F7500 X142.096 Y103.977
G1 F1350 X143.988 Y102.085 E451.31321
G0 F7500 X143.988 Y101.519
G1 F1350 X142.096 Y103.412 E451.40222
G0 F7500 X142.097 Y102.845
G1 F1350 X143.988 Y100.954 E451.49117
G0 F7500 X143.988 Y100.388
G1 F1350 X142.097 Y102.279 E451.58012
G0 F7500 X142.097 Y101.714
G1 F1350 X143.988 Y99.822 E451.66909
G0 F7500 X143.988 Y99.257
G1 F1350 X142.097 Y101.148 E451.75803
G0 F7500 X142.097 Y100.582
G1 F1350 X143.988 Y98.691 E451.84698
G0 F7500 X143.988 Y98.125
G1 F1350 X142.097 Y100.016 E451.93593
G0 F7500 X142.097 Y99.45
G1 F1350 X143.988 Y97.56 E452.02485
G0 F7500 X143.988 Y96.994
G1 F1350 X142.097 Y98.885 E452.1138
G0 F7500 X142.097 Y98.319
G1 F1350 X143.988 Y96.428 E452.20275
G0 F7500 X143.988 Y95.862
G1 F1350 X142.098 Y97.753 E452.29167
G0 F7500 X142.098 Y97.187
G1 F1350 X143.988 Y95.297 E452.38057
G0 F7500 X143.988 Y94.731
G1 F1350 X142.098 Y96.621 E452.46947
G0 F7500 X142.098 Y96.056
G1 F1350 X143.988 Y94.165 E452.55839
G0 F7500 X143.988 Y93.6
G1 F1350 X142.098 Y95.49 E452.64729
G0 F7500 X142.099 Y94.923
G1 F1350 X143.988 Y93.034 E452.73614
G0 F7500 X143.988 Y92.468
G1 F1350 X142.099 Y94.358 E452.82502
G0 F7500 X142.099 Y93.792
G1 F1350 X143.988 Y91.903 E452.91387
G0 F7500 X143.988 Y91.337
G1 F1350 X142.099 Y93.226 E453.00273
G0 F7500 X142.099 Y92.66
G1 F1350 X143.988 Y90.771 E453.09158
G0 F7500 X143.988 Y90.206
G1 F1350 X142.099 Y92.094 E453.18041
G0 F7500 X142.099 Y91.529
G1 F1350 X143.394 Y90.234 E453.24132
G0 F7500 X142.799 Y90.264
G1 F1350 X142.099 Y90.963 E453.27422
G0 F7500 X142.099 Y90.397
G1 F1350 X142.324 Y90.173 E453.28478
G1 F2700 E448.28478
G0 F7500 X141.83 Y89.439
G0 X141.389 Y123.898
G0 X141.323 Y124.489
G0 X141.12 Y125.072
G0 X140.789 Y125.596
G0 X140.35 Y126.035
G0 X139.829 Y126.365
G0 X139.243 Y126.569
G0 X133.444 Y126.883
G0 X133.443 Y127.338
G1 F2700 E453.28478
G1 F1350 X125.784 Y134.997 E453.64504
G0 F7500 X125.784 Y134.431
G1 F1350 X132.877 Y127.338 E453.97867
G0 F7500 X132.312 Y127.338
G1 F1350 X125.763 Y133.886 E454.28669
G0 F7500 X125.603 Y133.481
G1 F1350 X131.746 Y127.338 E454.57564
G0 F7500 X131.18 Y127.338
G1 F1350 X125.341 Y133.177 E454.85029
G0 F7500 X124.973 Y132.98
G1 F1350 X130.615 Y127.338 E455.11567
G0 F7500 X130.049 Y127.338
G1 F1350 X124.474 Y132.913 E455.3779
G0 F7500 X123.908 Y132.913
G1 F1350 X129.483 Y127.338 E455.64013
G0 F7500 X128.918 Y127.338
G1 F1350 X123.342 Y132.913 E455.90239
G0 F7500 X122.776 Y132.913
G1 F1350 X128.352 Y127.338 E456.16464
G0 F7500 X127.786 Y127.338
G1 F1350 X122.21 Y132.914 E456.42692
G0 F7500 X121.644 Y132.914
G1 F1350 X127.221 Y127.338 E456.68922
G0 F7500 X126.655 Y127.338
G1 F1350 X121.078 Y132.915 E456.95155
G0 F7500 X120.512 Y132.915
G1 F1350 X126.089 Y127.338 E457.21387
G0 F7500 X125.523 Y127.338
G1 F1350 X119.946 Y132.916 E457.47622
G0 F7500 X119.38 Y132.916
G1 F1350 X124.958 Y127.338 E457.73859
G0 F7500 X124.392 Y127.338
G1 F1350 X118.814 Y132.916 E458.00096
G0 F7500 X118.248 Y132.916
G1 F1350 X123.826 Y127.338 E458.26334
G0 F7500 X123.261 Y127.338
G1 F1350 X117.682 Y132.917 E458.52576
G0 F7500 X117.116 Y132.917
G1 F1350 X122.695 Y127.338 E458.78817
G0 F7500 X122.129 Y127.338
G1 F1350 X116.55 Y132.918 E459.05062
G0 F7500 X115.984 Y132.918
G1 F1350 X121.564 Y127.338 E459.31308
G0 F7500 X120.998 Y127.338
G1 F1350 X115.418 Y132.918 E459.57555
G0 F7500 X114.852 Y132.918
G1 F1350 X120.432 Y127.338 E459.83802
G0 F7500 X119.867 Y127.338
G1 F1350 X114.285 Y132.919 E460.10055
G0 F7500 X113.72 Y132.919
G1 F1350 X119.301 Y127.338 E460.36307
G0 F7500 X118.735 Y127.338
G1 F1350 X113.153 Y132.92 E460.62563
G0 F7500 X112.588 Y132.92
G1 F1350 X118.17 Y127.338 E460.88819
G0 F7500 X117.604 Y127.338
G1 F1350 X112.021 Y132.921 E461.15079
G0 F7500 X111.456 Y132.921
G1 F1350 X117.038 Y127.338 E461.41338
G0 F7500 X116.473 Y127.338
G1 F1350 X110.889 Y132.921 E461.67601
G0 F7500 X110.324 Y132.921
G1 F1350 X115.907 Y127.338 E461.93861
G1 F2700 E456.93861
G0 F7500 X115.908 Y126.882
G0 X128.181 Y126.963
G0 X128.412 Y133.427
G0 X127.717 Y147.772
G1 F2700 E461.93861
G1 F1350 X119.36 Y156.128 E462.33168
G0 F7500 X119.926 Y156.128
G1 F1350 X127.717 Y148.338 E462.69812
G0 F7500 X127.83 Y148.79
G1 F1350 X120.492 Y156.128 E463.04328
G0 F7500 X121.057 Y156.128
G1 F1350 X128.049 Y149.137 E463.37214
G0 F7500 X128.384 Y149.368
G1 F1350 X121.623 Y156.128 E463.69013
G0 F7500 X122.189 Y156.128
G1 F1350 X128.833 Y149.484 E464.00264
G0 F7500 X129.399 Y149.484
G1 F1350 X122.754 Y156.128 E464.31518
G0 F7500 X123.32 Y156.128
G1 F1350 X129.965 Y149.484 E464.62772
G0 F7500 X130.53 Y149.484
G1 F1350 X123.886 Y156.128 E464.94023
G0 F7500 X124.452 Y156.128
G1 F1350 X131.096 Y149.484 E465.25274
G0 F7500 X131.662 Y149.484
G1 F1350 X125.017 Y156.128 E465.56528
G0 F7500 X125.583 Y156.128
G1 F1350 X132.228 Y149.484 E465.87782
G0 F7500 X132.793 Y149.484
G1 F1350 X126.149 Y156.128 E466.19033
G0 F7500 X126.714 Y156.128
G1 F1350 X133.359 Y149.484 E466.50287
G0 F7500 X133.925 Y149.484
G1 F1350 X127.28 Y156.128 E466.8154
G0 F7500 X127.846 Y156.128
G1 F1350 X134.49 Y149.484 E467.12792
G0 F7500 X135.056 Y149.484
G1 F1350 X128.411 Y156.128 E467.44045
G0 F7500 X128.977 Y156.128
G1 F1350 X135.622 Y149.484 E467.75299
G0 F7500 X136.187 Y149.484
G1 F1350 X129.543 Y156.128 E468.0655
G0 F7500 X130.108 Y156.128
G1 F1350 X136.753 Y149.484 E468.37804
G0 F7500 X137.319 Y149.484
G1 F1350 X130.674 Y156.128 E468.69058
G0 F7500 X131.24 Y156.128
G1 F1350 X137.884 Y149.484 E469.00309
G0 F7500 X138.45 Y149.484
G1 F1350 X131.805 Y156.128 E469.31563
G0 F7500 X132.371 Y156.128
G1 F1350 X139.016 Y149.484 E469.62817
G0 F7500 X139.581 Y149.484
G1 F1350 X132.937 Y156.128 E469.94068
G0 F7500 X133.502 Y156.128
G1 F1350 X140.147 Y149.484 E470.25322
G0 F7500 X140.713 Y149.484
G1 F1350 X134.068 Y156.128 E470.56575
G0 F7500 X134.634 Y156.128
G1 F1350 X141.279 Y149.484 E470.87829
G0 F7500 X141.844 Y149.484
G1 F1350 X135.2 Y156.128 E471.1908
G0 F7500 X135.765 Y156.128
G1 F1350 X142.41 Y149.484 E471.50334
G0 F7500 X142.976 Y149.484
G1 F1350 X136.331 Y156.128 E471.81588
G0 F7500 X136.897 Y156.128
G1 F1350 X143.792 Y149.233 E472.1402
G0 F7500 X143.988 Y149.603
G1 F1350 X137.462 Y156.128 E472.44714
G0 F7500 X138.028 Y156.128
G1 F1350 X143.988 Y150.168 E472.72748
G0 F7500 X143.988 Y150.734
G1 F1350 X138.594 Y156.128 E472.98119
G0 F7500 X139.159 Y156.128
G1 F1350 X143.988 Y151.3 E473.20831
G0 F7500 X143.988 Y151.865
G1 F1350 X139.725 Y156.128 E473.40883
G0 F7500 X140.291 Y156.128
G1 F1350 X143.988 Y152.431 E473.58273
G0 F7500 X143.988 Y152.997
G1 F1350 X140.856 Y156.128 E473.73002
G0 F7500 X141.422 Y156.128
G1 F1350 X143.988 Y153.562 E473.85072
G0 F7500 X143.988 Y154.128
G1 F1350 X141.988 Y156.128 E473.94479
G0 F7500 X142.553 Y156.128
G1 F1350 X143.988 Y154.694 E474.01227
G0 F7500 X143.952 Y155.295
G1 F1350 X143.156 Y156.092 E474.04973
G1 F2700 E469.04973
G0 F7500 X143.208 Y156.552
G0 X106.21 Y156.488
G0 X106.21 Y149.104
G0 X106.21 Y149.48
G1 F2700 E474.04973
G1 F1350 X99.561 Y156.128 E474.36246
G0 F7500 X98.996 Y156.128
G1 F1350 X105.645 Y149.48 E474.67518
G0 F7500 X105.079 Y149.48
G1 F1350 X98.43 Y156.128 E474.98791
G0 F7500 X97.864 Y156.128
G1 F1350 X104.513 Y149.48 E475.30063
G0 F7500 X103.948 Y149.48
G1 F1350 X97.299 Y156.128 E475.61336
G0 F7500 X96.733 Y156.128
G1 F1350 X103.381 Y149.48 E475.92606
G0 F7500 X102.815 Y149.48
G1 F1350 X96.167 Y156.128 E476.23876
G0 F7500 X95.602 Y156.128
G1 F1350 X102.25 Y149.48 E476.55146
G0 F7500 X101.684 Y149.48
G1 F1350 X95.036 Y156.128 E476.86416
G0 F7500 X94.47 Y156.128
G1 F1350 X101.118 Y149.481 E477.17684
G0 F7500 X100.552 Y149.481
G1 F1350 X94.216 Y155.817 E477.47487
G1 X94.158 Y155.875 E477.47759
G0 F7500 X94.291 Y155.176
G1 F1350 X99.986 Y149.481 E477.74547
G0 F7500 X99.421 Y149.481
G1 F1350 X94.262 Y154.64 E477.98813
G0 F7500 X94.135 Y154.201
G1 F1350 X98.854 Y149.482 E478.2101
G0 F7500 X98.289 Y149.482
G1 F1350 X93.926 Y153.844 E478.4153
G0 F7500 X93.697 Y153.507
G1 F1350 X97.723 Y149.482 E478.60465
G0 F7500 X97.157 Y149.482
G1 F1350 X93.373 Y153.266 E478.78263
G0 F7500 X93.021 Y153.053
G1 F1350 X96.591 Y149.482 E478.95058
G0 F7500 X96.025 Y149.482
G1 F1350 X92.612 Y152.896 E479.11114
G0 F7500 X92.111 Y152.831
G1 F1350 X95.459 Y149.482 E479.26864
G0 F7500 X94.894 Y149.482
G1 F1350 X91.45 Y152.926 E479.43064
G0 F7500 X91.009 Y152.802
G1 F1350 X94.328 Y149.482 E479.58678
G0 F7500 X93.762 Y149.483
G1 F1350 X91.009 Y152.236 E479.71627
G0 F7500 X91.009 Y151.67
G1 F1350 X93.196 Y149.483 E479.81914
G0 F7500 X92.63 Y149.483
G1 F1350 X91.009 Y151.104 E479.89539
G0 F7500 X91.009 Y150.539
G1 F1350 X92.065 Y149.483 E479.94506
G0 F7500 X91.554 Y149.428
G1 F1350 X91.009 Y149.973 E479.97069
G0 F7500 X91.009 Y149.407
G1 F1350 X91.191 Y149.225 E479.97925
G1 F2700 E474.97925
G0 F7500 X91.472 Y148.866
G0 X91.095 Y134.079
G0 X90.629 Y134.077
G0 X91.009 Y133.003
G1 F2700 E479.97925
G1 F1350 X92.118 Y131.893 E480.03144
G0 F7500 X91.597 Y131.849
G1 F1350 X91.009 Y132.437 E480.0591
G0 F7500 X91.009 Y131.871
G1 F1350 X91.174 Y131.706 E480.06686
G1 F2700 E475.06686
G0 F7500 X91.32 Y131.272
G0 X92.319 Y131.182
G0 X92.8 Y131.016
G0 X93.17 Y130.739
G0 X93.471 Y130.295
G0 X93.846 Y129.139
G0 X92.591 Y127.856
G0 X90.633 Y128.421
G0 X90.632 Y89.243
G0 X92.375 Y89.862
G0 X93.277 Y89.442
G0 X93.596 Y125.206
G0 X95.678 Y126.868
G0 X138.652 Y126.635
G0 X139.243 Y126.569
G0 X139.829 Y126.365
G0 X140.35 Y126.035
G0 X140.789 Y125.596
G0 X141.12 Y125.072
G0 X141.323 Y124.489
G0 X141.389 Y123.898
G0 X141.413 Y87.748
G0 X141.726 Y87.056
G0 X142.032 Y86.762
G0 X142.338 Y86.59
G0 X142.865 Y86.466
G0 X144.202 Y86.653
G0 X144.448 Y86.396
G0 X144.188 Y86.396
G1 F2700 E480.06686
G1 F1350 X143.977 Y86.245 E480.07549
G1 X143.516 Y86.029 E480.09242
G1 X142.833 Y85.945 E480.11531
G1 X142.157 Y86.105 E480.13842
G1 X141.9 Y86.255 E480.14831
G1 X141.899 Y83.898 E480.22671
G1 X141.814 Y83.166 E480.25122
G1 X141.57 Y82.481 E480.2754
G1 X141.198 Y81.889 E480.29866
G1 X140.686 Y81.37 E480.32291
G1 X140.066 Y80.978 E480.3473
G1 X139.374 Y80.731 E480.37174
G1 X138.641 Y80.649 E480.39627
G1 X96.26 Y80.653 E481.80587
G1 X95.641 Y80.726 E481.8266
G1 X94.926 Y80.978 E481.85182
G1 X94.306 Y81.37 E481.87621
G1 X93.822 Y81.854 E481.89898
G1 X93.426 Y82.477 E481.92353
G1 X93.179 Y83.169 E481.94797
G1 X93.105 Y83.818 E481.9697
G1 X93.096 Y86.238 E482.05019
G1 X92.645 Y86.033 E482.06666
G1 X91.953 Y85.94 E482.08989
G1 X91.245 Y86.113 E482.11413
G1 X90.808 Y86.391 E482.13135
G1 X90.808 Y79.979 E482.34462
G1 X90.845 Y79.645 E482.35579
G1 X90.937 Y79.381 E482.36509
G1 X91.085 Y79.151 E482.37419
G1 X91.291 Y78.945 E482.38388
G1 X91.521 Y78.798 E482.39296
G1 X91.785 Y78.705 E482.40227
G1 X92.116 Y78.668 E482.41335
G1 X142.877 Y78.668 E484.10166
G1 X143.206 Y78.705 E484.11267
G1 X143.472 Y78.802 E484.12209
G1 X143.711 Y78.947 E484.13139
G1 X143.906 Y79.142 E484.14056
G1 X144.058 Y79.384 E484.15007
G1 X144.148 Y79.641 E484.15912
G1 X144.188 Y79.98 E484.17048
G1 X144.188 Y86.396 E484.38387
G0 F7500 X143.806 Y85.863
G1 F1350 X143.988 Y85.68 E484.39246
G0 F7500 X143.988 Y85.114
G1 F1350 X143.302 Y85.801 E484.42475
G0 F7500 X142.787 Y85.749
G1 F1350 X143.988 Y84.549 E484.48122
G0 F7500 X143.988 Y83.983
G1 F1350 X142.1 Y85.871 E484.57002
G0 F7500 X142.1 Y85.305
G1 F1350 X143.988 Y83.417 E484.65883
G0 F7500 X143.988 Y82.852
G1 F1350 X142.099 Y84.74 E484.74766
G0 F7500 X142.099 Y84.175
G1 F1350 X143.988 Y82.286 E484.83651
G0 F7500 X143.988 Y81.72
G1 F1350 X142.072 Y83.637 E484.92666
G0 F7500 X142.014 Y83.129
G1 F1350 X143.988 Y81.155 E485.01951
G0 F7500 X143.988 Y80.589
G1 F1350 X141.868 Y82.71 E485.11925
G0 F7500 X141.7 Y82.311
G1 F1350 X143.988 Y80.023 E485.22687
G0 F7500 X143.902 Y79.544
G1 F1350 X141.481 Y81.964 E485.34072
G0 F7500 X141.239 Y81.641
G1 F1350 X143.681 Y79.199 E485.45559
G0 F7500 X143.332 Y78.982
G1 F1350 X140.956 Y81.358 E485.56735
G0 F7500 X140.645 Y81.104
G1 F1350 X142.879 Y78.869 E485.67245
G0 F7500 X142.315 Y78.868
G1 F1350 X140.297 Y80.886 E485.76737
G0 F7500 X139.91 Y80.707
G1 F1350 X141.749 Y78.868 E485.85387
G0 F7500 X141.184 Y78.868
G1 F1350 X139.491 Y80.561 E485.93351
G0 F7500 X139 Y80.486
G1 F1350 X140.618 Y78.868 E486.00961
G0 F7500 X140.052 Y78.868
G1 F1350 X138.47 Y80.45 E486.08402
G0 F7500 X137.904 Y80.45
G1 F1350 X139.487 Y78.868 E486.15846
G0 F7500 X138.921 Y78.868
G1 F1350 X137.339 Y80.45 E486.23287
G0 F7500 X136.773 Y80.45
G1 F1350 X138.355 Y78.868 E486.30728
G0 F7500 X137.79 Y78.868
G1 F1350 X136.207 Y80.45 E486.38172
G0 F7500 X135.641 Y80.45
G1 F1350 X137.224 Y78.868 E486.45616
G0 F7500 X136.658 Y78.868
G1 F1350 X135.076 Y80.45 E486.53057
G0 F7500 X134.51 Y80.45
G1 F1350 X136.093 Y78.868 E486.605
G0 F7500 X135.527 Y78.868
G1 F1350 X133.944 Y80.45 E486.67944
G0 F7500 X133.379 Y80.45
G1 F1350 X134.961 Y78.868 E486.75385
G0 F7500 X134.396 Y78.868
G1 F1350 X132.813 Y80.45 E486.82829
G0 F7500 X132.247 Y80.45
G1 F1350 X133.83 Y78.868 E486.90273
G0 F7500 X133.264 Y78.868
G1 F1350 X131.682 Y80.45 E486.97714
G0 F7500 X131.115 Y80.451
G1 F1350 X132.698 Y78.868 E487.0516
G0 F7500 X132.133 Y78.868
G1 F1350 X130.55 Y80.451 E487.12606
G0 F7500 X129.984 Y80.451
G1 F1350 X131.567 Y78.868 E487.20052
G0 F7500 X131.001 Y78.868
G1 F1350 X129.418 Y80.451 E487.27498
G0 F7500 X128.853 Y80.451
G1 F1350 X130.436 Y78.868 E487.34943
G0 F7500 X129.87 Y78.868
G1 F1350 X128.287 Y80.451 E487.42389
G0 F7500 X127.721 Y80.451
G1 F1350 X129.304 Y78.868 E487.49835
G0 F7500 X128.739 Y78.868
G1 F1350 X127.155 Y80.451 E487.57284
G0 F7500 X126.59 Y80.451
G1 F1350 X128.173 Y78.868 E487.6473
G0 F7500 X127.607 Y78.868
G1 F1350 X126.024 Y80.451 E487.72176
G0 F7500 X125.458 Y80.451
G1 F1350 X127.042 Y78.868 E487.79624
G0 F7500 X126.476 Y78.868
G1 F1350 X124.893 Y80.451 E487.8707
G0 F7500 X124.326 Y80.452
G1 F1350 X125.91 Y78.868 E487.9452
G0 F7500 X125.345 Y78.868
G1 F1350 X123.761 Y80.452 E488.01971
G0 F7500 X123.195 Y80.452
G1 F1350 X124.779 Y78.868 E488.09422
G0 F7500 X124.213 Y78.868
G1 F1350 X122.629 Y80.452 E488.16872
G0 F7500 X122.064 Y80.452
G1 F1350 X123.648 Y78.868 E488.24323
G0 F7500 X123.082 Y78.868
G1 F1350 X121.498 Y80.452 E488.31774
G0 F7500 X120.932 Y80.452
G1 F1350 X122.516 Y78.868 E488.39224
G0 F7500 X121.95 Y78.868
G1 F1350 X120.367 Y80.452 E488.46673
G0 F7500 X119.801 Y80.452
G1 F1350 X121.385 Y78.868 E488.54123
G0 F7500 X120.819 Y78.868
G1 F1350 X119.235 Y80.452 E488.61574
G0 F7500 X118.669 Y80.452
G1 F1350 X120.253 Y78.868 E488.69025
G0 F7500 X119.688 Y78.868
G1 F1350 X118.104 Y80.452 E488.76475
G0 F7500 X117.538 Y80.452
G1 F1350 X119.122 Y78.868 E488.83926
G0 F7500 X118.556 Y78.868
G1 F1350 X116.972 Y80.452 E488.91377
G0 F7500 X116.406 Y80.452
G1 F1350 X117.991 Y78.868 E488.9883
G0 F7500 X117.425 Y78.868
G1 F1350 X115.84 Y80.452 E489.06283
G0 F7500 X115.275 Y80.452
G1 F1350 X116.859 Y78.868 E489.13733
G0 F7500 X116.294 Y78.868
G1 F1350 X114.709 Y80.452 E489.21186
G0 F7500 X114.143 Y80.452
G1 F1350 X115.728 Y78.868 E489.28639
G0 F7500 X115.162 Y78.868
G1 F1350 X113.578 Y80.452 E489.3609
G0 F7500 X113.012 Y80.452
G1 F1350 X114.597 Y78.868 E489.43543
G0 F7500 X114.031 Y78.868
G1 F1350 X112.446 Y80.452 E489.50996
G0 F7500 X111.881 Y80.452
G1 F1350 X113.465 Y78.868 E489.58447
G0 F7500 X112.899 Y78.868
G1 F1350 X111.315 Y80.452 E489.65897
G0 F7500 X110.749 Y80.452
G1 F1350 X112.334 Y78.868 E489.7335
G0 F7500 X111.768 Y78.868
G1 F1350 X110.183 Y80.453 E489.80806
G0 F7500 X109.617 Y80.453
G1 F1350 X111.202 Y78.868 E489.88261
G0 F7500 X110.637 Y78.868
G1 F1350 X109.051 Y80.453 E489.95719
G0 F7500 X108.486 Y80.453
G1 F1350 X110.071 Y78.868 E490.03174
G0 F7500 X109.505 Y78.868
G1 F1350 X107.92 Y80.453 E490.10629
G0 F7500 X107.354 Y80.453
G1 F1350 X108.94 Y78.868 E490.18087
G0 F7500 X108.374 Y78.868
G1 F1350 X106.789 Y80.453 E490.25542
G0 F7500 X106.223 Y80.453
G1 F1350 X107.808 Y78.868 E490.32998
G0 F7500 X107.243 Y78.868
G1 F1350 X105.657 Y80.453 E490.40455
G0 F7500 X105.092 Y80.453
G1 F1350 X106.677 Y78.868 E490.47911
G0 F7500 X106.111 Y78.868
G1 F1350 X104.526 Y80.453 E490.55366
G0 F7500 X103.96 Y80.453
G1 F1350 X105.546 Y78.868 E490.62824
G0 F7500 X104.98 Y78.868
G1 F1350 X103.395 Y80.453 E490.70279
G0 F7500 X102.828 Y80.454
G1 F1350 X104.414 Y78.868 E490.77739
G0 F7500 X103.849 Y78.868
G1 F1350 X102.262 Y80.454 E490.85202
G0 F7500 X101.697 Y80.454
G1 F1350 X103.283 Y78.868 E490.92662
G0 F7500 X102.717 Y78.868
G1 F1350 X101.131 Y80.454 E491.00122
G0 F7500 X100.565 Y80.454
G1 F1350 X102.151 Y78.868 E491.07582
G0 F7500 X101.586 Y78.868
G1 F1350 X100 Y80.454 E491.15042
G0 F7500 X99.434 Y80.454
G1 F1350 X101.02 Y78.868 E491.22502
G0 F7500 X100.454 Y78.868
G1 F1350 X98.868 Y80.454 E491.29962
G0 F7500 X98.303 Y80.454
G1 F1350 X99.889 Y78.868 E491.37422
G0 F7500 X99.323 Y78.868
G1 F1350 X97.737 Y80.454 E491.44882
G0 F7500 X97.171 Y80.454
G1 F1350 X98.757 Y78.868 E491.52342
G0 F7500 X98.192 Y78.868
G1 F1350 X96.606 Y80.454 E491.59802
G0 F7500 X96.013 Y80.481
G1 F1350 X97.626 Y78.868 E491.67389
G0 F7500 X97.06 Y78.868
G1 F1350 X95.291 Y80.637 E491.7571
G1 F2700 E486.7571
G0 F7500 X95.44 Y81.072
G0 X93.597 Y82.585
G0 X93.278 Y86.589
G0 X91.324 Y86.299
G0 X90.633 Y86.793
G0 X90.609 Y79.967
G0 X90.757 Y79.298
G0 X91.162 Y78.791
G0 X91.741 Y78.511
G0 X95.363 Y78.408
G0 X95.363 Y78.868
G1 F2700 E491.7571
G1 F1350 X91.008 Y83.223 E491.96195
G0 F7500 X91.008 Y83.789
G1 F1350 X95.929 Y78.868 E492.19342
G0 F7500 X96.495 Y78.868
G1 F1350 X91.008 Y84.354 E492.45148
G0 F7500 X91.008 Y84.92
G1 F1350 X93.079 Y82.85 E492.54887
G0 F7500 X92.931 Y83.563
G1 F1350 X91.008 Y85.486 E492.63933
G0 F7500 X91.121 Y85.938
G1 F1350 X92.905 Y84.155 E492.72322
G0 F7500 X92.903 Y84.723
G1 F1350 X91.87 Y85.755 E492.77178
G0 F7500 X92.391 Y85.8
G1 F1350 X92.901 Y85.29 E492.79577
G1 F2700 E487.79577
G0 F7500 X93.361 Y85.291
G0 X93.278 Y86.589
G0 X91.348 Y86.355
G0 X91.121 Y85.939
G1 F2700 E492.79577
G1 F1350 X91.058 Y86.001 E492.79871
G1 F2700 E487.79871
G0 F7500 X91.302 Y86.385
G0 X90.633 Y86.793
G0 X90.548 Y82.657
G0 X91.008 Y82.657
G1 F2700 E492.79871
G1 F1350 X94.798 Y78.868 E492.97696
G0 F7500 X94.232 Y78.868
G1 F1350 X91.008 Y82.092 E493.1286
G0 F7500 X91.008 Y81.526
G1 F1350 X93.666 Y78.868 E493.25363
G0 F7500 X93.101 Y78.868
G1 F1350 X91.008 Y80.96 E493.35205
G0 F7500 X91.008 Y80.395
G1 F1350 X92.535 Y78.868 E493.42388
G0 F7500 X91.949 Y78.888
G1 F1350 X91.029 Y79.808 E493.46715
G1 F2700 E488.46715
;MESH:NONMESH
G0 F300 Z0.6
G0 F7500 X90.572 Y79.756
G0 X90.671 Y78.812
G0 X89.897 Y78.039
G0 X82.691 Y71.654
;TIME_ELAPSED:850.192001
;LAYER:2
M106 S170
;TYPE:SKIRT
G1 F2700 E493.46715
G1 F1200 X83.03 Y71.292 E493.48365
G1 X83.518 Y70.808 E493.50651
G1 X84.193 Y70.208 E493.53655
G1 X84.788 Y69.761 E493.5613
G1 X85.14 Y69.522 E493.57545
G1 X85.736 Y69.149 E493.59883
G1 X86.066 Y68.956 E493.61155
G1 X86.872 Y68.548 E493.6416
G1 X87.592 Y68.256 E493.66744
G1 X88.303 Y68.009 E493.69247
G1 X89.084 Y67.781 E493.71953
G1 X89.99 Y67.597 E493.75028
G1 X90.365 Y67.544 E493.76288
G1 X91.039 Y67.471 E493.78543
G1 X91.626 Y67.429 E493.805
G1 X92.719 Y67.41 E493.84136
G1 X142.231 Y67.41 E495.48813
G1 X143.075 Y67.421 E495.51621
G1 X143.767 Y67.454 E495.53925
G1 X144.738 Y67.56 E495.57174
G1 X145.132 Y67.618 E495.58498
G1 X146.407 Y67.915 E495.62853
G1 X146.887 Y68.07 E495.6453
G1 X147.452 Y68.274 E495.66528
G1 X148.285 Y68.622 E495.69531
G1 X149.035 Y69.014 E495.72346
G1 X149.415 Y69.241 E495.73818
G1 X149.955 Y69.587 E495.75951
G1 X150.688 Y70.114 E495.78954
G1 X151.175 Y70.524 E495.81071
G1 X151.532 Y70.855 E495.8269
G1 X152.033 Y71.358 E495.85051
G1 X152.635 Y72.032 E495.88057
G1 X153.138 Y72.704 E495.90849
G1 X153.386 Y73.074 E495.9233
G1 X153.711 Y73.596 E495.94376
G1 X153.904 Y73.926 E495.95647
G1 X154.312 Y74.732 E495.98652
G1 X154.604 Y75.452 E496.01236
G1 X154.766 Y75.908 E496.02846
G1 X154.954 Y76.487 E496.0487
G1 X155.175 Y77.363 E496.07875
G1 X155.264 Y77.859 E496.09551
G1 X155.33 Y78.341 E496.11169
G1 X155.39 Y78.911 E496.13076
G1 X155.44 Y79.793 E496.16014
G1 X155.45 Y80.615 E496.18748
G1 X155.449 Y154.493 E498.64467
G1 X155.439 Y155.21 E498.66852
G1 X155.408 Y155.871 E498.69053
G1 X155.371 Y156.289 E498.70449
G1 X155.297 Y156.9 E498.72496
G1 X155.181 Y157.602 E498.74862
G1 X154.856 Y158.828 E498.79081
G1 X154.586 Y159.595 E498.81785
G1 X154.237 Y160.428 E498.84789
G1 X153.846 Y161.175 E498.87594
G1 X153.619 Y161.555 E498.89066
G1 X153.273 Y162.095 E498.91199
G1 X152.746 Y162.828 E498.94202
G1 X152.29 Y163.367 E498.9655
G1 X152.006 Y163.671 E498.97934
G1 X151.389 Y164.284 E499.00826
G1 X150.665 Y164.905 E499.03999
G1 X150.169 Y165.264 E499.06035
G1 X149.777 Y165.532 E499.07615
G1 X149.072 Y165.965 E499.10366
G1 X148.273 Y166.385 E499.13369
G1 X147.408 Y166.744 E499.16484
G1 X146.697 Y166.991 E499.18987
G1 X145.916 Y167.219 E499.21693
G1 X145.01 Y167.403 E499.24768
G1 X144.635 Y167.456 E499.26028
G1 X143.961 Y167.529 E499.28283
G1 X143.374 Y167.571 E499.3024
G1 X142.281 Y167.59 E499.33876
G1 X92.623 Y167.589 E500.99039
G1 X91.925 Y167.579 E501.01361
G1 X91.233 Y167.546 E501.03665
G1 X90.262 Y167.44 E501.06914
G1 X89.868 Y167.382 E501.08238
G1 X88.593 Y167.085 E501.12593
G1 X88.113 Y166.93 E501.1427
G1 X87.548 Y166.726 E501.16268
G1 X86.715 Y166.378 E501.19271
G1 X85.965 Y165.986 E501.22085
G1 X85.585 Y165.759 E501.23558
G1 X85.045 Y165.413 E501.25691
G1 X84.312 Y164.886 E501.28693
G1 X83.794 Y164.449 E501.30947
G1 X83.432 Y164.11 E501.32597
G1 X82.854 Y163.527 E501.35328
G1 X82.235 Y162.805 E501.38491
G1 X81.893 Y162.307 E501.405
G1 X81.877 Y162.318 E501.40565
G1 X81.6 Y161.905 E501.42219
G1 X81.289 Y161.404 E501.4418
G1 X80.959 Y160.821 E501.46408
G1 X80.574 Y160.004 E501.49412
G1 X80.397 Y159.549 E501.51036
G1 X80.149 Y158.837 E501.53543
G1 X79.921 Y158.056 E501.56249
G1 X79.721 Y157.043 E501.59684
G1 X79.608 Y156.076 E501.62922
G1 X79.56 Y155.201 E501.65837
G1 X79.55 Y154.351 E501.68664
G1 X79.551 Y80.484 E504.14346
G1 X79.561 Y79.786 E504.16668
G1 X79.592 Y79.129 E504.18856
G1 X79.635 Y78.662 E504.20416
G1 X79.7 Y78.118 E504.22238
G1 X79.818 Y77.402 E504.24651
G1 X80.062 Y76.432 E504.27978
G1 X80.217 Y75.956 E504.29643
G1 X80.414 Y75.405 E504.31589
G1 X80.763 Y74.572 E504.34593
G1 X81.162 Y73.811 E504.37451
G1 X81.389 Y73.432 E504.38921
G1 X81.727 Y72.905 E504.41003
G1 X82.254 Y72.172 E504.44006
G1 X82.691 Y71.654 E504.4626
G1 F2700 E499.4626
;MESH:Touch_pad_protector.stl
G0 F9000 X89.093 Y79.821
G0 X90.42 Y87.699
;TYPE:WALL-INNER
G1 F2700 E504.4626
G1 F1136.4 X90.404 Y88.02 E504.47671
G1 F1129.9 X90.423 Y88.376 E504.49245
G1 F2700 E499.49245
G0 F9000 X90.42 Y129.327
G1 F2700 E504.49245
G1 F1136.4 X90.404 Y129.648 E504.50656
G1 F1129.9 X90.423 Y130.008 E504.52248
G1 F2700 E499.52248
G0 F9000 X90.548 Y148.824
G0 X91.973 Y149.005
G0 X106.093 Y148.824
G1 F2700 E504.52248
G1 F1500 X91.972 Y148.824 E504.99214
G1 X91.74 Y148.778 E505.00001
G1 X91.491 Y148.584 E505.01051
G1 X91.372 Y148.307 E505.02054
G1 X91.372 Y134.172 E505.49067
G1 X91.534 Y133.761 E505.50536
G1 X91.856 Y133.574 E505.51775
G1 X106.099 Y133.572 E505.99147
G1 X106.335 Y133.658 E505.99982
G1 X106.487 Y133.789 E506.0065
G1 X106.624 Y134.052 E506.01636
G1 X106.622 Y148.277 E506.48949
G1 X106.595 Y148.409 E506.49397
G1 X106.455 Y148.642 E506.50301
G1 X106.3 Y148.758 E506.50945
G1 X106.093 Y148.824 E506.51667
G1 F2700 E501.51667
G0 F9000 X106.68 Y148.649
G0 X109.693 Y148.291
G0 X117.5 Y148.824
G1 F2700 E506.51667
G1 F1500 X110.392 Y148.824 E506.75309
G1 X110.196 Y148.758 E506.75997
G1 X110.041 Y148.642 E506.76641
G1 X109.901 Y148.409 E506.77545
G1 X109.874 Y148.277 E506.77993
G1 X109.872 Y134.052 E507.25305
G1 X110.009 Y133.789 E507.26292
G1 X110.161 Y133.658 E507.26959
G1 X110.397 Y133.572 E507.27794
G1 X124.599 Y133.572 E507.7503
G1 X124.835 Y133.658 E507.75866
G1 X124.987 Y133.789 E507.76533
G1 X125.124 Y134.052 E507.7752
G1 X125.122 Y148.277 E508.24832
G1 X125.095 Y148.409 E508.2528
G1 X124.955 Y148.642 E508.26184
G1 X124.8 Y148.758 E508.26828
G1 X124.593 Y148.824 E508.27551
G1 X117.5 Y148.824 E508.51142
G1 F2700 E503.51142
G0 F9000 X117.5 Y156.588
G0 X117.5 Y156.788
G1 F2700 E508.51142
G1 F1500 X142.903 Y156.788 E509.35633
G1 X143.318 Y156.742 E509.37022
G1 X143.675 Y156.617 E509.3828
G1 X143.994 Y156.413 E509.39539
G1 X144.273 Y156.133 E509.40854
G1 X144.476 Y155.815 E509.42109
G1 X144.602 Y155.458 E509.43368
G1 X144.648 Y155.043 E509.44757
G1 F1492.5 X144.646 Y142.709 E509.85985
G1 F1470.6 X144.643 Y130.375 E510.27828
G1 F1357.5 X144.576 Y130.022 E510.29149
G1 F1315.8 X144.237 Y130.591 E510.3166
G1 F1435.4 X143.908 Y130.921 E510.3328
G1 F1500 X143.517 Y131.15 E510.34787
G1 X143.107 Y131.239 E510.36182
G1 X142.742 Y131.24 E510.37396
G1 X142.443 Y131.168 E510.38419
G1 X142.091 Y131.005 E510.39709
G1 X141.789 Y130.761 E510.41001
G1 X141.555 Y130.45 E510.42295
G1 X141.378 Y130.04 E510.43781
G1 X141.34 Y129.621 E510.4518
G1 X141.387 Y129.252 E510.46417
G1 X141.516 Y128.901 E510.47661
G1 X141.742 Y128.582 E510.48961
G1 X142.023 Y128.327 E510.50223
G1 X142.382 Y128.15 E510.51555
G1 X142.679 Y128.071 E510.52577
G1 X143.138 Y128.053 E510.54104
G1 X143.569 Y128.181 E510.556
G1 X143.908 Y128.375 E510.56899
G1 F1435.4 X144.236 Y128.696 E510.58494
G1 F1321.6 X144.58 Y129.304 E510.61131
G1 F1376.1 X144.648 Y128.921 E510.62541
G1 F1492.5 X144.646 Y115.528 E511.07309
G1 F1481.5 X144.645 Y102.135 E511.52412
G1 F1470.6 X144.643 Y88.742 E511.97848
G1 F1357.5 X144.576 Y88.39 E511.99165
G1 F1315.8 X144.226 Y88.98 E512.01766
G1 F1435.4 X143.908 Y89.289 E512.03307
G1 F1500 X143.577 Y89.483 E512.04583
G1 X143.149 Y89.612 E512.0607
G1 X142.816 Y89.612 E512.07177
G1 X142.433 Y89.534 E512.08477
G1 X142.023 Y89.341 E512.09985
G1 X141.694 Y89.023 E512.11506
G1 X141.539 Y88.788 E512.12443
G1 X141.537 Y123.942 E513.29365
G1 X141.468 Y124.524 E513.31315
G1 X141.252 Y125.142 E513.33492
G1 X140.901 Y125.697 E513.35676
G1 X140.444 Y126.148 E513.37812
G1 X139.882 Y126.502 E513.40021
G1 X139.275 Y126.717 E513.42163
G1 X138.667 Y126.783 E513.44197
G1 X96.329 Y126.783 E514.85014
G1 X95.729 Y126.714 E514.87022
G1 X95.114 Y126.502 E514.89186
G1 X94.552 Y126.149 E514.91393
G1 X94.102 Y125.7 E514.93508
G1 X93.744 Y125.14 E514.95718
G1 X93.528 Y124.522 E514.97896
G1 X93.463 Y123.938 E514.9985
G1 X93.46 Y88.782 E516.16779
G1 X93.302 Y89.023 E516.17738
G1 X93.028 Y89.289 E516.19008
G1 X92.696 Y89.483 E516.20287
G1 X92.269 Y89.612 E516.21771
G1 X91.927 Y89.612 E516.22908
G1 X91.553 Y89.534 E516.24179
G1 X91.211 Y89.373 E516.25436
G1 X90.909 Y89.129 E516.26727
G1 X90.679 Y88.827 E516.2799
G1 F1369.9 X90.42 Y88.39 E516.2984
G1 F1357.5 X90.353 Y88.742 E516.31157
G1 F1470.6 X90.351 Y102.135 E516.76593
G1 F1481.5 X90.35 Y115.528 E517.21695
G1 F1492.5 X90.348 Y128.921 E517.66463
G1 F1376.1 X90.416 Y129.304 E517.67873
G1 F1321.6 X90.761 Y128.694 E517.70519
G1 F1435.4 X91.143 Y128.322 E517.72372
G1 F1500 X91.553 Y128.135 E517.73871
G1 X91.936 Y128.056 E517.75172
G1 X92.26 Y128.056 E517.76249
G1 X92.617 Y128.15 E517.77477
G1 X92.973 Y128.327 E517.788
G1 X93.269 Y128.588 E517.80112
G1 X93.502 Y128.96 E517.81572
G1 X93.609 Y129.253 E517.8261
G1 X93.656 Y129.621 E517.83843
G1 X93.618 Y130.04 E517.85243
G1 X93.441 Y130.45 E517.86728
G1 X93.207 Y130.761 E517.88023
G1 X92.909 Y131.003 E517.89299
G1 X92.555 Y131.168 E517.90598
G1 X92.243 Y131.24 E517.91663
G1 X91.889 Y131.238 E517.92841
G1 X91.563 Y131.168 E517.9395
G1 X91.211 Y131.005 E517.9524
G1 F1467 X90.818 Y130.687 E517.96959
G1 F1345.3 X90.42 Y130.022 E517.99833
G1 F1357.5 X90.353 Y130.375 E518.01154
G1 F1470.6 X90.35 Y142.368 E518.41841
G1 F1492.5 X90.348 Y154.361 E518.81929
G1 F1376.1 X90.416 Y154.744 E518.83339
G1 F1321.6 X90.761 Y154.134 E518.85985
G1 F1435.4 X91.143 Y153.762 E518.87838
G1 F1500 X91.553 Y153.575 E518.89337
G1 X91.936 Y153.496 E518.90637
G1 X92.288 Y153.505 E518.91809
G1 X92.564 Y153.574 E518.92755
G1 X92.901 Y153.729 E518.93988
G1 X93.263 Y154.02 E518.95533
G1 X93.495 Y154.385 E518.96972
G1 X93.62 Y154.71 E518.9813
G1 X93.653 Y155.152 E518.99604
G1 X93.589 Y155.547 E519.00935
G1 X93.441 Y155.89 E519.02178
G1 X93.207 Y156.201 E519.03472
G1 X92.909 Y156.443 E519.04749
G1 F1438.8 X92.559 Y156.625 E519.06117
G1 F1257.9 X92.293 Y156.73 E519.07251
G1 F1304.3 X92.754 Y156.788 E519.09028
G1 F1500 X117.5 Y156.788 E519.91334
G1 F2700 E514.91334
G0 F9000 X128.892 Y156.588
G0 X128.892 Y149.004
G0 X128.892 Y148.824
G1 F2700 E519.91334
G1 F1500 X128.696 Y148.758 E519.92021
G1 X128.541 Y148.642 E519.92665
G1 X128.401 Y148.409 E519.9357
G1 X128.374 Y148.277 E519.94018
G1 X128.372 Y134.052 E520.4133
G1 X128.509 Y133.789 E520.42316
G1 X128.661 Y133.658 E520.42984
G1 X128.897 Y133.572 E520.43819
G1 X143.139 Y133.574 E520.91188
G1 X143.462 Y133.76 E520.92428
G1 X143.624 Y134.172 E520.93901
G1 X143.624 Y148.31 E521.40924
G1 X143.505 Y148.584 E521.41917
G1 X143.256 Y148.779 E521.42969
G1 X143.024 Y148.824 E521.43755
G1 X128.892 Y148.824 E521.90758
G1 F2700 E516.90758
G0 F9000 X128.537 Y148.663
G0 X128.537 Y133.737
G0 X143.171 Y133.394
G0 X144.448 Y133.394
G0 X144.573 Y130.008
G1 F2700 E521.90758
G1 F1129.9 X144.592 Y129.648 E521.9235
G1 F1136.4 X144.576 Y129.327 E521.93761
G1 F2700 E516.93761
G0 F9000 X144.573 Y88.376
G1 F2700 E521.93761
G1 F1129.9 X144.592 Y88.02 E521.95335
G1 F1136.4 X144.576 Y87.699 E521.96746
G0 F9000 X144.58 Y87.676
G1 F1376.1 X144.648 Y87.294 E521.98153
G1 F1500 X144.648 Y79.953 E522.22569
G1 X144.603 Y79.542 E522.23944
G1 X144.476 Y79.181 E522.25217
G1 X144.273 Y78.863 E522.26472
G1 X143.993 Y78.583 E522.27789
G1 X143.677 Y78.381 E522.29036
G1 X143.318 Y78.257 E522.303
G1 X142.901 Y78.208 E522.31696
G1 X92.095 Y78.208 E524.00678
G1 X91.682 Y78.257 E524.02061
G1 X91.319 Y78.381 E524.03337
G1 X91.003 Y78.583 E524.04584
G1 X90.723 Y78.863 E524.05901
G1 X90.521 Y79.179 E524.07149
G1 X90.397 Y79.542 E524.08424
G1 X90.348 Y79.955 E524.09808
G1 X90.348 Y87.294 E524.34217
G1 F1376.1 X90.416 Y87.676 E524.35624
G1 X90.679 Y87.209 E524.37567
G1 F1500 X90.909 Y86.907 E524.3883
G1 X91.211 Y86.663 E524.40121
G1 X91.553 Y86.503 E524.41377
G1 X91.927 Y86.424 E524.42648
G1 X92.269 Y86.424 E524.43786
G1 X92.696 Y86.553 E524.45269
G1 X93.028 Y86.747 E524.46548
G1 X93.302 Y87.013 E524.47818
G1 X93.46 Y87.254 E524.48777
G1 X93.463 Y83.859 E524.60069
G1 X93.527 Y83.273 E524.62029
G1 X93.743 Y82.655 E524.64207
G1 X94.092 Y82.098 E524.66393
G1 X94.548 Y81.642 E524.68538
G1 X95.1 Y81.296 E524.70705
G1 X95.721 Y81.081 E524.7289
G1 X96.372 Y81.008 E524.75069
G1 X138.694 Y81.011 E526.15833
G1 X139.278 Y81.08 E526.17789
G1 X139.896 Y81.296 E526.19966
G1 X140.448 Y81.642 E526.22133
G1 X140.904 Y82.098 E526.24278
G1 X141.253 Y82.655 E526.26464
G1 X141.469 Y83.273 E526.28641
G1 X141.537 Y83.854 E526.30587
G1 X141.539 Y87.248 E526.41875
G1 X141.694 Y87.013 E526.42812
G1 X142.023 Y86.695 E526.44334
G1 X142.433 Y86.503 E526.45839
G1 X142.816 Y86.424 E526.4714
G1 X143.07 Y86.424 E526.47985
G1 X143.444 Y86.502 E526.49256
G1 X143.856 Y86.697 E526.50772
G1 F1435.4 X144.236 Y87.066 E526.52613
G1 F1321.6 X144.58 Y87.676 E526.55256
G1 F2700 E521.55256
G0 F9000 X144.227 Y88.693
G0 X144.028 Y88.982
G0 X143.765 Y89.214
G0 X142.717 Y89.773
G0 X141.724 Y89.318
G0 X141.389 Y123.898
G0 X141.323 Y124.489
G0 X141.12 Y125.072
G0 X140.789 Y125.596
G0 X140.35 Y126.035
G0 X139.829 Y126.365
G0 X139.243 Y126.569
G0 X138.652 Y126.635
G0 X95.018 Y126.639
G0 X93.371 Y124.557
G0 X93.277 Y89.315
G0 X91.515 Y89.689
G0 X90.535 Y88.951
G0 X90.42 Y154.766
G1 F2700 E526.55256
G1 F1132.1 X90.405 Y155.038 E526.56457
G1 F1181.1 X90.447 Y155.447 E526.58194
G1 F1192.8 X90.567 Y155.794 E526.59729
G1 F1195.2 X90.761 Y156.103 E526.61252
G1 F1202.4 X91.033 Y156.375 E526.62848
G1 X91.343 Y156.57 E526.64368
G1 F1185.8 X91.767 Y156.718 E526.66257
G1 F1162.8 X92.293 Y156.73 E526.68515
G0 F9000 X92.215 Y156.277
;TYPE:WALL-OUTER
G1 F1500 X91.914 Y156.279 E526.69516
G1 X91.611 Y156.202 E526.70556
G1 X91.38 Y156.081 E526.71423
G1 X91.166 Y155.894 E526.72368
G1 X91.003 Y155.661 E526.73314
G1 X90.898 Y155.398 E526.74256
G1 X90.86 Y155.069 E526.75357
G1 X90.889 Y154.82 E526.76191
G1 X90.985 Y154.552 E526.77138
G1 X91.142 Y154.311 E526.78095
G1 X91.354 Y154.114 E526.79057
G1 X91.653 Y153.962 E526.80173
G1 X91.936 Y153.896 E526.81139
G1 X92.216 Y153.899 E526.82071
G1 X92.507 Y153.977 E526.83073
G1 X92.761 Y154.114 E526.84033
G1 X92.974 Y154.311 E526.84998
G1 X93.131 Y154.552 E526.85954
G1 X93.227 Y154.82 E526.86901
G1 X93.255 Y155.107 E526.8786
G1 X93.215 Y155.404 E526.88857
G1 X93.11 Y155.665 E526.89793
G1 X92.974 Y155.865 E526.90597
G1 X92.761 Y156.062 E526.91562
G1 X92.463 Y156.219 E526.92682
G1 X92.215 Y156.277 E526.93529
G1 F2700 E521.93529
G0 F9000 X92.288 Y156.582
G0 X92.937 Y156.599
G0 X106.057 Y156.588
G0 X106.023 Y149.005
G0 X106.057 Y148.422
G1 F2700 E526.93529
G1 F1500 X91.913 Y148.424 E527.40573
G1 X91.811 Y148.344 E527.41004
G1 X91.775 Y148.259 E527.41311
G1 X91.772 Y134.172 E527.88164
G1 X91.826 Y134.035 E527.88654
G1 X91.926 Y133.977 E527.89039
G1 X106.061 Y133.975 E528.36052
G1 X106.179 Y134.044 E528.36506
G1 X106.224 Y134.132 E528.36835
G1 X106.224 Y148.271 E528.83862
G1 X106.168 Y148.364 E528.84223
G1 X106.057 Y148.422 E528.84639
G1 F2700 E523.84639
G0 F9000 X106.057 Y148.735
G0 X106.803 Y148.291
G0 X109.693 Y148.291
G0 X117.5 Y148.422
G1 F2700 E528.84639
G1 F1500 X110.437 Y148.422 E529.08131
G1 X110.304 Y148.333 E529.08663
G1 X110.272 Y148.242 E529.08984
G1 X110.272 Y134.092 E529.56047
G1 X110.437 Y133.974 E529.56722
G1 X124.561 Y133.975 E530.03698
G1 X124.679 Y134.044 E530.04153
G1 X124.724 Y134.132 E530.04482
G1 X124.724 Y148.271 E530.51508
G1 X124.668 Y148.364 E530.51869
G1 X124.557 Y148.422 E530.52286
G1 X117.5 Y148.422 E530.75758
G1 F2700 E525.75758
G0 F9000 X117.5 Y148.735
G0 X117.5 Y149.004
G0 X117.5 Y156.588
G0 X117.5 Y157.188
G1 F2700 E530.75758
G1 F1500 X142.925 Y157.188 E531.60321
G1 X143.407 Y157.135 E531.61934
G1 X143.851 Y156.979 E531.635
G1 X144.246 Y156.727 E531.65058
G1 X144.587 Y156.385 E531.66664
G1 X144.838 Y155.991 E531.68218
G1 X144.995 Y155.547 E531.69784
G1 X145.048 Y155.065 E531.71397
G1 X145.048 Y79.931 E534.21294
G1 X144.995 Y79.453 E534.22893
G1 X144.838 Y79.005 E534.24472
G1 X144.587 Y78.611 E534.26026
G1 X144.245 Y78.269 E534.27635
G1 X143.852 Y78.018 E534.29186
G1 X143.407 Y77.865 E534.30751
G1 X142.924 Y77.808 E534.32368
G1 X92.072 Y77.808 E536.01503
G1 X91.593 Y77.865 E536.03107
G1 X91.144 Y78.018 E536.04685
G1 X90.751 Y78.269 E536.06236
G1 X90.409 Y78.611 E536.07845
G1 X90.158 Y79.004 E536.09396
G1 X90.005 Y79.453 E536.10973
G1 X89.948 Y79.932 E536.12578
G1 X89.948 Y155.064 E538.62468
G1 X90.005 Y155.547 E538.64085
G1 X90.158 Y155.992 E538.6565
G1 X90.409 Y156.386 E538.67204
G1 X90.751 Y156.727 E538.68811
G1 X91.145 Y156.978 E538.70364
G1 X91.593 Y157.135 E538.71943
G1 X92.072 Y157.188 E538.73546
G1 X117.5 Y157.188 E539.5812
G1 F2700 E534.5812
G0 F9000 X117.5 Y156.88
G0 X128.937 Y156.588
G0 X128.937 Y149.004
G0 X128.937 Y148.422
G1 F2700 E539.5812
G1 F1500 X128.804 Y148.333 E539.58652
G1 X128.772 Y148.242 E539.58973
G1 X128.772 Y134.092 E540.06036
G1 X128.937 Y133.974 E540.06711
G1 X143.07 Y133.977 E540.53717
G1 X143.17 Y134.034 E540.541
G1 X143.224 Y134.172 E540.54593
G1 X143.222 Y148.259 E541.01447
G1 X143.185 Y148.344 E541.01755
G1 X143.083 Y148.424 E541.02186
G1 X128.937 Y148.422 E541.49236
G1 F2700 E536.49236
G0 F9000 X128.937 Y148.735
G0 X128.537 Y148.663
G0 X128.537 Y133.737
G0 X142.693 Y133.394
G0 X142.816 Y131.44
G0 X142.769 Y130.835
G1 F2700 E541.49236
G1 F1500 X142.491 Y130.762 E541.50192
G1 X142.275 Y130.65 E541.51001
G1 X142.022 Y130.425 E541.52127
G1 X141.865 Y130.184 E541.53084
G1 X141.769 Y129.915 E541.54034
G1 X141.74 Y129.639 E541.54957
G1 X141.774 Y129.353 E541.55915
G1 X141.866 Y129.108 E541.56785
G1 X142.022 Y128.871 E541.57729
G1 X142.264 Y128.652 E541.58815
G1 X142.516 Y128.527 E541.5975
G1 X142.77 Y128.461 E541.60623
G1 X143.11 Y128.462 E541.61754
G1 X143.387 Y128.537 E541.62708
G1 X143.642 Y128.674 E541.63671
G1 X143.854 Y128.871 E541.64634
G1 X144.011 Y129.112 E541.6559
G1 X144.107 Y129.381 E541.6654
G1 X144.136 Y129.648 E541.67434
G1 X144.106 Y129.927 E541.68367
G1 X143.99 Y130.225 E541.69431
G1 X143.854 Y130.425 E541.70235
G1 X143.642 Y130.622 E541.71198
G1 X143.343 Y130.779 E541.72321
G1 X143.076 Y130.84 E541.73232
G1 X142.769 Y130.835 E541.74253
G1 F2700 E536.74253
G0 F9000 X142.695 Y131.137
G0 X141.34 Y130.382
G0 X141.622 Y128.474
G0 X143.482 Y127.978
G0 X144.46 Y128.715
G0 X144.461 Y88.951
G0 X142.717 Y89.773
G0 X141.724 Y89.318
G0 X141.399 Y125.208
G0 X139.521 Y126.709
G0 X117.5 Y126.696
G0 X117.5 Y126.384
G1 F2700 E541.74253
G1 F1500 X96.35 Y126.383 E542.44598
G1 X95.816 Y126.324 E542.46385
G1 X95.28 Y126.138 E542.48272
G1 X94.802 Y125.837 E542.50151
G1 X94.394 Y125.423 E542.52084
G1 X94.099 Y124.943 E542.53958
G1 X93.918 Y124.419 E542.55802
G1 X93.861 Y123.894 E542.57558
G1 F1492.5 X93.86 Y106.316 E543.16315
G1 F1477.8 X93.86 Y88.738 E543.75657
G1 F1293.1 X93.801 Y88.349 E543.77175
G1 F1176.5 X93.809 Y88.02 E543.7857
G1 X93.801 Y87.717 E543.79856
G1 F1295.9 X93.856 Y87.35 E543.81285
G1 F1485.1 X93.861 Y83.902 E543.92867
G1 F1500 X93.927 Y83.341 E543.94746
G1 X94.118 Y82.809 E543.96626
G1 X94.422 Y82.334 E543.98502
G1 X94.786 Y81.97 E544.00214
G1 X95.258 Y81.67 E544.02074
G1 X95.836 Y81.469 E544.04109
G1 X96.348 Y81.409 E544.05824
G1 X138.648 Y81.409 E545.46514
G1 X139.206 Y81.479 E545.48385
G1 X139.738 Y81.67 E545.50265
G1 X140.21 Y81.97 E545.52125
G1 X140.602 Y82.369 E545.53985
G1 X140.897 Y82.849 E545.55859
G1 X141.079 Y83.384 E545.57739
G1 X141.139 Y83.9 E545.59467
G1 F1485.1 X141.143 Y87.35 E545.71056
G1 F1298.7 X141.198 Y87.717 E545.72482
G1 F1181.1 X141.19 Y88.02 E545.73762
G1 X141.198 Y88.32 E545.7503
G1 F1298.7 X141.144 Y88.686 E545.76451
G1 F1477.8 X141.142 Y106.291 E546.35884
G1 F1492.5 X141.139 Y123.896 E546.94731
G1 F1500 X141.078 Y124.419 E546.96482
G1 X140.897 Y124.943 E546.98326
G1 X140.586 Y125.445 E547.0029
G1 X140.194 Y125.836 E547.02132
G1 X139.716 Y126.138 E547.04012
G1 X139.184 Y126.324 E547.05887
G1 X138.639 Y126.384 E547.0771
G1 X117.5 Y126.384 E547.78019
G1 F2700 E542.78019
G0 F9000 X117.5 Y126.696
G0 X95.018 Y126.639
G0 X93.371 Y124.557
G0 X93.277 Y89.315
G0 X91.515 Y89.689
G0 X90.535 Y88.951
G0 X90.536 Y128.717
G0 X92.282 Y127.895
G0 X93.778 Y129.248
G0 X93.332 Y130.648
G0 X92.288 Y131.142
G0 X92.215 Y130.837
G1 F2700 E547.78019
G1 F1500 X91.92 Y130.84 E547.79
G1 X91.611 Y130.762 E547.8006
G1 X91.354 Y130.622 E547.81034
G1 X91.142 Y130.425 E547.81996
G1 X90.985 Y130.184 E547.82953
G1 X90.89 Y129.927 E547.83864
G1 X90.861 Y129.671 E547.84721
G1 X90.891 Y129.356 E547.85773
G1 X91.006 Y129.071 E547.86796
G1 X91.142 Y128.871 E547.876
G1 X91.354 Y128.674 E547.88563
G1 X91.653 Y128.522 E547.89678
G1 X91.885 Y128.462 E547.90475
G1 X92.183 Y128.456 E547.91467
G1 X92.483 Y128.527 E547.92492
G1 X92.732 Y128.652 E547.93419
G1 X92.943 Y128.835 E547.94348
G1 X93.11 Y129.071 E547.95309
G1 X93.222 Y129.353 E547.96318
G1 X93.256 Y129.639 E547.97276
G1 X93.215 Y129.964 E547.98366
G1 X93.11 Y130.225 E547.99302
G1 X92.974 Y130.425 E548.00106
G1 X92.761 Y130.622 E548.01071
G1 X92.463 Y130.779 E548.02191
G1 X92.215 Y130.837 E548.03038
G1 F2700 E543.03038
G0 F9000 X92.288 Y131.142
G0 X92.885 Y130.844
G0 X93.148 Y130.612
G0 X93.347 Y130.323
G0 X93.47 Y129.997
G0 X93.513 Y129.649
G0 X93.47 Y129.301
G0 X93.345 Y128.974
G0 X93.147 Y128.686
G0 X92.282 Y127.895
G0 X90.536 Y128.717
G0 X90.535 Y88.951
G0 X91.537 Y89.414
G0 X92.303 Y89.508
G0 X92.23 Y89.206
G1 F2700 E548.03038
G1 F1500 X91.908 Y89.212 E548.0411
G1 X91.611 Y89.13 E548.05134
G1 X91.354 Y88.99 E548.06108
G1 X91.143 Y88.794 E548.07066
G1 X90.984 Y88.555 E548.0802
G1 X90.89 Y88.295 E548.0894
G1 X90.861 Y88.044 E548.0978
G1 X90.9 Y87.705 E548.10915
G1 X91.007 Y87.437 E548.11875
G1 X91.175 Y87.206 E548.12825
G1 X91.354 Y87.046 E548.13624
G1 X91.611 Y86.906 E548.14597
G1 X91.885 Y86.83 E548.15543
G1 X92.206 Y86.823 E548.16611
G1 X92.51 Y86.907 E548.1766
G1 X92.762 Y87.046 E548.18617
G1 X92.973 Y87.241 E548.19572
G1 F1485.1 X93.136 Y87.48 E548.20544
G1 F1295.9 X93.285 Y87.746 E548.21718
G1 F1176.5 X93.307 Y88.02 E548.22884
G1 X93.285 Y88.305 E548.24096
G1 F1282.1 X93.139 Y88.557 E548.25229
G1 F1470.6 X92.973 Y88.795 E548.26214
G1 F1500 X92.762 Y88.99 E548.27169
G1 X92.51 Y89.129 E548.28126
G1 X92.23 Y89.206 E548.29092
G1 F2700 E543.29092
G0 F9000 X92.303 Y89.508
G0 X93.277 Y89.315
G0 X93.61 Y89.508
G0 X93.611 Y83.898
G0 X93.677 Y83.307
G0 X93.88 Y82.724
G0 X94.211 Y82.2
G0 X94.65 Y81.761
G0 X95.171 Y81.431
G0 X95.757 Y81.227
G0 X96.347 Y81.161
G0 X138.652 Y81.161
G0 X139.243 Y81.227
G0 X139.829 Y81.431
G0 X140.35 Y81.761
G0 X140.789 Y82.2
G0 X141.119 Y82.721
G0 X141.323 Y83.307
G0 X141.389 Y83.897
G0 X141.391 Y89.512
G0 X141.691 Y89.337
G0 X142.716 Y89.512
G0 X142.789 Y89.213
G1 F2700 E548.29092
G1 F1500 X142.491 Y89.13 E548.30121
G1 X142.275 Y89.018 E548.3093
G1 X142.023 Y88.795 E548.3205
G1 F1485.1 X141.861 Y88.556 E548.33019
G1 F1298.7 X141.712 Y88.29 E548.34191
G1 F1178.8 X141.691 Y88.049 E548.35215
G1 F1181.1 X141.712 Y87.746 E548.36498
G1 F1234.6 X141.975 Y87.284 E548.38646
G1 F1401.9 X142.275 Y87.018 E548.40073
G1 F1500 X142.533 Y86.89 E548.41031
G1 X142.765 Y86.83 E548.41828
G1 X143.064 Y86.824 E548.42822
G1 X143.346 Y86.89 E548.43786
G1 X143.642 Y87.046 E548.44898
G1 X143.853 Y87.241 E548.45854
G1 X144.012 Y87.481 E548.46812
G1 X144.096 Y87.705 E548.47607
G1 X144.136 Y88.02 E548.48663
G1 X144.106 Y88.295 E548.49583
G1 X143.989 Y88.599 E548.50667
G1 X143.853 Y88.795 E548.5146
G1 X143.642 Y88.99 E548.52416
G1 X143.39 Y89.129 E548.53373
G1 X143.11 Y89.206 E548.54339
G1 X142.789 Y89.213 E548.55407
G1 F2700 E543.55407
G0 F9000 X142.716 Y89.512
G0 X141.724 Y89.318
G0 X141.389 Y123.898
G0 X141.323 Y124.489
G0 X141.12 Y125.072
G0 X140.789 Y125.596
G0 X140.35 Y126.035
G0 X139.829 Y126.365
G0 X139.243 Y126.569
G0 X138.908 Y126.606
G0 X106.019 Y126.96
G0 X106.02 Y133.373
G0 X106.048 Y149.182
;TYPE:SKIN
G1 F2700 E548.55407
G1 F1500 X106.296 Y149.142 E548.56242
G1 X106.538 Y149.038 E548.57118
G1 X106.835 Y148.746 E548.58504
G1 X106.978 Y148.318 E548.60005
G1 X106.984 Y134.148 E549.07134
G1 X106.862 Y133.707 E549.08656
G1 X106.664 Y133.453 E549.09727
G1 X106.369 Y133.273 E549.10877
G1 X106.12 Y133.212 E549.11729
G1 X91.769 Y133.217 E549.59461
G1 X91.319 Y133.479 E549.61193
G1 X91.233 Y133.578 E549.61629
G1 F1562.5 X91.041 Y134.112 E549.63441
G1 F1657.5 X91.037 Y148.355 E550.06313
G1 F1587.3 X91.191 Y148.799 E550.0779
G1 F1500 X91.594 Y149.112 E550.09487
G1 X91.936 Y149.181 E550.10648
G1 X106.048 Y149.182 E550.57584
G1 F2700 E545.57584
G0 F9000 X106.017 Y148.925
G0 X106.68 Y148.649
G0 X106.68 Y156.588
G0 X117.5 Y156.427
G1 F2700 E550.57584
G1 F1500 X93.478 Y156.427 E551.37482
G1 X93.727 Y156.107 E551.3883
G1 X93.978 Y155.562 E551.40826
G1 X94.012 Y155.005 E551.42682
G1 X93.923 Y154.494 E551.44407
G1 X93.827 Y154.25 E551.45279
G1 X93.535 Y153.775 E551.47134
G1 X93.092 Y153.426 E551.4901
G1 X92.688 Y153.234 E551.50497
G1 X92.362 Y153.153 E551.51615
G1 X91.895 Y153.136 E551.53169
G1 X91.429 Y153.237 E551.54755
G1 X91.066 Y153.401 E551.5608
G1 X90.707 Y153.674 E551.5758
G1 X90.708 Y148.848 E551.73631
G1 F1587.3 X90.685 Y148.385 E551.75088
G1 F1694.9 X90.684 Y134.18 E552.16901
G1 F1595.7 X90.708 Y133.479 E552.19094
G1 F1500 X90.708 Y131.059 E552.27143
G1 X91.015 Y131.305 E552.28451
G1 X91.476 Y131.515 E552.30136
G1 X91.788 Y131.591 E552.31204
G1 X92.291 Y131.598 E552.32877
G1 X92.672 Y131.506 E552.34181
G1 X93.106 Y131.301 E552.35777
G1 X93.537 Y130.956 E552.37614
G1 X93.847 Y130.438 E552.39621
G1 X93.975 Y130.042 E552.41006
G1 X94.016 Y129.593 E552.42505
G1 X93.965 Y129.182 E552.43883
G1 X93.785 Y128.713 E552.45554
G1 X93.537 Y128.357 E552.46997
G1 X93.175 Y128.036 E552.48606
G1 X92.765 Y127.814 E552.50156
G1 X92.331 Y127.702 E552.51647
G1 X91.901 Y127.699 E552.53077
G1 X91.477 Y127.783 E552.54515
G1 X91.066 Y127.961 E552.56005
G1 X90.707 Y128.234 E552.57505
G1 X90.708 Y89.431 E553.86564
G1 X91.011 Y89.673 E553.87854
G1 X91.428 Y89.87 E553.89388
G1 X91.924 Y89.972 E553.91072
G1 X92.276 Y89.972 E553.92243
G1 X92.654 Y89.882 E553.93535
G1 X93.097 Y89.675 E553.95162
G1 X93.105 Y123.978 E555.09254
G1 X93.17 Y124.587 E555.11291
G1 X93.411 Y125.275 E555.13716
G1 X93.837 Y125.945 E555.16356
G1 X94.309 Y126.413 E555.18567
G1 X94.927 Y126.816 E555.21021
G1 X95.66 Y127.067 E555.23598
G1 X96.268 Y127.139 E555.25634
G1 X138.69 Y127.14 E556.6673
G1 X139.376 Y127.061 E556.69027
G1 X140.016 Y126.833 E556.71287
G1 X140.678 Y126.422 E556.73878
G1 X141.182 Y125.918 E556.76249
G1 X141.566 Y125.315 E556.78627
G1 X141.822 Y124.595 E556.81168
G1 X141.891 Y123.979 E556.8323
G1 X141.9 Y89.675 E557.97326
G1 X142.307 Y89.87 E557.98827
G1 X142.67 Y89.966 E558.00075
G1 X143.108 Y89.969 E558.01532
G1 X143.524 Y89.885 E558.02944
G1 X143.942 Y89.693 E558.04474
G1 X144.288 Y89.427 E558.05925
G1 X144.288 Y128.235 E559.35001
G1 X143.973 Y127.987 E559.36335
G1 X143.564 Y127.793 E559.3784
G1 X143.094 Y127.699 E559.39435
G1 X142.659 Y127.702 E559.40881
G1 X142.275 Y127.806 E559.42205
G1 X141.815 Y128.023 E559.43896
G1 X141.46 Y128.355 E559.45513
G1 X141.192 Y128.731 E559.47049
G1 X141.043 Y129.144 E559.48509
G1 X140.981 Y129.581 E559.49977
G1 X141.012 Y129.994 E559.51354
G1 X141.149 Y130.441 E559.52909
G1 X141.454 Y130.953 E559.54892
G1 X141.89 Y131.304 E559.56753
G1 X142.326 Y131.507 E559.58353
G1 X142.779 Y131.597 E559.59889
G1 X143.206 Y131.591 E559.61309
G1 X143.514 Y131.519 E559.62361
G1 X143.985 Y131.302 E559.64086
G1 X144.288 Y131.061 E559.65374
G1 X144.288 Y133.479 E559.73416
G1 F1595.7 X144.312 Y134.18 E559.75609
G1 F1699.7 X144.311 Y148.385 E560.17304
G1 F1591.5 X144.288 Y148.853 E560.18773
G1 F1500 X144.287 Y155.02 E560.39284
G1 X144.247 Y155.37 E560.40456
G1 X144.147 Y155.655 E560.4146
G1 X143.986 Y155.906 E560.42452
G1 X143.768 Y156.127 E560.43485
G1 X143.515 Y156.29 E560.44486
G1 X143.235 Y156.387 E560.45471
G1 X142.88 Y156.428 E560.4666
G1 X117.5 Y156.427 E561.31074
G1 F2700 E556.31074
G0 F9000 X117.5 Y156.688
G0 X117.5 Y149.004
G0 X117.5 Y149.182
G1 F2700 E561.31074
G1 F1500 X124.548 Y149.182 E561.54516
G1 X124.796 Y149.142 E561.55351
G1 X125.038 Y149.038 E561.56227
G1 X125.335 Y148.746 E561.57613
G1 X125.478 Y148.318 E561.59114
G1 X125.484 Y134.148 E562.06243
G1 X125.362 Y133.707 E562.07765
G1 X125.164 Y133.453 E562.08836
G1 X124.869 Y133.273 E562.09986
G1 X124.62 Y133.212 E562.10838
G1 X110.341 Y133.215 E562.5833
G1 X110.095 Y133.289 E562.59185
G1 X109.832 Y133.453 E562.60216
G1 X109.63 Y133.707 E562.61295
G1 X109.518 Y134.126 E562.62738
G1 X109.512 Y148.322 E563.09954
G1 X109.67 Y148.748 E563.11465
G1 X109.955 Y149.04 E563.12822
G1 X110.348 Y149.181 E563.14211
G1 X117.5 Y149.182 E563.37998
G1 F2700 E558.37998
G0 F9000 X117.5 Y148.924
G0 X125.18 Y148.649
G0 X128.316 Y148.649
G0 X128.848 Y149.181
G1 F2700 E563.37998
G1 F1500 X143.056 Y149.181 E563.85254
G1 X143.402 Y149.112 E563.86428
G1 X143.8 Y148.8 E563.8811
G1 F1546.4 X143.959 Y148.376 E563.89571
G1 F1612.9 X143.955 Y134.112 E564.33692
G1 F1562.5 X143.763 Y133.578 E564.35504
G1 F1500 X143.677 Y133.479 E564.3594
G1 X143.206 Y133.212 E564.37741
G1 X128.841 Y133.215 E564.85519
G1 X128.595 Y133.289 E564.86374
G1 X128.332 Y133.453 E564.87404
G1 X128.13 Y133.707 E564.88484
G1 X128.018 Y134.126 E564.89926
G1 X128.012 Y148.322 E565.37142
G1 X128.17 Y148.748 E565.38654
G1 X128.455 Y149.04 E565.40011
G1 X128.848 Y149.181 E565.41399
G1 F2700 E560.41399
G0 F9000 X128.893 Y148.926
G0 X128.316 Y148.649
G0 X93.413 Y153.884
G0 X90.991 Y153.216
G1 F2700 E565.41399
G1 F1500 X90.908 Y153.133 E565.4179
G0 F9000 X91.38 Y153.04
G1 F1500 X90.908 Y152.567 E565.44012
G0 F9000 X90.908 Y152.002
G1 F1500 X91.848 Y152.942 E565.48434
G0 F9000 X92.437 Y152.966
G1 F1500 X90.908 Y151.436 E565.55628
G0 F9000 X90.908 Y150.87
G1 F1500 X93.644 Y153.606 E565.68497
G1 X93.705 Y153.668
G1 X96.266 Y156.228 E565.80541
G0 F9000 X96.831 Y156.228
G1 F1500 X90.908 Y150.305 E566.08401
G0 F9000 X90.908 Y149.739
G1 F1500 X97.397 Y156.228 E566.38923
G0 F9000 X97.963 Y156.228
G1 F1500 X90.908 Y149.173 E566.72108
G0 F9000 X91.622 Y149.322
G1 F1500 X98.528 Y156.228 E567.04592
G0 F9000 X99.094 Y156.228
G1 F1500 X92.25 Y149.384 E567.36784
G0 F9000 X92.816 Y149.384
G1 F1500 X99.66 Y156.228 E567.68976
G0 F9000 X100.225 Y156.228
G1 F1500 X93.381 Y149.384 E568.01168
G0 F9000 X93.947 Y149.384
G1 F1500 X100.791 Y156.228 E568.3336
G0 F9000 X101.357 Y156.228
G1 F1500 X94.513 Y149.384 E568.65552
G0 F9000 X95.078 Y149.384
G1 F1500 X101.922 Y156.228 E568.97744
G0 F9000 X102.488 Y156.228
G1 F1500 X95.644 Y149.384 E569.29936
G0 F9000 X96.21 Y149.384
G1 F1500 X103.054 Y156.228 E569.62128
G0 F9000 X103.619 Y156.228
G1 F1500 X96.775 Y149.384 E569.9432
G0 F9000 X97.341 Y149.384
G1 F1500 X104.185 Y156.228 E570.26512
G0 F9000 X104.751 Y156.228
G1 F1500 X97.907 Y149.384 E570.58705
G0 F9000 X98.472 Y149.384
G1 F1500 X105.316 Y156.228 E570.90897
G0 F9000 X105.882 Y156.228
G1 F1500 X99.038 Y149.384 E571.23089
G0 F9000 X99.604 Y149.384
G1 F1500 X106.448 Y156.228 E571.55281
G0 F9000 X107.014 Y156.228
G1 F1500 X100.169 Y149.384 E571.87475
G0 F9000 X100.735 Y149.384
G1 F1500 X107.579 Y156.228 E572.19667
G0 F9000 X108.145 Y156.228
G1 F1500 X101.301 Y149.384 E572.51859
G0 F9000 X101.867 Y149.384
G1 F1500 X108.711 Y156.228 E572.84051
G0 F9000 X109.276 Y156.228
G1 F1500 X102.432 Y149.384 E573.16244
G0 F9000 X102.998 Y149.384
G1 F1500 X109.842 Y156.228 E573.48436
G0 F9000 X110.408 Y156.228
G1 F1500 X103.564 Y149.384 E573.80628
G0 F9000 X104.129 Y149.384
G1 F1500 X110.973 Y156.228 E574.1282
G0 F9000 X111.539 Y156.228
G1 F1500 X104.695 Y149.384 E574.45012
G0 F9000 X105.261 Y149.384
G1 F1500 X112.105 Y156.228 E574.77204
G0 F9000 X112.67 Y156.228
G1 F1500 X105.826 Y149.384 E575.09396
G0 F9000 X106.346 Y149.338
G1 F1500 X113.236 Y156.228 E575.41804
G0 F9000 X113.802 Y156.228
G1 F1500 X106.717 Y149.144 E575.75128
G0 F9000 X107.002 Y148.863
G1 F1500 X114.367 Y156.228 E576.0977
G0 F9000 X114.933 Y156.228
G1 F1500 X107.146 Y148.441 E576.46398
G0 F9000 X107.175 Y147.904
G1 F1500 X115.499 Y156.228 E576.85552
G0 F9000 X116.065 Y156.228
G1 F1500 X107.175 Y147.338 E577.27368
G0 F9000 X107.175 Y146.773
G1 F1500 X116.63 Y156.228 E577.71841
G0 F9000 X117.196 Y156.228
G1 F1500 X110.346 Y149.378 E578.04061
G0 F9000 X110.912 Y149.378
G1 F1500 X117.762 Y156.228 E578.36282
G0 F9000 X118.327 Y156.228
G1 F1500 X111.478 Y149.378 E578.68499
G0 F9000 X112.044 Y149.379
G1 F1500 X118.893 Y156.228 E579.00715
G0 F9000 X119.459 Y156.228
G1 F1500 X112.61 Y149.379 E579.32931
G0 F9000 X113.175 Y149.379
G1 F1500 X120.024 Y156.228 E579.65146
G0 F9000 X120.59 Y156.228
G1 F1500 X113.742 Y149.38 E579.97357
G0 F9000 X114.307 Y149.38
G1 F1500 X121.156 Y156.228 E580.2957
G0 F9000 X121.721 Y156.228
G1 F1500 X114.873 Y149.38 E580.61781
G0 F9000 X115.439 Y149.381
G1 F1500 X122.287 Y156.228 E580.9399
G0 F9000 X122.853 Y156.228
G1 F1500 X116.005 Y149.381 E581.26198
G0 F9000 X116.571 Y149.381
G1 F1500 X123.418 Y156.228 E581.58405
G0 F9000 X123.984 Y156.228
G1 F1500 X117.137 Y149.381 E581.90611
G0 F9000 X117.703 Y149.381
G1 F1500 X124.55 Y156.228 E582.22817
G0 F9000 X125.115 Y156.228
G1 F1500 X118.269 Y149.382 E582.55018
G0 F9000 X118.835 Y149.382
G1 F1500 X125.681 Y156.228 E582.8722
G0 F9000 X126.247 Y156.228
G1 F1500 X119.401 Y149.382 E583.19421
G0 F9000 X119.967 Y149.383
G1 F1500 X126.813 Y156.228 E583.51621
G0 F9000 X127.378 Y156.228
G1 F1500 X120.533 Y149.383 E583.83817
G0 F9000 X121.098 Y149.383
G1 F1500 X127.944 Y156.228 E584.16016
G0 F9000 X128.51 Y156.228
G1 F1500 X121.665 Y149.383 E584.48213
G0 F9000 X122.23 Y149.383
G1 F1500 X129.075 Y156.228 E584.8041
G0 F9000 X129.641 Y156.228
G1 F1500 X122.796 Y149.383 E585.12607
G0 F9000 X123.363 Y149.384
G1 F1500 X130.207 Y156.228 E585.44799
G0 F9000 X130.772 Y156.228
G1 F1500 X123.928 Y149.384 E585.76991
G0 F9000 X124.494 Y149.384
G1 F1500 X131.338 Y156.228 E586.09183
G0 F9000 X131.904 Y156.228
G1 F1500 X124.967 Y149.291 E586.41813
G0 F9000 X125.301 Y149.06
G1 F1500 X132.469 Y156.228 E586.75529
G0 F9000 X133.035 Y156.228
G1 F1500 X125.547 Y148.74 E587.1075
G0 F9000 X125.675 Y148.302
G1 F1500 X133.601 Y156.228 E587.48031
G0 F9000 X134.166 Y156.228
G1 F1500 X125.675 Y147.737 E587.8797
G0 F9000 X125.676 Y147.172
G1 F1500 X134.732 Y156.228 E588.30567
G0 F9000 X135.298 Y156.228
G1 F1500 X125.676 Y146.606 E588.75826
G0 F9000 X125.676 Y146.041
G1 F1500 X127.813 Y148.178 E588.85878
G0 F9000 X127.813 Y147.612
G1 F1500 X125.676 Y145.475 E588.9593
G0 F9000 X125.677 Y144.91
G1 F1500 X127.813 Y147.046 E589.05977
G0 F9000 X127.813 Y146.481
G1 F1500 X125.677 Y144.345 E589.16024
G0 F9000 X125.678 Y143.78
G1 F1500 X127.813 Y145.915 E589.26066
G0 F9000 X127.813 Y145.349
G1 F1500 X125.678 Y143.214 E589.36109
G0 F9000 X125.678 Y142.649
G1 F1500 X127.813 Y144.784 E589.46151
G0 F9000 X127.813 Y144.218
G1 F1500 X125.678 Y142.083 E589.56193
G0 F9000 X125.679 Y141.518
G1 F1500 X127.813 Y143.652 E589.66231
G0 F9000 X127.813 Y143.087
G1 F1500 X125.679 Y140.953 E589.76269
G0 F9000 X125.68 Y140.388
G1 F1500 X127.813 Y142.521 E589.86302
G0 F9000 X127.813 Y141.955
G1 F1500 X125.68 Y139.822 E589.96335
G0 F9000 X125.68 Y139.257
G1 F1500 X127.813 Y141.39 E590.06368
G0 F9000 X127.812 Y140.823
G1 F1500 X125.68 Y138.691 E590.16396
G0 F9000 X125.681 Y138.126
G1 F1500 X127.812 Y140.257 E590.26419
G0 F9000 X127.812 Y139.692
G1 F1500 X125.681 Y137.561 E590.36443
G0 F9000 X125.682 Y136.996
G1 F1500 X127.812 Y139.126 E590.46462
G0 F9000 X127.812 Y138.56
G1 F1500 X125.682 Y136.43 E590.56481
G0 F9000 X125.683 Y135.865
G1 F1500 X127.812 Y137.995 E590.66497
G0 F9000 X127.812 Y137.429
G1 F1500 X125.683 Y135.299 E590.76514
G0 F9000 X125.683 Y134.734
G1 F1500 X127.812 Y136.863 E590.86528
G0 F9000 X127.812 Y136.298
G1 F1500 X125.683 Y134.169 E590.96542
G1 F2700 E585.96542
G0 F9000 X125.225 Y134.184
G0 X124.527 Y133.472
G0 X124.527 Y133.012
G1 F2700 E590.96542
G1 F1500 X118.854 Y127.339 E591.23226
G0 F9000 X118.288 Y127.339
G1 F1500 X123.961 Y133.012 E591.4991
G0 F9000 X123.396 Y133.012
G1 F1500 X117.723 Y127.339 E591.76594
G0 F9000 X117.157 Y127.339
G1 F1500 X122.83 Y133.012 E592.03278
G0 F9000 X122.265 Y133.013
G1 F1500 X116.591 Y127.339 E592.29967
G0 F9000 X116.026 Y127.339
G1 F1500 X121.699 Y133.013 E592.56653
G0 F9000 X121.134 Y133.013
G1 F1500 X115.46 Y127.339 E592.83342
G0 F9000 X114.894 Y127.339
G1 F1500 X120.569 Y133.014 E593.10036
G0 F9000 X120.003 Y133.014
G1 F1500 X114.329 Y127.339 E593.36727
G0 F9000 X113.763 Y127.339
G1 F1500 X119.437 Y133.014 E593.63418
G0 F9000 X118.872 Y133.015
G1 F1500 X113.197 Y127.339 E593.90114
G0 F9000 X112.632 Y127.339
G1 F1500 X118.307 Y133.015 E594.1681
G0 F9000 X117.741 Y133.015
G1 F1500 X112.066 Y127.339 E594.43505
G0 F9000 X111.5 Y127.339
G1 F1500 X117.176 Y133.015 E594.70204
G0 F9000 X116.61 Y133.015
G1 F1500 X110.934 Y127.339 E594.96902
G0 F9000 X110.368 Y127.339
G1 F1500 X116.045 Y133.015 E595.23602
G0 F9000 X115.48 Y133.016
G1 F1500 X109.802 Y127.339 E595.50307
G0 F9000 X109.237 Y127.339
G1 F1500 X114.914 Y133.016 E595.7701
G0 F9000 X114.348 Y133.016
G1 F1500 X108.671 Y127.339 E596.03713
G0 F9000 X108.105 Y127.339
G1 F1500 X113.783 Y133.017 E596.30421
G0 F9000 X113.218 Y133.017
G1 F1500 X107.54 Y127.339 E596.57128
G0 F9000 X106.974 Y127.339
G1 F1500 X112.652 Y133.017 E596.83836
G0 F9000 X112.087 Y133.017
G1 F1500 X106.408 Y127.339 E597.10546
G0 F9000 X105.843 Y127.339
G1 F1500 X111.521 Y133.017 E597.37253
G0 F9000 X110.956 Y133.017
G1 F1500 X105.277 Y127.339 E597.63963
G0 F9000 X104.711 Y127.339
G1 F1500 X110.39 Y133.017 E597.90673
G0 F9000 X109.95 Y133.143
G1 F1500 X104.146 Y127.339 E598.17973
G0 F9000 X103.58 Y127.339
G1 F1500 X109.627 Y133.386 E598.46417
G0 F9000 X109.411 Y133.736
G1 F1500 X103.014 Y127.339 E598.76506
G0 F9000 X102.448 Y127.339
G1 F1500 X109.313 Y134.203 E599.08795
G0 F9000 X109.313 Y134.769
G1 F1500 X101.883 Y127.339 E599.43743
G0 F9000 X101.317 Y127.339
G1 F1500 X109.313 Y135.335 E599.81354
G0 F9000 X109.313 Y135.9
G1 F1500 X107.056 Y133.643 E599.9197
G0 F9000 X106.582 Y133.169
G1 F1500 X100.751 Y127.339 E600.19395
G0 F9000 X100.186 Y127.339
G1 F1500 X105.859 Y133.012 E600.46079
G0 F9000 X105.293 Y133.012
G1 F1500 X99.62 Y127.339 E600.72763
G0 F9000 X99.054 Y127.339
G1 F1500 X104.727 Y133.012 E600.99447
G0 F9000 X104.162 Y133.012
G1 F1500 X98.489 Y127.339 E601.26131
G0 F9000 X97.923 Y127.339
G1 F1500 X103.596 Y133.012 E601.52815
G0 F9000 X103.03 Y133.012
G1 F1500 X97.357 Y127.339 E601.79499
G0 F9000 X96.792 Y127.339
G1 F1500 X102.465 Y133.012 E602.06183
G0 F9000 X101.899 Y133.012
G1 F1500 X96.223 Y127.336 E602.32882
G0 F9000 X95.575 Y127.254
G1 F1500 X101.333 Y133.012 E602.59965
G0 F9000 X100.768 Y133.012
G1 F1500 X94.596 Y126.84 E602.88997
G1 F2700 E597.88997
G0 F9000 X94.844 Y126.455
G0 X93.796 Y125.406
G0 X93.409 Y125.653
G1 F2700 E602.88997
G1 F1500 X90.908 Y123.152 E603.00761
G0 F9000 X90.908 Y123.718
G1 F1500 X100.202 Y133.012 E603.44477
G0 F9000 X99.636 Y133.012
G1 F1500 X90.908 Y124.283 E603.85533
G0 F9000 X90.908 Y124.849
G1 F1500 X99.071 Y133.012 E604.23929
G0 F9000 X98.504 Y133.011
G1 F1500 X90.908 Y125.415 E604.59658
G0 F9000 X90.908 Y125.98
G1 F1500 X92.454 Y127.527 E604.66933
G0 F9000 X91.864 Y127.502
G1 F1500 X90.908 Y126.546 E604.71429
G0 F9000 X90.908 Y127.112
G1 F1500 X91.392 Y127.596 E604.73706
G0 F9000 X91 Y127.77
G1 F1500 X90.908 Y127.677 E604.74141
G1 F2700 E599.74141
G0 F9000 X90.448 Y127.677
G0 X90.536 Y128.717
G0 X91.66 Y128.277
G0 X92.234 Y128.208
G0 X92.575 Y128.291
G0 X92.826 Y128.424
G0 X93.722 Y129.299
G0 X94.179 Y129.251
G1 F2700 E604.74141
G1 F1500 X97.939 Y133.011 E604.91827
G0 F9000 X97.373 Y133.011
G1 F1500 X94.196 Y129.834 E605.06771
G0 F9000 X94.1 Y130.304
G1 F1500 X96.807 Y133.011 E605.19503
G0 F9000 X96.241 Y133.011
G1 F1500 X93.929 Y130.698 E605.30381
G0 F9000 X93.714 Y131.049
G1 F1500 X95.676 Y133.011 E605.39609
G0 F9000 X95.11 Y133.011
G1 F1500 X93.412 Y131.313 E605.47596
G0 F9000 X93.075 Y131.542
G1 F1500 X94.544 Y133.011 E605.54506
G0 F9000 X93.979 Y133.011
G1 F1500 X92.682 Y131.714 E605.60607
G0 F9000 X92.197 Y131.795
G1 F1500 X93.413 Y133.011 E605.66326
G0 F9000 X92.847 Y133.011
G1 F1500 X91.58 Y131.743 E605.72288
G0 F9000 X90.908 Y131.638
G1 F1500 X92.282 Y133.011 E605.78749
G0 F9000 X91.719 Y133.014
G1 F1500 X90.908 Y132.204 E605.82561
G0 F9000 X90.908 Y132.768
G1 F1500 X91.361 Y133.222 E605.84694
G0 F9000 X91.062 Y133.488
G1 F1500 X90.908 Y133.334 E605.85419
G1 F2700 E600.85419
G0 F9000 X90.448 Y133.334
G0 X90.535 Y88.951
G0 X92.28 Y89.773
G0 X93.277 Y89.315
G0 X93.429 Y124.543
G0 X92.989 Y124.667
G1 F2700 E605.85419
G1 F1500 X90.908 Y122.586 E605.95207
G0 F9000 X90.908 Y122.02
G1 F1500 X92.909 Y124.022 E606.04621
G0 F9000 X92.906 Y123.453
G1 F1500 X90.908 Y121.455 E606.14019
G0 F9000 X90.908 Y120.889
G1 F1500 X92.906 Y122.887 E606.23417
G0 F9000 X92.906 Y122.322
G1 F1500 X90.908 Y120.323 E606.32818
G0 F9000 X90.908 Y119.758
G1 F1500 X92.906 Y121.756 E606.42216
G0 F9000 X92.906 Y121.19
G1 F1500 X90.908 Y119.192 E606.51614
G0 F9000 X90.908 Y118.626
G1 F1500 X92.906 Y120.625 E606.61014
G0 F9000 X92.906 Y120.059
G1 F1500 X90.908 Y118.061 E606.70412
G0 F9000 X90.908 Y117.495
G1 F1500 X92.906 Y119.493 E606.7981
G0 F9000 X92.905 Y118.927
G1 F1500 X90.908 Y116.929 E606.89206
G0 F9000 X90.908 Y116.364
G1 F1500 X92.905 Y118.361 E606.98599
G0 F9000 X92.905 Y117.796
G1 F1500 X90.908 Y115.798 E607.07995
G0 F9000 X90.908 Y115.232
G1 F1500 X92.905 Y117.23 E607.1739
G0 F9000 X92.905 Y116.664
G1 F1500 X90.908 Y114.667 E607.26783
G0 F9000 X90.908 Y114.101
G1 F1500 X92.905 Y116.098 E607.36177
G0 F9000 X92.905 Y115.533
G1 F1500 X90.908 Y113.535 E607.45572
G0 F9000 X90.908 Y112.97
G1 F1500 X92.905 Y114.967 E607.54966
G0 F9000 X92.905 Y114.401
G1 F1500 X90.908 Y112.404 E607.64359
G0 F9000 X90.908 Y111.838
G1 F1500 X92.905 Y113.835 E607.73752
G0 F9000 X92.905 Y113.269
G1 F1500 X90.908 Y111.272 E607.83145
G0 F9000 X90.908 Y110.707
G1 F1500 X92.905 Y112.704 E607.92539
G0 F9000 X92.905 Y112.138
G1 F1500 X90.908 Y110.141 E608.01932
G0 F9000 X90.908 Y109.575
G1 F1500 X92.905 Y111.572 E608.11325
G0 F9000 X92.905 Y111.007
G1 F1500 X90.908 Y109.01 E608.20719
G0 F9000 X90.908 Y108.445
G1 F1500 X92.905 Y110.441 E608.30109
G0 F9000 X92.905 Y109.875
G1 F1500 X90.908 Y107.879 E608.395
G0 F9000 X90.908 Y107.313
G1 F1500 X92.904 Y109.309 E608.48889
G0 F9000 X92.904 Y108.743
G1 F1500 X90.908 Y106.748 E608.58275
G0 F9000 X90.908 Y106.182
G1 F1500 X92.904 Y108.177 E608.67661
G0 F9000 X92.904 Y107.612
G1 F1500 X90.908 Y105.616 E608.7705
G0 F9000 X90.908 Y105.051
G1 F1500 X92.904 Y107.046 E608.86436
G0 F9000 X92.904 Y106.48
G1 F1500 X90.908 Y104.485 E608.95822
G0 F9000 X90.908 Y103.919
G1 F1500 X92.904 Y105.915 E609.05211
G0 F9000 X92.904 Y105.349
G1 F1500 X90.908 Y103.354 E609.14597
G0 F9000 X90.908 Y102.788
G1 F1500 X92.904 Y104.783 E609.23983
G0 F9000 X92.903 Y104.217
G1 F1500 X90.908 Y102.222 E609.33367
G0 F9000 X90.908 Y101.656
G1 F1500 X92.903 Y103.651 E609.42751
G0 F9000 X92.903 Y103.086
G1 F1500 X90.908 Y101.091 E609.52135
G0 F9000 X90.908 Y100.525
G1 F1500 X92.903 Y102.52 E609.61519
G0 F9000 X92.903 Y101.954
G1 F1500 X90.908 Y99.959 E609.70903
G0 F9000 X90.908 Y99.394
G1 F1500 X92.903 Y101.389 E609.80287
G0 F9000 X92.903 Y100.823
G1 F1500 X90.908 Y98.828 E609.89671
G0 F9000 X90.908 Y98.262
G1 F1500 X92.903 Y100.257 E609.99054
G0 F9000 X92.903 Y99.691
G1 F1500 X90.908 Y97.697 E610.08436
G0 F9000 X90.908 Y97.131
G1 F1500 X92.903 Y99.125 E610.17817
G0 F9000 X92.903 Y98.559
G1 F1500 X90.908 Y96.565 E610.27199
G0 F9000 X90.908 Y96
G1 F1500 X92.903 Y97.994 E610.3658
G0 F9000 X92.903 Y97.428
G1 F1500 X90.908 Y95.434 E610.45962
G0 F9000 X90.908 Y94.868
G1 F1500 X92.903 Y96.862 E610.55344
G0 F9000 X92.903 Y96.297
G1 F1500 X90.908 Y94.303 E610.64725
G0 F9000 X90.908 Y93.737
G1 F1500 X92.903 Y95.731 E610.74107
G0 F9000 X92.903 Y95.165
G1 F1500 X90.908 Y93.171 E610.83488
G0 F9000 X90.908 Y92.606
G1 F1500 X92.902 Y94.599 E610.92865
G0 F9000 X92.902 Y94.033
G1 F1500 X90.908 Y92.04 E611.02242
G0 F9000 X90.908 Y91.474
G1 F1500 X92.902 Y93.467 E611.11618
G0 F9000 X92.902 Y92.902
G1 F1500 X90.908 Y90.908 E611.20998
G0 F9000 X90.908 Y90.343
G1 F1500 X92.902 Y92.336 E611.30374
G0 F9000 X92.902 Y91.77
G1 F1500 X91.048 Y89.916 E611.39095
G0 F9000 X91.857 Y90.16
G1 F1500 X92.902 Y91.205 E611.4401
G0 F9000 X92.902 Y90.639
G1 F1500 X92.413 Y90.15 E611.46311
G1 F2700 E606.46311
G0 F9000 X92.301 Y89.705
G0 X93.277 Y89.315
G0 X93.611 Y123.899
G0 X93.677 Y124.489
G0 X93.88 Y125.072
G0 X94.211 Y125.596
G0 X94.65 Y126.035
G0 X95.171 Y126.365
G0 X95.757 Y126.569
G0 X96.092 Y126.606
G0 X119.421 Y126.882
G0 X119.42 Y127.339
G1 F2700 E611.46311
G1 F1500 X127.812 Y135.732 E611.85786
G0 F9000 X127.812 Y135.166
G1 F1500 X119.985 Y127.339 E612.22602
G0 F9000 X120.551 Y127.339
G1 F1500 X127.812 Y134.601 E612.56758
G0 F9000 X127.831 Y134.053
G1 F1500 X121.117 Y127.339 E612.88339
G0 F9000 X121.682 Y127.339
G1 F1500 X127.955 Y133.612 E613.17845
G0 F9000 X128.206 Y133.297
G1 F1500 X122.248 Y127.339 E613.45869
G0 F9000 X122.814 Y127.339
G1 F1500 X128.568 Y133.093 E613.72935
G0 F9000 X129.058 Y133.017
G1 F1500 X123.38 Y127.339 E613.99642
G0 F9000 X123.945 Y127.339
G1 F1500 X129.623 Y133.017 E614.2635
G0 F9000 X130.189 Y133.017
G1 F1500 X124.511 Y127.339 E614.53057
G0 F9000 X125.077 Y127.34
G1 F1500 X130.754 Y133.017 E614.7976
G0 F9000 X131.32 Y133.017
G1 F1500 X125.643 Y127.34 E615.06463
G0 F9000 X126.209 Y127.34
G1 F1500 X131.885 Y133.017 E615.33164
G0 F9000 X132.45 Y133.016
G1 F1500 X126.774 Y127.34 E615.59862
G0 F9000 X127.34 Y127.34
G1 F1500 X133.016 Y133.016 E615.8656
G0 F9000 X133.582 Y133.016
G1 F1500 X127.906 Y127.34 E616.13258
G0 F9000 X128.471 Y127.34
G1 F1500 X134.147 Y133.015 E616.39954
G0 F9000 X134.712 Y133.015
G1 F1500 X129.037 Y127.34 E616.66647
G0 F9000 X129.603 Y127.34
G1 F1500 X135.277 Y133.015 E616.93338
G0 F9000 X135.843 Y133.015
G1 F1500 X130.168 Y127.34 E617.20032
G0 F9000 X130.734 Y127.34
G1 F1500 X136.409 Y133.015 E617.46725
G0 F9000 X136.974 Y133.014
G1 F1500 X131.3 Y127.34 E617.73414
G0 F9000 X131.866 Y127.34
G1 F1500 X137.539 Y133.014 E618.001
G0 F9000 X138.105 Y133.014
G1 F1500 X132.431 Y127.34 E618.26789
G0 F9000 X132.997 Y127.34
G1 F1500 X138.67 Y133.013 E618.53473
G0 F9000 X139.236 Y133.013
G1 F1500 X133.563 Y127.34 E618.80157
G0 F9000 X134.128 Y127.34
G1 F1500 X139.801 Y133.013 E619.06841
G0 F9000 X140.366 Y133.012
G1 F1500 X134.694 Y127.34 E619.33521
G0 F9000 X135.26 Y127.34
G1 F1500 X140.932 Y133.012 E619.602
G0 F9000 X141.498 Y133.012
G1 F1500 X135.825 Y127.34 E619.86882
G0 F9000 X136.391 Y127.34
G1 F1500 X142.063 Y133.012 E620.13561
G0 F9000 X142.628 Y133.012
G1 F1500 X136.957 Y127.34 E620.40238
G0 F9000 X137.522 Y127.34
G1 F1500 X143.194 Y133.012 E620.66917
G0 F9000 X144.088 Y132.774
G1 F1500 X143.109 Y131.796 E620.7152
G0 F9000 X143.587 Y131.707
G1 F1500 X144.088 Y132.208 E620.73877
G0 F9000 X144.088 Y131.643
G1 F1500 X143.978 Y131.532 E620.74396
G0 F9000 X143.788 Y131.114
G0 X142.581 Y131.296
G0 X142.497 Y131.749
G1 F1500 X144.088 Y133.34 E620.8188
G1 F2700 E615.8188
G0 F9000 X144.548 Y133.34
G0 X144.46 Y130.581
G0 X142.652 Y131.387
G0 X141.271 Y129.965
G0 X140.823 Y130.075
G1 F2700 E620.8188
G1 F1500 X138.088 Y127.34 E620.94745
G0 F9000 X138.654 Y127.34
G1 F1500 X140.793 Y129.48 E621.04808
G0 F9000 X140.882 Y129.002
G1 F1500 X139.17 Y127.291 E621.12858
G0 F9000 X139.629 Y127.184
G1 F1500 X141.042 Y128.597 E621.19505
G0 F9000 X141.278 Y128.267
G1 F1500 X140.045 Y127.035 E621.25302
G0 F9000 X140.408 Y126.832
G1 F1500 X141.562 Y127.986 E621.3073
G0 F9000 X141.903 Y127.761
G1 F1500 X140.757 Y126.615 E621.36121
G0 F9000 X141.045 Y126.337
G1 F1500 X142.3 Y127.592 E621.42024
G0 F9000 X142.77 Y127.496
G1 F1500 X141.328 Y126.055 E621.48804
G0 F9000 X141.552 Y125.713
G1 F1500 X143.389 Y127.55 E621.57445
G0 F9000 X144.086 Y127.681
G1 F1500 X141.766 Y125.362 E621.68355
G0 F9000 X141.911 Y124.941
G1 F1500 X144.089 Y127.118 E621.78597
G0 F9000 X144.089 Y126.552
G1 F1500 X142.034 Y124.497 E621.88263
G0 F9000 X142.09 Y123.988
G1 F1500 X144.089 Y125.987 E621.97666
G0 F9000 X144.089 Y125.421
G1 F1500 X142.09 Y123.423 E622.07066
G0 F9000 X142.09 Y122.857
G1 F1500 X144.089 Y124.855 E622.16467
G0 F9000 X144.089 Y124.29
G1 F1500 X142.09 Y122.291 E622.25869
G0 F9000 X142.09 Y121.726
G1 F1500 X144.089 Y123.724 E622.3527
G0 F9000 X144.089 Y123.158
G1 F1500 X142.091 Y121.161 E622.44665
G0 F9000 X142.091 Y120.595
G1 F1500 X144.089 Y122.593 E622.54063
G0 F9000 X144.089 Y122.027
G1 F1500 X142.091 Y120.029 E622.63461
G0 F9000 X142.091 Y119.464
G1 F1500 X144.089 Y121.461 E622.72857
G0 F9000 X144.089 Y120.895
G1 F1500 X142.092 Y118.899 E622.82248
G0 F9000 X142.092 Y118.333
G1 F1500 X144.089 Y120.33 E622.91641
G0 F9000 X144.089 Y119.764
G1 F1500 X142.092 Y117.767 E623.01034
G0 F9000 X142.092 Y117.202
G1 F1500 X144.089 Y119.198 E623.10425
G0 F9000 X144.089 Y118.633
G1 F1500 X142.092 Y116.637 E623.19816
G0 F9000 X142.092 Y116.071
G1 F1500 X144.089 Y118.067 E623.29207
G0 F9000 X144.089 Y117.501
G1 F1500 X142.092 Y115.505 E623.38598
G0 F9000 X142.092 Y114.94
G1 F1500 X144.089 Y116.936 E623.47989
G0 F9000 X144.089 Y116.37
G1 F1500 X142.092 Y114.374 E623.5738
G0 F9000 X142.093 Y113.809
G1 F1500 X144.089 Y115.804 E623.66766
G0 F9000 X144.089 Y115.239
G1 F1500 X142.093 Y113.243 E623.76155
G0 F9000 X142.093 Y112.677
G1 F1500 X144.089 Y114.673 E623.85543
G0 F9000 X144.089 Y114.107
G1 F1500 X142.093 Y112.112 E623.9493
G0 F9000 X142.094 Y111.547
G1 F1500 X144.089 Y113.542 E624.04313
G0 F9000 X144.089 Y112.976
G1 F1500 X142.094 Y110.981 E624.13697
G0 F9000 X142.094 Y110.415
G1 F1500 X144.089 Y112.41 E624.23081
G0 F9000 X144.089 Y111.844
G1 F1500 X142.094 Y109.85 E624.32463
G0 F9000 X142.095 Y109.285
G1 F1500 X144.089 Y111.279 E624.41842
G0 F9000 X144.089 Y110.713
G1 F1500 X142.095 Y108.719 E624.51221
G0 F9000 X142.095 Y108.153
G1 F1500 X144.089 Y110.147 E624.606
G0 F9000 X144.089 Y109.582
G1 F1500 X142.095 Y107.588 E624.69979
G0 F9000 X142.095 Y107.022
G1 F1500 X144.089 Y109.016 E624.79358
G0 F9000 X144.089 Y108.45
G1 F1500 X142.095 Y106.457 E624.88735
G0 F9000 X142.095 Y105.891
G1 F1500 X144.089 Y107.885 E624.98114
G0 F9000 X144.089 Y107.319
G1 F1500 X142.095 Y105.326 E625.07491
G0 F9000 X142.095 Y104.76
G1 F1500 X144.089 Y106.753 E625.16868
G0 F9000 X144.089 Y106.188
G1 F1500 X142.096 Y104.195 E625.26243
G0 F9000 X142.096 Y103.629
G1 F1500 X144.089 Y105.622 E625.35617
G0 F9000 X144.089 Y105.056
G1 F1500 X142.096 Y103.064 E625.44989
G0 F9000 X142.096 Y102.498
G1 F1500 X144.089 Y104.491 E625.54364
G0 F9000 X144.089 Y103.925
G1 F1500 X142.097 Y101.933 E625.63733
G0 F9000 X142.097 Y101.367
G1 F1500 X144.089 Y103.359 E625.73103
G0 F9000 X144.089 Y102.794
G1 F1500 X142.097 Y100.802 E625.82473
G0 F9000 X142.097 Y100.236
G1 F1500 X144.089 Y102.228 E625.91843
G0 F9000 X144.089 Y101.662
G1 F1500 X142.097 Y99.671 E626.0121
G0 F9000 X142.097 Y99.105
G1 F1500 X144.089 Y101.096 E626.10577
G0 F9000 X144.089 Y100.531
G1 F1500 X142.097 Y98.54 E626.19945
G0 F9000 X142.097 Y97.974
G1 F1500 X144.089 Y99.965 E626.29312
G0 F9000 X144.089 Y99.399
G1 F1500 X142.097 Y97.408 E626.3868
G0 F9000 X142.098 Y96.843
G1 F1500 X144.089 Y98.834 E626.48045
G0 F9000 X144.089 Y98.268
G1 F1500 X142.098 Y96.278 E626.57407
G0 F9000 X142.098 Y95.712
G1 F1500 X144.089 Y97.702 E626.6677
G0 F9000 X144.089 Y97.137
G1 F1500 X142.098 Y95.146 E626.76135
G0 F9000 X142.099 Y94.581
G1 F1500 X144.089 Y96.571 E626.85495
G0 F9000 X144.089 Y96.005
G1 F1500 X142.099 Y94.016 E626.94853
G0 F9000 X142.099 Y93.45
G1 F1500 X144.089 Y95.44 E627.04214
G0 F9000 X144.089 Y94.874
G1 F1500 X142.099 Y92.884 E627.13574
G0 F9000 X142.099 Y92.319
G1 F1500 X144.089 Y94.308 E627.22932
G0 F9000 X144.089 Y93.743
G1 F1500 X142.099 Y91.753 E627.32293
G0 F9000 X142.099 Y91.188
G1 F1500 X144.089 Y93.177 E627.41651
G0 F9000 X144.089 Y92.611
G1 F1500 X142.099 Y90.622 E627.51009
G0 F9000 X142.099 Y90.056
G1 F1500 X144.089 Y92.046 E627.60369
G0 F9000 X144.089 Y91.48
G1 F1500 X142.78 Y90.172 E627.66524
G0 F9000 X143.307 Y90.133
G1 F1500 X144.089 Y90.914 E627.702
G0 F9000 X144.089 Y90.348
G1 F1500 X143.748 Y90.008 E627.71801
G1 F2700 E622.71801
G0 F9000 X143.555 Y89.59
G0 X141.724 Y89.318
G0 X141.389 Y123.898
G0 X141.323 Y124.489
G0 X141.12 Y125.072
G0 X140.789 Y125.596
G0 X140.35 Y126.035
G0 X139.829 Y126.365
G0 X139.243 Y126.569
G0 X138.908 Y126.606
G0 X106.725 Y126.96
G0 X106.124 Y133.391
G0 X107.183 Y134.336
G1 F2700 E627.71801
G1 F1500 X109.313 Y136.466 E627.8182
G0 F9000 X109.313 Y137.032
G1 F1500 X107.183 Y134.902 E627.91839
G0 F9000 X107.183 Y135.467
G1 F1500 X109.313 Y137.597 E628.01858
G0 F9000 X109.313 Y138.163
G1 F1500 X107.183 Y136.032 E628.11879
G0 F9000 X107.182 Y136.597
G1 F1500 X109.313 Y138.729 E628.21905
G0 F9000 X109.313 Y139.294
G1 F1500 X107.182 Y137.163 E628.31929
G0 F9000 X107.181 Y137.728
G1 F1500 X109.313 Y139.86 E628.41957
G0 F9000 X109.313 Y140.426
G1 F1500 X107.181 Y138.294 E628.51985
G0 F9000 X107.18 Y138.859
G1 F1500 X109.313 Y140.991 E628.62016
G0 F9000 X109.313 Y141.557
G1 F1500 X107.18 Y139.424 E628.72049
G0 F9000 X107.18 Y139.989
G1 F1500 X109.313 Y142.123 E628.82084
G0 F9000 X109.313 Y142.688
G1 F1500 X107.18 Y140.555 E628.92117
G0 F9000 X107.179 Y141.12
G1 F1500 X109.313 Y143.254 E629.02155
G0 F9000 X109.313 Y143.82
G1 F1500 X107.179 Y141.686 E629.12192
G0 F9000 X107.178 Y142.251
G1 F1500 X109.313 Y144.386 E629.22235
G0 F9000 X109.313 Y144.951
G1 F1500 X107.178 Y142.816 E629.32277
G0 F9000 X107.178 Y143.381
G1 F1500 X109.313 Y145.517 E629.42322
G0 F9000 X109.313 Y146.083
G1 F1500 X107.178 Y143.947 E629.52367
G0 F9000 X107.177 Y144.512
G1 F1500 X109.313 Y146.648 E629.62414
G0 F9000 X109.313 Y147.214
G1 F1500 X107.176 Y145.077 E629.72465
G0 F9000 X107.176 Y145.643
G1 F1500 X109.313 Y147.78 E629.82517
G0 F9000 X109.313 Y148.345
G1 F1500 X107.175 Y146.208 E629.92571
G1 F2700 E624.92571
G0 F9000 X106.723 Y146.207
G0 X106.463 Y148.663
G0 X95.7 Y149.004
G0 X95.7 Y156.588
G0 X95.7 Y156.228
G1 F2700 E629.92571
G1 F1500 X94.165 Y154.694 E629.99789
G0 F9000 X94.195 Y155.289
G1 F1500 X95.134 Y156.228 E630.04206
G0 F9000 X94.568 Y156.228
G1 F1500 X94.105 Y155.764 E630.06386
G0 F9000 X93.929 Y156.155
G1 F1500 X94.003 Y156.228 E630.06732
G1 F2700 E625.06732
G0 F9000 X94.003 Y156.688
G0 X129.014 Y156.588
G0 X129.014 Y149.004
G0 X129.014 Y149.379
G1 F2700 E630.06732
G1 F1500 X135.863 Y156.228 E630.38947
G0 F9000 X136.429 Y156.228
G1 F1500 X129.58 Y149.379 E630.71163
G0 F9000 X130.146 Y149.379
G1 F1500 X136.995 Y156.228 E631.03379
G0 F9000 X137.561 Y156.228
G1 F1500 X130.712 Y149.38 E631.35592
G0 F9000 X131.278 Y149.38
G1 F1500 X138.126 Y156.228 E631.67803
G0 F9000 X138.692 Y156.228
G1 F1500 X131.844 Y149.38 E632.00014
G0 F9000 X132.41 Y149.381
G1 F1500 X139.258 Y156.228 E632.32222
G0 F9000 X139.823 Y156.228
G1 F1500 X132.976 Y149.381 E632.64428
G0 F9000 X133.541 Y149.381
G1 F1500 X140.389 Y156.228 E632.96637
G0 F9000 X140.955 Y156.228
G1 F1500 X134.107 Y149.381 E633.28846
G0 F9000 X134.673 Y149.381
G1 F1500 X141.52 Y156.228 E633.61052
G0 F9000 X142.086 Y156.228
G1 F1500 X135.239 Y149.381 E633.93258
G0 F9000 X135.805 Y149.381
G1 F1500 X142.652 Y156.228 E634.25464
G0 F9000 X143.181 Y156.191
G1 F1500 X136.371 Y149.382 E634.57494
G0 F9000 X136.937 Y149.382
G1 F1500 X143.571 Y156.016 E634.88698
G0 F9000 X143.857 Y155.737
G1 F1500 X137.503 Y149.382 E635.18588
G0 F9000 X138.069 Y149.383
G1 F1500 X144.04 Y155.354 E635.46674
G0 F9000 X144.088 Y154.836
G1 F1500 X138.635 Y149.383 E635.72323
G0 F9000 X139.2 Y149.383
G1 F1500 X144.088 Y154.27 E635.95312
G0 F9000 X144.088 Y153.705
G1 F1500 X139.767 Y149.383 E636.15639
G0 F9000 X140.332 Y149.383
G1 F1500 X144.088 Y153.139 E636.33306
G0 F9000 X144.088 Y152.573
G1 F1500 X140.898 Y149.383 E636.48311
G0 F9000 X141.464 Y149.384
G1 F1500 X144.088 Y152.007 E636.60651
G0 F9000 X144.088 Y151.442
G1 F1500 X142.03 Y149.384 E636.70331
G0 F9000 X142.596 Y149.384
G1 F1500 X144.088 Y150.876 E636.77349
G0 F9000 X144.088 Y150.31
G1 F1500 X143.145 Y149.367 E636.81785
G0 F9000 X143.574 Y149.231
G1 F1500 X144.088 Y149.745 E636.84203
G0 F9000 X144.088 Y149.179
G1 F1500 X143.888 Y148.98 E636.85141
G1 F2700 E631.85141
G0 F9000 X143.586 Y148.643
G0 X143.463 Y133.737
G0 X143.171 Y133.394
G0 X143.441 Y128.328
G0 X144.288 Y86.605
G1 F2700 E636.85141
G1 F1500 X143.98 Y86.362 E636.86446
G1 X143.57 Y86.163 E636.87962
G1 X143.106 Y86.067 E636.89538
G1 X142.665 Y86.07 E636.91004
G1 X142.341 Y86.154 E636.92118
G1 X141.9 Y86.357 E636.93732
G1 X141.899 Y83.897 E637.01914
G1 X141.823 Y83.209 E637.04216
G1 X141.57 Y82.481 E637.0678
G1 X141.198 Y81.889 E637.09105
G1 X140.686 Y81.37 E637.1153
G1 X140.066 Y80.978 E637.1397
G1 X139.375 Y80.731 E637.16411
G1 X138.641 Y80.649 E637.18867
G1 X96.26 Y80.653 E638.59827
G1 X95.641 Y80.726 E638.619
G1 X94.926 Y80.978 E638.64421
G1 X94.306 Y81.37 E638.66861
G1 X93.822 Y81.854 E638.69138
G1 X93.426 Y82.482 E638.71607
G1 X93.179 Y83.169 E638.74035
G1 X93.105 Y83.818 E638.76208
G1 X93.1 Y86.359 E638.84659
G1 X92.939 Y86.252 E638.85302
G1 X92.321 Y86.063 E638.87452
G1 X91.928 Y86.064 E638.88759
G1 X91.472 Y86.152 E638.90303
G1 X91.054 Y86.333 E638.91818
G1 X90.709 Y86.603 E638.93275
G1 X90.708 Y79.976 E639.15317
G1 X90.749 Y79.617 E639.16519
G1 X90.846 Y79.341 E639.17492
G1 X91.009 Y79.086 E639.18498
G1 X91.227 Y78.865 E639.19531
G1 X91.476 Y78.706 E639.20514
G1 X91.761 Y78.609 E639.21515
G1 X92.116 Y78.568 E639.22703
G1 X142.876 Y78.568 E640.91532
G1 X143.235 Y78.609 E640.92734
G1 X143.52 Y78.706 E640.93735
G1 X143.761 Y78.861 E640.94688
G1 X143.99 Y79.093 E640.95772
G1 X144.147 Y79.341 E640.96748
G1 X144.248 Y79.622 E640.97742
G1 X144.288 Y79.972 E640.98913
G1 X144.288 Y86.605 E641.20975
G1 F2700 E636.20975
G0 F9000 X144.548 Y86.605
G0 X144.445 Y79.578
G0 X144.33 Y79.252
G0 X143.975 Y78.812
G0 X143.497 Y78.425
G0 X143.347 Y78.859
G1 F2700 E641.20975
G1 F1500 X143.994 Y79.506 E641.24018
G0 F9000 X144.088 Y80.165
G1 F1500 X142.691 Y78.768 E641.30589
G0 F9000 X142.125 Y78.768
G1 F1500 X144.088 Y80.731 E641.39822
G0 F9000 X144.088 Y81.297
G1 F1500 X141.559 Y78.768 E641.51718
G0 F9000 X140.994 Y78.768
G1 F1500 X144.088 Y81.862 E641.66271
G0 F9000 X144.088 Y82.428
G1 F1500 X140.428 Y78.768 E641.83487
G0 F9000 X139.862 Y78.768
G1 F1500 X144.088 Y82.994 E642.03365
G0 F9000 X144.088 Y83.56
G1 F1500 X139.297 Y78.768 E642.25902
G0 F9000 X138.731 Y78.768
G1 F1500 X144.088 Y84.125 E642.511
G0 F9000 X144.088 Y84.691
G1 F1500 X141.682 Y82.285 E642.62417
G0 F9000 X142.022 Y83.19
G1 F1500 X144.088 Y85.257 E642.72137
G0 F9000 X144.088 Y85.822
G1 F1500 X142.092 Y83.826 E642.81526
G0 F9000 X142.098 Y84.398
G1 F1500 X143.706 Y86.006 E642.89089
G0 F9000 X143.002 Y85.868
G1 F1500 X142.099 Y84.965 E642.93337
G0 F9000 X142.1 Y85.532
G1 F1500 X142.48 Y85.911 E642.95122
G1 F2700 E637.95122
G0 F9000 X142.595 Y86.357
G0 X141.724 Y86.718
G0 X141.323 Y83.307
G0 X141.119 Y82.721
G0 X140.932 Y82.426
G0 X140.014 Y81.251
G0 X140.258 Y80.861
G1 F2700 E642.95122
G1 F1500 X138.165 Y78.768 E643.04967
G0 F9000 X137.599 Y78.768
G1 F1500 X139.353 Y80.522 E643.13217
G0 F9000 X138.722 Y80.456
G1 F1500 X137.034 Y78.768 E643.21157
G0 F9000 X136.468 Y78.768
G1 F1500 X138.15 Y80.45 E643.29069
G0 F9000 X137.584 Y80.45
G1 F1500 X135.902 Y78.768 E643.3698
G0 F9000 X135.337 Y78.768
G1 F1500 X137.018 Y80.45 E643.44889
G0 F9000 X136.453 Y80.45
G1 F1500 X134.771 Y78.768 E643.52801
G0 F9000 X134.205 Y78.768
G1 F1500 X135.887 Y80.45 E643.60713
G0 F9000 X135.321 Y80.45
G1 F1500 X133.64 Y78.768 E643.68622
G0 F9000 X133.074 Y78.768
G1 F1500 X134.755 Y80.45 E643.76531
G0 F9000 X134.19 Y80.45
G1 F1500 X132.508 Y78.768 E643.84443
G0 F9000 X131.943 Y78.768
G1 F1500 X133.624 Y80.45 E643.92352
G0 F9000 X133.058 Y80.45
G1 F1500 X131.377 Y78.768 E644.00261
G0 F9000 X130.811 Y78.768
G1 F1500 X132.493 Y80.45 E644.08173
G0 F9000 X131.927 Y80.45
G1 F1500 X130.246 Y78.768 E644.16082
G0 F9000 X129.68 Y78.768
G1 F1500 X131.362 Y80.45 E644.23994
G0 F9000 X130.796 Y80.45
G1 F1500 X129.114 Y78.768 E644.31905
G0 F9000 X128.548 Y78.768
G1 F1500 X130.231 Y80.45 E644.39819
G0 F9000 X129.665 Y80.45
G1 F1500 X127.983 Y78.768 E644.47731
G0 F9000 X127.417 Y78.768
G1 F1500 X129.099 Y80.45 E644.55643
G0 F9000 X128.534 Y80.45
G1 F1500 X126.851 Y78.768 E644.63557
G0 F9000 X126.286 Y78.768
G1 F1500 X127.968 Y80.45 E644.71468
G0 F9000 X127.402 Y80.45
G1 F1500 X125.72 Y78.768 E644.7938
G0 F9000 X125.154 Y78.768
G1 F1500 X126.837 Y80.45 E644.87294
G0 F9000 X126.271 Y80.45
G1 F1500 X124.589 Y78.768 E644.95205
G0 F9000 X124.023 Y78.768
G1 F1500 X125.705 Y80.45 E645.03117
G0 F9000 X125.14 Y80.45
G1 F1500 X123.457 Y78.768 E645.11031
G0 F9000 X122.892 Y78.768
G1 F1500 X124.574 Y80.45 E645.18943
G0 F9000 X124.009 Y80.451
G1 F1500 X122.326 Y78.768 E645.26859
G0 F9000 X121.76 Y78.768
G1 F1500 X123.443 Y80.451 E645.34775
G0 F9000 X122.877 Y80.451
G1 F1500 X121.195 Y78.768 E645.42689
G0 F9000 X120.629 Y78.768
G1 F1500 X122.312 Y80.451 E645.50605
G0 F9000 X121.746 Y80.451
G1 F1500 X120.063 Y78.768 E645.58522
G0 F9000 X119.498 Y78.768
G1 F1500 X121.18 Y80.451 E645.66436
G0 F9000 X120.615 Y80.451
G1 F1500 X118.932 Y78.768 E645.74352
G0 F9000 X118.366 Y78.768
G1 F1500 X120.049 Y80.451 E645.82268
G0 F9000 X119.483 Y80.451
G1 F1500 X117.8 Y78.768 E645.90185
G0 F9000 X117.235 Y78.768
G1 F1500 X118.918 Y80.451 E645.98101
G0 F9000 X118.352 Y80.451
G1 F1500 X116.669 Y78.768 E646.06017
G0 F9000 X116.103 Y78.768
G1 F1500 X117.786 Y80.451 E646.13934
G0 F9000 X117.221 Y80.452
G1 F1500 X115.538 Y78.768 E646.21852
G0 F9000 X114.972 Y78.768
G1 F1500 X116.656 Y80.452 E646.29773
G0 F9000 X116.09 Y80.452
G1 F1500 X114.406 Y78.768 E646.37694
G0 F9000 X113.841 Y78.768
G1 F1500 X115.524 Y80.452 E646.45613
G0 F9000 X114.959 Y80.452
G1 F1500 X113.275 Y78.768 E646.53534
G0 F9000 X112.709 Y78.768
G1 F1500 X114.393 Y80.452 E646.61455
G0 F9000 X113.827 Y80.452
G1 F1500 X112.144 Y78.768 E646.69374
G0 F9000 X111.578 Y78.768
G1 F1500 X113.262 Y80.452 E646.77295
G0 F9000 X112.696 Y80.452
G1 F1500 X111.012 Y78.768 E646.85216
G0 F9000 X110.447 Y78.768
G1 F1500 X112.13 Y80.452 E646.93134
G0 F9000 X111.564 Y80.452
G1 F1500 X109.881 Y78.768 E647.01053
G0 F9000 X109.315 Y78.768
G1 F1500 X110.999 Y80.452 E647.08974
G0 F9000 X110.433 Y80.452
G1 F1500 X108.749 Y78.768 E647.16895
G0 F9000 X108.184 Y78.768
G1 F1500 X109.868 Y80.452 E647.24816
G0 F9000 X109.302 Y80.452
G1 F1500 X107.618 Y78.768 E647.32737
G0 F9000 X107.052 Y78.768
G1 F1500 X108.737 Y80.452 E647.40661
G0 F9000 X108.171 Y80.452
G1 F1500 X106.487 Y78.768 E647.48582
G0 F9000 X105.921 Y78.768
G1 F1500 X107.605 Y80.452 E647.56503
G0 F9000 X107.04 Y80.452
G1 F1500 X105.355 Y78.768 E647.64426
G0 F9000 X104.79 Y78.768
G1 F1500 X106.474 Y80.452 E647.72347
G0 F9000 X105.908 Y80.452
G1 F1500 X104.224 Y78.768 E647.80268
G0 F9000 X103.658 Y78.768
G1 F1500 X105.343 Y80.452 E647.88191
G0 F9000 X104.777 Y80.452
G1 F1500 X103.093 Y78.768 E647.96112
G0 F9000 X102.527 Y78.768
G1 F1500 X104.211 Y80.452 E648.04033
G0 F9000 X103.646 Y80.452
G1 F1500 X101.961 Y78.768 E648.11957
G0 F9000 X101.396 Y78.768
G1 F1500 X103.081 Y80.453 E648.19882
G0 F9000 X102.515 Y80.453
G1 F1500 X100.83 Y78.768 E648.27808
G0 F9000 X100.264 Y78.768
G1 F1500 X101.949 Y80.453 E648.35734
G0 F9000 X101.384 Y80.453
G1 F1500 X99.699 Y78.768 E648.4366
G0 F9000 X99.133 Y78.768
G1 F1500 X100.818 Y80.453 E648.51585
G0 F9000 X100.252 Y80.453
G1 F1500 X98.567 Y78.768 E648.59511
G0 F9000 X98.001 Y78.768
G1 F1500 X99.686 Y80.453 E648.67437
G0 F9000 X99.121 Y80.453
G1 F1500 X97.436 Y78.768 E648.75363
G0 F9000 X96.87 Y78.768
G1 F1500 X98.555 Y80.453 E648.83288
G0 F9000 X97.989 Y80.453
G1 F1500 X96.304 Y78.768 E648.91214
G0 F9000 X95.739 Y78.768
G1 F1500 X97.424 Y80.453 E648.9914
G0 F9000 X96.858 Y80.453
G1 F1500 X95.173 Y78.768 E649.07065
G0 F9000 X94.607 Y78.768
G1 F1500 X96.292 Y80.453 E649.14991
G0 F9000 X95.782 Y80.508
G1 F1500 X94.042 Y78.768 E649.23176
G0 F9000 X93.476 Y78.768
G1 F1500 X95.331 Y80.623 E649.31901
G0 F9000 X94.909 Y80.766
G1 F1500 X92.91 Y78.768 E649.41301
G0 F9000 X92.345 Y78.768
G1 F1500 X94.551 Y80.975 E649.5168
G0 F9000 X94.203 Y81.192
G1 F1500 X91.815 Y78.804 E649.62912
G0 F9000 X91.423 Y78.977
G1 F1500 X93.92 Y81.475 E649.7466
G0 F9000 X93.639 Y81.76
G1 F1500 X91.136 Y79.257 E649.86433
G0 F9000 X90.952 Y79.639
G1 F1500 X93.422 Y82.109 E649.98051
G0 F9000 X93.214 Y82.466
G1 F1500 X90.908 Y80.16 E650.08898
G0 F9000 X90.908 Y80.725
G1 F1500 X93.067 Y82.884 E650.19053
G0 F9000 X92.955 Y83.338
G1 F1500 X90.908 Y81.291 E650.28682
G0 F9000 X90.908 Y81.857
G1 F1500 X92.906 Y83.855 E650.3808
G0 F9000 X92.905 Y84.419
G1 F1500 X90.908 Y82.422 E650.47473
G0 F9000 X90.908 Y82.988
G1 F1500 X92.903 Y84.984 E650.56859
G0 F9000 X92.901 Y85.547
G1 F1500 X90.908 Y83.554 E650.66234
G0 F9000 X90.908 Y84.12
G1 F1500 X92.784 Y85.996 E650.75058
G0 F9000 X92.086 Y85.863
G1 F1500 X90.908 Y84.685 E650.80599
G0 F9000 X90.908 Y85.251
G1 F1500 X91.582 Y85.925 E650.83769
G0 F9000 X91.157 Y86.066
G1 F1500 X90.908 Y85.817 E650.8494
G1 F2700 E645.8494
;MESH:NONMESH
G0 F300 Z0.8
G0 F9000 X90.448 Y85.817
G0 X90.42 Y87.699
;TIME_ELAPSED:1124.164899
;LAYER:3
M106 S255
;TYPE:WALL-INNER
;MESH:Touch_pad_protector.stl
G1 F2700 E650.8494
G1 F1136.4 X90.404 Y88.02 E650.86351
G1 F1129.9 X90.423 Y88.376 E650.87925
G1 F2700 E645.87925
G0 F9000 X90.42 Y129.327
G1 F2700 E650.87925
G1 F1136.4 X90.404 Y129.648 E650.89336
G1 F1129.9 X90.423 Y130.008 E650.90928
G1 F2700 E645.90928
G0 F9000 X90.548 Y148.824
G0 X91.973 Y149.005
G0 X106.093 Y148.824
G1 F2700 E650.90928
G1 F1500 X91.972 Y148.824 E651.37895
G1 X91.74 Y148.778 E651.38681
G1 X91.491 Y148.584 E651.39731
G1 X91.372 Y148.307 E651.40734
G1 X91.372 Y134.172 E651.87747
G1 X91.534 Y133.761 E651.89217
G1 X91.856 Y133.574 E651.90455
G1 X106.099 Y133.572 E652.37828
G1 X106.335 Y133.658 E652.38663
G1 X106.487 Y133.789 E652.3933
G1 X106.624 Y134.052 E652.40317
G1 X106.622 Y148.277 E652.87629
G1 X106.595 Y148.409 E652.88077
G1 X106.455 Y148.642 E652.88981
G1 X106.3 Y148.758 E652.89625
G1 X106.093 Y148.824 E652.90348
G1 F2700 E647.90348
G0 F9000 X106.68 Y148.649
G0 X109.693 Y148.291
G0 X117.5 Y148.824
G1 F2700 E652.90348
G1 F1500 X110.392 Y148.824 E653.13989
G1 X110.196 Y148.758 E653.14677
G1 X110.041 Y148.642 E653.15321
G1 X109.901 Y148.409 E653.16225
G1 X109.874 Y148.277 E653.16673
G1 X109.872 Y134.052 E653.63986
G1 X110.009 Y133.789 E653.64972
G1 X110.161 Y133.658 E653.6564
G1 X110.397 Y133.572 E653.66475
G1 X124.599 Y133.572 E654.13711
G1 X124.835 Y133.658 E654.14546
G1 X124.987 Y133.789 E654.15214
G1 X125.124 Y134.052 E654.162
G1 X125.122 Y148.277 E654.63513
G1 X125.095 Y148.409 E654.63961
G1 X124.955 Y148.642 E654.64865
G1 X124.8 Y148.758 E654.65509
G1 X124.593 Y148.824 E654.66231
G1 X117.5 Y148.824 E654.89823
G1 F2700 E649.89823
G0 F9000 X117.5 Y156.588
G0 X117.5 Y156.788
G1 F2700 E654.89823
G1 F1500 X142.903 Y156.788 E655.74314
G1 X143.318 Y156.742 E655.75702
G1 X143.675 Y156.617 E655.7696
G1 X143.994 Y156.413 E655.7822
G1 X144.273 Y156.133 E655.79534
G1 X144.476 Y155.815 E655.80789
G1 X144.602 Y155.458 E655.82048
G1 X144.648 Y155.043 E655.83437
G1 F1492.5 X144.646 Y142.709 E656.24665
G1 F1470.6 X144.643 Y130.375 E656.66509
G1 F1357.5 X144.576 Y130.022 E656.67829
G1 F1315.8 X144.237 Y130.591 E656.70341
G1 F1435.4 X143.908 Y130.921 E656.7196
G1 F1500 X143.517 Y131.15 E656.73467
G1 X143.107 Y131.239 E656.74863
G1 X142.742 Y131.24 E656.76077
G1 X142.443 Y131.168 E656.771
G1 X142.091 Y131.005 E656.7839
G1 X141.789 Y130.761 E656.79681
G1 X141.555 Y130.45 E656.80976
G1 X141.378 Y130.04 E656.82461
G1 X141.34 Y129.621 E656.8386
G1 X141.387 Y129.252 E656.85098
G1 X141.516 Y128.901 E656.86341
G1 X141.742 Y128.582 E656.87642
G1 X142.023 Y128.327 E656.88904
G1 X142.382 Y128.15 E656.90235
G1 X142.679 Y128.071 E656.91257
G1 X143.138 Y128.053 E656.92785
G1 X143.569 Y128.181 E656.9428
G1 X143.908 Y128.375 E656.9558
G1 F1435.4 X144.236 Y128.696 E656.97175
G1 F1321.6 X144.58 Y129.304 E656.99812
G1 F1376.1 X144.648 Y128.921 E657.01222
G1 F1492.5 X144.646 Y115.528 E657.4599
G1 F1481.5 X144.645 Y102.135 E657.91092
G1 F1470.6 X144.643 Y88.742 E658.36528
G1 F1357.5 X144.576 Y88.39 E658.37845
G1 F1315.8 X144.226 Y88.98 E658.40446
G1 F1435.4 X143.908 Y89.289 E658.41987
G1 F1500 X143.577 Y89.483 E658.43264
G1 X143.149 Y89.612 E658.4475
G1 X142.816 Y89.612 E658.45858
G1 X142.433 Y89.534 E658.47158
G1 X142.023 Y89.341 E658.48665
G1 X141.694 Y89.023 E658.50187
G1 X141.539 Y88.788 E658.51123
G1 X141.537 Y123.942 E659.68046
G1 X141.468 Y124.524 E659.69995
G1 X141.252 Y125.142 E659.72173
G1 X140.901 Y125.697 E659.74357
G1 X140.444 Y126.148 E659.76492
G1 X139.882 Y126.502 E659.78701
G1 X139.275 Y126.717 E659.80843
G1 X138.667 Y126.783 E659.82877
G1 X96.329 Y126.783 E661.23694
G1 X95.729 Y126.714 E661.25703
G1 X95.114 Y126.502 E661.27866
G1 X94.552 Y126.149 E661.30074
G1 X94.102 Y125.7 E661.32188
G1 X93.744 Y125.14 E661.34399
G1 X93.528 Y124.522 E661.36576
G1 X93.463 Y123.938 E661.38531
G1 X93.46 Y88.782 E662.5546
G1 X93.302 Y89.023 E662.56418
G1 X93.028 Y89.289 E662.57689
G1 X92.696 Y89.483 E662.58967
G1 X92.269 Y89.612 E662.60451
G1 X91.927 Y89.612 E662.61589
G1 X91.553 Y89.534 E662.62859
G1 X91.211 Y89.373 E662.64116
G1 X90.909 Y89.129 E662.65408
G1 X90.679 Y88.827 E662.6667
G1 F1369.9 X90.42 Y88.39 E662.6852
G1 F1357.5 X90.353 Y88.742 E662.69837
G1 F1470.6 X90.351 Y102.135 E663.15274
G1 F1481.5 X90.35 Y115.528 E663.60376
G1 F1492.5 X90.348 Y128.921 E664.05144
G1 F1376.1 X90.416 Y129.304 E664.06554
G1 F1321.6 X90.761 Y128.694 E664.092
G1 F1435.4 X91.143 Y128.322 E664.11053
G1 F1500 X91.553 Y128.135 E664.12552
G1 X91.936 Y128.056 E664.13852
G1 X92.26 Y128.056 E664.1493
G1 X92.617 Y128.15 E664.16158
G1 X92.973 Y128.327 E664.1748
G1 X93.269 Y128.588 E664.18793
G1 X93.502 Y128.96 E664.20253
G1 X93.609 Y129.253 E664.2129
G1 X93.656 Y129.621 E664.22524
G1 X93.618 Y130.04 E664.23923
G1 X93.441 Y130.45 E664.25409
G1 X93.207 Y130.761 E664.26703
G1 X92.909 Y131.003 E664.2798
G1 X92.555 Y131.168 E664.29279
G1 X92.243 Y131.24 E664.30344
G1 X91.889 Y131.238 E664.31521
G1 X91.563 Y131.168 E664.3263
G1 X91.211 Y131.005 E664.33921
G1 F1467 X90.818 Y130.687 E664.3564
G1 F1345.3 X90.42 Y130.022 E664.38514
G1 F1357.5 X90.353 Y130.375 E664.39834
G1 F1470.6 X90.35 Y142.368 E664.80521
G1 F1492.5 X90.348 Y154.361 E665.20609
G1 F1376.1 X90.416 Y154.744 E665.2202
G1 F1321.6 X90.761 Y154.134 E665.24665
G1 F1435.4 X91.143 Y153.762 E665.26518
G1 F1500 X91.553 Y153.575 E665.28017
G1 X91.936 Y153.496 E665.29318
G1 X92.288 Y153.505 E665.30489
G1 X92.564 Y153.574 E665.31435
G1 X92.901 Y153.729 E665.32669
G1 X93.263 Y154.02 E665.34214
G1 X93.495 Y154.385 E665.35652
G1 X93.62 Y154.71 E665.3681
G1 X93.653 Y155.152 E665.38285
G1 X93.589 Y155.547 E665.39616
G1 X93.441 Y155.89 E665.40858
G1 X93.207 Y156.201 E665.42153
G1 X92.909 Y156.443 E665.43429
G1 F1438.8 X92.559 Y156.625 E665.44797
G1 F1257.9 X92.293 Y156.73 E665.45931
G1 F1304.3 X92.754 Y156.788 E665.47709
G1 F1500 X117.5 Y156.788 E666.30014
G1 F2700 E661.30014
G0 F9000 X128.892 Y156.588
G0 X128.892 Y149.004
G0 X128.892 Y148.824
G1 F2700 E666.30014
G1 F1500 X128.696 Y148.758 E666.30702
G1 X128.541 Y148.642 E666.31346
G1 X128.401 Y148.409 E666.3225
G1 X128.374 Y148.277 E666.32698
G1 X128.372 Y134.052 E666.80011
G1 X128.509 Y133.789 E666.80997
G1 X128.661 Y133.658 E666.81664
G1 X128.897 Y133.572 E666.825
G1 X143.139 Y133.574 E667.29869
G1 X143.462 Y133.76 E667.31109
G1 X143.624 Y134.172 E667.32581
G1 X143.624 Y148.31 E667.79604
G1 X143.505 Y148.584 E667.80598
G1 X143.256 Y148.779 E667.8165
G1 X143.024 Y148.824 E667.82436
G1 X128.892 Y148.824 E668.29439
G1 F2700 E663.29439
G0 F9000 X128.537 Y148.663
G0 X128.537 Y133.737
G0 X143.171 Y133.394
G0 X144.448 Y133.394
G0 X144.573 Y130.008
G1 F2700 E668.29439
G1 F1129.9 X144.592 Y129.648 E668.31031
G1 F1136.4 X144.576 Y129.327 E668.32442
G1 F2700 E663.32442
G0 F9000 X144.573 Y88.376
G1 F2700 E668.32442
G1 F1129.9 X144.592 Y88.02 E668.34016
G1 F1136.4 X144.576 Y87.699 E668.35427
G0 F9000 X144.58 Y87.676
G1 F1376.1 X144.648 Y87.294 E668.36834
G1 F1500 X144.648 Y79.953 E668.6125
G1 X144.603 Y79.542 E668.62625
G1 X144.476 Y79.181 E668.63898
G1 X144.273 Y78.863 E668.65153
G1 X143.993 Y78.583 E668.6647
G1 X143.677 Y78.381 E668.67717
G1 X143.318 Y78.257 E668.6898
G1 X142.901 Y78.208 E668.70377
G1 X92.095 Y78.208 E670.39358
G1 X91.682 Y78.257 E670.40741
G1 X91.319 Y78.381 E670.42017
G1 X91.003 Y78.583 E670.43265
G1 X90.723 Y78.863 E670.44582
G1 X90.521 Y79.179 E670.45829
G1 X90.397 Y79.542 E670.47105
G1 X90.348 Y79.955 E670.48488
G1 X90.348 Y87.294 E670.72898
G1 F1376.1 X90.416 Y87.676 E670.74305
G1 X90.679 Y87.209 E670.76248
G1 F1500 X90.909 Y86.907 E670.7751
G1 X91.211 Y86.663 E670.78802
G1 X91.553 Y86.503 E670.80057
G1 X91.927 Y86.424 E670.81329
G1 X92.269 Y86.424 E670.82466
G1 X92.696 Y86.553 E670.8395
G1 X93.028 Y86.747 E670.85229
G1 X93.302 Y87.013 E670.86499
G1 X93.46 Y87.254 E670.87457
G1 X93.463 Y83.859 E670.98749
G1 X93.527 Y83.273 E671.0071
G1 X93.743 Y82.655 E671.02887
G1 X94.092 Y82.098 E671.05073
G1 X94.548 Y81.642 E671.07218
G1 X95.1 Y81.296 E671.09385
G1 X95.721 Y81.081 E671.11571
G1 X96.372 Y81.008 E671.1375
G1 X138.694 Y81.011 E672.54513
G1 X139.278 Y81.08 E672.56469
G1 X139.896 Y81.296 E672.58647
G1 X140.448 Y81.642 E672.60813
G1 X140.904 Y82.098 E672.62958
G1 X141.253 Y82.655 E672.65144
G1 X141.469 Y83.273 E672.67322
G1 X141.537 Y83.854 E672.69267
G1 X141.539 Y87.248 E672.80556
G1 X141.694 Y87.013 E672.81492
G1 X142.023 Y86.695 E672.83014
G1 X142.433 Y86.503 E672.8452
G1 X142.816 Y86.424 E672.85821
G1 X143.07 Y86.424 E672.86665
G1 X143.444 Y86.502 E672.87936
G1 X143.856 Y86.697 E672.89452
G1 F1435.4 X144.236 Y87.066 E672.91293
G1 F1321.6 X144.58 Y87.676 E672.93937
G1 F2700 E667.93937
G0 F9000 X144.227 Y88.693
G0 X144.028 Y88.982
G0 X143.765 Y89.214
G0 X142.717 Y89.773
G0 X141.724 Y89.318
G0 X141.389 Y123.898
G0 X141.323 Y124.489
G0 X141.12 Y125.072
G0 X140.789 Y125.596
G0 X140.35 Y126.035
G0 X139.829 Y126.365
G0 X139.243 Y126.569
G0 X138.652 Y126.635
G0 X95.018 Y126.639
G0 X93.371 Y124.557
G0 X93.277 Y89.315
G0 X91.515 Y89.689
G0 X90.535 Y88.951
G0 X90.42 Y154.766
G1 F2700 E672.93937
G1 F1132.1 X90.405 Y155.038 E672.95137
G1 F1181.1 X90.447 Y155.447 E672.96874
G1 F1192.8 X90.567 Y155.794 E672.9841
G1 F1195.2 X90.761 Y156.103 E672.99933
G1 F1202.4 X91.033 Y156.375 E673.01529
G1 X91.343 Y156.57 E673.03048
G1 F1185.8 X91.767 Y156.718 E673.04938
G1 F1162.8 X92.293 Y156.73 E673.07195
G0 F9000 X92.215 Y156.277
;TYPE:WALL-OUTER
G1 F1500 X91.914 Y156.279 E673.08196
G1 X91.611 Y156.202 E673.09236
G1 X91.38 Y156.081 E673.10104
G1 X91.166 Y155.894 E673.11049
G1 X91.003 Y155.661 E673.11995
G1 X90.898 Y155.398 E673.12936
G1 X90.86 Y155.069 E673.14038
G1 X90.889 Y154.82 E673.14872
G1 X90.985 Y154.552 E673.15819
G1 X91.142 Y154.311 E673.16775
G1 X91.354 Y154.114 E673.17738
G1 X91.653 Y153.962 E673.18853
G1 X91.936 Y153.896 E673.1982
G1 X92.216 Y153.899 E673.20751
G1 X92.507 Y153.977 E673.21753
G1 X92.761 Y154.114 E673.22713
G1 X92.974 Y154.311 E673.23678
G1 X93.131 Y154.552 E673.24635
G1 X93.227 Y154.82 E673.25582
G1 X93.255 Y155.107 E673.26541
G1 X93.215 Y155.404 E673.27537
G1 X93.11 Y155.665 E673.28473
G1 X92.974 Y155.865 E673.29278
G1 X92.761 Y156.062 E673.30243
G1 X92.463 Y156.219 E673.31363
G1 X92.215 Y156.277 E673.3221
G1 F2700 E668.3221
G0 F9000 X92.288 Y156.582
G0 X92.937 Y156.599
G0 X106.057 Y156.588
G0 X106.023 Y149.005
G0 X106.057 Y148.422
G1 F2700 E673.3221
G1 F1500 X91.913 Y148.424 E673.79253
G1 X91.811 Y148.344 E673.79684
G1 X91.775 Y148.259 E673.79991
G1 X91.772 Y134.172 E674.26845
G1 X91.826 Y134.035 E674.27335
G1 X91.926 Y133.977 E674.27719
G1 X106.061 Y133.975 E674.74732
G1 X106.179 Y134.044 E674.75187
G1 X106.224 Y134.132 E674.75516
G1 X106.224 Y148.271 E675.22542
G1 X106.168 Y148.364 E675.22903
G1 X106.057 Y148.422 E675.2332
G1 F2700 E670.2332
G0 F9000 X106.057 Y148.735
G0 X106.803 Y148.291
G0 X109.693 Y148.291
G0 X117.5 Y148.422
G1 F2700 E675.2332
G1 F1500 X110.437 Y148.422 E675.46811
G1 X110.304 Y148.333 E675.47344
G1 X110.272 Y148.242 E675.47665
G1 X110.272 Y134.092 E675.94728
G1 X110.437 Y133.974 E675.95402
G1 X124.561 Y133.975 E676.42379
G1 X124.679 Y134.044 E676.42834
G1 X124.724 Y134.132 E676.43162
G1 X124.724 Y148.271 E676.90189
G1 X124.668 Y148.364 E676.9055
G1 X124.557 Y148.422 E676.90966
G1 X117.5 Y148.422 E677.14438
G1 F2700 E672.14438
G0 F9000 X117.5 Y148.735
G0 X117.5 Y149.004
G0 X117.5 Y156.588
G0 X117.5 Y157.188
G1 F2700 E677.14438
G1 F1500 X142.925 Y157.188 E677.99002
G1 X143.407 Y157.135 E678.00615
G1 X143.851 Y156.979 E678.0218
G1 X144.246 Y156.727 E678.03738
G1 X144.587 Y156.385 E678.05345
G1 X144.838 Y155.991 E678.06899
G1 X144.995 Y155.547 E678.08465
G1 X145.048 Y155.065 E678.10078
G1 X145.048 Y79.931 E680.59974
G1 X144.995 Y79.453 E680.61574
G1 X144.838 Y79.005 E680.63153
G1 X144.587 Y78.611 E680.64707
G1 X144.245 Y78.269 E680.66315
G1 X143.852 Y78.018 E680.67866
G1 X143.407 Y77.865 E680.69431
G1 X142.924 Y77.808 E680.71049
G1 X92.072 Y77.808 E682.40183
G1 X91.593 Y77.865 E682.41788
G1 X91.144 Y78.018 E682.43366
G1 X90.751 Y78.269 E682.44917
G1 X90.409 Y78.611 E682.46525
G1 X90.158 Y79.004 E682.48076
G1 X90.005 Y79.453 E682.49654
G1 X89.948 Y79.932 E682.51258
G1 X89.948 Y155.064 E685.01148
G1 X90.005 Y155.547 E685.02766
G1 X90.158 Y155.992 E685.04331
G1 X90.409 Y156.386 E685.05885
G1 X90.751 Y156.727 E685.07491
G1 X91.145 Y156.978 E685.09045
G1 X91.593 Y157.135 E685.10624
G1 X92.072 Y157.188 E685.12227
G1 X117.5 Y157.188 E685.96801
G1 F2700 E680.96801
G0 F9000 X117.5 Y156.88
G0 X128.937 Y156.588
G0 X128.937 Y149.004
G0 X128.937 Y148.422
G1 F2700 E685.96801
G1 F1500 X128.804 Y148.333 E685.97333
G1 X128.772 Y148.242 E685.97654
G1 X128.772 Y134.136 E686.4457
G1 X128.886 Y133.974 E686.45229
G1 X143.07 Y133.977 E686.92405
G1 X143.17 Y134.034 E686.92788
G1 X143.224 Y134.172 E686.93281
G1 X143.222 Y148.259 E687.40135
G1 X143.185 Y148.344 E687.40443
G1 X143.083 Y148.424 E687.40874
G1 X128.937 Y148.422 E687.87924
G1 F2700 E682.87924
G0 F9000 X128.937 Y148.735
G0 X128.537 Y148.663
G0 X128.537 Y133.737
G0 X142.693 Y133.394
G0 X142.816 Y131.44
G0 X142.769 Y130.835
G1 F2700 E687.87924
G1 F1500 X142.491 Y130.762 E687.8888
G1 X142.275 Y130.65 E687.89689
G1 X142.022 Y130.425 E687.90815
G1 X141.865 Y130.184 E687.91772
G1 X141.769 Y129.915 E687.92722
G1 X141.74 Y129.639 E687.93645
G1 X141.774 Y129.353 E687.94603
G1 X141.866 Y129.108 E687.95473
G1 X142.022 Y128.871 E687.96417
G1 X142.264 Y128.652 E687.97503
G1 X142.516 Y128.527 E687.98438
G1 X142.77 Y128.461 E687.99311
G1 X143.11 Y128.462 E688.00442
G1 X143.387 Y128.537 E688.01396
G1 X143.642 Y128.674 E688.02359
G1 X143.854 Y128.871 E688.03322
G1 X144.011 Y129.112 E688.04278
G1 X144.107 Y129.381 E688.05228
G1 X144.136 Y129.648 E688.06122
G1 X144.106 Y129.927 E688.07055
G1 X143.99 Y130.225 E688.08119
G1 X143.854 Y130.425 E688.08923
G1 X143.642 Y130.622 E688.09885
G1 X143.343 Y130.779 E688.11009
G1 X143.076 Y130.84 E688.1192
G1 X142.769 Y130.835 E688.12941
G1 F2700 E683.12941
G0 F9000 X142.695 Y131.137
G0 X141.34 Y130.382
G0 X141.622 Y128.474
G0 X143.482 Y127.978
G0 X144.46 Y128.715
G0 X144.461 Y88.951
G0 X142.717 Y89.773
G0 X141.724 Y89.318
G0 X141.399 Y125.208
G0 X139.521 Y126.709
G0 X117.5 Y126.696
G0 X117.5 Y126.384
G1 F2700 E688.12941
G1 F1500 X96.35 Y126.383 E688.83286
G1 X95.816 Y126.324 E688.85073
G1 X95.28 Y126.138 E688.8696
G1 X94.802 Y125.837 E688.88839
G1 X94.394 Y125.423 E688.90772
G1 X94.099 Y124.943 E688.92646
G1 X93.918 Y124.419 E688.9449
G1 X93.861 Y123.894 E688.96246
G1 F1492.5 X93.86 Y106.316 E689.55003
G1 F1477.8 X93.86 Y88.738 E690.14345
G1 F1293.1 X93.801 Y88.349 E690.15863
G1 F1176.5 X93.809 Y88.02 E690.17258
G1 X93.801 Y87.717 E690.18544
G1 F1295.9 X93.856 Y87.35 E690.19972
G1 F1485.1 X93.861 Y83.902 E690.31555
G1 F1500 X93.927 Y83.341 E690.33434
G1 X94.118 Y82.809 E690.35314
G1 X94.422 Y82.334 E690.3719
G1 X94.786 Y81.97 E690.38902
G1 X95.258 Y81.67 E690.40762
G1 X95.836 Y81.469 E690.42797
G1 X96.348 Y81.409 E690.44512
G1 X138.648 Y81.409 E691.85202
G1 X139.206 Y81.479 E691.87073
G1 X139.738 Y81.67 E691.88953
G1 X140.21 Y81.97 E691.90813
G1 X140.602 Y82.369 E691.92673
G1 X140.897 Y82.849 E691.94547
G1 X141.079 Y83.384 E691.96427
G1 X141.139 Y83.9 E691.98155
G1 F1485.1 X141.143 Y87.35 E692.09744
G1 F1298.7 X141.198 Y87.717 E692.1117
G1 F1181.1 X141.19 Y88.02 E692.1245
G1 X141.198 Y88.32 E692.13718
G1 F1298.7 X141.144 Y88.686 E692.15139
G1 F1477.8 X141.142 Y106.291 E692.74572
G1 F1492.5 X141.139 Y123.896 E693.33419
G1 F1500 X141.078 Y124.419 E693.3517
G1 X140.897 Y124.943 E693.37014
G1 X140.586 Y125.445 E693.38978
G1 X140.194 Y125.836 E693.4082
G1 X139.716 Y126.138 E693.427
G1 X139.184 Y126.324 E693.44575
G1 X138.639 Y126.384 E693.46398
G1 X117.5 Y126.384 E694.16707
G1 F2700 E689.16707
G0 F9000 X117.5 Y126.696
G0 X95.018 Y126.639
G0 X93.371 Y124.557
G0 X93.277 Y89.315
G0 X91.515 Y89.689
G0 X90.535 Y88.951
G0 X90.536 Y128.717
G0 X92.282 Y127.895
G0 X93.778 Y129.248
G0 X93.332 Y130.648
G0 X92.288 Y131.142
G0 X92.215 Y130.837
G1 F2700 E694.16707
G1 F1500 X91.92 Y130.84 E694.17688
G1 X91.611 Y130.762 E694.18748
G1 X91.354 Y130.622 E694.19722
G1 X91.142 Y130.425 E694.20684
G1 X90.985 Y130.184 E694.21641
G1 X90.89 Y129.927 E694.22552
G1 X90.861 Y129.671 E694.23409
G1 X90.891 Y129.356 E694.24461
G1 X91.006 Y129.071 E694.25484
G1 X91.142 Y128.871 E694.26288
G1 X91.354 Y128.674 E694.27251
G1 X91.653 Y128.522 E694.28366
G1 X91.885 Y128.462 E694.29163
G1 X92.183 Y128.456 E694.30155
G1 X92.483 Y128.527 E694.3118
G1 X92.732 Y128.652 E694.32107
G1 X92.943 Y128.835 E694.33036
G1 X93.11 Y129.071 E694.33997
G1 X93.222 Y129.353 E694.35006
G1 X93.256 Y129.639 E694.35964
G1 X93.215 Y129.964 E694.37054
G1 X93.11 Y130.225 E694.3799
G1 X92.974 Y130.425 E694.38794
G1 X92.761 Y130.622 E694.39759
G1 X92.463 Y130.779 E694.40879
G1 X92.215 Y130.837 E694.41726
G1 F2700 E689.41726
G0 F9000 X92.288 Y131.142
G0 X92.885 Y130.844
G0 X93.148 Y130.612
G0 X93.347 Y130.323
G0 X93.47 Y129.997
G0 X93.513 Y129.649
G0 X93.47 Y129.301
G0 X93.345 Y128.974
G0 X93.147 Y128.686
G0 X92.282 Y127.895
G0 X90.536 Y128.717
G0 X90.535 Y88.951
G0 X91.537 Y89.414
G0 X92.303 Y89.508
G0 X92.23 Y89.206
G1 F2700 E694.41726
G1 F1500 X91.908 Y89.212 E694.42798
G1 X91.611 Y89.13 E694.43822
G1 X91.354 Y88.99 E694.44796
G1 X91.143 Y88.794 E694.45754
G1 X90.984 Y88.555 E694.46708
G1 X90.89 Y88.295 E694.47628
G1 X90.861 Y88.044 E694.48468
G1 X90.9 Y87.705 E694.49603
G1 X91.007 Y87.437 E694.50563
G1 X91.175 Y87.206 E694.51513
G1 X91.354 Y87.046 E694.52312
G1 X91.611 Y86.906 E694.53285
G1 X91.885 Y86.83 E694.54231
G1 X92.206 Y86.823 E694.55299
G1 X92.51 Y86.907 E694.56348
G1 X92.762 Y87.046 E694.57305
G1 X92.973 Y87.241 E694.5826
G1 F1485.1 X93.136 Y87.48 E694.59232
G1 F1295.9 X93.285 Y87.746 E694.60406
G1 F1176.5 X93.307 Y88.02 E694.61572
G1 X93.285 Y88.305 E694.62784
G1 F1282.1 X93.139 Y88.557 E694.63917
G1 F1470.6 X92.973 Y88.795 E694.64902
G1 F1500 X92.762 Y88.99 E694.65857
G1 X92.51 Y89.129 E694.66814
G1 X92.23 Y89.206 E694.6778
G1 F2700 E689.6778
G0 F9000 X92.303 Y89.508
G0 X93.277 Y89.315
G0 X93.61 Y89.508
G0 X93.611 Y83.898
G0 X93.677 Y83.307
G0 X93.88 Y82.724
G0 X94.211 Y82.2
G0 X94.65 Y81.761
G0 X95.171 Y81.431
G0 X95.757 Y81.227
G0 X96.347 Y81.161
G0 X138.652 Y81.161
G0 X139.243 Y81.227
G0 X139.829 Y81.431
G0 X140.35 Y81.761
G0 X140.789 Y82.2
G0 X141.119 Y82.721
G0 X141.323 Y83.307
G0 X141.389 Y83.897
G0 X141.391 Y89.512
G0 X141.691 Y89.337
G0 X142.716 Y89.512
G0 X142.789 Y89.213
G1 F2700 E694.6778
G1 F1500 X142.491 Y89.13 E694.68809
G1 X142.275 Y89.018 E694.69618
G1 X142.023 Y88.795 E694.70738
G1 F1485.1 X141.861 Y88.556 E694.71707
G1 F1298.7 X141.712 Y88.29 E694.72879
G1 F1178.8 X141.691 Y88.049 E694.73903
G1 F1181.1 X141.712 Y87.746 E694.75186
G1 F1234.6 X141.975 Y87.284 E694.77334
G1 F1401.9 X142.275 Y87.018 E694.78761
G1 F1500 X142.533 Y86.89 E694.79719
G1 X142.765 Y86.83 E694.80516
G1 X143.064 Y86.824 E694.8151
G1 X143.346 Y86.89 E694.82474
G1 X143.642 Y87.046 E694.83586
G1 X143.853 Y87.241 E694.84542
G1 X144.012 Y87.481 E694.855
G1 X144.096 Y87.705 E694.86295
G1 X144.136 Y88.02 E694.87351
G1 X144.106 Y88.295 E694.88271
G1 X143.989 Y88.599 E694.89355
G1 X143.853 Y88.795 E694.90148
G1 X143.642 Y88.99 E694.91104
G1 X143.39 Y89.129 E694.92061
G1 X143.11 Y89.206 E694.93027
G1 X142.789 Y89.213 E694.94095
G1 F2700 E689.94095
G0 F9000 X142.716 Y89.512
G0 X141.724 Y89.318
G0 X141.389 Y123.898
G0 X141.323 Y124.489
G0 X141.12 Y125.072
G0 X140.789 Y125.596
G0 X140.35 Y126.035
G0 X139.829 Y126.365
G0 X139.243 Y126.569
G0 X138.908 Y126.606
G0 X106.019 Y126.96
G0 X106.02 Y133.373
G0 X106.048 Y149.182
;TYPE:SKIN
G1 F2700 E694.94095
G1 F1500 X106.296 Y149.142 E694.9493
G1 X106.538 Y149.038 E694.95806
G1 X106.835 Y148.746 E694.97192
G1 X106.978 Y148.318 E694.98693
G1 X106.984 Y134.148 E695.45822
G1 X106.862 Y133.707 E695.47344
G1 X106.664 Y133.453 E695.48415
G1 X106.369 Y133.273 E695.49565
G1 X106.12 Y133.212 E695.50417
G1 X91.769 Y133.217 E695.98149
G1 X91.319 Y133.479 E695.99881
G1 X91.233 Y133.578 E696.00317
G1 F1562.5 X91.041 Y134.112 E696.02129
G1 F1657.5 X91.037 Y148.355 E696.45001
G1 F1587.3 X91.191 Y148.799 E696.46478
G1 F1500 X91.594 Y149.112 E696.48175
G1 X91.936 Y149.181 E696.49336
G1 X106.048 Y149.182 E696.96272
G1 F2700 E691.96272
G0 F9000 X106.017 Y148.925
G0 X106.68 Y148.649
G0 X106.68 Y156.588
G0 X117.5 Y156.427
G1 F2700 E696.96272
G1 F1500 X93.478 Y156.427 E697.7617
G1 X93.727 Y156.107 E697.77518
G1 X93.978 Y155.562 E697.79514
G1 X94.012 Y155.005 E697.8137
G1 X93.923 Y154.494 E697.83095
G1 X93.827 Y154.25 E697.83967
G1 X93.535 Y153.775 E697.85822
G1 X93.092 Y153.426 E697.87698
G1 X92.688 Y153.234 E697.89185
G1 X92.362 Y153.153 E697.90303
G1 X91.895 Y153.136 E697.91857
G1 X91.429 Y153.237 E697.93443
G1 X91.066 Y153.401 E697.94768
G1 X90.707 Y153.674 E697.96268
G1 X90.708 Y148.848 E698.12319
G1 F1587.3 X90.685 Y148.385 E698.13776
G1 F1694.9 X90.684 Y134.18 E698.55589
G1 F1595.7 X90.708 Y133.479 E698.57782
G1 F1500 X90.708 Y131.059 E698.65831
G1 X91.015 Y131.305 E698.67139
G1 X91.476 Y131.515 E698.68824
G1 X91.788 Y131.591 E698.69892
G1 X92.291 Y131.598 E698.71565
G1 X92.672 Y131.506 E698.72869
G1 X93.106 Y131.301 E698.74465
G1 X93.537 Y130.956 E698.76302
G1 X93.847 Y130.438 E698.78309
G1 X93.975 Y130.042 E698.79694
G1 X94.016 Y129.593 E698.81193
G1 X93.965 Y129.182 E698.82571
G1 X93.785 Y128.713 E698.84241
G1 X93.537 Y128.357 E698.85685
G1 X93.175 Y128.036 E698.87294
G1 X92.765 Y127.814 E698.88844
G1 X92.331 Y127.702 E698.90335
G1 X91.901 Y127.699 E698.91765
G1 X91.477 Y127.783 E698.93203
G1 X91.066 Y127.961 E698.94693
G1 X90.707 Y128.234 E698.96193
G1 X90.708 Y89.431 E700.25252
G1 X91.011 Y89.673 E700.26542
G1 X91.428 Y89.87 E700.28076
G1 X91.924 Y89.972 E700.2976
G1 X92.276 Y89.972 E700.30931
G1 X92.654 Y89.882 E700.32223
G1 X93.097 Y89.675 E700.3385
G1 X93.105 Y123.978 E701.47942
G1 X93.17 Y124.587 E701.49979
G1 X93.411 Y125.275 E701.52403
G1 X93.837 Y125.945 E701.55044
G1 X94.309 Y126.413 E701.57255
G1 X94.927 Y126.816 E701.59709
G1 X95.66 Y127.067 E701.62286
G1 X96.268 Y127.139 E701.64322
G1 X138.69 Y127.14 E703.05418
G1 X139.376 Y127.061 E703.07715
G1 X140.016 Y126.833 E703.09975
G1 X140.678 Y126.422 E703.12566
G1 X141.182 Y125.918 E703.14937
G1 X141.566 Y125.315 E703.17315
G1 X141.822 Y124.595 E703.19856
G1 X141.891 Y123.979 E703.21918
G1 X141.9 Y89.675 E704.36014
G1 X142.307 Y89.87 E704.37515
G1 X142.67 Y89.966 E704.38763
G1 X143.108 Y89.969 E704.4022
G1 X143.524 Y89.885 E704.41632
G1 X143.942 Y89.693 E704.43162
G1 X144.288 Y89.427 E704.44613
G1 X144.288 Y128.235 E705.73689
G1 X143.973 Y127.987 E705.75023
G1 X143.564 Y127.793 E705.76528
G1 X143.094 Y127.699 E705.78122
G1 X142.659 Y127.702 E705.79569
G1 X142.275 Y127.806 E705.80893
G1 X141.815 Y128.023 E705.82584
G1 X141.46 Y128.355 E705.84201
G1 X141.192 Y128.731 E705.85737
G1 X141.043 Y129.144 E705.87197
G1 X140.981 Y129.581 E705.88665
G1 X141.012 Y129.994 E705.90042
G1 X141.149 Y130.441 E705.91597
G1 X141.454 Y130.953 E705.9358
G1 X141.89 Y131.304 E705.95441
G1 X142.326 Y131.507 E705.97041
G1 X142.779 Y131.597 E705.98577
G1 X143.206 Y131.591 E705.99997
G1 X143.514 Y131.519 E706.01049
G1 X143.985 Y131.302 E706.02774
G1 X144.288 Y131.061 E706.04062
G1 X144.288 Y133.479 E706.12104
G1 F1595.7 X144.312 Y134.18 E706.14297
G1 F1699.7 X144.311 Y148.385 E706.55992
G1 F1591.5 X144.288 Y148.853 E706.57461
G1 F1500 X144.287 Y155.02 E706.77972
G1 X144.247 Y155.37 E706.79144
G1 X144.147 Y155.655 E706.80148
G1 X143.986 Y155.906 E706.8114
G1 X143.768 Y156.127 E706.82173
G1 X143.515 Y156.29 E706.83174
G1 X143.235 Y156.387 E706.84159
G1 X142.88 Y156.428 E706.85348
G1 X117.5 Y156.427 E707.69762
G1 F2700 E702.69762
G0 F9000 X117.5 Y156.688
G0 X117.5 Y149.004
G0 X117.5 Y149.182
G1 F2700 E707.69762
G1 F1500 X124.548 Y149.182 E707.93204
G1 X124.796 Y149.142 E707.94039
G1 X125.038 Y149.038 E707.94915
G1 X125.335 Y148.746 E707.96301
G1 X125.478 Y148.318 E707.97802
G1 X125.484 Y134.148 E708.44931
G1 X125.362 Y133.707 E708.46453
G1 X125.164 Y133.453 E708.47524
G1 X124.869 Y133.273 E708.48674
G1 X124.62 Y133.212 E708.49526
G1 X110.341 Y133.215 E708.97018
G1 X110.095 Y133.289 E708.97873
G1 X109.832 Y133.453 E708.98904
G1 X109.63 Y133.707 E708.99983
G1 X109.518 Y134.126 E709.01426
G1 X109.512 Y148.322 E709.48642
G1 X109.67 Y148.748 E709.50153
G1 X109.955 Y149.04 E709.5151
G1 X110.348 Y149.181 E709.52899
G1 X117.5 Y149.182 E709.76686
G1 F2700 E704.76686
G0 F9000 X117.5 Y148.924
G0 X125.18 Y148.649
G0 X128.316 Y148.649
G0 X128.848 Y149.181
G1 F2700 E709.76686
G1 F1500 X143.056 Y149.181 E710.23942
G1 X143.402 Y149.112 E710.25116
G1 X143.8 Y148.8 E710.26798
G1 F1546.4 X143.959 Y148.376 E710.28259
G1 F1612.9 X143.955 Y134.112 E710.7238
G1 F1562.5 X143.763 Y133.578 E710.74192
G1 F1500 X143.677 Y133.479 E710.74628
G1 X143.206 Y133.212 E710.76429
G1 X128.841 Y133.215 E711.24207
G1 X128.595 Y133.289 E711.25062
G1 X128.332 Y133.453 E711.26092
G1 X128.13 Y133.707 E711.27172
G1 X128.018 Y134.126 E711.28614
G1 X128.012 Y148.322 E711.7583
G1 X128.17 Y148.748 E711.77342
G1 X128.455 Y149.04 E711.78699
G1 X128.848 Y149.181 E711.80087
G1 F2700 E706.80087
G0 F9000 X128.893 Y148.926
G0 X143.023 Y149.005
G0 X143.587 Y156.436
G0 X143.039 Y156.208
G1 F2700 E711.80087
G1 F1500 X144.067 Y155.18 E711.84923
G0 F9000 X144.087 Y154.595
G1 F1500 X142.454 Y156.228 E711.92604
G0 F9000 X141.888 Y156.228
G1 F1500 X144.087 Y154.029 E712.02947
G0 F9000 X144.087 Y153.463
G1 F1500 X141.322 Y156.228 E712.15953
G0 F9000 X140.757 Y156.228
G1 F1500 X144.087 Y152.898 E712.31616
G0 F9000 X144.087 Y152.332
G1 F1500 X140.191 Y156.228 E712.49942
G0 F9000 X139.625 Y156.228
G1 F1500 X144.087 Y151.766 E712.7093
G0 F9000 X144.087 Y151.201
G1 F1500 X139.06 Y156.228 E712.94575
G0 F9000 X138.494 Y156.228
G1 F1500 X144.087 Y150.635 E713.20883
G0 F9000 X144.087 Y150.069
G1 F1500 X137.928 Y156.228 E713.49853
G0 F9000 X137.363 Y156.228
G1 F1500 X144.087 Y149.504 E713.81481
G0 F9000 X144.088 Y148.937
G1 F1500 X136.797 Y156.228 E714.15775
G0 F9000 X136.231 Y156.228
G1 F1500 X143.08 Y149.38 E714.47989
G0 F9000 X142.51 Y149.383
G1 F1500 X135.666 Y156.228 E714.80183
G0 F9000 X135.1 Y156.228
G1 F1500 X141.945 Y149.383 E715.1238
G0 F9000 X141.379 Y149.383
G1 F1500 X134.534 Y156.228 E715.44577
G0 F9000 X133.968 Y156.228
G1 F1500 X140.814 Y149.383 E715.76776
G0 F9000 X140.248 Y149.383
G1 F1500 X133.403 Y156.228 E716.08973
G0 F9000 X132.837 Y156.228
G1 F1500 X139.683 Y149.383 E716.41172
G0 F9000 X139.118 Y149.382
G1 F1500 X132.271 Y156.228 E716.73375
G0 F9000 X131.706 Y156.228
G1 F1500 X138.552 Y149.382 E717.05577
G0 F9000 X137.986 Y149.382
G1 F1500 X131.14 Y156.228 E717.37778
G0 F9000 X130.574 Y156.228
G1 F1500 X137.421 Y149.381 E717.69985
G0 F9000 X136.856 Y149.381
G1 F1500 X130.009 Y156.228 E718.02191
G0 F9000 X129.443 Y156.228
G1 F1500 X136.29 Y149.381 E718.34397
G0 F9000 X135.725 Y149.381
G1 F1500 X128.877 Y156.228 E718.66606
G0 F9000 X128.312 Y156.228
G1 F1500 X135.159 Y149.381 E718.98812
G0 F9000 X134.594 Y149.381
G1 F1500 X127.746 Y156.228 E719.3102
G0 F9000 X127.18 Y156.228
G1 F1500 X134.029 Y149.38 E719.63234
G0 F9000 X133.463 Y149.38
G1 F1500 X126.615 Y156.228 E719.95444
G0 F9000 X126.049 Y156.228
G1 F1500 X132.897 Y149.38 E720.27655
G0 F9000 X132.332 Y149.379
G1 F1500 X125.483 Y156.228 E720.59871
G0 F9000 X124.917 Y156.228
G1 F1500 X131.767 Y149.379 E720.92089
G0 F9000 X131.201 Y149.379
G1 F1500 X124.352 Y156.228 E721.24304
G0 F9000 X123.786 Y156.228
G1 F1500 X130.635 Y149.379 E721.5652
G0 F9000 X130.07 Y149.378
G1 F1500 X123.22 Y156.228 E721.8874
G0 F9000 X122.655 Y156.228
G1 F1500 X129.504 Y149.378 E722.20958
G0 F9000 X128.939 Y149.378
G1 F1500 X122.089 Y156.228 E722.53179
G0 F9000 X121.523 Y156.228
G1 F1500 X128.489 Y149.262 E722.85945
G0 F9000 X128.162 Y149.024
G1 F1500 X120.958 Y156.228 E723.1983
G0 F9000 X120.392 Y156.228
G1 F1500 X127.93 Y148.69 E723.55286
G0 F9000 X127.812 Y148.242
G1 F1500 X119.826 Y156.228 E723.9285
G0 F9000 X119.261 Y156.228
G1 F1500 X127.812 Y147.676 E724.33074
G0 F9000 X127.812 Y147.111
G1 F1500 X118.695 Y156.228 E724.75957
G0 F9000 X118.129 Y156.228
G1 F1500 X125.166 Y149.192 E725.09055
G0 F9000 X125.514 Y148.844
G1 F1500 X127.812 Y146.545 E725.19866
G0 F9000 X127.812 Y145.979
G1 F1500 X125.676 Y148.116 E725.29916
G0 F9000 X125.676 Y147.551
G1 F1500 X127.812 Y145.414 E725.39965
G0 F9000 X127.812 Y144.848
G1 F1500 X125.676 Y146.984 E725.50012
G0 F9000 X125.676 Y146.418
G1 F1500 X127.812 Y144.282 E725.60059
G0 F9000 X127.812 Y143.717
G1 F1500 X125.677 Y145.852 E725.70102
G0 F9000 X125.677 Y145.286
G1 F1500 X127.812 Y143.151 E725.80144
G0 F9000 X127.812 Y142.585
G1 F1500 X125.678 Y144.72 E725.90184
G0 F9000 X125.678 Y144.154
G1 F1500 X127.812 Y142.02 E726.00222
G0 F9000 X127.812 Y141.454
G1 F1500 X125.678 Y143.588 E726.1026
G0 F9000 X125.678 Y143.022
G1 F1500 X127.812 Y140.889 E726.20295
G0 F9000 X127.812 Y140.323
G1 F1500 X125.679 Y142.456 E726.30328
G0 F9000 X125.679 Y141.89
G1 F1500 X127.812 Y139.758 E726.40358
G0 F9000 X127.812 Y139.192
G1 F1500 X125.68 Y141.324 E726.50387
G0 F9000 X125.68 Y140.758
G1 F1500 X127.812 Y138.626 E726.60415
G0 F9000 X127.812 Y138.06
G1 F1500 X125.68 Y140.192 E726.70443
G0 F9000 X125.68 Y139.626
G1 F1500 X127.812 Y137.495 E726.80469
G0 F9000 X127.812 Y136.929
G1 F1500 X125.681 Y139.06 E726.90493
G0 F9000 X125.682 Y138.493
G1 F1500 X127.812 Y136.363 E727.00512
G0 F9000 X127.812 Y135.798
G1 F1500 X125.682 Y137.928 E727.1053
G0 F9000 X125.683 Y137.361
G1 F1500 X127.812 Y135.232 E727.20545
G0 F9000 X127.812 Y134.666
G1 F1500 X125.683 Y136.795 E727.30559
G0 F9000 X125.683 Y136.229
G1 F1500 X127.819 Y134.093 E727.40606
G1 F2700 E722.40606
G0 F9000 X128.271 Y134.184
G0 X128.893 Y133.472
G0 X128.894 Y133.018
G1 F2700 E727.40606
G1 F1500 X134.573 Y127.339 E727.67318
G0 F9000 X135.139 Y127.339
G1 F1500 X129.46 Y133.018 E727.9403
G0 F9000 X130.026 Y133.018
G1 F1500 X135.704 Y127.339 E728.2074
G0 F9000 X136.27 Y127.339
G1 F1500 X130.592 Y133.017 E728.47448
G0 F9000 X131.158 Y133.017
G1 F1500 X136.836 Y127.339 E728.74156
G0 F9000 X137.401 Y127.339
G1 F1500 X131.723 Y133.017 E729.00863
G0 F9000 X132.29 Y133.017
G1 F1500 X137.967 Y127.339 E729.27568
G0 F9000 X138.533 Y127.339
G1 F1500 X132.855 Y133.017 E729.54276
G0 F9000 X133.421 Y133.017
G1 F1500 X139.146 Y127.292 E729.81205
G0 F9000 X139.927 Y127.076
G1 F1500 X133.988 Y133.016 E730.09142
G0 F9000 X134.553 Y133.016
G1 F1500 X144.088 Y123.481 E730.53992
G0 F9000 X144.088 Y122.916
G1 F1500 X141.833 Y125.171 E730.64599
G0 F9000 X142.046 Y124.391
G1 F1500 X144.088 Y122.35 E730.74201
G0 F9000 X144.088 Y121.784
G1 F1500 X142.091 Y123.781 E730.83595
G0 F9000 X142.091 Y123.215
G1 F1500 X144.088 Y121.219 E730.92985
G0 F9000 X144.088 Y120.653
G1 F1500 X142.091 Y122.65 E731.02379
G0 F9000 X142.091 Y122.084
G1 F1500 X144.088 Y120.087 E731.11772
G0 F9000 X144.088 Y119.522
G1 F1500 X142.092 Y121.518 E731.21161
G0 F9000 X142.092 Y120.952
G1 F1500 X144.088 Y118.956 E731.30549
G0 F9000 X144.088 Y118.39
G1 F1500 X142.092 Y120.386 E731.39938
G0 F9000 X142.092 Y119.821
G1 F1500 X144.088 Y117.824 E731.49329
G0 F9000 X144.088 Y117.259
G1 F1500 X142.092 Y119.255 E731.58717
G0 F9000 X142.092 Y118.689
G1 F1500 X144.088 Y116.693 E731.68106
G0 F9000 X144.088 Y116.127
G1 F1500 X142.092 Y118.123 E731.77494
G0 F9000 X142.092 Y117.557
G1 F1500 X144.088 Y115.562 E731.86881
G0 F9000 X144.088 Y114.996
G1 F1500 X142.092 Y116.992 E731.96269
G0 F9000 X142.093 Y116.425
G1 F1500 X144.088 Y114.43 E732.05653
G0 F9000 X144.088 Y113.865
G1 F1500 X142.093 Y115.859 E732.15035
G0 F9000 X142.093 Y115.294
G1 F1500 X144.088 Y113.299 E732.24418
G0 F9000 X144.088 Y112.733
G1 F1500 X142.093 Y114.728 E732.33802
G0 F9000 X142.094 Y114.162
G1 F1500 X144.088 Y112.168 E732.43181
G0 F9000 X144.088 Y111.602
G1 F1500 X142.094 Y113.596 E732.52561
G0 F9000 X142.094 Y113.03
G1 F1500 X144.088 Y111.036 E732.6194
G0 F9000 X144.088 Y110.471
G1 F1500 X142.094 Y112.465 E732.71319
G0 F9000 X142.094 Y111.899
G1 F1500 X144.088 Y109.905 E732.80698
G0 F9000 X144.088 Y109.339
G1 F1500 X142.095 Y111.333 E732.90075
G0 F9000 X142.095 Y110.767
G1 F1500 X144.088 Y108.774 E732.99449
G0 F9000 X144.088 Y108.208
G1 F1500 X142.095 Y110.201 E733.08824
G0 F9000 X142.095 Y109.635
G1 F1500 X144.088 Y107.642 E733.18198
G0 F9000 X144.088 Y107.076
G1 F1500 X142.095 Y109.069 E733.27573
G0 F9000 X142.095 Y108.503
G1 F1500 X144.088 Y106.511 E733.36945
G0 F9000 X144.088 Y105.945
G1 F1500 X142.095 Y107.938 E733.46319
G0 F9000 X142.095 Y107.372
G1 F1500 X144.088 Y105.379 E733.55694
G0 F9000 X144.088 Y104.814
G1 F1500 X142.096 Y106.806 E733.65064
G0 F9000 X142.096 Y106.24
G1 F1500 X144.088 Y104.248 E733.74433
G0 F9000 X144.088 Y103.682
G1 F1500 X142.096 Y105.674 E733.83803
G0 F9000 X142.096 Y105.109
G1 F1500 X144.088 Y103.117 E733.93173
G0 F9000 X144.088 Y102.551
G1 F1500 X142.097 Y104.542 E734.02538
G0 F9000 X142.097 Y103.977
G1 F1500 X144.088 Y101.985 E734.11905
G0 F9000 X144.088 Y101.42
G1 F1500 X142.097 Y103.411 E734.2127
G0 F9000 X142.097 Y102.845
G1 F1500 X144.088 Y100.854 E734.30635
G0 F9000 X144.088 Y100.288
G1 F1500 X142.097 Y102.279 E734.4
G0 F9000 X142.097 Y101.713
G1 F1500 X144.088 Y99.723 E734.49363
G0 F9000 X144.088 Y99.157
G1 F1500 X142.097 Y101.147 E734.58726
G0 F9000 X142.097 Y100.582
G1 F1500 X144.088 Y98.591 E734.68091
G0 F9000 X144.088 Y98.026
G1 F1500 X142.097 Y100.016 E734.77454
G0 F9000 X142.098 Y99.45
G1 F1500 X144.088 Y97.46 E734.86814
G0 F9000 X144.088 Y96.894
G1 F1500 X142.098 Y98.884 E734.96174
G0 F9000 X142.098 Y98.318
G1 F1500 X144.088 Y96.328 E735.05535
G0 F9000 X144.088 Y95.763
G1 F1500 X142.098 Y97.753 E735.14895
G0 F9000 X142.099 Y97.186
G1 F1500 X144.088 Y95.197 E735.24251
G0 F9000 X144.088 Y94.631
G1 F1500 X142.099 Y96.62 E735.33606
G0 F9000 X142.099 Y96.055
G1 F1500 X144.088 Y94.066 E735.42962
G0 F9000 X144.088 Y93.5
G1 F1500 X142.099 Y95.489 E735.52318
G0 F9000 X142.099 Y94.923
G1 F1500 X144.088 Y92.934 E735.61673
G0 F9000 X144.088 Y92.369
G1 F1500 X142.099 Y94.357 E735.71027
G0 F9000 X142.099 Y93.791
G1 F1500 X144.088 Y91.803 E735.8038
G0 F9000 X144.088 Y91.237
G1 F1500 X142.099 Y93.226 E735.89735
G0 F9000 X142.099 Y92.66
G1 F1500 X144.088 Y90.672 E735.99089
G0 F9000 X144.088 Y90.106
G1 F1500 X142.1 Y92.094 E736.0844
G0 F9000 X142.1 Y91.528
G1 F1500 X143.543 Y90.085 E736.15227
G0 F9000 X142.894 Y90.169
G1 F1500 X142.1 Y90.962 E736.1896
G0 F9000 X142.1 Y90.397
G1 F1500 X142.395 Y90.102 E736.20347
G1 F2700 E731.20347
G0 F9000 X142.508 Y89.658
G0 X144.192 Y89.251
G0 X144.461 Y88.951
G0 X144.548 Y124.047
G0 X144.088 Y124.047
G1 F2700 E736.20347
G1 F1500 X135.119 Y133.016 E736.62535
G0 F9000 X135.685 Y133.015
G1 F1500 X144.088 Y124.613 E737.02057
G0 F9000 X144.088 Y125.178
G1 F1500 X136.251 Y133.015 E737.3892
G0 F9000 X136.817 Y133.015
G1 F1500 X140.911 Y128.921 E737.58177
G0 F9000 X140.782 Y129.616
G1 F1500 X137.383 Y133.015 E737.74165
G0 F9000 X137.949 Y133.015
G1 F1500 X140.838 Y130.125 E737.87756
G0 F9000 X140.976 Y130.553
G1 F1500 X138.515 Y133.014 E737.99332
G0 F9000 X139.081 Y133.014
G1 F1500 X141.19 Y130.905 E738.09252
G0 F9000 X141.452 Y131.208
G1 F1500 X139.647 Y133.014 E738.17745
G0 F9000 X140.213 Y133.013
G1 F1500 X141.766 Y131.46 E738.25049
G0 F9000 X142.147 Y131.645
G1 F1500 X140.779 Y133.013 E738.31484
G0 F9000 X141.344 Y133.013
G1 F1500 X142.592 Y131.766 E738.37352
G0 F9000 X143.128 Y131.795
G1 F1500 X141.911 Y133.012 E738.43076
G0 F9000 X142.476 Y133.012
G1 F1500 X143.94 Y131.549 E738.4996
G0 F9000 X144.088 Y131.967
G1 F1500 X143.042 Y133.012 E738.54878
G0 F9000 X143.485 Y133.135
G1 F1500 X144.088 Y132.532 E738.57714
G0 F9000 X144.088 Y133.098
G1 F1500 X143.825 Y133.361 E738.58951
G1 F2700 E733.58951
G0 F9000 X143.533 Y133.688
G0 X143.171 Y133.394
G0 X143.166 Y131.438
G0 X143.886 Y127.643
G1 F2700 E738.58951
G1 F1500 X144.088 Y127.441 E738.59901
G0 F9000 X144.088 Y126.875
G1 F1500 X143.409 Y127.554 E738.63095
G0 F9000 X142.899 Y127.499
G1 F1500 X144.088 Y126.31 E738.68688
G0 F9000 X144.088 Y125.744
G1 F1500 X142.215 Y127.617 E738.77498
G1 F2700 E733.77498
G0 F9000 X142.349 Y128.055
G0 X144.192 Y128.413
G0 X144.46 Y128.715
G0 X144.461 Y88.951
G0 X142.717 Y89.773
G0 X141.724 Y89.318
G0 X141.399 Y125.208
G0 X139.709 Y126.559
G0 X134.008 Y126.883
G0 X134.007 Y127.339
G1 F2700 E738.77498
G1 F1500 X125.683 Y135.663 E739.16652
G0 F9000 X125.684 Y135.097
G1 F1500 X133.442 Y127.339 E739.53143
G0 F9000 X132.876 Y127.339
G1 F1500 X125.684 Y134.531 E739.86972
G0 F9000 X125.651 Y133.998
G1 F1500 X132.31 Y127.339 E740.18294
G0 F9000 X131.745 Y127.339
G1 F1500 X125.51 Y133.574 E740.47621
G0 F9000 X125.247 Y133.271
G1 F1500 X131.179 Y127.339 E740.75524
G0 F9000 X130.613 Y127.339
G1 F1500 X124.882 Y133.07 E741.0248
G0 F9000 X124.374 Y133.013
G1 F1500 X130.048 Y127.339 E741.29169
G0 F9000 X129.482 Y127.339
G1 F1500 X123.808 Y133.013 E741.55858
G0 F9000 X123.242 Y133.013
G1 F1500 X128.916 Y127.339 E741.82547
G0 F9000 X128.35 Y127.339
G1 F1500 X122.676 Y133.014 E742.09238
G0 F9000 X122.11 Y133.014
G1 F1500 X127.785 Y127.339 E742.35931
G0 F9000 X127.219 Y127.339
G1 F1500 X121.545 Y133.014 E742.62622
G0 F9000 X120.978 Y133.015
G1 F1500 X126.653 Y127.339 E742.89318
G0 F9000 X126.088 Y127.339
G1 F1500 X120.413 Y133.015 E743.16014
G0 F9000 X119.847 Y133.015
G1 F1500 X125.522 Y127.339 E743.4271
G0 F9000 X124.956 Y127.339
G1 F1500 X119.281 Y133.015 E743.69406
G0 F9000 X118.715 Y133.015
G1 F1500 X124.391 Y127.339 E743.96104
G0 F9000 X123.826 Y127.339
G1 F1500 X118.149 Y133.015 E744.22804
G0 F9000 X117.583 Y133.015
G1 F1500 X123.26 Y127.339 E744.49505
G0 F9000 X122.694 Y127.339
G1 F1500 X117.017 Y133.016 E744.76208
G0 F9000 X116.451 Y133.016
G1 F1500 X122.129 Y127.339 E745.02913
G0 F9000 X121.563 Y127.339
G1 F1500 X115.886 Y133.016 E745.29616
G0 F9000 X115.319 Y133.017
G1 F1500 X120.997 Y127.339 E745.56323
G0 F9000 X120.432 Y127.339
G1 F1500 X114.754 Y133.017 E745.83031
G0 F9000 X114.188 Y133.017
G1 F1500 X119.866 Y127.339 E746.09738
G0 F9000 X119.3 Y127.339
G1 F1500 X113.621 Y133.017 E746.36448
G0 F9000 X113.056 Y133.017
G1 F1500 X118.735 Y127.339 E746.63158
G0 F9000 X118.169 Y127.339
G1 F1500 X112.49 Y133.017 E746.89868
G0 F9000 X111.924 Y133.018
G1 F1500 X117.603 Y127.339 E747.1658
G0 F9000 X117.037 Y127.339
G1 F1500 X111.358 Y133.018 E747.43293
G0 F9000 X110.792 Y133.018
G1 F1500 X116.472 Y127.339 E747.70007
G0 F9000 X115.906 Y127.339
G1 F1500 X110.189 Y133.056 E747.96898
G0 F9000 X110.312 Y133.493
G0 X109.823 Y133.981
G0 X109.377 Y133.867
G1 F1500 X107.183 Y136.061 E748.07218
G0 F9000 X107.183 Y135.496
G1 F1500 X115.34 Y127.339 E748.45586
G0 F9000 X114.775 Y127.339
G1 F1500 X107.184 Y134.929 E748.8129
G0 F9000 X107.184 Y134.364
G1 F1500 X114.209 Y127.339 E749.14333
G0 F9000 X113.643 Y127.339
G1 F1500 X107.116 Y133.866 E749.45034
G0 F9000 X106.938 Y133.478
G1 F1500 X113.078 Y127.339 E749.73912
G0 F9000 X112.512 Y127.339
G1 F1500 X106.643 Y133.208 E750.01518
G0 F9000 X106.244 Y133.041
G1 F1500 X111.946 Y127.339 E750.28339
G0 F9000 X111.381 Y127.339
G1 F1500 X105.707 Y133.012 E750.55025
G0 F9000 X105.141 Y133.012
G1 F1500 X110.815 Y127.339 E750.81712
G0 F9000 X110.25 Y127.338
G1 F1500 X104.575 Y133.012 E751.08403
G0 F9000 X104.01 Y133.012
G1 F1500 X109.684 Y127.338 E751.35092
G0 F9000 X109.119 Y127.338
G1 F1500 X103.444 Y133.012 E751.61783
G0 F9000 X102.878 Y133.012
G1 F1500 X108.553 Y127.338 E751.88474
G0 F9000 X107.987 Y127.338
G1 F1500 X102.313 Y133.012 E752.15163
G0 F9000 X101.747 Y133.012
G1 F1500 X107.422 Y127.338 E752.41854
G0 F9000 X106.856 Y127.338
G1 F1500 X101.181 Y133.012 E752.68545
G0 F9000 X100.616 Y133.012
G1 F1500 X106.29 Y127.338 E752.95234
G0 F9000 X105.724 Y127.338
G1 F1500 X100.05 Y133.012 E753.21922
G0 F9000 X99.484 Y133.012
G1 F1500 X105.159 Y127.338 E753.48613
G0 F9000 X104.593 Y127.338
G1 F1500 X98.919 Y133.012 E753.75302
G0 F9000 X98.354 Y133.012
G1 F1500 X104.027 Y127.338 E754.01989
G0 F9000 X103.462 Y127.338
G1 F1500 X97.788 Y133.012 E754.28677
G0 F9000 X97.222 Y133.012
G1 F1500 X102.896 Y127.338 E754.55366
G0 F9000 X102.33 Y127.338
G1 F1500 X96.657 Y133.012 E754.82052
G0 F9000 X96.091 Y133.012
G1 F1500 X101.765 Y127.338 E755.08741
G0 F9000 X101.199 Y127.338
G1 F1500 X95.525 Y133.012 E755.3543
G0 F9000 X94.959 Y133.012
G1 F1500 X100.633 Y127.338 E755.62119
G0 F9000 X100.068 Y127.338
G1 F1500 X94.394 Y133.012 E755.88808
G0 F9000 X93.828 Y133.012
G1 F1500 X99.502 Y127.338 E756.15496
G0 F9000 X98.936 Y127.338
G1 F1500 X93.262 Y133.012 E756.42185
G0 F9000 X92.697 Y133.012
G1 F1500 X98.371 Y127.338 E756.68874
G0 F9000 X97.805 Y127.338
G1 F1500 X92.131 Y133.012 E756.95563
G0 F9000 X91.345 Y133.232
G1 F1500 X93.002 Y131.575 E757.03357
G0 F9000 X92.217 Y131.794
G1 F1500 X90.908 Y133.103 E757.09514
G0 F9000 X91.03 Y133.547
G1 F1500 X90.908 Y133.669 E757.10088
G0 F9000 X90.448 Y133.669
G0 X90.448 Y132.537
G0 X90.909 Y132.537
G1 F1500 X91.678 Y131.768 E757.13705
G0 F9000 X91.246 Y131.634
G1 F1500 X90.909 Y131.971 E757.1529
G1 F2700 E752.1529
G0 F9000 X90.448 Y131.971
G0 X90.536 Y130.579
G0 X91.634 Y131.364
G0 X92.76 Y130.896
G0 X93.602 Y130.357
G0 X94.009 Y130.568
G1 F2700 E757.1529
G1 F1500 X97.239 Y127.338 E757.30483
G0 F9000 X96.674 Y127.338
G1 F1500 X94.198 Y129.813 E757.42127
G0 F9000 X94.181 Y129.265
G1 F1500 X96.123 Y127.323 E757.51261
G0 F9000 X95.617 Y127.263
G1 F1500 X94.049 Y128.831 E757.58637
G0 F9000 X93.854 Y128.461
G1 F1500 X95.196 Y127.119 E757.64949
G0 F9000 X94.786 Y126.962
G1 F1500 X93.605 Y128.144 E757.70506
G0 F9000 X93.301 Y127.882
G1 F1500 X94.443 Y126.74 E757.75878
G0 F9000 X94.115 Y126.502
G1 F1500 X92.94 Y127.677 E757.81405
G0 F9000 X92.51 Y127.542
G1 F1500 X93.831 Y126.221 E757.87619
G0 F9000 X93.574 Y125.912
G1 F1500 X91.985 Y127.501 E757.95093
G0 F9000 X91.269 Y127.651
G1 F1500 X93.354 Y125.567 E758.04898
G0 F9000 X93.168 Y125.186
G1 F1500 X90.908 Y127.446 E758.15528
G0 F9000 X90.908 Y126.88
G1 F1500 X93.023 Y124.766 E758.25474
G0 F9000 X92.936 Y124.287
G1 F1500 X90.908 Y126.315 E758.35013
G0 F9000 X90.908 Y125.749
G1 F1500 X92.905 Y123.752 E758.44406
G0 F9000 X92.905 Y123.186
G1 F1500 X90.908 Y125.183 E758.53799
G0 F9000 X90.908 Y124.618
G1 F1500 X92.905 Y122.621 E758.63193
G0 F9000 X92.905 Y122.055
G1 F1500 X90.908 Y124.052 E758.72586
G0 F9000 X90.908 Y123.486
G1 F1500 X92.905 Y121.489 E758.81979
G0 F9000 X92.905 Y120.924
G1 F1500 X90.908 Y122.921 E758.91373
G0 F9000 X90.908 Y122.355
G1 F1500 X92.905 Y120.358 E759.00766
G0 F9000 X92.905 Y119.792
G1 F1500 X90.908 Y121.789 E759.10159
G0 F9000 X90.908 Y121.224
G1 F1500 X92.905 Y119.227 E759.19552
G0 F9000 X92.905 Y118.662
G1 F1500 X90.908 Y120.658 E759.28943
G0 F9000 X90.908 Y120.092
G1 F1500 X92.905 Y118.096 E759.38334
G0 F9000 X92.905 Y117.53
G1 F1500 X90.908 Y119.527 E759.47728
G0 F9000 X90.908 Y118.961
G1 F1500 X92.905 Y116.965 E759.57118
G0 F9000 X92.905 Y116.399
G1 F1500 X90.908 Y118.395 E759.66509
G0 F9000 X90.908 Y117.829
G1 F1500 X92.905 Y115.833 E759.759
G0 F9000 X92.905 Y115.268
G1 F1500 X90.908 Y117.264 E759.85291
G0 F9000 X90.908 Y116.698
G1 F1500 X92.905 Y114.702 E759.94682
G0 F9000 X92.904 Y114.137
G1 F1500 X90.908 Y116.132 E760.04068
G0 F9000 X90.908 Y115.567
G1 F1500 X92.904 Y113.571 E760.13457
G0 F9000 X92.904 Y113.006
G1 F1500 X90.908 Y115.001 E760.22843
G0 F9000 X90.908 Y114.435
G1 F1500 X92.904 Y112.44 E760.32229
G0 F9000 X92.904 Y111.874
G1 F1500 X90.908 Y113.87 E760.41618
G0 F9000 X90.908 Y113.304
G1 F1500 X92.904 Y111.309 E760.51004
G0 F9000 X92.904 Y110.743
G1 F1500 X90.908 Y112.738 E760.6039
G0 F9000 X90.908 Y112.173
G1 F1500 X92.904 Y110.177 E760.69779
G0 F9000 X92.904 Y109.611
G1 F1500 X90.908 Y111.607 E760.79168
G0 F9000 X90.908 Y111.041
G1 F1500 X92.903 Y109.046 E760.88551
G0 F9000 X92.903 Y108.481
G1 F1500 X90.908 Y110.476 E760.97935
G0 F9000 X90.908 Y109.91
G1 F1500 X92.903 Y107.915 E761.07319
G0 F9000 X92.903 Y107.349
G1 F1500 X90.908 Y109.344 E761.16703
G0 F9000 X90.909 Y108.778
G1 F1500 X92.903 Y106.784 E761.26082
G0 F9000 X92.903 Y106.218
G1 F1500 X90.909 Y108.212 E761.35461
G0 F9000 X90.909 Y107.646
G1 F1500 X92.903 Y105.652 E761.44841
G0 F9000 X92.903 Y105.087
G1 F1500 X90.909 Y107.081 E761.5422
G0 F9000 X90.909 Y106.515
G1 F1500 X92.903 Y104.522 E761.63597
G0 F9000 X92.903 Y103.956
G1 F1500 X90.909 Y105.949 E761.72973
G0 F9000 X90.909 Y105.384
G1 F1500 X92.903 Y103.39 E761.82352
G0 F9000 X92.903 Y102.825
G1 F1500 X90.909 Y104.818 E761.91729
G0 F9000 X90.909 Y104.252
G1 F1500 X92.903 Y102.259 E762.01106
G0 F9000 X92.903 Y101.693
G1 F1500 X90.909 Y103.687 E762.10485
G0 F9000 X90.909 Y103.121
G1 F1500 X92.903 Y101.128 E762.19862
G0 F9000 X92.903 Y100.562
G1 F1500 X90.909 Y102.555 E762.29239
G0 F9000 X90.909 Y101.99
G1 F1500 X92.903 Y99.996 E762.38618
G0 F9000 X92.902 Y99.431
G1 F1500 X90.909 Y101.424 E762.47993
G0 F9000 X90.909 Y100.858
G1 F1500 X92.902 Y98.866 E762.57365
G0 F9000 X92.902 Y98.3
G1 F1500 X90.909 Y100.292 E762.66737
G0 F9000 X90.909 Y99.727
G1 F1500 X92.902 Y97.734 E762.76111
G0 F9000 X92.902 Y97.168
G1 F1500 X90.909 Y99.161 E762.85486
G0 F9000 X90.909 Y98.595
G1 F1500 X92.902 Y96.603 E762.94858
G0 F9000 X92.902 Y96.037
G1 F1500 X90.909 Y98.03 E763.04232
G0 F9000 X90.909 Y97.464
G1 F1500 X92.902 Y95.471 E763.13607
G0 F9000 X92.902 Y94.906
G1 F1500 X90.909 Y96.898 E763.22979
G0 F9000 X90.909 Y96.333
G1 F1500 X92.901 Y94.341 E763.32349
G0 F9000 X92.901 Y93.775
G1 F1500 X90.909 Y95.767 E763.41718
G0 F9000 X90.909 Y95.201
G1 F1500 X92.901 Y93.209 E763.51088
G0 F9000 X92.901 Y92.644
G1 F1500 X90.909 Y94.636 E763.60458
G0 F9000 X90.909 Y94.07
G1 F1500 X92.901 Y92.078 E763.69828
G0 F9000 X92.901 Y91.512
G1 F1500 X90.909 Y93.504 E763.79197
G0 F9000 X90.909 Y92.939
G1 F1500 X92.901 Y90.947 E763.88567
G0 F9000 X92.901 Y90.381
G1 F1500 X90.909 Y92.373 E763.97937
G0 F9000 X90.909 Y91.807
G1 F1500 X92.625 Y90.092 E764.06006
G0 F9000 X91.979 Y90.172
G1 F1500 X90.909 Y91.242 E764.11039
G0 F9000 X90.909 Y90.676
G1 F1500 X91.494 Y90.091 E764.13791
G0 F9000 X91.086 Y89.933
G1 F1500 X90.909 Y90.11 E764.14623
G1 F2700 E759.14623
G0 F9000 X90.448 Y90.11
G0 X90.535 Y88.951
G0 X92.28 Y89.773
G0 X93.277 Y89.315
G0 X93.611 Y123.899
G0 X93.677 Y124.489
G0 X93.88 Y125.072
G0 X94.211 Y125.596
G0 X94.65 Y126.035
G0 X95.171 Y126.365
G0 X95.757 Y126.569
G0 X109.774 Y126.96
G0 X109.947 Y133.592
G0 X109.312 Y134.498
G1 F2700 E764.14623
G1 F1500 X107.183 Y136.628 E764.2464
G0 F9000 X107.183 Y137.194
G1 F1500 X109.312 Y135.064 E764.34656
G0 F9000 X109.312 Y135.629
G1 F1500 X107.182 Y137.76 E764.44677
G0 F9000 X107.182 Y138.326
G1 F1500 X109.312 Y136.195 E764.54699
G0 F9000 X109.312 Y136.761
G1 F1500 X107.181 Y138.892 E764.64722
G0 F9000 X107.181 Y139.458
G1 F1500 X109.312 Y137.327 E764.74746
G0 F9000 X109.312 Y137.892
G1 F1500 X107.18 Y140.024 E764.84774
G0 F9000 X107.18 Y140.59
G1 F1500 X109.312 Y138.458 E764.94802
G0 F9000 X109.312 Y139.024
G1 F1500 X107.18 Y141.156 E765.04831
G0 F9000 X107.18 Y141.722
G1 F1500 X109.312 Y139.589 E765.14861
G0 F9000 X109.312 Y140.155
G1 F1500 X107.179 Y142.288 E765.24894
G0 F9000 X107.179 Y142.854
G1 F1500 X109.312 Y140.721 E765.34927
G0 F9000 X109.312 Y141.286
G1 F1500 X107.178 Y143.42 E765.44965
G0 F9000 X107.178 Y143.987
G1 F1500 X109.312 Y141.852 E765.55005
G0 F9000 X109.312 Y142.418
G1 F1500 X107.178 Y144.552 E765.65043
G0 F9000 X107.177 Y145.119
G1 F1500 X109.312 Y142.983 E765.75087
G0 F9000 X109.312 Y143.549
G1 F1500 X107.177 Y145.685 E765.85132
G0 F9000 X107.176 Y146.251
G1 F1500 X109.312 Y144.115 E765.95179
G0 F9000 X109.312 Y144.68
G1 F1500 X107.176 Y146.817 E766.05229
G0 F9000 X107.175 Y147.383
G1 F1500 X109.312 Y145.246 E766.1528
G0 F9000 X109.312 Y145.812
G1 F1500 X107.175 Y147.949 E766.25332
G0 F9000 X107.096 Y148.594
G1 F1500 X109.312 Y146.377 E766.35758
G0 F9000 X109.312 Y146.943
G1 F1500 X100.027 Y156.228 E766.79432
G0 F9000 X99.462 Y156.228
G1 F1500 X106.353 Y149.337 E767.11845
G0 F9000 X105.741 Y149.383
G1 F1500 X98.896 Y156.228 E767.44042
G0 F9000 X98.33 Y156.228
G1 F1500 X105.175 Y149.383 E767.76238
G0 F9000 X104.609 Y149.383
G1 F1500 X97.765 Y156.228 E768.08433
G0 F9000 X97.199 Y156.228
G1 F1500 X104.044 Y149.383 E768.4063
G0 F9000 X103.478 Y149.383
G1 F1500 X96.633 Y156.228 E768.72826
G0 F9000 X96.068 Y156.228
G1 F1500 X102.912 Y149.383 E769.05021
G0 F9000 X102.347 Y149.383
G1 F1500 X95.502 Y156.228 E769.37218
G0 F9000 X94.936 Y156.228
G1 F1500 X101.781 Y149.383 E769.69414
G0 F9000 X101.215 Y149.383
G1 F1500 X94.37 Y156.228 E770.01611
G0 F9000 X93.972 Y156.061
G1 F1500 X100.65 Y149.383 E770.33022
G0 F9000 X100.084 Y149.383
G1 F1500 X94.197 Y155.271 E770.60715
G0 F9000 X94.172 Y154.729
G1 F1500 X99.518 Y149.383 E770.85861
G0 F9000 X98.953 Y149.383
G1 F1500 X94.055 Y154.281 E771.089
G0 F9000 X93.856 Y153.915
G1 F1500 X98.387 Y149.383 E771.30215
G0 F9000 X97.821 Y149.383
G1 F1500 X93.618 Y153.586 E771.49985
G0 F9000 X93.301 Y153.338
G1 F1500 X97.255 Y149.383 E771.68585
G0 F9000 X96.69 Y149.383
G1 F1500 X92.942 Y153.131 E771.86215
G0 F9000 X92.521 Y152.986
G1 F1500 X96.124 Y149.383 E772.03162
G0 F9000 X95.558 Y149.383
G1 F1500 X92.006 Y152.936 E772.19872
G0 F9000 X91.3 Y153.077
G1 F1500 X94.993 Y149.383 E772.37245
G0 F9000 X94.427 Y149.383
G1 F1500 X90.908 Y152.903 E772.538
G0 F9000 X90.908 Y152.337
G1 F1500 X93.861 Y149.383 E772.67692
G0 F9000 X93.296 Y149.383
G1 F1500 X90.908 Y151.771 E772.78925
G0 F9000 X90.908 Y151.206
G1 F1500 X92.73 Y149.383 E772.87497
G0 F9000 X92.164 Y149.383
G1 F1500 X90.908 Y150.64 E772.93407
G0 F9000 X90.908 Y150.074
G1 F1500 X91.654 Y149.328 E772.96916
G0 F9000 X91.289 Y149.127
G1 F1500 X90.908 Y149.509 E772.98711
G0 F9000 X90.908 Y148.943
G1 F1500 X91.003 Y148.847 E772.9916
G1 F2700 E767.9916
G0 F9000 X91.41 Y148.643
G0 X100.593 Y149.004
G0 X100.593 Y156.588
G0 X100.593 Y156.228
G1 F2700 E772.9916
G1 F1500 X109.312 Y147.509 E773.40171
G0 F9000 X109.312 Y148.075
G1 F1500 X101.159 Y156.228 E773.78521
G0 F9000 X101.724 Y156.228
G1 F1500 X109.386 Y148.567 E774.14558
G0 F9000 X109.58 Y148.939
G1 F1500 X102.29 Y156.228 E774.48845
G0 F9000 X102.856 Y156.228
G1 F1500 X109.865 Y149.219 E774.81814
G0 F9000 X110.283 Y149.366
G1 F1500 X103.421 Y156.228 E775.1409
G0 F9000 X103.987 Y156.228
G1 F1500 X110.838 Y149.378 E775.46313
G0 F9000 X111.403 Y149.378
G1 F1500 X104.553 Y156.228 E775.78533
G0 F9000 X105.118 Y156.228
G1 F1500 X111.968 Y149.378 E776.10754
G0 F9000 X112.534 Y149.378
G1 F1500 X105.684 Y156.228 E776.42974
G0 F9000 X106.25 Y156.228
G1 F1500 X113.1 Y149.378 E776.75194
G0 F9000 X113.665 Y149.379
G1 F1500 X106.816 Y156.228 E777.0741
G0 F9000 X107.381 Y156.228
G1 F1500 X114.23 Y149.379 E777.39625
G0 F9000 X114.796 Y149.379
G1 F1500 X107.947 Y156.228 E777.71841
G0 F9000 X108.513 Y156.228
G1 F1500 X115.361 Y149.38 E778.04052
G0 F9000 X115.927 Y149.38
G1 F1500 X109.078 Y156.228 E778.36265
G0 F9000 X109.644 Y156.228
G1 F1500 X116.492 Y149.38 E778.68476
G0 F9000 X117.057 Y149.381
G1 F1500 X110.21 Y156.228 E779.00682
G0 F9000 X110.775 Y156.228
G1 F1500 X117.623 Y149.381 E779.32891
G0 F9000 X118.189 Y149.381
G1 F1500 X111.341 Y156.228 E779.65099
G0 F9000 X111.907 Y156.228
G1 F1500 X118.754 Y149.381 E779.97306
G0 F9000 X119.319 Y149.381
G1 F1500 X112.472 Y156.228 E780.29512
G0 F9000 X113.038 Y156.228
G1 F1500 X119.884 Y149.382 E780.61713
G0 F9000 X120.45 Y149.382
G1 F1500 X113.604 Y156.228 E780.93915
G0 F9000 X114.169 Y156.228
G1 F1500 X121.016 Y149.382 E781.26119
G0 F9000 X121.581 Y149.383
G1 F1500 X114.735 Y156.228 E781.58318
G0 F9000 X115.301 Y156.228
G1 F1500 X122.146 Y149.383 E781.90514
G0 F9000 X122.712 Y149.383
G1 F1500 X115.867 Y156.228 E782.22711
G0 F9000 X116.432 Y156.228
G1 F1500 X123.277 Y149.383 E782.54908
G0 F9000 X123.843 Y149.383
G1 F1500 X116.998 Y156.228 E782.87105
G0 F9000 X117.564 Y156.228
G1 F1500 X124.408 Y149.383 E783.19299
G1 F2700 E778.19299
G0 F9000 X124.408 Y148.924
G0 X124.963 Y148.663
G0 X124.936 Y133.726
G0 X124.936 Y126.962
G0 X144.288 Y86.605
G1 F2700 E783.19299
G1 F1500 X143.98 Y86.362 E783.20604
G1 X143.57 Y86.163 E783.2212
G1 X143.106 Y86.067 E783.23696
G1 X142.665 Y86.07 E783.25163
G1 X142.341 Y86.154 E783.26276
G1 X141.9 Y86.357 E783.27891
G1 X141.899 Y83.897 E783.36073
G1 X141.823 Y83.209 E783.38375
G1 X141.57 Y82.481 E783.40938
G1 X141.198 Y81.889 E783.43264
G1 X140.686 Y81.37 E783.45688
G1 X140.066 Y80.978 E783.48128
G1 X139.375 Y80.731 E783.50569
G1 X138.641 Y80.649 E783.53025
G1 X96.26 Y80.653 E784.93985
G1 X95.641 Y80.726 E784.96058
G1 X94.926 Y80.978 E784.9858
G1 X94.306 Y81.37 E785.01019
G1 X93.822 Y81.854 E785.03296
G1 X93.426 Y82.482 E785.05765
G1 X93.179 Y83.169 E785.08194
G1 X93.105 Y83.818 E785.10366
G1 X93.1 Y86.359 E785.18817
G1 X92.939 Y86.252 E785.1946
G1 X92.321 Y86.063 E785.2161
G1 X91.928 Y86.064 E785.22917
G1 X91.472 Y86.152 E785.24462
G1 X91.054 Y86.333 E785.25977
G1 X90.709 Y86.603 E785.27434
G1 X90.708 Y79.976 E785.49475
G1 X90.749 Y79.617 E785.50677
G1 X90.846 Y79.341 E785.5165
G1 X91.009 Y79.086 E785.52657
G1 X91.227 Y78.865 E785.53689
G1 X91.476 Y78.706 E785.54672
G1 X91.761 Y78.609 E785.55673
G1 X92.116 Y78.568 E785.56862
G1 X142.876 Y78.568 E787.2569
G1 X143.235 Y78.609 E787.26892
G1 X143.52 Y78.706 E787.27893
G1 X143.761 Y78.861 E787.28846
G1 X143.99 Y79.093 E787.29931
G1 X144.147 Y79.341 E787.30907
G1 X144.248 Y79.622 E787.319
G1 X144.288 Y79.972 E787.33072
G1 X144.288 Y86.605 E787.55133
G0 F9000 X143.676 Y85.993
G1 F1500 X144.088 Y85.58 E787.57073
G0 F9000 X144.088 Y85.015
G1 F1500 X143.217 Y85.886 E787.6117
G0 F9000 X142.673 Y85.864
G1 F1500 X144.088 Y84.449 E787.67826
G0 F9000 X144.088 Y83.883
G1 F1500 X142.101 Y85.87 E787.77172
G0 F9000 X142.1 Y85.305
G1 F1500 X144.088 Y83.318 E787.86521
G0 F9000 X144.088 Y82.752
G1 F1500 X142.099 Y84.74 E787.95874
G0 F9000 X142.099 Y84.175
G1 F1500 X144.088 Y82.186 E788.0523
G0 F9000 X144.088 Y81.621
G1 F1500 X142.072 Y83.637 E788.14712
G0 F9000 X142.012 Y83.13
G1 F1500 X144.088 Y81.055 E788.24475
G0 F9000 X144.088 Y80.489
G1 F1500 X141.866 Y82.711 E788.34927
G0 F9000 X141.699 Y82.312
G1 F1500 X144.081 Y79.93 E788.46131
G0 F9000 X143.979 Y79.467
G1 F1500 X141.481 Y81.964 E788.57878
G0 F9000 X141.239 Y81.641
G1 F1500 X143.748 Y79.132 E788.6968
G0 F9000 X143.429 Y78.886
G1 F1500 X140.956 Y81.358 E788.8131
G0 F9000 X140.645 Y81.104
G1 F1500 X142.969 Y78.779 E788.92243
G0 F9000 X142.415 Y78.768
G1 F1500 X140.297 Y80.886 E789.02206
G0 F9000 X139.911 Y80.706
G1 F1500 X141.849 Y78.768 E789.11322
G0 F9000 X141.283 Y78.768
G1 F1500 X139.492 Y80.56 E789.19748
G0 F9000 X139 Y80.486
G1 F1500 X140.718 Y78.768 E789.27829
G0 F9000 X140.152 Y78.768
G1 F1500 X138.47 Y80.45 E789.35741
G0 F9000 X137.904 Y80.45
G1 F1500 X139.586 Y78.768 E789.43652
G0 F9000 X139.021 Y78.768
G1 F1500 X137.339 Y80.45 E789.51564
G0 F9000 X136.773 Y80.45
G1 F1500 X138.455 Y78.768 E789.59476
G0 F9000 X137.889 Y78.768
G1 F1500 X136.207 Y80.45 E789.67387
G0 F9000 X135.641 Y80.45
G1 F1500 X137.324 Y78.768 E789.75301
G0 F9000 X136.758 Y78.768
G1 F1500 X135.076 Y80.45 E789.83213
G0 F9000 X134.51 Y80.45
G1 F1500 X136.192 Y78.768 E789.91124
G0 F9000 X135.627 Y78.768
G1 F1500 X133.944 Y80.45 E789.99038
G0 F9000 X133.379 Y80.45
G1 F1500 X135.061 Y78.768 E790.0695
G0 F9000 X134.495 Y78.768
G1 F1500 X132.813 Y80.45 E790.14862
G0 F9000 X132.247 Y80.45
G1 F1500 X133.93 Y78.768 E790.22776
G0 F9000 X133.364 Y78.768
G1 F1500 X131.682 Y80.45 E790.30687
G0 F9000 X131.115 Y80.451
G1 F1500 X132.798 Y78.768 E790.38604
G0 F9000 X132.233 Y78.768
G1 F1500 X130.55 Y80.451 E790.4652
G0 F9000 X129.984 Y80.451
G1 F1500 X131.667 Y78.768 E790.54436
G0 F9000 X131.101 Y78.768
G1 F1500 X129.418 Y80.451 E790.62352
G0 F9000 X128.853 Y80.451
G1 F1500 X130.535 Y78.768 E790.70266
G0 F9000 X129.97 Y78.768
G1 F1500 X128.287 Y80.451 E790.78183
G0 F9000 X127.721 Y80.451
G1 F1500 X129.404 Y78.768 E790.86099
G0 F9000 X128.838 Y78.768
G1 F1500 X127.155 Y80.451 E790.94015
G0 F9000 X126.59 Y80.451
G1 F1500 X128.273 Y78.768 E791.01932
G0 F9000 X127.707 Y78.768
G1 F1500 X126.024 Y80.451 E791.09848
G0 F9000 X125.458 Y80.451
G1 F1500 X127.141 Y78.768 E791.17764
G0 F9000 X126.576 Y78.768
G1 F1500 X124.893 Y80.451 E791.25681
G0 F9000 X124.326 Y80.452
G1 F1500 X126.01 Y78.768 E791.33602
G0 F9000 X125.444 Y78.768
G1 F1500 X123.761 Y80.452 E791.4152
G0 F9000 X123.195 Y80.452
G1 F1500 X124.879 Y78.768 E791.49441
G0 F9000 X124.313 Y78.768
G1 F1500 X122.629 Y80.452 E791.57362
G0 F9000 X122.064 Y80.452
G1 F1500 X123.747 Y78.768 E791.65281
G0 F9000 X123.182 Y78.768
G1 F1500 X121.498 Y80.452 E791.73202
G0 F9000 X120.932 Y80.452
G1 F1500 X122.616 Y78.768 E791.81123
G0 F9000 X122.05 Y78.768
G1 F1500 X120.367 Y80.452 E791.89042
G0 F9000 X119.801 Y80.452
G1 F1500 X121.484 Y78.768 E791.9696
G0 F9000 X120.919 Y78.768
G1 F1500 X119.235 Y80.452 E792.04881
G0 F9000 X118.669 Y80.452
G1 F1500 X120.353 Y78.768 E792.12802
G0 F9000 X119.787 Y78.768
G1 F1500 X118.104 Y80.452 E792.20721
G0 F9000 X117.538 Y80.452
G1 F1500 X119.222 Y78.768 E792.28642
G0 F9000 X118.656 Y78.768
G1 F1500 X116.972 Y80.452 E792.36563
G0 F9000 X116.406 Y80.452
G1 F1500 X118.09 Y78.768 E792.44484
G0 F9000 X117.525 Y78.768
G1 F1500 X115.84 Y80.452 E792.52408
G0 F9000 X115.275 Y80.452
G1 F1500 X116.959 Y78.768 E792.60329
G0 F9000 X116.393 Y78.768
G1 F1500 X114.709 Y80.452 E792.6825
G0 F9000 X114.143 Y80.452
G1 F1500 X115.828 Y78.768 E792.76173
G0 F9000 X115.262 Y78.768
G1 F1500 X113.578 Y80.452 E792.84094
G0 F9000 X113.012 Y80.452
G1 F1500 X114.696 Y78.768 E792.92015
G0 F9000 X114.131 Y78.768
G1 F1500 X112.446 Y80.452 E792.99938
G0 F9000 X111.881 Y80.452
G1 F1500 X113.565 Y78.768 E793.07859
G0 F9000 X112.999 Y78.768
G1 F1500 X111.315 Y80.452 E793.1578
G0 F9000 X110.749 Y80.452
G1 F1500 X112.434 Y78.768 E793.23704
G0 F9000 X111.868 Y78.768
G1 F1500 X110.183 Y80.453 E793.31629
G0 F9000 X109.617 Y80.453
G1 F1500 X111.302 Y78.768 E793.39555
G0 F9000 X110.736 Y78.768
G1 F1500 X109.051 Y80.453 E793.47481
G0 F9000 X108.486 Y80.453
G1 F1500 X110.171 Y78.768 E793.55407
G0 F9000 X109.605 Y78.768
G1 F1500 X107.92 Y80.453 E793.63332
G0 F9000 X107.354 Y80.453
G1 F1500 X109.039 Y78.768 E793.71258
G0 F9000 X108.474 Y78.768
G1 F1500 X106.789 Y80.453 E793.79184
G0 F9000 X106.223 Y80.453
G1 F1500 X107.908 Y78.768 E793.8711
G0 F9000 X107.342 Y78.768
G1 F1500 X105.657 Y80.453 E793.95035
G0 F9000 X105.092 Y80.453
G1 F1500 X106.777 Y78.768 E794.02961
G0 F9000 X106.211 Y78.768
G1 F1500 X104.526 Y80.453 E794.10887
G0 F9000 X103.96 Y80.453
G1 F1500 X105.645 Y78.768 E794.18812
G0 F9000 X105.08 Y78.768
G1 F1500 X103.395 Y80.453 E794.26738
G0 F9000 X102.828 Y80.454
G1 F1500 X104.514 Y78.768 E794.34669
G0 F9000 X103.948 Y78.768
G1 F1500 X102.262 Y80.454 E794.42599
G0 F9000 X101.697 Y80.454
G1 F1500 X103.383 Y78.768 E794.50529
G0 F9000 X102.817 Y78.768
G1 F1500 X101.131 Y80.454 E794.5846
G0 F9000 X100.565 Y80.454
G1 F1500 X102.251 Y78.768 E794.6639
G0 F9000 X101.685 Y78.768
G1 F1500 X100 Y80.454 E794.74318
G0 F9000 X99.434 Y80.454
G1 F1500 X101.12 Y78.768 E794.82249
G0 F9000 X100.554 Y78.768
G1 F1500 X98.868 Y80.454 E794.90179
G0 F9000 X98.303 Y80.454
G1 F1500 X99.988 Y78.768 E794.98107
G0 F9000 X99.423 Y78.768
G1 F1500 X97.737 Y80.454 E795.06038
G0 F9000 X97.171 Y80.454
G1 F1500 X98.857 Y78.768 E795.13968
G0 F9000 X98.291 Y78.768
G1 F1500 X96.606 Y80.454 E795.21896
G0 F9000 X96.013 Y80.481
G1 F1500 X97.726 Y78.768 E795.29954
G0 F9000 X97.16 Y78.768
G1 F1500 X95.291 Y80.637 E795.38745
G1 F2700 E790.38745
G0 F9000 X95.44 Y81.072
G0 X93.597 Y82.585
G0 X93.277 Y86.721
G0 X91.515 Y86.347
G0 X90.535 Y87.085
G0 X90.509 Y79.965
G0 X90.666 Y79.249
G0 X91.104 Y78.708
G0 X91.389 Y78.526
G0 X91.969 Y78.399
G0 X95.463 Y78.308
G0 X95.463 Y78.768
G1 F2700 E795.38745
G1 F1500 X90.908 Y83.323 E795.6017
G0 F9000 X90.908 Y83.888
G1 F1500 X96.029 Y78.768 E795.84255
G0 F9000 X96.594 Y78.768
G1 F1500 X90.908 Y84.454 E796.11001
G0 F9000 X90.908 Y85.02
G1 F1500 X93.078 Y82.85 E796.21208
G0 F9000 X92.93 Y83.564
G1 F1500 X90.908 Y85.585 E796.30716
G0 F9000 X90.908 Y86.151
G1 F1500 X92.905 Y84.155 E796.40107
G0 F9000 X92.903 Y84.722
G1 F1500 X91.729 Y85.897 E796.45632
G0 F9000 X92.327 Y85.864
G1 F1500 X92.901 Y85.29 E796.48332
G0 F9000 X92.9 Y85.857
G1 F1500 X92.765 Y85.991 E796.48964
G1 F2700 E791.48964
G0 F9000 X92.86 Y86.502
G0 X91.139 Y86.519
G0 X90.535 Y87.085
G0 X90.448 Y82.757
G0 X90.908 Y82.757
G1 F2700 E796.48964
G1 F1500 X94.897 Y78.768 E796.67727
G0 F9000 X94.332 Y78.768
G1 F1500 X90.908 Y82.191 E796.8383
G0 F9000 X90.908 Y81.626
G1 F1500 X93.766 Y78.768 E796.97273
G0 F9000 X93.2 Y78.768
G1 F1500 X90.908 Y81.06 E797.08054
G0 F9000 X90.908 Y80.494
G1 F1500 X92.635 Y78.768 E797.16175
G0 F9000 X92.062 Y78.775
G1 F1500 X90.915 Y79.922 E797.2157
G1 F2700 E792.2157
;MESH:NONMESH
G0 F300 Z1
G0 F9000 X90.46 Y79.868
G0 X90.467 Y87.659
;TIME_ELAPSED:1379.830457
;LAYER:4
;TYPE:WALL-INNER
;MESH:Touch_pad_protector.stl
G1 F2700 E797.2157
G1 F1459.9 X90.679 Y87.21 E797.23267
G1 F1500 X90.909 Y86.907 E797.24533
G1 X91.211 Y86.663 E797.25824
G1 X91.553 Y86.503 E797.2708
G1 X91.926 Y86.424 E797.28348
G1 X92.268 Y86.424 E797.29485
G1 X92.696 Y86.553 E797.30972
G1 X92.909 Y86.665 E797.31772
G1 X93.207 Y86.907 E797.33049
G1 X93.356 Y87.093 E797.33842
G1 X93.36 Y83.853 E797.44618
G1 X93.432 Y83.246 E797.46651
G1 X93.651 Y82.609 E797.48892
G1 X94.012 Y82.038 E797.51139
G1 X94.486 Y81.564 E797.53368
G1 X95.056 Y81.204 E797.5561
G1 X95.699 Y80.98 E797.57875
G1 X96.305 Y80.911 E797.59904
G1 X138.691 Y80.911 E799.0088
G1 X139.293 Y80.978 E799.02895
G1 X139.94 Y81.204 E799.05174
G1 X140.51 Y81.564 E799.07416
G1 X140.984 Y82.038 E799.09646
G1 X141.346 Y82.61 E799.11897
G1 X141.57 Y83.254 E799.14165
G1 X141.637 Y83.857 E799.16183
G1 X141.641 Y87.092 E799.26943
G1 X141.789 Y86.907 E799.27731
G1 X142.091 Y86.663 E799.29022
G1 X142.433 Y86.502 E799.30279
G1 X142.816 Y86.424 E799.31579
G1 X143.07 Y86.424 E799.32424
G1 X143.444 Y86.502 E799.33695
G1 X143.789 Y86.665 E799.34964
G1 X144.087 Y86.907 E799.36241
G1 X144.317 Y87.21 E799.37506
G1 F1459.9 X144.529 Y87.656 E799.39194
G1 X144.548 Y87.312 E799.40371
G1 F1500 X144.548 Y79.955 E799.64841
G1 X144.503 Y79.567 E799.6614
G1 X144.384 Y79.223 E799.6735
G1 X144.192 Y78.921 E799.68541
G1 X143.937 Y78.664 E799.69745
G1 X143.634 Y78.473 E799.70936
G1 X143.289 Y78.353 E799.72151
G1 X142.901 Y78.308 E799.7345
G1 X92.095 Y78.308 E801.42432
G1 X91.709 Y78.353 E801.43724
G1 X91.361 Y78.477 E801.44953
G1 X91.06 Y78.662 E801.46128
G1 X90.804 Y78.92 E801.47337
G1 X90.612 Y79.224 E801.48533
G1 X90.493 Y79.567 E801.4974
G1 X90.448 Y79.955 E801.51039
G1 X90.448 Y87.312 E801.75509
G1 F1459.9 X90.467 Y87.659 E801.76697
G0 F9000 X90.47 Y87.705
G1 F1401.9 X90.454 Y88.02 E801.77819
G1 F1392.1 X90.472 Y88.367 E801.79064
G1 F2700 E796.79064
G0 F9000 X90.47 Y129.333
G1 F2700 E801.79064
G1 F1401.9 X90.454 Y129.648 E801.80187
G1 F1392.1 X90.472 Y129.999 E801.81446
G1 F2700 E796.81446
G0 F9000 X90.647 Y148.824
G0 X91.973 Y149.005
G0 X106.098 Y148.824
G1 F2700 E801.81446
G1 F1500 X91.972 Y148.824 E802.2843
G1 X91.741 Y148.778 E802.29213
G1 X91.492 Y148.584 E802.30263
G1 X91.372 Y148.31 E802.31258
G1 X91.372 Y134.172 E802.78281
G1 X91.548 Y133.746 E802.79814
G1 X91.876 Y133.574 E802.81046
G1 X106.101 Y133.572 E803.28358
G1 X106.338 Y133.66 E803.29199
G1 X106.489 Y133.792 E803.29866
G1 X106.624 Y134.055 E803.30849
G1 X106.622 Y148.277 E803.78152
G1 X106.53 Y148.547 E803.79101
G1 X106.395 Y148.697 E803.79772
G1 X106.098 Y148.824 E803.80846
G1 F2700 E798.80846
G0 F9000 X106.588 Y148.765
G0 X109.693 Y148.293
G0 X117.5 Y148.824
G1 F2700 E803.80846
G1 F1500 X110.472 Y148.824 E804.04222
G1 X110.28 Y148.793 E804.04868
G1 X110.101 Y148.697 E804.05544
G1 X109.966 Y148.547 E804.06215
G1 X109.874 Y148.277 E804.07164
G1 X109.872 Y134.055 E804.54466
G1 X110.007 Y133.792 E804.5545
G1 X110.158 Y133.66 E804.56117
G1 X110.395 Y133.572 E804.56958
G1 X124.601 Y133.572 E805.04207
G1 X124.838 Y133.66 E805.05048
G1 X124.989 Y133.792 E805.05715
G1 X125.124 Y134.055 E805.06698
G1 X125.122 Y148.277 E805.54001
G1 X125.03 Y148.547 E805.54949
G1 X124.895 Y148.697 E805.55621
G1 X124.598 Y148.824 E805.56695
G1 X117.5 Y148.824 E805.80303
G1 F2700 E800.80303
G0 F9000 X117.5 Y156.488
G0 X117.5 Y156.688
G1 F2700 E805.80303
G1 F1500 X142.901 Y156.687 E806.64787
G1 X143.293 Y156.643 E806.66099
G1 X143.634 Y156.523 E806.67301
G1 X143.936 Y156.335 E806.68485
G1 X144.191 Y156.079 E806.69686
G1 X144.383 Y155.774 E806.70885
G1 X144.502 Y155.43 E806.72096
G1 X144.547 Y155.041 E806.73398
G1 F1492.5 X144.546 Y130.356 E807.55911
G1 F1449.3 X144.526 Y130.027 E807.57046
G1 F1456.3 X144.32 Y130.45 E807.58658
G1 F1500 X144.087 Y130.761 E807.5995
G1 X143.789 Y131.003 E807.61227
G1 X143.435 Y131.168 E807.62526
G1 X143.107 Y131.239 E807.63642
G1 X142.742 Y131.24 E807.64856
G1 X142.443 Y131.168 E807.65879
G1 X142.091 Y131.005 E807.67169
G1 X141.789 Y130.761 E807.68461
G1 X141.555 Y130.45 E807.69755
G1 X141.379 Y130.042 E807.71233
G1 X141.34 Y129.639 E807.7258
G1 X141.384 Y129.263 E807.73839
G1 X141.515 Y128.903 E807.75113
G1 X141.734 Y128.591 E807.76381
G1 X142.021 Y128.328 E807.77676
G1 X142.391 Y128.147 E807.79046
G1 X142.737 Y128.056 E807.80236
G1 X143.147 Y128.056 E807.81599
G1 X143.569 Y128.181 E807.83063
G1 X143.907 Y128.375 E807.84359
G1 F1477.8 X144.259 Y128.718 E807.86019
G1 F1442.3 X144.529 Y129.285 E807.88191
G1 F1459.9 X144.548 Y128.94 E807.89372
G1 F1492.5 X144.546 Y88.724 E809.23799
G1 F1408.5 X144.524 Y88.367 E809.25066
G1 X144.388 Y88.696 E809.26327
G1 F1492.5 X144.182 Y89.023 E809.27619
G1 F1500 X143.907 Y89.289 E809.28892
G1 X143.577 Y89.483 E809.30165
G1 X143.148 Y89.612 E809.31655
G1 X142.816 Y89.612 E809.32759
G1 X142.433 Y89.534 E809.34059
G1 X142.091 Y89.373 E809.35316
G1 X141.789 Y89.129 E809.36608
G1 X141.64 Y88.943 E809.374
G1 X141.637 Y123.939 E810.53798
G1 X141.572 Y124.512 E810.55716
G1 X141.347 Y125.18 E810.5806
G1 X140.967 Y125.773 E810.60403
G1 X140.503 Y126.237 E810.62585
G1 X139.935 Y126.591 E810.64811
G1 X139.307 Y126.807 E810.6702
G1 X138.653 Y126.884 E810.6921
G1 X96.343 Y126.884 E812.09934
G1 X95.692 Y126.807 E812.12114
G1 X95.064 Y126.587 E812.14327
G1 X94.494 Y126.238 E812.1655
G1 X94.028 Y125.771 E812.18745
G1 X93.652 Y125.184 E812.21063
G1 X93.434 Y124.551 E812.2329
G1 X93.36 Y123.944 E812.25324
G1 X93.356 Y88.943 E813.41738
G1 X93.207 Y89.129 E813.4253
G1 X92.909 Y89.371 E813.43807
G1 X92.564 Y89.534 E813.45076
G1 X92.18 Y89.612 E813.46379
G1 X91.848 Y89.612 E813.47484
G1 X91.427 Y89.485 E813.48946
G1 X91.089 Y89.289 E813.50246
G1 X90.814 Y89.022 E813.51521
G1 F1492.5 X90.608 Y88.696 E813.5281
G1 F1405.2 X90.472 Y88.367 E813.54074
G1 X90.45 Y88.724 E813.55344
G1 F1492.5 X90.449 Y128.94 E814.89771
G1 F1459.9 X90.467 Y129.285 E814.90952
G1 X90.676 Y128.846 E814.92614
G1 F1500 X90.909 Y128.535 E814.93906
G1 X91.219 Y128.287 E814.95226
G1 X91.553 Y128.135 E814.96447
G1 X91.936 Y128.056 E814.97748
G1 X92.257 Y128.056 E814.98815
G1 X92.608 Y128.146 E815.0002
G1 X92.962 Y128.324 E815.01338
G1 X93.209 Y128.536 E815.02421
G1 X93.478 Y128.896 E815.03916
G1 X93.612 Y129.263 E815.05215
G1 X93.656 Y129.639 E815.06474
G1 X93.617 Y130.042 E815.07821
G1 X93.441 Y130.45 E815.09299
G1 X93.207 Y130.761 E815.10593
G1 X92.909 Y131.003 E815.1187
G1 X92.555 Y131.168 E815.13169
G1 X92.243 Y131.24 E815.14234
G1 X91.889 Y131.238 E815.15412
G1 X91.562 Y131.168 E815.16524
G1 X91.211 Y131.005 E815.17811
G1 X90.909 Y130.761 E815.19102
G1 X90.676 Y130.45 E815.20395
G1 F1456.3 X90.47 Y130.03 E815.21997
G1 F1449.3 X90.451 Y130.356 E815.23121
G1 F1492.5 X90.449 Y154.38 E816.03425
G1 F1459.9 X90.467 Y154.725 E816.04606
G1 X90.676 Y154.286 E816.06267
G1 F1500 X90.909 Y153.975 E816.0756
G1 X91.219 Y153.727 E816.0888
G1 X91.553 Y153.575 E816.10101
G1 X91.936 Y153.496 E816.11402
G1 X92.31 Y153.51 E816.12646
G1 X92.629 Y153.59 E816.1374
G1 X92.901 Y153.729 E816.14756
G1 X93.262 Y154.019 E816.16296
G1 X93.491 Y154.376 E816.17707
G1 X93.62 Y154.71 E816.18898
G1 X93.653 Y155.157 E816.20389
G1 X93.589 Y155.546 E816.217
G1 X93.441 Y155.89 E816.22945
G1 X93.207 Y156.201 E816.2424
G1 X92.909 Y156.443 E816.25517
G1 F1492.5 X92.556 Y156.611 E816.26823
G1 F1456.3 X92.285 Y156.68 E816.27781
G1 F1467 X92.729 Y156.688 E816.29292
G1 F1500 X117.5 Y156.688 E817.1168
G1 F2700 E812.1168
G0 F9000 X128.972 Y156.488
G0 X128.972 Y149.004
G0 X128.972 Y148.824
G1 F2700 E817.1168
G1 F1500 X128.78 Y148.793 E817.12327
G1 X128.601 Y148.697 E817.13003
G1 X128.466 Y148.547 E817.13674
G1 X128.374 Y148.277 E817.14623
G1 X128.372 Y134.055 E817.61925
G1 X128.507 Y133.792 E817.62908
G1 X128.658 Y133.66 E817.63576
G1 X128.895 Y133.572 E817.64416
G1 X143.12 Y133.574 E818.11729
G1 X143.448 Y133.746 E818.12961
G1 X143.624 Y134.172 E818.14494
G1 X143.624 Y148.312 E818.61524
G1 X143.504 Y148.584 E818.62512
G1 X143.255 Y148.778 E818.63562
G1 X143.024 Y148.824 E818.64346
G1 X128.972 Y148.824 E819.11083
G1 F2700 E814.11083
G0 F9000 X128.537 Y148.663
G0 X128.537 Y133.737
G0 X143.149 Y133.394
G0 X144.368 Y133.396
G0 X144.524 Y129.999
G1 F2700 E819.11083
G1 F1395.3 X144.542 Y129.648 E819.12339
G1 F1401.9 X144.526 Y129.333 E819.13462
G1 F2700 E814.13462
G0 F9000 X144.524 Y88.367
G1 F2700 E819.13462
G1 F1395.3 X144.542 Y88.02 E819.14704
G1 F1401.9 X144.526 Y87.705 E819.15827
G1 F2700 E814.15827
G0 F9000 X144.227 Y88.693
G0 X144.028 Y88.982
G0 X143.765 Y89.214
G0 X142.701 Y89.773
G0 X141.821 Y89.406
G0 X141.49 Y123.898
G0 X141.421 Y124.512
G0 X141.211 Y125.116
G0 X140.868 Y125.659
G0 X140.413 Y126.114
G0 X139.873 Y126.456
G0 X139.266 Y126.667
G0 X138.651 Y126.735
G0 X94.995 Y126.732
G0 X93.276 Y124.588
G0 X93.175 Y89.406
G0 X91.051 Y89.478
G0 X90.634 Y89.101
G0 X90.47 Y154.773
G1 F2700 E819.15827
G1 F1398.6 X90.455 Y155.041 E819.16784
G1 F1467 X90.494 Y155.429 E819.1811
G1 F1488.8 X90.613 Y155.774 E819.19333
G1 F1492.5 X90.803 Y156.078 E819.20532
G1 F1496.3 X91.059 Y156.333 E819.21737
G1 X91.363 Y156.524 E819.22934
G1 F1477.8 X91.778 Y156.668 E819.24417
G1 F1449.3 X92.285 Y156.68 E819.26162
G0 F9000 X92.215 Y156.278
;TYPE:WALL-OUTER
G1 F1500 X91.913 Y156.279 E819.27167
G1 X91.611 Y156.202 E819.28203
G1 X91.381 Y156.081 E819.29068
G1 X91.167 Y155.895 E819.30011
G1 X91.002 Y155.659 E819.30969
G1 X90.89 Y155.365 E819.32015
G1 X90.86 Y155.072 E819.32995
G1 X90.901 Y154.772 E819.34002
G1 X91.006 Y154.511 E819.34937
G1 X91.142 Y154.311 E819.35742
G1 X91.374 Y154.097 E819.36792
G1 X91.653 Y153.962 E819.37822
G1 X91.936 Y153.896 E819.38789
G1 X92.224 Y153.9 E819.39747
G1 X92.507 Y153.977 E819.40722
G1 X92.761 Y154.114 E819.41682
G1 X92.974 Y154.311 E819.42647
G1 X93.127 Y154.541 E819.43566
G1 X93.227 Y154.821 E819.44555
G1 X93.255 Y155.111 E819.45524
G1 X93.215 Y155.404 E819.46508
G1 X93.11 Y155.665 E819.47443
G1 X92.974 Y155.865 E819.48248
G1 X92.761 Y156.062 E819.49213
G1 X92.463 Y156.219 E819.50333
G1 X92.215 Y156.278 E819.51181
G1 F2700 E814.51181
G0 F9000 X92.288 Y156.582
G0 X106.057 Y156.488
G0 X106.057 Y149.004
G0 X106.057 Y148.422
G1 F2700 E819.51181
G1 F1500 X91.914 Y148.424 E819.98221
G1 X91.812 Y148.344 E819.98652
G1 X91.774 Y148.259 E819.98962
G1 X91.772 Y134.172 E820.45815
G1 X91.83 Y134.03 E820.46325
G1 X91.935 Y133.975 E820.46719
G1 X106.062 Y133.975 E820.93706
G1 X106.224 Y134.094 E820.94375
G1 X106.224 Y148.242 E821.41431
G1 X106.148 Y148.382 E821.41961
G1 X106.057 Y148.422 E821.42292
G1 F2700 E816.42292
G0 F9000 X106.057 Y148.735
G0 X106.803 Y148.293
G0 X109.693 Y148.293
G0 X117.5 Y148.422
G1 F2700 E821.42292
G1 F1500 X110.437 Y148.421 E821.65783
G1 X110.327 Y148.363 E821.66197
G1 X110.272 Y148.27 E821.66556
G1 X110.272 Y134.133 E822.13576
G1 X110.353 Y134.01 E822.14066
G1 X110.437 Y133.975 E822.14368
G1 X124.562 Y133.975 E822.61348
G1 X124.724 Y134.094 E822.62017
G1 X124.724 Y148.242 E823.09073
G1 X124.648 Y148.382 E823.09603
G1 X124.557 Y148.422 E823.09934
G1 X117.5 Y148.422 E823.33406
G1 F2700 E818.33406
G0 F9000 X117.5 Y148.735
G0 X117.5 Y149.004
G0 X117.5 Y156.488
G0 X117.5 Y157.088
G1 F2700 E823.33406
G1 F1500 X142.924 Y157.087 E824.17966
G1 X143.383 Y157.035 E824.19503
G1 X143.808 Y156.886 E824.21
G1 X144.186 Y156.65 E824.22483
G1 X144.506 Y156.33 E824.23988
G1 X144.746 Y155.948 E824.25488
G1 X144.895 Y155.519 E824.26999
G1 X144.947 Y155.064 E824.28522
G1 X144.948 Y79.932 E826.78412
G1 X144.895 Y79.477 E826.79936
G1 X144.746 Y79.048 E826.81446
G1 X144.506 Y78.67 E826.82935
G1 X144.189 Y78.35 E826.84433
G1 X143.808 Y78.11 E826.85931
G1 X143.379 Y77.961 E826.87441
G1 X142.924 Y77.908 E826.88965
G1 X92.072 Y77.908 E828.581
G1 X91.618 Y77.961 E828.5962
G1 X91.187 Y78.114 E828.61141
G1 X90.81 Y78.346 E828.62613
G1 X90.49 Y78.67 E828.64128
G1 X90.25 Y79.048 E828.65617
G1 X90.101 Y79.477 E828.67128
G1 X90.048 Y79.932 E828.68651
G1 X90.048 Y155.064 E831.18541
G1 X90.101 Y155.519 E831.20065
G1 X90.25 Y155.948 E831.21575
G1 X90.489 Y156.33 E831.23074
G1 X90.809 Y156.647 E831.24572
G1 X91.188 Y156.886 E831.26062
G1 X91.617 Y157.035 E831.27573
G1 X92.072 Y157.088 E831.29096
G1 X117.5 Y157.088 E832.1367
G1 F2700 E827.1367
G0 F9000 X117.5 Y156.78
G0 X128.937 Y156.488
G0 X128.937 Y149.004
G0 X128.937 Y148.421
G1 F2700 E832.1367
G1 F1500 X128.827 Y148.363 E832.14084
G1 X128.772 Y148.27 E832.14443
G1 X128.772 Y134.133 E832.61463
G1 X128.853 Y134.01 E832.61953
G1 X128.937 Y133.975 E832.62256
G1 X143.061 Y133.975 E833.09232
G1 X143.166 Y134.03 E833.09626
G1 X143.224 Y134.172 E833.10137
G1 X143.222 Y148.259 E833.5699
G1 X143.184 Y148.344 E833.573
G1 X143.082 Y148.424 E833.57731
G1 X128.937 Y148.421 E834.04777
G1 F2700 E829.04777
G0 F9000 X128.937 Y148.735
G0 X128.537 Y148.663
G0 X128.537 Y133.737
G0 X142.693 Y133.394
G0 X142.816 Y131.44
G0 X142.769 Y130.835
G1 F2700 E834.04777
G1 F1500 X142.491 Y130.762 E834.05733
G1 X142.275 Y130.65 E834.06543
G1 X142.022 Y130.425 E834.07669
G1 X141.865 Y130.184 E834.08625
G1 X141.769 Y129.915 E834.09575
G1 X141.74 Y129.635 E834.10512
G1 X141.773 Y129.357 E834.11443
G1 X141.886 Y129.071 E834.12466
G1 X142.036 Y128.853 E834.13346
G1 X142.264 Y128.652 E834.14357
G1 X142.519 Y128.526 E834.15303
G1 X142.773 Y128.46 E834.16176
G1 X143.11 Y128.462 E834.17296
G1 X143.387 Y128.537 E834.18251
G1 X143.641 Y128.674 E834.19211
G1 X143.854 Y128.871 E834.20176
G1 X144.011 Y129.112 E834.21132
G1 X144.107 Y129.381 E834.22082
G1 X144.136 Y129.648 E834.22976
G1 X144.106 Y129.927 E834.23909
G1 X143.99 Y130.225 E834.24973
G1 X143.854 Y130.425 E834.25777
G1 X143.641 Y130.622 E834.26742
G1 X143.343 Y130.779 E834.27862
G1 X143.093 Y130.838 E834.28717
G1 X142.769 Y130.835 E834.29794
G1 F2700 E829.29794
G0 F9000 X142.695 Y131.137
G0 X141.34 Y130.382
G0 X141.613 Y128.486
G0 X143.482 Y127.978
G0 X144.362 Y128.572
G0 X144.362 Y89.101
G0 X142.701 Y89.773
G0 X141.821 Y89.406
G0 X141.489 Y125.256
G0 X139.56 Y126.793
G0 X117.5 Y126.797
G0 X117.5 Y126.484
G1 F2700 E834.29794
G1 F1500 X96.349 Y126.483 E835.00143
G1 X95.788 Y126.419 E835.02021
G1 X95.234 Y126.225 E835.03973
G1 X94.739 Y125.917 E835.05912
G1 X94.332 Y125.511 E835.07824
G1 X94.026 Y125.027 E835.09729
G1 X93.83 Y124.474 E835.1168
G1 X93.757 Y123.896 E835.13618
G1 F1488.8 X93.754 Y106.282 E835.72642
G1 F1470.6 X93.751 Y88.668 E836.32398
G1 F1366.7 X93.723 Y88.34 E836.33599
G1 F1307.2 X93.731 Y87.969 E836.35016
G1 F1310 X93.723 Y87.723 E836.35953
G1 F1376.1 X93.753 Y87.368 E836.37245
G1 F1488.8 X93.757 Y83.9 E836.48866
G1 F1500 X93.83 Y83.318 E836.50817
G1 X94.026 Y82.765 E836.52768
G1 X94.342 Y82.274 E836.5471
G1 X94.757 Y81.866 E836.56646
G1 X95.213 Y81.578 E836.5844
G1 X95.801 Y81.37 E836.60514
G1 X96.349 Y81.309 E836.62348
G1 X138.647 Y81.309 E838.03032
G1 X139.226 Y81.379 E838.04971
G1 X139.783 Y81.578 E838.06939
G1 X140.274 Y81.894 E838.08881
G1 X140.682 Y82.309 E838.10816
G1 X140.989 Y82.805 E838.12757
G1 X141.179 Y83.361 E838.14711
G1 X141.239 Y83.901 E838.16518
G1 F1488.8 X141.244 Y87.368 E838.28136
G1 F1376.1 X141.273 Y87.723 E838.29427
G1 F1310 X141.265 Y88.02 E838.30558
G1 X141.273 Y88.314 E838.31679
G1 F1376.1 X141.244 Y88.668 E838.32966
G1 F1485.1 X141.241 Y106.282 E838.92136
G1 F1492.5 X141.239 Y123.896 E839.51014
G1 F1500 X141.178 Y124.443 E839.52844
G1 X140.97 Y125.027 E839.54906
G1 X140.678 Y125.493 E839.56735
G1 X140.257 Y125.917 E839.58723
G1 X139.762 Y126.225 E839.60662
G1 X139.212 Y126.419 E839.62602
G1 X138.634 Y126.484 E839.64536
G1 X117.5 Y126.484 E840.34828
G1 F2700 E835.34828
G0 F9000 X117.5 Y126.797
G0 X94.995 Y126.732
G0 X93.276 Y124.588
G0 X93.175 Y89.406
G0 X91.051 Y89.478
G0 X90.634 Y89.101
G0 X90.632 Y128.571
G0 X92.699 Y128.005
G0 X93.817 Y129.636
G0 X93.333 Y130.726
G0 X92.288 Y131.142
G0 X92.215 Y130.837
G1 F2700 E840.34828
G1 F1500 X91.92 Y130.84 E840.35809
G1 X91.656 Y130.779 E840.3671
G1 X91.395 Y130.65 E840.37679
G1 X91.142 Y130.425 E840.38805
G1 X90.985 Y130.184 E840.39762
G1 X90.89 Y129.927 E840.40673
G1 X90.861 Y129.671 E840.4153
G1 X90.891 Y129.356 E840.42582
G1 X91.006 Y129.071 E840.43604
G1 X91.142 Y128.871 E840.44409
G1 X91.374 Y128.657 E840.45459
G1 X91.653 Y128.522 E840.46489
G1 X91.936 Y128.456 E840.47456
G1 X92.223 Y128.46 E840.48411
G1 X92.48 Y128.526 E840.49293
G1 X92.74 Y128.657 E840.50261
G1 X92.942 Y128.834 E840.51155
G1 X93.11 Y129.071 E840.52121
G1 X93.223 Y129.357 E840.53144
G1 X93.256 Y129.635 E840.54075
G1 X93.215 Y129.964 E840.55178
G1 X93.11 Y130.225 E840.56113
G1 X92.974 Y130.425 E840.56918
G1 X92.761 Y130.622 E840.57883
G1 X92.463 Y130.779 E840.59003
G1 X92.215 Y130.837 E840.5985
G1 F2700 E835.5985
G0 F9000 X92.288 Y131.142
G0 X92.885 Y130.844
G0 X93.148 Y130.612
G0 X93.347 Y130.323
G0 X93.47 Y129.997
G0 X93.513 Y129.649
G0 X93.47 Y129.301
G0 X93.345 Y128.974
G0 X93.147 Y128.686
G0 X92.277 Y127.895
G0 X90.632 Y128.571
G0 X90.634 Y89.101
G0 X91.107 Y89.291
G0 X92.303 Y89.508
G0 X92.23 Y89.206
G1 F2700 E840.5985
G1 F1500 X91.932 Y89.212 E840.60842
G1 X91.653 Y89.146 E840.61795
G1 X91.395 Y89.018 E840.62753
G1 X91.175 Y88.83 E840.63716
G1 X90.984 Y88.555 E840.64829
G1 X90.89 Y88.295 E840.65749
G1 X90.86 Y88.02 E840.66669
G1 X90.9 Y87.705 E840.67725
G1 X90.984 Y87.481 E840.68521
G1 X91.143 Y87.242 E840.69475
G1 X91.395 Y87.018 E840.70597
G1 X91.653 Y86.89 E840.71555
G1 X91.885 Y86.83 E840.72352
G1 X92.206 Y86.823 E840.7342
G1 X92.51 Y86.907 E840.74469
G1 X92.761 Y87.046 E840.75423
G1 X92.973 Y87.242 E840.76383
G1 F1488.8 X93.134 Y87.48 E840.77346
G1 F1376.1 X93.259 Y87.749 E840.78421
G1 F1310 X93.281 Y87.994 E840.79358
G1 F1307.2 X93.259 Y88.3 E840.80529
G1 F1366.7 X93.136 Y88.557 E840.81569
G1 F1477.8 X92.973 Y88.794 E840.8254
G1 F1500 X92.761 Y88.99 E840.835
G1 X92.51 Y89.129 E840.84455
G1 X92.23 Y89.206 E840.85421
G1 F2700 E835.85421
G0 F9000 X92.303 Y89.508
G0 X93.175 Y89.406
G0 X93.509 Y89.508
G0 X93.51 Y83.898
G0 X93.579 Y83.284
G0 X93.789 Y82.68
G0 X94.132 Y82.137
G0 X94.587 Y81.682
G0 X95.127 Y81.34
G0 X95.734 Y81.129
G0 X96.348 Y81.061
G0 X138.652 Y81.06
G0 X139.266 Y81.129
G0 X139.873 Y81.34
G0 X140.413 Y81.682
G0 X140.868 Y82.137
G0 X141.21 Y82.677
G0 X141.421 Y83.284
G0 X141.49 Y83.897
G0 X141.492 Y89.512
G0 X141.758 Y89.426
G0 X142.716 Y89.512
G0 X142.789 Y89.213
G1 F2700 E840.85421
G1 F1500 X142.491 Y89.13 E840.86449
G1 X142.275 Y89.018 E840.87259
G1 X142.023 Y88.794 E840.8838
G1 F1488.8 X141.861 Y88.556 E840.89345
G1 F1376.1 X141.737 Y88.287 E840.90419
G1 F1310 X141.715 Y87.994 E840.91538
G1 X141.737 Y87.749 E840.92474
G1 F1376.1 X141.861 Y87.48 E840.93548
G1 F1488.8 X142.023 Y87.242 E840.94513
G1 F1500 X142.275 Y87.018 E840.95635
G1 X142.533 Y86.89 E840.96592
G1 X142.765 Y86.83 E840.97389
G1 X143.064 Y86.824 E840.98384
G1 X143.346 Y86.89 E840.99347
G1 X143.602 Y87.019 E841.00301
G1 X143.853 Y87.241 E841.01415
G1 X144.012 Y87.481 E841.02373
G1 X144.096 Y87.705 E841.03169
G1 X144.136 Y88.02 E841.04225
G1 X144.106 Y88.295 E841.05145
G1 X144.012 Y88.555 E841.06064
G1 X143.853 Y88.795 E841.07022
G1 X143.641 Y88.99 E841.0798
G1 X143.39 Y89.129 E841.08934
G1 X143.11 Y89.206 E841.099
G1 X142.789 Y89.213 E841.10968
G1 F2700 E836.10968
G0 F9000 X142.716 Y89.512
G0 X141.821 Y89.406
G0 X141.49 Y123.898
G0 X141.421 Y124.512
G0 X141.211 Y125.116
G0 X140.868 Y125.659
G0 X140.413 Y126.114
G0 X139.873 Y126.456
G0 X139.266 Y126.667
G0 X138.651 Y126.735
G0 X94.995 Y126.732
G0 X93.276 Y124.588
G0 X93.175 Y89.406
G0 X91.051 Y89.478
G0 X90.634 Y89.101
G0 X90.547 Y134.176
G0 X90.908 Y134.176
;TYPE:SKIN
G1 F2700 E841.10968
G1 F983.6 X90.91 Y148.38 E841.83013
G1 F2700 E836.83013
G0 F9000 X90.547 Y148.38
G0 X90.647 Y148.924
G0 X109.908 Y148.765
G0 X117.5 Y149.182
G1 F2700 E841.83013
G1 F1500 X124.649 Y149.182 E842.06791
G1 X124.969 Y149.074 E842.07914
G1 X125.217 Y148.887 E842.08947
G1 X125.42 Y148.555 E842.10241
G1 X125.48 Y148.31 E842.1108
G1 X125.479 Y134.127 E842.58253
G1 X125.371 Y133.715 E842.5967
G1 X125.165 Y133.458 E842.60765
G1 X124.871 Y133.273 E842.61921
G1 X124.62 Y133.212 E842.6278
G1 X110.345 Y133.214 E843.10259
G1 X110.115 Y133.274 E843.11049
G1 X109.825 Y133.455 E843.12186
G1 X109.626 Y133.716 E843.13278
G1 X109.517 Y134.127 E843.14692
G1 X109.512 Y148.31 E843.61865
G1 X109.558 Y148.526 E843.62599
G1 X109.775 Y148.887 E843.64
G1 X110.027 Y149.074 E843.65044
G1 X110.349 Y149.181 E843.66173
G1 X117.5 Y149.182 E843.89957
G1 F2700 E838.89957
G0 F9000 X117.5 Y148.924
G0 X117.5 Y156.488
G0 X117.5 Y156.326
G1 F2700 E843.89957
G1 F1500 X93.544 Y156.328 E844.69635
G1 X93.752 Y156.065 E844.7075
G1 X93.92 Y155.681 E844.72144
G1 X94.006 Y155.21 E844.73737
G1 X93.974 Y154.628 E844.75675
G1 X93.819 Y154.229 E844.77099
G1 X93.531 Y153.771 E844.78899
G1 X93.049 Y153.396 E844.8093
G1 X92.685 Y153.236 E844.82252
G1 X92.395 Y153.158 E844.83251
G1 X91.896 Y153.139 E844.84912
G1 X91.476 Y153.223 E844.86336
G1 X90.966 Y153.445 E844.88186
G1 X90.804 Y153.588 E844.88905
G1 X90.805 Y148.835 E845.04714
G1 F1185.8 X90.91 Y148.38 E845.06678
G1 X91.24 Y148.834 E845.0904
G1 F1500 X91.594 Y149.112 E845.10537
G1 X91.936 Y149.18 E845.11697
G1 X106.149 Y149.182 E845.58969
G1 X106.469 Y149.074 E845.60093
G1 X106.717 Y148.887 E845.61126
G1 X106.92 Y148.555 E845.6242
G1 X106.98 Y148.31 E845.63259
G1 X106.979 Y134.127 E846.10432
G1 X106.871 Y133.715 E846.11848
G1 X106.665 Y133.458 E846.12944
G1 X106.371 Y133.273 E846.14099
G1 X106.12 Y133.212 E846.14958
G1 X91.794 Y133.216 E846.62607
G1 X91.342 Y133.455 E846.64307
G1 X91.251 Y133.555 E846.64757
G1 F1190.5 X90.908 Y134.176 E846.6773
G1 F1041.7 X90.876 Y134.056 E846.68325
G1 F1271.2 X90.804 Y133.467 E846.70654
G1 F1500 X90.805 Y131.137 E846.78403
G1 X91.015 Y131.305 E846.79298
G1 X91.44 Y131.506 E846.80862
G1 X91.871 Y131.596 E846.82326
G1 X92.291 Y131.598 E846.83723
G1 X92.672 Y131.506 E846.85027
G1 X93.106 Y131.301 E846.86623
G1 X93.537 Y130.956 E846.88459
G1 X93.847 Y130.438 E846.90467
G1 X93.975 Y130.042 E846.91851
G1 X94.016 Y129.623 E846.93252
G1 X93.961 Y129.17 E846.94769
G1 X93.803 Y128.734 E846.96312
G1 X93.516 Y128.332 E846.97955
G1 X93.208 Y128.05 E846.99343
G1 X92.79 Y127.826 E847.00921
G1 X92.326 Y127.702 E847.02518
G1 X91.901 Y127.699 E847.03932
G1 X91.477 Y127.783 E847.05369
G1 X90.966 Y128.005 E847.07223
G1 X90.804 Y128.148 E847.07941
G1 X90.809 Y89.52 E848.36418
G1 X90.968 Y89.659 E848.37121
G1 X91.475 Y89.885 E848.38967
G1 X91.879 Y89.968 E848.40339
G1 X92.326 Y89.972 E848.41826
G1 X92.832 Y89.815 E848.43588
G1 X92.997 Y89.721 E848.44219
G1 X93.001 Y123.98 E849.58165
G1 X93.078 Y124.619 E849.60306
G1 X93.314 Y125.313 E849.62744
G1 X93.706 Y125.95 E849.65232
G1 X94.281 Y126.522 E849.67929
G1 X94.885 Y126.902 E849.70303
G1 X95.646 Y127.169 E849.72985
G1 X96.273 Y127.239 E849.75083
G1 X138.71 Y127.24 E851.1623
G1 X139.413 Y127.15 E851.18587
G1 X140.106 Y126.909 E851.21027
G1 X140.747 Y126.504 E851.23549
G1 X141.259 Y125.985 E851.25974
G1 X141.658 Y125.359 E851.28443
G1 X141.922 Y124.619 E851.31056
G1 X141.995 Y123.975 E851.33212
G1 X142.001 Y89.722 E852.47138
G1 X142.126 Y89.797 E852.47623
G1 X142.668 Y89.972 E852.49517
G1 X143.208 Y89.972 E852.51313
G1 X143.755 Y89.796 E852.53224
G1 X144.185 Y89.537 E852.54894
G1 X144.188 Y128.152 E853.83328
G1 X143.929 Y127.957 E853.84406
G1 X143.523 Y127.783 E853.85875
G1 X143.095 Y127.699 E853.87326
G1 X142.664 Y127.702 E853.88759
G1 X142.241 Y127.814 E853.90215
G1 X141.788 Y128.05 E853.91914
G1 X141.48 Y128.332 E853.93303
G1 X141.188 Y128.738 E853.94966
G1 X141.039 Y129.156 E853.96442
G1 X140.981 Y129.617 E853.97987
G1 X141.008 Y129.989 E853.99228
G1 X141.149 Y130.442 E854.00806
G1 X141.454 Y130.953 E854.02785
G1 X141.89 Y131.304 E854.04647
G1 X142.326 Y131.507 E854.06246
G1 X142.783 Y131.597 E854.07796
G1 X143.123 Y131.596 E854.08926
G1 X143.645 Y131.495 E854.10695
G1 X144.187 Y131.169 E854.12798
G1 X144.187 Y133.465 E854.20435
G1 F1276.6 X144.117 Y134.055 E854.22757
G1 F1153.8 X144.089 Y134.165 E854.23248
G1 F1260.5 X143.699 Y133.48 E854.26368
G1 F1411.8 X143.198 Y133.216 E854.28369
G1 F1500 X128.845 Y133.214 E854.76107
G1 X128.615 Y133.274 E854.76898
G1 X128.325 Y133.455 E854.78035
G1 X128.126 Y133.716 E854.79126
G1 X128.017 Y134.127 E854.8054
G1 X128.012 Y148.31 E855.27713
G1 X128.058 Y148.526 E855.28448
G1 X128.275 Y148.887 E855.29849
G1 X128.527 Y149.074 E855.30892
G1 X128.849 Y149.181 E855.32021
G1 X143.016 Y149.185 E855.79141
G1 X143.397 Y149.112 E855.80431
G1 X143.752 Y148.834 E855.81931
G1 F1195.2 X144.083 Y148.38 E855.84276
G1 X144.185 Y148.838 E855.86234
G1 F1500 X144.183 Y155.017 E856.06786
G1 X144.147 Y155.347 E856.0789
G1 X144.054 Y155.616 E856.08837
G1 X143.906 Y155.846 E856.09746
G1 X143.706 Y156.05 E856.10697
G1 X143.472 Y156.194 E856.1161
G1 X143.211 Y156.287 E856.12532
G1 X142.877 Y156.323 E856.13649
G1 X117.5 Y156.326 E856.98054
G1 F2700 E851.98054
G0 F9000 X117.5 Y156.588
G0 X142.89 Y156.487
G0 X143.324 Y148.945
G0 X144.083 Y148.38
G1 F2700 E856.98054
G1 F995 X144.086 Y134.176 E857.69272
G1 F2700 E852.69272
G0 F9000 X143.724 Y134.176
G0 X143.149 Y133.394
G0 X143.441 Y128.328
G0 X143.752 Y90.012
G1 F2700 E857.69272
G1 F1500 X143.986 Y90.246 E857.70373
G0 F9000 X143.986 Y90.812
G1 F1500 X143.321 Y90.146 E857.73503
G0 F9000 X142.781 Y90.172
G1 F1500 X143.986 Y91.377 E857.79171
G0 F9000 X143.986 Y91.943
G1 F1500 X142.2 Y90.157 E857.87572
G0 F9000 X142.199 Y90.722
G1 F1500 X143.986 Y92.509 E857.95977
G0 F9000 X143.986 Y93.074
G1 F1500 X142.199 Y91.287 E858.04383
G0 F9000 X142.199 Y91.853
G1 F1500 X143.986 Y93.64 E858.12788
G0 F9000 X143.986 Y94.206
G1 F1500 X142.199 Y92.419 E858.21194
G0 F9000 X142.199 Y92.985
G1 F1500 X143.986 Y94.771 E858.29597
G0 F9000 X143.986 Y95.337
G1 F1500 X142.199 Y93.55 E858.38002
G0 F9000 X142.199 Y94.116
G1 F1500 X143.986 Y95.903 E858.46408
G0 F9000 X143.986 Y96.468
G1 F1500 X142.198 Y94.681 E858.54816
G0 F9000 X142.198 Y95.247
G1 F1500 X143.986 Y97.034 E858.63223
G0 F9000 X143.986 Y97.6
G1 F1500 X142.198 Y95.812 E858.71634
G0 F9000 X142.198 Y96.378
G1 F1500 X143.986 Y98.166 E858.80044
G0 F9000 X143.986 Y98.731
G1 F1500 X142.198 Y96.944 E858.88452
G0 F9000 X142.198 Y97.509
G1 F1500 X143.986 Y99.297 E858.96862
G0 F9000 X143.987 Y99.863
G1 F1500 X142.198 Y98.075 E859.05274
G0 F9000 X142.198 Y98.64
G1 F1500 X143.987 Y100.429 E859.13689
G0 F9000 X143.987 Y100.995
G1 F1500 X142.198 Y99.206 E859.22104
G0 F9000 X142.198 Y99.771
G1 F1500 X143.987 Y101.56 E859.30519
G0 F9000 X143.987 Y102.126
G1 F1500 X142.198 Y100.337 E859.38934
G0 F9000 X142.198 Y100.903
G1 F1500 X143.987 Y102.692 E859.47349
G0 F9000 X143.987 Y103.257
G1 F1500 X142.198 Y101.468 E859.55764
G0 F9000 X142.198 Y102.034
G1 F1500 X143.987 Y103.823 E859.64179
G0 F9000 X143.987 Y104.389
G1 F1500 X142.198 Y102.6 E859.72594
G0 F9000 X142.197 Y103.165
G1 F1500 X143.987 Y104.954 E859.81011
G0 F9000 X143.987 Y105.52
G1 F1500 X142.197 Y103.73 E859.89431
G0 F9000 X142.197 Y104.296
G1 F1500 X143.987 Y106.086 E859.9785
G0 F9000 X143.987 Y106.652
G1 F1500 X142.197 Y104.862 E860.0627
G0 F9000 X142.197 Y105.427
G1 F1500 X143.987 Y107.217 E860.14689
G0 F9000 X143.987 Y107.783
G1 F1500 X142.197 Y105.993 E860.23109
G0 F9000 X142.197 Y106.559
G1 F1500 X143.987 Y108.349 E860.31529
G0 F9000 X143.987 Y108.915
G1 F1500 X142.196 Y107.124 E860.39953
G0 F9000 X142.196 Y107.69
G1 F1500 X143.987 Y109.481 E860.48377
G0 F9000 X143.987 Y110.046
G1 F1500 X142.196 Y108.255 E860.56802
G0 F9000 X142.196 Y108.821
G1 F1500 X143.987 Y110.612 E860.65226
G0 F9000 X143.987 Y111.178
G1 F1500 X142.196 Y109.387 E860.7365
G0 F9000 X142.196 Y109.952
G1 F1500 X143.987 Y111.743 E860.82075
G0 F9000 X143.987 Y112.309
G1 F1500 X142.196 Y110.518 E860.90499
G0 F9000 X142.196 Y111.084
G1 F1500 X143.987 Y112.875 E860.98923
G0 F9000 X143.987 Y113.44
G1 F1500 X142.196 Y111.649 E861.07348
G0 F9000 X142.196 Y112.214
G1 F1500 X143.987 Y114.006 E861.15774
G0 F9000 X143.987 Y114.572
G1 F1500 X142.196 Y112.78 E861.24201
G0 F9000 X142.196 Y113.346
G1 F1500 X143.987 Y115.137 E861.32625
G0 F9000 X143.987 Y115.703
G1 F1500 X142.196 Y113.911 E861.41052
G0 F9000 X142.196 Y114.477
G1 F1500 X143.987 Y116.269 E861.49478
G0 F9000 X143.987 Y116.835
G1 F1500 X142.196 Y115.043 E861.57905
G0 F9000 X142.195 Y115.608
G1 F1500 X143.987 Y117.4 E861.66334
G0 F9000 X143.987 Y117.966
G1 F1500 X142.195 Y116.173 E861.74766
G0 F9000 X142.195 Y116.739
G1 F1500 X143.988 Y118.532 E861.83199
G0 F9000 X143.988 Y119.098
G1 F1500 X142.195 Y117.305 E861.91633
G0 F9000 X142.195 Y117.87
G1 F1500 X143.988 Y119.664 E862.00069
G0 F9000 X143.988 Y120.229
G1 F1500 X142.195 Y118.436 E862.08503
G0 F9000 X142.195 Y119.002
G1 F1500 X143.988 Y120.795 E862.16937
G0 F9000 X143.988 Y121.361
G1 F1500 X142.195 Y119.568 E862.2537
G0 F9000 X142.194 Y120.132
G1 F1500 X143.988 Y121.926 E862.33809
G0 F9000 X143.988 Y122.492
G1 F1500 X142.194 Y120.698 E862.42247
G0 F9000 X142.194 Y121.264
G1 F1500 X143.988 Y123.058 E862.50686
G0 F9000 X143.988 Y123.623
G1 F1500 X142.194 Y121.83 E862.59122
G0 F9000 X142.194 Y122.395
G1 F1500 X143.988 Y124.189 E862.6756
G0 F9000 X143.988 Y124.755
G1 F1500 X142.194 Y122.961 E862.75998
G0 F9000 X142.194 Y123.527
G1 F1500 X143.988 Y125.321 E862.84437
G0 F9000 X143.988 Y125.886
G1 F1500 X142.184 Y124.082 E862.92922
G0 F9000 X142.126 Y124.589
G1 F1500 X143.988 Y126.452 E863.01683
G0 F9000 X143.988 Y127.018
G1 F1500 X141.991 Y125.021 E863.11076
G0 F9000 X141.843 Y125.439
G1 F1500 X143.988 Y127.583 E863.21163
G0 F9000 X143.393 Y127.554
G1 F1500 X141.625 Y125.786 E863.29479
G0 F9000 X141.4 Y126.127
G1 F1500 X142.77 Y127.496 E863.35921
G0 F9000 X142.3 Y127.592
G1 F1500 X141.119 Y126.411 E863.41476
G0 F9000 X140.828 Y126.686
G1 F1500 X141.901 Y127.759 E863.46523
G0 F9000 X141.563 Y127.987
G1 F1500 X140.483 Y126.907 E863.51603
G0 F9000 X140.128 Y127.117
G1 F1500 X141.277 Y128.266 E863.57008
G0 F9000 X141.043 Y128.598
G1 F1500 X139.706 Y127.261 E863.63297
G0 F9000 X139.255 Y127.375
G1 F1500 X140.883 Y129.003 E863.70954
G0 F9000 X140.796 Y129.483
G1 F1500 X138.751 Y127.437 E863.80576
G0 F9000 X138.188 Y127.44
G1 F1500 X140.818 Y130.07 E863.92946
G1 F2700 E858.92946
G0 F9000 X141.27 Y129.965
G0 X142.58 Y131.296
G0 X142.496 Y131.748
G1 F2700 E863.92946
G1 F1500 X143.987 Y133.239 E863.9996
G0 F9000 X143.987 Y132.674
G1 F1500 X143.109 Y131.796 E864.04089
G0 F9000 X143.589 Y131.709
G1 F1500 X143.987 Y132.108 E864.05964
G0 F9000 X144.448 Y132.109
G0 X144.368 Y133.474
G0 X143.656 Y133.768
G0 X143.194 Y133.012
G1 F1500 X137.622 Y127.44 E864.32173
G0 F9000 X137.056 Y127.44
G1 F1500 X142.628 Y133.012 E864.58382
G0 F9000 X142.063 Y133.012
G1 F1500 X136.491 Y127.44 E864.84591
G0 F9000 X135.925 Y127.44
G1 F1500 X141.497 Y133.012 E865.108
G0 F9000 X140.932 Y133.012
G1 F1500 X135.359 Y127.44 E865.37011
G0 F9000 X134.794 Y127.44
G1 F1500 X140.366 Y133.012 E865.6322
G0 F9000 X139.801 Y133.012
G1 F1500 X134.228 Y127.44 E865.89431
G0 F9000 X133.662 Y127.44
G1 F1500 X139.236 Y133.013 E866.15647
G0 F9000 X138.67 Y133.013
G1 F1500 X133.097 Y127.44 E866.41861
G0 F9000 X132.531 Y127.44
G1 F1500 X138.104 Y133.013 E866.68075
G0 F9000 X137.539 Y133.014
G1 F1500 X131.965 Y127.44 E866.94293
G0 F9000 X131.4 Y127.44
G1 F1500 X136.974 Y133.014 E867.20512
G0 F9000 X136.408 Y133.014
G1 F1500 X130.834 Y127.44 E867.4673
G0 F9000 X130.268 Y127.44
G1 F1500 X135.843 Y133.015 E867.72953
G0 F9000 X135.277 Y133.015
G1 F1500 X129.702 Y127.44 E867.99176
G0 F9000 X129.137 Y127.44
G1 F1500 X134.712 Y133.015 E868.25399
G0 F9000 X134.147 Y133.015
G1 F1500 X128.571 Y127.44 E868.51625
G0 F9000 X128.005 Y127.44
G1 F1500 X133.581 Y133.015 E868.7785
G0 F9000 X133.015 Y133.015
G1 F1500 X127.44 Y127.44 E869.04073
G0 F9000 X126.874 Y127.44
G1 F1500 X132.45 Y133.015 E869.30299
G0 F9000 X131.885 Y133.016
G1 F1500 X126.308 Y127.44 E869.56529
G0 F9000 X125.743 Y127.44
G1 F1500 X131.319 Y133.016 E869.82757
G0 F9000 X130.753 Y133.016
G1 F1500 X125.177 Y127.44 E870.08984
G0 F9000 X124.611 Y127.44
G1 F1500 X130.188 Y133.017 E870.35217
G0 F9000 X129.623 Y133.017
G1 F1500 X124.046 Y127.44 E870.61449
G0 F9000 X123.48 Y127.44
G1 F1500 X129.057 Y133.017 E870.87682
G0 F9000 X128.568 Y133.094
G1 F1500 X122.914 Y127.44 E871.14277
G0 F9000 X122.349 Y127.44
G1 F1500 X128.207 Y133.298 E871.41831
G0 F9000 X127.957 Y133.613
G1 F1500 X121.783 Y127.44 E871.70869
G0 F9000 X121.217 Y127.44
G1 F1500 X127.829 Y134.052 E872.0197
G0 F9000 X127.812 Y134.601
G1 F1500 X120.652 Y127.44 E872.35651
G0 F9000 X120.086 Y127.44
G1 F1500 X127.812 Y135.166 E872.71991
G0 F9000 X127.812 Y135.732
G1 F1500 X119.52 Y127.44 E873.10994
G0 F9000 X118.954 Y127.44
G1 F1500 X124.526 Y133.012 E873.37203
G0 F9000 X123.961 Y133.012
G1 F1500 X118.389 Y127.44 E873.63412
G0 F9000 X117.823 Y127.44
G1 F1500 X123.395 Y133.012 E873.89621
G0 F9000 X122.829 Y133.012
G1 F1500 X117.257 Y127.439 E874.15833
G0 F9000 X116.691 Y127.439
G1 F1500 X122.264 Y133.012 E874.42046
G0 F9000 X121.699 Y133.012
G1 F1500 X116.125 Y127.439 E874.68262
G0 F9000 X115.56 Y127.439
G1 F1500 X121.133 Y133.012 E874.94476
G0 F9000 X120.567 Y133.012
G1 F1500 X114.994 Y127.439 E875.2069
G0 F9000 X114.428 Y127.439
G1 F1500 X120.002 Y133.013 E875.46908
G0 F9000 X119.437 Y133.013
G1 F1500 X113.863 Y127.439 E875.73127
G0 F9000 X113.297 Y127.439
G1 F1500 X118.871 Y133.013 E875.99345
G0 F9000 X118.306 Y133.014
G1 F1500 X112.731 Y127.439 E876.25568
G0 F9000 X112.166 Y127.439
G1 F1500 X117.74 Y133.014 E876.51789
G0 F9000 X117.175 Y133.014
G1 F1500 X111.6 Y127.439 E876.78012
G0 F9000 X111.034 Y127.439
G1 F1500 X116.609 Y133.014 E877.04235
G0 F9000 X116.044 Y133.015
G1 F1500 X110.468 Y127.439 E877.30463
G0 F9000 X109.903 Y127.439
G1 F1500 X115.478 Y133.015 E877.56688
G0 F9000 X114.913 Y133.015
G1 F1500 X109.337 Y127.439 E877.82916
G0 F9000 X108.771 Y127.439
G1 F1500 X114.348 Y133.015 E878.09146
G0 F9000 X113.782 Y133.015
G1 F1500 X108.206 Y127.439 E878.35374
G0 F9000 X107.64 Y127.439
G1 F1500 X113.216 Y133.015 E878.61602
G0 F9000 X112.651 Y133.015
G1 F1500 X107.074 Y127.439 E878.87832
G0 F9000 X106.509 Y127.439
G1 F1500 X112.086 Y133.016 E879.14064
G0 F9000 X111.52 Y133.016
G1 F1500 X105.943 Y127.439 E879.40297
G0 F9000 X105.377 Y127.439
G1 F1500 X110.954 Y133.016 E879.66529
G0 F9000 X110.389 Y133.016
G1 F1500 X104.812 Y127.439 E879.92762
G0 F9000 X104.246 Y127.439
G1 F1500 X109.949 Y133.142 E880.19587
G0 F9000 X109.627 Y133.386
G1 F1500 X103.68 Y127.439 E880.4756
G0 F9000 X103.115 Y127.439
G1 F1500 X109.41 Y133.734 E880.7717
G0 F9000 X109.313 Y134.203
G1 F1500 X102.549 Y127.439 E881.08985
G0 F9000 X101.983 Y127.439
G1 F1500 X109.313 Y134.769 E881.43463
G0 F9000 X109.313 Y135.335
G1 F1500 X101.417 Y127.439 E881.80604
G0 F9000 X100.852 Y127.439
G1 F1500 X106.584 Y133.171 E882.07565
G0 F9000 X107.061 Y133.648
G1 F1500 X109.313 Y135.9 E882.18158
G0 F9000 X109.313 Y136.466
G1 F1500 X107.183 Y134.336 E882.28177
G0 F9000 X107.183 Y134.902
G1 F1500 X109.313 Y137.032 E882.38196
G0 F9000 X109.313 Y137.597
G1 F1500 X107.183 Y135.468 E882.48212
G0 F9000 X107.183 Y136.033
G1 F1500 X109.313 Y138.163 E882.58231
G0 F9000 X109.313 Y138.729
G1 F1500 X107.183 Y136.598 E882.68252
G0 F9000 X107.183 Y137.164
G1 F1500 X109.313 Y139.294 E882.78271
G0 F9000 X109.313 Y139.86
G1 F1500 X107.183 Y137.73 E882.8829
G0 F9000 X107.182 Y138.295
G1 F1500 X109.313 Y140.426 E882.98314
G0 F9000 X109.313 Y140.991
G1 F1500 X107.182 Y138.86 E883.08337
G0 F9000 X107.182 Y139.426
G1 F1500 X109.313 Y141.557 E883.18361
G0 F9000 X109.313 Y142.123
G1 F1500 X107.182 Y139.992 E883.28384
G0 F9000 X107.181 Y140.557
G1 F1500 X109.313 Y142.688 E883.3841
G0 F9000 X109.313 Y143.254
G1 F1500 X107.181 Y141.122 E883.48439
G0 F9000 X107.181 Y141.688
G1 F1500 X109.313 Y143.82 E883.58467
G0 F9000 X109.313 Y144.386
G1 F1500 X107.18 Y142.253 E883.685
G0 F9000 X107.18 Y142.819
G1 F1500 X109.313 Y144.951 E883.78531
G0 F9000 X109.313 Y145.517
G1 F1500 X107.18 Y143.384 E883.88564
G0 F9000 X107.18 Y143.95
G1 F1500 X109.313 Y146.083 E883.98597
G0 F9000 X109.313 Y146.648
G1 F1500 X107.18 Y144.515 E884.0863
G0 F9000 X107.18 Y145.081
G1 F1500 X109.313 Y147.214 E884.18662
G0 F9000 X109.313 Y147.78
G1 F1500 X107.18 Y145.646 E884.28698
G0 F9000 X107.18 Y146.212
G1 F1500 X109.319 Y148.351 E884.38759
G0 F9000 X109.773 Y148.285
G0 X110.396 Y148.926
G0 X110.346 Y149.378
G1 F1500 X117.093 Y156.126 E884.70497
G0 F9000 X116.528 Y156.126
G1 F1500 X107.179 Y146.777 E885.14472
G0 F9000 X107.179 Y147.343
G1 F1500 X115.962 Y156.126 E885.55785
G0 F9000 X115.397 Y156.126
G1 F1500 X107.179 Y147.908 E885.9444
G0 F9000 X107.152 Y148.447
G1 F1500 X114.831 Y156.126 E886.30559
G0 F9000 X114.266 Y156.126
G1 F1500 X106.98 Y148.84 E886.6483
G0 F9000 X106.713 Y149.139
G1 F1500 X113.7 Y156.126 E886.97695
G0 F9000 X113.134 Y156.126
G1 F1500 X106.338 Y149.33 E887.29661
G0 F9000 X105.822 Y149.38
G1 F1500 X112.569 Y156.126 E887.61395
G0 F9000 X112.003 Y156.126
G1 F1500 X105.256 Y149.38 E887.93128
G0 F9000 X104.691 Y149.38
G1 F1500 X111.437 Y156.126 E888.24859
G0 F9000 X110.872 Y156.126
G1 F1500 X104.126 Y149.381 E888.56588
G0 F9000 X103.56 Y149.381
G1 F1500 X110.307 Y156.127 E888.88322
G0 F9000 X109.741 Y156.127
G1 F1500 X102.994 Y149.381 E889.20055
G0 F9000 X102.429 Y149.381
G1 F1500 X109.175 Y156.127 E889.51786
G0 F9000 X108.609 Y156.127
G1 F1500 X101.864 Y149.381 E889.83515
G0 F9000 X101.298 Y149.381
G1 F1500 X108.044 Y156.127 E890.15246
G0 F9000 X107.478 Y156.127
G1 F1500 X100.732 Y149.381 E890.46977
G0 F9000 X100.167 Y149.381
G1 F1500 X106.912 Y156.127 E890.78706
G0 F9000 X106.347 Y156.127
G1 F1500 X99.602 Y149.382 E891.10432
G0 F9000 X99.036 Y149.382
G1 F1500 X105.781 Y156.127 E891.42159
G0 F9000 X105.215 Y156.127
G1 F1500 X98.47 Y149.382 E891.73885
G0 F9000 X97.905 Y149.383
G1 F1500 X104.65 Y156.128 E892.05612
G0 F9000 X104.085 Y156.128
G1 F1500 X97.34 Y149.383 E892.37338
G0 F9000 X96.774 Y149.383
G1 F1500 X103.519 Y156.128 E892.69064
G0 F9000 X102.953 Y156.128
G1 F1500 X96.208 Y149.383 E893.00791
G0 F9000 X95.643 Y149.383
G1 F1500 X102.388 Y156.128 E893.32517
G0 F9000 X101.822 Y156.128
G1 F1500 X95.078 Y149.383 E893.64241
G0 F9000 X94.512 Y149.383
G1 F1500 X101.256 Y156.128 E893.95965
G0 F9000 X100.691 Y156.128
G1 F1500 X93.947 Y149.384 E894.27687
G0 F9000 X93.381 Y149.384
G1 F1500 X100.125 Y156.128 E894.59409
G0 F9000 X99.559 Y156.128
G1 F1500 X92.816 Y149.384 E894.91128
G0 F9000 X92.25 Y149.384
G1 F1500 X98.994 Y156.128 E895.2285
G0 F9000 X98.429 Y156.128
G1 F1500 X91.622 Y149.322 E895.54866
G0 F9000 X91.005 Y149.27
G1 F1500 X97.863 Y156.128 E895.87123
G0 F9000 X97.297 Y156.128
G1 F1500 X91.005 Y149.836 E896.16719
G0 F9000 X91.005 Y150.402
G1 F1500 X96.732 Y156.128 E896.43655
G0 F9000 X96.166 Y156.128
G1 F1500 X93.697 Y153.659 E896.55268
G1 X93.641 Y153.603
G1 X91.005 Y150.967 E896.67667
G0 F9000 X91.004 Y151.532
G1 F1500 X92.432 Y152.96 E896.74384
G0 F9000 X91.85 Y152.944
G1 F1500 X91.004 Y152.098 E896.78363
G0 F9000 X91.004 Y152.664
G1 F1500 X91.381 Y153.041 E896.80137
G1 F2700 E891.80137
G0 F9000 X91.075 Y153.682
G0 X92.234 Y153.648
G0 X92.575 Y153.731
G0 X92.826 Y153.864
G0 X93.722 Y154.737
G0 X94.18 Y154.708
G1 F2700 E896.80137
G1 F1500 X95.6 Y156.128 E896.86816
G0 F9000 X95.034 Y156.128
G1 F1500 X94.196 Y155.29 E896.90758
G0 F9000 X94.102 Y155.762
G1 F1500 X94.469 Y156.128 E896.92481
G1 F2700 E891.92481
G0 F9000 X94.469 Y156.588
G0 X110.912 Y156.488
G0 X110.912 Y149.004
G0 X110.912 Y149.378
G1 F2700 E896.92481
G1 F1500 X117.659 Y156.126 E897.2422
G0 F9000 X118.225 Y156.126
G1 F1500 X111.478 Y149.378 E897.55958
G0 F9000 X112.043 Y149.378
G1 F1500 X118.79 Y156.126 E897.87696
G0 F9000 X119.356 Y156.126
G1 F1500 X112.609 Y149.378 E898.19434
G0 F9000 X113.175 Y149.378
G1 F1500 X119.922 Y156.126 E898.51172
G0 F9000 X120.487 Y156.126
G1 F1500 X113.74 Y149.378 E898.8291
G0 F9000 X114.306 Y149.378
G1 F1500 X121.053 Y156.126 E899.14649
G0 F9000 X121.618 Y156.125
G1 F1500 X114.872 Y149.378 E899.46382
G0 F9000 X115.437 Y149.378
G1 F1500 X122.184 Y156.125 E899.78118
G0 F9000 X122.749 Y156.125
G1 F1500 X116.003 Y149.378 E900.09851
G0 F9000 X116.569 Y149.378
G1 F1500 X123.315 Y156.125 E900.41585
G0 F9000 X123.881 Y156.125
G1 F1500 X117.134 Y149.378 E900.73321
G0 F9000 X117.7 Y149.378
G1 F1500 X124.447 Y156.125 E901.05057
G0 F9000 X125.012 Y156.125
G1 F1500 X118.266 Y149.378 E901.3679
G0 F9000 X118.831 Y149.378
G1 F1500 X125.578 Y156.125 E901.68526
G0 F9000 X126.144 Y156.125
G1 F1500 X119.397 Y149.378 E902.00262
G0 F9000 X119.963 Y149.378
G1 F1500 X126.709 Y156.124 E902.31993
G0 F9000 X127.274 Y156.124
G1 F1500 X120.528 Y149.378 E902.63724
G0 F9000 X121.094 Y149.378
G1 F1500 X127.84 Y156.124 E902.95455
G0 F9000 X128.406 Y156.124
G1 F1500 X121.66 Y149.378 E903.27186
G0 F9000 X122.226 Y149.378
G1 F1500 X128.971 Y156.124 E903.58915
G0 F9000 X129.537 Y156.124
G1 F1500 X122.791 Y149.378 E903.90646
G0 F9000 X123.357 Y149.378
G1 F1500 X130.103 Y156.124 E904.22377
G0 F9000 X130.668 Y156.124
G1 F1500 X123.923 Y149.378 E904.54106
G0 F9000 X124.488 Y149.378
G1 F1500 X131.234 Y156.124 E904.85837
G0 F9000 X131.8 Y156.124
G1 F1500 X124.963 Y149.288 E905.17994
G0 F9000 X125.308 Y149.067
G1 F1500 X132.365 Y156.124 E905.51188
G0 F9000 X132.93 Y156.124
G1 F1500 X125.542 Y148.735 E905.85941
G0 F9000 X125.679 Y148.306
G1 F1500 X133.496 Y156.124 E906.22712
G0 F9000 X134.062 Y156.124
G1 F1500 X125.679 Y147.741 E906.62143
G0 F9000 X125.679 Y147.175
G1 F1500 X134.627 Y156.124 E907.04234
G0 F9000 X135.193 Y156.124
G1 F1500 X125.679 Y146.609 E907.48987
G0 F9000 X125.68 Y146.044
G1 F1500 X127.812 Y148.177 E907.59018
G0 F9000 X127.812 Y147.611
G1 F1500 X125.68 Y145.479 E907.69046
G0 F9000 X125.68 Y144.913
G1 F1500 X127.812 Y147.046 E907.79077
G0 F9000 X127.812 Y146.48
G1 F1500 X125.68 Y144.347 E907.89108
G0 F9000 X125.68 Y143.782
G1 F1500 X127.812 Y145.914 E907.99136
G0 F9000 X127.812 Y145.349
G1 F1500 X125.68 Y143.217 E908.09164
G0 F9000 X125.68 Y142.651
G1 F1500 X127.812 Y144.783 E908.19192
G0 F9000 X127.812 Y144.217
G1 F1500 X125.681 Y142.086 E908.29216
G0 F9000 X125.681 Y141.52
G1 F1500 X127.812 Y143.652 E908.39242
G0 F9000 X127.812 Y143.086
G1 F1500 X125.681 Y140.955 E908.49265
G0 F9000 X125.681 Y140.389
G1 F1500 X127.812 Y142.52 E908.59289
G0 F9000 X127.812 Y141.955
G1 F1500 X125.682 Y139.824 E908.6931
G0 F9000 X125.682 Y139.258
G1 F1500 X127.812 Y141.389 E908.79331
G0 F9000 X127.812 Y140.823
G1 F1500 X125.682 Y138.693 E908.8935
G0 F9000 X125.683 Y138.128
G1 F1500 X127.812 Y140.257 E908.99365
G0 F9000 X127.812 Y139.692
G1 F1500 X125.683 Y137.562 E909.09381
G0 F9000 X125.683 Y136.996
G1 F1500 X127.812 Y139.126 E909.19398
G0 F9000 X127.812 Y138.56
G1 F1500 X125.683 Y136.431 E909.29412
G0 F9000 X125.683 Y135.866
G1 F1500 X127.812 Y137.995 E909.39426
G0 F9000 X127.812 Y137.429
G1 F1500 X125.683 Y135.3 E909.4944
G0 F9000 X125.683 Y134.734
G1 F1500 X127.812 Y136.863 E909.59454
G0 F9000 X127.812 Y136.298
G1 F1500 X125.683 Y134.169 E909.69468
G1 F2700 E904.69468
G0 F9000 X125.225 Y134.184
G0 X125.303 Y148.293
G0 X128.193 Y148.293
G0 X129.014 Y149.379
G1 F2700 E909.69468
G1 F1500 X135.759 Y156.124 E910.01195
G0 F9000 X136.325 Y156.124
G1 F1500 X129.58 Y149.379 E910.32921
G0 F9000 X130.146 Y149.379
G1 F1500 X136.89 Y156.124 E910.64645
G0 F9000 X137.455 Y156.123
G1 F1500 X130.712 Y149.38 E910.96362
G0 F9000 X131.278 Y149.38
G1 F1500 X138.021 Y156.123 E911.28079
G0 F9000 X138.587 Y156.123
G1 F1500 X131.844 Y149.38 E911.59796
G0 F9000 X132.41 Y149.381
G1 F1500 X139.152 Y156.123 E911.91509
G0 F9000 X139.718 Y156.123
G1 F1500 X132.976 Y149.381 E912.23221
G0 F9000 X133.541 Y149.381
G1 F1500 X140.284 Y156.123 E912.54936
G0 F9000 X140.849 Y156.123
G1 F1500 X134.108 Y149.381 E912.86645
G0 F9000 X134.673 Y149.381
G1 F1500 X141.415 Y156.123 E913.18358
G0 F9000 X141.981 Y156.123
G1 F1500 X135.24 Y149.382 E913.50065
G0 F9000 X135.806 Y149.382
G1 F1500 X142.546 Y156.123 E913.81771
G0 F9000 X143.088 Y156.099
G1 F1500 X136.371 Y149.382 E914.13365
G0 F9000 X136.938 Y149.383
G1 F1500 X143.49 Y155.935 E914.44184
G0 F9000 X143.773 Y155.653
G1 F1500 X137.503 Y149.383 E914.73676
G0 F9000 X138.069 Y149.383
G1 F1500 X143.956 Y155.269 E915.01364
G0 F9000 X143.984 Y154.732
G1 F1500 X138.635 Y149.383 E915.26524
G0 F9000 X139.201 Y149.383
G1 F1500 X143.984 Y154.166 E915.49022
G0 F9000 X143.984 Y153.601
G1 F1500 X139.767 Y149.383 E915.6886
G0 F9000 X140.333 Y149.384
G1 F1500 X143.984 Y153.035 E915.86033
G0 F9000 X143.984 Y152.469
G1 F1500 X140.899 Y149.384 E916.00544
G0 F9000 X141.464 Y149.384
G1 F1500 X143.984 Y151.904 E916.12397
G0 F9000 X143.984 Y151.338
G1 F1500 X142.031 Y149.385 E916.21584
G0 F9000 X142.597 Y149.385
G1 F1500 X143.984 Y150.772 E916.28108
G0 F9000 X143.984 Y150.206
G1 F1500 X143.145 Y149.367 E916.32054
G0 F9000 X143.576 Y149.233
G1 F1500 X143.984 Y149.641 E916.33973
G0 F9000 X143.961 Y149.052
G1 F1500 X143.886 Y148.977 E916.34326
G1 F2700 E911.34326
G0 F9000 X143.586 Y148.643
G0 X128.537 Y148.663
G0 X128.191 Y134.174
G0 X106.805 Y134.174
G0 X105.859 Y133.012
G1 F2700 E916.34326
G1 F1500 X100.286 Y127.439 E916.6054
G0 F9000 X99.72 Y127.439
G1 F1500 X105.293 Y133.012 E916.86753
G0 F9000 X104.727 Y133.012
G1 F1500 X99.155 Y127.439 E917.12965
G0 F9000 X98.589 Y127.439
G1 F1500 X104.162 Y133.012 E917.39178
G0 F9000 X103.596 Y133.012
G1 F1500 X98.023 Y127.439 E917.65392
G0 F9000 X97.458 Y127.439
G1 F1500 X103.03 Y133.012 E917.91603
G0 F9000 X102.465 Y133.012
G1 F1500 X96.892 Y127.439 E918.17817
G0 F9000 X96.326 Y127.439
G1 F1500 X101.899 Y133.012 E918.44031
G0 F9000 X101.333 Y133.012
G1 F1500 X95.696 Y127.375 E918.70546
G0 F9000 X94.868 Y127.112
G1 F1500 X100.768 Y133.012 E918.98297
G0 F9000 X100.202 Y133.012
G1 F1500 X91.004 Y123.814 E919.41562
G0 F9000 X91.004 Y124.379
G1 F1500 X99.636 Y133.012 E919.82167
G0 F9000 X99.071 Y133.012
G1 F1500 X91.004 Y124.945 E920.20111
G0 F9000 X91.004 Y125.511
G1 F1500 X98.505 Y133.012 E920.55394
G0 F9000 X97.939 Y133.012
G1 F1500 X94.17 Y129.242 E920.73124
G0 F9000 X94.198 Y129.836
G1 F1500 X97.374 Y133.012 E920.88063
G0 F9000 X96.808 Y133.012
G1 F1500 X94.1 Y130.304 E921.00801
G0 F9000 X93.929 Y130.698
G1 F1500 X96.242 Y133.012 E921.11683
G0 F9000 X95.676 Y133.012
G1 F1500 X93.713 Y131.048 E921.20918
G0 F9000 X93.412 Y131.313
G1 F1500 X95.111 Y133.012 E921.2891
G0 F9000 X94.545 Y133.012
G1 F1500 X93.075 Y131.542 E921.35824
G0 F9000 X92.682 Y131.714
G1 F1500 X93.979 Y133.012 E921.41927
G0 F9000 X93.414 Y133.012
G1 F1500 X92.197 Y131.795 E921.47652
G0 F9000 X91.579 Y131.742
G1 F1500 X92.848 Y133.012 E921.53623
G0 F9000 X92.282 Y133.012
G1 F1500 X91.004 Y131.733 E921.59637
G0 F9000 X91.004 Y132.299
G1 F1500 X91.728 Y133.023 E921.63042
G0 F9000 X91.359 Y133.22
G1 F1500 X91.004 Y132.865 E921.64712
G0 F9000 X91.004 Y133.43
G1 F1500 X91.062 Y133.488 E921.64985
G1 F2700 E916.64985
G0 F9000 X91.489 Y133.666
G0 X91.847 Y133.394
G0 X91.874 Y131.438
G0 X91.392 Y127.596
G1 F2700 E921.64985
G1 F1500 X91.004 Y127.208 E921.6681
G0 F9000 X91.004 Y126.642
G1 F1500 X91.864 Y127.502 E921.70855
G0 F9000 X92.456 Y127.528
G1 F1500 X91.004 Y126.076 E921.77685
G1 F2700 E916.77685
G0 F9000 X90.548 Y126.075
G0 X90.634 Y89.101
G0 X92.295 Y89.773
G0 X93.175 Y89.406
G0 X93.557 Y125.216
G0 X93.121 Y125.365
G1 F2700 E921.77685
G1 F1500 X91.004 Y123.248 E921.87643
G0 F9000 X91.004 Y122.682
G1 F1500 X92.869 Y124.548 E921.96417
G0 F9000 X92.8 Y123.913
G1 F1500 X91.005 Y122.117 E922.04863
G0 F9000 X91.005 Y121.552
G1 F1500 X92.8 Y123.347 E922.13306
G0 F9000 X92.8 Y122.781
G1 F1500 X91.005 Y120.986 E922.21749
G0 F9000 X91.005 Y120.42
G1 F1500 X92.8 Y122.216 E922.30195
G0 F9000 X92.8 Y121.65
G1 F1500 X91.005 Y119.855 E922.38638
G0 F9000 X91.005 Y119.289
G1 F1500 X92.8 Y121.084 E922.47081
G0 F9000 X92.8 Y120.519
G1 F1500 X91.005 Y118.723 E922.55526
G0 F9000 X91.005 Y118.158
G1 F1500 X92.8 Y119.953 E922.63969
G0 F9000 X92.8 Y119.387
G1 F1500 X91.005 Y117.592 E922.72413
G0 F9000 X91.005 Y117.026
G1 F1500 X92.8 Y118.822 E922.80858
G0 F9000 X92.8 Y118.256
G1 F1500 X91.005 Y116.461 E922.89301
G0 F9000 X91.005 Y115.896
G1 F1500 X92.8 Y117.69 E922.97742
G0 F9000 X92.8 Y117.124
G1 F1500 X91.005 Y115.33 E923.06183
G0 F9000 X91.005 Y114.764
G1 F1500 X92.8 Y116.559 E923.14626
G0 F9000 X92.8 Y115.993
G1 F1500 X91.005 Y114.198 E923.23069
G0 F9000 X91.005 Y113.633
G1 F1500 X92.799 Y115.427 E923.31507
G0 F9000 X92.799 Y114.861
G1 F1500 X91.005 Y113.067 E923.39946
G0 F9000 X91.005 Y112.501
G1 F1500 X92.799 Y114.295 E923.48384
G0 F9000 X92.799 Y113.73
G1 F1500 X91.005 Y111.936 E923.56823
G0 F9000 X91.006 Y111.371
G1 F1500 X92.799 Y113.164 E923.65256
G0 F9000 X92.799 Y112.598
G1 F1500 X91.006 Y110.805 E923.7369
G0 F9000 X91.006 Y110.239
G1 F1500 X92.799 Y112.033 E923.82126
G0 F9000 X92.799 Y111.467
G1 F1500 X91.006 Y109.674 E923.9056
G0 F9000 X91.006 Y109.108
G1 F1500 X92.799 Y110.901 E923.98994
G0 F9000 X92.799 Y110.336
G1 F1500 X91.006 Y108.542 E924.0743
G0 F9000 X91.006 Y107.977
G1 F1500 X92.799 Y109.77 E924.15864
G0 F9000 X92.799 Y109.204
G1 F1500 X91.006 Y107.411 E924.24297
G0 F9000 X91.006 Y106.845
G1 F1500 X92.799 Y108.638 E924.32731
G0 F9000 X92.799 Y108.073
G1 F1500 X91.006 Y106.28 E924.41165
G0 F9000 X91.007 Y105.715
G1 F1500 X92.799 Y107.507 E924.49594
G0 F9000 X92.799 Y106.941
G1 F1500 X91.007 Y105.149 E924.58023
G0 F9000 X91.007 Y104.583
G1 F1500 X92.799 Y106.375 E924.66452
G0 F9000 X92.799 Y105.809
G1 F1500 X91.007 Y104.018 E924.74878
G0 F9000 X91.007 Y103.452
G1 F1500 X92.799 Y105.244 E924.83307
G0 F9000 X92.799 Y104.678
G1 F1500 X91.007 Y102.886 E924.91736
G0 F9000 X91.007 Y102.32
G1 F1500 X92.799 Y104.112 E925.00165
G0 F9000 X92.799 Y103.547
G1 F1500 X91.007 Y101.755 E925.08594
G0 F9000 X91.007 Y101.189
G1 F1500 X92.799 Y102.981 E925.17023
G0 F9000 X92.799 Y102.415
G1 F1500 X91.007 Y100.624 E925.2545
G0 F9000 X91.007 Y100.058
G1 F1500 X92.799 Y101.85 E925.33879
G0 F9000 X92.799 Y101.284
G1 F1500 X91.007 Y99.493 E925.42306
G0 F9000 X91.007 Y98.927
G1 F1500 X92.799 Y100.718 E925.50733
G0 F9000 X92.799 Y100.152
G1 F1500 X91.007 Y98.361 E925.59159
G0 F9000 X91.007 Y97.796
G1 F1500 X92.799 Y99.587 E925.67586
G0 F9000 X92.799 Y99.021
G1 F1500 X91.007 Y97.23 E925.76013
G0 F9000 X91.007 Y96.664
G1 F1500 X92.798 Y98.455 E925.84437
G0 F9000 X92.798 Y97.889
G1 F1500 X91.007 Y96.099 E925.92859
G0 F9000 X91.007 Y95.533
G1 F1500 X92.798 Y97.323 E926.01281
G0 F9000 X92.798 Y96.758
G1 F1500 X91.008 Y94.968 E926.097
G0 F9000 X91.008 Y94.402
G1 F1500 X92.798 Y96.192 E926.1812
G0 F9000 X92.798 Y95.626
G1 F1500 X91.008 Y93.837 E926.26537
G0 F9000 X91.008 Y93.271
G1 F1500 X92.798 Y95.061 E926.34957
G0 F9000 X92.798 Y94.495
G1 F1500 X91.008 Y92.705 E926.43376
G0 F9000 X91.008 Y92.14
G1 F1500 X92.798 Y93.929 E926.51794
G0 F9000 X92.798 Y93.364
G1 F1500 X91.008 Y91.574 E926.60213
G0 F9000 X91.008 Y91.008
G1 F1500 X92.798 Y92.798 E926.68633
G0 F9000 X92.798 Y92.232
G1 F1500 X91.008 Y90.442 E926.77053
G0 F9000 X91.155 Y90.024
G1 F1500 X92.798 Y91.666 E926.84778
G0 F9000 X92.798 Y91.101
G1 F1500 X91.867 Y90.17 E926.89158
G0 F9000 X92.417 Y90.154
G1 F1500 X92.798 Y90.535 E926.9095
G1 F2700 E921.9095
G0 F9000 X93.257 Y90.535
G0 X93.175 Y89.406
G0 X91.369 Y89.557
G0 X91.155 Y90.023
G1 F2700 E926.9095
G1 F1500 X91.046 Y89.914 E926.91462
G1 F2700 E921.91462
G0 F9000 X91.237 Y89.497
G0 X90.773 Y88.693
G0 X90.65 Y88.367
G0 X90.607 Y88.021
G0 X91.083 Y86.613
G0 X90.808 Y86.516
G1 F2700 E926.91462
G1 F1500 X90.808 Y79.976 E927.13214
G1 X90.845 Y79.646 E927.14319
G1 X90.941 Y79.376 E927.15272
G1 X91.086 Y79.146 E927.16176
G1 X91.285 Y78.946 E927.17115
G1 X91.52 Y78.802 E927.18031
G1 X91.79 Y78.705 E927.18986
G1 X92.116 Y78.668 E927.20077
G1 X142.876 Y78.668 E928.88905
G1 X143.202 Y78.705 E928.89997
G1 X143.476 Y78.802 E928.90963
G1 X143.706 Y78.946 E928.91866
G1 X143.906 Y79.146 E928.92807
G1 X144.054 Y79.38 E928.93727
G1 X144.148 Y79.65 E928.94678
G1 X144.187 Y79.977 E928.95774
G1 X144.184 Y86.497 E929.17459
G1 X143.65 Y86.174 E929.19535
G1 X143.107 Y86.067 E929.21376
G1 X142.778 Y86.067 E929.2247
G1 X142.358 Y86.147 E929.23892
G1 X142 Y86.307 E929.25196
G1 X141.997 Y83.831 E929.33431
G1 X141.923 Y83.188 E929.35584
G1 X141.673 Y82.465 E929.38129
G1 X141.253 Y81.793 E929.40764
G1 X140.749 Y81.293 E929.43126
G1 X140.119 Y80.89 E929.45613
G1 X139.39 Y80.631 E929.48186
G1 X138.73 Y80.553 E929.50397
G1 X96.372 Y80.548 E930.9128
G1 X95.599 Y80.634 E930.93867
G1 X94.919 Y80.866 E930.96256
G1 X94.276 Y81.267 E930.98777
G1 X93.742 Y81.794 E931.01272
G1 X93.335 Y82.428 E931.03778
G1 X93.082 Y83.142 E931.06298
G1 X93.001 Y83.813 E931.08546
G1 X92.996 Y86.309 E931.16847
G1 X92.83 Y86.216 E931.1748
G1 X92.323 Y86.063 E931.19242
G1 X91.881 Y86.067 E931.20712
G1 X91.477 Y86.147 E931.22081
G1 X90.968 Y86.373 E931.23934
G1 X90.808 Y86.516 E931.24648
G0 F9000 X91.158 Y86.067
G1 F1500 X91.008 Y85.917 E931.25353
G0 F9000 X91.008 Y85.351
G1 F1500 X91.58 Y85.923 E931.28044
G0 F9000 X92.089 Y85.866
G1 F1500 X91.008 Y84.786 E931.33126
G0 F9000 X91.008 Y84.22
G1 F1500 X92.78 Y85.992 E931.41461
G0 F9000 X92.797 Y85.443
G1 F1500 X91.008 Y83.654 E931.49876
G0 F9000 X91.008 Y83.089
G1 F1500 X92.799 Y84.879 E931.58298
G0 F9000 X92.8 Y84.315
G1 F1500 X91.008 Y82.523 E931.66727
G0 F9000 X91.008 Y81.957
G1 F1500 X92.806 Y83.755 E931.75184
G0 F9000 X92.864 Y83.248
G1 F1500 X91.008 Y81.392 E931.83914
G0 F9000 X91.008 Y80.826
G1 F1500 X92.988 Y82.806 E931.93227
G0 F9000 X93.134 Y82.386
G1 F1500 X91.008 Y80.26 E932.03227
G0 F9000 X91.037 Y79.723
G1 F1500 X93.348 Y82.034 E932.14098
G0 F9000 X93.568 Y81.689
G1 F1500 X91.213 Y79.333 E932.25177
G0 F9000 X91.505 Y79.059
G1 F1500 X93.849 Y81.404 E932.36205
G0 F9000 X94.132 Y81.121
G1 F1500 X91.904 Y78.893 E932.46685
G0 F9000 X92.444 Y78.868
G1 F1500 X94.478 Y80.902 E932.56252
G0 F9000 X94.828 Y80.686
G1 F1500 X93.01 Y78.868 E932.64803
G0 F9000 X93.576 Y78.868
G1 F1500 X95.25 Y80.542 E932.72677
G0 F9000 X95.692 Y80.419
G1 F1500 X94.141 Y78.868 E932.79973
G0 F9000 X94.707 Y78.868
G1 F1500 X96.204 Y80.365 E932.87014
G0 F9000 X96.753 Y80.348
G1 F1500 X95.273 Y78.868 E932.93976
G0 F9000 X95.838 Y78.868
G1 F1500 X97.318 Y80.348 E933.00937
G0 F9000 X97.884 Y80.348
G1 F1500 X96.404 Y78.868 E933.07899
G0 F9000 X96.97 Y78.868
G1 F1500 X98.45 Y80.348 E933.1486
G0 F9000 X99.015 Y80.348
G1 F1500 X97.535 Y78.868 E933.21822
G0 F9000 X98.101 Y78.868
G1 F1500 X99.581 Y80.348 E933.28783
G0 F9000 X100.147 Y80.348
G1 F1500 X98.667 Y78.868 E933.35745
G0 F9000 X99.233 Y78.868
G1 F1500 X100.713 Y80.348 E933.42706
G0 F9000 X101.278 Y80.348
G1 F1500 X99.798 Y78.868 E933.49668
G0 F9000 X100.364 Y78.868
G1 F1500 X101.845 Y80.349 E933.56634
G0 F9000 X102.41 Y80.349
G1 F1500 X100.93 Y78.868 E933.63597
G0 F9000 X101.495 Y78.868
G1 F1500 X102.976 Y80.349 E933.70564
G0 F9000 X103.542 Y80.349
G1 F1500 X102.061 Y78.868 E933.7753
G0 F9000 X102.627 Y78.868
G1 F1500 X104.107 Y80.349 E933.84494
G0 F9000 X104.673 Y80.349
G1 F1500 X103.192 Y78.868 E933.9146
G0 F9000 X103.758 Y78.868
G1 F1500 X105.239 Y80.349 E933.98426
G0 F9000 X105.804 Y80.349
G1 F1500 X104.324 Y78.868 E934.0539
G0 F9000 X104.889 Y78.868
G1 F1500 X106.37 Y80.349 E934.12356
G0 F9000 X106.936 Y80.349
G1 F1500 X105.455 Y78.868 E934.19322
G0 F9000 X106.021 Y78.868
G1 F1500 X107.502 Y80.349 E934.26288
G0 F9000 X108.068 Y80.349
G1 F1500 X106.586 Y78.868 E934.33257
G0 F9000 X107.152 Y78.868
G1 F1500 X108.634 Y80.349 E934.40225
G0 F9000 X109.199 Y80.349
G1 F1500 X107.718 Y78.868 E934.47192
G0 F9000 X108.284 Y78.868
G1 F1500 X109.765 Y80.349 E934.54158
G0 F9000 X110.331 Y80.349
G1 F1500 X108.849 Y78.868 E934.61126
G0 F9000 X109.415 Y78.868
G1 F1500 X110.896 Y80.349 E934.68092
G0 F9000 X111.462 Y80.349
G1 F1500 X109.981 Y78.868 E934.75059
G0 F9000 X110.546 Y78.868
G1 F1500 X112.028 Y80.349 E934.82027
G0 F9000 X112.594 Y80.35
G1 F1500 X111.112 Y78.868 E934.88998
G0 F9000 X111.678 Y78.868
G1 F1500 X113.16 Y80.35 E934.95969
G0 F9000 X113.725 Y80.35
G1 F1500 X112.243 Y78.868 E935.0294
G0 F9000 X112.809 Y78.868
G1 F1500 X114.291 Y80.35 E935.09911
G0 F9000 X114.857 Y80.35
G1 F1500 X113.375 Y78.868 E935.16881
G0 F9000 X113.94 Y78.868
G1 F1500 X115.422 Y80.35 E935.23852
G0 F9000 X115.988 Y80.35
G1 F1500 X114.506 Y78.868 E935.30823
G0 F9000 X115.072 Y78.868
G1 F1500 X116.554 Y80.35 E935.37794
G0 F9000 X117.12 Y80.35
G1 F1500 X115.637 Y78.868 E935.44767
G0 F9000 X116.203 Y78.868
G1 F1500 X117.686 Y80.351 E935.51743
G0 F9000 X118.252 Y80.351
G1 F1500 X116.769 Y78.868 E935.58718
G0 F9000 X117.334 Y78.868
G1 F1500 X118.817 Y80.351 E935.65694
G0 F9000 X119.383 Y80.351
G1 F1500 X117.9 Y78.868 E935.7267
G0 F9000 X118.466 Y78.868
G1 F1500 X119.949 Y80.351 E935.79645
G0 F9000 X120.514 Y80.351
G1 F1500 X119.032 Y78.868 E935.86618
G0 F9000 X119.597 Y78.868
G1 F1500 X121.08 Y80.351 E935.93594
G0 F9000 X121.646 Y80.351
G1 F1500 X120.163 Y78.868 E936.0057
G0 F9000 X120.729 Y78.868
G1 F1500 X122.211 Y80.351 E936.07543
G0 F9000 X122.777 Y80.351
G1 F1500 X121.294 Y78.868 E936.14518
G0 F9000 X121.86 Y78.868
G1 F1500 X123.343 Y80.351 E936.21494
G0 F9000 X123.909 Y80.351
G1 F1500 X122.426 Y78.868 E936.2847
G0 F9000 X122.991 Y78.868
G1 F1500 X124.475 Y80.351 E936.35447
G0 F9000 X125.041 Y80.351
G1 F1500 X123.557 Y78.868 E936.42425
G0 F9000 X124.123 Y78.868
G1 F1500 X125.606 Y80.351 E936.49401
G0 F9000 X126.172 Y80.351
G1 F1500 X124.688 Y78.868 E936.56379
G0 F9000 X125.254 Y78.868
G1 F1500 X126.738 Y80.351 E936.63357
G0 F9000 X127.303 Y80.351
G1 F1500 X125.82 Y78.868 E936.70332
G0 F9000 X126.385 Y78.868
G1 F1500 X127.869 Y80.351 E936.7731
G0 F9000 X128.435 Y80.352
G1 F1500 X126.951 Y78.868 E936.84291
G0 F9000 X127.517 Y78.868
G1 F1500 X129.001 Y80.352 E936.91271
G0 F9000 X129.567 Y80.352
G1 F1500 X128.082 Y78.868 E936.98254
G0 F9000 X128.648 Y78.868
G1 F1500 X130.132 Y80.352 E937.05234
G0 F9000 X130.698 Y80.352
G1 F1500 X129.214 Y78.868 E937.12214
G0 F9000 X129.78 Y78.868
G1 F1500 X131.264 Y80.352 E937.19194
G0 F9000 X131.829 Y80.352
G1 F1500 X130.345 Y78.868 E937.26175
G0 F9000 X130.911 Y78.868
G1 F1500 X132.395 Y80.352 E937.33155
G0 F9000 X132.961 Y80.352
G1 F1500 X131.477 Y78.868 E937.40135
G0 F9000 X132.042 Y78.868
G1 F1500 X133.527 Y80.353 E937.4712
G0 F9000 X134.093 Y80.353
G1 F1500 X132.608 Y78.868 E937.54105
G0 F9000 X133.174 Y78.868
G1 F1500 X134.659 Y80.353 E937.6109
G0 F9000 X135.224 Y80.353
G1 F1500 X133.739 Y78.868 E937.68075
G0 F9000 X134.305 Y78.868
G1 F1500 X135.79 Y80.353 E937.7506
G0 F9000 X136.356 Y80.353
G1 F1500 X134.871 Y78.868 E937.82045
G0 F9000 X135.436 Y78.868
G1 F1500 X136.921 Y80.353 E937.8903
G0 F9000 X137.487 Y80.353
G1 F1500 X136.002 Y78.868 E937.96015
G0 F9000 X136.568 Y78.868
G1 F1500 X138.053 Y80.353 E938.03
G0 F9000 X138.618 Y80.353
G1 F1500 X137.133 Y78.868 E938.09985
G0 F9000 X137.699 Y78.868
G1 F1500 X139.239 Y80.407 E938.17226
G0 F9000 X140.045 Y80.648
G1 F1500 X138.265 Y78.868 E938.25599
G0 F9000 X138.831 Y78.868
G1 F1500 X143.985 Y84.023 E938.49844
G0 F9000 X143.985 Y84.588
G1 F1500 X141.898 Y82.501 E938.59661
G0 F9000 X142.138 Y83.306
G1 F1500 X143.985 Y85.153 E938.68348
G0 F9000 X143.985 Y85.719
G1 F1500 X142.197 Y83.931 E938.76759
G0 F9000 X142.198 Y84.498
G1 F1500 X143.676 Y85.976 E938.83711
G0 F9000 X143 Y85.865
G1 F1500 X142.198 Y85.064 E938.87481
G0 F9000 X142.199 Y85.631
G1 F1500 X142.487 Y85.918 E938.88833
G1 F2700 E933.88833
G0 F9000 X142.576 Y86.373
G0 X144.362 Y86.935
G0 X144.447 Y83.458
G0 X143.985 Y83.457
G1 F2700 E938.88833
G1 F1500 X139.396 Y78.868 E939.10418
G0 F9000 X139.962 Y78.868
G1 F1500 X143.986 Y82.892 E939.29346
G0 F9000 X143.986 Y82.326
G1 F1500 X140.528 Y78.868 E939.45611
G0 F9000 X141.093 Y78.868
G1 F1500 X143.986 Y81.761 E939.59219
G0 F9000 X143.987 Y81.196
G1 F1500 X141.659 Y78.868 E939.70169
G0 F9000 X142.225 Y78.868
G1 F1500 X143.987 Y80.63 E939.78457
G0 F9000 X143.987 Y80.064
G1 F1500 X142.79 Y78.868 E939.84085
G1 F2700 E934.84085
;MESH:NONMESH
G0 F300 Z1.2
G0 F9000 X142.79 Y78.408
G0 X143.564 Y78.618
G0 X144.065 Y79.022
G0 X144.345 Y79.604
G0 X144.387 Y79.964
G0 X144.362 Y86.935
G0 X142.395 Y86.347
G0 X141.822 Y86.631
G0 X141.488 Y82.536
G0 X139.329 Y80.821
G0 X96.348 Y81.061
G0 X95.734 Y81.129
G0 X95.127 Y81.34
G0 X94.587 Y81.682
G0 X94.132 Y82.137
G0 X93.789 Y82.68
G0 X93.579 Y83.284
G0 X93.175 Y86.63
G0 X91.083 Y86.613
G0 X90.648 Y87.269
;TIME_ELAPSED:1631.071845
;LAYER:5
;TYPE:WALL-INNER
;MESH:Touch_pad_protector.stl
G1 F2700 E939.84085
G1 F1500 X90.814 Y87.013 E939.851
G1 X91.143 Y86.695 E939.86622
G1 X91.553 Y86.503 E939.88128
G1 X91.924 Y86.424 E939.89389
G1 X92.269 Y86.424 E939.90537
G1 X92.813 Y86.588 E939.92427
G1 X93.156 Y86.863 E939.93889
G1 X93.159 Y83.854 E940.03897
G1 X93.236 Y83.202 E940.0608
G1 X93.471 Y82.523 E940.0847
G1 X93.857 Y81.913 E940.10871
G1 X94.361 Y81.409 E940.13242
G1 X94.973 Y81.024 E940.15647
G1 X95.655 Y80.784 E940.18051
G1 X96.306 Y80.711 E940.2023
G1 X138.69 Y80.711 E941.612
G1 X139.337 Y80.782 E941.63365
G1 X140.023 Y81.024 E941.65784
G1 X140.635 Y81.409 E941.68189
G1 X141.139 Y81.913 E941.7056
G1 X141.525 Y82.523 E941.72961
G1 X141.762 Y83.207 E941.75368
G1 X141.837 Y83.854 E941.77535
G1 X141.84 Y86.863 E941.87543
G1 X142.091 Y86.663 E941.8861
G1 X142.433 Y86.502 E941.89867
G1 X142.816 Y86.424 E941.91167
G1 X143.072 Y86.424 E941.92019
G1 X143.445 Y86.502 E941.93286
G1 X143.788 Y86.665 E941.94549
G1 X144.138 Y86.948 E941.96046
G1 X144.348 Y87.268 E941.97319
G1 X144.348 Y79.953 E942.21649
G1 X144.311 Y79.611 E942.22793
G1 X144.204 Y79.312 E942.23849
G1 X144.039 Y79.048 E942.24885
G1 X143.81 Y78.815 E942.25972
G1 X143.551 Y78.653 E942.26988
G1 X143.245 Y78.549 E942.28063
G1 X142.9 Y78.508 E942.29218
G1 X92.096 Y78.508 E943.98193
G1 X91.754 Y78.548 E943.99338
G1 X91.448 Y78.657 E944.00419
G1 X91.184 Y78.818 E944.01447
G1 X90.958 Y79.047 E944.02517
G1 X90.793 Y79.309 E944.03547
G1 X90.689 Y79.611 E944.04609
G1 X90.648 Y79.956 E944.05765
G1 X90.648 Y87.269 E944.30088
G1 F2700 E939.30088
G0 F9000 X90.607 Y88.021
G0 X90.831 Y128.357
G0 X92.692 Y128.001
G0 X93.821 Y129.645
G0 X92.589 Y131.326
G0 X90.831 Y130.939
G0 X90.809 Y133.292
G0 X90.922 Y134.562
G0 X91.909 Y133.414
G0 X106.463 Y133.737
G0 X106.463 Y148.663
G0 X106.092 Y148.824
G1 F2700 E944.30088
G1 F1500 X91.972 Y148.824 E944.77051
G1 X91.611 Y148.704 E944.78317
G1 F1239.7 X91.297 Y148.342 E944.80245
G1 F1060.1 X91.291 Y134.172 E945.46934
G1 F1247.4 X91.58 Y133.717 E945.49089
G1 F1500 X91.92 Y133.574 E945.50316
G1 X106.101 Y133.572 E945.97482
G1 X106.411 Y133.712 E945.98614
G1 X106.582 Y133.951 E945.99591
G1 X106.624 Y134.172 E946.00339
G1 X106.622 Y148.277 E946.47253
G1 X106.534 Y148.542 E946.48181
G1 X106.308 Y148.753 E946.4921
G1 X106.092 Y148.824 E946.49966
G1 F2700 E941.49966
G0 F9000 X106.704 Y148.647
G0 X109.693 Y148.293
G0 X117.5 Y148.824
G1 F2700 E946.49966
G1 F1500 X110.472 Y148.824 E946.73341
G1 X110.276 Y148.792 E946.74002
G1 X110.033 Y148.634 E946.74966
G1 X109.874 Y148.36 E946.7602
G1 X109.872 Y134.172 E947.23209
G1 X109.914 Y133.951 E947.23957
G1 X110.085 Y133.712 E947.24935
G1 X110.395 Y133.572 E947.26066
G1 X124.602 Y133.572 E947.73319
G1 X124.911 Y133.712 E947.74447
G1 X125.082 Y133.951 E947.75424
G1 X125.124 Y134.172 E947.76173
G1 X125.122 Y148.277 E948.23086
G1 X125.034 Y148.542 E948.24015
G1 X124.808 Y148.753 E948.25043
G1 X124.592 Y148.824 E948.25799
G1 X117.5 Y148.824 E948.49387
G1 F2700 E943.49387
G0 F9000 X117.498 Y156.307
G0 X117.5 Y156.488
G1 F2700 E948.49387
G1 F1500 X142.901 Y156.488 E949.33871
G1 X143.25 Y156.447 E949.3504
G1 X143.55 Y156.343 E949.36096
G1 X143.811 Y156.179 E949.37122
G1 X144.039 Y155.951 E949.38194
G1 X144.204 Y155.689 E949.39224
G1 X144.31 Y155.386 E949.40291
G1 X144.348 Y155.043 E949.41439
G1 X144.348 Y149.186 E949.6092
G1 F1239.7 X144.264 Y148.391 E949.64137
G1 F1060.1 X144.267 Y134.172 E950.31056
G1 F1247.4 X144.348 Y133.289 E950.34602
G1 F1500 X144.348 Y130.397 E950.44221
G1 X144.184 Y130.65 E950.45224
G1 X143.907 Y130.921 E950.46513
G1 X143.516 Y131.151 E950.48022
G1 X143.1 Y131.239 E950.49436
G1 X142.742 Y131.24 E950.50627
G1 X142.443 Y131.168 E950.5165
G1 X142.091 Y131.005 E950.5294
G1 X141.789 Y130.761 E950.54231
G1 X141.555 Y130.45 E950.55526
G1 X141.38 Y130.045 E950.56993
G1 X141.336 Y129.638 E950.58355
G1 X141.378 Y129.292 E950.59514
G1 X141.513 Y128.906 E950.60874
G1 X141.743 Y128.574 E950.62217
G1 X142.036 Y128.323 E950.635
G1 X142.365 Y128.153 E950.64732
G1 X142.743 Y128.056 E950.6603
G1 X143.06 Y128.056 E950.67084
G1 X143.445 Y128.134 E950.68391
G1 X143.781 Y128.288 E950.6962
G1 X144.14 Y128.577 E950.71153
G1 X144.348 Y128.899 E950.72428
G1 X144.348 Y88.768 E952.05904
G1 X144.181 Y89.022 E952.06916
G1 X143.907 Y89.289 E952.08188
G1 X143.577 Y89.483 E952.09461
G1 X143.148 Y89.612 E952.10951
G1 X142.816 Y89.612 E952.12055
G1 X142.433 Y89.534 E952.13355
G1 X142.091 Y89.373 E952.14613
G1 X141.841 Y89.175 E952.15673
G1 X141.837 Y123.942 E953.31309
G1 X141.76 Y124.59 E953.33479
G1 X141.526 Y125.268 E953.35865
G1 X141.136 Y125.885 E953.38293
G1 X140.63 Y126.387 E953.40663
G1 X140.032 Y126.76 E953.43007
G1 X139.339 Y127.01 E953.45458
G1 X138.656 Y127.084 E953.47743
G1 X96.34 Y127.084 E954.88486
G1 X95.659 Y127.01 E954.90765
G1 X94.964 Y126.76 E954.93221
G1 X94.365 Y126.392 E954.95559
G1 X93.857 Y125.882 E954.97954
G1 X93.47 Y125.268 E955.00368
G1 X93.236 Y124.589 E955.02756
G1 X93.156 Y123.872 E955.05156
G1 X93.156 Y89.173 E956.20565
G1 X92.909 Y89.371 E956.21618
G1 X92.564 Y89.534 E956.22887
G1 X92.258 Y89.612 E956.23937
G1 X91.848 Y89.612 E956.25301
G1 X91.427 Y89.485 E956.26764
G1 X91.089 Y89.289 E956.28063
G1 X90.814 Y89.023 E956.29336
G1 X90.647 Y88.764 E956.30361
G1 X90.648 Y128.899 E957.6385
G1 X90.812 Y128.646 E957.64853
G1 X91.144 Y128.321 E957.66398
G1 X91.553 Y128.135 E957.67893
G1 X91.936 Y128.056 E957.69193
G1 X92.252 Y128.056 E957.70244
G1 X92.631 Y128.151 E957.71544
G1 X92.974 Y128.328 E957.72828
G1 X93.254 Y128.574 E957.74067
G1 X93.485 Y128.912 E957.75429
G1 X93.618 Y129.292 E957.76768
G1 X93.66 Y129.638 E957.77927
G1 X93.616 Y130.045 E957.79289
G1 X93.441 Y130.45 E957.80756
G1 X93.207 Y130.761 E957.82051
G1 X92.909 Y131.003 E957.83328
G1 X92.555 Y131.168 E957.84627
G1 X92.244 Y131.24 E957.85688
G1 X91.896 Y131.239 E957.86846
G1 X91.563 Y131.168 E957.87978
G1 X91.211 Y131.005 E957.89269
G1 X90.856 Y130.718 E957.90787
G1 X90.648 Y130.395 E957.92065
G1 X90.648 Y133.289 E958.0169
G1 F1247.4 X90.729 Y134.172 E958.05237
G1 F1060.1 X90.732 Y148.391 E958.72156
G1 F1239.7 X90.648 Y149.186 E958.75373
G1 F1500 X90.648 Y154.339 E958.92512
G1 X90.812 Y154.086 E958.93515
G1 X91.144 Y153.761 E958.9506
G1 X91.553 Y153.575 E958.96554
G1 X91.936 Y153.496 E958.97855
G1 X92.328 Y153.514 E958.9916
G1 X92.689 Y153.621 E959.00412
G1 X93.027 Y153.815 E959.01709
G1 X93.305 Y154.086 E959.03
G1 X93.482 Y154.357 E959.04076
G1 X93.589 Y154.63 E959.05052
G1 X93.653 Y155.019 E959.06363
G1 X93.619 Y155.476 E959.07887
G1 X93.441 Y155.89 E959.09386
G1 X93.207 Y156.201 E959.1068
G1 X92.823 Y156.488 E959.12275
G1 X117.5 Y156.488 E959.94351
G1 F2700 E954.94351
G0 F9000 X143.213 Y156.289
G0 X143.71 Y156.053
G0 X144.058 Y155.619
G0 X144.187 Y155.034
G0 X144.187 Y149.182
G0 X143.986 Y147.824
G0 X143.437 Y148.638
G0 X128.972 Y148.824
G1 F2700 E959.94351
G1 F1500 X128.776 Y148.792 E959.95012
G1 X128.533 Y148.634 E959.95976
G1 X128.374 Y148.36 E959.97029
G1 X128.372 Y134.172 E960.44219
G1 X128.414 Y133.951 E960.44967
G1 X128.585 Y133.712 E960.45944
G1 X128.895 Y133.572 E960.47076
G1 X143.076 Y133.574 E960.94242
G1 X143.416 Y133.716 E960.95467
G1 F1247.4 X143.705 Y134.172 E960.97627
G1 F1060.1 X143.699 Y148.342 E961.64315
G1 F1239.7 X143.385 Y148.705 E961.66247
G1 F1500 X143.024 Y148.824 E961.67511
G1 X128.972 Y148.824 E962.14248
G0 F9000 X128.937 Y148.421
;TYPE:WALL-OUTER
G1 F1500 X128.825 Y148.361 E962.14671
G1 X128.772 Y148.242 E962.15104
G1 X128.772 Y134.172 E962.61901
G1 X128.815 Y134.047 E962.62341
G1 X128.937 Y133.974 E962.62813
G1 X143.042 Y133.972 E963.09727
G1 X143.155 Y134.02 E963.10135
G1 X143.224 Y134.172 E963.1069
G1 X143.222 Y148.259 E963.57544
G1 X143.145 Y148.385 E963.58035
G1 X143.024 Y148.424 E963.58458
G1 X128.937 Y148.421 E964.05311
G1 F2700 E959.05311
G0 F9000 X128.937 Y148.735
G0 X128.174 Y148.294
G0 X125.303 Y148.292
G0 X117.5 Y148.422
G1 F2700 E964.05311
G1 F1500 X110.437 Y148.421 E964.28803
G1 X110.325 Y148.361 E964.29226
G1 X110.272 Y148.242 E964.29659
G1 X110.272 Y134.172 E964.76456
G1 X110.315 Y134.047 E964.76896
G1 X110.437 Y133.974 E964.77369
G1 X124.563 Y133.975 E965.24352
G1 X124.653 Y134.018 E965.24684
G1 X124.724 Y134.118 E965.25091
G1 X124.724 Y148.268 E965.72155
G1 X124.671 Y148.361 E965.72511
G1 X124.558 Y148.422 E965.72938
G1 X117.5 Y148.422 E965.96413
G1 F2700 E960.96413
G0 F9000 X117.5 Y148.735
G0 X117.5 Y149.004
G0 X117.498 Y156.307
G0 X117.5 Y156.888
G1 F2700 E965.96413
G1 F1500 X142.924 Y156.888 E966.80973
G1 X143.339 Y156.839 E966.82363
G1 X143.724 Y156.706 E966.83718
G1 X144.062 Y156.494 E966.85045
G1 X144.354 Y156.202 E966.86418
G1 X144.566 Y155.864 E966.87745
G1 X144.703 Y155.475 E966.89117
G1 X144.748 Y155.065 E966.90489
G1 F1485.1 X144.748 Y130.37 E967.73446
G1 F1287.6 X144.687 Y129.982 E967.74968
G1 F1167.3 X144.695 Y129.648 E967.76396
G1 X144.687 Y129.345 E967.77691
G1 F1290.3 X144.744 Y128.977 E967.79131
G1 F1463.4 X144.748 Y88.739 E969.16309
G1 F1282.1 X144.687 Y88.35 E969.17842
G1 F1167.3 X144.695 Y88.02 E969.19252
G1 X144.687 Y87.717 E969.20548
G1 F1293.1 X144.745 Y87.348 E969.21989
G1 F1485.1 X144.748 Y79.931 E969.46905
G1 F1500 X144.703 Y79.521 E969.48277
G1 X144.566 Y79.136 E969.49636
G1 X144.354 Y78.798 E969.50963
G1 X144.062 Y78.501 E969.52348
G1 X143.725 Y78.29 E969.5367
G1 X143.335 Y78.157 E969.55041
G1 X142.924 Y78.108 E969.56418
G1 X92.072 Y78.108 E971.25552
G1 X91.662 Y78.156 E971.26925
G1 X91.275 Y78.294 E971.28292
G1 X90.934 Y78.502 E971.2962
G1 X90.642 Y78.797 E971.31001
G1 X90.43 Y79.135 E971.32328
G1 X90.297 Y79.521 E971.33686
G1 X90.248 Y79.932 E971.35062
G1 F1485.1 X90.251 Y87.348 E971.59975
G1 F1293.1 X90.309 Y87.717 E971.61416
G1 F1167.3 X90.301 Y88.02 E971.62711
G1 X90.309 Y88.32 E971.63994
G1 F1293.1 X90.252 Y88.688 E971.65431
G1 F1470.6 X90.252 Y128.977 E973.02112
G1 F1293.1 X90.309 Y129.345 E973.03549
G1 F1167.3 X90.301 Y129.648 E973.04845
G1 X90.309 Y129.951 E973.0614
G1 F1293.1 X90.252 Y130.319 E973.07577
G1 F1470.6 X90.252 Y154.417 E973.8933
G1 F1293.1 X90.309 Y154.785 E973.90767
G1 F1167.3 X90.301 Y155.061 E973.91947
G1 F1190.5 X90.346 Y155.464 E973.93646
G1 F1195.2 X90.476 Y155.843 E973.95319
G1 X90.681 Y156.17 E973.9693
G1 X90.969 Y156.455 E973.98621
G1 X91.294 Y156.661 E974.00227
G1 X91.672 Y156.793 E974.01898
G1 F1192.8 X92.074 Y156.836 E974.03589
G1 F1185.8 X92.267 Y156.834 E974.04401
G1 F1321.6 X92.68 Y156.888 E974.05974
G1 F1500 X117.5 Y156.888 E974.88525
G1 F2700 E969.88525
G0 F9000 X117.5 Y156.58
G0 X93.36 Y156.304
G0 X93.626 Y154.286
G0 X92.277 Y153.329
G0 X90.831 Y153.797
G0 X90.809 Y149.182
G0 X91.01 Y147.824
G0 X91.559 Y148.638
G0 X106.058 Y148.735
G1 F2700 E974.88525
G0 F9000 X106.058 Y148.422
G0 E969.88525
G1 F2700 E974.88525
G1 F1500 X91.972 Y148.424 E975.35376
G1 X91.851 Y148.384 E975.358
G1 X91.774 Y148.259 E975.36288
G1 X91.772 Y134.172 E975.83141
G1 X91.841 Y134.02 E975.83697
G1 X91.954 Y133.972 E975.84105
G1 X106.063 Y133.975 E976.31032
G1 X106.153 Y134.018 E976.31363
G1 X106.224 Y134.118 E976.31771
G1 X106.224 Y148.268 E976.78834
G1 X106.171 Y148.361 E976.7919
G1 X106.058 Y148.422 E976.79618
G1 F2700 E971.79618
G0 F9000 X106.058 Y148.735
G0 X91.511 Y148.83
G0 X91.01 Y147.824
G0 X90.809 Y149.182
G0 X90.831 Y153.797
G0 X92.766 Y153.48
G0 X93.812 Y154.998
G0 X93.674 Y155.792
G0 X92.284 Y156.583
G1 F2700 E976.79618
G0 F9000 X92.224 Y156.331
G0 E971.79618
G1 F2700 E976.79618
G1 F1195.2 X91.936 Y156.328 E976.8082
G1 F1209.7 X91.59 Y156.245 E976.82287
G1 X91.326 Y156.105 E976.8352
G1 F1204.8 X91.101 Y155.893 E976.848
G1 F1197.6 X90.938 Y155.643 E976.86043
G1 F1195.2 X90.84 Y155.37 E976.87254
G1 F1190.5 X90.807 Y155.067 E976.88531
G1 F1167.3 X90.829 Y154.814 E976.89617
G1 F1224.5 X91.1 Y154.349 E976.91809
G1 F1395.3 X91.374 Y154.097 E976.9314
G1 F1500 X91.653 Y153.962 E976.94171
G1 X91.885 Y153.902 E976.94968
G1 X92.206 Y153.895 E976.96036
G1 X92.507 Y153.977 E976.97074
G1 X92.761 Y154.114 E976.98034
G1 X92.974 Y154.311 E976.98999
G1 X93.124 Y154.535 E976.99895
G1 X93.227 Y154.821 E977.00906
G1 X93.255 Y155.111 E977.01875
G1 X93.215 Y155.404 E977.02859
G1 X93.11 Y155.665 E977.03795
G1 X92.974 Y155.865 E977.04599
G1 X92.761 Y156.062 E977.05564
G1 X92.51 Y156.201 E977.06518
G1 F1442.3 X92.466 Y156.234 E977.06709
G1 F1276.6 X92.224 Y156.331 E977.07728
G1 F2700 E972.07728
G0 F9000 X92.284 Y156.583
G0 X92.885 Y156.284
G0 X93.148 Y156.052
G0 X93.347 Y155.763
G0 X93.47 Y155.437
G0 X93.513 Y155.089
G0 X93.47 Y154.741
G0 X93.345 Y154.414
G0 X93.147 Y154.126
G0 X92.277 Y153.329
G0 X90.831 Y153.797
G0 X90.831 Y130.939
G0 X92.288 Y131.142
G1 F2700 E977.07728
G0 F9000 X92.215 Y130.837
G0 E972.07728
G1 F2700 E977.07728
G1 F1500 X91.922 Y130.84 E977.08702
G1 X91.611 Y130.762 E977.09769
G1 X91.395 Y130.65 E977.10578
G1 X91.142 Y130.425 E977.11704
G1 F1485.1 X90.981 Y130.185 E977.12675
G1 F1293.1 X90.829 Y129.922 E977.13847
G1 F1167.3 X90.808 Y129.677 E977.14898
G1 X90.829 Y129.374 E977.16196
G1 F1224.5 X91.1 Y128.909 E977.18389
G1 F1395.3 X91.374 Y128.657 E977.1972
G1 F1500 X91.653 Y128.522 E977.2075
G1 X91.936 Y128.456 E977.21717
G1 X92.218 Y128.459 E977.22655
G1 X92.507 Y128.537 E977.23651
G1 X92.739 Y128.657 E977.24519
G1 X92.964 Y128.857 E977.25521
G1 X93.131 Y129.112 E977.26534
G1 X93.221 Y129.35 E977.27381
G1 X93.256 Y129.635 E977.28336
G1 X93.215 Y129.964 E977.29438
G1 X93.11 Y130.225 E977.30374
G1 X92.974 Y130.425 E977.31179
G1 X92.761 Y130.622 E977.32144
G1 X92.463 Y130.779 E977.33264
G1 X92.215 Y130.837 E977.34111
G1 F2700 E972.34111
G0 F9000 X92.288 Y131.142
G0 X93.656 Y130.382
G0 X93.368 Y128.457
G0 X91.515 Y127.979
G0 X90.831 Y128.357
G0 X90.831 Y89.307
G0 X92.601 Y89.691
G0 X92.977 Y89.539
G0 X93.325 Y125.339
G0 X95.399 Y126.985
G0 X117.5 Y126.997
G1 F2700 E977.34111
G0 F9000 X117.5 Y126.684
G0 E972.34111
G1 F2700 E977.34111
G1 F1500 X96.35 Y126.683 E978.04456
G1 X95.753 Y126.617 E978.06454
G1 X95.145 Y126.403 E978.08598
G1 X94.634 Y126.087 E978.10596
G1 X94.158 Y125.611 E978.12835
G1 X93.826 Y125.074 E978.14935
G1 X93.626 Y124.487 E978.16997
G1 X93.557 Y123.896 E978.18976
G1 X93.556 Y88.738 E979.35912
G1 F1595.7 X93.581 Y88.061 E979.38031
G1 X93.556 Y87.298 E979.40417
G1 F1500 X93.557 Y83.9 E979.51719
G1 X93.634 Y83.274 E979.53817
G1 X93.826 Y82.718 E979.55773
G1 X94.186 Y82.15 E979.5801
G1 X94.633 Y81.71 E979.60096
G1 X95.169 Y81.379 E979.62191
G1 X95.757 Y81.174 E979.64263
G1 X96.35 Y81.109 E979.66247
G1 X138.646 Y81.109 E981.06924
G1 X139.271 Y81.183 E981.09017
G1 X139.867 Y81.398 E981.11124
G1 X140.398 Y81.738 E981.13221
G1 X140.837 Y82.184 E981.15303
G1 X141.17 Y82.718 E981.17396
G1 X141.362 Y83.274 E981.19352
G1 X141.439 Y83.9 E981.2145
G1 X141.44 Y87.298 E981.32752
G1 F1600 X141.415 Y88.02 E981.35005
G1 X141.44 Y88.738 E981.37245
G1 F1500 X141.439 Y123.896 E982.54181
G1 X141.37 Y124.487 E982.5616
G1 X141.17 Y125.074 E982.58222
G1 X140.83 Y125.622 E982.60367
G1 X140.381 Y126.073 E982.62484
G1 X139.851 Y126.403 E982.64561
G1 X139.247 Y126.617 E982.66692
G1 X138.635 Y126.684 E982.6874
G1 X117.5 Y126.684 E983.39035
G1 F2700 E978.39035
G0 F9000 X117.5 Y126.997
G0 X140.105 Y126.902
G0 X141.917 Y124.63
G0 X142.019 Y89.538
G0 X143.862 Y89.514
G0 X144.165 Y89.307
G0 X144.165 Y128.357
G0 X142.31 Y128.001
G0 X141.175 Y129.645
G0 X141.669 Y130.733
G0 X142.695 Y131.137
G1 F2700 E983.39035
G0 F9000 X142.769 Y130.835
G0 E978.39035
G1 F2700 E983.39035
G1 F1500 X142.491 Y130.762 E983.39991
G1 X142.275 Y130.65 E983.408
G1 X142.022 Y130.425 E983.41926
G1 X141.865 Y130.184 E983.42883
G1 X141.769 Y129.914 E983.43836
G1 X141.74 Y129.635 E983.44769
G1 X141.771 Y129.366 E983.4567
G1 X141.886 Y129.071 E983.46723
G1 X142.032 Y128.857 E983.47584
G1 X142.265 Y128.652 E983.48617
G1 X142.533 Y128.522 E983.49607
G1 X142.778 Y128.459 E983.50449
G1 X143.11 Y128.462 E983.51553
G1 X143.387 Y128.537 E983.52507
G1 X143.641 Y128.674 E983.53467
G1 X143.854 Y128.871 E983.54432
G1 F1485.1 X144.015 Y129.111 E983.55403
G1 F1290.3 X144.167 Y129.374 E983.56578
G1 F1167.3 X144.189 Y129.648 E983.57752
G1 X144.167 Y129.937 E983.58991
G1 F1276.6 X144.019 Y130.187 E983.60127
G1 F1470.6 X143.854 Y130.425 E983.61109
G1 F1500 X143.641 Y130.622 E983.62074
G1 X143.343 Y130.779 E983.63194
G1 X143.074 Y130.84 E983.64112
G1 X142.769 Y130.835 E983.65126
G1 F2700 E978.65126
G0 F9000 X142.695 Y131.137
G0 X142.115 Y130.844
G0 X141.852 Y130.612
G0 X141.653 Y130.323
G0 X141.53 Y129.997
G0 X141.487 Y129.651
G0 X141.53 Y129.302
G0 X141.653 Y128.977
G0 X141.852 Y128.688
G0 X142.722 Y127.895
G0 X144.165 Y128.357
G0 X144.165 Y89.307
G0 X142.716 Y89.512
G1 F2700 E983.65126
G0 F9000 X142.789 Y89.213
G0 E978.65126
G1 F2700 E983.65126
G1 F1500 X142.491 Y89.13 E983.66155
G1 X142.275 Y89.018 E983.66964
G1 X142.023 Y88.795 E983.68084
G1 X141.887 Y88.598 E983.6888
G1 F1554.4 X141.793 Y88.326 E983.69803
G1 F1657.5 X141.765 Y88.041 E983.70665
G1 X141.793 Y87.71 E983.71665
G1 F1554.4 X141.887 Y87.438 E983.72589
G1 F1500 X142.023 Y87.241 E983.73385
G1 X142.275 Y87.018 E983.74504
G1 X142.533 Y86.89 E983.75462
G1 X142.765 Y86.83 E983.76259
G1 X143.064 Y86.824 E983.77254
G1 X143.346 Y86.89 E983.78217
G1 X143.602 Y87.019 E983.79171
G1 X143.821 Y87.206 E983.80129
G1 X143.989 Y87.437 E983.81079
G1 F1301.5 X144.167 Y87.746 E983.82446
G1 F1167.3 X144.189 Y88.02 E983.8362
G1 X144.167 Y88.305 E983.84842
G1 F1276.6 X144.02 Y88.558 E983.85986
G1 F1470.6 X143.821 Y88.83 E983.87129
G1 F1500 X143.602 Y89.017 E983.88087
G1 X143.346 Y89.146 E983.8904
G1 X143.11 Y89.206 E983.8985
G1 X142.789 Y89.213 E983.90918
G1 F2700 E978.90918
G0 F9000 X142.716 Y89.512
G0 X143.455 Y89.379
G0 X143.765 Y89.214
G0 X144.028 Y88.982
G0 X144.227 Y88.693
G0 X144.35 Y88.367
G0 X144.393 Y88.019
G0 X144.35 Y87.671
G0 X144.225 Y87.344
G0 X144.027 Y87.056
G0 X143.765 Y86.826
G0 X143.455 Y86.661
G0 X143.114 Y86.578
G0 X142.766 Y86.578
G0 X142.425 Y86.661
G0 X142.115 Y86.826
G0 X141.852 Y87.058
G0 X141.615 Y83.24
G0 X141.39 Y82.591
G0 X141.024 Y82.012
G0 X140.538 Y81.526
G0 X139.959 Y81.16
G0 X139.31 Y80.935
G0 X138.652 Y80.86
G0 X96.348 Y80.861
G0 X95.69 Y80.934
G0 X95.041 Y81.16
G0 X94.462 Y81.526
G0 X93.976 Y82.012
G0 X93.609 Y82.594
G0 X93.385 Y83.24
G0 X93.147 Y87.056
G0 X92.885 Y86.826
G0 X92.575 Y86.661
G0 X92.234 Y86.578
G0 X91.886 Y86.578
G0 X91.545 Y86.661
G0 X91.235 Y86.826
G0 X90.972 Y87.058
G0 X90.773 Y87.347
G0 X90.65 Y87.672
G0 X90.607 Y88.021
G0 X90.65 Y88.367
G0 X90.773 Y88.693
G0 X90.972 Y88.982
G0 X91.235 Y89.214
G0 X91.486 Y89.347
G0 X92.303 Y89.508
G1 F2700 E983.90918
G0 F9000 X92.23 Y89.206
G0 E978.90918
G1 F2700 E983.90918
G1 F1500 X91.932 Y89.212 E983.91909
G1 X91.653 Y89.146 E983.92863
G1 X91.395 Y89.018 E983.93821
G1 X91.143 Y88.795 E983.9494
G1 F1485.1 X90.98 Y88.556 E983.95912
G1 F1293.1 X90.829 Y88.29 E983.97092
G1 F1167.3 X90.808 Y88.05 E983.98122
G1 X90.829 Y87.746 E983.99424
G1 F1224.5 X91.096 Y87.283 E984.01602
G1 F1395.3 X91.395 Y87.018 E984.0303
G1 F1500 X91.653 Y86.89 E984.03988
G1 X91.885 Y86.83 E984.04785
G1 X92.206 Y86.823 E984.05853
G1 X92.51 Y86.907 E984.06902
G1 X92.761 Y87.046 E984.07856
G1 X92.973 Y87.241 E984.08814
G1 X93.109 Y87.438 E984.09611
G1 F1554.4 X93.203 Y87.71 E984.10534
G1 F1657.5 X93.231 Y88.041 E984.11534
G1 F1662 X93.202 Y88.325 E984.12391
G1 F1554.4 X93.109 Y88.598 E984.13317
G1 F1500 X92.973 Y88.795 E984.14113
G1 X92.761 Y88.99 E984.15071
G1 X92.51 Y89.129 E984.16025
G1 X92.23 Y89.206 E984.16991
G1 F2700 E979.16991
G0 F9000 X92.303 Y89.508
G0 X90.831 Y89.307
G0 X90.831 Y128.357
G0 X92.692 Y128.001
G0 X93.821 Y129.645
G0 X92.589 Y131.326
G0 X90.831 Y130.939
G0 X90.831 Y153.797
G0 X92.766 Y153.48
G0 X93.812 Y154.998
G0 X93.36 Y156.304
G0 X117.499 Y156.387
G1 F2700 E984.16991
G0 F9000 X117.5 Y156.126
G0 E979.16991
;TYPE:SKIN
G1 F2700 E984.16991
G1 F1500 X93.723 Y156.124 E984.96074
G1 X93.978 Y155.563 E984.98123
G1 X94.012 Y155.009 E984.99969
G1 X93.933 Y154.536 E985.01564
G1 X93.804 Y154.195 E985.02777
G1 X93.527 Y153.767 E985.04473
G1 X93.097 Y153.427 E985.06296
G1 X92.851 Y153.297 E985.07221
G1 X92.302 Y153.126 E985.09134
G1 X91.583 Y153.166 E985.11529
G1 X91.009 Y153.423 E985.13621
G1 X91.009 Y149.197 E985.27676
G1 X91.111 Y148.712 E985.29325
G1 X91.406 Y148.997 E985.30689
G1 X91.94 Y149.184 E985.32571
G1 X106.15 Y149.182 E985.79834
G1 X106.568 Y149.038 E985.81304
G1 X106.848 Y148.721 E985.82711
G1 X106.976 Y148.327 E985.84089
G1 X106.981 Y134.13 E986.31308
G1 X106.91 Y133.807 E986.32408
G1 X106.642 Y133.431 E986.33944
G1 X106.168 Y133.216 E986.35675
G1 X91.865 Y133.212 E986.83247
G1 X91.336 Y133.441 E986.85164
G1 X91.098 Y133.772 E986.8652
G1 X91.008 Y133.273 E986.88207
G1 X91.008 Y131.31 E986.94735
G1 X91.484 Y131.521 E986.96467
G1 X91.844 Y131.593 E986.97688
G1 X92.291 Y131.598 E986.99175
G1 X92.672 Y131.506 E987.00479
G1 X93.106 Y131.301 E987.02075
G1 X93.536 Y130.956 E987.03909
G1 X93.823 Y130.485 E987.05743
G1 X93.979 Y129.997 E987.07447
G1 X94.02 Y129.632 E987.08669
G1 X93.968 Y129.216 E987.10063
G1 X93.808 Y128.743 E987.11724
G1 X93.497 Y128.305 E987.13511
G1 X93.139 Y128.011 E987.15052
G1 X92.787 Y127.823 E987.16379
G1 X92.325 Y127.701 E987.17968
G1 X91.901 Y127.699 E987.19378
G1 X91.477 Y127.783 E987.20816
G1 X91.008 Y127.985 E987.22514
G1 X91.009 Y89.667 E988.49961
G1 X91.18 Y89.783 E988.50648
G1 X91.786 Y89.972 E988.52759
G1 X92.276 Y89.972 E988.54389
G1 X92.654 Y89.882 E988.55681
G1 X92.796 Y89.82 E988.56197
G1 X92.797 Y123.894 E989.69527
G1 X92.878 Y124.655 E989.72073
G1 X93.134 Y125.406 E989.74712
G1 X93.59 Y126.126 E989.77546
G1 X94.157 Y126.686 E989.80197
G1 X94.815 Y127.091 E989.82767
G1 X95.586 Y127.364 E989.85487
G1 X96.311 Y127.439 E989.87911
G1 X138.731 Y127.439 E991.29001
G1 X139.44 Y127.353 E991.31376
G1 X140.172 Y127.089 E991.33964
G1 X140.874 Y126.658 E991.36704
G1 X141.402 Y126.13 E991.39188
G1 X141.838 Y125.447 E991.41883
G1 X142.11 Y124.663 E991.44643
G1 X142.191 Y123.98 E991.4693
G1 X142.201 Y89.821 E992.60544
G1 X142.352 Y89.885 E992.61089
G1 X142.777 Y89.969 E992.6253
G1 X143.068 Y89.972 E992.63498
G1 X143.524 Y89.884 E992.65043
G1 X143.988 Y89.671 E992.66741
G1 X143.988 Y127.982 E993.94164
G1 X143.565 Y127.796 E993.95701
G1 X143.095 Y127.699 E993.97297
G1 X142.674 Y127.702 E993.98697
G1 X142.213 Y127.825 E994.00284
G1 X141.802 Y128.04 E994.01827
G1 X141.491 Y128.314 E994.03205
G1 X141.183 Y128.745 E994.04967
G1 X141.025 Y129.212 E994.06607
G1 X140.976 Y129.65 E994.08073
G1 X141.013 Y129.994 E994.09224
G1 X141.149 Y130.44 E994.10774
G1 X141.454 Y130.953 E994.12759
G1 X141.89 Y131.304 E994.14621
G1 X142.326 Y131.507 E994.16221
G1 X142.779 Y131.597 E994.17757
G1 X143.125 Y131.596 E994.18908
G1 X143.508 Y131.521 E994.20206
G1 X143.986 Y131.302 E994.21954
G1 X143.988 Y133.273 E994.2851
G1 X143.894 Y133.77 E994.30192
G1 X143.657 Y133.442 E994.31538
G1 X143.127 Y133.212 E994.3346
G1 X128.837 Y133.215 E994.80989
G1 X128.633 Y133.271 E994.81692
G1 X128.354 Y133.435 E994.82769
G1 X128.082 Y133.807 E994.84301
G1 X128.015 Y134.13 E994.85399
G1 X128.012 Y148.309 E995.32558
G1 X128.062 Y148.529 E995.33308
G1 X128.256 Y148.866 E995.34602
G1 X128.571 Y149.117 E995.35941
G1 X128.943 Y149.182 E995.37197
G1 X143.051 Y149.184 E995.84121
G1 X143.588 Y149 E995.86009
G1 X143.883 Y148.711 E995.87382
G1 X143.988 Y149.198 E995.89039
G1 X143.988 Y155.02 E996.08403
G1 X143.955 Y155.303 E996.09351
G1 X143.874 Y155.532 E996.10159
G1 X143.754 Y155.722 E996.10906
G1 X143.392 Y156.014 E996.12453
G1 X143.167 Y156.092 E996.13245
G1 X142.875 Y156.128 E996.14224
G1 X117.5 Y156.126 E996.98621
G1 F2700 E991.98621
G0 F9000 X117.499 Y156.387
G0 X117.498 Y149.004
G0 X117.5 Y149.182
G1 F2700 E996.98621
G1 F1500 X124.65 Y149.182 E997.22402
G1 X125.068 Y149.038 E997.23873
G1 X125.348 Y148.721 E997.2528
G1 X125.476 Y148.327 E997.26658
G1 X125.481 Y134.13 E997.73877
G1 X125.41 Y133.807 E997.74977
G1 X125.142 Y133.431 E997.76513
G1 X124.668 Y133.216 E997.78244
G1 X110.337 Y133.215 E998.25909
G1 X110.133 Y133.271 E998.26612
G1 X109.854 Y133.435 E998.27689
G1 X109.582 Y133.807 E998.29222
G1 X109.515 Y134.13 E998.30319
G1 X109.512 Y148.309 E998.77478
G1 X109.562 Y148.529 E998.78229
G1 X109.756 Y148.866 E998.79522
G1 X110.071 Y149.117 E998.80862
G1 X110.443 Y149.182 E998.82118
G1 X117.5 Y149.182 E999.05589
G1 F2700 E994.05589
G0 F9000 X117.5 Y148.924
G0 X124.622 Y149.005
G0 X144.148 Y149.186
G0 X143.788 Y154.894
G1 F2700 E999.05589
G1 F1500 X142.754 Y155.928 E999.10453
G0 F9000 X142.189 Y155.928
G1 F1500 X143.788 Y154.328 E999.17977
G0 F9000 X143.788 Y153.762
G1 F1500 X141.623 Y155.928 E999.28162
G0 F9000 X141.057 Y155.928
G1 F1500 X143.788 Y153.197 E999.41008
G0 F9000 X143.788 Y152.631
G1 F1500 X140.492 Y155.928 E999.56514
G0 F9000 X139.926 Y155.928
G1 F1500 X143.788 Y152.065 E999.74682
G0 F9000 X143.788 Y151.5
G1 F1500 X139.36 Y155.928 E999.9551
G0 F9000 X138.794 Y155.928
G1 F1500 X143.788 Y150.934 E1000.19
G0 F9000 X143.788 Y150.368
G1 F1500 X138.229 Y155.928 E1000.4515
G0 F9000 X137.663 Y155.928
G1 F1500 X143.788 Y149.803 E1000.7396
G0 F9000 X143.788 Y149.237
G1 F1500 X137.097 Y155.928 E1001.05433
G0 F9000 X136.532 Y155.928
G1 F1500 X143.077 Y149.383 E1001.36219
G0 F9000 X142.511 Y149.383
G1 F1500 X135.966 Y155.928 E1001.67004
G0 F9000 X135.401 Y155.927
G1 F1500 X141.945 Y149.383 E1001.97785
G0 F9000 X141.38 Y149.383
G1 F1500 X134.835 Y155.927 E1002.28568
G0 F9000 X134.27 Y155.927
G1 F1500 X140.814 Y149.383 E1002.59349
G0 F9000 X140.249 Y149.382
G1 F1500 X133.704 Y155.927 E1002.90135
G0 F9000 X133.138 Y155.927
G1 F1500 X139.683 Y149.382 E1003.20921
G0 F9000 X139.118 Y149.382
G1 F1500 X132.573 Y155.927 E1003.51706
G0 F9000 X132.007 Y155.927
G1 F1500 X138.552 Y149.382 E1003.82492
G0 F9000 X137.987 Y149.381
G1 F1500 X131.441 Y155.927 E1004.13283
G0 F9000 X130.876 Y155.927
G1 F1500 X137.421 Y149.381 E1004.44071
G0 F9000 X136.856 Y149.381
G1 F1500 X130.31 Y155.927 E1004.74861
G0 F9000 X129.744 Y155.927
G1 F1500 X136.29 Y149.381 E1005.05651
G0 F9000 X135.725 Y149.381
G1 F1500 X129.179 Y155.927 E1005.36442
G0 F9000 X128.614 Y155.926
G1 F1500 X135.159 Y149.381 E1005.67227
G0 F9000 X134.594 Y149.381
G1 F1500 X128.048 Y155.926 E1005.98015
G0 F9000 X127.482 Y155.926
G1 F1500 X134.028 Y149.381 E1006.28803
G0 F9000 X133.463 Y149.38
G1 F1500 X126.916 Y155.926 E1006.59596
G0 F9000 X126.351 Y155.926
G1 F1500 X132.897 Y149.38 E1006.90387
G0 F9000 X132.331 Y149.38
G1 F1500 X125.785 Y155.926 E1007.21177
G0 F9000 X125.219 Y155.926
G1 F1500 X131.766 Y149.38 E1007.5197
G0 F9000 X131.201 Y149.379
G1 F1500 X124.654 Y155.926 E1007.82765
G0 F9000 X124.088 Y155.926
G1 F1500 X130.635 Y149.379 E1008.1356
G0 F9000 X130.069 Y149.379
G1 F1500 X123.522 Y155.926 E1008.44355
G0 F9000 X122.957 Y155.926
G1 F1500 X129.504 Y149.379 E1008.7515
G0 F9000 X128.938 Y149.379
G1 F1500 X122.391 Y155.926 E1009.05945
G0 F9000 X121.826 Y155.926
G1 F1500 X128.468 Y149.284 E1009.37187
G0 F9000 X128.145 Y149.04
G1 F1500 X121.26 Y155.926 E1009.69574
G0 F9000 X120.695 Y155.926
G1 F1500 X127.927 Y148.693 E1010.03594
G0 F9000 X127.813 Y148.241
G1 F1500 X120.129 Y155.926 E1010.39739
G0 F9000 X119.563 Y155.926
G1 F1500 X127.813 Y147.676 E1010.78545
G0 F9000 X127.813 Y147.11
G1 F1500 X118.998 Y155.926 E1011.2001
G0 F9000 X118.432 Y155.926
G1 F1500 X125.124 Y149.233 E1011.5149
G0 F9000 X125.444 Y148.913
G1 F1500 X127.813 Y146.544 E1011.62633
G0 F9000 X127.814 Y145.978
G1 F1500 X125.679 Y148.113 E1011.72675
G0 F9000 X125.679 Y147.547
G1 F1500 X127.814 Y145.412 E1011.82717
G0 F9000 X127.814 Y144.847
G1 F1500 X125.679 Y146.981 E1011.92757
G0 F9000 X125.679 Y146.416
G1 F1500 X127.814 Y144.281 E1012.028
G0 F9000 X127.815 Y143.715
G1 F1500 X125.679 Y145.85 E1012.12845
G0 F9000 X125.679 Y145.284
G1 F1500 X127.815 Y143.149 E1012.22889
G0 F9000 X127.815 Y142.583
G1 F1500 X125.679 Y144.719 E1012.32936
G0 F9000 X125.679 Y144.153
G1 F1500 X127.815 Y142.017 E1012.42983
G0 F9000 X127.815 Y141.451
G1 F1500 X125.679 Y143.587 E1012.53031
G0 F9000 X125.679 Y143.022
G1 F1500 X127.815 Y140.885 E1012.6308
G0 F9000 X127.815 Y140.32
G1 F1500 X125.679 Y142.456 E1012.73127
G0 F9000 X125.679 Y141.89
G1 F1500 X127.816 Y139.753 E1012.83179
G0 F9000 X127.816 Y139.188
G1 F1500 X125.679 Y141.324 E1012.93228
G0 F9000 X125.679 Y140.759
G1 F1500 X127.816 Y138.622 E1013.0328
G0 F9000 X127.817 Y138.056
G1 F1500 X125.679 Y140.193 E1013.13334
G0 F9000 X125.679 Y139.627
G1 F1500 X127.817 Y137.49 E1013.23388
G0 F9000 X127.817 Y136.924
G1 F1500 X125.679 Y139.062 E1013.33445
G0 F9000 X125.679 Y138.496
G1 F1500 X127.817 Y136.358 E1013.43501
G0 F9000 X127.817 Y135.792
G1 F1500 X125.679 Y137.93 E1013.53558
G0 F9000 X125.679 Y137.365
G1 F1500 X127.817 Y135.226 E1013.63617
G0 F9000 X127.817 Y134.661
G1 F1500 X125.679 Y136.799 E1013.73673
G0 F9000 X125.679 Y136.233
G1 F1500 X127.817 Y134.095 E1013.8373
G1 F2700 E1008.8373
G0 F9000 X128.271 Y134.181
G0 X128.893 Y133.472
G1 F2700 E1013.8373
G0 F9000 X128.894 Y133.018
G0 E1008.8373
G1 F2700 E1013.8373
G1 F1500 X134.274 Y127.638 E1014.09036
G0 F9000 X134.84 Y127.638
G1 F1500 X129.46 Y133.018 E1014.34341
G0 F9000 X130.026 Y133.018
G1 F1500 X135.405 Y127.638 E1014.59645
G0 F9000 X135.971 Y127.638
G1 F1500 X130.591 Y133.018 E1014.84951
G0 F9000 X131.158 Y133.017
G1 F1500 X136.537 Y127.638 E1015.10252
G0 F9000 X137.102 Y127.638
G1 F1500 X131.723 Y133.017 E1015.35553
G0 F9000 X132.289 Y133.017
G1 F1500 X137.668 Y127.638 E1015.60854
G0 F9000 X138.234 Y127.638
G1 F1500 X132.855 Y133.017 E1015.86156
G0 F9000 X133.421 Y133.017
G1 F1500 X138.806 Y127.632 E1016.11485
G0 F9000 X139.446 Y127.557
G1 F1500 X133.987 Y133.017 E1016.37165
G0 F9000 X134.553 Y133.017
G1 F1500 X140.349 Y127.22 E1016.6443
G1 F2700 E1011.6443
G0 F9000 X140.109 Y126.829
G0 X141.671 Y125.339
G0 X142.019 Y89.538
G0 X143.862 Y89.514
G0 X144.165 Y89.307
G0 X144.165 Y128.357
G0 X142.662 Y128.069
G0 X141.35 Y129.068
G1 F2700 E1016.6443
G0 F9000 X140.914 Y128.918
G0 E1011.6443
G1 F2700 E1016.6443
G1 F1500 X136.816 Y133.016 E1016.83705
G0 F9000 X136.25 Y133.016
G1 F1500 X143.788 Y125.478 E1017.19162
G0 F9000 X143.788 Y124.913
G1 F1500 X135.685 Y133.016 E1017.57276
G0 F9000 X135.119 Y133.016
G1 F1500 X143.788 Y124.347 E1017.98052
G0 F9000 X143.788 Y123.781
G1 F1500 X141.994 Y125.575 E1018.06491
G0 F9000 X142.307 Y124.696
G1 F1500 X143.788 Y123.215 E1018.13457
G0 F9000 X143.788 Y122.65
G1 F1500 X142.384 Y124.053 E1018.20058
G0 F9000 X142.391 Y123.481
G1 F1500 X143.788 Y122.084 E1018.26629
G0 F9000 X143.788 Y121.518
G1 F1500 X142.391 Y122.916 E1018.33203
G0 F9000 X142.391 Y122.35
G1 F1500 X143.788 Y120.953 E1018.39774
G0 F9000 X143.788 Y120.387
G1 F1500 X142.391 Y121.784 E1018.46345
G0 F9000 X142.392 Y121.218
G1 F1500 X143.788 Y119.821 E1018.52914
G0 F9000 X143.788 Y119.256
G1 F1500 X142.392 Y120.652 E1018.5948
G0 F9000 X142.392 Y120.087
G1 F1500 X143.788 Y118.69 E1018.66049
G0 F9000 X143.788 Y118.124
G1 F1500 X142.392 Y119.521 E1018.72618
G0 F9000 X142.392 Y118.954
G1 F1500 X143.788 Y117.559 E1018.79182
G0 F9000 X143.788 Y116.993
G1 F1500 X142.392 Y118.389 E1018.85748
G0 F9000 X142.392 Y117.823
G1 F1500 X143.788 Y116.427 E1018.92314
G0 F9000 X143.788 Y115.862
G1 F1500 X142.392 Y117.257 E1018.98878
G0 F9000 X142.393 Y116.691
G1 F1500 X143.788 Y115.296 E1019.0544
G0 F9000 X143.788 Y114.73
G1 F1500 X142.393 Y116.125 E1019.12002
G0 F9000 X142.393 Y115.56
G1 F1500 X143.788 Y114.165 E1019.18563
G0 F9000 X143.788 Y113.599
G1 F1500 X142.393 Y114.994 E1019.25125
G0 F9000 X142.393 Y114.428
G1 F1500 X143.788 Y113.033 E1019.31686
G0 F9000 X143.788 Y112.467
G1 F1500 X142.394 Y113.862 E1019.38246
G0 F9000 X142.394 Y113.296
G1 F1500 X143.788 Y111.902 E1019.44803
G0 F9000 X143.788 Y111.336
G1 F1500 X142.394 Y112.73 E1019.5136
G0 F9000 X142.394 Y112.165
G1 F1500 X143.788 Y110.77 E1019.57919
G0 F9000 X143.788 Y110.205
G1 F1500 X142.394 Y111.598 E1019.64474
G0 F9000 X142.394 Y111.033
G1 F1500 X143.788 Y109.639 E1019.71031
G0 F9000 X143.788 Y109.073
G1 F1500 X142.394 Y110.467 E1019.77587
G0 F9000 X142.394 Y109.901
G1 F1500 X143.788 Y108.508 E1019.84142
G0 F9000 X143.788 Y107.942
G1 F1500 X142.395 Y109.335 E1019.90694
G0 F9000 X142.395 Y108.769
G1 F1500 X143.788 Y107.376 E1019.97247
G0 F9000 X143.788 Y106.811
G1 F1500 X142.395 Y108.204 E1020.03799
G0 F9000 X142.395 Y107.638
G1 F1500 X143.788 Y106.245 E1020.10351
G0 F9000 X143.788 Y105.679
G1 F1500 X142.395 Y107.072 E1020.16903
G0 F9000 X142.396 Y106.506
G1 F1500 X143.788 Y105.114 E1020.23451
G0 F9000 X143.788 Y104.548
G1 F1500 X142.396 Y105.94 E1020.29998
G0 F9000 X142.396 Y105.374
G1 F1500 X143.788 Y103.982 E1020.36546
G0 F9000 X143.788 Y103.416
G1 F1500 X142.396 Y104.809 E1020.43096
G0 F9000 X142.396 Y104.242
G1 F1500 X143.788 Y102.851 E1020.49641
G0 F9000 X143.788 Y102.285
G1 F1500 X142.396 Y103.677 E1020.56189
G0 F9000 X142.396 Y103.111
G1 F1500 X143.788 Y101.719 E1020.62736
G0 F9000 X143.788 Y101.154
G1 F1500 X142.396 Y102.545 E1020.69281
G0 F9000 X142.397 Y101.979
G1 F1500 X143.788 Y100.588 E1020.75824
G0 F9000 X143.788 Y100.022
G1 F1500 X142.397 Y101.413 E1020.82367
G0 F9000 X142.397 Y100.848
G1 F1500 X143.788 Y99.457 E1020.8891
G0 F9000 X143.788 Y98.891
G1 F1500 X142.397 Y100.282 E1020.95453
G0 F9000 X142.398 Y99.715
G1 F1500 X143.788 Y98.325 E1021.01991
G0 F9000 X143.788 Y97.76
G1 F1500 X142.398 Y99.15 E1021.08529
G0 F9000 X142.398 Y98.584
G1 F1500 X143.788 Y97.194 E1021.15067
G0 F9000 X143.788 Y96.628
G1 F1500 X142.398 Y98.018 E1021.21605
G0 F9000 X142.398 Y97.453
G1 F1500 X143.788 Y96.063 E1021.28143
G0 F9000 X143.788 Y95.497
G1 F1500 X142.399 Y96.886 E1021.34677
G0 F9000 X142.399 Y96.321
G1 F1500 X143.788 Y94.931 E1021.41213
G0 F9000 X143.788 Y94.366
G1 F1500 X142.399 Y95.755 E1021.47746
G0 F9000 X142.399 Y95.189
G1 F1500 X143.788 Y93.8 E1021.54279
G0 F9000 X143.788 Y93.234
G1 F1500 X142.399 Y94.623 E1021.60813
G0 F9000 X142.399 Y94.057
G1 F1500 X143.788 Y92.668 E1021.67346
G0 F9000 X143.788 Y92.103
G1 F1500 X142.399 Y93.492 E1021.7388
G0 F9000 X142.399 Y92.926
G1 F1500 X143.788 Y91.537 E1021.80413
G0 F9000 X143.788 Y90.971
G1 F1500 X142.4 Y92.359 E1021.86942
G0 F9000 X142.4 Y91.794
G1 F1500 X143.788 Y90.406 E1021.93471
G0 F9000 X143.544 Y90.084
G1 F1500 X142.4 Y91.228 E1021.98852
G0 F9000 X142.4 Y90.662
G1 F1500 X142.894 Y90.168 E1022.01175
G1 F2700 E1017.01175
G0 F9000 X142.894 Y89.712
G0 X144.165 Y89.307
G0 X144.248 Y126.044
G1 F2700 E1022.01175
G0 F9000 X143.788 Y126.044
G0 E1017.01175
G1 F2700 E1022.01175
G1 F1500 X142.22 Y127.612 E1022.08551
G0 F9000 X142.899 Y127.499
G1 F1500 X143.788 Y126.61 E1022.12732
G0 F9000 X143.788 Y127.175
G1 F1500 X143.407 Y127.556 E1022.14524
G1 F2700 E1017.14524
G0 F9000 X143.319 Y128.007
G0 X142.425 Y128.291
G0 X142.115 Y128.456
G0 X141.235 Y129.645
G1 F2700 E1022.14524
G0 F9000 X140.781 Y129.617
G0 E1017.14524
G1 F2700 E1022.14524
G1 F1500 X137.382 Y133.015 E1022.3051
G0 F9000 X137.948 Y133.015
G1 F1500 X140.839 Y130.124 E1022.44108
G0 F9000 X140.976 Y130.553
G1 F1500 X138.514 Y133.015 E1022.55689
G0 F9000 X139.08 Y133.015
G1 F1500 X141.19 Y130.905 E1022.65613
G0 F9000 X141.452 Y131.208
G1 F1500 X139.646 Y133.015 E1022.74111
G0 F9000 X140.211 Y133.015
G1 F1500 X141.766 Y131.46 E1022.81425
G0 F9000 X142.147 Y131.645
G1 F1500 X140.777 Y133.015 E1022.87869
G0 F9000 X141.344 Y133.014
G1 F1500 X142.592 Y131.766 E1022.93739
G0 F9000 X143.128 Y131.796
G1 F1500 X141.909 Y133.014 E1022.99471
G0 F9000 X142.475 Y133.014
G1 F1500 X143.787 Y131.701 E1023.05644
G0 F9000 X143.787 Y132.267
G1 F1500 X143.041 Y133.014 E1023.09156
G0 F9000 X143.477 Y133.143
G1 F1500 X143.787 Y132.833 E1023.10614
G1 F2700 E1018.10614
G0 F9000 X144.22 Y133.449
G0 X144.165 Y130.939
G0 X142.407 Y131.325
G0 X141.175 Y129.645
G0 X142.31 Y128.001
G0 X144.165 Y128.357
G0 X144.165 Y89.307
G0 X142.395 Y89.69
G0 X142.019 Y89.538
G0 X141.671 Y125.339
G0 X139.605 Y126.985
G0 X133.708 Y127.18
G1 F2700 E1023.10614
G0 F9000 X133.708 Y127.638
G0 E1018.10614
G1 F2700 E1023.10614
G1 F1500 X125.679 Y135.668 E1023.48382
G0 F9000 X125.679 Y135.102
G1 F1500 X133.143 Y127.638 E1023.8349
G0 F9000 X132.577 Y127.638
G1 F1500 X125.679 Y134.536 E1024.15936
G0 F9000 X125.658 Y133.992
G1 F1500 X132.011 Y127.638 E1024.45821
G0 F9000 X131.445 Y127.638
G1 F1500 X125.5 Y133.584 E1024.73787
G0 F9000 X125.254 Y133.264
G1 F1500 X130.88 Y127.638 E1025.0025
G0 F9000 X130.314 Y127.638
G1 F1500 X124.868 Y133.085 E1025.25869
G0 F9000 X124.374 Y133.012
G1 F1500 X129.748 Y127.638 E1025.51146
G0 F9000 X129.183 Y127.638
G1 F1500 X123.809 Y133.012 E1025.76424
G0 F9000 X123.243 Y133.012
G1 F1500 X128.617 Y127.638 E1026.01702
G0 F9000 X128.051 Y127.638
G1 F1500 X122.677 Y133.013 E1026.26982
G0 F9000 X122.111 Y133.013
G1 F1500 X127.486 Y127.638 E1026.52264
G0 F9000 X126.92 Y127.638
G1 F1500 X121.545 Y133.013 E1026.77546
G0 F9000 X120.979 Y133.014
G1 F1500 X126.354 Y127.638 E1027.02831
G0 F9000 X125.789 Y127.638
G1 F1500 X120.413 Y133.014 E1027.28118
G0 F9000 X119.847 Y133.015
G1 F1500 X125.223 Y127.638 E1027.53408
G0 F9000 X124.657 Y127.638
G1 F1500 X119.281 Y133.015 E1027.78697
G0 F9000 X118.715 Y133.015
G1 F1500 X124.092 Y127.638 E1028.03989
G0 F9000 X123.526 Y127.638
G1 F1500 X118.149 Y133.015 E1028.29281
G0 F9000 X117.583 Y133.015
G1 F1500 X122.96 Y127.638 E1028.54572
G0 F9000 X122.395 Y127.638
G1 F1500 X117.018 Y133.015 E1028.79864
G0 F9000 X116.451 Y133.016
G1 F1500 X121.829 Y127.638 E1029.05161
G0 F9000 X121.263 Y127.638
G1 F1500 X115.886 Y133.016 E1029.30455
G0 F9000 X115.32 Y133.016
G1 F1500 X120.697 Y127.638 E1029.55749
G0 F9000 X120.132 Y127.638
G1 F1500 X114.754 Y133.017 E1029.81048
G0 F9000 X114.188 Y133.017
G1 F1500 X119.566 Y127.638 E1030.06346
G0 F9000 X119 Y127.638
G1 F1500 X113.622 Y133.017 E1030.31645
G0 F9000 X113.056 Y133.017
G1 F1500 X118.435 Y127.638 E1030.56946
G0 F9000 X117.869 Y127.638
G1 F1500 X112.49 Y133.017 E1030.82248
G0 F9000 X111.924 Y133.017
G1 F1500 X117.303 Y127.638 E1031.07549
G0 F9000 X116.738 Y127.638
G1 F1500 X111.358 Y133.018 E1031.32855
G0 F9000 X110.792 Y133.018
G1 F1500 X116.172 Y127.638 E1031.5816
G0 F9000 X115.606 Y127.638
G1 F1500 X110.191 Y133.054 E1031.83633
G0 F9000 X110.316 Y133.492
G0 X109.811 Y133.974
G0 X109.357 Y133.888
G1 F1500 X107.178 Y136.066 E1031.9388
G0 F9000 X107.178 Y135.501
G1 F1500 X115.041 Y127.638 E1032.30865
G0 F9000 X114.475 Y127.638
G1 F1500 X107.178 Y134.935 E1032.65188
G0 F9000 X107.178 Y134.369
G1 F1500 X113.909 Y127.638 E1032.96849
G0 F9000 X113.344 Y127.638
G1 F1500 X107.129 Y133.853 E1033.26082
G0 F9000 X106.929 Y133.487
G1 F1500 X112.778 Y127.638 E1033.53594
G0 F9000 X112.212 Y127.638
G1 F1500 X106.639 Y133.211 E1033.79808
G0 F9000 X106.253 Y133.032
G1 F1500 X111.647 Y127.638 E1034.0518
G0 F9000 X111.081 Y127.638
G1 F1500 X105.706 Y133.013 E1034.30462
G0 F9000 X105.14 Y133.013
G1 F1500 X110.515 Y127.638 E1034.55744
G0 F9000 X109.949 Y127.638
G1 F1500 X104.575 Y133.013 E1034.81024
G0 F9000 X104.009 Y133.013
G1 F1500 X109.384 Y127.638 E1035.06307
G0 F9000 X108.818 Y127.638
G1 F1500 X103.443 Y133.013 E1035.31589
G0 F9000 X102.878 Y133.013
G1 F1500 X108.252 Y127.638 E1035.56869
G0 F9000 X107.687 Y127.638
G1 F1500 X102.312 Y133.013 E1035.82151
G0 F9000 X101.746 Y133.013
G1 F1500 X107.121 Y127.638 E1036.07434
G0 F9000 X106.555 Y127.638
G1 F1500 X101.181 Y133.013 E1036.32714
G0 F9000 X100.615 Y133.013
G1 F1500 X105.99 Y127.638 E1036.57996
G0 F9000 X105.424 Y127.638
G1 F1500 X100.049 Y133.013 E1036.83278
G0 F9000 X99.484 Y133.013
G1 F1500 X104.858 Y127.638 E1037.08558
G0 F9000 X104.293 Y127.638
G1 F1500 X98.918 Y133.013 E1037.33841
G0 F9000 X98.352 Y133.013
G1 F1500 X103.727 Y127.638 E1037.59123
G0 F9000 X103.161 Y127.638
G1 F1500 X97.787 Y133.013 E1037.84403
G0 F9000 X97.221 Y133.013
G1 F1500 X102.596 Y127.638 E1038.09685
G0 F9000 X102.03 Y127.638
G1 F1500 X96.655 Y133.013 E1038.34968
G0 F9000 X96.089 Y133.013
G1 F1500 X101.464 Y127.638 E1038.6025
G0 F9000 X100.898 Y127.638
G1 F1500 X95.524 Y133.013 E1038.8553
G0 F9000 X94.958 Y133.013
G1 F1500 X100.333 Y127.638 E1039.10813
G0 F9000 X99.767 Y127.638
G1 F1500 X94.392 Y133.013 E1039.36095
G0 F9000 X93.827 Y133.013
G1 F1500 X99.201 Y127.638 E1039.61375
G0 F9000 X98.636 Y127.638
G1 F1500 X93.261 Y133.013 E1039.86657
G0 F9000 X92.695 Y133.013
G1 F1500 X98.07 Y127.638 E1040.1194
G0 F9000 X97.504 Y127.638
G1 F1500 X92.13 Y133.013 E1040.3722
G0 F9000 X91.374 Y133.203
G1 F1500 X93.002 Y131.575 E1040.44877
G0 F9000 X92.217 Y131.795
G1 F1500 X91.208 Y132.803 E1040.49621
G0 F9000 X91.208 Y132.237
G1 F1500 X91.683 Y131.762 E1040.51855
G1 F2700 E1035.51855
G0 F9000 X91.776 Y131.315
G0 X92.674 Y130.933
G0 X93.601 Y130.357
G1 F2700 E1040.51855
G0 F9000 X94.003 Y130.574
G0 E1035.51855
G1 F2700 E1040.51855
G1 F1500 X96.939 Y127.638 E1040.65665
G0 F9000 X96.373 Y127.638
G1 F1500 X94.2 Y129.811 E1040.75886
G0 F9000 X94.176 Y129.27
G1 F1500 X95.854 Y127.592 E1040.83779
G0 F9000 X95.378 Y127.502
G1 F1500 X94.049 Y128.831 E1040.9003
G0 F9000 X93.855 Y128.459
G1 F1500 X94.958 Y127.356 E1040.95218
G0 F9000 X94.573 Y127.176
G1 F1500 X93.61 Y128.138 E1040.99746
G0 F9000 X93.302 Y127.881
G1 F1500 X94.222 Y126.961 E1041.04073
G0 F9000 X93.899 Y126.718
G1 F1500 X92.939 Y127.679 E1041.08591
G0 F9000 X92.51 Y127.542
G1 F1500 X93.616 Y126.436 E1041.13793
G0 F9000 X93.352 Y126.134
G1 F1500 X91.985 Y127.501 E1041.20223
G0 F9000 X91.263 Y127.657
G1 F1500 X93.133 Y125.787 E1041.29019
G0 F9000 X92.929 Y125.425
G1 F1500 X91.208 Y127.147 E1041.37117
G0 F9000 X91.208 Y126.581
G1 F1500 X92.787 Y125.002 E1041.44544
G0 F9000 X92.666 Y124.557
G1 F1500 X91.208 Y126.016 E1041.51404
G0 F9000 X91.208 Y125.45
G1 F1500 X92.612 Y124.046 E1041.58008
G0 F9000 X92.598 Y123.494
G1 F1500 X91.208 Y124.884 E1041.64546
G0 F9000 X91.208 Y124.319
G1 F1500 X92.598 Y122.928 E1041.71087
G0 F9000 X92.598 Y122.363
G1 F1500 X91.208 Y123.753 E1041.77625
G0 F9000 X91.208 Y123.187
G1 F1500 X92.598 Y121.797 E1041.84163
G0 F9000 X92.598 Y121.231
G1 F1500 X91.208 Y122.622 E1041.90703
G0 F9000 X91.208 Y122.056
G1 F1500 X92.598 Y120.666 E1041.97242
G0 F9000 X92.598 Y120.1
G1 F1500 X91.208 Y121.49 E1042.0378
G0 F9000 X91.208 Y120.924
G1 F1500 X92.598 Y119.534 E1042.10318
G0 F9000 X92.598 Y118.969
G1 F1500 X91.208 Y120.359 E1042.16856
G0 F9000 X91.208 Y119.793
G1 F1500 X92.598 Y118.403 E1042.23394
G0 F9000 X92.598 Y117.837
G1 F1500 X91.208 Y119.227 E1042.29932
G0 F9000 X91.208 Y118.662
G1 F1500 X92.598 Y117.272 E1042.3647
G0 F9000 X92.598 Y116.706
G1 F1500 X91.208 Y118.096 E1042.43009
G0 F9000 X91.208 Y117.53
G1 F1500 X92.598 Y116.14 E1042.49547
G0 F9000 X92.598 Y115.574
G1 F1500 X91.208 Y116.965 E1042.56087
G0 F9000 X91.208 Y116.399
G1 F1500 X92.598 Y115.009 E1042.62625
G0 F9000 X92.598 Y114.443
G1 F1500 X91.208 Y115.833 E1042.69163
G0 F9000 X91.208 Y115.268
G1 F1500 X92.598 Y113.877 E1042.75704
G0 F9000 X92.598 Y113.312
G1 F1500 X91.208 Y114.702 E1042.82242
G0 F9000 X91.208 Y114.136
G1 F1500 X92.598 Y112.746 E1042.8878
G0 F9000 X92.597 Y112.181
G1 F1500 X91.208 Y113.571 E1042.95316
G0 F9000 X91.208 Y113.005
G1 F1500 X92.597 Y111.615 E1043.01852
G0 F9000 X92.597 Y111.05
G1 F1500 X91.208 Y112.439 E1043.08385
G0 F9000 X91.208 Y111.873
G1 F1500 X92.597 Y110.484 E1043.14919
G0 F9000 X92.597 Y109.918
G1 F1500 X91.208 Y111.308 E1043.21454
G0 F9000 X91.208 Y110.742
G1 F1500 X92.597 Y109.353 E1043.27988
G0 F9000 X92.597 Y108.787
G1 F1500 X91.208 Y110.176 E1043.34521
G0 F9000 X91.208 Y109.611
G1 F1500 X92.597 Y108.221 E1043.41057
G0 F9000 X92.597 Y107.656
G1 F1500 X91.208 Y109.045 E1043.4759
G0 F9000 X91.208 Y108.479
G1 F1500 X92.597 Y107.09 E1043.54124
G0 F9000 X92.597 Y106.524
G1 F1500 X91.208 Y107.914 E1043.6066
G0 F9000 X91.208 Y107.348
G1 F1500 X92.597 Y105.959 E1043.67193
G0 F9000 X92.597 Y105.393
G1 F1500 X91.208 Y106.782 E1043.73727
G0 F9000 X91.208 Y106.217
G1 F1500 X92.597 Y104.827 E1043.80262
G0 F9000 X92.597 Y104.261
G1 F1500 X91.208 Y105.651 E1043.86798
G0 F9000 X91.208 Y105.085
G1 F1500 X92.597 Y103.696 E1043.93332
G0 F9000 X92.597 Y103.13
G1 F1500 X91.208 Y104.52 E1043.99867
G0 F9000 X91.208 Y103.954
G1 F1500 X92.597 Y102.564 E1044.06403
G0 F9000 X92.597 Y101.999
G1 F1500 X91.208 Y103.388 E1044.12937
G0 F9000 X91.208 Y102.823
G1 F1500 X92.597 Y101.433 E1044.19472
G0 F9000 X92.596 Y100.868
G1 F1500 X91.208 Y102.257 E1044.26003
G0 F9000 X91.208 Y101.691
G1 F1500 X92.596 Y100.302 E1044.32534
G0 F9000 X92.596 Y99.737
G1 F1500 X91.208 Y101.125 E1044.39063
G0 F9000 X91.208 Y100.56
G1 F1500 X92.596 Y99.171 E1044.45594
G0 F9000 X92.596 Y98.605
G1 F1500 X91.208 Y99.994 E1044.52125
G0 F9000 X91.208 Y99.428
G1 F1500 X92.596 Y98.04 E1044.58654
G0 F9000 X92.596 Y97.474
G1 F1500 X91.208 Y98.863 E1044.65185
G0 F9000 X91.208 Y98.297
G1 F1500 X92.596 Y96.908 E1044.71716
G0 F9000 X92.596 Y96.343
G1 F1500 X91.208 Y97.731 E1044.78245
G0 F9000 X91.208 Y97.166
G1 F1500 X92.596 Y95.777 E1044.84776
G0 F9000 X92.596 Y95.211
G1 F1500 X91.208 Y96.6 E1044.91307
G0 F9000 X91.208 Y96.034
G1 F1500 X92.596 Y94.646 E1044.97836
G0 F9000 X92.596 Y94.08
G1 F1500 X91.208 Y95.469 E1045.04367
G0 F9000 X91.208 Y94.903
G1 F1500 X92.596 Y93.514 E1045.10898
G0 F9000 X92.596 Y92.948
G1 F1500 X91.208 Y94.337 E1045.17429
G0 F9000 X91.208 Y93.772
G1 F1500 X92.596 Y92.383 E1045.2396
G0 F9000 X92.596 Y91.817
G1 F1500 X91.208 Y93.206 E1045.30491
G0 F9000 X91.208 Y92.64
G1 F1500 X92.596 Y91.251 E1045.37022
G0 F9000 X92.596 Y90.686
G1 F1500 X91.208 Y92.074 E1045.43551
G0 F9000 X91.208 Y91.509
G1 F1500 X92.596 Y90.12 E1045.50082
G0 F9000 X91.979 Y90.172
G1 F1500 X91.208 Y90.943 E1045.53709
G0 F9000 X91.208 Y90.377
G1 F1500 X91.495 Y90.09 E1045.55059
G1 F2700 E1040.55059
G0 F9000 X91.269 Y89.54
G0 X92.977 Y89.539
G0 X93.31 Y123.899
G0 X93.385 Y124.556
G0 X93.609 Y125.202
G0 X93.976 Y125.784
G0 X94.462 Y126.27
G0 X95.041 Y126.636
G0 X95.69 Y126.861
G0 X96.347 Y126.936
G0 X107.084 Y126.932
G0 X109.773 Y127.282
G0 X109.969 Y133.573
G0 X109.317 Y134.493
G1 F2700 E1045.55059
G1 F1500 X107.178 Y136.632 E1045.6512
G0 F9000 X107.178 Y137.198
G1 F1500 X109.317 Y135.059 E1045.75181
G0 F9000 X109.317 Y135.624
G1 F1500 X107.178 Y137.763 E1045.85242
G0 F9000 X107.178 Y138.329
G1 F1500 X109.317 Y136.191 E1045.95301
G0 F9000 X109.317 Y136.757
G1 F1500 X107.178 Y138.895 E1046.0536
G0 F9000 X107.178 Y139.461
G1 F1500 X109.317 Y137.322 E1046.15421
G0 F9000 X109.317 Y137.888
G1 F1500 X107.178 Y140.026 E1046.2548
G0 F9000 X107.178 Y140.592
G1 F1500 X109.316 Y138.454 E1046.35536
G0 F9000 X109.316 Y139.02
G1 F1500 X107.178 Y141.158 E1046.45593
G0 F9000 X107.179 Y141.723
G1 F1500 X109.316 Y139.586 E1046.55645
G0 F9000 X109.316 Y140.151
G1 F1500 X107.179 Y142.288 E1046.65697
G0 F9000 X107.179 Y142.854
G1 F1500 X109.315 Y140.718 E1046.75744
G0 F9000 X109.315 Y141.283
G1 F1500 X107.179 Y143.42 E1046.85793
G0 F9000 X107.179 Y143.985
G1 F1500 X109.315 Y141.849 E1046.9584
G0 F9000 X109.314 Y142.416
G1 F1500 X107.179 Y144.551 E1047.05883
G0 F9000 X107.179 Y145.117
G1 F1500 X109.314 Y142.981 E1047.15927
G0 F9000 X109.314 Y143.547
G1 F1500 X107.179 Y145.682 E1047.2597
G0 F9000 X107.179 Y146.248
G1 F1500 X109.314 Y144.113 E1047.36012
G0 F9000 X109.314 Y144.679
G1 F1500 X107.179 Y146.814 E1047.46054
G0 F9000 X107.179 Y147.379
G1 F1500 X109.314 Y145.245 E1047.56094
G0 F9000 X109.314 Y145.81
G1 F1500 X107.179 Y147.945 E1047.66137
G0 F9000 X107.1 Y148.59
G1 F1500 X109.313 Y146.377 E1047.76546
G0 F9000 X109.313 Y146.942
G1 F1500 X100.332 Y155.923 E1048.1879
G0 F9000 X100.898 Y155.923
G1 F1500 X109.313 Y147.508 E1048.58372
G0 F9000 X109.313 Y148.074
G1 F1500 X101.463 Y155.924 E1048.95296
G0 F9000 X102.028 Y155.924
G1 F1500 X109.372 Y148.58 E1049.2984
G0 F9000 X109.573 Y148.946
G1 F1500 X102.594 Y155.924 E1049.62664
G0 F9000 X103.16 Y155.924
G1 F1500 X109.872 Y149.212 E1049.94235
G0 F9000 X110.296 Y149.354
G1 F1500 X103.725 Y155.924 E1050.25141
G0 F9000 X104.291 Y155.924
G1 F1500 X110.832 Y149.383 E1050.55908
G0 F9000 X111.398 Y149.383
G1 F1500 X104.857 Y155.924 E1050.86675
G0 F9000 X105.423 Y155.924
G1 F1500 X111.963 Y149.383 E1051.17439
G0 F9000 X112.53 Y149.383
G1 F1500 X105.988 Y155.924 E1051.48208
G0 F9000 X106.554 Y155.924
G1 F1500 X113.095 Y149.383 E1051.78975
G0 F9000 X113.661 Y149.383
G1 F1500 X107.12 Y155.924 E1052.09742
G0 F9000 X107.685 Y155.924
G1 F1500 X114.227 Y149.383 E1052.40511
G0 F9000 X114.793 Y149.382
G1 F1500 X108.25 Y155.925 E1052.71288
G0 F9000 X108.816 Y155.925
G1 F1500 X115.359 Y149.382 E1053.02064
G0 F9000 X115.924 Y149.382
G1 F1500 X109.382 Y155.925 E1053.32838
G0 F9000 X109.947 Y155.925
G1 F1500 X116.49 Y149.382 E1053.63614
G0 F9000 X117.057 Y149.381
G1 F1500 X110.513 Y155.925 E1053.94395
G0 F9000 X111.079 Y155.925
G1 F1500 X117.622 Y149.381 E1054.25174
G0 F9000 X118.188 Y149.381
G1 F1500 X111.644 Y155.925 E1054.55955
G0 F9000 X112.21 Y155.925
G1 F1500 X118.754 Y149.381 E1054.86736
G0 F9000 X119.32 Y149.381
G1 F1500 X112.776 Y155.925 E1055.17517
G0 F9000 X113.341 Y155.925
G1 F1500 X119.886 Y149.381 E1055.483
G0 F9000 X120.451 Y149.381
G1 F1500 X113.907 Y155.925 E1055.79081
G0 F9000 X114.473 Y155.925
G1 F1500 X121.018 Y149.38 E1056.09867
G0 F9000 X121.583 Y149.38
G1 F1500 X115.038 Y155.926 E1056.40655
G0 F9000 X115.603 Y155.926
G1 F1500 X122.149 Y149.38 E1056.71445
G0 F9000 X122.716 Y149.379
G1 F1500 X116.169 Y155.926 E1057.0224
G0 F9000 X116.735 Y155.926
G1 F1500 X123.281 Y149.379 E1057.33033
G0 F9000 X123.847 Y149.379
G1 F1500 X117.301 Y155.926 E1057.63826
G0 F9000 X117.866 Y155.926
G1 F1500 X124.413 Y149.379 E1057.94621
G1 F2700 E1052.94621
G0 F9000 X124.413 Y148.924
G0 X109.902 Y148.756
G0 X106.704 Y148.647
G0 X106.374 Y149.316
G1 F2700 E1057.94621
G1 F1500 X99.766 Y155.923 E1058.257
G0 F9000 X99.201 Y155.923
G1 F1500 X105.745 Y149.379 E1058.56481
G0 F9000 X105.179 Y149.379
G1 F1500 X98.635 Y155.923 E1058.87262
G0 F9000 X98.069 Y155.923
G1 F1500 X104.614 Y149.379 E1059.18046
G0 F9000 X104.047 Y149.38
G1 F1500 X97.504 Y155.923 E1059.48822
G0 F9000 X96.938 Y155.923
G1 F1500 X103.482 Y149.38 E1059.796
G0 F9000 X102.916 Y149.38
G1 F1500 X96.372 Y155.923 E1060.10379
G0 F9000 X95.807 Y155.923
G1 F1500 X102.35 Y149.38 E1060.41155
G0 F9000 X101.784 Y149.381
G1 F1500 X95.241 Y155.923 E1060.71929
G0 F9000 X94.675 Y155.923
G1 F1500 X101.218 Y149.381 E1061.02703
G0 F9000 X100.652 Y149.381
G1 F1500 X94.11 Y155.923 E1061.33475
G0 F9000 X94.197 Y155.271
G1 F1500 X100.087 Y149.381 E1061.61179
G0 F9000 X99.52 Y149.381
G1 F1500 X94.172 Y154.73 E1061.86337
G0 F9000 X94.053 Y154.283
G1 F1500 X98.955 Y149.381 E1062.09395
G0 F9000 X98.389 Y149.381
G1 F1500 X93.858 Y153.912 E1062.30707
G0 F9000 X93.618 Y153.586
G1 F1500 X97.823 Y149.382 E1062.50484
G0 F9000 X97.257 Y149.382
G1 F1500 X93.303 Y153.336 E1062.69082
G0 F9000 X92.946 Y153.127
G1 F1500 X96.691 Y149.382 E1062.86697
G0 F9000 X96.126 Y149.382
G1 F1500 X92.523 Y152.985 E1063.03645
G0 F9000 X92 Y152.942
G1 F1500 X95.559 Y149.383 E1063.20385
G0 F9000 X94.993 Y149.383
G1 F1500 X91.305 Y153.071 E1063.37733
G0 F9000 X91.208 Y152.602
G1 F1500 X94.428 Y149.383 E1063.52876
G0 F9000 X93.861 Y149.383
G1 F1500 X91.208 Y152.036 E1063.65355
G0 F9000 X91.208 Y151.471
G1 F1500 X93.296 Y149.383 E1063.75176
G0 F9000 X92.73 Y149.383
G1 F1500 X91.209 Y150.904 E1063.82331
G0 F9000 X91.209 Y150.339
G1 F1500 X92.164 Y149.383 E1063.86825
G0 F9000 X91.677 Y149.305
G1 F1500 X91.209 Y149.773 E1063.89026
G0 F9000 X91.213 Y149.204
G1 F1500 X91.273 Y149.144 E1063.89309
G1 F2700 E1058.89309
G0 F9000 X90.865 Y148.634
G0 X90.607 Y129.651
G0 X90.607 Y88.021
G0 X90.65 Y87.672
G0 X91.265 Y86.497
G1 F2700 E1063.89309
G0 F9000 X91.009 Y86.368
G0 E1058.89309
G1 F2700 E1063.89309
G1 F1500 X91.008 Y79.98 E1064.10555
G1 X91.041 Y79.69 E1064.11526
G1 X91.239 Y79.269 E1064.13073
G1 X91.404 Y79.103 E1064.13852
G1 X91.834 Y78.901 E1064.15432
G1 X92.116 Y78.868 E1064.16376
G1 X142.876 Y78.868 E1065.85205
G1 X143.167 Y78.901 E1065.86179
G1 X143.582 Y79.098 E1065.87707
G1 X143.875 Y79.468 E1065.89276
G1 X143.955 Y79.694 E1065.90074
G1 X143.988 Y79.972 E1065.91005
G1 X143.988 Y86.361 E1066.12255
G1 X143.57 Y86.163 E1066.13793
G1 X143.106 Y86.067 E1066.15369
G1 X142.777 Y86.067 E1066.16463
G1 X142.352 Y86.151 E1066.17904
G1 X142.201 Y86.215 E1066.1845
G1 X142.199 Y83.897 E1066.26159
G1 X142.106 Y83.106 E1066.28808
G1 X141.858 Y82.386 E1066.31341
G1 X141.434 Y81.701 E1066.34021
G1 X140.878 Y81.138 E1066.36653
G1 X140.16 Y80.691 E1066.39466
G1 X139.444 Y80.435 E1066.41995
G1 X138.726 Y80.353 E1066.44398
G1 X96.266 Y80.353 E1067.85621
G1 X95.544 Y80.435 E1067.88038
G1 X94.832 Y80.691 E1067.90554
G1 X94.154 Y81.11 E1067.93205
G1 X93.558 Y81.701 E1067.95997
G1 X93.154 Y82.345 E1067.98525
G1 X92.887 Y83.098 E1068.01183
G1 X92.801 Y83.813 E1068.03578
G1 X92.796 Y86.189 E1068.1148
G1 X92.326 Y86.07 E1068.13093
G1 X91.787 Y86.064 E1068.14886
G1 X91.18 Y86.253 E1068.17
G1 X91.009 Y86.368 E1068.17686
G1 F2700 E1063.17686
G0 F9000 X91.265 Y86.497
G0 X90.831 Y86.729
G0 X90.847 Y79.648
G0 X91.039 Y79.243
G0 X91.374 Y78.82
G1 F2700 E1068.17686
G0 F9000 X91.616 Y79.221
G0 E1063.17686
G1 F2700 E1068.17686
G1 F1500 X91.357 Y79.48 E1068.18904
G0 F9000 X91.208 Y80.194
G1 F1500 X92.335 Y79.068 E1068.24203
G0 F9000 X92.9 Y79.068
G1 F1500 X91.208 Y80.76 E1068.32161
G0 F9000 X91.208 Y81.326
G1 F1500 X93.466 Y79.068 E1068.42782
G0 F9000 X94.032 Y79.068
G1 F1500 X91.208 Y81.891 E1068.56063
G0 F9000 X91.208 Y82.457
G1 F1500 X94.597 Y79.068 E1068.72004
G0 F9000 X95.163 Y79.068
G1 F1500 X91.208 Y83.023 E1068.90607
G0 F9000 X91.208 Y83.589
G1 F1500 X95.729 Y79.068 E1069.11872
G0 F9000 X96.295 Y79.068
G1 F1500 X94.914 Y80.449 E1069.18368
G0 F9000 X95.718 Y80.211
G1 F1500 X96.86 Y79.068 E1069.23742
G0 F9000 X97.426 Y79.068
G1 F1500 X96.34 Y80.154 E1069.2885
G0 F9000 X96.905 Y80.154
G1 F1500 X97.992 Y79.068 E1069.33961
G0 F9000 X98.557 Y79.068
G1 F1500 X97.471 Y80.154 E1069.39069
G0 F9000 X98.037 Y80.154
G1 F1500 X99.123 Y79.068 E1069.44177
G0 F9000 X99.689 Y79.068
G1 F1500 X98.603 Y80.154 E1069.49286
G0 F9000 X99.168 Y80.154
G1 F1500 X100.254 Y79.068 E1069.54394
G0 F9000 X100.82 Y79.068
G1 F1500 X99.734 Y80.154 E1069.59502
G0 F9000 X100.3 Y80.154
G1 F1500 X101.386 Y79.068 E1069.6461
G0 F9000 X101.951 Y79.068
G1 F1500 X100.865 Y80.154 E1069.69718
G0 F9000 X101.431 Y80.154
G1 F1500 X102.517 Y79.068 E1069.74827
G0 F9000 X103.083 Y79.068
G1 F1500 X101.997 Y80.154 E1069.79935
G0 F9000 X102.562 Y80.154
G1 F1500 X103.648 Y79.068 E1069.85043
G0 F9000 X104.214 Y79.068
G1 F1500 X103.128 Y80.154 E1069.90151
G0 F9000 X103.694 Y80.154
G1 F1500 X104.78 Y79.068 E1069.95259
G0 F9000 X105.345 Y79.068
G1 F1500 X104.259 Y80.154 E1070.00368
G0 F9000 X104.825 Y80.154
G1 F1500 X105.911 Y79.068 E1070.05476
G0 F9000 X106.477 Y79.068
G1 F1500 X105.391 Y80.154 E1070.10584
G0 F9000 X105.956 Y80.154
G1 F1500 X107.043 Y79.068 E1070.15695
G0 F9000 X107.608 Y79.068
G1 F1500 X106.522 Y80.154 E1070.20803
G0 F9000 X107.088 Y80.154
G1 F1500 X108.174 Y79.068 E1070.25911
G0 F9000 X108.74 Y79.068
G1 F1500 X107.653 Y80.154 E1070.31022
G0 F9000 X108.219 Y80.154
G1 F1500 X109.305 Y79.068 E1070.3613
G0 F9000 X109.871 Y79.068
G1 F1500 X108.785 Y80.154 E1070.41238
G0 F9000 X109.351 Y80.154
G1 F1500 X110.437 Y79.068 E1070.46346
G0 F9000 X111.002 Y79.068
G1 F1500 X109.916 Y80.154 E1070.51455
G0 F9000 X110.482 Y80.154
G1 F1500 X111.568 Y79.068 E1070.56563
G0 F9000 X112.134 Y79.068
G1 F1500 X111.048 Y80.154 E1070.61671
G0 F9000 X111.613 Y80.154
G1 F1500 X112.699 Y79.068 E1070.66779
G0 F9000 X113.265 Y79.068
G1 F1500 X112.179 Y80.154 E1070.71887
G0 F9000 X112.745 Y80.154
G1 F1500 X113.831 Y79.068 E1070.76996
G0 F9000 X114.396 Y79.068
G1 F1500 X113.31 Y80.154 E1070.82104
G0 F9000 X113.876 Y80.154
G1 F1500 X114.962 Y79.068 E1070.87212
G0 F9000 X115.528 Y79.068
G1 F1500 X114.442 Y80.154 E1070.9232
G0 F9000 X115.007 Y80.154
G1 F1500 X116.093 Y79.068 E1070.97428
G0 F9000 X116.659 Y79.068
G1 F1500 X115.573 Y80.154 E1071.02537
G0 F9000 X116.139 Y80.154
G1 F1500 X117.225 Y79.068 E1071.07645
G0 F9000 X117.791 Y79.068
G1 F1500 X116.704 Y80.154 E1071.12755
G0 F9000 X117.27 Y80.154
G1 F1500 X118.356 Y79.068 E1071.17864
G0 F9000 X118.922 Y79.068
G1 F1500 X117.836 Y80.154 E1071.22972
G0 F9000 X118.401 Y80.154
G1 F1500 X119.488 Y79.068 E1071.28082
G0 F9000 X120.053 Y79.068
G1 F1500 X118.967 Y80.154 E1071.33191
G0 F9000 X119.533 Y80.154
G1 F1500 X120.619 Y79.068 E1071.38299
G0 F9000 X121.185 Y79.068
G1 F1500 X120.099 Y80.154 E1071.43407
G0 F9000 X120.664 Y80.154
G1 F1500 X121.75 Y79.068 E1071.48515
G0 F9000 X122.316 Y79.068
G1 F1500 X121.23 Y80.154 E1071.53623
G0 F9000 X121.796 Y80.154
G1 F1500 X122.882 Y79.068 E1071.58732
G0 F9000 X123.447 Y79.068
G1 F1500 X122.361 Y80.154 E1071.6384
G0 F9000 X122.927 Y80.154
G1 F1500 X124.013 Y79.068 E1071.68948
G0 F9000 X124.579 Y79.068
G1 F1500 X123.493 Y80.154 E1071.74056
G0 F9000 X124.058 Y80.154
G1 F1500 X125.144 Y79.068 E1071.79164
G0 F9000 X125.71 Y79.068
G1 F1500 X124.624 Y80.154 E1071.84273
G0 F9000 X125.19 Y80.154
G1 F1500 X126.276 Y79.068 E1071.89381
G0 F9000 X126.842 Y79.068
G1 F1500 X125.755 Y80.154 E1071.94491
G0 F9000 X126.321 Y80.154
G1 F1500 X127.407 Y79.068 E1071.996
G0 F9000 X127.973 Y79.068
G1 F1500 X126.887 Y80.154 E1072.04708
G0 F9000 X127.452 Y80.154
G1 F1500 X128.539 Y79.068 E1072.09818
G0 F9000 X129.104 Y79.068
G1 F1500 X128.018 Y80.154 E1072.14927
G0 F9000 X128.584 Y80.154
G1 F1500 X129.67 Y79.068 E1072.20035
G0 F9000 X130.236 Y79.068
G1 F1500 X129.15 Y80.154 E1072.25143
G0 F9000 X129.715 Y80.154
G1 F1500 X130.801 Y79.068 E1072.30251
G0 F9000 X131.367 Y79.068
G1 F1500 X130.281 Y80.154 E1072.3536
G0 F9000 X130.847 Y80.154
G1 F1500 X131.933 Y79.068 E1072.40468
G0 F9000 X132.498 Y79.068
G1 F1500 X131.412 Y80.154 E1072.45576
G0 F9000 X131.978 Y80.154
G1 F1500 X133.064 Y79.068 E1072.50684
G0 F9000 X133.63 Y79.068
G1 F1500 X132.544 Y80.154 E1072.55792
G0 F9000 X133.109 Y80.154
G1 F1500 X134.195 Y79.068 E1072.60901
G0 F9000 X134.761 Y79.068
G1 F1500 X133.675 Y80.154 E1072.66009
G0 F9000 X134.241 Y80.154
G1 F1500 X135.327 Y79.068 E1072.71117
G0 F9000 X135.892 Y79.068
G1 F1500 X134.806 Y80.154 E1072.76225
G0 F9000 X135.372 Y80.154
G1 F1500 X136.458 Y79.068 E1072.81333
G0 F9000 X137.024 Y79.068
G1 F1500 X135.938 Y80.154 E1072.86442
G0 F9000 X136.503 Y80.154
G1 F1500 X137.59 Y79.068 E1072.91552
G0 F9000 X138.155 Y79.068
G1 F1500 X137.069 Y80.154 E1072.9666
G0 F9000 X137.635 Y80.154
G1 F1500 X138.721 Y79.068 E1073.01769
G0 F9000 X139.287 Y79.068
G1 F1500 X138.2 Y80.154 E1073.06879
G0 F9000 X138.765 Y80.156
G1 F1500 X139.852 Y79.068 E1073.11994
G0 F9000 X140.418 Y79.068
G1 F1500 X139.275 Y80.211 E1073.17371
G0 F9000 X139.727 Y80.325
G1 F1500 X140.984 Y79.068 E1073.23283
G0 F9000 X141.549 Y79.068
G1 F1500 X140.144 Y80.474 E1073.29894
G0 F9000 X140.513 Y80.67
G1 F1500 X142.115 Y79.068 E1073.3743
G0 F9000 X142.681 Y79.068
G1 F1500 X140.862 Y80.887 E1073.45986
G0 F9000 X141.168 Y81.146
G1 F1500 X143.187 Y79.127 E1073.55482
G0 F9000 X143.53 Y79.35
G1 F1500 X141.451 Y81.429 E1073.65261
G0 F9000 X141.699 Y81.746
G1 F1500 X143.729 Y79.717 E1073.74808
G0 F9000 X143.787 Y80.224
G1 F1500 X141.917 Y82.094 E1073.83603
G0 F9000 X142.101 Y82.476
G1 F1500 X143.787 Y80.79 E1073.91534
G0 F9000 X143.787 Y81.355
G1 F1500 X142.247 Y82.896 E1073.9878
G0 F9000 X142.342 Y83.366
G1 F1500 X143.787 Y81.921 E1074.05577
G0 F9000 X143.787 Y82.487
G1 F1500 X142.399 Y83.876 E1074.12108
G0 F9000 X142.399 Y84.441
G1 F1500 X143.787 Y83.053 E1074.18637
G0 F9000 X143.787 Y83.618
G1 F1500 X142.399 Y85.006 E1074.25165
G0 F9000 X142.4 Y85.571
G1 F1500 X143.787 Y84.184 E1074.31689
G0 F9000 X143.787 Y84.75
G1 F1500 X142.648 Y85.889 E1074.37047
G0 F9000 X143.214 Y85.889
G1 F1500 X143.787 Y85.315 E1074.39744
G0 F9000 X143.787 Y85.881
G1 F1500 X143.671 Y85.997 E1074.4029
G1 F2700 E1069.4029
G0 F9000 X143.478 Y86.41
G0 X142.019 Y86.498
G0 X141.615 Y83.24
G0 X141.39 Y82.591
G0 X141.024 Y82.012
G0 X140.538 Y81.526
G0 X139.959 Y81.16
G0 X139.31 Y80.935
G0 X138.652 Y80.86
G0 X96.348 Y80.861
G0 X95.69 Y80.934
G0 X95.041 Y81.16
G0 X94.572 Y81.456
G0 X93.33 Y82.619
G1 F2700 E1074.4029
G0 F9000 X92.895 Y82.468
G0 E1069.4029
G1 F2700 E1074.4029
G1 F1500 X91.208 Y84.154 E1074.48223
G0 F9000 X91.208 Y84.72
G1 F1500 X92.661 Y83.267 E1074.55057
G0 F9000 X92.601 Y83.893
G1 F1500 X91.208 Y85.286 E1074.6161
G0 F9000 X91.208 Y85.851
G1 F1500 X92.6 Y84.46 E1074.68155
G0 F9000 X92.598 Y85.027
G1 F1500 X91.761 Y85.864 E1074.72092
G0 F9000 X92.318 Y85.873
G1 F1500 X92.596 Y85.595 E1074.73399
;TIME_ELAPSED:1868.942349
G1 F2700 E1069.73399
M140 S0
M107
G91 ;Relative positioning
G1 E-2 F2700 ;Retract a bit
G1 E-2 Z0.2 F2400 ;Retract and raise Z
G1 X5 Y5 F3000 ;Wipe out
G1 Z10 ;Raise Z more
G90 ;Absolute positioning

G1 X0 Y235 ;Present print
M106 S0 ;Turn-off fan
M104 S0 ;Turn-off hotend
M140 S0 ;Turn-off bed

M84 X Y E ;Disable all steppers but Z

M82 ;absolute extrusion mode
M104 S0
;End of Gcode
