;FLAVOR:Marlin
;TIME:2007
;Filament used: 1.22332m
;Layer height: 0.2
;MINX:74.125
;MINY:78.75
;MINZ:0.2
;MAXX:160.875
;MAXY:156.25
;MAXZ:3
;TARGET_MACHINE.NAME:Creality Ender-3
;Generated with Cura_SteamEngine 5.9.0
M140 S50
M105
M190 S50
M104 S200
M105
M109 S200
M82 ;absolute extrusion mode
; Ender 3 Custom Start G-code
G92 E0 ; Reset Extruder
G28 ; Home all axes
G1 Z2.0 F3000 ; Move Z Axis up little to prevent scratching of Heat Bed
G1 X0.1 Y20 Z0.3 F5000.0 ; Move to start position
G1 X0.1 Y200.0 Z0.3 F1500.0 E15 ; Draw the first line
G1 X0.4 Y200.0 Z0.3 F5000.0 ; Move to side a little
G1 X0.4 Y20 Z0.3 F1500.0 E30 ; Draw the second line
G92 E0 ; Reset Extruder
G1 Z2.0 F3000 ; Move Z Axis up little to prevent scratching of Heat Bed
G1 X5 Y20 Z0.3 F5000.0 ; Move over to prevent blob squish
G92 E0
G92 E0
G1 F2700 E-5
;LAYER_COUNT:15
;LAYER:0
M107
G0 F6000 X88.135 Y156.25 Z0.2
;TYPE:SKIRT
G1 F2700 E0
G1 F1200 X87.251 Y156.237 E0.02941
G1 X86.227 Y156.172 E0.06353
G1 X85.662 Y156.108 E0.08244
G1 X84.701 Y155.954 E0.11482
G1 X83.799 Y155.729 E0.14573
G1 X83.259 Y155.554 E0.16462
G1 X82.742 Y155.372 E0.18284
G1 X81.873 Y155.019 E0.21404
G1 X80.981 Y154.562 E0.24738
G1 X80.085 Y154.008 E0.28241
G1 X79.31 Y153.465 E0.31389
G1 X78.265 Y152.555 E0.35998
G1 X77.861 Y152.153 E0.37893
G1 X77.198 Y151.428 E0.41161
G1 X76.537 Y150.55 E0.44816
G1 X76.083 Y149.846 E0.47602
G1 X75.904 Y149.546 E0.48764
G1 X75.439 Y148.679 E0.52036
G1 X74.968 Y147.535 E0.56151
G1 X74.789 Y147.014 E0.57984
G1 X74.513 Y146.081 E0.6122
G1 X74.322 Y145.132 E0.64439
G1 X74.199 Y144.111 E0.6786
G1 X74.136 Y143.104 E0.71216
G1 X74.126 Y142.436 E0.73438
G1 X74.125 Y92.758 E2.38667
G1 X74.138 Y91.876 E2.41601
G1 X74.203 Y90.852 E2.45014
G1 X74.267 Y90.287 E2.46905
G1 X74.421 Y89.326 E2.50142
G1 X74.646 Y88.424 E2.53234
G1 X74.823 Y87.879 E2.5514
G1 X75.006 Y87.36 E2.5697
G1 X75.359 Y86.491 E2.6009
G1 X75.811 Y85.608 E2.63389
G1 X76.075 Y85.167 E2.65099
G1 X76.359 Y84.72 E2.6686
G1 X76.94 Y83.896 E2.70214
G1 X77.822 Y82.889 E2.74666
G1 X78.225 Y82.484 E2.76566
G1 X78.916 Y81.849 E2.79688
G1 X79.704 Y81.245 E2.8299
G1 X80.134 Y80.959 E2.84708
G1 X80.605 Y80.663 E2.86558
G1 X81.451 Y80.183 E2.89793
G1 X82.272 Y79.807 E2.92796
G1 X82.829 Y79.596 E2.94777
G1 X83.355 Y79.415 E2.96628
G1 X84.289 Y79.139 E2.99867
G1 X85.237 Y78.948 E3.03083
G1 X86.26 Y78.824 E3.06511
G1 X87.269 Y78.761 E3.09873
G1 X87.939 Y78.751 E3.12102
G1 X100.951 Y78.75 E3.5538
G1 X102.238 Y78.767 E3.59661
G1 X104.834 Y78.767 E3.68295
G1 X105.443 Y78.754 E3.70321
G1 X119.45 Y78.75 E4.16909
G1 X120.738 Y78.767 E4.21193
G1 X123.334 Y78.767 E4.29827
G1 X123.943 Y78.754 E4.31853
G1 X137.95 Y78.75 E4.78441
G1 X139.238 Y78.767 E4.82725
G1 X141.834 Y78.767 E4.91359
G1 X142.443 Y78.754 E4.93385
G1 X146.862 Y78.75 E5.08083
G1 X147.749 Y78.763 E5.11034
G1 X148.773 Y78.828 E5.14446
G1 X149.338 Y78.892 E5.16337
G1 X150.299 Y79.046 E5.19575
G1 X151.201 Y79.271 E5.22667
G1 X151.741 Y79.446 E5.24555
G1 X152.258 Y79.628 E5.26378
G1 X153.127 Y79.981 E5.29497
G1 X154.019 Y80.438 E5.32831
G1 X154.916 Y80.992 E5.36337
G1 X155.724 Y81.561 E5.39624
G1 X156.706 Y82.417 E5.43957
G1 X157.127 Y82.835 E5.4593
G1 X157.786 Y83.553 E5.49172
G1 X158.353 Y84.29 E5.52264
G1 X158.664 Y84.757 E5.54131
G1 X158.963 Y85.233 E5.56
G1 X159.443 Y86.081 E5.59241
G1 X159.829 Y86.927 E5.62334
G1 X160.027 Y87.448 E5.64188
G1 X160.208 Y87.973 E5.66035
G1 X160.485 Y88.907 E5.69275
G1 X160.676 Y89.854 E5.72488
G1 X160.796 Y90.833 E5.75769
G1 X160.865 Y91.981 E5.79594
G1 X160.875 Y93.388 E5.84274
G1 X160.862 Y94.368 E5.87534
G1 X160.794 Y95.42 E5.9104
G1 X160.728 Y96.005 E5.92998
G1 X160.558 Y97.031 E5.96457
G1 X160.36 Y97.954 E5.99597
G1 X160.149 Y98.877 E6.02746
G1 X159.662 Y101.314 E6.11011
G1 X159.232 Y103.842 E6.1954
G1 X158.888 Y106.283 E6.27739
G1 X158.604 Y108.81 E6.36197
G1 X158.392 Y111.315 E6.44559
G1 X158.255 Y113.808 E6.52863
G1 X158.186 Y116.342 E6.61294
G1 X158.189 Y118.859 E6.69666
G1 X158.263 Y121.395 E6.78104
G1 X158.407 Y123.882 E6.8639
G1 X158.62 Y126.379 E6.94725
G1 X158.912 Y128.908 E7.03192
G1 X159.263 Y131.361 E7.11434
G1 X159.693 Y133.858 E7.19861
G1 X160.194 Y136.34 E7.28283
G1 X160.461 Y137.507 E7.32265
G1 X160.586 Y138.107 E7.34303
G1 X160.753 Y139.172 E7.37889
G1 X160.803 Y139.636 E7.39441
G1 X160.866 Y140.744 E7.43132
G1 X160.875 Y142.166 E7.47862
G1 X160.862 Y143.122 E7.51042
G1 X160.797 Y144.15 E7.54468
G1 X160.733 Y144.714 E7.56356
G1 X160.579 Y145.675 E7.59593
G1 X160.354 Y146.577 E7.62685
G1 X160.179 Y147.115 E7.64566
G1 X159.997 Y147.632 E7.66389
G1 X159.644 Y148.501 E7.69509
G1 X159.189 Y149.393 E7.7284
G1 X158.67 Y150.236 E7.76132
G1 X158.087 Y151.069 E7.79514
G1 X157.465 Y151.811 E7.82734
G1 X156.751 Y152.538 E7.86123
G1 X156.031 Y153.194 E7.89363
G1 X155.314 Y153.743 E7.92367
G1 X154.441 Y154.309 E7.95827
G1 X153.557 Y154.813 E7.99212
G1 X152.736 Y155.19 E8.02216
G1 X152.157 Y155.409 E8.04275
G1 X151.632 Y155.59 E8.06122
G1 X150.699 Y155.864 E8.09356
G1 X149.752 Y156.054 E8.12569
G1 X148.74 Y156.176 E8.15959
G1 X147.73 Y156.239 E8.19325
G1 X147.064 Y156.248 E8.2154
G1 X143.299 Y156.25 E8.34063
G1 X142.012 Y156.233 E8.38344
G1 X139.416 Y156.233 E8.46978
G1 X138.807 Y156.246 E8.49004
G1 X124.8 Y156.25 E8.95592
G1 X123.512 Y156.233 E8.99876
G1 X120.916 Y156.233 E9.0851
G1 X120.307 Y156.246 E9.10536
G1 X106.3 Y156.25 E9.57124
G1 X105.012 Y156.233 E9.61408
G1 X102.416 Y156.233 E9.70042
G1 X101.807 Y156.246 E9.72068
G1 X88.135 Y156.25 E10.17542
G0 F6000 X88.141 Y155.85
G1 F1200 X87.276 Y155.838 E10.20419
G1 X86.272 Y155.775 E10.23765
G1 X85.725 Y155.713 E10.25596
G1 X84.798 Y155.566 E10.28717
G1 X83.896 Y155.341 E10.31809
G1 X83.392 Y155.177 E10.33572
G1 X82.893 Y155.001 E10.35332
G1 X82.024 Y154.648 E10.38452
G1 X81.191 Y154.222 E10.41564
G1 X80.314 Y153.68 E10.44993
G1 X79.573 Y153.163 E10.47998
G1 X78.528 Y152.253 E10.52607
G1 X78.156 Y151.882 E10.54354
G1 X77.518 Y151.187 E10.57492
G1 X76.857 Y150.309 E10.61147
G1 X76.426 Y149.641 E10.63791
G1 X76.256 Y149.357 E10.64892
G1 X75.809 Y148.526 E10.68031
G1 X75.346 Y147.404 E10.72068
G1 X75.172 Y146.9 E10.73841
G1 X74.905 Y146.001 E10.7696
G1 X74.719 Y145.084 E10.80072
G1 X74.598 Y144.086 E10.83416
G1 X74.536 Y143.098 E10.86709
G1 X74.526 Y142.436 E10.88911
G1 X74.525 Y92.764 E12.5412
G1 X74.537 Y91.901 E12.56991
G1 X74.6 Y90.897 E12.60337
G1 X74.662 Y90.35 E12.62168
G1 X74.809 Y89.423 E12.6529
G1 X75.027 Y88.547 E12.68292
G1 X75.2 Y88.012 E12.70162
G1 X75.377 Y87.511 E12.71929
G1 X75.73 Y86.642 E12.75049
G1 X76.154 Y85.814 E12.78143
G1 X76.413 Y85.382 E12.79818
G1 X76.697 Y84.935 E12.8158
G1 X77.241 Y84.16 E12.84729
G1 X78.123 Y83.153 E12.89181
G1 X78.496 Y82.779 E12.90938
G1 X79.187 Y82.144 E12.9406
G1 X79.925 Y81.578 E12.97153
G1 X80.347 Y81.298 E12.98837
G1 X80.803 Y81.011 E13.00629
G1 X81.618 Y80.547 E13.03749
G1 X82.439 Y80.171 E13.06752
G1 X82.96 Y79.974 E13.08605
G1 X83.469 Y79.798 E13.10396
G1 X84.369 Y79.531 E13.13518
G1 X85.285 Y79.345 E13.16627
G1 X86.285 Y79.223 E13.19978
G1 X87.275 Y79.161 E13.23277
G1 X87.939 Y79.151 E13.25486
G1 X100.946 Y79.15 E13.68747
G1 X102.233 Y79.167 E13.73028
G1 X104.843 Y79.167 E13.81709
G1 X105.443 Y79.154 E13.83705
G1 X119.445 Y79.15 E14.30276
G1 X120.733 Y79.167 E14.3456
G1 X123.343 Y79.167 E14.43241
G1 X123.943 Y79.154 E14.45237
G1 X137.945 Y79.15 E14.91808
G1 X139.233 Y79.167 E14.96092
G1 X141.843 Y79.167 E15.04773
G1 X142.443 Y79.154 E15.06769
G1 X146.856 Y79.15 E15.21447
G1 X147.724 Y79.162 E15.24334
G1 X148.728 Y79.225 E15.2768
G1 X149.275 Y79.287 E15.29511
G1 X150.202 Y79.434 E15.32633
G1 X151.104 Y79.659 E15.35725
G1 X151.608 Y79.823 E15.37488
G1 X152.107 Y79.999 E15.39248
G1 X152.976 Y80.352 E15.42367
G1 X153.809 Y80.778 E15.45479
G1 X154.686 Y81.32 E15.48908
G1 X155.461 Y81.863 E15.52056
G1 X156.443 Y82.719 E15.56388
G1 X156.833 Y83.106 E15.58216
G1 X157.469 Y83.797 E15.61339
G1 X158.036 Y84.534 E15.64432
G1 X158.325 Y84.97 E15.66172
G1 X158.615 Y85.431 E15.67983
G1 X159.079 Y86.247 E15.71105
G1 X159.455 Y87.069 E15.74112
G1 X159.649 Y87.579 E15.75927
G1 X159.825 Y88.087 E15.77715
G1 X160.093 Y88.987 E15.80838
G1 X160.279 Y89.903 E15.83947
G1 X160.399 Y90.882 E15.87228
G1 X160.465 Y91.984 E15.90899
G1 X160.475 Y93.383 E15.95553
G1 X160.463 Y94.342 E15.98742
G1 X160.397 Y95.375 E16.02185
G1 X160.333 Y95.94 E16.04076
G1 X160.167 Y96.947 E16.07471
G1 X159.97 Y97.865 E16.10594
G1 X159.759 Y98.788 E16.13743
G1 X159.27 Y101.236 E16.22046
G1 X158.838 Y103.775 E16.30612
G1 X158.492 Y106.227 E16.38848
G1 X158.205 Y108.776 E16.4738
G1 X157.994 Y111.281 E16.55741
G1 X157.855 Y113.797 E16.64122
G1 X157.786 Y116.331 E16.72553
G1 X157.789 Y118.859 E16.80961
G1 X157.863 Y121.407 E16.89439
G1 X158.008 Y123.916 E16.97798
G1 X158.222 Y126.413 E17.06134
G1 X158.516 Y128.965 E17.14678
G1 X158.869 Y131.429 E17.22957
G1 X159.301 Y133.937 E17.31421
G1 X159.804 Y136.429 E17.39877
G1 X160.069 Y137.589 E17.43835
G1 X160.194 Y138.189 E17.45873
G1 X160.355 Y139.215 E17.49327
G1 X160.405 Y139.679 E17.5088
G1 X160.466 Y140.747 E17.54438
G1 X160.475 Y142.161 E17.59141
G1 X160.463 Y143.097 E17.62254
G1 X160.4 Y144.105 E17.65613
G1 X160.338 Y144.651 E17.67441
G1 X160.191 Y145.578 E17.70563
G1 X159.973 Y146.454 E17.73565
G1 X159.802 Y146.982 E17.75411
G1 X159.626 Y147.481 E17.77171
G1 X159.273 Y148.35 E17.80291
G1 X158.848 Y149.183 E17.83401
G1 X158.329 Y150.026 E17.86693
G1 X157.78 Y150.813 E17.89885
G1 X157.18 Y151.531 E17.92997
G1 X156.481 Y152.243 E17.96316
G1 X155.788 Y152.876 E17.99437
G1 X155.071 Y153.425 E18.02441
G1 X154.224 Y153.973 E18.05796
G1 X153.39 Y154.449 E18.0899
G1 X152.569 Y154.826 E18.11995
G1 X152.027 Y155.031 E18.13922
G1 X151.519 Y155.206 E18.15709
G1 X150.62 Y155.472 E18.18828
G1 X149.704 Y155.657 E18.21936
G1 X148.715 Y155.777 E18.25249
G1 X147.725 Y155.839 E18.28549
G1 X147.064 Y155.848 E18.30747
G1 X143.304 Y155.85 E18.43253
G1 X142.017 Y155.833 E18.47534
G1 X139.407 Y155.833 E18.56215
G1 X138.807 Y155.846 E18.58211
G1 X124.805 Y155.85 E19.04782
G1 X123.517 Y155.833 E19.09066
G1 X120.907 Y155.833 E19.17747
G1 X120.307 Y155.846 E19.19743
G1 X106.305 Y155.85 E19.66314
G1 X105.017 Y155.833 E19.70598
G1 X102.407 Y155.833 E19.79279
G1 X101.807 Y155.846 E19.81275
G1 X88.141 Y155.85 E20.26728
G0 F6000 X88.146 Y155.45
G1 F1200 X87.301 Y155.439 E20.29539
G1 X86.316 Y155.377 E20.32822
G1 X85.787 Y155.318 E20.34592
G1 X84.895 Y155.178 E20.37595
G1 X84.019 Y154.96 E20.40598
G1 X83.525 Y154.8 E20.42325
G1 X83.043 Y154.63 E20.44025
G1 X82.206 Y154.292 E20.47027
G1 X81.401 Y153.882 E20.50032
G1 X80.543 Y153.352 E20.53386
G1 X79.802 Y152.835 E20.56391
G1 X78.81 Y151.969 E20.60771
G1 X78.45 Y151.611 E20.6246
G1 X77.838 Y150.946 E20.65465
G1 X77.177 Y150.068 E20.69121
G1 X76.769 Y149.436 E20.71623
G1 X76.608 Y149.167 E20.72665
G1 X76.179 Y148.373 E20.75667
G1 X75.724 Y147.273 E20.79626
G1 X75.555 Y146.786 E20.81341
G1 X75.297 Y145.921 E20.84343
G1 X75.116 Y145.036 E20.87348
G1 X74.997 Y144.061 E20.90615
G1 X74.936 Y143.092 E20.93844
G1 X74.926 Y142.436 E20.96026
G1 X74.925 Y92.769 E22.61219
G1 X74.936 Y91.926 E22.64023
G1 X74.998 Y90.941 E22.67306
G1 X75.057 Y90.412 E22.69076
G1 X75.197 Y89.52 E22.72079
G1 X75.415 Y88.644 E22.75082
G1 X75.577 Y88.145 E22.76827
G1 X75.748 Y87.661 E22.78534
G1 X76.086 Y86.824 E22.81536
G1 X76.497 Y86.02 E22.8454
G1 X76.751 Y85.596 E22.86183
G1 X77.025 Y85.164 E22.87885
G1 X77.542 Y84.423 E22.9089
G1 X78.407 Y83.435 E22.95258
G1 X78.767 Y83.073 E22.96956
G1 X79.431 Y82.461 E22.99959
G1 X80.147 Y81.911 E23.02962
G1 X80.56 Y81.636 E23.04612
G1 X81.001 Y81.358 E23.06346
G1 X81.785 Y80.911 E23.09348
G1 X82.606 Y80.535 E23.12351
G1 X83.091 Y80.352 E23.14075
G1 X83.583 Y80.181 E23.15808
G1 X84.449 Y79.923 E23.18813
G1 X85.334 Y79.742 E23.21818
G1 X86.31 Y79.622 E23.25088
G1 X87.281 Y79.561 E23.28324
G1 X87.939 Y79.551 E23.30513
G1 X100.941 Y79.55 E23.73758
G1 X102.228 Y79.567 E23.78039
G1 X104.852 Y79.567 E23.86766
G1 X105.443 Y79.554 E23.88732
G1 X119.44 Y79.55 E24.35287
G1 X120.728 Y79.567 E24.39571
G1 X123.352 Y79.567 E24.48298
G1 X123.943 Y79.554 E24.50265
G1 X137.94 Y79.55 E24.96819
G1 X139.228 Y79.567 E25.01103
G1 X141.852 Y79.567 E25.0983
G1 X142.443 Y79.554 E25.11797
G1 X146.851 Y79.55 E25.26458
G1 X147.699 Y79.561 E25.29278
G1 X148.684 Y79.623 E25.32561
G1 X149.213 Y79.682 E25.34331
G1 X150.105 Y79.822 E25.37335
G1 X150.981 Y80.04 E25.40337
G1 X151.475 Y80.2 E25.42064
G1 X151.957 Y80.37 E25.43764
G1 X152.794 Y80.708 E25.46766
G1 X153.599 Y81.118 E25.49771
G1 X154.457 Y81.648 E25.53125
G1 X155.198 Y82.165 E25.5613
G1 X156.18 Y83.021 E25.60463
G1 X156.539 Y83.377 E25.62145
G1 X157.152 Y84.041 E25.65151
G1 X157.703 Y84.756 E25.68153
G1 X157.987 Y85.183 E25.69858
G1 X158.268 Y85.629 E25.71612
G1 X158.715 Y86.413 E25.74613
G1 X159.091 Y87.235 E25.7762
G1 X159.271 Y87.711 E25.79312
G1 X159.442 Y88.202 E25.81042
G1 X159.701 Y89.067 E25.84045
G1 X159.882 Y89.952 E25.87049
G1 X160.002 Y90.931 E25.9033
G1 X160.065 Y91.987 E25.93848
G1 X160.075 Y93.378 E25.98475
G1 X160.064 Y94.317 E26.01598
G1 X160 Y95.33 E26.04974
G1 X159.938 Y95.875 E26.06799
G1 X159.776 Y96.863 E26.10129
G1 X159.58 Y97.776 E26.13235
G1 X159.369 Y98.699 E26.16384
G1 X158.878 Y101.158 E26.24724
G1 X158.444 Y103.708 E26.33327
G1 X158.096 Y106.171 E26.416
G1 X157.806 Y108.743 E26.50209
G1 X157.596 Y111.248 E26.5857
G1 X157.455 Y113.786 E26.67024
G1 X157.386 Y116.32 E26.75456
G1 X157.389 Y118.859 E26.839
G1 X157.463 Y121.419 E26.92419
G1 X157.609 Y123.95 E27.00851
G1 X157.824 Y126.447 E27.09186
G1 X158.12 Y129.022 E27.17807
G1 X158.475 Y131.497 E27.26123
G1 X158.909 Y134.016 E27.34625
G1 X159.414 Y136.518 E27.43115
G1 X159.677 Y137.671 E27.47048
G1 X159.802 Y138.271 E27.49087
G1 X159.957 Y139.258 E27.5241
G1 X160.007 Y139.722 E27.53962
G1 X160.066 Y140.75 E27.57387
G1 X160.075 Y142.156 E27.62063
G1 X160.064 Y143.072 E27.6511
G1 X160.002 Y144.061 E27.68406
G1 X159.943 Y144.589 E27.70173
G1 X159.803 Y145.481 E27.73176
G1 X159.585 Y146.357 E27.76178
G1 X159.425 Y146.849 E27.77899
G1 X159.255 Y147.331 E27.79599
G1 X158.917 Y148.168 E27.82601
G1 X158.507 Y148.973 E27.85606
G1 X157.988 Y149.816 E27.88899
G1 X157.473 Y150.557 E27.919
G1 X156.894 Y151.251 E27.94906
G1 X156.211 Y151.948 E27.98152
G1 X155.545 Y152.558 E28.01156
G1 X154.828 Y153.107 E28.04159
G1 X154.007 Y153.637 E28.07409
G1 X153.223 Y154.085 E28.10413
G1 X152.402 Y154.462 E28.13417
G1 X151.896 Y154.653 E28.15216
G1 X151.405 Y154.823 E28.16945
G1 X150.54 Y155.08 E28.19946
G1 X149.655 Y155.26 E28.2295
G1 X148.69 Y155.378 E28.26183
G1 X147.719 Y155.439 E28.29419
G1 X147.061 Y155.449 E28.31608
G1 X143.309 Y155.45 E28.44087
G1 X142.022 Y155.433 E28.48368
G1 X139.398 Y155.433 E28.57095
G1 X138.807 Y155.446 E28.59062
G1 X124.81 Y155.45 E29.05616
G1 X123.522 Y155.433 E29.099
G1 X120.898 Y155.433 E29.18628
G1 X120.307 Y155.446 E29.20594
G1 X106.31 Y155.45 E29.67148
G1 X105.022 Y155.433 E29.71432
G1 X102.398 Y155.433 E29.8016
G1 X101.807 Y155.446 E29.82126
G1 X88.146 Y155.45 E30.27562
G1 F2700 E25.27562
;MESH:Battery_holder.stl
G0 F6000 X104.96 Y144.826
G0 X117.5 Y144.648
;TYPE:WALL-INNER
G1 F2700 E30.27562
G1 F1200 X119.524 Y144.648 E30.34294
G1 X119.528 Y142.878 E30.40181
G1 X119.599 Y142.314 E30.42072
G1 X119.816 Y141.744 E30.44101
G1 X120.173 Y141.221 E30.46207
G1 X120.646 Y140.8 E30.48313
G1 X121.206 Y140.513 E30.50406
G1 X121.813 Y140.364 E30.52485
G1 X122.446 Y140.364 E30.5459
G1 X123.044 Y140.513 E30.5664
G1 X123.606 Y140.803 E30.58743
G1 X124.069 Y141.219 E30.60813
G1 X124.431 Y141.742 E30.62929
G1 X124.649 Y142.314 E30.64965
G1 X124.72 Y142.878 E30.66856
G1 X124.724 Y144.648 E30.72743
G1 X138.024 Y144.648 E31.16979
G1 X138.028 Y142.878 E31.22866
G1 X138.099 Y142.314 E31.24756
G1 X138.316 Y141.744 E31.26785
G1 X138.673 Y141.221 E31.28891
G1 X139.146 Y140.8 E31.30997
G1 X139.706 Y140.513 E31.3309
G1 X140.313 Y140.364 E31.35169
G1 X140.946 Y140.364 E31.37274
G1 X141.544 Y140.513 E31.39324
G1 X142.106 Y140.803 E31.41427
G1 X142.569 Y141.219 E31.43498
G1 X142.931 Y141.742 E31.45613
G1 X143.149 Y142.314 E31.47649
G1 X143.22 Y142.878 E31.4954
G1 X143.224 Y144.648 E31.55427
G1 X147.527 Y144.648 E31.69739
G1 X147.942 Y144.603 E31.71127
G1 X148.3 Y144.476 E31.72391
G1 X148.622 Y144.272 E31.73658
G1 X148.9 Y143.994 E31.74966
G1 X149.1 Y143.677 E31.76213
G1 X149.226 Y143.317 E31.77481
G1 X149.272 Y142.903 E31.78867
G1 X149.272 Y140.845 E31.85712
G1 X149.226 Y140.431 E31.87097
G1 X149.099 Y140.07 E31.8837
G1 X148.899 Y139.748 E31.89631
G1 X148.624 Y139.473 E31.90924
G1 X148.302 Y139.273 E31.92185
G1 X147.941 Y139.146 E31.93458
G1 X147.527 Y139.1 E31.94843
G1 X97.765 Y139.1 E33.60352
G1 X97.494 Y138.967 E33.61356
G1 X97.346 Y138.791 E33.62121
G1 X97.273 Y138.589 E33.62836
G1 X97.272 Y129.348 E33.93571
G1 X95.454 Y129.344 E33.99618
G1 X94.892 Y129.275 E34.01501
G1 X94.308 Y129.045 E34.03589
G1 X93.801 Y128.696 E34.05636
G1 X93.379 Y128.23 E34.07727
G1 X93.085 Y127.668 E34.09836
G1 X92.94 Y127.058 E34.11922
G1 X92.94 Y126.429 E34.14014
G1 X93.086 Y125.825 E34.16081
G1 X93.384 Y125.268 E34.18182
G1 X93.8 Y124.804 E34.20254
G1 X94.308 Y124.451 E34.22312
G1 X94.892 Y124.221 E34.244
G1 X95.454 Y124.152 E34.26283
G1 X97.272 Y124.148 E34.3233
G1 X97.272 Y110.848 E34.76566
G1 X95.454 Y110.844 E34.82612
G1 X94.892 Y110.775 E34.84495
G1 X94.308 Y110.545 E34.86583
G1 X93.801 Y110.196 E34.8863
G1 X93.379 Y109.73 E34.90721
G1 X93.085 Y109.168 E34.92831
G1 X92.94 Y108.558 E34.94916
G1 X92.94 Y107.929 E34.97008
G1 X93.086 Y107.325 E34.99075
G1 X93.384 Y106.768 E35.01176
G1 X93.8 Y106.304 E35.03249
G1 X94.308 Y105.951 E35.05306
G1 X94.892 Y105.721 E35.07394
G1 X95.454 Y105.652 E35.09277
G1 X97.272 Y105.648 E35.15324
G1 X97.273 Y96.464 E35.4587
G1 X97.306 Y96.3 E35.46426
G1 X97.409 Y96.118 E35.47122
G1 X97.603 Y95.963 E35.47948
G1 X97.792 Y95.9 E35.4861
G1 X147.525 Y95.9 E37.14023
G1 X147.939 Y95.851 E37.1541
G1 X148.302 Y95.724 E37.16689
G1 X148.624 Y95.523 E37.17951
G1 X148.9 Y95.247 E37.19249
G1 X149.099 Y94.929 E37.20497
G1 X149.227 Y94.566 E37.21777
G1 X149.272 Y94.155 E37.23153
G1 X149.272 Y92.093 E37.30011
G1 X149.227 Y91.682 E37.31386
G1 X149.099 Y91.319 E37.32666
G1 X148.9 Y91.001 E37.33914
G1 X148.622 Y90.724 E37.35219
G1 X148.302 Y90.521 E37.3648
G1 X147.942 Y90.397 E37.37746
G1 X147.525 Y90.348 E37.39142
G1 X143.224 Y90.348 E37.53448
G1 X143.22 Y92.118 E37.59335
G1 X143.149 Y92.683 E37.61229
G1 X142.931 Y93.254 E37.63262
G1 X142.569 Y93.777 E37.65377
G1 X142.107 Y94.192 E37.67443
G1 X141.544 Y94.487 E37.69557
G1 X140.934 Y94.632 E37.71642
G1 X140.305 Y94.632 E37.73734
G1 X139.703 Y94.487 E37.75794
G1 X139.144 Y94.194 E37.77893
G1 X138.673 Y93.775 E37.79989
G1 X138.316 Y93.252 E37.82096
G1 X138.099 Y92.683 E37.84121
G1 X138.028 Y92.118 E37.86015
G1 X138.024 Y90.348 E37.91902
G1 X124.724 Y90.348 E38.36138
G1 X124.72 Y92.118 E38.42025
G1 X124.649 Y92.683 E38.43919
G1 X124.431 Y93.254 E38.45952
G1 X124.069 Y93.777 E38.48068
G1 X123.607 Y94.192 E38.50133
G1 X123.044 Y94.487 E38.52247
G1 X122.434 Y94.632 E38.54332
G1 X121.805 Y94.632 E38.56425
G1 X121.203 Y94.487 E38.58484
G1 X120.644 Y94.194 E38.60583
G1 X120.173 Y93.775 E38.6268
G1 X119.816 Y93.252 E38.64786
G1 X119.599 Y92.683 E38.66812
G1 X119.528 Y92.118 E38.68706
G1 X119.524 Y90.348 E38.74593
G1 X106.224 Y90.348 E39.18829
G1 X106.22 Y92.118 E39.24716
G1 X106.149 Y92.683 E39.2661
G1 X105.931 Y93.254 E39.28642
G1 X105.569 Y93.777 E39.30758
G1 X105.107 Y94.192 E39.32824
G1 X104.544 Y94.487 E39.34938
G1 X103.934 Y94.632 E39.37023
G1 X103.305 Y94.632 E39.39115
G1 X102.703 Y94.487 E39.41175
G1 X102.144 Y94.194 E39.43274
G1 X101.673 Y93.775 E39.4537
G1 X101.316 Y93.252 E39.47477
G1 X101.099 Y92.683 E39.49502
G1 X101.028 Y92.118 E39.51396
G1 X101.024 Y90.348 E39.57283
G1 X87.471 Y90.348 E40.0236
G1 X87.054 Y90.397 E40.03757
G1 X86.695 Y90.52 E40.05019
G1 X86.378 Y90.723 E40.06271
G1 X86.099 Y91.003 E40.07586
G1 X85.896 Y91.321 E40.08841
G1 X85.77 Y91.682 E40.10112
G1 X85.724 Y92.093 E40.11488
G1 X85.724 Y142.903 E41.80483
G1 X85.77 Y143.318 E41.81871
G1 X85.895 Y143.675 E41.83129
G1 X86.099 Y143.994 E41.84389
G1 X86.379 Y144.273 E41.85704
G1 X86.697 Y144.476 E41.86958
G1 X87.054 Y144.602 E41.88218
G1 X87.469 Y144.648 E41.89606
G1 X101.024 Y144.648 E42.3469
G1 X101.028 Y142.878 E42.40577
G1 X101.099 Y142.314 E42.42468
G1 X101.316 Y141.744 E42.44497
G1 X101.673 Y141.221 E42.46603
G1 X102.146 Y140.8 E42.48709
G1 X102.706 Y140.513 E42.50802
G1 X103.313 Y140.364 E42.52881
G1 X103.946 Y140.364 E42.54986
G1 X104.544 Y140.513 E42.57036
G1 X105.106 Y140.803 E42.59139
G1 X105.569 Y141.219 E42.61209
G1 X105.931 Y141.742 E42.63325
G1 X106.149 Y142.314 E42.65361
G1 X106.22 Y142.878 E42.67252
G1 X106.224 Y144.648 E42.73139
G1 X117.5 Y144.648 E43.10643
G0 F6000 X117.5 Y145.048
;TYPE:WALL-OUTER
G1 F1200 X119.924 Y145.048 E43.18705
G1 X119.925 Y142.927 E43.2576
G1 X119.987 Y142.429 E43.27429
G1 X120.186 Y141.911 E43.29274
G1 X120.495 Y141.47 E43.31065
G1 X120.896 Y141.122 E43.32831
G1 X121.367 Y140.885 E43.34585
G1 X121.831 Y140.769 E43.36176
G1 X122.417 Y140.769 E43.38125
G1 X122.881 Y140.885 E43.39716
G1 X123.375 Y141.134 E43.41556
G1 X123.781 Y141.506 E43.43387
G1 X124.083 Y141.952 E43.45178
G1 X124.263 Y142.439 E43.46905
G1 X124.323 Y142.927 E43.48541
G1 X124.324 Y145.048 E43.55595
G1 X138.424 Y145.048 E44.02492
G1 X138.425 Y142.927 E44.09546
G1 X138.487 Y142.429 E44.11216
G1 X138.686 Y141.911 E44.13061
G1 X138.995 Y141.47 E44.14852
G1 X139.396 Y141.122 E44.16618
G1 X139.867 Y140.885 E44.18372
G1 X140.331 Y140.769 E44.19963
G1 X140.917 Y140.769 E44.21912
G1 X141.381 Y140.885 E44.23502
G1 X141.875 Y141.134 E44.25342
G1 X142.281 Y141.506 E44.27174
G1 X142.583 Y141.952 E44.28965
G1 X142.763 Y142.439 E44.30692
G1 X142.823 Y142.927 E44.32328
G1 X142.824 Y145.048 E44.39382
G1 X147.549 Y145.048 E44.55097
G1 X148.031 Y144.995 E44.5671
G1 X148.476 Y144.838 E44.5828
G1 X148.874 Y144.586 E44.59846
G1 X149.214 Y144.246 E44.61446
G1 X149.462 Y143.852 E44.62994
G1 X149.619 Y143.407 E44.64564
G1 X149.672 Y142.925 E44.66176
G1 X149.672 Y140.823 E44.73168
G1 X149.619 Y140.341 E44.74781
G1 X149.462 Y139.896 E44.7635
G1 X149.214 Y139.498 E44.7791
G1 X148.874 Y139.158 E44.79509
G1 X148.476 Y138.91 E44.81069
G1 X148.031 Y138.753 E44.82638
G1 X147.549 Y138.7 E44.84251
G1 X97.825 Y138.695 E46.49634
G1 X97.746 Y138.656 E46.49927
G1 X97.675 Y138.538 E46.50385
G1 X97.672 Y128.948 E46.82281
G1 X95.503 Y128.947 E46.89495
G1 X94.968 Y128.875 E46.91291
G1 X94.502 Y128.695 E46.92952
G1 X94.064 Y128.395 E46.94718
G1 X93.698 Y127.977 E46.96566
G1 X93.457 Y127.503 E46.98335
G1 X93.343 Y127.027 E46.99963
G1 X93.345 Y126.457 E47.01858
G1 X93.474 Y125.947 E47.03608
G1 X93.698 Y125.519 E47.05215
G1 X94.064 Y125.105 E47.07053
G1 X94.502 Y124.801 E47.08826
G1 X95.015 Y124.609 E47.10648
G1 X95.503 Y124.549 E47.12283
G1 X97.672 Y124.548 E47.19497
G1 X97.672 Y110.448 E47.66394
G1 X95.503 Y110.447 E47.73608
G1 X94.968 Y110.375 E47.75404
G1 X94.502 Y110.195 E47.77065
G1 X94.064 Y109.895 E47.78831
G1 X93.698 Y109.477 E47.80679
G1 X93.457 Y109.003 E47.82447
G1 X93.343 Y108.527 E47.84075
G1 X93.345 Y107.957 E47.85971
G1 X93.474 Y107.447 E47.87721
G1 X93.698 Y107.019 E47.89328
G1 X94.064 Y106.605 E47.91166
G1 X94.502 Y106.301 E47.92939
G1 X95.015 Y106.109 E47.94761
G1 X95.503 Y106.049 E47.96396
G1 X97.672 Y106.048 E48.0361
G1 X97.675 Y96.462 E48.35493
G1 X97.746 Y96.344 E48.35951
G1 X97.837 Y96.302 E48.36285
G1 X147.548 Y96.3 E50.01624
G1 X148.03 Y96.243 E50.03238
G1 X148.476 Y96.086 E50.04811
G1 X148.874 Y95.838 E50.06371
G1 X149.214 Y95.498 E50.0797
G1 X149.462 Y95.104 E50.09518
G1 X149.619 Y94.655 E50.11101
G1 X149.672 Y94.177 E50.127
G1 X149.672 Y92.071 E50.19705
G1 X149.619 Y91.593 E50.21304
G1 X149.462 Y91.144 E50.22886
G1 X149.214 Y90.75 E50.24435
G1 X148.874 Y90.41 E50.26034
G1 X148.476 Y90.158 E50.27601
G1 X148.031 Y90.005 E50.29166
G1 X147.548 Y89.948 E50.30783
G1 X142.824 Y89.948 E50.46496
G1 X142.823 Y92.069 E50.5355
G1 X142.761 Y92.568 E50.55223
G1 X142.561 Y93.086 E50.57069
G1 X142.281 Y93.49 E50.58704
G1 X141.853 Y93.874 E50.60617
G1 X141.379 Y94.115 E50.62385
G1 X140.903 Y94.229 E50.64013
G1 X140.333 Y94.227 E50.65909
G1 X139.823 Y94.098 E50.67659
G1 X139.355 Y93.846 E50.69427
G1 X138.962 Y93.489 E50.71193
G1 X138.686 Y93.085 E50.7282
G1 X138.485 Y92.557 E50.74699
G1 X138.425 Y92.069 E50.76334
G1 X138.424 Y89.948 E50.83389
G1 X124.324 Y89.948 E51.30286
G1 X124.323 Y92.069 E51.3734
G1 X124.261 Y92.568 E51.39013
G1 X124.061 Y93.086 E51.40859
G1 X123.781 Y93.49 E51.42494
G1 X123.353 Y93.874 E51.44407
G1 X122.879 Y94.115 E51.46175
G1 X122.403 Y94.229 E51.47803
G1 X121.833 Y94.227 E51.49699
G1 X121.323 Y94.098 E51.51449
G1 X120.855 Y93.846 E51.53217
G1 X120.462 Y93.489 E51.54983
G1 X120.186 Y93.085 E51.5661
G1 X119.985 Y92.557 E51.58489
G1 X119.925 Y92.069 E51.60124
G1 X119.924 Y89.948 E51.67179
G1 X105.824 Y89.948 E52.14076
G1 X105.823 Y92.069 E52.2113
G1 X105.761 Y92.568 E52.22803
G1 X105.561 Y93.086 E52.24649
G1 X105.281 Y93.49 E52.26284
G1 X104.853 Y93.874 E52.28197
G1 X104.379 Y94.115 E52.29965
G1 X103.903 Y94.229 E52.31593
G1 X103.333 Y94.227 E52.33489
G1 X102.823 Y94.098 E52.35239
G1 X102.355 Y93.846 E52.37007
G1 X101.962 Y93.489 E52.38773
G1 X101.686 Y93.085 E52.404
G1 X101.485 Y92.557 E52.42279
G1 X101.425 Y92.069 E52.43914
G1 X101.424 Y89.948 E52.50969
G1 X87.448 Y89.948 E52.97453
G1 X86.965 Y90.005 E52.99071
G1 X86.52 Y90.158 E53.00636
G1 X86.126 Y90.409 E53.0219
G1 X85.785 Y90.751 E53.03796
G1 X85.534 Y91.145 E53.0535
G1 X85.377 Y91.593 E53.06929
G1 X85.324 Y92.071 E53.08528
G1 X85.324 Y142.925 E54.77669
G1 X85.377 Y143.407 E54.79282
G1 X85.533 Y143.851 E54.80847
G1 X85.785 Y144.246 E54.82406
G1 X86.127 Y144.587 E54.84012
G1 X86.521 Y144.838 E54.85566
G1 X86.965 Y144.995 E54.87132
G1 X87.447 Y145.048 E54.88745
G1 X101.424 Y145.048 E55.35233
G1 X101.425 Y142.927 E55.42287
G1 X101.487 Y142.429 E55.43956
G1 X101.686 Y141.911 E55.45802
G1 X101.995 Y141.47 E55.47593
G1 X102.396 Y141.122 E55.49359
G1 X102.867 Y140.885 E55.51113
G1 X103.331 Y140.769 E55.52703
G1 X103.917 Y140.769 E55.54652
G1 X104.381 Y140.885 E55.56243
G1 X104.875 Y141.134 E55.58083
G1 X105.281 Y141.506 E55.59915
G1 X105.583 Y141.952 E55.61706
G1 X105.763 Y142.439 E55.63433
G1 X105.823 Y142.927 E55.65068
G1 X105.824 Y145.048 E55.72123
G1 X117.5 Y145.048 E56.10957
G0 F6000 X117.5 Y144.288
;TYPE:SKIN
G1 F1200 X106.584 Y144.288 E56.47264
G1 X106.575 Y142.831 E56.5211
G1 X106.503 Y142.243 E56.54081
G1 X106.241 Y141.553 E56.56535
G1 X105.853 Y140.997 E56.5879
G1 X105.312 Y140.502 E56.61229
G1 X104.688 Y140.181 E56.63563
G1 F1090.9 X104.022 Y139.971 E56.66118
G1 F1004.2 X103.255 Y139.969 E56.69167
G1 F1095.9 X102.56 Y140.181 E56.71813
G1 F1200 X101.96 Y140.49 E56.74058
G1 X101.415 Y140.966 E56.76464
G1 X101.002 Y141.559 E56.78868
G1 X100.756 Y142.197 E56.81142
G1 X100.669 Y142.826 E56.83254
G1 X100.664 Y144.288 E56.88117
G1 X87.488 Y144.288 E57.3194
G1 X87.138 Y144.247 E57.33112
G1 X86.853 Y144.147 E57.34117
G1 X86.602 Y143.986 E57.35109
G1 X86.381 Y143.769 E57.36139
G1 X86.221 Y143.515 E57.37137
G1 X86.121 Y143.235 E57.38126
G1 X86.085 Y142.881 E57.3931
G1 X86.084 Y92.111 E59.08172
G1 X86.121 Y91.761 E59.09342
G1 X86.221 Y91.481 E59.10331
G1 X86.382 Y91.226 E59.11334
G1 X86.603 Y91.005 E59.12374
G1 X86.852 Y90.846 E59.13356
G1 X87.133 Y90.749 E59.14345
G1 X87.492 Y90.708 E59.15547
G1 X100.664 Y90.708 E59.59357
G1 X100.665 Y92.058 E59.63847
G1 X100.742 Y92.755 E59.66179
G1 X101.002 Y93.433 E59.68595
G1 X101.382 Y93.993 E59.70845
G1 X101.923 Y94.478 E59.73262
G1 X102.551 Y94.814 E59.75631
G1 F1090.9 X103.231 Y95.026 E59.78237
G1 F1002.1 X103.989 Y95.028 E59.81256
G1 F1093.4 X104.688 Y94.814 E59.83924
G1 F1200 X105.327 Y94.477 E59.86327
G1 X105.823 Y94.029 E59.8855
G1 X106.241 Y93.439 E59.90955
G1 X106.502 Y92.755 E59.9339
G1 X106.575 Y92.165 E59.95367
G1 X106.584 Y90.708 E60.00214
G1 X119.164 Y90.708 E60.42055
G1 X119.165 Y92.058 E60.46545
G1 X119.242 Y92.755 E60.48877
G1 X119.502 Y93.433 E60.51292
G1 X119.882 Y93.993 E60.53543
G1 X120.423 Y94.478 E60.5596
G1 X121.051 Y94.814 E60.58329
G1 F1090.9 X121.731 Y95.026 E60.60935
G1 F1002.1 X122.489 Y95.028 E60.63954
G1 F1093.4 X123.188 Y94.814 E60.66622
G1 F1200 X123.827 Y94.477 E60.69025
G1 X124.323 Y94.029 E60.71248
G1 X124.741 Y93.439 E60.73653
G1 X125.002 Y92.755 E60.76088
G1 X125.075 Y92.165 E60.78065
G1 X125.084 Y90.708 E60.82911
G1 X137.664 Y90.708 E61.24753
G1 X137.665 Y92.058 E61.29243
G1 X137.742 Y92.755 E61.31575
G1 X138.002 Y93.433 E61.3399
G1 X138.382 Y93.993 E61.36241
G1 X138.923 Y94.478 E61.38658
G1 X139.551 Y94.814 E61.41027
G1 F1090.9 X140.231 Y95.026 E61.43633
G1 F1002.1 X140.989 Y95.028 E61.46652
G1 F1093.4 X141.688 Y94.814 E61.4932
G1 F1200 X142.327 Y94.477 E61.51723
G1 X142.823 Y94.029 E61.53946
G1 X143.241 Y93.439 E61.56351
G1 X143.502 Y92.755 E61.58786
G1 X143.575 Y92.165 E61.60763
G1 X143.584 Y90.708 E61.65609
G1 X147.5 Y90.708 E61.78634
G1 X147.859 Y90.749 E61.79836
G1 X148.14 Y90.846 E61.80824
G1 X148.398 Y91.01 E61.81841
G1 X148.614 Y91.226 E61.82857
G1 X148.77 Y91.472 E61.83826
G1 X148.871 Y91.761 E61.84844
G1 X148.912 Y92.112 E61.8602
G1 X148.912 Y94.132 E61.92738
G1 X148.871 Y94.483 E61.93914
G1 X148.77 Y94.772 E61.94932
G1 X148.614 Y95.018 E61.95901
G1 X148.398 Y95.238 E61.96926
G1 X148.149 Y95.39 E61.97896
G1 X147.853 Y95.496 E61.98942
G1 X147.499 Y95.54 E62.00129
G1 X141.727 Y95.54 E62.19326
G1 F1093.4 X141.03 Y95.501 E62.21875
G1 F1002.1 X140.175 Y95.499 E62.2528
G1 F1090.9 X139.512 Y95.539 E62.2771
G1 F1200 X123.227 Y95.54 E62.81874
G1 F1093.4 X122.53 Y95.501 E62.84422
G1 F1002.1 X121.675 Y95.499 E62.87828
G1 F1090.9 X121.012 Y95.539 E62.90258
G1 F1200 X104.727 Y95.54 E63.44422
G1 F1093.4 X104.03 Y95.501 E63.4697
G1 F1002.1 X103.175 Y95.499 E63.50376
G1 F1090.9 X102.512 Y95.539 E63.52806
G1 F1200 X97.712 Y95.54 E63.68771
G1 X97.404 Y95.662 E63.69872
G1 X97.13 Y95.883 E63.71043
G1 X96.963 Y96.181 E63.72179
G1 X96.912 Y96.444 E63.7307
G1 X96.912 Y105.288 E64.02486
G1 X95.403 Y105.293 E64.07505
G1 X94.785 Y105.376 E64.09579
G1 X94.161 Y105.613 E64.11799
G1 X93.54 Y106.052 E64.14328
G1 X93.116 Y106.512 E64.16409
G1 X92.741 Y107.217 E64.19065
G1 X92.585 Y107.865 E64.21282
G1 X92.582 Y108.611 E64.23763
G1 X92.754 Y109.317 E64.2618
G1 X93.073 Y109.931 E64.28481
G1 X93.583 Y110.482 E64.30978
G1 X94.165 Y110.879 E64.33321
G1 X94.78 Y111.115 E64.35512
G1 X95.407 Y111.199 E64.37616
G1 X96.912 Y111.208 E64.42622
G1 X96.912 Y123.788 E64.84463
G1 X95.403 Y123.793 E64.89482
G1 X94.785 Y123.876 E64.91556
G1 X94.161 Y124.113 E64.93776
G1 X93.54 Y124.552 E64.96306
G1 X93.116 Y125.012 E64.98387
G1 X92.741 Y125.717 E65.01043
G1 X92.585 Y126.365 E65.03259
G1 X92.582 Y127.111 E65.05741
G1 X92.754 Y127.817 E65.08157
G1 X93.073 Y128.431 E65.10459
G1 X93.583 Y128.982 E65.12956
G1 X94.165 Y129.379 E65.15299
G1 X94.78 Y129.615 E65.1749
G1 X95.407 Y129.699 E65.19594
G1 X96.912 Y129.708 E65.246
G1 X96.915 Y138.578 E65.54102
G1 X96.963 Y138.816 E65.54909
G1 X97.13 Y139.109 E65.56031
G1 X97.406 Y139.336 E65.57219
G1 X97.707 Y139.46 E65.58302
G1 X102.521 Y139.46 E65.74314
G1 F1095.9 X103.214 Y139.498 E65.76841
G1 F1004.2 X104.079 Y139.499 E65.80279
G1 F1090.9 X104.73 Y139.46 E65.82665
G1 F1200 X121.021 Y139.46 E66.36849
G1 F1095.9 X121.714 Y139.498 E66.39377
G1 F1004.2 X122.579 Y139.499 E66.42815
G1 F1090.9 X123.23 Y139.46 E66.45201
G1 F1200 X139.521 Y139.46 E66.99385
G1 F1095.9 X140.214 Y139.498 E67.01913
G1 F1004.2 X141.079 Y139.499 E67.05351
G1 F1090.9 X141.73 Y139.46 E67.07737
G1 F1200 X147.505 Y139.46 E67.26945
G1 X147.855 Y139.497 E67.28115
G1 X148.148 Y139.602 E67.29151
G1 X148.394 Y139.754 E67.30112
G1 X148.614 Y139.977 E67.31154
G1 X148.767 Y140.22 E67.32109
G1 X148.872 Y140.514 E67.33148
G1 X148.912 Y140.864 E67.34319
G1 X148.912 Y142.88 E67.41025
G1 X148.871 Y143.235 E67.42213
G1 X148.77 Y143.524 E67.43231
G1 X148.618 Y143.762 E67.44171
G1 X148.394 Y143.99 E67.45234
G1 X148.144 Y144.146 E67.46214
G1 X147.855 Y144.247 E67.47232
G1 X147.504 Y144.287 E67.48407
G1 X143.584 Y144.288 E67.61445
G1 X143.575 Y142.831 E67.66291
G1 X143.503 Y142.243 E67.68261
G1 X143.241 Y141.553 E67.70716
G1 X142.853 Y140.997 E67.72971
G1 X142.312 Y140.502 E67.7541
G1 X141.688 Y140.181 E67.77744
G1 F1090.9 X141.022 Y139.971 E67.80299
G1 F1004.2 X140.255 Y139.969 E67.83347
G1 F1095.9 X139.56 Y140.181 E67.85994
G1 F1200 X138.96 Y140.49 E67.88239
G1 X138.415 Y140.966 E67.90645
G1 X138.002 Y141.559 E67.93049
G1 X137.756 Y142.197 E67.95323
G1 X137.669 Y142.826 E67.97435
G1 X137.664 Y144.288 E68.02298
G1 X125.084 Y144.288 E68.44139
G1 X125.075 Y142.831 E68.48985
G1 X125.003 Y142.243 E68.50955
G1 X124.741 Y141.553 E68.5341
G1 X124.353 Y140.997 E68.55665
G1 X123.812 Y140.502 E68.58104
G1 X123.188 Y140.181 E68.60438
G1 F1090.9 X122.522 Y139.971 E68.62993
G1 F1004.2 X121.755 Y139.969 E68.66041
G1 F1095.9 X121.06 Y140.181 E68.68688
G1 F1200 X120.46 Y140.49 E68.70932
G1 X119.915 Y140.966 E68.73339
G1 X119.502 Y141.559 E68.75743
G1 X119.256 Y142.197 E68.78017
G1 X119.169 Y142.826 E68.80129
G1 X119.164 Y144.288 E68.84992
G1 X117.5 Y144.288 E68.90526
G1 F2700 E63.90526
G0 F6000 X117.5 Y144.548
G0 X106.396 Y144.476
G0 X106.006 Y142.363
G0 X105.797 Y141.811
G0 X105.46 Y141.324
G0 X105.018 Y140.932
G0 X104.494 Y140.657
G0 X103.92 Y140.516
G0 X103.33 Y140.516
G0 X102.756 Y140.657
G0 X102.232 Y140.932
G0 X101.79 Y141.324
G0 X101.453 Y141.811
G0 X100.867 Y143.658
G0 X100.852 Y144.476
G0 X87.478 Y144.487
G0 X87.091 Y144.444
G0 X86.768 Y144.33
G0 X86.225 Y143.893
G0 X86.076 Y143.659
G0 X85.824 Y142.853
G0 X86.285 Y142.853
G1 F2700 E68.90526
G1 F1200 X87.519 Y144.088 E68.96333
G0 F6000 X88.085 Y144.088
G1 F1200 X86.285 Y142.288 E69.04799
G0 F6000 X86.285 Y141.722
G1 F1200 X88.651 Y144.088 E69.15928
G0 F6000 X89.216 Y144.088
G1 F1200 X86.285 Y141.156 E69.29717
G0 F6000 X86.285 Y140.591
G1 F1200 X89.782 Y144.088 E69.46166
G0 F6000 X90.348 Y144.088
G1 F1200 X86.285 Y140.025 E69.65277
G0 F6000 X86.285 Y139.459
G1 F1200 X90.913 Y144.088 E69.87048
G0 F6000 X91.479 Y144.088
G1 F1200 X86.285 Y138.893 E70.11482
G0 F6000 X86.285 Y138.328
G1 F1200 X92.045 Y144.088 E70.38575
G0 F6000 X92.61 Y144.088
G1 F1200 X86.285 Y137.762 E70.68328
G0 F6000 X86.285 Y137.196
G1 F1200 X93.176 Y144.088 E71.00744
G0 F6000 X93.742 Y144.088
G1 F1200 X86.285 Y136.631 E71.35819
G0 F6000 X86.285 Y136.065
G1 F1200 X94.308 Y144.088 E71.73557
G0 F6000 X94.873 Y144.088
G1 F1200 X86.285 Y135.499 E72.13954
G0 F6000 X86.285 Y134.934
G1 F1200 X95.439 Y144.088 E72.57012
G0 F6000 X96.005 Y144.088
G1 F1200 X86.285 Y134.368 E73.02732
G0 F6000 X86.285 Y133.802
G1 F1200 X96.57 Y144.088 E73.51112
G0 F6000 X97.136 Y144.088
G1 F1200 X86.285 Y133.237 E74.02152
G0 F6000 X86.285 Y132.671
G1 F1200 X97.702 Y144.088 E74.55854
G0 F6000 X98.267 Y144.088
G1 F1200 X86.285 Y132.105 E75.12216
G0 F6000 X86.285 Y131.54
G1 F1200 X98.833 Y144.088 E75.71238
G0 F6000 X99.399 Y144.088
G1 F1200 X86.285 Y130.974 E76.32922
G0 F6000 X86.285 Y130.408
G1 F1200 X99.964 Y144.088 E76.97266
G0 F6000 X100.464 Y144.022
G1 F1200 X86.285 Y129.842 E77.63962
G0 F6000 X86.285 Y129.277
G1 F1200 X100.468 Y143.46 E78.30674
G0 F6000 X100.471 Y142.898
G1 F1200 X86.285 Y128.711 E78.97403
G0 F6000 X86.285 Y128.145
G1 F1200 X96.714 Y138.575 E79.46461
G0 F6000 X96.712 Y138.007
G1 F1200 X86.285 Y127.58 E79.95506
G0 F6000 X86.285 Y127.014
G1 F1200 X96.712 Y137.442 E80.44554
G0 F6000 X96.712 Y136.876
G1 F1200 X86.285 Y126.448 E80.93602
G0 F6000 X86.285 Y125.883
G1 F1200 X96.712 Y136.31 E81.42647
G0 F6000 X96.712 Y135.745
G1 F1200 X86.285 Y125.317 E81.91695
G0 F6000 X86.285 Y124.751
G1 F1200 X96.712 Y135.179 E82.40742
G0 F6000 X96.712 Y134.613
G1 F1200 X86.285 Y124.186 E82.89788
G0 F6000 X86.285 Y123.62
G1 F1200 X96.712 Y134.048 E83.38836
G0 F6000 X96.712 Y133.482
G1 F1200 X86.285 Y123.054 E83.87883
G0 F6000 X86.285 Y122.489
G1 F1200 X96.712 Y132.916 E84.36929
G0 F6000 X96.712 Y132.351
G1 F1200 X93.592 Y129.23 E84.51607
G0 F6000 X92.91 Y128.548
G1 F1200 X86.285 Y121.923 E84.82769
G0 F6000 X86.285 Y121.357
G1 F1200 X92.48 Y127.553 E85.1191
G0 F6000 X92.384 Y126.89
G1 F1200 X86.285 Y120.792 E85.40596
G0 F6000 X86.285 Y120.226
G1 F1200 X92.388 Y126.33 E85.69305
G0 F6000 X92.498 Y125.873
G1 F1200 X86.285 Y119.66 E85.98529
G0 F6000 X86.285 Y119.094
G1 F1200 X92.646 Y125.456 E86.28451
G0 F6000 X92.842 Y125.086
G1 F1200 X86.285 Y118.529 E86.59294
G0 F6000 X86.285 Y117.963
G1 F1200 X93.079 Y124.757 E86.9125
G0 F6000 X93.351 Y124.464
G1 F1200 X86.284 Y117.397 E87.24491
G0 F6000 X86.284 Y116.831
G1 F1200 X93.668 Y124.215 E87.59224
G0 F6000 X94.001 Y123.982
G1 F1200 X86.284 Y116.265 E87.95522
G0 F6000 X86.284 Y115.7
G1 F1200 X94.395 Y123.811 E88.33674
G0 F6000 X94.815 Y123.665
G1 F1200 X86.284 Y115.134 E88.73801
G0 F6000 X86.284 Y114.568
G1 F1200 X95.321 Y123.605 E89.16308
G0 F6000 X95.872 Y123.59
G1 F1200 X86.284 Y114.003 E89.61405
G0 F6000 X86.284 Y113.437
G1 F1200 X96.436 Y123.589 E90.09157
G0 F6000 X96.712 Y123.3
G1 F1200 X86.284 Y112.871 E90.58209
G0 F6000 X86.284 Y112.306
G1 F1200 X96.712 Y122.734 E91.07259
G0 F6000 X96.712 Y122.168
G1 F1200 X86.284 Y111.74 E91.56309
G0 F6000 X86.284 Y111.174
G1 F1200 X96.712 Y121.603 E92.05362
G0 F6000 X96.712 Y121.037
G1 F1200 X86.284 Y110.608 E92.54414
G0 F6000 X86.284 Y110.043
G1 F1200 X96.712 Y120.471 E93.03464
G0 F6000 X96.712 Y119.906
G1 F1200 X86.284 Y109.477 E93.52517
G0 F6000 X86.284 Y108.911
G1 F1200 X96.712 Y119.34 E94.01569
G0 F6000 X96.712 Y118.774
G1 F1200 X86.284 Y108.346 E94.50619
G0 F6000 X86.284 Y107.78
G1 F1200 X96.712 Y118.208 E94.9967
G0 F6000 X96.712 Y117.643
G1 F1200 X86.284 Y107.214 E95.48722
G0 F6000 X86.284 Y106.649
G1 F1200 X96.712 Y117.077 E95.97772
G0 F6000 X96.712 Y116.511
G1 F1200 X86.284 Y106.083 E96.46822
G0 F6000 X86.284 Y105.517
G1 F1200 X96.712 Y115.946 E96.95875
G0 F6000 X96.712 Y115.38
G1 F1200 X86.284 Y104.952 E97.44925
G0 F6000 X86.284 Y104.386
G1 F1200 X96.712 Y114.814 E97.93975
G0 F6000 X96.712 Y114.249
G1 F1200 X86.284 Y103.82 E98.43027
G0 F6000 X86.284 Y103.255
G1 F1200 X92.729 Y109.7 E98.73343
G0 F6000 X92.429 Y108.834
G1 F1200 X86.284 Y102.689 E99.02247
G0 F6000 X86.284 Y102.123
G1 F1200 X92.383 Y108.222 E99.30935
G0 F6000 X92.421 Y107.694
G1 F1200 X86.284 Y101.558 E99.59799
G0 F6000 X86.284 Y100.992
G1 F1200 X92.531 Y107.238 E99.89181
G0 F6000 X92.705 Y106.847
G1 F1200 X86.284 Y100.426 E100.19383
G0 F6000 X86.284 Y99.86
G1 F1200 X92.901 Y106.478 E100.5051
G0 F6000 X93.159 Y106.17
G1 F1200 X86.284 Y99.295 E100.82848
G0 F6000 X86.284 Y98.729
G1 F1200 X93.432 Y105.877 E101.1647
G0 F6000 X93.766 Y105.645
G1 F1200 X86.284 Y98.163 E101.51663
G0 F6000 X86.284 Y97.598
G1 F1200 X94.107 Y105.421 E101.8846
G0 F6000 X94.517 Y105.265
G1 F1200 X86.284 Y97.032 E102.27185
G0 F6000 X86.284 Y96.466
G1 F1200 X94.965 Y105.147 E102.68018
G0 F6000 X95.474 Y105.091
G1 F1200 X86.284 Y95.901 E103.11245
G0 F6000 X86.284 Y95.335
G1 F1200 X96.039 Y105.09 E103.57129
G0 F6000 X96.603 Y105.088
G1 F1200 X86.284 Y94.769 E104.05667
G0 F6000 X86.284 Y94.204
G1 F1200 X96.712 Y104.631 E104.54715
G0 F6000 X96.712 Y104.066
G1 F1200 X86.284 Y93.638 E105.03765
G0 F6000 X86.284 Y93.072
G1 F1200 X96.712 Y103.5 E105.52815
G0 F6000 X96.712 Y102.934
G1 F1200 X86.284 Y92.507 E106.01863
G0 F6000 X86.301 Y91.958
G1 F1200 X96.712 Y102.369 E106.50833
G0 F6000 X96.712 Y101.803
G1 F1200 X86.431 Y91.522 E106.99191
G0 F6000 X86.683 Y91.208
G1 F1200 X96.712 Y101.237 E107.46365
G0 F6000 X96.712 Y100.671
G1 F1200 X87.035 Y90.995 E107.9188
G0 F6000 X87.514 Y90.908
G1 F1200 X96.712 Y100.106 E108.35145
G0 F6000 X96.712 Y99.54
G1 F1200 X88.08 Y90.908 E108.75747
G0 F6000 X88.646 Y90.908
G1 F1200 X96.712 Y98.974 E109.13687
G0 F6000 X96.712 Y98.409
G1 F1200 X89.211 Y90.908 E109.48969
G0 F6000 X89.777 Y90.908
G1 F1200 X96.712 Y97.843 E109.81589
G0 F6000 X96.712 Y97.277
G1 F1200 X90.343 Y90.908 E110.11547
G0 F6000 X90.908 Y90.908
G1 F1200 X96.712 Y96.712 E110.38847
G0 F6000 X96.759 Y96.193
G1 F1200 X91.474 Y90.908 E110.63706
G0 F6000 X92.04 Y90.908
G1 F1200 X96.939 Y95.807 E110.8675
G0 F6000 X97.236 Y95.539
G1 F1200 X92.606 Y90.908 E111.0853
G0 F6000 X93.171 Y90.908
G1 F1200 X97.627 Y95.364 E111.2949
G0 F6000 X98.173 Y95.345
G1 F1200 X93.737 Y90.908 E111.50358
G0 F6000 X94.303 Y90.908
G1 F1200 X98.738 Y95.344 E111.71221
G0 F6000 X99.303 Y95.343
G1 F1200 X94.868 Y90.908 E111.92082
G0 F6000 X95.434 Y90.908
G1 F1200 X99.868 Y95.342 E112.12938
G0 F6000 X100.432 Y95.341
G1 F1200 X96 Y90.908 E112.33787
G0 F6000 X96.565 Y90.908
G1 F1200 X100.997 Y95.341 E112.54636
G0 F6000 X101.562 Y95.34
G1 F1200 X97.131 Y90.908 E112.75481
G0 F6000 X97.697 Y90.908
G1 F1200 X102.127 Y95.339 E112.96321
G0 F6000 X102.221 Y94.868
G1 F1200 X102.673 Y95.319 E112.98444
G1 F2700 E107.98444
G0 F6000 X102.673 Y95.8
G0 X147.515 Y95.739
G0 X147.903 Y95.693
G0 X148.523 Y95.396
G0 X148.954 Y94.859
G0 X149.069 Y94.53
G0 X149.111 Y92.102
G0 X149.069 Y91.718
G0 X148.954 Y91.389
G0 X148.522 Y90.85
G0 X148.232 Y90.667
G0 X147.905 Y90.555
G0 X147.515 Y90.509
G0 X143.396 Y90.52
G0 X143.075 Y93.329
G0 X140.951 Y94.793
G0 X138.551 Y93.881
G0 X137.863 Y92.042
G0 X137.852 Y90.52
G0 X124.896 Y90.52
G0 X124.575 Y93.329
G0 X122.451 Y94.793
G0 X120.051 Y93.881
G0 X119.363 Y92.042
G0 X119.352 Y90.52
G0 X106.396 Y90.52
G0 X106.075 Y93.329
G0 X104.121 Y94.69
G0 X104.238 Y95.187
G1 F2700 E112.98444
G1 F1200 X104.348 Y95.297 E112.98962
G0 F6000 X104.653 Y95.037
G1 F1200 X104.956 Y95.339 E113.00384
G0 F6000 X105.039 Y94.857
G1 F1200 X105.522 Y95.339 E113.02654
G0 F6000 X106.087 Y95.339
G1 F1200 X105.413 Y94.665 E113.05824
G0 F6000 X105.712 Y94.398
G1 F1200 X106.653 Y95.339 E113.1025
G0 F6000 X107.219 Y95.339
G1 F1200 X106.004 Y94.124 E113.15965
G0 F6000 X106.237 Y93.792
G1 F1200 X107.784 Y95.339 E113.23242
G0 F6000 X108.35 Y95.339
G1 F1200 X106.457 Y93.446 E113.32146
G0 F6000 X106.613 Y93.037
G1 F1200 X108.916 Y95.339 E113.42976
G0 F6000 X109.481 Y95.339
G1 F1200 X106.724 Y92.582 E113.55945
G0 F6000 X106.774 Y92.066
G1 F1200 X110.047 Y95.339 E113.7134
G0 F6000 X110.613 Y95.339
G1 F1200 X106.778 Y91.505 E113.89376
G0 F6000 X106.782 Y90.943
G1 F1200 X111.178 Y95.339 E114.10053
G0 F6000 X111.744 Y95.339
G1 F1200 X107.313 Y90.908 E114.30896
G0 F6000 X107.879 Y90.908
G1 F1200 X112.31 Y95.339 E114.51738
G0 F6000 X112.875 Y95.339
G1 F1200 X108.445 Y90.908 E114.72577
G0 F6000 X109.01 Y90.908
G1 F1200 X113.44 Y95.339 E114.93417
G0 F6000 X114.006 Y95.339
G1 F1200 X109.576 Y90.908 E115.14257
G0 F6000 X110.142 Y90.908
G1 F1200 X114.572 Y95.339 E115.35096
G0 F6000 X115.137 Y95.339
G1 F1200 X110.707 Y90.908 E115.55936
G0 F6000 X111.273 Y90.908
G1 F1200 X115.703 Y95.339 E115.76776
G0 F6000 X116.269 Y95.339
G1 F1200 X111.839 Y90.908 E115.97616
G0 F6000 X112.405 Y90.908
G1 F1200 X116.835 Y95.339 E116.18455
G0 F6000 X117.4 Y95.339
G1 F1200 X112.97 Y90.908 E116.39295
G0 F6000 X113.536 Y90.908
G1 F1200 X117.966 Y95.339 E116.60135
G0 F6000 X118.532 Y95.339
G1 F1200 X114.102 Y90.908 E116.80974
G0 F6000 X114.667 Y90.908
G1 F1200 X119.097 Y95.339 E117.01814
G0 F6000 X119.663 Y95.339
G1 F1200 X115.233 Y90.908 E117.22654
G0 F6000 X115.799 Y90.908
G1 F1200 X120.229 Y95.339 E117.43494
G0 F6000 X120.794 Y95.339
G1 F1200 X116.364 Y90.908 E117.64333
G0 F6000 X116.93 Y90.908
G1 F1200 X119.176 Y93.155 E117.749
G0 F6000 X119.004 Y92.417
G1 F1200 X117.496 Y90.908 E117.81996
G0 F6000 X118.061 Y90.908
G1 F1200 X118.966 Y91.813 E117.86253
G0 F6000 X118.965 Y91.246
G1 F1200 X118.627 Y90.908 E117.87842
G0 F6000 X118.627 Y90.448
G0 X119.352 Y90.52
G0 X119.744 Y92.637
G0 X119.953 Y93.189
G0 X120.144 Y93.465
G0 X121.169 Y94.582
G0 X121.046 Y95.025
G1 F1200 X121.323 Y95.301 E117.89143
G1 F2700 E112.89143
G0 F6000 X121.323 Y95.8
G0 X147.515 Y95.739
G0 X147.903 Y95.693
G0 X148.523 Y95.396
G0 X148.954 Y94.859
G0 X149.069 Y94.53
G0 X149.111 Y92.102
G0 X149.069 Y91.718
G0 X148.954 Y91.389
G0 X148.522 Y90.85
G0 X148.232 Y90.667
G0 X147.905 Y90.555
G0 X147.515 Y90.509
G0 X143.396 Y90.52
G0 X143.075 Y93.329
G0 X140.951 Y94.793
G0 X138.551 Y93.881
G0 X137.863 Y92.042
G0 X137.852 Y90.52
G0 X124.896 Y90.52
G0 X124.575 Y93.329
G0 X122.748 Y94.66
G0 X122.862 Y95.143
G1 F2700 E117.89143
G1 F1200 X123.037 Y95.319 E117.89968
G0 F6000 X123.277 Y94.993
G1 F1200 X123.623 Y95.339 E117.91596
G0 F6000 X123.65 Y94.8
G1 F1200 X124.189 Y95.339 E117.94131
G0 F6000 X124.755 Y95.339
G1 F1200 X124.003 Y94.588 E117.97666
G0 F6000 X124.301 Y94.32
G1 F1200 X125.321 Y95.339 E118.02461
G0 F6000 X125.886 Y95.339
G1 F1200 X124.573 Y94.026 E118.08637
G0 F6000 X124.806 Y93.694
G1 F1200 X126.452 Y95.339 E118.16377
G0 F6000 X127.018 Y95.339
G1 F1200 X125.004 Y93.325 E118.25851
G0 F6000 X125.159 Y92.915
G1 F1200 X127.583 Y95.339 E118.37252
G0 F6000 X128.149 Y95.339
G1 F1200 X125.243 Y92.433 E118.50921
G0 F6000 X125.275 Y91.9
G1 F1200 X128.715 Y95.339 E118.671
G0 F6000 X129.28 Y95.339
G1 F1200 X125.28 Y91.338 E118.85917
G0 F6000 X125.415 Y90.908
G1 F1200 X129.846 Y95.339 E119.06759
G0 F6000 X130.412 Y95.339
G1 F1200 X125.98 Y90.908 E119.27603
G0 F6000 X126.546 Y90.908
G1 F1200 X130.977 Y95.339 E119.48445
G0 F6000 X131.543 Y95.339
G1 F1200 X127.112 Y90.908 E119.69287
G0 F6000 X127.677 Y90.908
G1 F1200 X132.109 Y95.339 E119.90132
G0 F6000 X132.674 Y95.339
G1 F1200 X128.243 Y90.908 E120.10974
G0 F6000 X128.809 Y90.908
G1 F1200 X133.24 Y95.339 E120.31816
G0 F6000 X133.806 Y95.339
G1 F1200 X129.374 Y90.908 E120.5266
G0 F6000 X129.94 Y90.908
G1 F1200 X134.372 Y95.339 E120.73505
G0 F6000 X134.937 Y95.339
G1 F1200 X130.506 Y90.908 E120.94347
G0 F6000 X131.071 Y90.908
G1 F1200 X135.503 Y95.339 E121.15191
G0 F6000 X136.069 Y95.339
G1 F1200 X131.637 Y90.908 E121.36036
G0 F6000 X132.203 Y90.908
G1 F1200 X136.634 Y95.339 E121.56878
G0 F6000 X137.2 Y95.339
G1 F1200 X132.768 Y90.908 E121.77722
G0 F6000 X133.334 Y90.908
G1 F1200 X137.766 Y95.339 E121.98567
G0 F6000 X138.331 Y95.339
G1 F1200 X133.9 Y90.908 E122.19409
G0 F6000 X134.466 Y90.908
G1 F1200 X138.897 Y95.339 E122.40251
G0 F6000 X139.463 Y95.339
G1 F1200 X138.46 Y94.337 E122.44966
G0 F6000 X138.192 Y94.069
G1 F1200 X135.031 Y90.908 E122.59834
G0 F6000 X135.597 Y90.908
G1 F1200 X137.573 Y92.883 E122.69127
G0 F6000 X137.483 Y92.228
G1 F1200 X136.163 Y90.908 E122.75336
G0 F6000 X136.728 Y90.908
G1 F1200 X137.466 Y91.645 E122.78804
G0 F6000 X137.464 Y91.078
G1 F1200 X137.294 Y90.908 E122.79604
G0 F6000 X137.294 Y90.448
G0 X137.852 Y90.52
G0 X138.244 Y92.637
G0 X138.453 Y93.189
G0 X138.726 Y93.583
G0 X139.929 Y94.644
G0 X139.813 Y95.124
G1 F1200 X139.972 Y95.283 E122.80352
G0 F6000 X139.972 Y95.8
G0 X147.515 Y95.739
G0 X147.903 Y95.693
G0 X148.523 Y95.396
G0 X148.954 Y94.859
G0 X149.069 Y94.53
G0 X149.111 Y92.102
G0 X149.069 Y91.718
G0 X148.954 Y91.389
G0 X148.522 Y90.85
G0 X148.232 Y90.667
G0 X147.905 Y90.555
G0 X147.515 Y90.509
G0 X143.396 Y90.52
G0 X143.107 Y93.048
G0 X141.374 Y94.63
G0 X141.484 Y95.098
G1 F1200 X141.725 Y95.339 E122.81486
G0 F6000 X141.887 Y94.935
G1 F1200 X142.292 Y95.34 E122.83391
G0 F6000 X142.857 Y95.34
G1 F1200 X142.261 Y94.743 E122.86196
G0 F6000 X142.591 Y94.508
G1 F1200 X143.423 Y95.34 E122.9011
G0 F6000 X143.989 Y95.34
G1 F1200 X142.889 Y94.24 E122.95284
G0 F6000 X143.142 Y93.927
G1 F1200 X144.555 Y95.34 E123.0193
G0 F6000 X145.12 Y95.34
G1 F1200 X143.375 Y93.595 E123.10138
G0 F6000 X143.55 Y93.204
G1 F1200 X145.686 Y95.34 E123.20185
G0 F6000 X146.252 Y95.34
G1 F1200 X143.7 Y92.788 E123.32189
G0 F6000 X143.761 Y92.284
G1 F1200 X146.817 Y95.34 E123.46564
G0 F6000 X147.383 Y95.34
G1 F1200 X143.776 Y91.733 E123.6353
G0 F6000 X143.781 Y91.172
G1 F1200 X147.882 Y95.273 E123.8282
G0 F6000 X148.261 Y95.087
G1 F1200 X144.083 Y90.908 E124.02474
G0 F6000 X144.649 Y90.908
G1 F1200 X148.526 Y94.786 E124.20713
G0 F6000 X148.683 Y94.377
G1 F1200 X145.214 Y90.908 E124.3703
G0 F6000 X145.78 Y90.908
G1 F1200 X148.712 Y93.841 E124.50823
G0 F6000 X148.712 Y93.275
G1 F1200 X146.346 Y90.908 E124.61955
G0 F6000 X146.911 Y90.908
G1 F1200 X148.712 Y92.709 E124.70426
G0 F6000 X148.712 Y92.144
G1 F1200 X147.477 Y90.908 E124.76237
G1 F2700 E119.76237
G0 F6000 X147.477 Y90.448
G0 X143.396 Y90.52
G0 X143.006 Y92.637
G0 X142.797 Y93.189
G0 X142.46 Y93.676
G0 X142.018 Y94.068
G0 X141.494 Y94.343
G0 X140.92 Y94.484
G0 X140.33 Y94.484
G0 X139.756 Y94.343
G0 X139.232 Y94.068
G0 X138.79 Y93.676
G0 X138.453 Y93.189
G0 X138.244 Y92.637
G0 X137.852 Y90.52
G0 X124.896 Y90.52
G0 X124.506 Y92.637
G0 X124.297 Y93.189
G0 X123.96 Y93.676
G0 X123.518 Y94.068
G0 X122.994 Y94.343
G0 X122.42 Y94.484
G0 X121.83 Y94.484
G0 X121.256 Y94.343
G0 X120.732 Y94.068
G0 X120.29 Y93.676
G0 X119.378 Y92.158
G0 X119.352 Y90.52
G0 X106.396 Y90.52
G0 X106.22 Y92.959
G0 X105.018 Y94.068
G0 X104.494 Y94.343
G0 X103.92 Y94.484
G0 X103.33 Y94.484
G0 X102.756 Y94.343
G0 X102.331 Y94.12
G0 X101.212 Y93.263
G0 X100.78 Y93.426
G1 F2700 E124.76237
G1 F1200 X98.262 Y90.908 E124.88081
G0 F6000 X98.828 Y90.908
G1 F1200 X100.524 Y92.605 E124.96061
G0 F6000 X100.466 Y91.981
G1 F1200 X99.394 Y90.908 E125.01106
G0 F6000 X99.959 Y90.908
G1 F1200 X100.465 Y91.414 E125.03486
G1 F2700 E120.03486
G0 F6000 X100.924 Y91.414
G0 X101.551 Y93.881
G0 X103.951 Y94.793
G0 X106.075 Y93.329
G0 X106.396 Y90.52
G0 X119.352 Y90.52
G0 X119.672 Y93.327
G0 X121.787 Y94.793
G0 X124.19 Y93.884
G0 X124.88 Y92.14
G0 X124.896 Y90.52
G0 X137.852 Y90.52
G0 X138.172 Y93.327
G0 X140.287 Y94.793
G0 X142.69 Y93.884
G0 X143.38 Y92.14
G0 X143.396 Y90.52
G0 X147.515 Y90.509
G0 X147.905 Y90.555
G0 X148.232 Y90.667
G0 X148.773 Y91.103
G0 X148.954 Y91.389
G0 X149.069 Y91.718
G0 X149.111 Y94.146
G0 X149.069 Y94.53
G0 X148.773 Y95.145
G0 X148.523 Y95.396
G0 X147.903 Y95.693
G0 X147.515 Y95.739
G0 X97.437 Y96.062
G0 X97.394 Y105.801
G0 X95.498 Y105.801
G0 X94.938 Y105.869
G0 X94.386 Y106.078
G0 X93.899 Y106.415
G0 X93.507 Y106.857
G0 X93.232 Y107.381
G0 X93.091 Y107.955
G0 X93.091 Y108.545
G0 X93.232 Y109.119
G0 X93.507 Y109.643
G0 X93.899 Y110.085
G0 X94.386 Y110.422
G0 X96.131 Y110.946
G0 X96.129 Y111.403
G1 F2700 E125.03486
G1 F1200 X96.712 Y111.986 E125.06228
G0 F6000 X96.712 Y112.552
G1 F1200 X95.559 Y111.398 E125.11654
G0 F6000 X94.938 Y111.342
G1 F1200 X96.712 Y113.117 E125.2
G0 F6000 X96.712 Y113.683
G1 F1200 X94.094 Y111.065 E125.32315
G0 F6000 X94.286 Y110.652
G0 X97.1 Y111.02
G0 X97.1 Y123.976
G0 X94.706 Y124.12
G0 X93.507 Y125.357
G0 X93.232 Y125.881
G0 X93.091 Y126.455
G0 X93.091 Y127.045
G0 X93.232 Y127.619
G0 X93.507 Y128.143
G0 X93.73 Y128.394
G0 X94.87 Y129.374
G0 X94.742 Y129.814
G1 F1200 X96.712 Y131.785 E125.41583
G0 F6000 X96.712 Y131.219
G1 F1200 X95.391 Y129.898 E125.47797
G0 F6000 X95.961 Y129.902
G1 F1200 X96.712 Y130.654 E125.51332
G0 F6000 X96.712 Y130.088
G1 F1200 X96.531 Y129.906 E125.52186
G0 F6000 X96.533 Y129.447
G0 X97.1 Y129.52
G0 X97.437 Y138.938
G0 X97.799 Y139.2
G0 X97.799 Y139.66
G1 F1200 X100.525 Y142.386 E125.65008
G0 F6000 X100.641 Y141.936
G1 F1200 X98.365 Y139.66 E125.75713
G0 F6000 X98.931 Y139.66
G1 F1200 X100.795 Y141.525 E125.84483
G0 F6000 X101.018 Y141.182
G1 F1200 X99.496 Y139.66 E125.91642
G0 F6000 X100.062 Y139.66
G1 F1200 X101.248 Y140.846 E125.97221
G0 F6000 X101.547 Y140.579
G1 F1200 X100.628 Y139.66 E126.01544
G0 F6000 X101.193 Y139.66
G1 F1200 X101.852 Y140.319 E126.04643
G0 F6000 X102.226 Y140.127
G1 F1200 X101.759 Y139.66 E126.0684
G0 F6000 X102.325 Y139.66
G1 F1200 X102.615 Y139.951 E126.08206
G0 F6000 X102.936 Y139.705
G1 F1200 X103.031 Y139.801 E126.08656
G1 F2700 E121.08656
G0 F6000 X103.152 Y140.301
G0 X105.197 Y140.668
G0 X106.38 Y142.856
G0 X106.396 Y144.476
G0 X119.352 Y144.476
G0 X119.672 Y141.669
G0 X121.795 Y140.203
G0 X124.19 Y141.112
G0 X124.88 Y142.856
G0 X124.896 Y144.476
G0 X137.852 Y144.476
G0 X138.172 Y141.669
G0 X140.295 Y140.203
G0 X142.69 Y141.112
G0 X143.38 Y142.856
G0 X143.396 Y144.476
G0 X147.518 Y144.487
G0 X147.905 Y144.444
G0 X148.522 Y144.146
G0 X148.955 Y143.606
G0 X149.069 Y143.281
G0 X149.111 Y140.854
G0 X149.069 Y140.467
G0 X148.772 Y139.849
G0 X148.523 Y139.6
G0 X147.905 Y139.303
G0 X104.603 Y139.2
G0 X104.603 Y139.676
G1 F2700 E126.08656
G1 F1200 X105.091 Y140.163 E126.10949
G0 F6000 X105.153 Y139.66
G1 F1200 X109.581 Y144.088 E126.31777
G0 F6000 X109.015 Y144.088
G1 F1200 X106.449 Y141.521 E126.43849
G0 F6000 X106.717 Y142.355
G1 F1200 X108.45 Y144.088 E126.52
G0 F6000 X107.884 Y144.088
G1 F1200 X106.777 Y142.981 E126.57207
G0 F6000 X106.779 Y143.549
G1 F1200 X107.318 Y144.088 E126.59743
G0 F6000 X107.318 Y144.548
G0 X110.147 Y144.548
G0 X110.147 Y144.088
G1 F1200 X105.719 Y139.66 E126.8057
G0 F6000 X106.285 Y139.66
G1 F1200 X110.712 Y144.088 E127.01396
G0 F6000 X111.278 Y144.088
G1 F1200 X106.85 Y139.66 E127.22224
G0 F6000 X107.416 Y139.66
G1 F1200 X111.844 Y144.088 E127.43052
G0 F6000 X112.409 Y144.088
G1 F1200 X107.982 Y139.66 E127.63878
G0 F6000 X108.547 Y139.66
G1 F1200 X112.975 Y144.088 E127.84706
G0 F6000 X113.541 Y144.088
G1 F1200 X109.113 Y139.66 E128.05533
G0 F6000 X109.679 Y139.66
G1 F1200 X114.107 Y144.088 E128.26361
G0 F6000 X114.672 Y144.088
G1 F1200 X110.244 Y139.66 E128.47189
G0 F6000 X110.81 Y139.66
G1 F1200 X115.238 Y144.088 E128.68017
G0 F6000 X115.804 Y144.088
G1 F1200 X111.376 Y139.66 E128.88845
G0 F6000 X111.941 Y139.66
G1 F1200 X116.369 Y144.088 E129.09673
G0 F6000 X116.935 Y144.088
G1 F1200 X112.507 Y139.66 E129.30501
G0 F6000 X113.073 Y139.66
G1 F1200 X117.501 Y144.088 E129.51329
G0 F6000 X118.066 Y144.088
G1 F1200 X113.638 Y139.66 E129.72157
G0 F6000 X114.204 Y139.66
G1 F1200 X118.632 Y144.088 E129.92985
G0 F6000 X118.966 Y143.856
G1 F1200 X114.77 Y139.66 E130.12722
G0 F6000 X115.335 Y139.66
G1 F1200 X118.969 Y143.293 E130.29813
G0 F6000 X118.979 Y142.738
G1 F1200 X115.901 Y139.66 E130.44291
G0 F6000 X116.467 Y139.66
G1 F1200 X119.045 Y142.238 E130.56417
G0 F6000 X119.187 Y141.815
G1 F1200 X117.033 Y139.66 E130.66551
G0 F6000 X117.598 Y139.66
G1 F1200 X119.356 Y141.418 E130.7482
G0 F6000 X119.586 Y141.082
G1 F1200 X118.164 Y139.66 E130.81509
G0 F6000 X118.73 Y139.66
G1 F1200 X119.837 Y140.767 E130.86716
G0 F6000 X120.135 Y140.5
G1 F1200 X119.295 Y139.66 E130.90667
G0 F6000 X119.861 Y139.66
G1 F1200 X120.463 Y140.262 E130.93498
G0 F6000 X120.837 Y140.07
G1 F1200 X120.427 Y139.66 E130.95427
G0 F6000 X120.992 Y139.66
G1 F1200 X121.238 Y139.905 E130.96582
G1 F2700 E125.96582
G0 F6000 X121.351 Y140.374
G0 X123.697 Y140.668
G0 X124.88 Y142.856
G0 X124.896 Y144.476
G0 X137.852 Y144.476
G0 X138.172 Y141.669
G0 X140.295 Y140.203
G0 X142.69 Y141.112
G0 X143.38 Y142.856
G0 X143.396 Y144.476
G0 X147.518 Y144.487
G0 X147.905 Y144.444
G0 X148.522 Y144.146
G0 X148.955 Y143.606
G0 X149.069 Y143.281
G0 X149.111 Y140.854
G0 X149.069 Y140.467
G0 X148.772 Y139.849
G0 X148.523 Y139.6
G0 X147.905 Y139.303
G0 X122.748 Y139.2
G0 X122.748 Y139.719
G1 F2700 E130.96582
G1 F1200 X122.883 Y139.854 E130.97217
G0 F6000 X123.255 Y139.66
G1 F1200 X123.985 Y140.39 E131.0065
G0 F6000 X123.821 Y139.66
G1 F1200 X128.249 Y144.088 E131.21478
G0 F6000 X128.814 Y144.088
G1 F1200 X124.386 Y139.66 E131.42306
G0 F6000 X124.952 Y139.66
G1 F1200 X129.38 Y144.088 E131.63134
G0 F6000 X129.946 Y144.088
G1 F1200 X125.518 Y139.66 E131.83962
G0 F6000 X126.084 Y139.66
G1 F1200 X130.511 Y144.088 E132.04788
G0 F6000 X131.077 Y144.088
G1 F1200 X126.649 Y139.66 E132.25616
G0 F6000 X127.215 Y139.66
G1 F1200 X131.643 Y144.088 E132.46444
G0 F6000 X132.208 Y144.088
G1 F1200 X127.781 Y139.66 E132.67269
G0 F6000 X128.346 Y139.66
G1 F1200 X132.774 Y144.088 E132.88097
G0 F6000 X133.34 Y144.088
G1 F1200 X128.912 Y139.66 E133.08925
G0 F6000 X129.478 Y139.66
G1 F1200 X133.906 Y144.088 E133.29753
G0 F6000 X134.471 Y144.088
G1 F1200 X130.043 Y139.66 E133.50581
G0 F6000 X130.609 Y139.66
G1 F1200 X135.037 Y144.088 E133.71409
G0 F6000 X135.603 Y144.088
G1 F1200 X131.175 Y139.66 E133.92237
G0 F6000 X131.74 Y139.66
G1 F1200 X136.168 Y144.088 E134.13065
G0 F6000 X136.734 Y144.088
G1 F1200 X132.306 Y139.66 E134.33893
G0 F6000 X132.872 Y139.66
G1 F1200 X137.3 Y144.088 E134.54721
G0 F6000 X137.467 Y143.689
G1 F1200 X133.437 Y139.66 E134.73674
G0 F6000 X134.003 Y139.66
G1 F1200 X137.47 Y143.127 E134.89982
G0 F6000 X137.499 Y142.59
G1 F1200 X134.569 Y139.66 E135.03764
G0 F6000 X135.134 Y139.66
G1 F1200 X137.578 Y142.104 E135.1526
G0 F6000 X137.732 Y141.692
G1 F1200 X135.7 Y139.66 E135.24818
G0 F6000 X136.266 Y139.66
G1 F1200 X137.924 Y141.318 E135.32616
G0 F6000 X138.154 Y140.982
G1 F1200 X136.832 Y139.66 E135.38835
G0 F6000 X137.397 Y139.66
G1 F1200 X138.425 Y140.688 E135.4367
G0 F6000 X138.724 Y140.422
G1 F1200 X137.963 Y139.66 E135.47252
G0 F6000 X138.529 Y139.66
G1 F1200 X139.074 Y140.206 E135.49818
G0 F6000 X139.448 Y140.014
G1 F1200 X139.094 Y139.66 E135.51483
G0 F6000 X139.677 Y139.677
G1 F1200 X139.861 Y139.861 E135.52348
G0 F6000 X139.978 Y140.344
G0 X142.197 Y140.668
G0 X143.38 Y142.856
G0 X143.396 Y144.476
G0 X147.518 Y144.487
G0 X147.905 Y144.444
G0 X148.522 Y144.146
G0 X148.955 Y143.606
G0 X149.069 Y143.281
G0 X149.111 Y140.854
G0 X149.069 Y140.467
G0 X148.772 Y139.849
G0 X148.523 Y139.6
G0 X147.905 Y139.303
G0 X141.398 Y139.2
G0 X141.398 Y139.701
G1 F1200 X141.652 Y139.955 E135.53543
G0 F6000 X141.923 Y139.66
G1 F1200 X146.35 Y144.087 E135.74366
G0 F6000 X145.784 Y144.087
G1 F1200 X143.589 Y141.892 E135.84691
G0 F6000 X143.748 Y142.616
G1 F1200 X145.219 Y144.088 E135.91612
G0 F6000 X144.654 Y144.088
G1 F1200 X143.777 Y143.212 E135.95735
G0 F6000 X143.781 Y143.781
G1 F1200 X144.088 Y144.088 E135.97179
G0 F6000 X144.088 Y144.548
G0 X146.916 Y144.548
G0 X146.916 Y144.087
G1 F1200 X142.488 Y139.66 E136.18005
G0 F6000 X143.054 Y139.66
G1 F1200 X147.481 Y144.087 E136.38828
G0 F6000 X147.959 Y143.999
G1 F1200 X143.62 Y139.66 E136.59237
G0 F6000 X144.185 Y139.66
G1 F1200 X148.314 Y143.788 E136.78657
G0 F6000 X148.565 Y143.474
G1 F1200 X144.751 Y139.66 E136.96596
G0 F6000 X145.317 Y139.66
G1 F1200 X148.693 Y143.036 E137.12476
G0 F6000 X148.712 Y142.49
G1 F1200 X145.882 Y139.66 E137.25788
G0 F6000 X146.448 Y139.66
G1 F1200 X148.712 Y141.924 E137.36437
G0 F6000 X148.712 Y141.358
G1 F1200 X147.014 Y139.66 E137.44424
G0 F6000 X147.589 Y139.67
G1 F1200 X148.702 Y140.782 E137.49656
G1 F2700 E132.49656
G0 F6000 X149.159 Y140.733
G0 X149.069 Y143.281
G0 X148.955 Y143.606
G0 X148.522 Y144.146
G0 X147.905 Y144.444
G0 X147.518 Y144.487
G0 X143.396 Y144.476
G0 X143.127 Y141.805
G0 X142.018 Y140.932
G0 X141.494 Y140.657
G0 X140.92 Y140.516
G0 X140.33 Y140.516
G0 X139.756 Y140.657
G0 X139.232 Y140.932
G0 X138.79 Y141.324
G0 X137.869 Y142.856
G0 X137.852 Y144.476
G0 X127.683 Y144.548
G0 X127.683 Y144.088
G1 F2700 E137.49656
G1 F1200 X124.606 Y141.011 E137.6413
G0 F6000 X124.228 Y141.272
G0 X124.747 Y142.286
G0 X125.191 Y142.162
G1 F1200 X127.117 Y144.088 E137.73189
G0 F6000 X126.552 Y144.088
G1 F1200 X125.27 Y142.807 E137.79217
G0 F6000 X125.279 Y143.381
G1 F1200 X125.986 Y144.088 E137.82542
G0 F6000 X125.42 Y144.088
G1 F1200 X125.282 Y143.949 E137.83194
G1 F2700 E132.83194
;MESH:NONMESH
G0 F300 X125.282 Y143.949 Z0.4
G0 F6000 X124.822 Y143.95
G0 X124.506 Y142.363
G0 X124.297 Y141.811
G0 X123.96 Y141.324
G0 X123.518 Y140.932
G0 X122.994 Y140.657
G0 X122.42 Y140.516
G0 X121.83 Y140.516
G0 X121.256 Y140.657
G0 X120.732 Y140.932
G0 X120.29 Y141.324
G0 X119.953 Y141.811
G0 X119.744 Y142.363
G0 X119.352 Y144.476
G0 X106.049 Y144.826
G0 X104.96 Y144.826
G0 X88.146 Y155.45
;TIME_ELAPSED:259.007986
;LAYER:1
M106 S85
;TYPE:SKIRT
G1 F2700 E137.83194
G1 F1200 X87.301 Y155.439 E137.86005
G1 X86.316 Y155.377 E137.89287
G1 X85.787 Y155.318 E137.91058
G1 X84.895 Y155.178 E137.94061
G1 X84.019 Y154.96 E137.97063
G1 X83.525 Y154.8 E137.9879
G1 X83.043 Y154.63 E138.0049
G1 X82.206 Y154.292 E138.03492
G1 X81.401 Y153.882 E138.06497
G1 X80.543 Y153.352 E138.09851
G1 X79.802 Y152.835 E138.12857
G1 X78.81 Y151.969 E138.17236
G1 X78.45 Y151.611 E138.18925
G1 X77.838 Y150.946 E138.21931
G1 X77.177 Y150.068 E138.25586
G1 X76.769 Y149.436 E138.28088
G1 X76.608 Y149.167 E138.29131
G1 X76.179 Y148.373 E138.32133
G1 X75.724 Y147.273 E138.36092
G1 X75.555 Y146.786 E138.37806
G1 X75.297 Y145.921 E138.40809
G1 X75.116 Y145.036 E138.43813
G1 X74.997 Y144.061 E138.4708
G1 X74.936 Y143.092 E138.50309
G1 X74.926 Y142.436 E138.52491
G1 X74.925 Y92.769 E140.17684
G1 X74.936 Y91.926 E140.20489
G1 X74.998 Y90.941 E140.23771
G1 X75.057 Y90.412 E140.25541
G1 X75.197 Y89.52 E140.28545
G1 X75.415 Y88.644 E140.31547
G1 X75.577 Y88.145 E140.33292
G1 X75.748 Y87.661 E140.34999
G1 X76.086 Y86.824 E140.38002
G1 X76.497 Y86.02 E140.41005
G1 X76.751 Y85.596 E140.42649
G1 X77.025 Y85.164 E140.4435
G1 X77.542 Y84.423 E140.47355
G1 X78.407 Y83.435 E140.51723
G1 X78.767 Y83.073 E140.53421
G1 X79.431 Y82.461 E140.56424
G1 X80.147 Y81.911 E140.59427
G1 X80.56 Y81.636 E140.61078
G1 X81.001 Y81.358 E140.62812
G1 X81.785 Y80.911 E140.65813
G1 X82.606 Y80.535 E140.68817
G1 X83.091 Y80.352 E140.70541
G1 X83.583 Y80.181 E140.72273
G1 X84.449 Y79.923 E140.75279
G1 X85.334 Y79.742 E140.78283
G1 X86.31 Y79.622 E140.81554
G1 X87.281 Y79.561 E140.8479
G1 X87.939 Y79.551 E140.86978
G1 X100.941 Y79.55 E141.30223
G1 X102.228 Y79.567 E141.34504
G1 X104.852 Y79.567 E141.43232
G1 X105.443 Y79.554 E141.45198
G1 X119.44 Y79.55 E141.91752
G1 X120.728 Y79.567 E141.96036
G1 X123.352 Y79.567 E142.04764
G1 X123.943 Y79.554 E142.0673
G1 X137.94 Y79.55 E142.53284
G1 X139.228 Y79.567 E142.57568
G1 X141.852 Y79.567 E142.66296
G1 X142.443 Y79.554 E142.68262
G1 X146.851 Y79.55 E142.82923
G1 X147.699 Y79.561 E142.85744
G1 X148.684 Y79.623 E142.89026
G1 X149.213 Y79.682 E142.90797
G1 X150.105 Y79.822 E142.938
G1 X150.981 Y80.04 E142.96802
G1 X151.475 Y80.2 E142.98529
G1 X151.957 Y80.37 E143.00229
G1 X152.794 Y80.708 E143.03232
G1 X153.599 Y81.118 E143.06236
G1 X154.457 Y81.648 E143.09591
G1 X155.198 Y82.165 E143.12596
G1 X156.18 Y83.021 E143.16929
G1 X156.539 Y83.377 E143.1861
G1 X157.152 Y84.041 E143.21616
G1 X157.703 Y84.756 E143.24618
G1 X157.987 Y85.183 E143.26324
G1 X158.268 Y85.629 E143.28077
G1 X158.715 Y86.413 E143.31079
G1 X159.091 Y87.235 E143.34085
G1 X159.271 Y87.711 E143.35778
G1 X159.442 Y88.202 E143.37507
G1 X159.701 Y89.067 E143.4051
G1 X159.882 Y89.952 E143.43515
G1 X160.002 Y90.931 E143.46795
G1 X160.065 Y91.987 E143.50314
G1 X160.075 Y93.378 E143.5494
G1 X160.064 Y94.317 E143.58064
G1 X160 Y95.33 E143.6144
G1 X159.938 Y95.875 E143.63264
G1 X159.776 Y96.863 E143.66594
G1 X159.58 Y97.776 E143.697
G1 X159.369 Y98.699 E143.72849
G1 X158.878 Y101.158 E143.81189
G1 X158.444 Y103.708 E143.89792
G1 X158.096 Y106.171 E143.98066
G1 X157.806 Y108.743 E144.06674
G1 X157.596 Y111.248 E144.15035
G1 X157.455 Y113.786 E144.2349
G1 X157.386 Y116.32 E144.31921
G1 X157.389 Y118.859 E144.40366
G1 X157.463 Y121.419 E144.48884
G1 X157.609 Y123.95 E144.57316
G1 X157.824 Y126.447 E144.65652
G1 X158.12 Y129.022 E144.74273
G1 X158.475 Y131.497 E144.82589
G1 X158.909 Y134.016 E144.91091
G1 X159.414 Y136.518 E144.9958
G1 X159.677 Y137.671 E145.03513
G1 X159.802 Y138.271 E145.05552
G1 X159.957 Y139.258 E145.08875
G1 X160.007 Y139.722 E145.10427
G1 X160.066 Y140.75 E145.13852
G1 X160.075 Y142.156 E145.18528
G1 X160.064 Y143.072 E145.21575
G1 X160.002 Y144.061 E145.24871
G1 X159.943 Y144.589 E145.26638
G1 X159.803 Y145.481 E145.29641
G1 X159.585 Y146.357 E145.32644
G1 X159.425 Y146.849 E145.34364
G1 X159.255 Y147.331 E145.36064
G1 X158.917 Y148.168 E145.39067
G1 X158.507 Y148.973 E145.42071
G1 X157.988 Y149.816 E145.45364
G1 X157.473 Y150.557 E145.48365
G1 X156.894 Y151.251 E145.51371
G1 X156.211 Y151.948 E145.54617
G1 X155.545 Y152.558 E145.57621
G1 X154.828 Y153.107 E145.60625
G1 X154.007 Y153.637 E145.63875
G1 X153.223 Y154.085 E145.66878
G1 X152.402 Y154.462 E145.69883
G1 X151.896 Y154.653 E145.71682
G1 X151.405 Y154.823 E145.7341
G1 X150.54 Y155.08 E145.76411
G1 X149.655 Y155.26 E145.79415
G1 X148.69 Y155.378 E145.82649
G1 X147.719 Y155.439 E145.85884
G1 X147.061 Y155.449 E145.88073
G1 X143.309 Y155.45 E146.00552
G1 X142.022 Y155.433 E146.04833
G1 X139.398 Y155.433 E146.13561
G1 X138.807 Y155.446 E146.15527
G1 X124.81 Y155.45 E146.62081
G1 X123.522 Y155.433 E146.66365
G1 X120.898 Y155.433 E146.75093
G1 X120.307 Y155.446 E146.77059
G1 X106.31 Y155.45 E147.23613
G1 X105.022 Y155.433 E147.27898
G1 X102.398 Y155.433 E147.36625
G1 X101.807 Y155.446 E147.38591
G1 X88.146 Y155.45 E147.84028
G1 F2700 E142.84028
;MESH:Battery_holder.stl
G0 F7500 X104.96 Y144.826
G0 X117.5 Y144.648
;TYPE:WALL-INNER
G1 F2700 E147.84028
G1 F1350 X119.524 Y144.648 E147.9076
G1 X119.528 Y142.878 E147.96647
G1 X119.599 Y142.314 E147.98537
G1 X119.816 Y141.744 E148.00566
G1 X120.173 Y141.221 E148.02672
G1 X120.646 Y140.8 E148.04778
G1 X121.206 Y140.513 E148.06871
G1 X121.813 Y140.364 E148.0895
G1 X122.446 Y140.364 E148.11055
G1 X123.044 Y140.513 E148.13105
G1 X123.606 Y140.803 E148.15209
G1 X124.069 Y141.219 E148.17279
G1 X124.431 Y141.742 E148.19394
G1 X124.649 Y142.314 E148.2143
G1 X124.72 Y142.878 E148.23321
G1 X124.724 Y144.648 E148.29208
G1 X138.024 Y144.648 E148.73444
G1 X138.028 Y142.878 E148.79331
G1 X138.099 Y142.314 E148.81222
G1 X138.316 Y141.744 E148.8325
G1 X138.673 Y141.221 E148.85356
G1 X139.146 Y140.8 E148.87463
G1 X139.706 Y140.513 E148.89555
G1 X140.313 Y140.364 E148.91634
G1 X140.946 Y140.364 E148.9374
G1 X141.544 Y140.513 E148.95789
G1 X142.106 Y140.803 E148.97893
G1 X142.569 Y141.219 E148.99963
G1 X142.931 Y141.742 E149.02079
G1 X143.149 Y142.314 E149.04115
G1 X143.22 Y142.878 E149.06005
G1 X143.224 Y144.648 E149.11892
G1 X147.527 Y144.648 E149.26204
G1 X147.942 Y144.603 E149.27592
G1 X148.3 Y144.476 E149.28856
G1 X148.622 Y144.272 E149.30124
G1 X148.9 Y143.994 E149.31431
G1 X149.1 Y143.677 E149.32678
G1 X149.226 Y143.317 E149.33947
G1 X149.272 Y142.903 E149.35332
G1 X149.272 Y140.845 E149.42177
G1 X149.226 Y140.431 E149.43562
G1 X149.099 Y140.07 E149.44835
G1 X148.899 Y139.748 E149.46096
G1 X148.624 Y139.473 E149.4739
G1 X148.302 Y139.273 E149.4865
G1 X147.941 Y139.146 E149.49923
G1 X147.527 Y139.1 E149.51309
G1 X97.765 Y139.1 E151.16818
G1 X97.494 Y138.967 E151.17822
G1 X97.346 Y138.791 E151.18586
G1 X97.273 Y138.589 E151.19301
G1 X97.272 Y129.348 E151.50037
G1 X95.454 Y129.344 E151.56083
G1 X94.892 Y129.275 E151.57967
G1 X94.308 Y129.045 E151.60054
G1 X93.801 Y128.696 E151.62101
G1 X93.379 Y128.23 E151.64192
G1 X93.085 Y127.668 E151.66302
G1 X92.94 Y127.058 E151.68387
G1 X92.94 Y126.429 E151.70479
G1 X93.086 Y125.825 E151.72546
G1 X93.384 Y125.268 E151.74647
G1 X93.8 Y124.804 E151.7672
G1 X94.308 Y124.451 E151.78777
G1 X94.892 Y124.221 E151.80865
G1 X95.454 Y124.152 E151.82748
G1 X97.272 Y124.148 E151.88795
G1 X97.272 Y110.848 E152.33031
G1 X95.454 Y110.844 E152.39078
G1 X94.892 Y110.775 E152.40961
G1 X94.308 Y110.545 E152.43048
G1 X93.801 Y110.196 E152.45096
G1 X93.379 Y109.73 E152.47187
G1 X93.085 Y109.168 E152.49296
G1 X92.94 Y108.558 E152.51382
G1 X92.94 Y107.929 E152.53474
G1 X93.086 Y107.325 E152.5554
G1 X93.384 Y106.768 E152.57641
G1 X93.8 Y106.304 E152.59714
G1 X94.308 Y105.951 E152.61772
G1 X94.892 Y105.721 E152.63859
G1 X95.454 Y105.652 E152.65743
G1 X97.272 Y105.648 E152.71789
G1 X97.273 Y96.464 E153.02335
G1 X97.306 Y96.3 E153.02892
G1 X97.409 Y96.118 E153.03587
G1 X97.603 Y95.963 E153.04413
G1 X97.792 Y95.9 E153.05076
G1 X147.525 Y95.9 E154.70488
G1 X147.939 Y95.851 E154.71875
G1 X148.302 Y95.724 E154.73154
G1 X148.624 Y95.523 E154.74417
G1 X148.9 Y95.247 E154.75715
G1 X149.099 Y94.929 E154.76963
G1 X149.227 Y94.566 E154.78243
G1 X149.272 Y94.155 E154.79618
G1 X149.272 Y92.093 E154.86476
G1 X149.227 Y91.682 E154.87851
G1 X149.099 Y91.319 E154.89132
G1 X148.9 Y91.001 E154.90379
G1 X148.622 Y90.724 E154.91685
G1 X148.302 Y90.521 E154.92945
G1 X147.942 Y90.397 E154.94211
G1 X147.525 Y90.348 E154.95608
G1 X143.224 Y90.348 E155.09913
G1 X143.22 Y92.118 E155.158
G1 X143.149 Y92.683 E155.17694
G1 X142.931 Y93.254 E155.19727
G1 X142.569 Y93.777 E155.21842
G1 X142.107 Y94.192 E155.23908
G1 X141.544 Y94.487 E155.26022
G1 X140.934 Y94.632 E155.28107
G1 X140.305 Y94.632 E155.30199
G1 X139.703 Y94.487 E155.32259
G1 X139.144 Y94.194 E155.34358
G1 X138.673 Y93.775 E155.36455
G1 X138.316 Y93.252 E155.38561
G1 X138.099 Y92.683 E155.40586
G1 X138.028 Y92.118 E155.4248
G1 X138.024 Y90.348 E155.48367
G1 X124.724 Y90.348 E155.92603
G1 X124.72 Y92.118 E155.98491
G1 X124.649 Y92.683 E156.00384
G1 X124.431 Y93.254 E156.02417
G1 X124.069 Y93.777 E156.04533
G1 X123.607 Y94.192 E156.06598
G1 X123.044 Y94.487 E156.08712
G1 X122.434 Y94.632 E156.10798
G1 X121.805 Y94.632 E156.1289
G1 X121.203 Y94.487 E156.14949
G1 X120.644 Y94.194 E156.17049
G1 X120.173 Y93.775 E156.19145
G1 X119.816 Y93.252 E156.21251
G1 X119.599 Y92.683 E156.23277
G1 X119.528 Y92.118 E156.25171
G1 X119.524 Y90.348 E156.31058
G1 X106.224 Y90.348 E156.75294
G1 X106.22 Y92.118 E156.81181
G1 X106.149 Y92.683 E156.83075
G1 X105.931 Y93.254 E156.85108
G1 X105.569 Y93.777 E156.87223
G1 X105.107 Y94.192 E156.89289
G1 X104.544 Y94.487 E156.91403
G1 X103.934 Y94.632 E156.93488
G1 X103.305 Y94.632 E156.9558
G1 X102.703 Y94.487 E156.9764
G1 X102.144 Y94.194 E156.99739
G1 X101.673 Y93.775 E157.01836
G1 X101.316 Y93.252 E157.03942
G1 X101.099 Y92.683 E157.05967
G1 X101.028 Y92.118 E157.07861
G1 X101.024 Y90.348 E157.13748
G1 X87.471 Y90.348 E157.58826
G1 X87.054 Y90.397 E157.60222
G1 X86.695 Y90.52 E157.61485
G1 X86.378 Y90.723 E157.62737
G1 X86.099 Y91.003 E157.64051
G1 X85.896 Y91.321 E157.65306
G1 X85.77 Y91.682 E157.66578
G1 X85.724 Y92.093 E157.67953
G1 X85.724 Y142.903 E159.36948
G1 X85.77 Y143.318 E159.38337
G1 X85.895 Y143.675 E159.39595
G1 X86.099 Y143.994 E159.40854
G1 X86.379 Y144.273 E159.42169
G1 X86.697 Y144.476 E159.43424
G1 X87.054 Y144.602 E159.44683
G1 X87.469 Y144.648 E159.46072
G1 X101.024 Y144.648 E159.91156
G1 X101.028 Y142.878 E159.97043
G1 X101.099 Y142.314 E159.98933
G1 X101.316 Y141.744 E160.00962
G1 X101.673 Y141.221 E160.03068
G1 X102.146 Y140.8 E160.05174
G1 X102.706 Y140.513 E160.07267
G1 X103.313 Y140.364 E160.09346
G1 X103.946 Y140.364 E160.11451
G1 X104.544 Y140.513 E160.13501
G1 X105.106 Y140.803 E160.15605
G1 X105.569 Y141.219 E160.17675
G1 X105.931 Y141.742 E160.1979
G1 X106.149 Y142.314 E160.21826
G1 X106.22 Y142.878 E160.23717
G1 X106.224 Y144.648 E160.29604
G1 X117.5 Y144.648 E160.67108
G0 F7500 X117.5 Y145.048
;TYPE:WALL-OUTER
G1 F1350 X119.924 Y145.048 E160.7517
G1 X119.925 Y142.927 E160.82225
G1 X119.987 Y142.429 E160.83894
G1 X120.186 Y141.911 E160.8574
G1 X120.495 Y141.47 E160.87531
G1 X120.896 Y141.122 E160.89297
G1 X121.367 Y140.885 E160.9105
G1 X121.831 Y140.769 E160.92641
G1 X122.417 Y140.769 E160.9459
G1 X122.881 Y140.885 E160.96181
G1 X123.375 Y141.134 E160.98021
G1 X123.781 Y141.506 E160.99852
G1 X124.083 Y141.952 E161.01644
G1 X124.263 Y142.439 E161.03371
G1 X124.323 Y142.927 E161.05006
G1 X124.324 Y145.048 E161.12061
G1 X138.424 Y145.048 E161.58957
G1 X138.425 Y142.927 E161.66012
G1 X138.487 Y142.429 E161.67681
G1 X138.686 Y141.911 E161.69527
G1 X138.995 Y141.47 E161.71318
G1 X139.396 Y141.122 E161.73083
G1 X139.867 Y140.885 E161.74837
G1 X140.331 Y140.769 E161.76428
G1 X140.917 Y140.769 E161.78377
G1 X141.381 Y140.885 E161.79968
G1 X141.875 Y141.134 E161.81808
G1 X142.281 Y141.506 E161.83639
G1 X142.583 Y141.952 E161.85431
G1 X142.763 Y142.439 E161.87158
G1 X142.823 Y142.927 E161.88793
G1 X142.824 Y145.048 E161.95847
G1 X147.549 Y145.048 E162.11563
G1 X148.031 Y144.995 E162.13176
G1 X148.476 Y144.838 E162.14745
G1 X148.874 Y144.586 E162.16312
G1 X149.214 Y144.246 E162.17911
G1 X149.462 Y143.852 E162.1946
G1 X149.619 Y143.407 E162.21029
G1 X149.672 Y142.925 E162.22642
G1 X149.672 Y140.823 E162.29633
G1 X149.619 Y140.341 E162.31246
G1 X149.462 Y139.896 E162.32815
G1 X149.214 Y139.498 E162.34375
G1 X148.874 Y139.158 E162.35974
G1 X148.476 Y138.91 E162.37534
G1 X148.031 Y138.753 E162.39104
G1 X147.549 Y138.7 E162.40716
G1 X97.825 Y138.695 E164.06099
G1 X97.746 Y138.656 E164.06392
G1 X97.675 Y138.538 E164.0685
G1 X97.672 Y128.948 E164.38747
G1 X95.503 Y128.947 E164.45961
G1 X94.968 Y128.875 E164.47756
G1 X94.502 Y128.695 E164.49418
G1 X94.064 Y128.395 E164.51183
G1 X93.698 Y127.977 E164.53031
G1 X93.457 Y127.503 E164.548
G1 X93.343 Y127.027 E164.56428
G1 X93.345 Y126.457 E164.58324
G1 X93.474 Y125.947 E164.60073
G1 X93.698 Y125.519 E164.6168
G1 X94.064 Y125.105 E164.63518
G1 X94.502 Y124.801 E164.65291
G1 X95.015 Y124.609 E164.67113
G1 X95.503 Y124.549 E164.68749
G1 X97.672 Y124.548 E164.75963
G1 X97.672 Y110.448 E165.22859
G1 X95.503 Y110.447 E165.30074
G1 X94.968 Y110.375 E165.31869
G1 X94.502 Y110.195 E165.33531
G1 X94.064 Y109.895 E165.35296
G1 X93.698 Y109.477 E165.37144
G1 X93.457 Y109.003 E165.38913
G1 X93.343 Y108.527 E165.40541
G1 X93.345 Y107.957 E165.42437
G1 X93.474 Y107.447 E165.44186
G1 X93.698 Y107.019 E165.45793
G1 X94.064 Y106.605 E165.47631
G1 X94.502 Y106.301 E165.49404
G1 X95.015 Y106.109 E165.51226
G1 X95.503 Y106.049 E165.52861
G1 X97.672 Y106.048 E165.60075
G1 X97.675 Y96.462 E165.91959
G1 X97.746 Y96.344 E165.92417
G1 X97.837 Y96.302 E165.9275
G1 X147.548 Y96.3 E167.58089
G1 X148.03 Y96.243 E167.59704
G1 X148.476 Y96.086 E167.61276
G1 X148.874 Y95.838 E167.62836
G1 X149.214 Y95.498 E167.64435
G1 X149.462 Y95.104 E167.65984
G1 X149.619 Y94.655 E167.67566
G1 X149.672 Y94.177 E167.69165
G1 X149.672 Y92.071 E167.7617
G1 X149.619 Y91.593 E167.7777
G1 X149.462 Y91.144 E167.79352
G1 X149.214 Y90.75 E167.809
G1 X148.874 Y90.41 E167.82499
G1 X148.476 Y90.158 E167.84066
G1 X148.031 Y90.005 E167.85631
G1 X147.548 Y89.948 E167.87249
G1 X142.824 Y89.948 E168.02961
G1 X142.823 Y92.069 E168.10015
G1 X142.761 Y92.568 E168.11688
G1 X142.561 Y93.086 E168.13535
G1 X142.281 Y93.49 E168.1517
G1 X141.853 Y93.874 E168.17082
G1 X141.379 Y94.115 E168.18851
G1 X140.903 Y94.229 E168.20479
G1 X140.333 Y94.227 E168.22374
G1 X139.823 Y94.098 E168.24124
G1 X139.355 Y93.846 E168.25892
G1 X138.962 Y93.489 E168.27658
G1 X138.686 Y93.085 E168.29285
G1 X138.485 Y92.557 E168.31164
G1 X138.425 Y92.069 E168.328
G1 X138.424 Y89.948 E168.39854
G1 X124.324 Y89.948 E168.86751
G1 X124.323 Y92.069 E168.93805
G1 X124.261 Y92.568 E168.95478
G1 X124.061 Y93.086 E168.97325
G1 X123.781 Y93.49 E168.9896
G1 X123.353 Y93.874 E169.00872
G1 X122.879 Y94.115 E169.02641
G1 X122.403 Y94.229 E169.04269
G1 X121.833 Y94.227 E169.06165
G1 X121.323 Y94.098 E169.07914
G1 X120.855 Y93.846 E169.09682
G1 X120.462 Y93.489 E169.11448
G1 X120.186 Y93.085 E169.13075
G1 X119.985 Y92.557 E169.14954
G1 X119.925 Y92.069 E169.1659
G1 X119.924 Y89.948 E169.23644
G1 X105.824 Y89.948 E169.70541
G1 X105.823 Y92.069 E169.77595
G1 X105.761 Y92.568 E169.79268
G1 X105.561 Y93.086 E169.81115
G1 X105.281 Y93.49 E169.8275
G1 X104.853 Y93.874 E169.84662
G1 X104.379 Y94.115 E169.86431
G1 X103.903 Y94.229 E169.88059
G1 X103.333 Y94.227 E169.89955
G1 X102.823 Y94.098 E169.91704
G1 X102.355 Y93.846 E169.93472
G1 X101.962 Y93.489 E169.95238
G1 X101.686 Y93.085 E169.96865
G1 X101.485 Y92.557 E169.98744
G1 X101.425 Y92.069 E170.0038
G1 X101.424 Y89.948 E170.07434
G1 X87.448 Y89.948 E170.53919
G1 X86.965 Y90.005 E170.55536
G1 X86.52 Y90.158 E170.57101
G1 X86.126 Y90.409 E170.58655
G1 X85.785 Y90.751 E170.60261
G1 X85.534 Y91.145 E170.61815
G1 X85.377 Y91.593 E170.63394
G1 X85.324 Y92.071 E170.64994
G1 X85.324 Y142.925 E172.34135
G1 X85.377 Y143.407 E172.35748
G1 X85.533 Y143.851 E172.37313
G1 X85.785 Y144.246 E172.38871
G1 X86.127 Y144.587 E172.40478
G1 X86.521 Y144.838 E172.42031
G1 X86.965 Y144.995 E172.43598
G1 X87.447 Y145.048 E172.4521
G1 X101.424 Y145.048 E172.91698
G1 X101.425 Y142.927 E172.98753
G1 X101.487 Y142.429 E173.00422
G1 X101.686 Y141.911 E173.02267
G1 X101.995 Y141.47 E173.04058
G1 X102.396 Y141.122 E173.05824
G1 X102.867 Y140.885 E173.07578
G1 X103.331 Y140.769 E173.09169
G1 X103.917 Y140.769 E173.11118
G1 X104.381 Y140.885 E173.12709
G1 X104.875 Y141.134 E173.14549
G1 X105.281 Y141.506 E173.1638
G1 X105.583 Y141.952 E173.18172
G1 X105.763 Y142.439 E173.19898
G1 X105.823 Y142.927 E173.21534
G1 X105.824 Y145.048 E173.28588
G1 X117.5 Y145.048 E173.67423
G0 F7500 X117.5 Y144.288
;TYPE:SKIN
G1 F1350 X106.584 Y144.288 E174.03729
G1 X106.575 Y142.831 E174.08576
G1 X106.503 Y142.243 E174.10546
G1 X106.241 Y141.553 E174.13001
G1 X105.853 Y140.997 E174.15256
G1 X105.312 Y140.502 E174.17695
G1 X104.688 Y140.181 E174.20029
G1 F1227.3 X104.022 Y139.971 E174.22583
G1 F1129.7 X103.255 Y139.969 E174.25632
G1 F1232.9 X102.56 Y140.181 E174.28278
G1 F1350 X101.96 Y140.49 E174.30523
G1 X101.415 Y140.966 E174.3293
G1 X101.002 Y141.559 E174.35333
G1 X100.756 Y142.197 E174.37608
G1 X100.669 Y142.826 E174.3972
G1 X100.664 Y144.288 E174.44582
G1 X87.488 Y144.288 E174.88406
G1 X87.138 Y144.247 E174.89578
G1 X86.853 Y144.147 E174.90582
G1 X86.602 Y143.986 E174.91574
G1 X86.381 Y143.769 E174.92604
G1 X86.221 Y143.515 E174.93603
G1 X86.121 Y143.235 E174.94592
G1 X86.085 Y142.881 E174.95775
G1 X86.084 Y92.111 E176.64637
G1 X86.121 Y91.761 E176.65807
G1 X86.221 Y91.481 E176.66796
G1 X86.382 Y91.226 E176.67799
G1 X86.603 Y91.005 E176.68839
G1 X86.852 Y90.846 E176.69822
G1 X87.133 Y90.749 E176.7081
G1 X87.492 Y90.708 E176.72012
G1 X100.664 Y90.708 E177.15822
G1 X100.665 Y92.058 E177.20312
G1 X100.742 Y92.755 E177.22645
G1 X101.002 Y93.433 E177.2506
G1 X101.382 Y93.993 E177.27311
G1 X101.923 Y94.478 E177.29727
G1 X102.551 Y94.814 E177.32096
G1 F1227.3 X103.231 Y95.026 E177.34702
G1 F1127.3 X103.989 Y95.028 E177.37721
G1 F1230.1 X104.688 Y94.814 E177.4039
G1 F1350 X105.327 Y94.477 E177.42793
G1 X105.823 Y94.029 E177.45016
G1 X106.241 Y93.439 E177.47421
G1 X106.502 Y92.755 E177.49855
G1 X106.575 Y92.165 E177.51833
G1 X106.584 Y90.708 E177.56679
G1 X119.164 Y90.708 E177.9852
G1 X119.165 Y92.058 E178.0301
G1 X119.242 Y92.755 E178.05343
G1 X119.502 Y93.433 E178.07758
G1 X119.882 Y93.993 E178.10009
G1 X120.423 Y94.478 E178.12425
G1 X121.051 Y94.814 E178.14794
G1 F1227.3 X121.731 Y95.026 E178.174
G1 F1127.3 X122.489 Y95.028 E178.20419
G1 F1230.1 X123.188 Y94.814 E178.23088
G1 F1350 X123.827 Y94.477 E178.2549
G1 X124.323 Y94.029 E178.27713
G1 X124.741 Y93.439 E178.30118
G1 X125.002 Y92.755 E178.32553
G1 X125.075 Y92.165 E178.34531
G1 X125.084 Y90.708 E178.39377
G1 X137.664 Y90.708 E178.81218
G1 X137.665 Y92.058 E178.85708
G1 X137.742 Y92.755 E178.8804
G1 X138.002 Y93.433 E178.90456
G1 X138.382 Y93.993 E178.92707
G1 X138.923 Y94.478 E178.95123
G1 X139.551 Y94.814 E178.97492
G1 F1227.3 X140.231 Y95.026 E179.00098
G1 F1127.3 X140.989 Y95.028 E179.03117
G1 F1230.1 X141.688 Y94.814 E179.05785
G1 F1350 X142.327 Y94.477 E179.08188
G1 X142.823 Y94.029 E179.10411
G1 X143.241 Y93.439 E179.12816
G1 X143.502 Y92.755 E179.15251
G1 X143.575 Y92.165 E179.17228
G1 X143.584 Y90.708 E179.22075
G1 X147.5 Y90.708 E179.35099
G1 X147.859 Y90.749 E179.36301
G1 X148.14 Y90.846 E179.3729
G1 X148.398 Y91.01 E179.38307
G1 X148.614 Y91.226 E179.39323
G1 X148.77 Y91.472 E179.40291
G1 X148.871 Y91.761 E179.4131
G1 X148.912 Y92.112 E179.42485
G1 X148.912 Y94.132 E179.49204
G1 X148.871 Y94.483 E179.50379
G1 X148.77 Y94.772 E179.51397
G1 X148.614 Y95.018 E179.52366
G1 X148.398 Y95.238 E179.53391
G1 X148.149 Y95.39 E179.54362
G1 X147.853 Y95.496 E179.55407
G1 X147.499 Y95.54 E179.56594
G1 X141.727 Y95.54 E179.75792
G1 F1230.1 X141.03 Y95.501 E179.7834
G1 F1127.3 X140.175 Y95.499 E179.81745
G1 F1227.3 X139.512 Y95.539 E179.84175
G1 F1350 X123.227 Y95.54 E180.3834
G1 F1230.1 X122.53 Y95.501 E180.40888
G1 F1127.3 X121.675 Y95.499 E180.44293
G1 F1227.3 X121.012 Y95.539 E180.46723
G1 F1350 X104.727 Y95.54 E181.00887
G1 F1230.1 X104.03 Y95.501 E181.03436
G1 F1127.3 X103.175 Y95.499 E181.06841
G1 F1227.3 X102.512 Y95.539 E181.09271
G1 F1350 X97.712 Y95.54 E181.25236
G1 X97.404 Y95.662 E181.26338
G1 X97.13 Y95.883 E181.27509
G1 X96.963 Y96.181 E181.28645
G1 X96.912 Y96.444 E181.29536
G1 X96.912 Y105.288 E181.58951
G1 X95.403 Y105.293 E181.6397
G1 X94.785 Y105.376 E181.66044
G1 X94.161 Y105.613 E181.68264
G1 X93.54 Y106.052 E181.70793
G1 X93.116 Y106.512 E181.72874
G1 X92.741 Y107.217 E181.7553
G1 X92.585 Y107.865 E181.77747
G1 X92.582 Y108.611 E181.80228
G1 X92.754 Y109.317 E181.82645
G1 X93.073 Y109.931 E181.84946
G1 X93.583 Y110.482 E181.87444
G1 X94.165 Y110.879 E181.89787
G1 X94.78 Y111.115 E181.91978
G1 X95.407 Y111.199 E181.94082
G1 X96.912 Y111.208 E181.99088
G1 X96.912 Y123.788 E182.40929
G1 X95.403 Y123.793 E182.45948
G1 X94.785 Y123.876 E182.48022
G1 X94.161 Y124.113 E182.50242
G1 X93.54 Y124.552 E182.52771
G1 X93.116 Y125.012 E182.54852
G1 X92.741 Y125.717 E182.57508
G1 X92.585 Y126.365 E182.59725
G1 X92.582 Y127.111 E182.62206
G1 X92.754 Y127.817 E182.64623
G1 X93.073 Y128.431 E182.66924
G1 X93.583 Y128.982 E182.69421
G1 X94.165 Y129.379 E182.71765
G1 X94.78 Y129.615 E182.73955
G1 X95.407 Y129.699 E182.76059
G1 X96.912 Y129.708 E182.81065
G1 X96.915 Y138.578 E183.10567
G1 X96.963 Y138.816 E183.11374
G1 X97.13 Y139.109 E183.12496
G1 X97.406 Y139.336 E183.13685
G1 X97.707 Y139.46 E183.14768
G1 X102.521 Y139.46 E183.30779
G1 F1232.9 X103.214 Y139.498 E183.33307
G1 F1129.7 X104.079 Y139.499 E183.36745
G1 F1227.3 X104.73 Y139.46 E183.39131
G1 F1350 X121.021 Y139.46 E183.93315
G1 F1232.9 X121.714 Y139.498 E183.95842
G1 F1129.7 X122.579 Y139.499 E183.9928
G1 F1227.3 X123.23 Y139.46 E184.01667
G1 F1350 X139.521 Y139.46 E184.55851
G1 F1232.9 X140.214 Y139.498 E184.58378
G1 F1129.7 X141.079 Y139.499 E184.61816
G1 F1227.3 X141.73 Y139.46 E184.64202
G1 F1350 X147.505 Y139.46 E184.8341
G1 X147.855 Y139.497 E184.84581
G1 X148.148 Y139.602 E184.85616
G1 X148.394 Y139.754 E184.86578
G1 X148.614 Y139.977 E184.8762
G1 X148.767 Y140.22 E184.88575
G1 X148.872 Y140.514 E184.89613
G1 X148.912 Y140.864 E184.90785
G1 X148.912 Y142.88 E184.9749
G1 X148.871 Y143.235 E184.98678
G1 X148.77 Y143.524 E184.99697
G1 X148.618 Y143.762 E185.00636
G1 X148.394 Y143.99 E185.01699
G1 X148.144 Y144.146 E185.02679
G1 X147.855 Y144.247 E185.03697
G1 X147.504 Y144.287 E185.04872
G1 X143.584 Y144.288 E185.1791
G1 X143.575 Y142.831 E185.22756
G1 X143.503 Y142.243 E185.24727
G1 X143.241 Y141.553 E185.27182
G1 X142.853 Y140.997 E185.29437
G1 X142.312 Y140.502 E185.31875
G1 X141.688 Y140.181 E185.34209
G1 F1227.3 X141.022 Y139.971 E185.36764
G1 F1129.7 X140.255 Y139.969 E185.39813
G1 F1232.9 X139.56 Y140.181 E185.42459
G1 F1350 X138.96 Y140.49 E185.44704
G1 X138.415 Y140.966 E185.47111
G1 X138.002 Y141.559 E185.49514
G1 X137.756 Y142.197 E185.51788
G1 X137.669 Y142.826 E185.539
G1 X137.664 Y144.288 E185.58763
G1 X125.084 Y144.288 E186.00604
G1 X125.075 Y142.831 E186.0545
G1 X125.003 Y142.243 E186.07421
G1 X124.741 Y141.553 E186.09876
G1 X124.353 Y140.997 E186.12131
G1 X123.812 Y140.502 E186.14569
G1 X123.188 Y140.181 E186.16903
G1 F1227.3 X122.522 Y139.971 E186.19458
G1 F1129.7 X121.755 Y139.969 E186.22507
G1 F1232.9 X121.06 Y140.181 E186.25153
G1 F1350 X120.46 Y140.49 E186.27398
G1 X119.915 Y140.966 E186.29805
G1 X119.502 Y141.559 E186.32208
G1 X119.256 Y142.197 E186.34482
G1 X119.169 Y142.826 E186.36594
G1 X119.164 Y144.288 E186.41457
G1 X117.5 Y144.288 E186.46991
G1 F2700 E181.46991
G0 F7500 X117.5 Y144.548
G0 X119.675 Y144.542
G0 X119.676 Y142.923
G0 X119.744 Y142.363
G0 X119.953 Y141.811
G0 X120.29 Y141.324
G0 X120.732 Y140.932
G0 X121.256 Y140.657
G0 X121.83 Y140.516
G0 X122.42 Y140.516
G0 X122.994 Y140.657
G0 X123.518 Y140.932
G0 X123.96 Y141.324
G0 X124.297 Y141.811
G0 X124.506 Y142.363
G0 X124.574 Y142.923
G0 X124.574 Y144.53
G0 X138.175 Y144.496
G0 X138.176 Y142.923
G0 X138.244 Y142.363
G0 X138.453 Y141.811
G0 X138.79 Y141.324
G0 X139.232 Y140.932
G0 X139.756 Y140.657
G0 X140.33 Y140.516
G0 X140.92 Y140.516
G0 X141.494 Y140.657
G0 X142.018 Y140.932
G0 X142.46 Y141.324
G0 X142.797 Y141.811
G0 X143.006 Y142.363
G0 X143.074 Y142.923
G0 X143.074 Y144.483
G0 X148.013 Y144.471
G0 X147.86 Y144.034
G1 F2700 E186.46991
G1 F1350 X148.659 Y143.234 E186.50752
G0 F7500 X148.712 Y142.616
G1 F1350 X147.24 Y144.088 E186.57676
G0 F7500 X146.674 Y144.088
G1 F1350 X148.712 Y142.051 E186.6726
G0 F7500 X148.712 Y141.485
G1 F1350 X146.109 Y144.088 E186.79503
G0 F7500 X145.542 Y144.089
G1 F1350 X148.712 Y140.919 E186.94414
G0 F7500 X148.631 Y140.434
G1 F1350 X144.977 Y144.089 E187.11604
G0 F7500 X144.411 Y144.089
G1 F1350 X148.427 Y140.073 E187.30494
G0 F7500 X148.117 Y139.817
G1 F1350 X143.845 Y144.089 E187.50588
G0 F7500 X143.78 Y143.588
G1 F1350 X147.688 Y139.68 E187.6897
G0 F7500 X147.143 Y139.66
G1 F1350 X143.777 Y143.025 E187.848
G0 F7500 X143.735 Y142.502
G1 F1350 X146.577 Y139.66 E187.98168
G0 F7500 X146.011 Y139.66
G1 F1350 X143.642 Y142.029 E188.09311
G0 F7500 X143.486 Y141.619
G1 F1350 X145.446 Y139.66 E188.18528
G0 F7500 X144.88 Y139.66
G1 F1350 X143.28 Y141.259 E188.26052
G0 F7500 X143.048 Y140.926
G1 F1350 X144.314 Y139.66 E188.32007
G0 F7500 X143.748 Y139.66
G1 F1350 X142.766 Y140.643 E188.36628
G0 F7500 X142.468 Y140.375
G1 F1350 X143.183 Y139.66 E188.39991
G0 F7500 X142.617 Y139.66
G1 F1350 X142.105 Y140.172 E188.42399
G0 F7500 X141.728 Y139.984
G1 F1350 X142.051 Y139.66 E188.43921
G0 F7500 X141.452 Y139.693
G1 F1350 X141.316 Y139.83 E188.44563
G0 F7500 X141.193 Y140.321
G0 X143.075 Y141.667
G0 X143.396 Y144.476
G0 X147.518 Y144.487
G0 X147.905 Y144.444
G0 X148.522 Y144.146
G0 X148.955 Y143.606
G0 X149.069 Y143.281
G0 X149.111 Y140.854
G0 X149.069 Y140.467
G0 X148.772 Y139.849
G0 X148.523 Y139.6
G0 X147.905 Y139.303
G0 X139.763 Y139.2
G0 X139.763 Y139.685
G1 F1350 X139.42 Y140.029 E188.46179
G0 F7500 X139.223 Y139.66
G1 F1350 X134.795 Y144.088 E188.67007
G0 F7500 X135.361 Y144.088
G1 F1350 X137.718 Y141.731 E188.78093
G0 F7500 X137.509 Y142.505
G1 F1350 X135.926 Y144.088 E188.85539
G0 F7500 X136.492 Y144.088
G1 F1350 X137.469 Y143.111 E188.90135
G0 F7500 X137.466 Y143.68
G1 F1350 X137.058 Y144.088 E188.92054
G0 F7500 X137.058 Y144.548
G0 X134.229 Y144.548
G0 X134.229 Y144.088
G1 F1350 X138.657 Y139.66 E189.12882
G0 F7500 X138.092 Y139.66
G1 F1350 X133.664 Y144.088 E189.3371
G0 F7500 X133.098 Y144.088
G1 F1350 X137.526 Y139.66 E189.54538
G0 F7500 X136.96 Y139.66
G1 F1350 X132.532 Y144.088 E189.75366
G0 F7500 X131.967 Y144.088
G1 F1350 X136.395 Y139.66 E189.96194
G0 F7500 X135.829 Y139.66
G1 F1350 X131.401 Y144.088 E190.17022
G0 F7500 X130.835 Y144.088
G1 F1350 X135.263 Y139.66 E190.3785
G0 F7500 X134.697 Y139.66
G1 F1350 X130.27 Y144.088 E190.58675
G0 F7500 X129.704 Y144.088
G1 F1350 X134.132 Y139.66 E190.79503
G0 F7500 X133.566 Y139.66
G1 F1350 X129.138 Y144.088 E191.00331
G0 F7500 X128.573 Y144.088
G1 F1350 X133 Y139.66 E191.21157
G0 F7500 X132.435 Y139.66
G1 F1350 X128.007 Y144.088 E191.41985
G0 F7500 X127.441 Y144.088
G1 F1350 X131.869 Y139.66 E191.62813
G0 F7500 X131.303 Y139.66
G1 F1350 X126.875 Y144.088 E191.83641
G0 F7500 X126.31 Y144.088
G1 F1350 X130.738 Y139.66 E192.04469
G0 F7500 X130.172 Y139.66
G1 F1350 X125.744 Y144.088 E192.25296
G0 F7500 X125.283 Y143.983
G1 F1350 X129.606 Y139.66 E192.45631
G0 F7500 X129.041 Y139.66
G1 F1350 X125.28 Y143.421 E192.63321
G0 F7500 X125.277 Y142.858
G1 F1350 X128.475 Y139.66 E192.78364
G0 F7500 X127.909 Y139.66
G1 F1350 X125.217 Y142.352 E192.91026
G0 F7500 X125.095 Y141.909
G1 F1350 X127.344 Y139.66 E193.01604
G0 F7500 X126.778 Y139.66
G1 F1350 X124.939 Y141.498 E193.10252
G0 F7500 X124.711 Y141.161
G1 F1350 X126.212 Y139.66 E193.17312
G0 F7500 X125.647 Y139.66
G1 F1350 X124.474 Y140.832 E193.22828
G0 F7500 X124.177 Y140.564
G1 F1350 X125.081 Y139.66 E193.2708
G0 F7500 X124.515 Y139.66
G1 F1350 X123.88 Y140.295 E193.30067
G0 F7500 X123.495 Y140.115
G1 F1350 X123.949 Y139.66 E193.32204
G0 F7500 X123.384 Y139.66
G1 F1350 X123.105 Y139.939 E193.33517
G0 F7500 X122.762 Y139.717
G1 F1350 X122.695 Y139.783 E193.3383
G0 F7500 X122.568 Y140.29
G0 X124.575 Y141.667
G0 X124.896 Y144.476
G0 X137.852 Y144.476
G0 X138.172 Y141.669
G0 X140.295 Y140.203
G0 X142.69 Y141.112
G0 X143.38 Y142.856
G0 X143.396 Y144.476
G0 X147.518 Y144.487
G0 X147.905 Y144.444
G0 X148.522 Y144.146
G0 X148.955 Y143.606
G0 X149.069 Y143.281
G0 X149.111 Y140.854
G0 X149.069 Y140.467
G0 X148.772 Y139.849
G0 X148.523 Y139.6
G0 X147.905 Y139.303
G0 X121.622 Y139.2
G0 X121.622 Y139.724
G1 F1350 X121.554 Y139.792 E193.34149
G0 F7500 X121.112 Y139.669
G1 F1350 X120.576 Y140.205 E193.36671
G0 F7500 X120.555 Y139.66
G1 F1350 X116.127 Y144.089 E193.57501
G0 F7500 X116.692 Y144.089
G1 F1350 X119.343 Y141.438 E193.6997
G0 F7500 X119.034 Y142.312
G1 F1350 X117.258 Y144.089 E193.78326
G0 F7500 X117.824 Y144.089
G1 F1350 X118.97 Y142.942 E193.83719
G0 F7500 X118.967 Y143.511
G1 F1350 X118.389 Y144.089 E193.86438
G0 F7500 X118.389 Y144.548
G0 X115.561 Y144.548
G0 X115.561 Y144.089
G1 F1350 X119.99 Y139.66 E194.07271
G0 F7500 X119.424 Y139.66
G1 F1350 X114.995 Y144.089 E194.28103
G0 F7500 X114.43 Y144.089
G1 F1350 X118.858 Y139.66 E194.48934
G0 F7500 X118.293 Y139.66
G1 F1350 X113.864 Y144.089 E194.69766
G0 F7500 X113.298 Y144.089
G1 F1350 X117.727 Y139.66 E194.90599
G0 F7500 X117.161 Y139.66
G1 F1350 X112.733 Y144.089 E195.11429
G0 F7500 X112.167 Y144.089
G1 F1350 X116.596 Y139.66 E195.32262
G0 F7500 X116.03 Y139.66
G1 F1350 X111.601 Y144.089 E195.53095
G0 F7500 X111.036 Y144.089
G1 F1350 X115.464 Y139.66 E195.73925
G0 F7500 X114.898 Y139.66
G1 F1350 X110.47 Y144.089 E195.94755
G0 F7500 X109.904 Y144.089
G1 F1350 X114.333 Y139.66 E196.15588
G0 F7500 X113.767 Y139.66
G1 F1350 X109.339 Y144.089 E196.36418
G0 F7500 X108.773 Y144.089
G1 F1350 X113.201 Y139.66 E196.57248
G0 F7500 X112.636 Y139.66
G1 F1350 X108.207 Y144.089 E196.78081
G0 F7500 X107.641 Y144.089
G1 F1350 X112.07 Y139.66 E196.98914
G0 F7500 X111.504 Y139.66
G1 F1350 X107.076 Y144.089 E197.19744
G0 F7500 X106.782 Y143.817
G1 F1350 X110.939 Y139.66 E197.39297
G0 F7500 X110.373 Y139.66
G1 F1350 X106.779 Y143.254 E197.56202
G0 F7500 X106.759 Y142.708
G1 F1350 X109.807 Y139.66 E197.70539
G0 F7500 X109.242 Y139.66
G1 F1350 X106.7 Y142.202 E197.82496
G0 F7500 X106.55 Y141.786
G1 F1350 X108.676 Y139.66 E197.92496
G0 F7500 X108.11 Y139.66
G1 F1350 X106.375 Y141.395 E198.00657
G0 F7500 X106.143 Y141.061
G1 F1350 X107.545 Y139.66 E198.07249
G0 F7500 X106.979 Y139.66
G1 F1350 X105.886 Y140.752 E198.12388
G0 F7500 X105.589 Y140.484
G1 F1350 X106.413 Y139.66 E198.16264
G0 F7500 X105.848 Y139.66
G1 F1350 X105.292 Y140.215 E198.18877
G0 F7500 X104.884 Y140.058
G1 F1350 X105.282 Y139.66 E198.20749
G0 F7500 X104.715 Y139.661
G1 F1350 X104.484 Y139.893 E198.21838
G1 F2700 E193.21838
G0 F7500 X104.366 Y140.365
G0 X106.075 Y141.667
G0 X106.396 Y144.476
G0 X119.352 Y144.476
G0 X119.672 Y141.669
G0 X121.795 Y140.203
G0 X124.19 Y141.112
G0 X124.88 Y142.856
G0 X124.896 Y144.476
G0 X137.852 Y144.476
G0 X138.172 Y141.669
G0 X140.295 Y140.203
G0 X142.69 Y141.112
G0 X143.38 Y142.856
G0 X143.396 Y144.476
G0 X147.518 Y144.487
G0 X147.905 Y144.444
G0 X148.522 Y144.146
G0 X148.955 Y143.606
G0 X149.069 Y143.281
G0 X149.111 Y140.854
G0 X149.069 Y140.467
G0 X148.772 Y139.849
G0 X148.523 Y139.6
G0 X147.905 Y139.303
G0 X102.971 Y139.2
G0 X102.971 Y139.708
G1 F2700 E198.21838
G1 F1350 X102.791 Y139.888 E198.22684
G0 F7500 X102.453 Y139.66
G1 F1350 X101.426 Y140.687 E198.27515
G0 F7500 X101.202 Y140.912
G1 F1350 X98.026 Y144.088 E198.42454
G0 F7500 X98.591 Y144.088
G1 F1350 X100.579 Y142.1 E198.51805
G0 F7500 X100.475 Y142.77
G1 F1350 X99.157 Y144.088 E198.58004
G0 F7500 X99.723 Y144.088
G1 F1350 X100.468 Y143.343 E198.61509
G0 F7500 X100.464 Y143.912
G1 F1350 X100.288 Y144.088 E198.62337
G0 F7500 X100.288 Y144.548
G0 X97.46 Y144.548
G0 X97.46 Y144.088
G1 F1350 X101.888 Y139.66 E198.83164
G0 F7500 X101.322 Y139.66
G1 F1350 X96.894 Y144.088 E199.03992
G0 F7500 X96.328 Y144.088
G1 F1350 X100.756 Y139.66 E199.2482
G0 F7500 X100.191 Y139.66
G1 F1350 X95.763 Y144.088 E199.45648
G0 F7500 X95.197 Y144.088
G1 F1350 X99.625 Y139.66 E199.66476
G0 F7500 X99.059 Y139.66
G1 F1350 X94.631 Y144.088 E199.87304
G0 F7500 X94.066 Y144.088
G1 F1350 X98.494 Y139.66 E200.08132
G0 F7500 X97.928 Y139.66
G1 F1350 X93.5 Y144.088 E200.2896
G0 F7500 X92.934 Y144.088
G1 F1350 X97.454 Y139.568 E200.50221
G0 F7500 X97.106 Y139.35
G1 F1350 X92.369 Y144.088 E200.72505
G0 F7500 X91.803 Y144.088
G1 F1350 X96.857 Y139.034 E200.96277
G0 F7500 X96.719 Y138.606
G1 F1350 X91.237 Y144.088 E201.22063
G0 F7500 X90.672 Y144.088
G1 F1350 X96.712 Y138.048 E201.50473
G0 F7500 X96.712 Y137.482
G1 F1350 X90.106 Y144.088 E201.81546
G0 F7500 X89.54 Y144.088
G1 F1350 X96.712 Y136.916 E202.1528
G0 F7500 X96.712 Y136.351
G1 F1350 X88.975 Y144.088 E202.51673
G0 F7500 X88.409 Y144.088
G1 F1350 X96.712 Y135.785 E202.90728
G0 F7500 X96.712 Y135.219
G1 F1350 X87.843 Y144.088 E203.32445
G0 F7500 X87.3 Y144.065
G1 F1350 X96.712 Y134.654 E203.76714
G0 F7500 X96.712 Y134.088
G1 F1350 X86.875 Y143.925 E204.22984
G0 F7500 X86.565 Y143.669
G1 F1350 X96.712 Y133.522 E204.70712
G0 F7500 X96.712 Y132.957
G1 F1350 X86.36 Y143.309 E205.19405
G0 F7500 X86.285 Y142.817
G1 F1350 X96.712 Y132.391 E205.68448
G0 F7500 X96.712 Y131.825
G1 F1350 X86.285 Y142.251 E206.17491
G0 F7500 X86.285 Y141.686
G1 F1350 X96.712 Y131.26 E206.66534
G0 F7500 X96.712 Y130.694
G1 F1350 X86.285 Y141.12 E207.15577
G0 F7500 X86.285 Y140.554
G1 F1350 X96.712 Y130.128 E207.6462
G0 F7500 X96.37 Y129.904
G1 F1350 X86.285 Y139.989 E208.12057
G0 F7500 X86.285 Y139.423
G1 F1350 X95.809 Y129.9 E208.56853
G0 F7500 X95.261 Y129.881
G1 F1350 X86.285 Y138.857 E208.99073
G0 F7500 X86.285 Y138.292
G1 F1350 X94.759 Y129.818 E209.38932
G0 F7500 X94.349 Y129.662
G1 F1350 X86.285 Y137.726 E209.76863
G0 F7500 X86.285 Y137.16
G1 F1350 X93.963 Y129.483 E210.12975
G0 F7500 X93.627 Y129.253
G1 F1350 X86.285 Y136.595 E210.4751
G0 F7500 X86.285 Y136.029
G1 F1350 X93.318 Y128.997 E210.80588
G0 F7500 X93.048 Y128.701
G1 F1350 X86.285 Y135.463 E211.12397
G0 F7500 X86.285 Y134.898
G1 F1350 X92.816 Y128.367 E211.43117
G0 F7500 X92.622 Y127.996
G1 F1350 X86.285 Y134.332 E211.72922
G0 F7500 X86.285 Y133.766
G1 F1350 X92.483 Y127.568 E212.02075
G0 F7500 X92.384 Y127.102
G1 F1350 X86.285 Y133.201 E212.30763
G0 F7500 X86.285 Y132.635
G1 F1350 X92.381 Y126.54 E212.59435
G0 F7500 X92.502 Y125.852
G1 F1350 X86.285 Y132.069 E212.88677
G0 F7500 X86.285 Y131.503
G1 F1350 X96.712 Y121.077 E213.3772
G0 F7500 X96.712 Y120.512
G1 F1350 X86.285 Y130.938 E213.86764
G0 F7500 X86.285 Y130.372
G1 F1350 X96.712 Y119.946 E214.35807
G0 F7500 X96.712 Y119.38
G1 F1350 X86.285 Y129.806 E214.8485
G0 F7500 X86.285 Y129.241
G1 F1350 X96.712 Y118.814 E215.33895
G0 F7500 X96.712 Y118.249
G1 F1350 X86.285 Y128.675 E215.82938
G0 F7500 X86.285 Y128.109
G1 F1350 X96.712 Y117.683 E216.31981
G0 F7500 X96.712 Y117.117
G1 F1350 X86.285 Y127.544 E216.81027
G0 F7500 X86.285 Y126.978
G1 F1350 X96.712 Y116.552 E217.3007
G0 F7500 X96.712 Y115.986
G1 F1350 X86.285 Y126.412 E217.79113
G0 F7500 X86.285 Y125.847
G1 F1350 X96.712 Y115.42 E218.28158
G0 F7500 X96.712 Y114.855
G1 F1350 X86.285 Y125.281 E218.77201
G0 F7500 X86.285 Y124.715
G1 F1350 X96.712 Y114.289 E219.26244
G0 F7500 X96.712 Y113.723
G1 F1350 X86.285 Y124.15 E219.7529
G0 F7500 X86.285 Y123.584
G1 F1350 X96.712 Y113.158 E220.24333
G0 F7500 X96.712 Y112.592
G1 F1350 X86.285 Y123.018 E220.73376
G0 F7500 X86.285 Y122.453
G1 F1350 X96.712 Y112.026 E221.22421
G0 F7500 X96.712 Y111.461
G1 F1350 X86.285 Y121.887 E221.71464
G0 F7500 X86.285 Y121.321
G1 F1350 X96.204 Y111.403 E222.18118
G0 F7500 X95.643 Y111.398
G1 F1350 X86.285 Y120.755 E222.62133
G0 F7500 X86.285 Y120.19
G1 F1350 X95.112 Y111.363 E223.03652
G0 F7500 X94.636 Y111.273
G1 F1350 X86.285 Y119.624 E223.42933
G0 F7500 X86.285 Y119.058
G1 F1350 X94.228 Y111.115 E223.80294
G0 F7500 X93.863 Y110.915
G1 F1350 X86.285 Y118.493 E224.15939
G0 F7500 X86.285 Y117.927
G1 F1350 X93.528 Y110.685 E224.50005
G0 F7500 X93.238 Y110.408
G1 F1350 X86.285 Y117.362 E224.82712
G0 F7500 X86.285 Y116.796
G1 F1350 X92.968 Y110.113 E225.14147
G0 F7500 X92.758 Y109.757
G1 F1350 X86.285 Y116.231 E225.44597
G0 F7500 X86.285 Y115.665
G1 F1350 X92.565 Y109.385 E225.74136
G0 F7500 X92.452 Y108.932
G1 F1350 X86.285 Y115.099 E226.03143
G0 F7500 X86.285 Y114.534
G1 F1350 X92.384 Y108.435 E226.31831
G0 F7500 X92.38 Y107.873
G1 F1350 X86.285 Y113.968 E226.605
G0 F7500 X86.285 Y113.402
G1 F1350 X92.555 Y107.132 E226.89992
G0 F7500 X92.991 Y107.288
G0 X94.524 Y105.754
G0 X94.362 Y105.325
G1 F1350 X96.712 Y102.975 E227.01046
G0 F7500 X96.712 Y102.41
G1 F1350 X86.285 Y112.837 E227.50091
G0 F7500 X86.285 Y112.271
G1 F1350 X96.712 Y101.844 E227.99137
G0 F7500 X96.712 Y101.278
G1 F1350 X86.285 Y111.705 E228.48182
G0 F7500 X86.285 Y111.14
G1 F1350 X96.712 Y100.713 E228.97228
G0 F7500 X96.712 Y100.147
G1 F1350 X86.285 Y110.574 E229.46273
G0 F7500 X86.285 Y110.008
G1 F1350 X96.712 Y99.581 E229.95319
G0 F7500 X96.712 Y99.015
G1 F1350 X86.285 Y109.442 E230.44364
G0 F7500 X86.285 Y108.877
G1 F1350 X96.712 Y98.45 E230.93409
G0 F7500 X96.712 Y97.884
G1 F1350 X86.285 Y108.311 E231.42455
G0 F7500 X86.285 Y107.745
G1 F1350 X96.712 Y97.318 E231.915
G0 F7500 X96.712 Y96.753
G1 F1350 X86.285 Y107.18 E232.40546
G0 F7500 X86.285 Y106.614
G1 F1350 X96.772 Y96.127 E232.89873
G0 F7500 X97.21 Y96.267
G0 X97.644 Y95.842
G0 X97.487 Y95.411
G1 F1350 X100.501 Y92.398 E233.04048
G0 F7500 X100.575 Y92.89
G1 F1350 X98.119 Y95.346 E233.156
G0 F7500 X98.685 Y95.345
G1 F1350 X100.731 Y93.299 E233.25224
G0 F7500 X100.923 Y93.673
G1 F1350 X99.252 Y95.344 E233.33084
G0 F7500 X99.818 Y95.343
G1 F1350 X101.152 Y94.01 E233.39356
G0 F7500 X101.423 Y94.304
G1 F1350 X100.385 Y95.342 E233.44238
G0 F7500 X100.952 Y95.341
G1 F1350 X101.724 Y94.568 E233.47872
G0 F7500 X102.071 Y94.788
G1 F1350 X101.518 Y95.341 E233.50473
G0 F7500 X102.084 Y95.34
G1 F1350 X102.442 Y94.982 E233.52157
G0 F7500 X102.669 Y95.321
G1 F1350 X102.852 Y95.138 E233.53018
G1 F2700 E228.53018
G0 F7500 X102.969 Y94.654
G0 X105.197 Y94.328
G0 X106.38 Y92.14
G0 X106.396 Y90.52
G0 X119.352 Y90.52
G0 X119.672 Y93.327
G0 X121.787 Y94.793
G0 X124.19 Y93.884
G0 X124.88 Y92.14
G0 X124.896 Y90.52
G0 X137.852 Y90.52
G0 X138.172 Y93.327
G0 X140.287 Y94.793
G0 X142.69 Y93.884
G0 X143.38 Y92.14
G0 X143.396 Y90.52
G0 X147.515 Y90.509
G0 X147.905 Y90.555
G0 X148.232 Y90.667
G0 X148.773 Y91.103
G0 X148.954 Y91.389
G0 X149.069 Y91.718
G0 X149.111 Y94.146
G0 X149.069 Y94.53
G0 X148.773 Y95.145
G0 X148.523 Y95.396
G0 X147.903 Y95.693
G0 X104.385 Y95.8
G0 X104.385 Y95.302
G1 F2700 E233.53018
G1 F1350 X104.649 Y95.038 E233.5426
G0 F7500 X104.913 Y95.34
G1 F1350 X109.345 Y90.908 E233.75106
G0 F7500 X109.911 Y90.908
G1 F1350 X105.478 Y95.34 E233.95956
G0 F7500 X106.044 Y95.34
G1 F1350 X110.476 Y90.908 E234.16802
G0 F7500 X111.042 Y90.908
G1 F1350 X106.61 Y95.34 E234.37649
G0 F7500 X107.175 Y95.34
G1 F1350 X111.608 Y90.908 E234.58498
G0 F7500 X112.173 Y90.908
G1 F1350 X107.741 Y95.34 E234.79345
G0 F7500 X108.307 Y95.34
G1 F1350 X112.739 Y90.908 E235.00192
G0 F7500 X113.305 Y90.908
G1 F1350 X108.873 Y95.34 E235.21039
G0 F7500 X109.438 Y95.34
G1 F1350 X113.87 Y90.908 E235.41885
G0 F7500 X114.436 Y90.908
G1 F1350 X110.004 Y95.34 E235.62732
G0 F7500 X110.57 Y95.34
G1 F1350 X115.002 Y90.908 E235.83579
G0 F7500 X115.567 Y90.908
G1 F1350 X111.135 Y95.34 E236.04426
G0 F7500 X111.701 Y95.34
G1 F1350 X116.133 Y90.908 E236.25272
G0 F7500 X116.699 Y90.908
G1 F1350 X112.267 Y95.34 E236.46119
G0 F7500 X112.832 Y95.34
G1 F1350 X117.264 Y90.908 E236.66966
G0 F7500 X117.83 Y90.908
G1 F1350 X113.398 Y95.34 E236.87813
G0 F7500 X113.964 Y95.34
G1 F1350 X118.396 Y90.908 E237.08659
G0 F7500 X118.962 Y90.908
G1 F1350 X114.529 Y95.34 E237.29509
G0 F7500 X115.095 Y95.34
G1 F1350 X118.964 Y91.471 E237.47707
G0 F7500 X118.965 Y92.036
G1 F1350 X115.661 Y95.34 E237.63248
G0 F7500 X116.226 Y95.34
G1 F1350 X119.018 Y92.548 E237.76381
G0 F7500 X119.121 Y93.011
G1 F1350 X116.792 Y95.34 E237.87336
G0 F7500 X117.358 Y95.34
G1 F1350 X119.277 Y93.421 E237.96362
G0 F7500 X119.49 Y93.773
G1 F1350 X117.923 Y95.34 E238.03733
G0 F7500 X118.489 Y95.34
G1 F1350 X119.72 Y94.11 E238.09521
G0 F7500 X120.012 Y94.382
G1 F1350 X119.055 Y95.34 E238.14025
G0 F7500 X119.621 Y95.34
G1 F1350 X120.314 Y94.647 E238.17284
G0 F7500 X120.681 Y94.846
G1 F1350 X120.186 Y95.34 E238.1961
G0 F7500 X120.753 Y95.339
G1 F1350 X121.062 Y95.029 E238.21066
G0 F7500 X121.36 Y95.297
G1 F1350 X121.475 Y95.183 E238.21605
G1 F2700 E233.21605
G0 F7500 X121.596 Y94.685
G0 X123.697 Y94.328
G0 X124.88 Y92.14
G0 X124.896 Y90.52
G0 X137.852 Y90.52
G0 X138.172 Y93.327
G0 X140.287 Y94.793
G0 X142.69 Y93.884
G0 X143.38 Y92.14
G0 X143.396 Y90.52
G0 X147.515 Y90.509
G0 X147.905 Y90.555
G0 X148.232 Y90.667
G0 X148.773 Y91.103
G0 X148.954 Y91.389
G0 X149.069 Y91.718
G0 X149.111 Y94.146
G0 X149.069 Y94.53
G0 X148.773 Y95.145
G0 X148.523 Y95.396
G0 X147.903 Y95.693
G0 X123.035 Y95.8
G0 X123.035 Y95.319
G1 F2700 E238.21605
G1 F1350 X123.452 Y94.902 E238.23566
G0 F7500 X123.58 Y95.34
G1 F1350 X128.012 Y90.908 E238.44413
G0 F7500 X127.447 Y90.908
G1 F1350 X124.989 Y93.366 E238.55974
G0 F7500 X125.228 Y92.561
G1 F1350 X126.881 Y90.908 E238.6375
G0 F7500 X126.315 Y90.908
G1 F1350 X125.275 Y91.948 E238.68642
G0 F7500 X125.28 Y91.378
G1 F1350 X125.75 Y90.908 E238.70852
G0 F7500 X125.75 Y90.448
G0 X128.578 Y90.448
G0 X128.578 Y90.908
G1 F1350 X124.146 Y95.34 E238.91699
G0 F7500 X124.712 Y95.34
G1 F1350 X129.144 Y90.908 E239.12546
G0 F7500 X129.71 Y90.908
G1 F1350 X125.277 Y95.34 E239.33395
G0 F7500 X125.843 Y95.34
G1 F1350 X130.275 Y90.908 E239.54242
G0 F7500 X130.841 Y90.908
G1 F1350 X126.409 Y95.34 E239.75088
G0 F7500 X126.974 Y95.34
G1 F1350 X131.407 Y90.908 E239.95938
G0 F7500 X131.972 Y90.908
G1 F1350 X127.54 Y95.34 E240.16784
G0 F7500 X128.106 Y95.34
G1 F1350 X132.538 Y90.908 E240.37631
G0 F7500 X133.104 Y90.908
G1 F1350 X128.672 Y95.34 E240.58478
G0 F7500 X129.237 Y95.34
G1 F1350 X133.669 Y90.908 E240.79325
G0 F7500 X134.235 Y90.908
G1 F1350 X129.803 Y95.34 E241.00171
G0 F7500 X130.369 Y95.34
G1 F1350 X134.801 Y90.908 E241.21018
G0 F7500 X135.366 Y90.908
G1 F1350 X130.934 Y95.34 E241.41865
G0 F7500 X131.5 Y95.34
G1 F1350 X135.932 Y90.908 E241.62712
G0 F7500 X136.498 Y90.908
G1 F1350 X132.066 Y95.34 E241.83559
G0 F7500 X132.631 Y95.34
G1 F1350 X137.063 Y90.908 E242.04405
G0 F7500 X137.464 Y91.073
G1 F1350 X133.197 Y95.34 E242.24476
G0 F7500 X133.763 Y95.34
G1 F1350 X137.465 Y91.638 E242.41889
G0 F7500 X137.479 Y92.19
G1 F1350 X134.328 Y95.34 E242.56708
G0 F7500 X134.894 Y95.34
G1 F1350 X137.534 Y92.7 E242.69126
G0 F7500 X137.667 Y93.132
G1 F1350 X135.46 Y95.34 E242.79509
G0 F7500 X136.025 Y95.34
G1 F1350 X137.83 Y93.535 E242.87999
G0 F7500 X138.058 Y93.873
G1 F1350 X136.591 Y95.34 E242.949
G0 F7500 X137.157 Y95.34
G1 F1350 X138.301 Y94.196 E243.00281
G0 F7500 X138.602 Y94.46
G1 F1350 X137.722 Y95.34 E243.0442
G0 F7500 X138.288 Y95.34
G1 F1350 X138.902 Y94.726 E243.07308
G0 F7500 X139.291 Y94.903
G1 F1350 X138.855 Y95.339 E243.09359
G0 F7500 X139.42 Y95.339
G1 F1350 X139.685 Y95.075 E243.10603
G0 F7500 X139.797 Y94.612
G0 X142.197 Y94.328
G0 X143.38 Y92.14
G0 X143.396 Y90.52
G0 X147.515 Y90.509
G0 X147.905 Y90.555
G0 X148.232 Y90.667
G0 X148.773 Y91.103
G0 X148.954 Y91.389
G0 X149.069 Y91.718
G0 X149.111 Y94.146
G0 X149.069 Y94.53
G0 X148.773 Y95.145
G0 X148.523 Y95.396
G0 X147.903 Y95.693
G0 X141.177 Y95.8
G0 X141.177 Y95.28
G1 F1350 X141.288 Y95.169 E243.11125
G0 F7500 X141.687 Y95.336
G1 F1350 X142.3 Y94.723 E243.14008
G0 F7500 X142.247 Y95.341
G1 F1350 X146.68 Y90.908 E243.3486
G0 F7500 X147.246 Y90.908
G1 F1350 X142.813 Y95.341 E243.55711
G0 F7500 X143.379 Y95.341
G1 F1350 X147.778 Y90.941 E243.76405
G0 F7500 X148.178 Y91.106
G1 F1350 X143.944 Y95.341 E243.96323
G0 F7500 X144.51 Y95.341
G1 F1350 X148.473 Y91.378 E244.14964
G0 F7500 X148.658 Y91.758
G1 F1350 X145.076 Y95.341 E244.31815
G0 F7500 X145.641 Y95.341
G1 F1350 X148.712 Y92.27 E244.4626
G0 F7500 X148.712 Y92.836
G1 F1350 X146.207 Y95.341 E244.58043
G0 F7500 X146.773 Y95.341
G1 F1350 X148.712 Y93.402 E244.67163
G0 F7500 X148.712 Y93.967
G1 F1350 X147.338 Y95.341 E244.73626
G0 F7500 X148.02 Y95.225
G1 F1350 X148.603 Y94.641 E244.7637
G0 F7500 X149.04 Y94.795
G0 X149.111 Y94.146
G0 X149.069 Y91.718
G0 X148.954 Y91.389
G0 X148.522 Y90.85
G0 X148.232 Y90.667
G0 X147.967 Y90.576
G0 X146.114 Y90.448
G0 X146.114 Y90.908
G1 F1350 X143.254 Y93.768 E244.89823
G0 F7500 X142.878 Y93.508
G0 X143.249 Y92.694
G0 X143.705 Y92.752
G1 F1350 X145.549 Y90.908 E244.98497
G0 F7500 X144.983 Y90.908
G1 F1350 X143.774 Y92.117 E245.04183
G0 F7500 X143.779 Y91.546
G1 F1350 X144.417 Y90.908 E245.07184
G0 F7500 X143.852 Y90.908
G1 F1350 X143.783 Y90.976 E245.07507
G1 F2700 E240.07507
G0 F7500 X143.323 Y90.974
G0 X143.006 Y92.637
G0 X142.797 Y93.189
G0 X142.46 Y93.676
G0 X142.018 Y94.068
G0 X141.494 Y94.343
G0 X140.92 Y94.484
G0 X140.33 Y94.484
G0 X139.756 Y94.343
G0 X139.232 Y94.068
G0 X138.79 Y93.676
G0 X138.453 Y93.189
G0 X138.244 Y92.637
G0 X137.852 Y90.52
G0 X124.896 Y90.52
G0 X124.506 Y92.637
G0 X124.297 Y93.189
G0 X123.96 Y93.676
G0 X123.518 Y94.068
G0 X122.994 Y94.343
G0 X122.42 Y94.484
G0 X121.83 Y94.484
G0 X121.256 Y94.343
G0 X120.732 Y94.068
G0 X120.29 Y93.676
G0 X119.953 Y93.189
G0 X119.744 Y92.637
G0 X119.352 Y90.52
G0 X108.779 Y90.448
G0 X108.779 Y90.908
G1 F2700 E245.07507
G1 F1350 X106.591 Y93.096 E245.17798
G0 F7500 X106.751 Y92.37
G1 F1350 X108.214 Y90.908 E245.24677
G0 F7500 X107.648 Y90.908
G1 F1350 X106.777 Y91.779 E245.28774
G0 F7500 X106.781 Y91.209
G1 F1350 X107.082 Y90.908 E245.3019
G0 F7500 X107.082 Y90.448
G0 X106.074 Y90.588
G0 X106.074 Y92.077
G0 X106.006 Y92.637
G0 X105.797 Y93.189
G0 X105.46 Y93.676
G0 X105.018 Y94.068
G0 X104.494 Y94.343
G0 X103.92 Y94.484
G0 X103.33 Y94.484
G0 X102.756 Y94.343
G0 X102.232 Y94.068
G0 X101.79 Y93.676
G0 X101.453 Y93.189
G0 X101.335 Y92.876
G0 X100.924 Y91.303
G0 X100.464 Y91.303
G1 F1350 X86.285 Y105.483 E245.96886
G0 F7500 X86.285 Y106.048
G1 F1350 X100.466 Y91.867 E246.63589
G0 F7500 X100.294 Y90.908
G1 F1350 X86.285 Y104.917 E247.29483
G0 F7500 X86.285 Y104.351
G1 F1350 X99.728 Y90.908 E247.92715
G0 F7500 X99.163 Y90.908
G1 F1350 X86.285 Y103.786 E248.53289
G0 F7500 X86.285 Y103.22
G1 F1350 X98.597 Y90.908 E249.11201
G0 F7500 X98.031 Y90.908
G1 F1350 X86.285 Y102.654 E249.66451
G0 F7500 X86.285 Y102.089
G1 F1350 X97.465 Y90.908 E250.1904
G0 F7500 X96.9 Y90.908
G1 F1350 X86.285 Y101.523 E250.6897
G0 F7500 X86.285 Y100.957
G1 F1350 X96.334 Y90.908 E251.16237
G0 F7500 X95.768 Y90.908
G1 F1350 X86.285 Y100.391 E251.60843
G0 F7500 X86.285 Y99.826
G1 F1350 X95.203 Y90.908 E252.0279
G0 F7500 X94.637 Y90.908
G1 F1350 X86.285 Y99.26 E252.42075
G0 F7500 X86.285 Y98.694
G1 F1350 X94.071 Y90.908 E252.78698
G0 F7500 X93.506 Y90.908
G1 F1350 X86.285 Y98.129 E253.12664
G0 F7500 X86.285 Y97.563
G1 F1350 X92.94 Y90.908 E253.43967
G0 F7500 X92.374 Y90.908
G1 F1350 X86.285 Y96.997 E253.72608
G0 F7500 X86.285 Y96.432
G1 F1350 X91.809 Y90.908 E253.98591
G0 F7500 X91.243 Y90.908
G1 F1350 X86.285 Y95.866 E254.21912
G0 F7500 X86.285 Y95.3
G1 F1350 X90.677 Y90.908 E254.4257
G0 F7500 X90.112 Y90.908
G1 F1350 X86.285 Y94.735 E254.60571
G0 F7500 X86.285 Y94.169
G1 F1350 X89.546 Y90.908 E254.7591
G0 F7500 X88.98 Y90.908
G1 F1350 X86.285 Y93.603 E254.88586
G0 F7500 X86.285 Y93.038
G1 F1350 X88.415 Y90.908 E254.98605
G0 F7500 X87.849 Y90.908
G1 F1350 X86.285 Y92.472 E255.05962
G0 F7500 X86.31 Y91.881
G1 F1350 X87.256 Y90.935 E255.10412
G1 F2700 E250.10412
G0 F7500 X87.204 Y90.48
G0 X100.852 Y90.52
G0 X101.172 Y93.327
G0 X103.287 Y94.793
G0 X105.69 Y93.884
G0 X106.38 Y92.14
G0 X106.396 Y90.52
G0 X119.352 Y90.52
G0 X119.672 Y93.327
G0 X121.787 Y94.793
G0 X124.19 Y93.884
G0 X124.88 Y92.14
G0 X124.896 Y90.52
G0 X137.852 Y90.52
G0 X138.172 Y93.327
G0 X140.287 Y94.793
G0 X142.69 Y93.884
G0 X143.38 Y92.14
G0 X143.396 Y90.52
G0 X147.515 Y90.509
G0 X147.905 Y90.555
G0 X148.232 Y90.667
G0 X148.773 Y91.103
G0 X148.954 Y91.389
G0 X149.069 Y91.718
G0 X149.111 Y94.146
G0 X149.069 Y94.53
G0 X148.773 Y95.145
G0 X148.523 Y95.396
G0 X147.903 Y95.693
G0 X147.515 Y95.739
G0 X97.284 Y96.015
G0 X97.172 Y103.542
G0 X96.712 Y103.541
G1 F2700 E255.10412
G1 F1350 X95.124 Y105.128 E255.17879
G0 F7500 X95.727 Y105.091
G1 F1350 X96.712 Y104.107 E255.2251
G0 F7500 X96.712 Y104.672
G1 F1350 X96.295 Y105.09 E255.24473
G0 F7500 X96.296 Y105.551
G0 X94.938 Y105.869
G0 X94.386 Y106.078
G0 X93.899 Y106.415
G0 X93.507 Y106.857
G0 X93.232 Y107.381
G0 X93.091 Y107.955
G0 X93.091 Y108.545
G0 X93.232 Y109.119
G0 X93.507 Y109.643
G0 X93.899 Y110.085
G0 X94.386 Y110.422
G0 X94.938 Y110.631
G0 X97.1 Y111.02
G0 X97.172 Y121.643
G0 X96.712 Y121.643
G1 F1350 X94.634 Y123.72 E255.34245
G0 F7500 X95.314 Y123.607
G1 F1350 X96.712 Y122.209 E255.40821
G0 F7500 X96.712 Y122.774
G1 F1350 X95.895 Y123.591 E255.44664
G0 F7500 X96.462 Y123.59
G1 F1350 X96.712 Y123.34 E255.4584
G1 F2700 E250.4584
;MESH:NONMESH
G0 F300 X96.712 Y123.34 Z0.6
G0 F7500 X97.172 Y123.34
G0 X97.1 Y123.976
G0 X94.938 Y124.369
G0 X94.386 Y124.578
G0 X93.899 Y124.915
G0 X93.507 Y125.357
G0 X93.232 Y125.881
G0 X93.091 Y126.455
G0 X93.091 Y127.045
G0 X93.232 Y127.619
G0 X93.507 Y128.143
G0 X94.646 Y129.351
G0 X97.1 Y129.52
G0 X97.284 Y138.984
G0 X147.518 Y139.261
G0 X147.905 Y139.303
G0 X148.523 Y139.6
G0 X148.772 Y139.849
G0 X149.069 Y140.467
G0 X149.111 Y142.894
G0 X149.069 Y143.281
G0 X148.955 Y143.606
G0 X148.522 Y144.146
G0 X147.905 Y144.444
G0 X147.518 Y144.487
G0 X143.396 Y144.476
G0 X143.075 Y141.667
G0 X140.966 Y140.203
G0 X138.552 Y141.114
G0 X137.869 Y142.856
G0 X137.852 Y144.476
G0 X124.896 Y144.476
G0 X124.575 Y141.667
G0 X122.466 Y140.203
G0 X120.052 Y141.114
G0 X119.369 Y142.856
G0 X119.352 Y144.476
G0 X106.396 Y144.476
G0 X106.075 Y141.667
G0 X103.966 Y140.203
G0 X101.552 Y141.114
G0 X100.869 Y142.856
G0 X100.852 Y144.476
G0 X88.146 Y144.82
G0 X88.146 Y145.915
G0 X88.146 Y155.45
;TIME_ELAPSED:468.698191
;LAYER:2
M106 S170
;TYPE:SKIRT
G1 F2700 E255.4584
G1 F1200 X87.301 Y155.439 E255.48651
G1 X86.316 Y155.377 E255.51933
G1 X85.787 Y155.318 E255.53704
G1 X84.895 Y155.178 E255.56707
G1 X84.019 Y154.96 E255.59709
G1 X83.525 Y154.8 E255.61436
G1 X83.043 Y154.63 E255.63136
G1 X82.206 Y154.292 E255.66138
G1 X81.401 Y153.882 E255.69143
G1 X80.543 Y153.352 E255.72497
G1 X79.802 Y152.835 E255.75503
G1 X78.81 Y151.969 E255.79882
G1 X78.45 Y151.611 E255.81571
G1 X77.838 Y150.946 E255.84577
G1 X77.177 Y150.068 E255.88232
G1 X76.769 Y149.436 E255.90734
G1 X76.608 Y149.167 E255.91777
G1 X76.179 Y148.373 E255.94779
G1 X75.724 Y147.273 E255.98738
G1 X75.555 Y146.786 E256.00452
G1 X75.297 Y145.921 E256.03455
G1 X75.116 Y145.036 E256.06459
G1 X74.997 Y144.061 E256.09726
G1 X74.936 Y143.092 E256.12955
G1 X74.926 Y142.436 E256.15137
G1 X74.925 Y92.769 E257.8033
G1 X74.936 Y91.926 E257.83135
G1 X74.998 Y90.941 E257.86417
G1 X75.057 Y90.412 E257.88188
G1 X75.197 Y89.52 E257.91191
G1 X75.415 Y88.644 E257.94193
G1 X75.577 Y88.145 E257.95938
G1 X75.748 Y87.661 E257.97645
G1 X76.086 Y86.824 E258.00648
G1 X76.497 Y86.02 E258.03651
G1 X76.751 Y85.596 E258.05295
G1 X77.025 Y85.164 E258.06996
G1 X77.542 Y84.423 E258.10001
G1 X78.407 Y83.435 E258.14369
G1 X78.767 Y83.073 E258.16067
G1 X79.431 Y82.461 E258.1907
G1 X80.147 Y81.911 E258.22073
G1 X80.56 Y81.636 E258.23724
G1 X81.001 Y81.358 E258.25458
G1 X81.785 Y80.911 E258.28459
G1 X82.606 Y80.535 E258.31463
G1 X83.091 Y80.352 E258.33187
G1 X83.583 Y80.181 E258.34919
G1 X84.449 Y79.923 E258.37925
G1 X85.334 Y79.742 E258.40929
G1 X86.31 Y79.622 E258.442
G1 X87.281 Y79.561 E258.47436
G1 X87.939 Y79.551 E258.49624
G1 X100.941 Y79.55 E258.92869
G1 X102.228 Y79.567 E258.9715
G1 X104.852 Y79.567 E259.05878
G1 X105.443 Y79.554 E259.07844
G1 X119.44 Y79.55 E259.54398
G1 X120.728 Y79.567 E259.58682
G1 X123.352 Y79.567 E259.6741
G1 X123.943 Y79.554 E259.69376
G1 X137.94 Y79.55 E260.1593
G1 X139.228 Y79.567 E260.20214
G1 X141.852 Y79.567 E260.28942
G1 X142.443 Y79.554 E260.30908
G1 X146.851 Y79.55 E260.45569
G1 X147.699 Y79.561 E260.4839
G1 X148.684 Y79.623 E260.51672
G1 X149.213 Y79.682 E260.53443
G1 X150.105 Y79.822 E260.56446
G1 X150.981 Y80.04 E260.59448
G1 X151.475 Y80.2 E260.61175
G1 X151.957 Y80.37 E260.62875
G1 X152.794 Y80.708 E260.65878
G1 X153.599 Y81.118 E260.68882
G1 X154.457 Y81.648 E260.72237
G1 X155.198 Y82.165 E260.75242
G1 X156.18 Y83.021 E260.79575
G1 X156.539 Y83.377 E260.81256
G1 X157.152 Y84.041 E260.84262
G1 X157.703 Y84.756 E260.87264
G1 X157.987 Y85.183 E260.8897
G1 X158.268 Y85.629 E260.90723
G1 X158.715 Y86.413 E260.93725
G1 X159.091 Y87.235 E260.96731
G1 X159.271 Y87.711 E260.98424
G1 X159.442 Y88.202 E261.00153
G1 X159.701 Y89.067 E261.03156
G1 X159.882 Y89.952 E261.06161
G1 X160.002 Y90.931 E261.09441
G1 X160.065 Y91.987 E261.1296
G1 X160.075 Y93.378 E261.17586
G1 X160.064 Y94.317 E261.2071
G1 X160 Y95.33 E261.24086
G1 X159.938 Y95.875 E261.2591
G1 X159.776 Y96.863 E261.2924
G1 X159.58 Y97.776 E261.32346
G1 X159.369 Y98.699 E261.35495
G1 X158.878 Y101.158 E261.43835
G1 X158.444 Y103.708 E261.52438
G1 X158.096 Y106.171 E261.60712
G1 X157.806 Y108.743 E261.6932
G1 X157.596 Y111.248 E261.77681
G1 X157.455 Y113.786 E261.86136
G1 X157.386 Y116.32 E261.94567
G1 X157.389 Y118.859 E262.03012
G1 X157.463 Y121.419 E262.1153
G1 X157.609 Y123.95 E262.19962
G1 X157.824 Y126.447 E262.28298
G1 X158.12 Y129.022 E262.36919
G1 X158.475 Y131.497 E262.45235
G1 X158.909 Y134.016 E262.53737
G1 X159.414 Y136.518 E262.62226
G1 X159.677 Y137.671 E262.66159
G1 X159.802 Y138.271 E262.68198
G1 X159.957 Y139.258 E262.71521
G1 X160.007 Y139.722 E262.73073
G1 X160.066 Y140.75 E262.76498
G1 X160.075 Y142.156 E262.81174
G1 X160.064 Y143.072 E262.84221
G1 X160.002 Y144.061 E262.87517
G1 X159.943 Y144.589 E262.89284
G1 X159.803 Y145.481 E262.92287
G1 X159.585 Y146.357 E262.9529
G1 X159.425 Y146.849 E262.9701
G1 X159.255 Y147.331 E262.9871
G1 X158.917 Y148.168 E263.01713
G1 X158.507 Y148.973 E263.04717
G1 X157.988 Y149.816 E263.0801
G1 X157.473 Y150.557 E263.11011
G1 X156.894 Y151.251 E263.14017
G1 X156.211 Y151.948 E263.17263
G1 X155.545 Y152.558 E263.20267
G1 X154.828 Y153.107 E263.23271
G1 X154.007 Y153.637 E263.26521
G1 X153.223 Y154.085 E263.29524
G1 X152.402 Y154.462 E263.32529
G1 X151.896 Y154.653 E263.34328
G1 X151.405 Y154.823 E263.36056
G1 X150.54 Y155.08 E263.39057
G1 X149.655 Y155.26 E263.42061
G1 X148.69 Y155.378 E263.45295
G1 X147.719 Y155.439 E263.4853
G1 X147.061 Y155.449 E263.50719
G1 X143.309 Y155.45 E263.63198
G1 X142.022 Y155.433 E263.67479
G1 X139.398 Y155.433 E263.76207
G1 X138.807 Y155.446 E263.78173
G1 X124.81 Y155.45 E264.24727
G1 X123.522 Y155.433 E264.29011
G1 X120.898 Y155.433 E264.37739
G1 X120.307 Y155.446 E264.39705
G1 X106.31 Y155.45 E264.86259
G1 X105.022 Y155.433 E264.90544
G1 X102.398 Y155.433 E264.99271
G1 X101.807 Y155.446 E265.01237
G1 X88.146 Y155.45 E265.46674
G1 F2700 E260.46674
;MESH:Battery_holder.stl
G0 F9000 X104.96 Y144.826
G0 X117.5 Y144.648
;TYPE:WALL-INNER
G1 F2700 E265.46674
G1 F1500 X119.524 Y144.648 E265.53406
G1 X119.528 Y142.878 E265.59293
G1 X119.599 Y142.314 E265.61183
G1 X119.816 Y141.744 E265.63212
G1 X120.173 Y141.221 E265.65318
G1 X120.646 Y140.8 E265.67424
G1 X121.206 Y140.513 E265.69517
G1 X121.813 Y140.364 E265.71596
G1 X122.446 Y140.364 E265.73701
G1 X123.044 Y140.513 E265.75751
G1 X123.606 Y140.803 E265.77855
G1 X124.069 Y141.219 E265.79925
G1 X124.431 Y141.742 E265.8204
G1 X124.649 Y142.314 E265.84076
G1 X124.72 Y142.878 E265.85967
G1 X124.724 Y144.648 E265.91854
G1 X138.024 Y144.648 E266.3609
G1 X138.028 Y142.878 E266.41977
G1 X138.099 Y142.314 E266.43868
G1 X138.316 Y141.744 E266.45896
G1 X138.673 Y141.221 E266.48002
G1 X139.146 Y140.8 E266.50109
G1 X139.706 Y140.513 E266.52201
G1 X140.313 Y140.364 E266.5428
G1 X140.946 Y140.364 E266.56386
G1 X141.544 Y140.513 E266.58435
G1 X142.106 Y140.803 E266.60539
G1 X142.569 Y141.219 E266.62609
G1 X142.931 Y141.742 E266.64725
G1 X143.149 Y142.314 E266.66761
G1 X143.22 Y142.878 E266.68651
G1 X143.224 Y144.648 E266.74538
G1 X147.527 Y144.648 E266.8885
G1 X147.942 Y144.603 E266.90239
G1 X148.3 Y144.476 E266.91502
G1 X148.622 Y144.272 E266.9277
G1 X148.9 Y143.994 E266.94077
G1 X149.1 Y143.677 E266.95324
G1 X149.226 Y143.317 E266.96593
G1 X149.272 Y142.903 E266.97978
G1 X149.272 Y140.845 E267.04823
G1 X149.226 Y140.431 E267.06208
G1 X149.099 Y140.07 E267.07481
G1 X148.899 Y139.748 E267.08742
G1 X148.624 Y139.473 E267.10036
G1 X148.302 Y139.273 E267.11296
G1 X147.941 Y139.146 E267.12569
G1 X147.527 Y139.1 E267.13955
G1 X97.765 Y139.1 E268.79464
G1 X97.494 Y138.967 E268.80468
G1 X97.346 Y138.791 E268.81233
G1 X97.273 Y138.589 E268.81947
G1 X97.272 Y129.348 E269.12683
G1 X95.454 Y129.344 E269.18729
G1 X94.892 Y129.275 E269.20613
G1 X94.308 Y129.045 E269.227
G1 X93.801 Y128.696 E269.24747
G1 X93.379 Y128.23 E269.26838
G1 X93.085 Y127.668 E269.28948
G1 X92.94 Y127.058 E269.31033
G1 X92.94 Y126.429 E269.33125
G1 X93.086 Y125.825 E269.35192
G1 X93.384 Y125.268 E269.37293
G1 X93.8 Y124.804 E269.39366
G1 X94.308 Y124.451 E269.41423
G1 X94.892 Y124.221 E269.43511
G1 X95.454 Y124.152 E269.45394
G1 X97.272 Y124.148 E269.51441
G1 X97.272 Y110.848 E269.95677
G1 X95.454 Y110.844 E270.01724
G1 X94.892 Y110.775 E270.03607
G1 X94.308 Y110.545 E270.05694
G1 X93.801 Y110.196 E270.07742
G1 X93.379 Y109.73 E270.09833
G1 X93.085 Y109.168 E270.11942
G1 X92.94 Y108.558 E270.14028
G1 X92.94 Y107.929 E270.1612
G1 X93.086 Y107.325 E270.18186
G1 X93.384 Y106.768 E270.20288
G1 X93.8 Y106.304 E270.2236
G1 X94.308 Y105.951 E270.24418
G1 X94.892 Y105.721 E270.26505
G1 X95.454 Y105.652 E270.28389
G1 X97.272 Y105.648 E270.34435
G1 X97.273 Y96.464 E270.64981
G1 X97.306 Y96.3 E270.65538
G1 X97.409 Y96.118 E270.66233
G1 X97.603 Y95.963 E270.67059
G1 X97.792 Y95.9 E270.67722
G1 X147.525 Y95.9 E272.33134
G1 X147.939 Y95.851 E272.34521
G1 X148.302 Y95.724 E272.358
G1 X148.624 Y95.523 E272.37063
G1 X148.9 Y95.247 E272.38361
G1 X149.099 Y94.929 E272.39609
G1 X149.227 Y94.566 E272.40889
G1 X149.272 Y94.155 E272.42264
G1 X149.272 Y92.093 E272.49122
G1 X149.227 Y91.682 E272.50497
G1 X149.099 Y91.319 E272.51778
G1 X148.9 Y91.001 E272.53025
G1 X148.622 Y90.724 E272.54331
G1 X148.302 Y90.521 E272.55591
G1 X147.942 Y90.397 E272.56857
G1 X147.525 Y90.348 E272.58254
G1 X143.224 Y90.348 E272.72559
G1 X143.22 Y92.118 E272.78446
G1 X143.149 Y92.683 E272.8034
G1 X142.931 Y93.254 E272.82373
G1 X142.569 Y93.777 E272.84488
G1 X142.107 Y94.192 E272.86554
G1 X141.544 Y94.487 E272.88668
G1 X140.934 Y94.632 E272.90753
G1 X140.305 Y94.632 E272.92845
G1 X139.703 Y94.487 E272.94905
G1 X139.144 Y94.194 E272.97004
G1 X138.673 Y93.775 E272.99101
G1 X138.316 Y93.252 E273.01207
G1 X138.099 Y92.683 E273.03232
G1 X138.028 Y92.118 E273.05126
G1 X138.024 Y90.348 E273.11014
G1 X124.724 Y90.348 E273.55249
G1 X124.72 Y92.118 E273.61137
G1 X124.649 Y92.683 E273.63031
G1 X124.431 Y93.254 E273.65063
G1 X124.069 Y93.777 E273.67179
G1 X123.607 Y94.192 E273.69244
G1 X123.044 Y94.487 E273.71358
G1 X122.434 Y94.632 E273.73444
G1 X121.805 Y94.632 E273.75536
G1 X121.203 Y94.487 E273.77595
G1 X120.644 Y94.194 E273.79695
G1 X120.173 Y93.775 E273.81791
G1 X119.816 Y93.252 E273.83897
G1 X119.599 Y92.683 E273.85923
G1 X119.528 Y92.118 E273.87817
G1 X119.524 Y90.348 E273.93704
G1 X106.224 Y90.348 E274.3794
G1 X106.22 Y92.118 E274.43827
G1 X106.149 Y92.683 E274.45721
G1 X105.931 Y93.254 E274.47754
G1 X105.569 Y93.777 E274.49869
G1 X105.107 Y94.192 E274.51935
G1 X104.544 Y94.487 E274.54049
G1 X103.934 Y94.632 E274.56134
G1 X103.305 Y94.632 E274.58226
G1 X102.703 Y94.487 E274.60286
G1 X102.144 Y94.194 E274.62385
G1 X101.673 Y93.775 E274.64482
G1 X101.316 Y93.252 E274.66588
G1 X101.099 Y92.683 E274.68613
G1 X101.028 Y92.118 E274.70507
G1 X101.024 Y90.348 E274.76394
G1 X87.471 Y90.348 E275.21472
G1 X87.054 Y90.397 E275.22868
G1 X86.695 Y90.52 E275.24131
G1 X86.378 Y90.723 E275.25383
G1 X86.099 Y91.003 E275.26697
G1 X85.896 Y91.321 E275.27952
G1 X85.77 Y91.682 E275.29224
G1 X85.724 Y92.093 E275.30599
G1 X85.724 Y142.903 E276.99594
G1 X85.77 Y143.318 E277.00983
G1 X85.895 Y143.675 E277.02241
G1 X86.099 Y143.994 E277.035
G1 X86.379 Y144.273 E277.04815
G1 X86.697 Y144.476 E277.0607
G1 X87.054 Y144.602 E277.07329
G1 X87.469 Y144.648 E277.08718
G1 X101.024 Y144.648 E277.53802
G1 X101.028 Y142.878 E277.59689
G1 X101.099 Y142.314 E277.6158
G1 X101.316 Y141.744 E277.63608
G1 X101.673 Y141.221 E277.65714
G1 X102.146 Y140.8 E277.6782
G1 X102.706 Y140.513 E277.69913
G1 X103.313 Y140.364 E277.71992
G1 X103.946 Y140.364 E277.74097
G1 X104.544 Y140.513 E277.76147
G1 X105.106 Y140.803 E277.78251
G1 X105.569 Y141.219 E277.80321
G1 X105.931 Y141.742 E277.82436
G1 X106.149 Y142.314 E277.84472
G1 X106.22 Y142.878 E277.86363
G1 X106.224 Y144.648 E277.9225
G1 X117.5 Y144.648 E278.29754
G0 F9000 X117.5 Y145.048
;TYPE:WALL-OUTER
G1 F1500 X119.924 Y145.048 E278.37816
G1 X119.925 Y142.927 E278.44871
G1 X119.987 Y142.429 E278.4654
G1 X120.186 Y141.911 E278.48386
G1 X120.495 Y141.47 E278.50177
G1 X120.896 Y141.122 E278.51943
G1 X121.367 Y140.885 E278.53696
G1 X121.831 Y140.769 E278.55287
G1 X122.417 Y140.769 E278.57236
G1 X122.881 Y140.885 E278.58827
G1 X123.375 Y141.134 E278.60667
G1 X123.781 Y141.506 E278.62498
G1 X124.083 Y141.952 E278.6429
G1 X124.263 Y142.439 E278.66017
G1 X124.323 Y142.927 E278.67652
G1 X124.324 Y145.048 E278.74707
G1 X138.424 Y145.048 E279.21603
G1 X138.425 Y142.927 E279.28658
G1 X138.487 Y142.429 E279.30327
G1 X138.686 Y141.911 E279.32173
G1 X138.995 Y141.47 E279.33964
G1 X139.396 Y141.122 E279.3573
G1 X139.867 Y140.885 E279.37483
G1 X140.331 Y140.769 E279.39074
G1 X140.917 Y140.769 E279.41023
G1 X141.381 Y140.885 E279.42614
G1 X141.875 Y141.134 E279.44454
G1 X142.281 Y141.506 E279.46285
G1 X142.583 Y141.952 E279.48077
G1 X142.763 Y142.439 E279.49804
G1 X142.823 Y142.927 E279.51439
G1 X142.824 Y145.048 E279.58493
G1 X147.549 Y145.048 E279.74209
G1 X148.031 Y144.995 E279.75822
G1 X148.476 Y144.838 E279.77391
G1 X148.874 Y144.586 E279.78958
G1 X149.214 Y144.246 E279.80557
G1 X149.462 Y143.852 E279.82106
G1 X149.619 Y143.407 E279.83675
G1 X149.672 Y142.925 E279.85288
G1 X149.672 Y140.823 E279.92279
G1 X149.619 Y140.341 E279.93892
G1 X149.462 Y139.896 E279.95461
G1 X149.214 Y139.498 E279.97021
G1 X148.874 Y139.158 E279.9862
G1 X148.476 Y138.91 E280.0018
G1 X148.031 Y138.753 E280.0175
G1 X147.549 Y138.7 E280.03362
G1 X97.825 Y138.695 E281.68745
G1 X97.746 Y138.656 E281.69038
G1 X97.675 Y138.538 E281.69496
G1 X97.672 Y128.948 E282.01393
G1 X95.503 Y128.947 E282.08607
G1 X94.968 Y128.875 E282.10402
G1 X94.502 Y128.695 E282.12064
G1 X94.064 Y128.395 E282.13829
G1 X93.698 Y127.977 E282.15677
G1 X93.457 Y127.503 E282.17446
G1 X93.343 Y127.027 E282.19074
G1 X93.345 Y126.457 E282.2097
G1 X93.474 Y125.947 E282.22719
G1 X93.698 Y125.519 E282.24326
G1 X94.064 Y125.105 E282.26164
G1 X94.502 Y124.801 E282.27937
G1 X95.015 Y124.609 E282.29759
G1 X95.503 Y124.549 E282.31395
G1 X97.672 Y124.548 E282.38609
G1 X97.672 Y110.448 E282.85505
G1 X95.503 Y110.447 E282.9272
G1 X94.968 Y110.375 E282.94515
G1 X94.502 Y110.195 E282.96177
G1 X94.064 Y109.895 E282.97942
G1 X93.698 Y109.477 E282.9979
G1 X93.457 Y109.003 E283.01559
G1 X93.343 Y108.527 E283.03187
G1 X93.345 Y107.957 E283.05083
G1 X93.474 Y107.447 E283.06832
G1 X93.698 Y107.019 E283.08439
G1 X94.064 Y106.605 E283.10277
G1 X94.502 Y106.301 E283.1205
G1 X95.015 Y106.109 E283.13872
G1 X95.503 Y106.049 E283.15507
G1 X97.672 Y106.048 E283.22721
G1 X97.675 Y96.462 E283.54605
G1 X97.746 Y96.344 E283.55063
G1 X97.837 Y96.302 E283.55396
G1 X147.548 Y96.3 E285.20736
G1 X148.03 Y96.243 E285.2235
G1 X148.476 Y96.086 E285.23922
G1 X148.874 Y95.838 E285.25482
G1 X149.214 Y95.498 E285.27081
G1 X149.462 Y95.104 E285.2863
G1 X149.619 Y94.655 E285.30212
G1 X149.672 Y94.177 E285.31811
G1 X149.672 Y92.071 E285.38816
G1 X149.619 Y91.593 E285.40416
G1 X149.462 Y91.144 E285.41998
G1 X149.214 Y90.75 E285.43546
G1 X148.874 Y90.41 E285.45145
G1 X148.476 Y90.158 E285.46712
G1 X148.031 Y90.005 E285.48277
G1 X147.548 Y89.948 E285.49895
G1 X142.824 Y89.948 E285.65607
G1 X142.823 Y92.069 E285.72661
G1 X142.761 Y92.568 E285.74334
G1 X142.561 Y93.086 E285.76181
G1 X142.281 Y93.49 E285.77816
G1 X141.853 Y93.874 E285.79728
G1 X141.379 Y94.115 E285.81497
G1 X140.903 Y94.229 E285.83125
G1 X140.333 Y94.227 E285.85021
G1 X139.823 Y94.098 E285.8677
G1 X139.355 Y93.846 E285.88538
G1 X138.962 Y93.489 E285.90304
G1 X138.686 Y93.085 E285.91931
G1 X138.485 Y92.557 E285.9381
G1 X138.425 Y92.069 E285.95446
G1 X138.424 Y89.948 E286.025
G1 X124.324 Y89.948 E286.49397
G1 X124.323 Y92.069 E286.56451
G1 X124.261 Y92.568 E286.58124
G1 X124.061 Y93.086 E286.59971
G1 X123.781 Y93.49 E286.61606
G1 X123.353 Y93.874 E286.63518
G1 X122.879 Y94.115 E286.65287
G1 X122.403 Y94.229 E286.66915
G1 X121.833 Y94.227 E286.68811
G1 X121.323 Y94.098 E286.7056
G1 X120.855 Y93.846 E286.72328
G1 X120.462 Y93.489 E286.74094
G1 X120.186 Y93.085 E286.75721
G1 X119.985 Y92.557 E286.776
G1 X119.925 Y92.069 E286.79236
G1 X119.924 Y89.948 E286.8629
G1 X105.824 Y89.948 E287.33187
G1 X105.823 Y92.069 E287.40242
G1 X105.761 Y92.568 E287.41914
G1 X105.561 Y93.086 E287.43761
G1 X105.281 Y93.49 E287.45396
G1 X104.853 Y93.874 E287.47308
G1 X104.379 Y94.115 E287.49077
G1 X103.903 Y94.229 E287.50705
G1 X103.333 Y94.227 E287.52601
G1 X102.823 Y94.098 E287.5435
G1 X102.355 Y93.846 E287.56118
G1 X101.962 Y93.489 E287.57884
G1 X101.686 Y93.085 E287.59511
G1 X101.485 Y92.557 E287.6139
G1 X101.425 Y92.069 E287.63026
G1 X101.424 Y89.948 E287.7008
G1 X87.448 Y89.948 E288.16565
G1 X86.965 Y90.005 E288.18182
G1 X86.52 Y90.158 E288.19747
G1 X86.126 Y90.409 E288.21301
G1 X85.785 Y90.751 E288.22907
G1 X85.534 Y91.145 E288.24461
G1 X85.377 Y91.593 E288.2604
G1 X85.324 Y92.071 E288.2764
G1 X85.324 Y142.925 E289.96781
G1 X85.377 Y143.407 E289.98394
G1 X85.533 Y143.851 E289.99959
G1 X85.785 Y144.246 E290.01517
G1 X86.127 Y144.587 E290.03124
G1 X86.521 Y144.838 E290.04677
G1 X86.965 Y144.995 E290.06244
G1 X87.447 Y145.048 E290.07856
G1 X101.424 Y145.048 E290.54344
G1 X101.425 Y142.927 E290.61399
G1 X101.487 Y142.429 E290.63068
G1 X101.686 Y141.911 E290.64913
G1 X101.995 Y141.47 E290.66704
G1 X102.396 Y141.122 E290.6847
G1 X102.867 Y140.885 E290.70224
G1 X103.331 Y140.769 E290.71815
G1 X103.917 Y140.769 E290.73764
G1 X104.381 Y140.885 E290.75355
G1 X104.875 Y141.134 E290.77195
G1 X105.281 Y141.506 E290.79026
G1 X105.583 Y141.952 E290.80818
G1 X105.763 Y142.439 E290.82544
G1 X105.823 Y142.927 E290.8418
G1 X105.824 Y145.048 E290.91234
G1 X117.5 Y145.048 E291.30069
G0 F9000 X117.5 Y144.288
;TYPE:SKIN
G1 F1500 X106.584 Y144.288 E291.66376
G1 X106.575 Y142.831 E291.71222
G1 X106.503 Y142.243 E291.73192
G1 X106.241 Y141.553 E291.75647
G1 X105.853 Y140.997 E291.77902
G1 X105.312 Y140.502 E291.80341
G1 X104.688 Y140.181 E291.82675
G1 F1363.6 X104.022 Y139.971 E291.8523
G1 F1255.2 X103.255 Y139.969 E291.88278
G1 F1369.9 X102.56 Y140.181 E291.90924
G1 F1500 X101.96 Y140.49 E291.93169
G1 X101.415 Y140.966 E291.95576
G1 X101.002 Y141.559 E291.97979
G1 X100.756 Y142.197 E292.00254
G1 X100.669 Y142.826 E292.02366
G1 X100.664 Y144.288 E292.07228
G1 X87.488 Y144.288 E292.51052
G1 X87.138 Y144.247 E292.52224
G1 X86.853 Y144.147 E292.53228
G1 X86.602 Y143.986 E292.5422
G1 X86.381 Y143.769 E292.5525
G1 X86.221 Y143.515 E292.56249
G1 X86.121 Y143.235 E292.57238
G1 X86.085 Y142.881 E292.58421
G1 X86.084 Y92.111 E294.27283
G1 X86.121 Y91.761 E294.28453
G1 X86.221 Y91.481 E294.29442
G1 X86.382 Y91.226 E294.30445
G1 X86.603 Y91.005 E294.31485
G1 X86.852 Y90.846 E294.32468
G1 X87.133 Y90.749 E294.33456
G1 X87.492 Y90.708 E294.34658
G1 X100.664 Y90.708 E294.78468
G1 X100.665 Y92.058 E294.82958
G1 X100.742 Y92.755 E294.85291
G1 X101.002 Y93.433 E294.87706
G1 X101.382 Y93.993 E294.89957
G1 X101.923 Y94.478 E294.92373
G1 X102.551 Y94.814 E294.94742
G1 F1363.6 X103.231 Y95.026 E294.97348
G1 F1252.6 X103.989 Y95.028 E295.00367
G1 F1366.7 X104.688 Y94.814 E295.03036
G1 F1500 X105.327 Y94.477 E295.05439
G1 X105.823 Y94.029 E295.07662
G1 X106.241 Y93.439 E295.10067
G1 X106.502 Y92.755 E295.12502
G1 X106.575 Y92.165 E295.14479
G1 X106.584 Y90.708 E295.19325
G1 X119.164 Y90.708 E295.61166
G1 X119.165 Y92.058 E295.65656
G1 X119.242 Y92.755 E295.67989
G1 X119.502 Y93.433 E295.70404
G1 X119.882 Y93.993 E295.72655
G1 X120.423 Y94.478 E295.75071
G1 X121.051 Y94.814 E295.7744
G1 F1363.6 X121.731 Y95.026 E295.80046
G1 F1252.6 X122.489 Y95.028 E295.83065
G1 F1366.7 X123.188 Y94.814 E295.85734
G1 F1500 X123.827 Y94.477 E295.88136
G1 X124.323 Y94.029 E295.90359
G1 X124.741 Y93.439 E295.92764
G1 X125.002 Y92.755 E295.95199
G1 X125.075 Y92.165 E295.97177
G1 X125.084 Y90.708 E296.02023
G1 X137.664 Y90.708 E296.43864
G1 X137.665 Y92.058 E296.48354
G1 X137.742 Y92.755 E296.50686
G1 X138.002 Y93.433 E296.53102
G1 X138.382 Y93.993 E296.55353
G1 X138.923 Y94.478 E296.57769
G1 X139.551 Y94.814 E296.60138
G1 F1363.6 X140.231 Y95.026 E296.62744
G1 F1252.6 X140.989 Y95.028 E296.65763
G1 F1366.7 X141.688 Y94.814 E296.68431
G1 F1500 X142.327 Y94.477 E296.70834
G1 X142.823 Y94.029 E296.73057
G1 X143.241 Y93.439 E296.75462
G1 X143.502 Y92.755 E296.77897
G1 X143.575 Y92.165 E296.79875
G1 X143.584 Y90.708 E296.84721
G1 X147.5 Y90.708 E296.97745
G1 X147.859 Y90.749 E296.98947
G1 X148.14 Y90.846 E296.99936
G1 X148.398 Y91.01 E297.00953
G1 X148.614 Y91.226 E297.01969
G1 X148.77 Y91.472 E297.02937
G1 X148.871 Y91.761 E297.03956
G1 X148.912 Y92.112 E297.05131
G1 X148.912 Y94.132 E297.1185
G1 X148.871 Y94.483 E297.13025
G1 X148.77 Y94.772 E297.14043
G1 X148.614 Y95.018 E297.15012
G1 X148.398 Y95.238 E297.16037
G1 X148.149 Y95.39 E297.17008
G1 X147.853 Y95.496 E297.18053
G1 X147.499 Y95.54 E297.1924
G1 X141.727 Y95.54 E297.38438
G1 F1366.7 X141.03 Y95.501 E297.40986
G1 F1252.6 X140.175 Y95.499 E297.44391
G1 F1363.6 X139.512 Y95.539 E297.46821
G1 F1500 X123.227 Y95.54 E298.00986
G1 F1366.7 X122.53 Y95.501 E298.03534
G1 F1252.6 X121.675 Y95.499 E298.06939
G1 F1363.6 X121.012 Y95.539 E298.09369
G1 F1500 X104.727 Y95.54 E298.63533
G1 F1366.7 X104.03 Y95.501 E298.66082
G1 F1252.6 X103.175 Y95.499 E298.69487
G1 F1363.6 X102.512 Y95.539 E298.71917
G1 F1500 X97.712 Y95.54 E298.87882
G1 X97.404 Y95.662 E298.88984
G1 X97.13 Y95.883 E298.90155
G1 X96.963 Y96.181 E298.91291
G1 X96.912 Y96.444 E298.92182
G1 X96.912 Y105.288 E299.21597
G1 X95.403 Y105.293 E299.26616
G1 X94.785 Y105.376 E299.2869
G1 X94.161 Y105.613 E299.3091
G1 X93.54 Y106.052 E299.3344
G1 X93.116 Y106.512 E299.3552
G1 X92.741 Y107.217 E299.38176
G1 X92.585 Y107.865 E299.40393
G1 X92.582 Y108.611 E299.42874
G1 X92.754 Y109.317 E299.45291
G1 X93.073 Y109.931 E299.47592
G1 X93.583 Y110.482 E299.5009
G1 X94.165 Y110.879 E299.52433
G1 X94.78 Y111.115 E299.54624
G1 X95.407 Y111.199 E299.56728
G1 X96.912 Y111.208 E299.61734
G1 X96.912 Y123.788 E300.03575
G1 X95.403 Y123.793 E300.08594
G1 X94.785 Y123.876 E300.10668
G1 X94.161 Y124.113 E300.12888
G1 X93.54 Y124.552 E300.15417
G1 X93.116 Y125.012 E300.17498
G1 X92.741 Y125.717 E300.20154
G1 X92.585 Y126.365 E300.22371
G1 X92.582 Y127.111 E300.24852
G1 X92.754 Y127.817 E300.27269
G1 X93.073 Y128.431 E300.2957
G1 X93.583 Y128.982 E300.32067
G1 X94.165 Y129.379 E300.34411
G1 X94.78 Y129.615 E300.36601
G1 X95.407 Y129.699 E300.38706
G1 X96.912 Y129.708 E300.43711
G1 X96.915 Y138.578 E300.73213
G1 X96.963 Y138.816 E300.74021
G1 X97.13 Y139.109 E300.75142
G1 X97.406 Y139.336 E300.76331
G1 X97.707 Y139.46 E300.77414
G1 X102.521 Y139.46 E300.93425
G1 F1369.9 X103.214 Y139.498 E300.95953
G1 F1255.2 X104.079 Y139.499 E300.99391
G1 F1363.6 X104.73 Y139.46 E301.01777
G1 F1500 X121.021 Y139.46 E301.55961
G1 F1369.9 X121.714 Y139.498 E301.58488
G1 F1255.2 X122.579 Y139.499 E301.61927
G1 F1363.6 X123.23 Y139.46 E301.64313
G1 F1500 X139.521 Y139.46 E302.18497
G1 F1369.9 X140.214 Y139.498 E302.21024
G1 F1255.2 X141.079 Y139.499 E302.24462
G1 F1363.6 X141.73 Y139.46 E302.26848
G1 F1500 X147.505 Y139.46 E302.46056
G1 X147.855 Y139.497 E302.47227
G1 X148.148 Y139.602 E302.48262
G1 X148.394 Y139.754 E302.49224
G1 X148.614 Y139.977 E302.50266
G1 X148.767 Y140.22 E302.51221
G1 X148.872 Y140.514 E302.52259
G1 X148.912 Y140.864 E302.53431
G1 X148.912 Y142.88 E302.60136
G1 X148.871 Y143.235 E302.61324
G1 X148.77 Y143.524 E302.62343
G1 X148.618 Y143.762 E302.63282
G1 X148.394 Y143.99 E302.64345
G1 X148.144 Y144.146 E302.65325
G1 X147.855 Y144.247 E302.66343
G1 X147.504 Y144.287 E302.67518
G1 X143.584 Y144.288 E302.80556
G1 X143.575 Y142.831 E302.85402
G1 X143.503 Y142.243 E302.87373
G1 X143.241 Y141.553 E302.89828
G1 X142.853 Y140.997 E302.92083
G1 X142.312 Y140.502 E302.94522
G1 X141.688 Y140.181 E302.96855
G1 F1363.6 X141.022 Y139.971 E302.9941
G1 F1255.2 X140.255 Y139.969 E303.02459
G1 F1369.9 X139.56 Y140.181 E303.05105
G1 F1500 X138.96 Y140.49 E303.0735
G1 X138.415 Y140.966 E303.09757
G1 X138.002 Y141.559 E303.1216
G1 X137.756 Y142.197 E303.14434
G1 X137.669 Y142.826 E303.16546
G1 X137.664 Y144.288 E303.21409
G1 X125.084 Y144.288 E303.6325
G1 X125.075 Y142.831 E303.68096
G1 X125.003 Y142.243 E303.70067
G1 X124.741 Y141.553 E303.72522
G1 X124.353 Y140.997 E303.74777
G1 X123.812 Y140.502 E303.77215
G1 X123.188 Y140.181 E303.79549
G1 F1363.6 X122.522 Y139.971 E303.82104
G1 F1255.2 X121.755 Y139.969 E303.85153
G1 F1369.9 X121.06 Y140.181 E303.87799
G1 F1500 X120.46 Y140.49 E303.90044
G1 X119.915 Y140.966 E303.92451
G1 X119.502 Y141.559 E303.94854
G1 X119.256 Y142.197 E303.97128
G1 X119.169 Y142.826 E303.9924
G1 X119.164 Y144.288 E304.04103
G1 X117.5 Y144.288 E304.09637
G1 F2700 E299.09637
G0 F9000 X117.5 Y144.548
G0 X106.396 Y144.476
G0 X106.006 Y142.363
G0 X105.797 Y141.811
G0 X105.46 Y141.324
G0 X105.018 Y140.932
G0 X104.494 Y140.657
G0 X103.92 Y140.516
G0 X103.33 Y140.516
G0 X102.756 Y140.657
G0 X102.232 Y140.932
G0 X101.79 Y141.324
G0 X101.453 Y141.811
G0 X100.867 Y143.658
G0 X100.852 Y144.476
G0 X87.478 Y144.487
G0 X87.091 Y144.444
G0 X86.768 Y144.33
G0 X86.225 Y143.893
G0 X86.076 Y143.659
G0 X85.824 Y142.853
G0 X86.285 Y142.853
G1 F2700 E304.09637
G1 F1500 X87.519 Y144.088 E304.15444
G0 F9000 X88.085 Y144.088
G1 F1500 X86.285 Y142.288 E304.23911
G0 F9000 X86.285 Y141.722
G1 F1500 X88.651 Y144.088 E304.3504
G0 F9000 X89.216 Y144.088
G1 F1500 X86.285 Y141.156 E304.48829
G0 F9000 X86.285 Y140.591
G1 F1500 X89.782 Y144.088 E304.65277
G0 F9000 X90.348 Y144.088
G1 F1500 X86.285 Y140.025 E304.84389
G0 F9000 X86.285 Y139.459
G1 F1500 X90.913 Y144.088 E305.0616
G0 F9000 X91.479 Y144.088
G1 F1500 X86.285 Y138.893 E305.30593
G0 F9000 X86.285 Y138.328
G1 F1500 X92.045 Y144.088 E305.57686
G0 F9000 X92.61 Y144.088
G1 F1500 X86.285 Y137.762 E305.87439
G0 F9000 X86.285 Y137.196
G1 F1500 X93.176 Y144.088 E306.19855
G0 F9000 X93.742 Y144.088
G1 F1500 X86.285 Y136.631 E306.5493
G0 F9000 X86.285 Y136.065
G1 F1500 X94.308 Y144.088 E306.92668
G0 F9000 X94.873 Y144.088
G1 F1500 X86.285 Y135.499 E307.33066
G0 F9000 X86.285 Y134.934
G1 F1500 X95.439 Y144.088 E307.76123
G0 F9000 X96.005 Y144.088
G1 F1500 X86.285 Y134.368 E308.21843
G0 F9000 X86.285 Y133.802
G1 F1500 X96.57 Y144.088 E308.70223
G0 F9000 X97.136 Y144.088
G1 F1500 X86.285 Y133.237 E309.21263
G0 F9000 X86.285 Y132.671
G1 F1500 X97.702 Y144.088 E309.74965
G0 F9000 X98.267 Y144.088
G1 F1500 X86.285 Y132.105 E310.31327
G0 F9000 X86.285 Y131.54
G1 F1500 X98.833 Y144.088 E310.90349
G0 F9000 X99.399 Y144.088
G1 F1500 X86.285 Y130.974 E311.52033
G0 F9000 X86.285 Y130.408
G1 F1500 X99.964 Y144.088 E312.16377
G0 F9000 X100.464 Y144.022
G1 F1500 X86.285 Y129.842 E312.83073
G0 F9000 X86.285 Y129.277
G1 F1500 X100.468 Y143.46 E313.49786
G0 F9000 X100.471 Y142.898
G1 F1500 X86.285 Y128.711 E314.16515
G0 F9000 X86.285 Y128.145
G1 F1500 X96.714 Y138.575 E314.65572
G0 F9000 X96.712 Y138.007
G1 F1500 X86.285 Y127.58 E315.14617
G0 F9000 X86.285 Y127.014
G1 F1500 X96.712 Y137.442 E315.63665
G0 F9000 X96.712 Y136.876
G1 F1500 X86.285 Y126.448 E316.12713
G0 F9000 X86.285 Y125.883
G1 F1500 X96.712 Y136.31 E316.61758
G0 F9000 X96.712 Y135.745
G1 F1500 X86.285 Y125.317 E317.10806
G0 F9000 X86.285 Y124.751
G1 F1500 X96.712 Y135.179 E317.59854
G0 F9000 X96.712 Y134.613
G1 F1500 X86.285 Y124.186 E318.08899
G0 F9000 X86.285 Y123.62
G1 F1500 X96.712 Y134.048 E318.57947
G0 F9000 X96.712 Y133.482
G1 F1500 X86.285 Y123.054 E319.06995
G0 F9000 X86.285 Y122.489
G1 F1500 X96.712 Y132.916 E319.5604
G0 F9000 X96.712 Y132.351
G1 F1500 X93.592 Y129.23 E319.70718
G0 F9000 X92.91 Y128.548
G1 F1500 X86.285 Y121.923 E320.0188
G0 F9000 X86.285 Y121.357
G1 F1500 X92.48 Y127.553 E320.31022
G0 F9000 X92.384 Y126.89
G1 F1500 X86.285 Y120.792 E320.59707
G0 F9000 X86.285 Y120.226
G1 F1500 X92.388 Y126.33 E320.88416
G0 F9000 X92.498 Y125.873
G1 F1500 X86.285 Y119.66 E321.1764
G0 F9000 X86.285 Y119.094
G1 F1500 X92.646 Y125.456 E321.47563
G0 F9000 X92.842 Y125.086
G1 F1500 X86.285 Y118.529 E321.78405
G0 F9000 X86.285 Y117.963
G1 F1500 X93.079 Y124.757 E322.10362
G0 F9000 X93.351 Y124.464
G1 F1500 X86.284 Y117.397 E322.43603
G0 F9000 X86.284 Y116.831
G1 F1500 X93.668 Y124.215 E322.78335
G0 F9000 X94.001 Y123.982
G1 F1500 X86.284 Y116.265 E323.14633
G0 F9000 X86.284 Y115.7
G1 F1500 X94.395 Y123.811 E323.52785
G0 F9000 X94.815 Y123.665
G1 F1500 X86.284 Y115.134 E323.92912
G0 F9000 X86.284 Y114.568
G1 F1500 X95.321 Y123.605 E324.35419
G0 F9000 X95.872 Y123.59
G1 F1500 X86.284 Y114.003 E324.80516
G0 F9000 X86.284 Y113.437
G1 F1500 X96.436 Y123.589 E325.28268
G0 F9000 X96.712 Y123.3
G1 F1500 X86.284 Y112.871 E325.7732
G0 F9000 X86.284 Y112.306
G1 F1500 X96.712 Y122.734 E326.26371
G0 F9000 X96.712 Y122.168
G1 F1500 X86.284 Y111.74 E326.75421
G0 F9000 X86.284 Y111.174
G1 F1500 X96.712 Y121.603 E327.24473
G0 F9000 X96.712 Y121.037
G1 F1500 X86.284 Y110.608 E327.73526
G0 F9000 X86.284 Y110.043
G1 F1500 X96.712 Y120.471 E328.22576
G0 F9000 X96.712 Y119.906
G1 F1500 X86.284 Y109.477 E328.71628
G0 F9000 X86.284 Y108.911
G1 F1500 X96.712 Y119.34 E329.20681
G0 F9000 X96.712 Y118.774
G1 F1500 X86.284 Y108.346 E329.69731
G0 F9000 X86.284 Y107.78
G1 F1500 X96.712 Y118.208 E330.18781
G0 F9000 X96.712 Y117.643
G1 F1500 X86.284 Y107.214 E330.67833
G0 F9000 X86.284 Y106.649
G1 F1500 X96.712 Y117.077 E331.16884
G0 F9000 X96.712 Y116.511
G1 F1500 X86.284 Y106.083 E331.65934
G0 F9000 X86.284 Y105.517
G1 F1500 X96.712 Y115.946 E332.14986
G0 F9000 X96.712 Y115.38
G1 F1500 X86.284 Y104.952 E332.64036
G0 F9000 X86.284 Y104.386
G1 F1500 X96.712 Y114.814 E333.13086
G0 F9000 X96.712 Y114.249
G1 F1500 X86.284 Y103.82 E333.62139
G0 F9000 X86.284 Y103.255
G1 F1500 X92.729 Y109.7 E333.92454
G0 F9000 X92.429 Y108.834
G1 F1500 X86.284 Y102.689 E334.21358
G0 F9000 X86.284 Y102.123
G1 F1500 X92.383 Y108.222 E334.50046
G0 F9000 X92.421 Y107.694
G1 F1500 X86.284 Y101.558 E334.7891
G0 F9000 X86.284 Y100.992
G1 F1500 X92.531 Y107.238 E335.08292
G0 F9000 X92.705 Y106.847
G1 F1500 X86.284 Y100.426 E335.38494
G0 F9000 X86.284 Y99.86
G1 F1500 X92.901 Y106.478 E335.69621
G0 F9000 X93.159 Y106.17
G1 F1500 X86.284 Y99.295 E336.01959
G0 F9000 X86.284 Y98.729
G1 F1500 X93.432 Y105.877 E336.35581
G0 F9000 X93.766 Y105.645
G1 F1500 X86.284 Y98.163 E336.70774
G0 F9000 X86.284 Y97.598
G1 F1500 X94.108 Y105.422 E337.07576
G0 F9000 X94.517 Y105.265
G1 F1500 X86.284 Y97.032 E337.46301
G0 F9000 X86.284 Y96.466
G1 F1500 X94.965 Y105.147 E337.87134
G0 F9000 X95.474 Y105.091
G1 F1500 X86.284 Y95.901 E338.30361
G0 F9000 X86.284 Y95.335
G1 F1500 X96.039 Y105.09 E338.76245
G0 F9000 X96.603 Y105.088
G1 F1500 X86.284 Y94.769 E339.24783
G0 F9000 X86.284 Y94.204
G1 F1500 X96.712 Y104.631 E339.73831
G0 F9000 X96.712 Y104.066
G1 F1500 X86.284 Y93.638 E340.22881
G0 F9000 X86.284 Y93.072
G1 F1500 X96.712 Y103.5 E340.71931
G0 F9000 X96.712 Y102.934
G1 F1500 X86.284 Y92.507 E341.20979
G0 F9000 X86.301 Y91.958
G1 F1500 X96.712 Y102.369 E341.69949
G0 F9000 X96.712 Y101.803
G1 F1500 X86.431 Y91.522 E342.18307
G0 F9000 X86.683 Y91.208
G1 F1500 X96.712 Y101.237 E342.65481
G0 F9000 X96.712 Y100.671
G1 F1500 X87.035 Y90.995 E343.10996
G0 F9000 X87.514 Y90.908
G1 F1500 X96.712 Y100.106 E343.54261
G0 F9000 X96.712 Y99.54
G1 F1500 X88.08 Y90.908 E343.94863
G0 F9000 X88.646 Y90.908
G1 F1500 X96.712 Y98.974 E344.32803
G0 F9000 X96.712 Y98.409
G1 F1500 X89.211 Y90.908 E344.68085
G0 F9000 X89.777 Y90.908
G1 F1500 X96.712 Y97.843 E345.00705
G0 F9000 X96.712 Y97.277
G1 F1500 X90.343 Y90.908 E345.30663
G0 F9000 X90.908 Y90.908
G1 F1500 X96.712 Y96.712 E345.57963
G0 F9000 X96.759 Y96.193
G1 F1500 X91.474 Y90.908 E345.82822
G0 F9000 X92.04 Y90.908
G1 F1500 X96.939 Y95.807 E346.05866
G0 F9000 X97.236 Y95.539
G1 F1500 X92.606 Y90.908 E346.27646
G0 F9000 X93.171 Y90.908
G1 F1500 X97.627 Y95.364 E346.48606
G0 F9000 X98.173 Y95.345
G1 F1500 X93.737 Y90.908 E346.69474
G0 F9000 X94.303 Y90.908
G1 F1500 X98.738 Y95.344 E346.90337
G0 F9000 X99.303 Y95.343
G1 F1500 X94.868 Y90.908 E347.11198
G0 F9000 X95.434 Y90.908
G1 F1500 X99.868 Y95.342 E347.32054
G0 F9000 X100.432 Y95.341
G1 F1500 X96 Y90.908 E347.52903
G0 F9000 X96.565 Y90.908
G1 F1500 X100.997 Y95.341 E347.73752
G0 F9000 X101.562 Y95.34
G1 F1500 X97.131 Y90.908 E347.94597
G0 F9000 X97.697 Y90.908
G1 F1500 X102.127 Y95.339 E348.15437
G0 F9000 X102.221 Y94.867
G1 F1500 X102.673 Y95.319 E348.17563
G1 F2700 E343.17563
G0 F9000 X102.673 Y95.8
G0 X147.515 Y95.739
G0 X147.903 Y95.693
G0 X148.523 Y95.396
G0 X148.954 Y94.859
G0 X149.069 Y94.53
G0 X149.111 Y92.102
G0 X149.069 Y91.718
G0 X148.954 Y91.389
G0 X148.522 Y90.85
G0 X148.232 Y90.667
G0 X147.905 Y90.555
G0 X147.515 Y90.509
G0 X143.396 Y90.52
G0 X143.075 Y93.329
G0 X140.951 Y94.793
G0 X138.551 Y93.881
G0 X137.863 Y92.042
G0 X137.852 Y90.52
G0 X124.896 Y90.52
G0 X124.575 Y93.329
G0 X122.451 Y94.793
G0 X120.051 Y93.881
G0 X119.363 Y92.042
G0 X119.352 Y90.52
G0 X106.396 Y90.52
G0 X106.075 Y93.329
G0 X104.121 Y94.69
G0 X104.238 Y95.187
G1 F2700 E348.17563
G1 F1500 X104.348 Y95.297 E348.1808
G0 F9000 X104.653 Y95.037
G1 F1500 X104.957 Y95.34 E348.19508
G0 F9000 X105.039 Y94.857
G1 F1500 X105.522 Y95.339 E348.21777
G0 F9000 X106.087 Y95.339
G1 F1500 X105.413 Y94.665 E348.24947
G0 F9000 X105.712 Y94.398
G1 F1500 X106.653 Y95.339 E348.29374
G0 F9000 X107.219 Y95.339
G1 F1500 X106.004 Y94.124 E348.35089
G0 F9000 X106.237 Y93.792
G1 F1500 X107.784 Y95.339 E348.42365
G0 F9000 X108.35 Y95.339
G1 F1500 X106.457 Y93.446 E348.51269
G0 F9000 X106.613 Y93.037
G1 F1500 X108.916 Y95.339 E348.621
G0 F9000 X109.481 Y95.339
G1 F1500 X106.724 Y92.582 E348.75068
G0 F9000 X106.774 Y92.066
G1 F1500 X110.047 Y95.339 E348.90463
G0 F9000 X110.613 Y95.339
G1 F1500 X106.778 Y91.505 E349.08499
G0 F9000 X106.782 Y90.943
G1 F1500 X111.178 Y95.339 E349.29177
G0 F9000 X111.744 Y95.339
G1 F1500 X107.313 Y90.908 E349.50019
G0 F9000 X107.879 Y90.908
G1 F1500 X112.31 Y95.339 E349.70861
G0 F9000 X112.875 Y95.339
G1 F1500 X108.445 Y90.908 E349.917
G0 F9000 X109.01 Y90.908
G1 F1500 X113.441 Y95.339 E350.12543
G0 F9000 X114.007 Y95.339
G1 F1500 X109.576 Y90.908 E350.33385
G0 F9000 X110.142 Y90.908
G1 F1500 X114.573 Y95.339 E350.54227
G0 F9000 X115.138 Y95.339
G1 F1500 X110.707 Y90.908 E350.75069
G0 F9000 X111.273 Y90.908
G1 F1500 X115.704 Y95.339 E350.95911
G0 F9000 X116.27 Y95.339
G1 F1500 X111.839 Y90.908 E351.16753
G0 F9000 X112.405 Y90.908
G1 F1500 X116.835 Y95.339 E351.37593
G0 F9000 X117.401 Y95.339
G1 F1500 X112.97 Y90.908 E351.58435
G0 F9000 X113.536 Y90.908
G1 F1500 X117.967 Y95.339 E351.79277
G0 F9000 X118.532 Y95.339
G1 F1500 X114.102 Y90.908 E352.00116
G0 F9000 X114.667 Y90.908
G1 F1500 X119.098 Y95.339 E352.20958
G0 F9000 X119.664 Y95.339
G1 F1500 X115.233 Y90.908 E352.41801
G0 F9000 X115.799 Y90.908
G1 F1500 X120.229 Y95.339 E352.6264
G0 F9000 X120.794 Y95.339
G1 F1500 X116.364 Y90.908 E352.8348
G0 F9000 X116.93 Y90.908
G1 F1500 X119.177 Y93.156 E352.94052
G0 F9000 X119.004 Y92.417
G1 F1500 X117.496 Y90.908 E353.01147
G0 F9000 X118.061 Y90.908
G1 F1500 X118.966 Y91.813 E353.05404
G0 F9000 X118.965 Y91.246
G1 F1500 X118.627 Y90.908 E353.06994
G0 F9000 X118.627 Y90.448
G0 X119.352 Y90.52
G0 X119.744 Y92.637
G0 X119.953 Y93.189
G0 X120.144 Y93.465
G0 X121.169 Y94.582
G0 X121.046 Y95.025
G1 F1500 X121.323 Y95.301 E353.08294
G1 F2700 E348.08294
G0 F9000 X121.323 Y95.8
G0 X147.515 Y95.739
G0 X147.903 Y95.693
G0 X148.523 Y95.396
G0 X148.954 Y94.859
G0 X149.069 Y94.53
G0 X149.111 Y92.102
G0 X149.069 Y91.718
G0 X148.954 Y91.389
G0 X148.522 Y90.85
G0 X148.232 Y90.667
G0 X147.905 Y90.555
G0 X147.515 Y90.509
G0 X143.396 Y90.52
G0 X143.075 Y93.329
G0 X140.951 Y94.793
G0 X138.551 Y93.881
G0 X137.863 Y92.042
G0 X137.852 Y90.52
G0 X124.896 Y90.52
G0 X124.575 Y93.329
G0 X122.748 Y94.66
G0 X122.862 Y95.143
G1 F2700 E353.08294
G1 F1500 X123.037 Y95.319 E353.0912
G0 F9000 X123.277 Y94.993
G1 F1500 X123.624 Y95.34 E353.10752
G0 F9000 X123.65 Y94.8
G1 F1500 X124.189 Y95.339 E353.13287
G0 F9000 X124.755 Y95.339
G1 F1500 X124.003 Y94.588 E353.16822
G0 F9000 X124.301 Y94.32
G1 F1500 X125.321 Y95.339 E353.21618
G0 F9000 X125.886 Y95.339
G1 F1500 X124.573 Y94.026 E353.27793
G0 F9000 X124.806 Y93.694
G1 F1500 X126.452 Y95.339 E353.35533
G0 F9000 X127.018 Y95.339
G1 F1500 X125.004 Y93.325 E353.45007
G0 F9000 X125.159 Y92.915
G1 F1500 X127.583 Y95.339 E353.56408
G0 F9000 X128.149 Y95.339
G1 F1500 X125.243 Y92.433 E353.70077
G0 F9000 X125.275 Y91.9
G1 F1500 X128.715 Y95.339 E353.86256
G0 F9000 X129.28 Y95.339
G1 F1500 X125.28 Y91.338 E354.05073
G0 F9000 X125.415 Y90.908
G1 F1500 X129.846 Y95.339 E354.25915
G0 F9000 X130.412 Y95.339
G1 F1500 X125.98 Y90.908 E354.46759
G0 F9000 X126.546 Y90.908
G1 F1500 X130.977 Y95.339 E354.67601
G0 F9000 X131.543 Y95.339
G1 F1500 X127.112 Y90.908 E354.88443
G0 F9000 X127.677 Y90.908
G1 F1500 X132.109 Y95.339 E355.09288
G0 F9000 X132.674 Y95.339
G1 F1500 X128.243 Y90.908 E355.3013
G0 F9000 X128.809 Y90.908
G1 F1500 X133.24 Y95.339 E355.50972
G0 F9000 X133.806 Y95.339
G1 F1500 X129.374 Y90.908 E355.71816
G0 F9000 X129.94 Y90.908
G1 F1500 X134.372 Y95.339 E355.92661
G0 F9000 X134.937 Y95.339
G1 F1500 X130.506 Y90.908 E356.13503
G0 F9000 X131.071 Y90.908
G1 F1500 X135.503 Y95.339 E356.34347
G0 F9000 X136.069 Y95.339
G1 F1500 X131.637 Y90.908 E356.55192
G0 F9000 X132.203 Y90.908
G1 F1500 X136.634 Y95.339 E356.76034
G0 F9000 X137.2 Y95.339
G1 F1500 X132.768 Y90.908 E356.96878
G0 F9000 X133.334 Y90.908
G1 F1500 X137.766 Y95.339 E357.17723
G0 F9000 X138.331 Y95.339
G1 F1500 X133.9 Y90.908 E357.38565
G0 F9000 X134.466 Y90.908
G1 F1500 X138.897 Y95.339 E357.59407
G0 F9000 X139.463 Y95.339
G1 F1500 X138.458 Y94.334 E357.64134
G0 F9000 X138.192 Y94.069
G1 F1500 X135.031 Y90.908 E357.79002
G0 F9000 X135.597 Y90.908
G1 F1500 X137.573 Y92.883 E357.88294
G0 F9000 X137.483 Y92.228
G1 F1500 X136.163 Y90.908 E357.94503
G0 F9000 X136.728 Y90.908
G1 F1500 X137.466 Y91.645 E357.97972
G0 F9000 X137.464 Y91.078
G1 F1500 X137.294 Y90.908 E357.98772
G0 F9000 X137.294 Y90.448
G0 X137.852 Y90.52
G0 X138.244 Y92.637
G0 X138.453 Y93.189
G0 X138.726 Y93.583
G0 X139.929 Y94.644
G0 X139.813 Y95.124
G1 F1500 X139.972 Y95.283 E357.9952
G0 F9000 X139.972 Y95.8
G0 X147.515 Y95.739
G0 X147.903 Y95.693
G0 X148.523 Y95.396
G0 X148.954 Y94.859
G0 X149.069 Y94.53
G0 X149.111 Y92.102
G0 X149.069 Y91.718
G0 X148.954 Y91.389
G0 X148.522 Y90.85
G0 X148.232 Y90.667
G0 X147.905 Y90.555
G0 X147.515 Y90.509
G0 X143.396 Y90.52
G0 X143.107 Y93.048
G0 X141.374 Y94.63
G0 X141.484 Y95.098
G1 F1500 X141.725 Y95.339 E358.00653
G0 F9000 X141.887 Y94.935
G1 F1500 X142.292 Y95.34 E358.02558
G0 F9000 X142.857 Y95.34
G1 F1500 X142.261 Y94.743 E358.05364
G0 F9000 X142.591 Y94.508
G1 F1500 X143.423 Y95.34 E358.09278
G0 F9000 X143.989 Y95.34
G1 F1500 X142.889 Y94.24 E358.14452
G0 F9000 X143.142 Y93.927
G1 F1500 X144.555 Y95.34 E358.21098
G0 F9000 X145.12 Y95.34
G1 F1500 X143.375 Y93.595 E358.29306
G0 F9000 X143.55 Y93.204
G1 F1500 X145.686 Y95.34 E358.39353
G0 F9000 X146.252 Y95.34
G1 F1500 X143.7 Y92.788 E358.51357
G0 F9000 X143.761 Y92.284
G1 F1500 X146.817 Y95.34 E358.65731
G0 F9000 X147.383 Y95.34
G1 F1500 X143.776 Y91.733 E358.82698
G0 F9000 X143.781 Y91.172
G1 F1500 X147.882 Y95.273 E359.01987
G0 F9000 X148.261 Y95.087
G1 F1500 X144.083 Y90.908 E359.21642
G0 F9000 X144.649 Y90.908
G1 F1500 X148.526 Y94.786 E359.3988
G0 F9000 X148.683 Y94.377
G1 F1500 X145.214 Y90.908 E359.56198
G0 F9000 X145.78 Y90.908
G1 F1500 X148.712 Y93.841 E359.69991
G0 F9000 X148.712 Y93.275
G1 F1500 X146.346 Y90.908 E359.81122
G0 F9000 X146.911 Y90.908
G1 F1500 X148.712 Y92.709 E359.89594
G0 F9000 X148.712 Y92.144
G1 F1500 X147.477 Y90.908 E359.95405
G1 F2700 E354.95405
G0 F9000 X147.477 Y90.448
G0 X143.396 Y90.52
G0 X143.006 Y92.637
G0 X142.797 Y93.189
G0 X142.46 Y93.676
G0 X142.018 Y94.068
G0 X141.494 Y94.343
G0 X140.92 Y94.484
G0 X140.33 Y94.484
G0 X139.756 Y94.343
G0 X139.232 Y94.068
G0 X138.79 Y93.676
G0 X138.453 Y93.189
G0 X138.244 Y92.637
G0 X137.852 Y90.52
G0 X124.896 Y90.52
G0 X124.506 Y92.637
G0 X124.297 Y93.189
G0 X123.96 Y93.676
G0 X123.518 Y94.068
G0 X122.994 Y94.343
G0 X122.42 Y94.484
G0 X121.83 Y94.484
G0 X121.256 Y94.343
G0 X120.732 Y94.068
G0 X120.29 Y93.676
G0 X119.378 Y92.158
G0 X119.352 Y90.52
G0 X106.396 Y90.52
G0 X106.219 Y92.959
G0 X105.018 Y94.068
G0 X104.494 Y94.343
G0 X103.92 Y94.484
G0 X103.33 Y94.484
G0 X102.756 Y94.343
G0 X102.331 Y94.12
G0 X101.213 Y93.264
G0 X100.781 Y93.427
G1 F2700 E359.95405
G1 F1500 X98.262 Y90.908 E360.07254
G0 F9000 X98.828 Y90.908
G1 F1500 X100.524 Y92.605 E360.15234
G0 F9000 X100.466 Y91.981
G1 F1500 X99.394 Y90.908 E360.20278
G0 F9000 X99.959 Y90.908
G1 F1500 X100.465 Y91.414 E360.22658
G1 F2700 E355.22658
G0 F9000 X100.924 Y91.414
G0 X101.551 Y93.881
G0 X103.951 Y94.793
G0 X106.075 Y93.329
G0 X106.396 Y90.52
G0 X119.352 Y90.52
G0 X119.672 Y93.327
G0 X121.787 Y94.793
G0 X124.19 Y93.884
G0 X124.88 Y92.14
G0 X124.896 Y90.52
G0 X137.852 Y90.52
G0 X138.172 Y93.327
G0 X140.287 Y94.793
G0 X142.69 Y93.884
G0 X143.38 Y92.14
G0 X143.396 Y90.52
G0 X147.515 Y90.509
G0 X147.905 Y90.555
G0 X148.232 Y90.667
G0 X148.773 Y91.103
G0 X148.954 Y91.389
G0 X149.069 Y91.718
G0 X149.111 Y94.146
G0 X149.069 Y94.53
G0 X148.773 Y95.145
G0 X148.523 Y95.396
G0 X147.903 Y95.693
G0 X147.515 Y95.739
G0 X97.437 Y96.062
G0 X97.394 Y105.801
G0 X95.498 Y105.801
G0 X94.938 Y105.869
G0 X94.386 Y106.078
G0 X93.899 Y106.415
G0 X93.507 Y106.857
G0 X93.232 Y107.381
G0 X93.091 Y107.955
G0 X93.091 Y108.545
G0 X93.232 Y109.119
G0 X93.507 Y109.643
G0 X93.899 Y110.085
G0 X94.386 Y110.422
G0 X96.131 Y110.946
G0 X96.129 Y111.403
G1 F2700 E360.22658
G1 F1500 X96.712 Y111.986 E360.25401
G0 F9000 X96.712 Y112.552
G1 F1500 X95.559 Y111.398 E360.30826
G0 F9000 X94.938 Y111.342
G1 F1500 X96.712 Y113.117 E360.39173
G0 F9000 X96.712 Y113.683
G1 F1500 X94.094 Y111.065 E360.51487
G0 F9000 X94.286 Y110.652
G0 X97.1 Y111.02
G0 X97.1 Y123.976
G0 X94.706 Y124.12
G0 X93.507 Y125.357
G0 X93.232 Y125.881
G0 X93.091 Y126.455
G0 X93.091 Y127.045
G0 X93.232 Y127.619
G0 X93.507 Y128.143
G0 X93.73 Y128.394
G0 X94.87 Y129.374
G0 X94.742 Y129.814
G1 F1500 X96.712 Y131.785 E360.60756
G0 F9000 X96.712 Y131.219
G1 F1500 X95.391 Y129.898 E360.66969
G0 F9000 X95.961 Y129.902
G1 F1500 X96.712 Y130.654 E360.70504
G0 F9000 X96.712 Y130.088
G1 F1500 X96.531 Y129.906 E360.71358
G0 F9000 X96.533 Y129.447
G0 X97.1 Y129.52
G0 X97.437 Y138.938
G0 X97.799 Y139.2
G0 X97.799 Y139.66
G1 F1500 X100.525 Y142.386 E360.8418
G0 F9000 X100.641 Y141.936
G1 F1500 X98.365 Y139.66 E360.94886
G0 F9000 X98.931 Y139.66
G1 F1500 X100.796 Y141.525 E361.03658
G0 F9000 X101.018 Y141.182
G1 F1500 X99.496 Y139.66 E361.10817
G0 F9000 X100.062 Y139.66
G1 F1500 X101.248 Y140.846 E361.16396
G0 F9000 X101.547 Y140.579
G1 F1500 X100.628 Y139.66 E361.20719
G0 F9000 X101.193 Y139.66
G1 F1500 X101.852 Y140.319 E361.23818
G0 F9000 X102.226 Y140.127
G1 F1500 X101.759 Y139.66 E361.26015
G0 F9000 X102.325 Y139.66
G1 F1500 X102.615 Y139.951 E361.27381
G0 F9000 X102.936 Y139.705
G1 F1500 X103.031 Y139.801 E361.27831
G1 F2700 E356.27831
G0 F9000 X103.152 Y140.301
G0 X105.197 Y140.668
G0 X106.38 Y142.856
G0 X106.396 Y144.476
G0 X119.352 Y144.476
G0 X119.672 Y141.669
G0 X121.795 Y140.203
G0 X124.19 Y141.112
G0 X124.88 Y142.856
G0 X124.896 Y144.476
G0 X137.852 Y144.476
G0 X138.172 Y141.669
G0 X140.295 Y140.203
G0 X142.69 Y141.112
G0 X143.38 Y142.856
G0 X143.396 Y144.476
G0 X147.518 Y144.487
G0 X147.905 Y144.444
G0 X148.522 Y144.146
G0 X148.955 Y143.606
G0 X149.069 Y143.281
G0 X149.111 Y140.854
G0 X149.069 Y140.467
G0 X148.772 Y139.849
G0 X148.523 Y139.6
G0 X147.905 Y139.303
G0 X104.603 Y139.2
G0 X104.603 Y139.676
G1 F2700 E361.27831
G1 F1500 X105.092 Y140.165 E361.30131
G0 F9000 X105.153 Y139.66
G1 F1500 X109.581 Y144.088 E361.50959
G0 F9000 X109.015 Y144.088
G1 F1500 X106.449 Y141.521 E361.63031
G0 F9000 X106.717 Y142.355
G1 F1500 X108.45 Y144.088 E361.71182
G0 F9000 X107.884 Y144.088
G1 F1500 X106.777 Y142.981 E361.76389
G0 F9000 X106.779 Y143.549
G1 F1500 X107.318 Y144.088 E361.78924
G0 F9000 X107.318 Y144.548
G0 X110.147 Y144.548
G0 X110.147 Y144.088
G1 F1500 X105.719 Y139.66 E361.99752
G0 F9000 X106.285 Y139.66
G1 F1500 X110.712 Y144.088 E362.20578
G0 F9000 X111.278 Y144.088
G1 F1500 X106.85 Y139.66 E362.41406
G0 F9000 X107.416 Y139.66
G1 F1500 X111.844 Y144.088 E362.62234
G0 F9000 X112.409 Y144.088
G1 F1500 X107.982 Y139.66 E362.8306
G0 F9000 X108.547 Y139.66
G1 F1500 X112.975 Y144.088 E363.03887
G0 F9000 X113.541 Y144.088
G1 F1500 X109.113 Y139.66 E363.24715
G0 F9000 X109.679 Y139.66
G1 F1500 X114.107 Y144.088 E363.45543
G0 F9000 X114.672 Y144.088
G1 F1500 X110.244 Y139.66 E363.66371
G0 F9000 X110.81 Y139.66
G1 F1500 X115.238 Y144.088 E363.87199
G0 F9000 X115.804 Y144.088
G1 F1500 X111.376 Y139.66 E364.08027
G0 F9000 X111.941 Y139.66
G1 F1500 X116.369 Y144.088 E364.28855
G0 F9000 X116.935 Y144.088
G1 F1500 X112.507 Y139.66 E364.49683
G0 F9000 X113.073 Y139.66
G1 F1500 X117.501 Y144.088 E364.70511
G0 F9000 X118.066 Y144.088
G1 F1500 X113.638 Y139.66 E364.91339
G0 F9000 X114.204 Y139.66
G1 F1500 X118.632 Y144.088 E365.12167
G0 F9000 X118.966 Y143.856
G1 F1500 X114.77 Y139.66 E365.31904
G0 F9000 X115.335 Y139.66
G1 F1500 X118.969 Y143.293 E365.48995
G0 F9000 X118.979 Y142.738
G1 F1500 X115.901 Y139.66 E365.63473
G0 F9000 X116.467 Y139.66
G1 F1500 X119.045 Y142.238 E365.75599
G0 F9000 X119.187 Y141.815
G1 F1500 X117.033 Y139.66 E365.85733
G0 F9000 X117.598 Y139.66
G1 F1500 X119.357 Y141.419 E365.94007
G0 F9000 X119.587 Y141.083
G1 F1500 X118.164 Y139.66 E366.007
G0 F9000 X118.73 Y139.66
G1 F1500 X119.837 Y140.767 E366.05907
G0 F9000 X120.136 Y140.501
G1 F1500 X119.295 Y139.66 E366.09863
G0 F9000 X119.861 Y139.66
G1 F1500 X120.463 Y140.262 E366.12694
G0 F9000 X120.837 Y140.07
G1 F1500 X120.427 Y139.66 E366.14623
G0 F9000 X120.992 Y139.66
G1 F1500 X121.238 Y139.905 E366.15778
G1 F2700 E361.15778
G0 F9000 X121.351 Y140.374
G0 X123.697 Y140.668
G0 X124.88 Y142.856
G0 X124.896 Y144.476
G0 X137.852 Y144.476
G0 X138.172 Y141.669
G0 X140.295 Y140.203
G0 X142.69 Y141.112
G0 X143.38 Y142.856
G0 X143.396 Y144.476
G0 X147.518 Y144.487
G0 X147.905 Y144.444
G0 X148.522 Y144.146
G0 X148.955 Y143.606
G0 X149.069 Y143.281
G0 X149.111 Y140.854
G0 X149.069 Y140.467
G0 X148.772 Y139.849
G0 X148.523 Y139.6
G0 X147.905 Y139.303
G0 X122.748 Y139.2
G0 X122.748 Y139.719
G1 F2700 E366.15778
G1 F1500 X122.883 Y139.854 E366.16413
G0 F9000 X123.255 Y139.66
G1 F1500 X123.979 Y140.384 E366.19818
G0 F9000 X123.821 Y139.66
G1 F1500 X128.249 Y144.088 E366.40646
G0 F9000 X128.814 Y144.088
G1 F1500 X124.386 Y139.66 E366.61474
G0 F9000 X124.952 Y139.66
G1 F1500 X129.38 Y144.088 E366.82302
G0 F9000 X129.946 Y144.088
G1 F1500 X125.518 Y139.66 E367.0313
G0 F9000 X126.084 Y139.66
G1 F1500 X130.511 Y144.088 E367.23956
G0 F9000 X131.077 Y144.088
G1 F1500 X126.649 Y139.66 E367.44783
G0 F9000 X127.215 Y139.66
G1 F1500 X131.643 Y144.088 E367.65611
G0 F9000 X132.208 Y144.088
G1 F1500 X127.781 Y139.66 E367.86437
G0 F9000 X128.346 Y139.66
G1 F1500 X132.774 Y144.088 E368.07265
G0 F9000 X133.34 Y144.088
G1 F1500 X128.912 Y139.66 E368.28093
G0 F9000 X129.478 Y139.66
G1 F1500 X133.906 Y144.088 E368.48921
G0 F9000 X134.471 Y144.088
G1 F1500 X130.043 Y139.66 E368.69749
G0 F9000 X130.609 Y139.66
G1 F1500 X135.037 Y144.088 E368.90577
G0 F9000 X135.603 Y144.088
G1 F1500 X131.175 Y139.66 E369.11405
G0 F9000 X131.74 Y139.66
G1 F1500 X136.168 Y144.088 E369.32233
G0 F9000 X136.734 Y144.088
G1 F1500 X132.306 Y139.66 E369.53061
G0 F9000 X132.872 Y139.66
G1 F1500 X137.3 Y144.088 E369.73889
G0 F9000 X137.467 Y143.689
G1 F1500 X133.437 Y139.66 E369.92842
G0 F9000 X134.003 Y139.66
G1 F1500 X137.47 Y143.127 E370.0915
G0 F9000 X137.499 Y142.59
G1 F1500 X134.569 Y139.66 E370.22932
G0 F9000 X135.134 Y139.66
G1 F1500 X137.578 Y142.104 E370.34428
G0 F9000 X137.733 Y141.693
G1 F1500 X135.7 Y139.66 E370.4399
G0 F9000 X136.266 Y139.66
G1 F1500 X137.925 Y141.319 E370.51794
G0 F9000 X138.154 Y140.982
G1 F1500 X136.832 Y139.66 E370.58012
G0 F9000 X137.397 Y139.66
G1 F1500 X138.425 Y140.687 E370.62845
G0 F9000 X138.724 Y140.422
G1 F1500 X137.963 Y139.66 E370.66427
G0 F9000 X138.529 Y139.66
G1 F1500 X139.074 Y140.206 E370.68993
G0 F9000 X139.448 Y140.014
G1 F1500 X139.094 Y139.66 E370.70658
G0 F9000 X139.677 Y139.677
G1 F1500 X139.861 Y139.861 E370.71523
G0 F9000 X139.978 Y140.344
G0 X142.197 Y140.668
G0 X143.38 Y142.856
G0 X143.396 Y144.476
G0 X147.518 Y144.487
G0 X147.905 Y144.444
G0 X148.522 Y144.146
G0 X148.955 Y143.606
G0 X149.069 Y143.281
G0 X149.111 Y140.854
G0 X149.069 Y140.467
G0 X148.772 Y139.849
G0 X148.523 Y139.6
G0 X147.905 Y139.303
G0 X141.397 Y139.2
G0 X141.397 Y139.7
G1 F1500 X141.652 Y139.955 E370.72723
G0 F9000 X141.923 Y139.66
G1 F1500 X146.35 Y144.087 E370.93546
G0 F9000 X145.784 Y144.087
G1 F1500 X143.589 Y141.892 E371.0387
G0 F9000 X143.748 Y142.616
G1 F1500 X145.219 Y144.088 E371.10792
G0 F9000 X144.654 Y144.088
G1 F1500 X143.777 Y143.212 E371.14915
G0 F9000 X143.781 Y143.781
G1 F1500 X144.088 Y144.088 E371.16359
G0 F9000 X144.088 Y144.548
G0 X146.916 Y144.548
G0 X146.916 Y144.087
G1 F1500 X142.488 Y139.66 E371.37184
G0 F9000 X143.054 Y139.66
G1 F1500 X147.481 Y144.087 E371.58008
G0 F9000 X147.959 Y143.999
G1 F1500 X143.62 Y139.66 E371.78417
G0 F9000 X144.185 Y139.66
G1 F1500 X148.314 Y143.788 E371.97836
G0 F9000 X148.565 Y143.474
G1 F1500 X144.751 Y139.66 E372.15776
G0 F9000 X145.317 Y139.66
G1 F1500 X148.693 Y143.036 E372.31656
G0 F9000 X148.712 Y142.49
G1 F1500 X145.882 Y139.66 E372.44967
G0 F9000 X146.448 Y139.66
G1 F1500 X148.712 Y141.924 E372.55616
G0 F9000 X148.712 Y141.358
G1 F1500 X147.014 Y139.66 E372.63603
G0 F9000 X147.589 Y139.67
G1 F1500 X148.702 Y140.782 E372.68836
G1 F2700 E367.68836
G0 F9000 X149.159 Y140.733
G0 X149.069 Y143.281
G0 X148.955 Y143.606
G0 X148.522 Y144.146
G0 X147.905 Y144.444
G0 X147.518 Y144.487
G0 X143.396 Y144.476
G0 X143.127 Y141.805
G0 X142.018 Y140.932
G0 X141.494 Y140.657
G0 X140.92 Y140.516
G0 X140.33 Y140.516
G0 X139.756 Y140.657
G0 X139.232 Y140.932
G0 X138.79 Y141.324
G0 X137.869 Y142.856
G0 X137.852 Y144.476
G0 X127.683 Y144.548
G0 X127.683 Y144.088
G1 F2700 E372.68836
G1 F1500 X124.606 Y141.011 E372.83309
G0 F9000 X124.228 Y141.272
G0 X124.747 Y142.286
G0 X125.19 Y142.161
G1 F1500 X127.117 Y144.088 E372.92373
G0 F9000 X126.552 Y144.088
G1 F1500 X125.27 Y142.807 E372.98401
G0 F9000 X125.279 Y143.381
G1 F1500 X125.986 Y144.088 E373.01727
G0 F9000 X125.42 Y144.088
G1 F1500 X125.282 Y143.949 E373.02378
;MESH:NONMESH
G0 F300 X125.282 Y143.949 Z0.8
G0 F9000 X124.822 Y143.95
G0 X124.506 Y142.363
G0 X124.297 Y141.811
G0 X123.96 Y141.324
G0 X123.518 Y140.932
G0 X122.994 Y140.657
G0 X122.42 Y140.516
G0 X121.83 Y140.516
G0 X121.256 Y140.657
G0 X120.732 Y140.932
G0 X120.29 Y141.324
G0 X119.953 Y141.811
G0 X119.744 Y142.363
G0 X119.676 Y142.923
G0 X119.676 Y144.441
G0 X117.5 Y144.648
;TIME_ELAPSED:663.174674
;LAYER:3
M106 S255
;TYPE:WALL-INNER
;MESH:Battery_holder.stl
G1 F1500 X119.524 Y144.648 E373.0911
G1 X119.528 Y142.878 E373.14997
G1 X119.599 Y142.314 E373.16888
G1 X119.816 Y141.744 E373.18916
G1 X120.173 Y141.221 E373.21022
G1 X120.646 Y140.8 E373.23129
G1 X121.206 Y140.513 E373.25221
G1 X121.813 Y140.364 E373.273
G1 X122.446 Y140.364 E373.29406
G1 X123.044 Y140.513 E373.31455
G1 X123.606 Y140.803 E373.33559
G1 X124.069 Y141.219 E373.35629
G1 X124.431 Y141.742 E373.37745
G1 X124.649 Y142.314 E373.39781
G1 X124.72 Y142.878 E373.41671
G1 X124.724 Y144.648 E373.47558
G1 X138.024 Y144.648 E373.91794
G1 X138.028 Y142.878 E373.97681
G1 X138.099 Y142.314 E373.99572
G1 X138.316 Y141.744 E374.01601
G1 X138.673 Y141.221 E374.03707
G1 X139.146 Y140.8 E374.05813
G1 X139.706 Y140.513 E374.07906
G1 X140.313 Y140.364 E374.09985
G1 X140.946 Y140.364 E374.1209
G1 X141.544 Y140.513 E374.1414
G1 X142.106 Y140.803 E374.16243
G1 X142.569 Y141.219 E374.18313
G1 X142.931 Y141.742 E374.20429
G1 X143.149 Y142.314 E374.22465
G1 X143.22 Y142.878 E374.24355
G1 X143.224 Y144.648 E374.30243
G1 X147.527 Y144.648 E374.44554
G1 X147.942 Y144.603 E374.45943
G1 X148.3 Y144.476 E374.47206
G1 X148.622 Y144.272 E374.48474
G1 X148.9 Y143.994 E374.49782
G1 X149.1 Y143.677 E374.51028
G1 X149.226 Y143.317 E374.52297
G1 X149.272 Y142.903 E374.53682
G1 X149.272 Y140.845 E374.60527
G1 X149.226 Y140.431 E374.61913
G1 X149.099 Y140.07 E374.63186
G1 X148.899 Y139.748 E374.64446
G1 X148.624 Y139.473 E374.6574
G1 X148.302 Y139.273 E374.67001
G1 X147.941 Y139.146 E374.68273
G1 X147.527 Y139.1 E374.69659
G1 X97.765 Y139.1 E376.35168
G1 X97.494 Y138.967 E376.36172
G1 X97.346 Y138.791 E376.36937
G1 X97.273 Y138.589 E376.37651
G1 X97.272 Y129.348 E376.68387
G1 X95.454 Y129.344 E376.74434
G1 X94.892 Y129.275 E376.76317
G1 X94.308 Y129.045 E376.78404
G1 X93.801 Y128.696 E376.80452
G1 X93.379 Y128.23 E376.82543
G1 X93.085 Y127.668 E376.84652
G1 X92.94 Y127.058 E376.86738
G1 X92.94 Y126.429 E376.8883
G1 X93.086 Y125.825 E376.90896
G1 X93.384 Y125.268 E376.92997
G1 X93.8 Y124.804 E376.9507
G1 X94.308 Y124.451 E376.97128
G1 X94.892 Y124.221 E376.99215
G1 X95.454 Y124.152 E377.01098
G1 X97.272 Y124.148 E377.07145
G1 X97.272 Y110.848 E377.51381
G1 X95.454 Y110.844 E377.57428
G1 X94.892 Y110.775 E377.59311
G1 X94.308 Y110.545 E377.61399
G1 X93.801 Y110.196 E377.63446
G1 X93.379 Y109.73 E377.65537
G1 X93.085 Y109.168 E377.67646
G1 X92.94 Y108.558 E377.69732
G1 X92.94 Y107.929 E377.71824
G1 X93.086 Y107.325 E377.73891
G1 X93.384 Y106.768 E377.75992
G1 X93.8 Y106.304 E377.78064
G1 X94.308 Y105.951 E377.80122
G1 X94.892 Y105.721 E377.8221
G1 X95.454 Y105.652 E377.84093
G1 X97.272 Y105.648 E377.9014
G1 X97.273 Y96.464 E378.20686
G1 X97.306 Y96.3 E378.21242
G1 X97.409 Y96.118 E378.21938
G1 X97.603 Y95.963 E378.22763
G1 X97.792 Y95.9 E378.23426
G1 X147.525 Y95.9 E379.88839
G1 X147.939 Y95.851 E379.90225
G1 X148.302 Y95.724 E379.91504
G1 X148.624 Y95.523 E379.92767
G1 X148.9 Y95.247 E379.94065
G1 X149.099 Y94.929 E379.95313
G1 X149.227 Y94.566 E379.96593
G1 X149.272 Y94.155 E379.97968
G1 X149.272 Y92.093 E380.04826
G1 X149.227 Y91.682 E380.06202
G1 X149.099 Y91.319 E380.07482
G1 X148.9 Y91.001 E380.0873
G1 X148.622 Y90.724 E380.10035
G1 X148.302 Y90.521 E380.11295
G1 X147.942 Y90.397 E380.12562
G1 X147.525 Y90.348 E380.13958
G1 X143.224 Y90.348 E380.28263
G1 X143.22 Y92.118 E380.3415
G1 X143.149 Y92.683 E380.36044
G1 X142.931 Y93.254 E380.38077
G1 X142.569 Y93.777 E380.40193
G1 X142.107 Y94.192 E380.42258
G1 X141.544 Y94.487 E380.44372
G1 X140.934 Y94.632 E380.46458
G1 X140.305 Y94.632 E380.4855
G1 X139.703 Y94.487 E380.50609
G1 X139.144 Y94.194 E380.52708
G1 X138.673 Y93.775 E380.54805
G1 X138.316 Y93.252 E380.56911
G1 X138.099 Y92.683 E380.58937
G1 X138.028 Y92.118 E380.60831
G1 X138.024 Y90.348 E380.66718
G1 X124.724 Y90.348 E381.10954
G1 X124.72 Y92.118 E381.16841
G1 X124.649 Y92.683 E381.18735
G1 X124.431 Y93.254 E381.20768
G1 X124.069 Y93.777 E381.22883
G1 X123.607 Y94.192 E381.24949
G1 X123.044 Y94.487 E381.27063
G1 X122.434 Y94.632 E381.29148
G1 X121.805 Y94.632 E381.3124
G1 X121.203 Y94.487 E381.333
G1 X120.644 Y94.194 E381.35399
G1 X120.173 Y93.775 E381.37496
G1 X119.816 Y93.252 E381.39602
G1 X119.599 Y92.683 E381.41627
G1 X119.528 Y92.118 E381.43521
G1 X119.524 Y90.348 E381.49408
G1 X106.224 Y90.348 E381.93644
G1 X106.22 Y92.118 E381.99531
G1 X106.149 Y92.683 E382.01425
G1 X105.931 Y93.254 E382.03458
G1 X105.569 Y93.777 E382.05574
G1 X105.107 Y94.192 E382.07639
G1 X104.544 Y94.487 E382.09753
G1 X103.934 Y94.632 E382.11839
G1 X103.305 Y94.632 E382.13931
G1 X102.703 Y94.487 E382.1599
G1 X102.144 Y94.194 E382.18089
G1 X101.673 Y93.775 E382.20186
G1 X101.316 Y93.252 E382.22292
G1 X101.099 Y92.683 E382.24318
G1 X101.028 Y92.118 E382.26212
G1 X101.024 Y90.348 E382.32099
G1 X87.471 Y90.348 E382.77176
G1 X87.054 Y90.397 E382.78573
G1 X86.695 Y90.52 E382.79835
G1 X86.378 Y90.723 E382.81087
G1 X86.099 Y91.003 E382.82401
G1 X85.896 Y91.321 E382.83656
G1 X85.77 Y91.682 E382.84928
G1 X85.724 Y92.093 E382.86304
G1 X85.724 Y142.903 E384.55298
G1 X85.77 Y143.318 E384.56687
G1 X85.895 Y143.675 E384.57945
G1 X86.099 Y143.994 E384.59205
G1 X86.379 Y144.273 E384.60519
G1 X86.697 Y144.476 E384.61774
G1 X87.054 Y144.602 E384.63033
G1 X87.469 Y144.648 E384.64422
G1 X101.024 Y144.648 E385.09506
G1 X101.028 Y142.878 E385.15393
G1 X101.099 Y142.314 E385.17284
G1 X101.316 Y141.744 E385.19312
G1 X101.673 Y141.221 E385.21418
G1 X102.146 Y140.8 E385.23525
G1 X102.706 Y140.513 E385.25618
G1 X103.313 Y140.364 E385.27696
G1 X103.946 Y140.364 E385.29802
G1 X104.544 Y140.513 E385.31851
G1 X105.106 Y140.803 E385.33955
G1 X105.569 Y141.219 E385.36025
G1 X105.931 Y141.742 E385.38141
G1 X106.149 Y142.314 E385.40177
G1 X106.22 Y142.878 E385.42067
G1 X106.224 Y144.648 E385.47954
G1 X117.5 Y144.648 E385.85458
G0 F9000 X117.5 Y145.048
;TYPE:WALL-OUTER
G1 F1500 X119.924 Y145.048 E385.93521
G1 X119.925 Y142.927 E386.00575
G1 X119.987 Y142.429 E386.02244
G1 X120.186 Y141.911 E386.0409
G1 X120.495 Y141.47 E386.05881
G1 X120.896 Y141.122 E386.07647
G1 X121.367 Y140.885 E386.09401
G1 X121.831 Y140.769 E386.10991
G1 X122.417 Y140.769 E386.1294
G1 X122.881 Y140.885 E386.14531
G1 X123.375 Y141.134 E386.16371
G1 X123.781 Y141.506 E386.18203
G1 X124.083 Y141.952 E386.19994
G1 X124.263 Y142.439 E386.21721
G1 X124.323 Y142.927 E386.23356
G1 X124.324 Y145.048 E386.30411
G1 X138.424 Y145.048 E386.77308
G1 X138.425 Y142.927 E386.84362
G1 X138.487 Y142.429 E386.86031
G1 X138.686 Y141.911 E386.87877
G1 X138.995 Y141.47 E386.89668
G1 X139.396 Y141.122 E386.91434
G1 X139.867 Y140.885 E386.93187
G1 X140.331 Y140.769 E386.94778
G1 X140.917 Y140.769 E386.96727
G1 X141.381 Y140.885 E386.98318
G1 X141.875 Y141.134 E387.00158
G1 X142.281 Y141.506 E387.01989
G1 X142.583 Y141.952 E387.03781
G1 X142.763 Y142.439 E387.05508
G1 X142.823 Y142.927 E387.07143
G1 X142.824 Y145.048 E387.14198
G1 X147.549 Y145.048 E387.29913
G1 X148.031 Y144.995 E387.31526
G1 X148.476 Y144.838 E387.33095
G1 X148.874 Y144.586 E387.34662
G1 X149.214 Y144.246 E387.36261
G1 X149.462 Y143.852 E387.3781
G1 X149.619 Y143.407 E387.39379
G1 X149.672 Y142.925 E387.40992
G1 X149.672 Y140.823 E387.47983
G1 X149.619 Y140.341 E387.49596
G1 X149.462 Y139.896 E387.51166
G1 X149.214 Y139.498 E387.52725
G1 X148.874 Y139.158 E387.54325
G1 X148.476 Y138.91 E387.55884
G1 X148.031 Y138.753 E387.57454
G1 X147.549 Y138.7 E387.59067
G1 X97.825 Y138.695 E389.24449
G1 X97.746 Y138.656 E389.24742
G1 X97.675 Y138.538 E389.252
G1 X97.672 Y128.948 E389.57097
G1 X95.503 Y128.947 E389.64311
G1 X94.968 Y128.875 E389.66106
G1 X94.502 Y128.695 E389.67768
G1 X94.064 Y128.395 E389.69534
G1 X93.698 Y127.977 E389.71382
G1 X93.457 Y127.503 E389.7315
G1 X93.343 Y127.027 E389.74778
G1 X93.345 Y126.457 E389.76674
G1 X93.474 Y125.947 E389.78424
G1 X93.698 Y125.519 E389.8003
G1 X94.064 Y125.105 E389.81868
G1 X94.502 Y124.801 E389.83642
G1 X95.015 Y124.609 E389.85463
G1 X95.503 Y124.549 E389.87099
G1 X97.672 Y124.548 E389.94313
G1 X97.672 Y110.448 E390.4121
G1 X95.503 Y110.447 E390.48424
G1 X94.968 Y110.375 E390.50219
G1 X94.502 Y110.195 E390.51881
G1 X94.064 Y109.895 E390.53647
G1 X93.698 Y109.477 E390.55494
G1 X93.457 Y109.003 E390.57263
G1 X93.343 Y108.527 E390.58891
G1 X93.345 Y107.957 E390.60787
G1 X93.474 Y107.447 E390.62537
G1 X93.698 Y107.019 E390.64143
G1 X94.064 Y106.605 E390.65981
G1 X94.502 Y106.301 E390.67754
G1 X95.015 Y106.109 E390.69576
G1 X95.503 Y106.049 E390.71212
G1 X97.672 Y106.048 E390.78426
G1 X97.675 Y96.462 E391.10309
G1 X97.746 Y96.344 E391.10767
G1 X97.837 Y96.302 E391.111
G1 X147.548 Y96.3 E392.7644
G1 X148.03 Y96.243 E392.78054
G1 X148.476 Y96.086 E392.79627
G1 X148.874 Y95.838 E392.81186
G1 X149.214 Y95.498 E392.82786
G1 X149.462 Y95.104 E392.84334
G1 X149.619 Y94.655 E392.85916
G1 X149.672 Y94.177 E392.87516
G1 X149.672 Y92.071 E392.9452
G1 X149.619 Y91.593 E392.9612
G1 X149.462 Y91.144 E392.97702
G1 X149.214 Y90.75 E392.9925
G1 X148.874 Y90.41 E393.0085
G1 X148.476 Y90.158 E393.02416
G1 X148.031 Y90.005 E393.03982
G1 X147.548 Y89.948 E393.05599
G1 X142.824 Y89.948 E393.21311
G1 X142.823 Y92.069 E393.28366
G1 X142.761 Y92.568 E393.30038
G1 X142.561 Y93.086 E393.31885
G1 X142.281 Y93.49 E393.3352
G1 X141.853 Y93.874 E393.35432
G1 X141.379 Y94.115 E393.37201
G1 X140.903 Y94.229 E393.38829
G1 X140.333 Y94.227 E393.40725
G1 X139.823 Y94.098 E393.42474
G1 X139.355 Y93.846 E393.44242
G1 X138.962 Y93.489 E393.46008
G1 X138.686 Y93.085 E393.47636
G1 X138.485 Y92.557 E393.49515
G1 X138.425 Y92.069 E393.5115
G1 X138.424 Y89.948 E393.58204
G1 X124.324 Y89.948 E394.05101
G1 X124.323 Y92.069 E394.12156
G1 X124.261 Y92.568 E394.13828
G1 X124.061 Y93.086 E394.15675
G1 X123.781 Y93.49 E394.1731
G1 X123.353 Y93.874 E394.19222
G1 X122.879 Y94.115 E394.20991
G1 X122.403 Y94.229 E394.22619
G1 X121.833 Y94.227 E394.24515
G1 X121.323 Y94.098 E394.26264
G1 X120.855 Y93.846 E394.28032
G1 X120.462 Y93.489 E394.29798
G1 X120.186 Y93.085 E394.31426
G1 X119.985 Y92.557 E394.33305
G1 X119.925 Y92.069 E394.3494
G1 X119.924 Y89.948 E394.41994
G1 X105.824 Y89.948 E394.88891
G1 X105.823 Y92.069 E394.95946
G1 X105.761 Y92.568 E394.97618
G1 X105.561 Y93.086 E394.99465
G1 X105.281 Y93.49 E395.011
G1 X104.853 Y93.874 E395.03012
G1 X104.379 Y94.115 E395.04781
G1 X103.903 Y94.229 E395.06409
G1 X103.333 Y94.227 E395.08305
G1 X102.823 Y94.098 E395.10055
G1 X102.355 Y93.846 E395.11822
G1 X101.962 Y93.489 E395.13588
G1 X101.686 Y93.085 E395.15216
G1 X101.485 Y92.557 E395.17095
G1 X101.425 Y92.069 E395.1873
G1 X101.424 Y89.948 E395.25785
G1 X87.448 Y89.948 E395.72269
G1 X86.965 Y90.005 E395.73887
G1 X86.52 Y90.158 E395.75452
G1 X86.126 Y90.409 E395.77005
G1 X85.785 Y90.751 E395.78612
G1 X85.534 Y91.145 E395.80165
G1 X85.377 Y91.593 E395.81744
G1 X85.324 Y92.071 E395.83344
G1 X85.324 Y142.925 E397.52485
G1 X85.377 Y143.407 E397.54098
G1 X85.533 Y143.851 E397.55663
G1 X85.785 Y144.246 E397.57221
G1 X86.127 Y144.587 E397.58828
G1 X86.521 Y144.838 E397.60382
G1 X86.965 Y144.995 E397.61948
G1 X87.447 Y145.048 E397.63561
G1 X101.424 Y145.048 E398.10048
G1 X101.425 Y142.927 E398.17103
G1 X101.487 Y142.429 E398.18772
G1 X101.686 Y141.911 E398.20618
G1 X101.995 Y141.47 E398.22409
G1 X102.396 Y141.122 E398.24175
G1 X102.867 Y140.885 E398.25928
G1 X103.331 Y140.769 E398.27519
G1 X103.917 Y140.769 E398.29468
G1 X104.381 Y140.885 E398.31059
G1 X104.875 Y141.134 E398.32899
G1 X105.281 Y141.506 E398.3473
G1 X105.583 Y141.952 E398.36522
G1 X105.763 Y142.439 E398.38249
G1 X105.823 Y142.927 E398.39884
G1 X105.824 Y145.048 E398.46938
G1 X117.5 Y145.048 E398.85773
G0 F9000 X117.5 Y144.288
;TYPE:SKIN
G1 F1500 X106.584 Y144.288 E399.2208
G1 X106.575 Y142.831 E399.26926
G1 X106.503 Y142.243 E399.28896
G1 X106.241 Y141.553 E399.31351
G1 X105.853 Y140.997 E399.33606
G1 X105.312 Y140.502 E399.36045
G1 X104.688 Y140.181 E399.38379
G1 F1363.6 X104.022 Y139.971 E399.40934
G1 F1255.2 X103.255 Y139.969 E399.43982
G1 F1369.9 X102.56 Y140.181 E399.46629
G1 F1500 X101.96 Y140.49 E399.48873
G1 X101.415 Y140.966 E399.5128
G1 X101.002 Y141.559 E399.53684
G1 X100.756 Y142.197 E399.55958
G1 X100.669 Y142.826 E399.5807
G1 X100.664 Y144.288 E399.62932
G1 X87.488 Y144.288 E400.06756
G1 X87.138 Y144.247 E400.07928
G1 X86.853 Y144.147 E400.08933
G1 X86.602 Y143.986 E400.09924
G1 X86.381 Y143.769 E400.10955
G1 X86.221 Y143.515 E400.11953
G1 X86.121 Y143.235 E400.12942
G1 X86.085 Y142.881 E400.14125
G1 X86.084 Y92.111 E401.82987
G1 X86.121 Y91.761 E401.84158
G1 X86.221 Y91.481 E401.85147
G1 X86.382 Y91.226 E401.8615
G1 X86.603 Y91.005 E401.87189
G1 X86.852 Y90.846 E401.88172
G1 X87.133 Y90.749 E401.89161
G1 X87.492 Y90.708 E401.90362
G1 X100.664 Y90.708 E402.34173
G1 X100.665 Y92.058 E402.38663
G1 X100.742 Y92.755 E402.40995
G1 X101.002 Y93.433 E402.4341
G1 X101.382 Y93.993 E402.45661
G1 X101.923 Y94.478 E402.48078
G1 X102.551 Y94.814 E402.50447
G1 F1363.6 X103.231 Y95.026 E402.53053
G1 F1252.6 X103.989 Y95.028 E402.56072
G1 F1366.7 X104.688 Y94.814 E402.5874
G1 F1500 X105.327 Y94.477 E402.61143
G1 X105.823 Y94.029 E402.63366
G1 X106.241 Y93.439 E402.65771
G1 X106.502 Y92.755 E402.68206
G1 X106.575 Y92.165 E402.70183
G1 X106.584 Y90.708 E402.75029
G1 X119.164 Y90.708 E403.1687
G1 X119.165 Y92.058 E403.21361
G1 X119.242 Y92.755 E403.23693
G1 X119.502 Y93.433 E403.26108
G1 X119.882 Y93.993 E403.28359
G1 X120.423 Y94.478 E403.30776
G1 X121.051 Y94.814 E403.33144
G1 F1363.6 X121.731 Y95.026 E403.3575
G1 F1252.6 X122.489 Y95.028 E403.38769
G1 F1366.7 X123.188 Y94.814 E403.41438
G1 F1500 X123.827 Y94.477 E403.43841
G1 X124.323 Y94.029 E403.46064
G1 X124.741 Y93.439 E403.48469
G1 X125.002 Y92.755 E403.50904
G1 X125.075 Y92.165 E403.52881
G1 X125.084 Y90.708 E403.57727
G1 X137.664 Y90.708 E403.99568
G1 X137.665 Y92.058 E404.04058
G1 X137.742 Y92.755 E404.06391
G1 X138.002 Y93.433 E404.08806
G1 X138.382 Y93.993 E404.11057
G1 X138.923 Y94.478 E404.13473
G1 X139.551 Y94.814 E404.15842
G1 F1363.6 X140.231 Y95.026 E404.18448
G1 F1252.6 X140.989 Y95.028 E404.21467
G1 F1366.7 X141.688 Y94.814 E404.24136
G1 F1500 X142.327 Y94.477 E404.26539
G1 X142.823 Y94.029 E404.28762
G1 X143.241 Y93.439 E404.31166
G1 X143.502 Y92.755 E404.33601
G1 X143.575 Y92.165 E404.35579
G1 X143.584 Y90.708 E404.40425
G1 X147.5 Y90.708 E404.5345
G1 X147.859 Y90.749 E404.54651
G1 X148.14 Y90.846 E404.5564
G1 X148.398 Y91.01 E404.56657
G1 X148.614 Y91.226 E404.57673
G1 X148.77 Y91.472 E404.58642
G1 X148.871 Y91.761 E404.5966
G1 X148.912 Y92.112 E404.60835
G1 X148.912 Y94.132 E404.67554
G1 X148.871 Y94.483 E404.68729
G1 X148.77 Y94.772 E404.69747
G1 X148.614 Y95.018 E404.70716
G1 X148.398 Y95.238 E404.71742
G1 X148.149 Y95.39 E404.72712
G1 X147.853 Y95.496 E404.73758
G1 X147.499 Y95.54 E404.74944
G1 X141.727 Y95.54 E404.94142
G1 F1366.7 X141.03 Y95.501 E404.9669
G1 F1252.6 X140.175 Y95.499 E405.00096
G1 F1363.6 X139.512 Y95.539 E405.02526
G1 F1500 X123.227 Y95.54 E405.5669
G1 F1366.7 X122.53 Y95.501 E405.59238
G1 F1252.6 X121.675 Y95.499 E405.62643
G1 F1363.6 X121.012 Y95.539 E405.65074
G1 F1500 X104.727 Y95.54 E406.19238
G1 F1366.7 X104.03 Y95.501 E406.21786
G1 F1252.6 X103.175 Y95.499 E406.25191
G1 F1363.6 X102.512 Y95.539 E406.27621
G1 F1500 X97.712 Y95.54 E406.43586
G1 X97.404 Y95.662 E406.44688
G1 X97.13 Y95.883 E406.45859
G1 X96.963 Y96.181 E406.46995
G1 X96.912 Y96.444 E406.47886
G1 X96.912 Y105.288 E406.77301
G1 X95.403 Y105.293 E406.8232
G1 X94.785 Y105.376 E406.84394
G1 X94.161 Y105.613 E406.86614
G1 X93.54 Y106.052 E406.89144
G1 X93.116 Y106.512 E406.91225
G1 X92.741 Y107.217 E406.9388
G1 X92.585 Y107.865 E406.96097
G1 X92.582 Y108.611 E406.98579
G1 X92.754 Y109.317 E407.00995
G1 X93.073 Y109.931 E407.03297
G1 X93.583 Y110.482 E407.05794
G1 X94.165 Y110.879 E407.08137
G1 X94.78 Y111.115 E407.10328
G1 X95.407 Y111.199 E407.12432
G1 X96.912 Y111.208 E407.17438
G1 X96.912 Y123.788 E407.59279
G1 X95.403 Y123.793 E407.64298
G1 X94.785 Y123.876 E407.66372
G1 X94.161 Y124.113 E407.68592
G1 X93.54 Y124.552 E407.71121
G1 X93.116 Y125.012 E407.73202
G1 X92.741 Y125.717 E407.75858
G1 X92.585 Y126.365 E407.78075
G1 X92.582 Y127.111 E407.80556
G1 X92.754 Y127.817 E407.82973
G1 X93.073 Y128.431 E407.85274
G1 X93.583 Y128.982 E407.87772
G1 X94.165 Y129.379 E407.90115
G1 X94.78 Y129.615 E407.92306
G1 X95.407 Y129.699 E407.9441
G1 X96.912 Y129.708 E407.99416
G1 X96.915 Y138.578 E408.28917
G1 X96.963 Y138.816 E408.29725
G1 X97.13 Y139.109 E408.30846
G1 X97.406 Y139.336 E408.32035
G1 X97.707 Y139.46 E408.33118
G1 X102.521 Y139.46 E408.49129
G1 F1369.9 X103.214 Y139.498 E408.51657
G1 F1255.2 X104.079 Y139.499 E408.55095
G1 F1363.6 X104.73 Y139.46 E408.57481
G1 F1500 X121.021 Y139.46 E409.11665
G1 F1369.9 X121.714 Y139.498 E409.14193
G1 F1255.2 X122.579 Y139.499 E409.17631
G1 F1363.6 X123.23 Y139.46 E409.20017
G1 F1500 X139.521 Y139.46 E409.74201
G1 F1369.9 X140.214 Y139.498 E409.76729
G1 F1255.2 X141.079 Y139.499 E409.80167
G1 F1363.6 X141.73 Y139.46 E409.82553
G1 F1500 X147.505 Y139.46 E410.0176
G1 X147.855 Y139.497 E410.02931
G1 X148.148 Y139.602 E410.03966
G1 X148.394 Y139.754 E410.04928
G1 X148.614 Y139.977 E410.0597
G1 X148.767 Y140.22 E410.06925
G1 X148.872 Y140.514 E410.07963
G1 X148.912 Y140.864 E410.09135
G1 X148.912 Y142.88 E410.1584
G1 X148.871 Y143.235 E410.17029
G1 X148.77 Y143.524 E410.18047
G1 X148.618 Y143.762 E410.18986
G1 X148.394 Y143.99 E410.20049
G1 X148.144 Y144.146 E410.21029
G1 X147.855 Y144.247 E410.22048
G1 X147.504 Y144.287 E410.23223
G1 X143.584 Y144.288 E410.36261
G1 X143.575 Y142.831 E410.41107
G1 X143.503 Y142.243 E410.43077
G1 X143.241 Y141.553 E410.45532
G1 X142.853 Y140.997 E410.47787
G1 X142.312 Y140.502 E410.50226
G1 X141.688 Y140.181 E410.5256
G1 F1363.6 X141.022 Y139.971 E410.55115
G1 F1255.2 X140.255 Y139.969 E410.58163
G1 F1369.9 X139.56 Y140.181 E410.60809
G1 F1500 X138.96 Y140.49 E410.63054
G1 X138.415 Y140.966 E410.65461
G1 X138.002 Y141.559 E410.67864
G1 X137.756 Y142.197 E410.70139
G1 X137.669 Y142.826 E410.72251
G1 X137.664 Y144.288 E410.77113
G1 X125.084 Y144.288 E411.18955
G1 X125.075 Y142.831 E411.23801
G1 X125.003 Y142.243 E411.25771
G1 X124.741 Y141.553 E411.28226
G1 X124.353 Y140.997 E411.30481
G1 X123.812 Y140.502 E411.3292
G1 X123.188 Y140.181 E411.35254
G1 F1363.6 X122.522 Y139.971 E411.37809
G1 F1255.2 X121.755 Y139.969 E411.40857
G1 F1369.9 X121.06 Y140.181 E411.43503
G1 F1500 X120.46 Y140.49 E411.45748
G1 X119.915 Y140.966 E411.48155
G1 X119.502 Y141.559 E411.50558
G1 X119.256 Y142.197 E411.52833
G1 X119.169 Y142.826 E411.54945
G1 X119.164 Y144.288 E411.59807
G1 X117.5 Y144.288 E411.65342
G1 F2700 E406.65342
G0 F9000 X117.5 Y144.548
G0 X119.675 Y144.542
G0 X119.676 Y142.923
G0 X119.744 Y142.363
G0 X119.953 Y141.811
G0 X120.29 Y141.324
G0 X120.732 Y140.932
G0 X121.256 Y140.657
G0 X121.83 Y140.516
G0 X122.42 Y140.516
G0 X122.994 Y140.657
G0 X123.518 Y140.932
G0 X123.96 Y141.324
G0 X124.297 Y141.811
G0 X124.506 Y142.363
G0 X124.574 Y142.923
G0 X124.574 Y144.53
G0 X138.175 Y144.496
G0 X138.176 Y142.923
G0 X138.244 Y142.363
G0 X138.453 Y141.811
G0 X138.79 Y141.324
G0 X139.232 Y140.932
G0 X139.756 Y140.657
G0 X140.33 Y140.516
G0 X140.92 Y140.516
G0 X141.494 Y140.657
G0 X142.018 Y140.932
G0 X142.46 Y141.324
G0 X142.797 Y141.811
G0 X143.006 Y142.363
G0 X143.074 Y142.923
G0 X143.074 Y144.483
G0 X148.013 Y144.471
G0 X147.86 Y144.034
G1 F2700 E411.65342
G1 F1500 X148.659 Y143.234 E411.69102
G0 F9000 X148.712 Y142.616
G1 F1500 X147.24 Y144.088 E411.76026
G0 F9000 X146.674 Y144.088
G1 F1500 X148.712 Y142.051 E411.8561
G0 F9000 X148.712 Y141.485
G1 F1500 X146.109 Y144.088 E411.97854
G0 F9000 X145.542 Y144.089
G1 F1500 X148.712 Y140.919 E412.12764
G0 F9000 X148.631 Y140.434
G1 F1500 X144.977 Y144.089 E412.29954
G0 F9000 X144.411 Y144.089
G1 F1500 X148.427 Y140.073 E412.48844
G0 F9000 X148.117 Y139.817
G1 F1500 X143.845 Y144.089 E412.68938
G0 F9000 X143.78 Y143.588
G1 F1500 X147.688 Y139.68 E412.8732
G0 F9000 X147.143 Y139.66
G1 F1500 X143.777 Y143.025 E413.03151
G0 F9000 X143.735 Y142.502
G1 F1500 X146.577 Y139.66 E413.16518
G0 F9000 X146.011 Y139.66
G1 F1500 X143.642 Y142.029 E413.27662
G0 F9000 X143.486 Y141.619
G1 F1500 X145.446 Y139.66 E413.36878
G0 F9000 X144.88 Y139.66
G1 F1500 X143.28 Y141.259 E413.44402
G0 F9000 X143.048 Y140.926
G1 F1500 X144.314 Y139.66 E413.50357
G0 F9000 X143.748 Y139.66
G1 F1500 X142.766 Y140.643 E413.54978
G0 F9000 X142.468 Y140.375
G1 F1500 X143.183 Y139.66 E413.58341
G0 F9000 X142.617 Y139.66
G1 F1500 X142.105 Y140.172 E413.6075
G0 F9000 X141.728 Y139.984
G1 F1500 X142.051 Y139.66 E413.62271
G0 F9000 X141.452 Y139.693
G1 F1500 X141.316 Y139.83 E413.62913
G0 F9000 X141.193 Y140.321
G0 X143.075 Y141.667
G0 X143.396 Y144.476
G0 X147.518 Y144.487
G0 X147.905 Y144.444
G0 X148.522 Y144.146
G0 X148.955 Y143.606
G0 X149.069 Y143.281
G0 X149.111 Y140.854
G0 X149.069 Y140.467
G0 X148.772 Y139.849
G0 X148.523 Y139.6
G0 X147.905 Y139.303
G0 X139.763 Y139.2
G0 X139.763 Y139.685
G1 F1500 X139.42 Y140.029 E413.64529
G0 F9000 X139.223 Y139.66
G1 F1500 X134.795 Y144.088 E413.85357
G0 F9000 X135.361 Y144.088
G1 F1500 X137.718 Y141.731 E413.96444
G0 F9000 X137.509 Y142.505
G1 F1500 X135.926 Y144.088 E414.0389
G0 F9000 X136.492 Y144.088
G1 F1500 X137.469 Y143.111 E414.08485
G0 F9000 X137.466 Y143.68
G1 F1500 X137.058 Y144.088 E414.10404
G0 F9000 X137.058 Y144.548
G0 X134.229 Y144.548
G0 X134.229 Y144.088
G1 F1500 X138.657 Y139.66 E414.31232
G0 F9000 X138.092 Y139.66
G1 F1500 X133.664 Y144.088 E414.5206
G0 F9000 X133.098 Y144.088
G1 F1500 X137.526 Y139.66 E414.72888
G0 F9000 X136.96 Y139.66
G1 F1500 X132.532 Y144.088 E414.93716
G0 F9000 X131.967 Y144.088
G1 F1500 X136.395 Y139.66 E415.14544
G0 F9000 X135.829 Y139.66
G1 F1500 X131.401 Y144.088 E415.35372
G0 F9000 X130.835 Y144.088
G1 F1500 X135.263 Y139.66 E415.562
G0 F9000 X134.697 Y139.66
G1 F1500 X130.27 Y144.088 E415.77025
G0 F9000 X129.704 Y144.088
G1 F1500 X134.132 Y139.66 E415.97853
G0 F9000 X133.566 Y139.66
G1 F1500 X129.138 Y144.088 E416.18681
G0 F9000 X128.573 Y144.088
G1 F1500 X133 Y139.66 E416.39507
G0 F9000 X132.435 Y139.66
G1 F1500 X128.007 Y144.088 E416.60335
G0 F9000 X127.441 Y144.088
G1 F1500 X131.869 Y139.66 E416.81163
G0 F9000 X131.303 Y139.66
G1 F1500 X126.875 Y144.088 E417.01991
G0 F9000 X126.31 Y144.088
G1 F1500 X130.738 Y139.66 E417.22819
G0 F9000 X130.172 Y139.66
G1 F1500 X125.744 Y144.088 E417.43647
G0 F9000 X125.283 Y143.983
G1 F1500 X129.606 Y139.66 E417.63981
G0 F9000 X129.041 Y139.66
G1 F1500 X125.28 Y143.421 E417.81671
G0 F9000 X125.277 Y142.858
G1 F1500 X128.475 Y139.66 E417.96714
G0 F9000 X127.909 Y139.66
G1 F1500 X125.217 Y142.352 E418.09376
G0 F9000 X125.095 Y141.909
G1 F1500 X127.344 Y139.66 E418.19955
G0 F9000 X126.778 Y139.66
G1 F1500 X124.939 Y141.498 E418.28603
G0 F9000 X124.711 Y141.161
G1 F1500 X126.212 Y139.66 E418.35663
G0 F9000 X125.647 Y139.66
G1 F1500 X124.474 Y140.832 E418.41178
G0 F9000 X124.177 Y140.564
G1 F1500 X125.081 Y139.66 E418.4543
G0 F9000 X124.515 Y139.66
G1 F1500 X123.88 Y140.295 E418.48417
G0 F9000 X123.495 Y140.115
G1 F1500 X123.949 Y139.66 E418.50555
G0 F9000 X123.384 Y139.66
G1 F1500 X123.105 Y139.939 E418.51867
G0 F9000 X122.762 Y139.717
G1 F1500 X122.695 Y139.783 E418.5218
G0 F9000 X122.568 Y140.29
G0 X124.575 Y141.667
G0 X124.896 Y144.476
G0 X137.852 Y144.476
G0 X138.172 Y141.669
G0 X140.295 Y140.203
G0 X142.69 Y141.112
G0 X143.38 Y142.856
G0 X143.396 Y144.476
G0 X147.518 Y144.487
G0 X147.905 Y144.444
G0 X148.522 Y144.146
G0 X148.955 Y143.606
G0 X149.069 Y143.281
G0 X149.111 Y140.854
G0 X149.069 Y140.467
G0 X148.772 Y139.849
G0 X148.523 Y139.6
G0 X147.905 Y139.303
G0 X121.622 Y139.2
G0 X121.622 Y139.724
G1 F1500 X121.554 Y139.792 E418.525
G0 F9000 X121.112 Y139.669
G1 F1500 X120.576 Y140.205 E418.55021
G0 F9000 X120.555 Y139.66
G1 F1500 X116.127 Y144.089 E418.75851
G0 F9000 X116.692 Y144.089
G1 F1500 X119.343 Y141.438 E418.88321
G0 F9000 X119.034 Y142.312
G1 F1500 X117.258 Y144.089 E418.96677
G0 F9000 X117.824 Y144.089
G1 F1500 X118.97 Y142.942 E419.0207
G0 F9000 X118.967 Y143.511
G1 F1500 X118.389 Y144.089 E419.04788
G0 F9000 X118.389 Y144.548
G0 X115.561 Y144.548
G0 X115.561 Y144.089
G1 F1500 X119.99 Y139.66 E419.25621
G0 F9000 X119.424 Y139.66
G1 F1500 X114.995 Y144.089 E419.46454
G0 F9000 X114.43 Y144.089
G1 F1500 X118.858 Y139.66 E419.67284
G0 F9000 X118.293 Y139.66
G1 F1500 X113.864 Y144.089 E419.88117
G0 F9000 X113.298 Y144.089
G1 F1500 X117.727 Y139.66 E420.08949
G0 F9000 X117.161 Y139.66
G1 F1500 X112.733 Y144.089 E420.29779
G0 F9000 X112.167 Y144.089
G1 F1500 X116.596 Y139.66 E420.50612
G0 F9000 X116.03 Y139.66
G1 F1500 X111.601 Y144.089 E420.71445
G0 F9000 X111.036 Y144.089
G1 F1500 X115.464 Y139.66 E420.92275
G0 F9000 X114.898 Y139.66
G1 F1500 X110.47 Y144.089 E421.13105
G0 F9000 X109.904 Y144.089
G1 F1500 X114.333 Y139.66 E421.33938
G0 F9000 X113.767 Y139.66
G1 F1500 X109.339 Y144.089 E421.54768
G0 F9000 X108.773 Y144.089
G1 F1500 X113.201 Y139.66 E421.75599
G0 F9000 X112.636 Y139.66
G1 F1500 X108.207 Y144.089 E421.96431
G0 F9000 X107.641 Y144.089
G1 F1500 X112.07 Y139.66 E422.17264
G0 F9000 X111.504 Y139.66
G1 F1500 X107.076 Y144.089 E422.38094
G0 F9000 X106.782 Y143.817
G1 F1500 X110.939 Y139.66 E422.57648
G0 F9000 X110.373 Y139.66
G1 F1500 X106.779 Y143.254 E422.74553
G0 F9000 X106.759 Y142.708
G1 F1500 X109.807 Y139.66 E422.8889
G0 F9000 X109.242 Y139.66
G1 F1500 X106.7 Y142.202 E423.00846
G0 F9000 X106.55 Y141.786
G1 F1500 X108.676 Y139.66 E423.10846
G0 F9000 X108.11 Y139.66
G1 F1500 X106.375 Y141.395 E423.19007
G0 F9000 X106.143 Y141.061
G1 F1500 X107.545 Y139.66 E423.25599
G0 F9000 X106.979 Y139.66
G1 F1500 X105.886 Y140.752 E423.30738
G0 F9000 X105.589 Y140.484
G1 F1500 X106.413 Y139.66 E423.34614
G0 F9000 X105.848 Y139.66
G1 F1500 X105.292 Y140.215 E423.37227
G0 F9000 X104.884 Y140.058
G1 F1500 X105.282 Y139.66 E423.39099
G0 F9000 X104.715 Y139.661
G1 F1500 X104.484 Y139.893 E423.40188
G1 F2700 E418.40188
G0 F9000 X104.366 Y140.365
G0 X106.075 Y141.667
G0 X106.396 Y144.476
G0 X119.352 Y144.476
G0 X119.672 Y141.669
G0 X121.795 Y140.203
G0 X124.19 Y141.112
G0 X124.88 Y142.856
G0 X124.896 Y144.476
G0 X137.852 Y144.476
G0 X138.172 Y141.669
G0 X140.295 Y140.203
G0 X142.69 Y141.112
G0 X143.38 Y142.856
G0 X143.396 Y144.476
G0 X147.518 Y144.487
G0 X147.905 Y144.444
G0 X148.522 Y144.146
G0 X148.955 Y143.606
G0 X149.069 Y143.281
G0 X149.111 Y140.854
G0 X149.069 Y140.467
G0 X148.772 Y139.849
G0 X148.523 Y139.6
G0 X147.905 Y139.303
G0 X102.971 Y139.2
G0 X102.971 Y139.708
G1 F2700 E423.40188
G1 F1500 X102.791 Y139.888 E423.41035
G0 F9000 X102.453 Y139.66
G1 F1500 X101.426 Y140.687 E423.45865
G0 F9000 X101.202 Y140.912
G1 F1500 X98.026 Y144.088 E423.60804
G0 F9000 X98.591 Y144.088
G1 F1500 X100.579 Y142.1 E423.70155
G0 F9000 X100.475 Y142.77
G1 F1500 X99.157 Y144.088 E423.76355
G0 F9000 X99.723 Y144.088
G1 F1500 X100.468 Y143.343 E423.79859
G0 F9000 X100.464 Y143.912
G1 F1500 X100.288 Y144.088 E423.80687
G0 F9000 X100.288 Y144.548
G0 X97.46 Y144.548
G0 X97.46 Y144.088
G1 F1500 X101.888 Y139.66 E424.01515
G0 F9000 X101.322 Y139.66
G1 F1500 X96.894 Y144.088 E424.22343
G0 F9000 X96.328 Y144.088
G1 F1500 X100.756 Y139.66 E424.43171
G0 F9000 X100.191 Y139.66
G1 F1500 X95.763 Y144.088 E424.63999
G0 F9000 X95.197 Y144.088
G1 F1500 X99.625 Y139.66 E424.84827
G0 F9000 X99.059 Y139.66
G1 F1500 X94.631 Y144.088 E425.05655
G0 F9000 X94.066 Y144.088
G1 F1500 X98.494 Y139.66 E425.26482
G0 F9000 X97.928 Y139.66
G1 F1500 X93.5 Y144.088 E425.4731
G0 F9000 X92.934 Y144.088
G1 F1500 X97.454 Y139.568 E425.68571
G0 F9000 X97.106 Y139.35
G1 F1500 X92.369 Y144.088 E425.90855
G0 F9000 X91.803 Y144.088
G1 F1500 X96.857 Y139.034 E426.14627
G0 F9000 X96.719 Y138.606
G1 F1500 X91.237 Y144.088 E426.40413
G0 F9000 X90.672 Y144.088
G1 F1500 X96.712 Y138.048 E426.68823
G0 F9000 X96.712 Y137.482
G1 F1500 X90.106 Y144.088 E426.99896
G0 F9000 X89.54 Y144.088
G1 F1500 X96.712 Y136.916 E427.33631
G0 F9000 X96.712 Y136.351
G1 F1500 X88.975 Y144.088 E427.70023
G0 F9000 X88.409 Y144.088
G1 F1500 X96.712 Y135.785 E428.09078
G0 F9000 X96.712 Y135.219
G1 F1500 X87.843 Y144.088 E428.50795
G0 F9000 X87.3 Y144.065
G1 F1500 X96.712 Y134.654 E428.95064
G0 F9000 X96.712 Y134.088
G1 F1500 X86.875 Y143.925 E429.41334
G0 F9000 X86.565 Y143.669
G1 F1500 X96.712 Y133.522 E429.89062
G0 F9000 X96.712 Y132.957
G1 F1500 X86.36 Y143.309 E430.37755
G0 F9000 X86.285 Y142.817
G1 F1500 X96.712 Y132.391 E430.86798
G0 F9000 X96.712 Y131.825
G1 F1500 X86.285 Y142.251 E431.35841
G0 F9000 X86.285 Y141.686
G1 F1500 X96.712 Y131.26 E431.84884
G0 F9000 X96.712 Y130.694
G1 F1500 X86.285 Y141.12 E432.33927
G0 F9000 X86.285 Y140.554
G1 F1500 X96.712 Y130.128 E432.8297
G0 F9000 X96.37 Y129.904
G1 F1500 X86.285 Y139.989 E433.30407
G0 F9000 X86.285 Y139.423
G1 F1500 X95.809 Y129.9 E433.75203
G0 F9000 X95.261 Y129.881
G1 F1500 X86.285 Y138.857 E434.17423
G0 F9000 X86.285 Y138.292
G1 F1500 X94.759 Y129.818 E434.57282
G0 F9000 X94.349 Y129.662
G1 F1500 X86.285 Y137.726 E434.95213
G0 F9000 X86.285 Y137.16
G1 F1500 X93.963 Y129.483 E435.31325
G0 F9000 X93.627 Y129.253
G1 F1500 X86.285 Y136.595 E435.6586
G0 F9000 X86.285 Y136.029
G1 F1500 X93.318 Y128.997 E435.98939
G0 F9000 X93.048 Y128.701
G1 F1500 X86.285 Y135.463 E436.30747
G0 F9000 X86.285 Y134.898
G1 F1500 X92.816 Y128.367 E436.61467
G0 F9000 X92.622 Y127.996
G1 F1500 X86.285 Y134.332 E436.91272
G0 F9000 X86.285 Y133.766
G1 F1500 X92.483 Y127.568 E437.20426
G0 F9000 X92.384 Y127.102
G1 F1500 X86.285 Y133.201 E437.49113
G0 F9000 X86.285 Y132.635
G1 F1500 X92.381 Y126.54 E437.77785
G0 F9000 X92.502 Y125.852
G1 F1500 X86.285 Y132.069 E438.07028
G0 F9000 X86.285 Y131.503
G1 F1500 X96.712 Y121.077 E438.56071
G0 F9000 X96.712 Y120.512
G1 F1500 X86.285 Y130.938 E439.05114
G0 F9000 X86.285 Y130.372
G1 F1500 X96.712 Y119.946 E439.54157
G0 F9000 X96.712 Y119.38
G1 F1500 X86.285 Y129.806 E440.032
G0 F9000 X86.285 Y129.241
G1 F1500 X96.712 Y118.814 E440.52245
G0 F9000 X96.712 Y118.249
G1 F1500 X86.285 Y128.675 E441.01288
G0 F9000 X86.285 Y128.109
G1 F1500 X96.712 Y117.683 E441.50331
G0 F9000 X96.712 Y117.117
G1 F1500 X86.285 Y127.544 E441.99377
G0 F9000 X86.285 Y126.978
G1 F1500 X96.712 Y116.552 E442.4842
G0 F9000 X96.712 Y115.986
G1 F1500 X86.285 Y126.412 E442.97463
G0 F9000 X86.285 Y125.847
G1 F1500 X96.712 Y115.42 E443.46508
G0 F9000 X96.712 Y114.855
G1 F1500 X86.285 Y125.281 E443.95551
G0 F9000 X86.285 Y124.715
G1 F1500 X96.712 Y114.289 E444.44595
G0 F9000 X96.712 Y113.723
G1 F1500 X86.285 Y124.15 E444.9364
G0 F9000 X86.285 Y123.584
G1 F1500 X96.712 Y113.158 E445.42683
G0 F9000 X96.712 Y112.592
G1 F1500 X86.285 Y123.018 E445.91726
G0 F9000 X86.285 Y122.453
G1 F1500 X96.712 Y112.026 E446.40771
G0 F9000 X96.712 Y111.461
G1 F1500 X86.285 Y121.887 E446.89815
G0 F9000 X86.285 Y121.321
G1 F1500 X96.204 Y111.403 E447.36468
G0 F9000 X95.643 Y111.398
G1 F1500 X86.285 Y120.755 E447.80483
G0 F9000 X86.285 Y120.19
G1 F1500 X95.112 Y111.363 E448.22002
G0 F9000 X94.636 Y111.273
G1 F1500 X86.285 Y119.624 E448.61283
G0 F9000 X86.285 Y119.058
G1 F1500 X94.228 Y111.115 E448.98644
G0 F9000 X93.863 Y110.915
G1 F1500 X86.285 Y118.493 E449.34289
G0 F9000 X86.285 Y117.927
G1 F1500 X93.528 Y110.685 E449.68356
G0 F9000 X93.238 Y110.408
G1 F1500 X86.285 Y117.362 E450.01063
G0 F9000 X86.285 Y116.796
G1 F1500 X92.968 Y110.113 E450.32497
G0 F9000 X92.758 Y109.757
G1 F1500 X86.285 Y116.231 E450.62947
G0 F9000 X86.285 Y115.665
G1 F1500 X92.565 Y109.385 E450.92486
G0 F9000 X92.452 Y108.932
G1 F1500 X86.285 Y115.099 E451.21494
G0 F9000 X86.285 Y114.534
G1 F1500 X92.384 Y108.435 E451.50181
G0 F9000 X92.38 Y107.873
G1 F1500 X86.285 Y113.968 E451.7885
G0 F9000 X86.285 Y113.402
G1 F1500 X92.555 Y107.132 E452.08343
G0 F9000 X92.991 Y107.288
G0 X94.524 Y105.754
G0 X94.362 Y105.325
G1 F1500 X96.712 Y102.975 E452.19396
G0 F9000 X96.712 Y102.41
G1 F1500 X86.285 Y112.837 E452.68442
G0 F9000 X86.285 Y112.271
G1 F1500 X96.712 Y101.844 E453.17487
G0 F9000 X96.712 Y101.278
G1 F1500 X86.285 Y111.705 E453.66533
G0 F9000 X86.285 Y111.14
G1 F1500 X96.712 Y100.713 E454.15578
G0 F9000 X96.712 Y100.147
G1 F1500 X86.285 Y110.574 E454.64623
G0 F9000 X86.285 Y110.008
G1 F1500 X96.712 Y99.581 E455.13669
G0 F9000 X96.712 Y99.015
G1 F1500 X86.285 Y109.442 E455.62714
G0 F9000 X86.285 Y108.877
G1 F1500 X96.712 Y98.45 E456.1176
G0 F9000 X96.712 Y97.884
G1 F1500 X86.285 Y108.311 E456.60805
G0 F9000 X86.285 Y107.745
G1 F1500 X96.712 Y97.318 E457.0985
G0 F9000 X96.712 Y96.753
G1 F1500 X86.285 Y107.18 E457.58896
G0 F9000 X86.285 Y106.614
G1 F1500 X96.772 Y96.127 E458.08223
G0 F9000 X97.21 Y96.267
G0 X97.644 Y95.842
G0 X97.487 Y95.411
G1 F1500 X100.501 Y92.398 E458.22398
G0 F9000 X100.575 Y92.89
G1 F1500 X98.119 Y95.346 E458.3395
G0 F9000 X98.685 Y95.345
G1 F1500 X100.731 Y93.299 E458.43574
G0 F9000 X100.923 Y93.673
G1 F1500 X99.252 Y95.344 E458.51434
G0 F9000 X99.818 Y95.343
G1 F1500 X101.152 Y94.01 E458.57706
G0 F9000 X101.423 Y94.304
G1 F1500 X100.385 Y95.342 E458.62589
G0 F9000 X100.952 Y95.341
G1 F1500 X101.724 Y94.568 E458.66222
G0 F9000 X102.071 Y94.788
G1 F1500 X101.518 Y95.341 E458.68824
G0 F9000 X102.084 Y95.34
G1 F1500 X102.442 Y94.982 E458.70507
G0 F9000 X102.669 Y95.321
G1 F1500 X102.852 Y95.138 E458.71368
G1 F2700 E453.71368
G0 F9000 X102.969 Y94.654
G0 X105.197 Y94.328
G0 X106.38 Y92.14
G0 X106.396 Y90.52
G0 X119.352 Y90.52
G0 X119.672 Y93.327
G0 X121.787 Y94.793
G0 X124.19 Y93.884
G0 X124.88 Y92.14
G0 X124.896 Y90.52
G0 X137.852 Y90.52
G0 X138.172 Y93.327
G0 X140.287 Y94.793
G0 X142.69 Y93.884
G0 X143.38 Y92.14
G0 X143.396 Y90.52
G0 X147.515 Y90.509
G0 X147.905 Y90.555
G0 X148.232 Y90.667
G0 X148.773 Y91.103
G0 X148.954 Y91.389
G0 X149.069 Y91.718
G0 X149.111 Y94.146
G0 X149.069 Y94.53
G0 X148.773 Y95.145
G0 X148.523 Y95.396
G0 X147.903 Y95.693
G0 X104.385 Y95.8
G0 X104.385 Y95.302
G1 F2700 E458.71368
G1 F1500 X104.649 Y95.038 E458.7261
G0 F9000 X104.913 Y95.34
G1 F1500 X109.345 Y90.908 E458.93457
G0 F9000 X109.911 Y90.908
G1 F1500 X105.478 Y95.34 E459.14306
G0 F9000 X106.044 Y95.34
G1 F1500 X110.476 Y90.908 E459.35153
G0 F9000 X111.042 Y90.908
G1 F1500 X106.61 Y95.34 E459.55999
G0 F9000 X107.175 Y95.34
G1 F1500 X111.608 Y90.908 E459.76849
G0 F9000 X112.173 Y90.908
G1 F1500 X107.741 Y95.34 E459.97695
G0 F9000 X108.307 Y95.34
G1 F1500 X112.739 Y90.908 E460.18542
G0 F9000 X113.305 Y90.908
G1 F1500 X108.873 Y95.34 E460.39389
G0 F9000 X109.438 Y95.34
G1 F1500 X113.87 Y90.908 E460.60236
G0 F9000 X114.436 Y90.908
G1 F1500 X110.004 Y95.34 E460.81082
G0 F9000 X110.57 Y95.34
G1 F1500 X115.002 Y90.908 E461.01929
G0 F9000 X115.567 Y90.908
G1 F1500 X111.135 Y95.34 E461.22776
G0 F9000 X111.701 Y95.34
G1 F1500 X116.133 Y90.908 E461.43623
G0 F9000 X116.699 Y90.908
G1 F1500 X112.267 Y95.34 E461.64469
G0 F9000 X112.832 Y95.34
G1 F1500 X117.264 Y90.908 E461.85316
G0 F9000 X117.83 Y90.908
G1 F1500 X113.398 Y95.34 E462.06163
G0 F9000 X113.964 Y95.34
G1 F1500 X118.396 Y90.908 E462.2701
G0 F9000 X118.962 Y90.908
G1 F1500 X114.529 Y95.34 E462.47859
G0 F9000 X115.095 Y95.34
G1 F1500 X118.964 Y91.471 E462.66057
G0 F9000 X118.965 Y92.036
G1 F1500 X115.661 Y95.34 E462.81598
G0 F9000 X116.226 Y95.34
G1 F1500 X119.018 Y92.548 E462.94731
G0 F9000 X119.121 Y93.011
G1 F1500 X116.792 Y95.34 E463.05686
G0 F9000 X117.358 Y95.34
G1 F1500 X119.277 Y93.421 E463.14712
G0 F9000 X119.49 Y93.773
G1 F1500 X117.923 Y95.34 E463.22083
G0 F9000 X118.489 Y95.34
G1 F1500 X119.72 Y94.11 E463.27871
G0 F9000 X120.012 Y94.382
G1 F1500 X119.055 Y95.34 E463.32375
G0 F9000 X119.621 Y95.34
G1 F1500 X120.314 Y94.647 E463.35635
G0 F9000 X120.681 Y94.846
G1 F1500 X120.186 Y95.34 E463.37961
G0 F9000 X120.753 Y95.339
G1 F1500 X121.062 Y95.029 E463.39416
G0 F9000 X121.36 Y95.297
G1 F1500 X121.475 Y95.183 E463.39955
G1 F2700 E458.39955
G0 F9000 X121.596 Y94.685
G0 X123.697 Y94.328
G0 X124.88 Y92.14
G0 X124.896 Y90.52
G0 X137.852 Y90.52
G0 X138.172 Y93.327
G0 X140.287 Y94.793
G0 X142.69 Y93.884
G0 X143.38 Y92.14
G0 X143.396 Y90.52
G0 X147.515 Y90.509
G0 X147.905 Y90.555
G0 X148.232 Y90.667
G0 X148.773 Y91.103
G0 X148.954 Y91.389
G0 X149.069 Y91.718
G0 X149.111 Y94.146
G0 X149.069 Y94.53
G0 X148.773 Y95.145
G0 X148.523 Y95.396
G0 X147.903 Y95.693
G0 X123.035 Y95.8
G0 X123.035 Y95.319
G1 F2700 E463.39955
G1 F1500 X123.452 Y94.902 E463.41916
G0 F9000 X123.58 Y95.34
G1 F1500 X128.012 Y90.908 E463.62763
G0 F9000 X127.447 Y90.908
G1 F1500 X124.989 Y93.366 E463.74325
G0 F9000 X125.228 Y92.561
G1 F1500 X126.881 Y90.908 E463.821
G0 F9000 X126.315 Y90.908
G1 F1500 X125.275 Y91.948 E463.86992
G0 F9000 X125.28 Y91.378
G1 F1500 X125.75 Y90.908 E463.89203
G0 F9000 X125.75 Y90.448
G0 X128.578 Y90.448
G0 X128.578 Y90.908
G1 F1500 X124.146 Y95.34 E464.10049
G0 F9000 X124.712 Y95.34
G1 F1500 X129.144 Y90.908 E464.30896
G0 F9000 X129.71 Y90.908
G1 F1500 X125.277 Y95.34 E464.51745
G0 F9000 X125.843 Y95.34
G1 F1500 X130.275 Y90.908 E464.72592
G0 F9000 X130.841 Y90.908
G1 F1500 X126.409 Y95.34 E464.93439
G0 F9000 X126.974 Y95.34
G1 F1500 X131.407 Y90.908 E465.14288
G0 F9000 X131.972 Y90.908
G1 F1500 X127.54 Y95.34 E465.35135
G0 F9000 X128.106 Y95.34
G1 F1500 X132.538 Y90.908 E465.55981
G0 F9000 X133.104 Y90.908
G1 F1500 X128.672 Y95.34 E465.76828
G0 F9000 X129.237 Y95.34
G1 F1500 X133.669 Y90.908 E465.97675
G0 F9000 X134.235 Y90.908
G1 F1500 X129.803 Y95.34 E466.18522
G0 F9000 X130.369 Y95.34
G1 F1500 X134.801 Y90.908 E466.39368
G0 F9000 X135.366 Y90.908
G1 F1500 X130.934 Y95.34 E466.60215
G0 F9000 X131.5 Y95.34
G1 F1500 X135.932 Y90.908 E466.81062
G0 F9000 X136.498 Y90.908
G1 F1500 X132.066 Y95.34 E467.01909
G0 F9000 X132.631 Y95.34
G1 F1500 X137.063 Y90.908 E467.22756
G0 F9000 X137.464 Y91.073
G1 F1500 X133.197 Y95.34 E467.42826
G0 F9000 X133.763 Y95.34
G1 F1500 X137.465 Y91.638 E467.60239
G0 F9000 X137.479 Y92.19
G1 F1500 X134.328 Y95.34 E467.75058
G0 F9000 X134.894 Y95.34
G1 F1500 X137.534 Y92.7 E467.87476
G0 F9000 X137.667 Y93.132
G1 F1500 X135.46 Y95.34 E467.97859
G0 F9000 X136.025 Y95.34
G1 F1500 X137.83 Y93.535 E468.0635
G0 F9000 X138.058 Y93.873
G1 F1500 X136.591 Y95.34 E468.1325
G0 F9000 X137.157 Y95.34
G1 F1500 X138.301 Y94.196 E468.18631
G0 F9000 X138.602 Y94.46
G1 F1500 X137.722 Y95.34 E468.2277
G0 F9000 X138.288 Y95.34
G1 F1500 X138.902 Y94.726 E468.25658
G0 F9000 X139.291 Y94.903
G1 F1500 X138.855 Y95.339 E468.27709
G0 F9000 X139.42 Y95.339
G1 F1500 X139.685 Y95.075 E468.28953
G0 F9000 X139.797 Y94.612
G0 X142.197 Y94.328
G0 X143.38 Y92.14
G0 X143.396 Y90.52
G0 X147.515 Y90.509
G0 X147.905 Y90.555
G0 X148.232 Y90.667
G0 X148.773 Y91.103
G0 X148.954 Y91.389
G0 X149.069 Y91.718
G0 X149.111 Y94.146
G0 X149.069 Y94.53
G0 X148.773 Y95.145
G0 X148.523 Y95.396
G0 X147.903 Y95.693
G0 X141.177 Y95.8
G0 X141.177 Y95.28
G1 F1500 X141.288 Y95.169 E468.29475
G0 F9000 X141.687 Y95.336
G1 F1500 X142.3 Y94.723 E468.32359
G0 F9000 X142.247 Y95.341
G1 F1500 X146.68 Y90.908 E468.5321
G0 F9000 X147.246 Y90.908
G1 F1500 X142.813 Y95.341 E468.74062
G0 F9000 X143.379 Y95.341
G1 F1500 X147.778 Y90.941 E468.94756
G0 F9000 X148.178 Y91.106
G1 F1500 X143.944 Y95.341 E469.14673
G0 F9000 X144.51 Y95.341
G1 F1500 X148.473 Y91.378 E469.33314
G0 F9000 X148.658 Y91.758
G1 F1500 X145.076 Y95.341 E469.50165
G0 F9000 X145.641 Y95.341
G1 F1500 X148.712 Y92.27 E469.6461
G0 F9000 X148.712 Y92.836
G1 F1500 X146.207 Y95.341 E469.76393
G0 F9000 X146.773 Y95.341
G1 F1500 X148.712 Y93.402 E469.85513
G0 F9000 X148.712 Y93.967
G1 F1500 X147.338 Y95.341 E469.91976
G0 F9000 X148.02 Y95.225
G1 F1500 X148.603 Y94.641 E469.94721
G0 F9000 X149.04 Y94.795
G0 X149.111 Y94.146
G0 X149.069 Y91.718
G0 X148.954 Y91.389
G0 X148.522 Y90.85
G0 X148.232 Y90.667
G0 X147.967 Y90.576
G0 X146.114 Y90.448
G0 X146.114 Y90.908
G1 F1500 X143.254 Y93.768 E470.08173
G0 F9000 X142.878 Y93.508
G0 X143.249 Y92.694
G0 X143.705 Y92.752
G1 F1500 X145.549 Y90.908 E470.16847
G0 F9000 X144.983 Y90.908
G1 F1500 X143.774 Y92.117 E470.22534
G0 F9000 X143.779 Y91.546
G1 F1500 X144.417 Y90.908 E470.25535
G0 F9000 X143.852 Y90.908
G1 F1500 X143.783 Y90.976 E470.25857
G1 F2700 E465.25857
G0 F9000 X143.323 Y90.974
G0 X143.006 Y92.637
G0 X142.797 Y93.189
G0 X142.46 Y93.676
G0 X142.018 Y94.068
G0 X141.494 Y94.343
G0 X140.92 Y94.484
G0 X140.33 Y94.484
G0 X139.756 Y94.343
G0 X139.232 Y94.068
G0 X138.79 Y93.676
G0 X138.453 Y93.189
G0 X138.244 Y92.637
G0 X137.852 Y90.52
G0 X124.896 Y90.52
G0 X124.506 Y92.637
G0 X124.297 Y93.189
G0 X123.96 Y93.676
G0 X123.518 Y94.068
G0 X122.994 Y94.343
G0 X122.42 Y94.484
G0 X121.83 Y94.484
G0 X121.256 Y94.343
G0 X120.732 Y94.068
G0 X120.29 Y93.676
G0 X119.953 Y93.189
G0 X119.744 Y92.637
G0 X119.352 Y90.52
G0 X108.779 Y90.448
G0 X108.779 Y90.908
G1 F2700 E470.25857
G1 F1500 X106.591 Y93.096 E470.36149
G0 F9000 X106.751 Y92.37
G1 F1500 X108.214 Y90.908 E470.43028
G0 F9000 X107.648 Y90.908
G1 F1500 X106.777 Y91.779 E470.47125
G0 F9000 X106.781 Y91.209
G1 F1500 X107.082 Y90.908 E470.4854
G0 F9000 X107.082 Y90.448
G0 X106.074 Y90.588
G0 X106.074 Y92.077
G0 X106.006 Y92.637
G0 X105.797 Y93.189
G0 X105.46 Y93.676
G0 X105.018 Y94.068
G0 X104.494 Y94.343
G0 X103.92 Y94.484
G0 X103.33 Y94.484
G0 X102.756 Y94.343
G0 X102.232 Y94.068
G0 X101.79 Y93.676
G0 X101.453 Y93.189
G0 X101.335 Y92.876
G0 X100.924 Y91.303
G0 X100.464 Y91.303
G1 F1500 X86.285 Y105.483 E471.15236
G0 F9000 X86.285 Y106.048
G1 F1500 X100.466 Y91.867 E471.8194
G0 F9000 X100.294 Y90.908
G1 F1500 X86.285 Y104.917 E472.47834
G0 F9000 X86.285 Y104.351
G1 F1500 X99.728 Y90.908 E473.11065
G0 F9000 X99.163 Y90.908
G1 F1500 X86.285 Y103.786 E473.71639
G0 F9000 X86.285 Y103.22
G1 F1500 X98.597 Y90.908 E474.29551
G0 F9000 X98.031 Y90.908
G1 F1500 X86.285 Y102.654 E474.84801
G0 F9000 X86.285 Y102.089
G1 F1500 X97.465 Y90.908 E475.37391
G0 F9000 X96.9 Y90.908
G1 F1500 X86.285 Y101.523 E475.8732
G0 F9000 X86.285 Y100.957
G1 F1500 X96.334 Y90.908 E476.34588
G0 F9000 X95.768 Y90.908
G1 F1500 X86.285 Y100.391 E476.79193
G0 F9000 X86.285 Y99.826
G1 F1500 X95.203 Y90.908 E477.2114
G0 F9000 X94.637 Y90.908
G1 F1500 X86.285 Y99.26 E477.60426
G0 F9000 X86.285 Y98.694
G1 F1500 X94.071 Y90.908 E477.97049
G0 F9000 X93.506 Y90.908
G1 F1500 X86.285 Y98.129 E478.31014
G0 F9000 X86.285 Y97.563
G1 F1500 X92.94 Y90.908 E478.62317
G0 F9000 X92.374 Y90.908
G1 F1500 X86.285 Y96.997 E478.90958
G0 F9000 X86.285 Y96.432
G1 F1500 X91.809 Y90.908 E479.16941
G0 F9000 X91.243 Y90.908
G1 F1500 X86.285 Y95.866 E479.40262
G0 F9000 X86.285 Y95.3
G1 F1500 X90.677 Y90.908 E479.60921
G0 F9000 X90.112 Y90.908
G1 F1500 X86.285 Y94.735 E479.78922
G0 F9000 X86.285 Y94.169
G1 F1500 X89.546 Y90.908 E479.9426
G0 F9000 X88.98 Y90.908
G1 F1500 X86.285 Y93.603 E480.06937
G0 F9000 X86.285 Y93.038
G1 F1500 X88.415 Y90.908 E480.16956
G0 F9000 X87.849 Y90.908
G1 F1500 X86.285 Y92.472 E480.24312
G0 F9000 X86.31 Y91.881
G1 F1500 X87.256 Y90.935 E480.28762
G1 F2700 E475.28762
G0 F9000 X87.204 Y90.48
G0 X100.852 Y90.52
G0 X101.172 Y93.327
G0 X103.287 Y94.793
G0 X105.69 Y93.884
G0 X106.38 Y92.14
G0 X106.396 Y90.52
G0 X119.352 Y90.52
G0 X119.672 Y93.327
G0 X121.787 Y94.793
G0 X124.19 Y93.884
G0 X124.88 Y92.14
G0 X124.896 Y90.52
G0 X137.852 Y90.52
G0 X138.172 Y93.327
G0 X140.287 Y94.793
G0 X142.69 Y93.884
G0 X143.38 Y92.14
G0 X143.396 Y90.52
G0 X147.515 Y90.509
G0 X147.905 Y90.555
G0 X148.232 Y90.667
G0 X148.773 Y91.103
G0 X148.954 Y91.389
G0 X149.069 Y91.718
G0 X149.111 Y94.146
G0 X149.069 Y94.53
G0 X148.773 Y95.145
G0 X148.523 Y95.396
G0 X147.903 Y95.693
G0 X147.515 Y95.739
G0 X97.284 Y96.015
G0 X97.172 Y103.542
G0 X96.712 Y103.541
G1 F2700 E480.28762
G1 F1500 X95.124 Y105.128 E480.36229
G0 F9000 X95.727 Y105.091
G1 F1500 X96.712 Y104.107 E480.4086
G0 F9000 X96.712 Y104.672
G1 F1500 X96.295 Y105.09 E480.42824
G0 F9000 X96.296 Y105.551
G0 X94.938 Y105.869
G0 X94.386 Y106.078
G0 X93.899 Y106.415
G0 X93.507 Y106.857
G0 X93.232 Y107.381
G0 X93.091 Y107.955
G0 X93.091 Y108.545
G0 X93.232 Y109.119
G0 X93.507 Y109.643
G0 X93.899 Y110.085
G0 X94.386 Y110.422
G0 X94.938 Y110.631
G0 X97.1 Y111.02
G0 X97.172 Y121.643
G0 X96.712 Y121.643
G1 F1500 X94.634 Y123.72 E480.52596
G0 F9000 X95.314 Y123.607
G1 F1500 X96.712 Y122.209 E480.59171
G0 F9000 X96.712 Y122.774
G1 F1500 X95.895 Y123.591 E480.63014
G0 F9000 X96.462 Y123.59
G1 F1500 X96.712 Y123.34 E480.6419
G1 F2700 E475.6419
;MESH:NONMESH
G0 F300 X96.712 Y123.34 Z1
G0 F9000 X97.172 Y123.34
G0 X97.437 Y124.312
G0 X95.498 Y124.301
G0 X94.938 Y124.369
G0 X94.386 Y124.578
G0 X93.899 Y124.915
G0 X93.507 Y125.357
G0 X93.232 Y125.881
G0 X93.091 Y126.455
G0 X93.091 Y127.045
G0 X93.232 Y127.619
G0 X93.507 Y128.143
G0 X93.899 Y128.585
G0 X94.386 Y128.922
G0 X94.938 Y129.131
G0 X95.498 Y129.199
G0 X97.437 Y129.188
G0 X97.437 Y138.938
G0 X147.518 Y139.261
G0 X147.905 Y139.303
G0 X148.523 Y139.6
G0 X148.772 Y139.849
G0 X149.069 Y140.467
G0 X149.111 Y142.894
G0 X149.069 Y143.281
G0 X148.955 Y143.606
G0 X148.522 Y144.146
G0 X147.905 Y144.444
G0 X147.518 Y144.487
G0 X143.396 Y144.476
G0 X143.075 Y141.667
G0 X140.966 Y140.203
G0 X138.552 Y141.114
G0 X137.869 Y142.856
G0 X137.852 Y144.476
G0 X124.896 Y144.476
G0 X124.575 Y141.667
G0 X122.466 Y140.203
G0 X120.052 Y141.114
G0 X119.369 Y142.856
G0 X119.352 Y144.476
G0 X117.5 Y144.648
;TIME_ELAPSED:842.692355
;LAYER:4
;TYPE:WALL-INNER
;MESH:Battery_holder.stl
G1 F2700 E480.6419
G1 F1500 X119.524 Y144.648 E480.70922
G1 X119.528 Y142.878 E480.76809
G1 X119.599 Y142.314 E480.787
G1 X119.816 Y141.744 E480.80728
G1 X120.173 Y141.221 E480.82834
G1 X120.646 Y140.8 E480.84941
G1 X121.206 Y140.513 E480.87033
G1 X121.813 Y140.364 E480.89112
G1 X122.446 Y140.364 E480.91218
G1 X123.044 Y140.513 E480.93267
G1 X123.606 Y140.803 E480.95371
G1 X124.069 Y141.219 E480.97441
G1 X124.431 Y141.742 E480.99557
G1 X124.649 Y142.314 E481.01593
G1 X124.72 Y142.878 E481.03483
G1 X124.724 Y144.648 E481.0937
G1 X138.024 Y144.648 E481.53606
G1 X138.028 Y142.878 E481.59493
G1 X138.099 Y142.314 E481.61384
G1 X138.316 Y141.744 E481.63413
G1 X138.673 Y141.221 E481.65519
G1 X139.146 Y140.8 E481.67625
G1 X139.706 Y140.513 E481.69718
G1 X140.313 Y140.364 E481.71797
G1 X140.946 Y140.364 E481.73902
G1 X141.544 Y140.513 E481.75952
G1 X142.106 Y140.803 E481.78055
G1 X142.569 Y141.219 E481.80125
G1 X142.931 Y141.742 E481.82241
G1 X143.149 Y142.314 E481.84277
G1 X143.22 Y142.878 E481.86168
G1 X143.224 Y144.648 E481.92055
G1 X147.527 Y144.648 E482.06366
G1 X147.942 Y144.603 E482.07755
G1 X148.3 Y144.476 E482.09018
G1 X148.622 Y144.272 E482.10286
G1 X148.9 Y143.994 E482.11594
G1 X149.1 Y143.677 E482.1284
G1 X149.226 Y143.317 E482.14109
G1 X149.272 Y142.903 E482.15494
G1 X149.272 Y140.845 E482.22339
G1 X149.226 Y140.431 E482.23725
G1 X149.099 Y140.07 E482.24998
G1 X148.899 Y139.748 E482.26258
G1 X148.624 Y139.473 E482.27552
G1 X148.302 Y139.273 E482.28813
G1 X147.941 Y139.146 E482.30085
G1 X147.527 Y139.1 E482.31471
G1 X97.765 Y139.1 E483.9698
G1 X97.494 Y138.967 E483.97984
G1 X97.346 Y138.791 E483.98749
G1 X97.273 Y138.589 E483.99463
G1 X97.272 Y129.348 E484.30199
G1 X95.454 Y129.344 E484.36246
G1 X94.892 Y129.275 E484.38129
G1 X94.308 Y129.045 E484.40216
G1 X93.801 Y128.696 E484.42264
G1 X93.379 Y128.23 E484.44355
G1 X93.085 Y127.668 E484.46464
G1 X92.94 Y127.058 E484.4855
G1 X92.94 Y126.429 E484.50642
G1 X93.086 Y125.825 E484.52708
G1 X93.384 Y125.268 E484.54809
G1 X93.8 Y124.804 E484.56882
G1 X94.308 Y124.451 E484.5894
G1 X94.892 Y124.221 E484.61027
G1 X95.454 Y124.152 E484.62911
G1 X97.272 Y124.148 E484.68957
G1 X97.272 Y110.848 E485.13193
G1 X95.454 Y110.844 E485.1924
G1 X94.892 Y110.775 E485.21123
G1 X94.308 Y110.545 E485.23211
G1 X93.801 Y110.196 E485.25258
G1 X93.379 Y109.73 E485.27349
G1 X93.085 Y109.168 E485.29458
G1 X92.94 Y108.558 E485.31544
G1 X92.94 Y107.929 E485.33636
G1 X93.086 Y107.325 E485.35703
G1 X93.384 Y106.768 E485.37804
G1 X93.8 Y106.304 E485.39876
G1 X94.308 Y105.951 E485.41934
G1 X94.892 Y105.721 E485.44022
G1 X95.454 Y105.652 E485.45905
G1 X97.272 Y105.648 E485.51952
G1 X97.273 Y96.464 E485.82498
G1 X97.306 Y96.3 E485.83054
G1 X97.409 Y96.118 E485.8375
G1 X97.603 Y95.963 E485.84576
G1 X97.792 Y95.9 E485.85238
G1 X147.525 Y95.9 E487.50651
G1 X147.939 Y95.851 E487.52037
G1 X148.302 Y95.724 E487.53316
G1 X148.624 Y95.523 E487.54579
G1 X148.9 Y95.247 E487.55877
G1 X149.099 Y94.929 E487.57125
G1 X149.227 Y94.566 E487.58405
G1 X149.272 Y94.155 E487.5978
G1 X149.272 Y92.093 E487.66638
G1 X149.227 Y91.682 E487.68014
G1 X149.099 Y91.319 E487.69294
G1 X148.9 Y91.001 E487.70542
G1 X148.622 Y90.724 E487.71847
G1 X148.302 Y90.521 E487.73107
G1 X147.942 Y90.397 E487.74374
G1 X147.525 Y90.348 E487.7577
G1 X143.224 Y90.348 E487.90075
G1 X143.22 Y92.118 E487.95962
G1 X143.149 Y92.683 E487.97856
G1 X142.931 Y93.254 E487.99889
G1 X142.569 Y93.777 E488.02005
G1 X142.107 Y94.192 E488.0407
G1 X141.544 Y94.487 E488.06184
G1 X140.934 Y94.632 E488.0827
G1 X140.305 Y94.632 E488.10362
G1 X139.703 Y94.487 E488.12421
G1 X139.144 Y94.194 E488.1452
G1 X138.673 Y93.775 E488.16617
G1 X138.316 Y93.252 E488.18723
G1 X138.099 Y92.683 E488.20749
G1 X138.028 Y92.118 E488.22643
G1 X138.024 Y90.348 E488.2853
G1 X124.724 Y90.348 E488.72766
G1 X124.72 Y92.118 E488.78653
G1 X124.649 Y92.683 E488.80547
G1 X124.431 Y93.254 E488.8258
G1 X124.069 Y93.777 E488.84695
G1 X123.607 Y94.192 E488.86761
G1 X123.044 Y94.487 E488.88875
G1 X122.434 Y94.632 E488.9096
G1 X121.805 Y94.632 E488.93052
G1 X121.203 Y94.487 E488.95112
G1 X120.644 Y94.194 E488.97211
G1 X120.173 Y93.775 E488.99308
G1 X119.816 Y93.252 E489.01414
G1 X119.599 Y92.683 E489.03439
G1 X119.528 Y92.118 E489.05333
G1 X119.524 Y90.348 E489.1122
G1 X106.224 Y90.348 E489.55456
G1 X106.22 Y92.118 E489.61343
G1 X106.149 Y92.683 E489.63237
G1 X105.931 Y93.254 E489.6527
G1 X105.569 Y93.777 E489.67386
G1 X105.107 Y94.192 E489.69451
G1 X104.544 Y94.487 E489.71565
G1 X103.934 Y94.632 E489.73651
G1 X103.305 Y94.632 E489.75743
G1 X102.703 Y94.487 E489.77802
G1 X102.144 Y94.194 E489.79901
G1 X101.673 Y93.775 E489.81998
G1 X101.316 Y93.252 E489.84104
G1 X101.099 Y92.683 E489.8613
G1 X101.028 Y92.118 E489.88024
G1 X101.024 Y90.348 E489.93911
G1 X87.471 Y90.348 E490.38988
G1 X87.054 Y90.397 E490.40385
G1 X86.695 Y90.52 E490.41647
G1 X86.378 Y90.723 E490.42899
G1 X86.099 Y91.003 E490.44214
G1 X85.896 Y91.321 E490.45468
G1 X85.77 Y91.682 E490.4674
G1 X85.724 Y92.093 E490.48116
G1 X85.724 Y142.903 E492.1711
G1 X85.77 Y143.318 E492.18499
G1 X85.895 Y143.675 E492.19757
G1 X86.099 Y143.994 E492.21017
G1 X86.379 Y144.273 E492.22331
G1 X86.697 Y144.476 E492.23586
G1 X87.054 Y144.602 E492.24845
G1 X87.469 Y144.648 E492.26234
G1 X101.024 Y144.648 E492.71318
G1 X101.028 Y142.878 E492.77205
G1 X101.099 Y142.314 E492.79096
G1 X101.316 Y141.744 E492.81124
G1 X101.673 Y141.221 E492.8323
G1 X102.146 Y140.8 E492.85337
G1 X102.706 Y140.513 E492.8743
G1 X103.313 Y140.364 E492.89508
G1 X103.946 Y140.364 E492.91614
G1 X104.544 Y140.513 E492.93663
G1 X105.106 Y140.803 E492.95767
G1 X105.569 Y141.219 E492.97837
G1 X105.931 Y141.742 E492.99953
G1 X106.149 Y142.314 E493.01989
G1 X106.22 Y142.878 E493.03879
G1 X106.224 Y144.648 E493.09766
G1 X117.5 Y144.648 E493.4727
G0 F9000 X117.5 Y145.048
;TYPE:WALL-OUTER
G1 F1500 X119.924 Y145.048 E493.55333
G1 X119.925 Y142.927 E493.62387
G1 X119.987 Y142.429 E493.64056
G1 X120.186 Y141.911 E493.65902
G1 X120.495 Y141.47 E493.67693
G1 X120.896 Y141.122 E493.69459
G1 X121.367 Y140.885 E493.71213
G1 X121.831 Y140.769 E493.72803
G1 X122.417 Y140.769 E493.74752
G1 X122.881 Y140.885 E493.76343
G1 X123.375 Y141.134 E493.78183
G1 X123.781 Y141.506 E493.80015
G1 X124.083 Y141.952 E493.81806
G1 X124.263 Y142.439 E493.83533
G1 X124.323 Y142.927 E493.85168
G1 X124.324 Y145.048 E493.92223
G1 X138.424 Y145.048 E494.3912
G1 X138.425 Y142.927 E494.46174
G1 X138.487 Y142.429 E494.47843
G1 X138.686 Y141.911 E494.49689
G1 X138.995 Y141.47 E494.5148
G1 X139.396 Y141.122 E494.53246
G1 X139.867 Y140.885 E494.54999
G1 X140.331 Y140.769 E494.5659
G1 X140.917 Y140.769 E494.58539
G1 X141.381 Y140.885 E494.6013
G1 X141.875 Y141.134 E494.6197
G1 X142.281 Y141.506 E494.63802
G1 X142.583 Y141.952 E494.65593
G1 X142.763 Y142.439 E494.6732
G1 X142.823 Y142.927 E494.68955
G1 X142.824 Y145.048 E494.7601
G1 X147.549 Y145.048 E494.91725
G1 X148.031 Y144.995 E494.93338
G1 X148.476 Y144.838 E494.94907
G1 X148.874 Y144.586 E494.96474
G1 X149.214 Y144.246 E494.98073
G1 X149.462 Y143.852 E494.99622
G1 X149.619 Y143.407 E495.01191
G1 X149.672 Y142.925 E495.02804
G1 X149.672 Y140.823 E495.09795
G1 X149.619 Y140.341 E495.11408
G1 X149.462 Y139.896 E495.12978
G1 X149.214 Y139.498 E495.14537
G1 X148.874 Y139.158 E495.16137
G1 X148.476 Y138.91 E495.17696
G1 X148.031 Y138.753 E495.19266
G1 X147.549 Y138.7 E495.20879
G1 X97.825 Y138.695 E496.86261
G1 X97.746 Y138.656 E496.86554
G1 X97.675 Y138.538 E496.87012
G1 X97.672 Y128.948 E497.18909
G1 X95.503 Y128.947 E497.26123
G1 X94.968 Y128.875 E497.27918
G1 X94.502 Y128.695 E497.2958
G1 X94.064 Y128.395 E497.31346
G1 X93.698 Y127.977 E497.33194
G1 X93.457 Y127.503 E497.34962
G1 X93.343 Y127.027 E497.3659
G1 X93.345 Y126.457 E497.38486
G1 X93.474 Y125.947 E497.40236
G1 X93.698 Y125.519 E497.41842
G1 X94.064 Y125.105 E497.4368
G1 X94.502 Y124.801 E497.45454
G1 X95.015 Y124.609 E497.47276
G1 X95.503 Y124.549 E497.48911
G1 X97.672 Y124.548 E497.56125
G1 X97.672 Y110.448 E498.03022
G1 X95.503 Y110.447 E498.10236
G1 X94.968 Y110.375 E498.12031
G1 X94.502 Y110.195 E498.13693
G1 X94.064 Y109.895 E498.15459
G1 X93.698 Y109.477 E498.17306
G1 X93.457 Y109.003 E498.19075
G1 X93.343 Y108.527 E498.20703
G1 X93.345 Y107.957 E498.22599
G1 X93.474 Y107.447 E498.24349
G1 X93.698 Y107.019 E498.25955
G1 X94.064 Y106.605 E498.27793
G1 X94.502 Y106.301 E498.29566
G1 X95.015 Y106.109 E498.31388
G1 X95.503 Y106.049 E498.33024
G1 X97.672 Y106.048 E498.40238
G1 X97.675 Y96.462 E498.72121
G1 X97.746 Y96.344 E498.72579
G1 X97.837 Y96.302 E498.72912
G1 X147.548 Y96.3 E500.38252
G1 X148.03 Y96.243 E500.39866
G1 X148.476 Y96.086 E500.41439
G1 X148.874 Y95.838 E500.42998
G1 X149.214 Y95.498 E500.44598
G1 X149.462 Y95.104 E500.46146
G1 X149.619 Y94.655 E500.47728
G1 X149.672 Y94.177 E500.49328
G1 X149.672 Y92.071 E500.56332
G1 X149.619 Y91.593 E500.57932
G1 X149.462 Y91.144 E500.59514
G1 X149.214 Y90.75 E500.61062
G1 X148.874 Y90.41 E500.62662
G1 X148.476 Y90.158 E500.64228
G1 X148.031 Y90.005 E500.65794
G1 X147.548 Y89.948 E500.67411
G1 X142.824 Y89.948 E500.83123
G1 X142.823 Y92.069 E500.90178
G1 X142.761 Y92.568 E500.9185
G1 X142.561 Y93.086 E500.93697
G1 X142.281 Y93.49 E500.95332
G1 X141.853 Y93.874 E500.97244
G1 X141.379 Y94.115 E500.99013
G1 X140.903 Y94.229 E501.00641
G1 X140.333 Y94.227 E501.02537
G1 X139.823 Y94.098 E501.04286
G1 X139.355 Y93.846 E501.06054
G1 X138.962 Y93.489 E501.0782
G1 X138.686 Y93.085 E501.09448
G1 X138.485 Y92.557 E501.11327
G1 X138.425 Y92.069 E501.12962
G1 X138.424 Y89.948 E501.20016
G1 X124.324 Y89.948 E501.66913
G1 X124.323 Y92.069 E501.73968
G1 X124.261 Y92.568 E501.7564
G1 X124.061 Y93.086 E501.77487
G1 X123.781 Y93.49 E501.79122
G1 X123.353 Y93.874 E501.81034
G1 X122.879 Y94.115 E501.82803
G1 X122.403 Y94.229 E501.84431
G1 X121.833 Y94.227 E501.86327
G1 X121.323 Y94.098 E501.88076
G1 X120.855 Y93.846 E501.89844
G1 X120.462 Y93.489 E501.9161
G1 X120.186 Y93.085 E501.93238
G1 X119.985 Y92.557 E501.95117
G1 X119.925 Y92.069 E501.96752
G1 X119.924 Y89.948 E502.03807
G1 X105.824 Y89.948 E502.50703
G1 X105.823 Y92.069 E502.57758
G1 X105.761 Y92.568 E502.5943
G1 X105.561 Y93.086 E502.61277
G1 X105.281 Y93.49 E502.62912
G1 X104.853 Y93.874 E502.64824
G1 X104.379 Y94.115 E502.66593
G1 X103.903 Y94.229 E502.68221
G1 X103.333 Y94.227 E502.70117
G1 X102.823 Y94.098 E502.71867
G1 X102.355 Y93.846 E502.73634
G1 X101.962 Y93.489 E502.754
G1 X101.686 Y93.085 E502.77028
G1 X101.485 Y92.557 E502.78907
G1 X101.425 Y92.069 E502.80542
G1 X101.424 Y89.948 E502.87597
G1 X87.448 Y89.948 E503.34081
G1 X86.965 Y90.005 E503.35699
G1 X86.52 Y90.158 E503.37264
G1 X86.126 Y90.409 E503.38817
G1 X85.785 Y90.751 E503.40424
G1 X85.534 Y91.145 E503.41977
G1 X85.377 Y91.593 E503.43556
G1 X85.324 Y92.071 E503.45156
G1 X85.324 Y142.925 E505.14297
G1 X85.377 Y143.407 E505.1591
G1 X85.533 Y143.851 E505.17475
G1 X85.785 Y144.246 E505.19033
G1 X86.127 Y144.587 E505.2064
G1 X86.521 Y144.838 E505.22194
G1 X86.965 Y144.995 E505.2376
G1 X87.447 Y145.048 E505.25373
G1 X101.424 Y145.048 E505.7186
G1 X101.425 Y142.927 E505.78915
G1 X101.487 Y142.429 E505.80584
G1 X101.686 Y141.911 E505.8243
G1 X101.995 Y141.47 E505.84221
G1 X102.396 Y141.122 E505.85987
G1 X102.867 Y140.885 E505.8774
G1 X103.331 Y140.769 E505.89331
G1 X103.917 Y140.769 E505.9128
G1 X104.381 Y140.885 E505.92871
G1 X104.875 Y141.134 E505.94711
G1 X105.281 Y141.506 E505.96542
G1 X105.583 Y141.952 E505.98334
G1 X105.763 Y142.439 E506.00061
G1 X105.823 Y142.927 E506.01696
G1 X105.824 Y145.048 E506.0875
G1 X117.5 Y145.048 E506.47585
G0 F9000 X117.5 Y144.34
G0 X115.726 Y144.34
G0 X115.726 Y144.568
;TYPE:FILL
G1 F3000 X117.17 Y139.179 E506.66141
G0 F9000 X117.17 Y139.41
G0 X114.725 Y139.41
G0 X114.725 Y139.181
G1 F3000 X119.447 Y143.903 E506.88352
G0 F9000 X119.215 Y143.903
G0 X119.262 Y142.517
G0 X119.49 Y142.545
G1 F3000 X111.94 Y144.568 E507.14349
G0 F9000 X111.627 Y144.568
G1 F3000 X106.239 Y139.181 E507.3969
G0 F9000 X106.239 Y139.41
G0 X104.747 Y139.41
G0 X104.747 Y139.179
G1 F3000 X104.42 Y140.401 E507.43898
G1 X104.364 Y140.386
G1 X108.865 Y139.18 E507.59396
G0 F9000 X108.865 Y139.41
G0 X110.958 Y139.41
G0 X110.958 Y139.18
G1 F3000 X109.515 Y144.568 E507.77948
G0 F9000 X109.515 Y144.34
G0 X105.247 Y140.6
G0 X104.637 Y140.28
G0 X103.968 Y140.116
G0 X103.282 Y140.116
G0 X102.613 Y140.28
G0 X101.534 Y140.935
G0 X101.684 Y141.104
G1 F3000 X88.755 Y144.568 E508.22467
G0 F9000 X88.755 Y144.34
G0 X90.88 Y144.34
G0 X90.88 Y144.568
G1 F3000 X94.954 Y129.363 E508.74823
G0 F9000 X94.925 Y129.593
G0 X96.485 Y129.66
G0 X96.485 Y129.427
G1 F3000 X97.193 Y130.134 E508.78151
G0 F9000 X97.191 Y129.885
G1 F3000 X85.804 Y132.936 E509.1736
G0 F9000 X86.035 Y132.936
G0 X86.035 Y135.716
G0 X85.804 Y135.716
G1 F3000 X94.656 Y144.568 E509.58997
G0 F9000 X94.656 Y144.34
G0 X97.091 Y144.34
G0 X97.091 Y144.568
G1 F3000 X98.535 Y139.179 E509.77553
G0 F9000 X97.748 Y139.175
G1 F3000 X101.004 Y142.43 E509.92866
G0 F9000 X100.776 Y142.402
G0 X97.037 Y139.338
G0 X96.965 Y138.642
G0 X97.215 Y138.642
G1 F3000 X85.804 Y127.23 E510.46542
G0 F9000 X85.804 Y126.724
G1 F3000 X94.098 Y124.502 E510.75101
G0 F9000 X93.966 Y124.309
G0 X94.675 Y124.041
G0 X95.702 Y123.84
G0 X95.702 Y124.072
G1 F3000 X97.192 Y123.673 E510.80232
G0 F9000 X96.372 Y124.071
G1 F3000 X97.192 Y121.011 E510.90768
G0 F9000 X97.192 Y121.648
G1 F3000 X85.804 Y110.26 E511.44334
G0 F9000 X86.035 Y110.26
G0 X86.035 Y108.089
G0 X85.804 Y108.089
G1 F3000 X94.728 Y105.698 E511.75062
G0 F9000 X94.988 Y105.628
G1 F3000 X97.192 Y105.038 E511.82651
G0 F9000 X97.193 Y104.678
G1 F3000 X85.804 Y93.289 E512.36221
G0 F9000 X85.804 Y93.963
G1 F3000 X86.703 Y90.611 E512.47764
G0 F9000 X86.826 Y90.807
G0 X91.427 Y90.66
G0 X91.427 Y90.428
G1 F3000 X97.248 Y96.248 E512.75142
G0 F9000 X97.726 Y95.835
G1 F3000 X99.175 Y90.428 E512.9376
G0 F9000 X99.913 Y90.428
G1 F3000 X100.944 Y91.459 E512.9861
G1 X100.944 Y91.609
G1 X85.805 Y95.666 E513.50739
G0 F9000 X86.035 Y95.666
G0 X86.035 Y101.775
G0 X85.804 Y101.775
G1 F3000 X92.943 Y108.914 E513.84318
G0 F9000 X92.72 Y108.967
G0 X93.089 Y109.7
G0 X93.711 Y110.515
G0 X93.844 Y110.323
G1 F3000 X85.804 Y140.329 E514.87639
G0 F9000 X86.035 Y140.329
G0 X86.035 Y139.147
G0 X85.805 Y139.147
G1 F3000 X97.192 Y136.096 E515.26849
G0 F9000 X96.965 Y136.096
G0 X92.855 Y127.762
G0 X92.691 Y127.093
G0 X92.761 Y125.868
G0 X92.981 Y125.922
G1 F3000 X85.804 Y118.745 E515.60607
G0 F9000 X86.035 Y118.745
G0 X86.035 Y117.145
G0 X85.804 Y117.145
G1 F3000 X92.963 Y90.428 E516.52603
G0 F9000 X92.963 Y90.66
G0 X96.965 Y97.825
G0 X97.193 Y97.825
G1 F3000 X95.106 Y105.614 E516.79423
G0 F9000 X95.079 Y105.387
G0 X94.199 Y105.722
G0 X93.632 Y106.113
G0 X93.175 Y106.628
G0 X92.855 Y107.238
G0 X92.691 Y107.907
G0 X92.691 Y108.593
G0 X92.855 Y109.262
G0 X93.175 Y109.872
G0 X93.632 Y110.387
G0 X93.953 Y110.609
G0 X94.857 Y111.085
G0 X94.885 Y110.855
G1 F3000 X97.192 Y113.163 E516.90277
G0 F9000 X96.965 Y113.163
G0 X96.965 Y111.25
G0 X97.191 Y111.25
G1 F3000 X85.805 Y114.301 E517.29483
G0 F9000 X86.035 Y114.301
G0 X86.035 Y120.512
G0 X85.805 Y120.512
G1 F3000 X97.192 Y117.461 E517.68692
G0 F9000 X96.965 Y117.461
G0 X92.855 Y109.262
G0 X92.691 Y108.593
G0 X92.691 Y107.907
G0 X92.824 Y107.365
G0 X96.965 Y98.826
G0 X97.192 Y98.826
G1 F3000 X85.805 Y101.878 E518.07902
G0 F9000 X86.035 Y101.878
G0 X97.037 Y95.662
G0 X103.941 Y95.59
G0 X103.941 Y95.821
G1 F3000 X104.259 Y94.636 E518.11983
G1 X104.148 Y94.663
G1 X105.305 Y95.82 E518.17425
G0 F9000 X105.305 Y95.59
G0 X108.413 Y95.59
G0 X108.413 Y95.82
G1 F3000 X119.57 Y92.83 E518.55843
G0 F9000 X119.744 Y93.289
G1 F3000 X116.884 Y90.428 E518.69298
G0 F9000 X117.81 Y90.428
G1 F3000 X116.365 Y95.82 E518.87865
G0 F9000 X116.365 Y95.59
G0 X113.79 Y95.59
G0 X113.79 Y95.82
G1 F3000 X108.399 Y90.428 E519.13225
G0 F9000 X108.399 Y90.66
G0 X111.598 Y90.66
G0 X111.598 Y90.427
G1 F3000 X110.153 Y95.821 E519.31798
G0 F9000 X110.153 Y95.59
G0 X120.741 Y94.593
G0 X120.847 Y94.391
G1 F3000 X122.276 Y95.82 E519.38519
G0 F9000 X122.576 Y95.821
G1 F3000 X122.903 Y94.602 E519.42717
G0 F9000 X122.957 Y94.827
G0 X123.747 Y94.4
G0 X124.262 Y93.943
G0 X124.653 Y93.376
G0 X124.851 Y92.855
G0 X125.035 Y91.428
G0 X124.801 Y91.428
G1 F3000 X128.536 Y90.428 E519.55577
G0 F9000 X128.536 Y90.66
G0 X130.233 Y90.66
G0 X130.233 Y90.427
G1 F3000 X128.788 Y95.821 E519.7415
G0 F9000 X128.788 Y95.59
G0 X130.761 Y95.59
G0 X130.761 Y95.82
G1 F3000 X125.369 Y90.428 E519.99513
G0 F9000 X125.369 Y90.66
G0 X131.594 Y95.59
G0 X131.594 Y95.82
G1 F3000 X138.71 Y93.913 E520.24016
G0 F9000 X138.556 Y94.085
G0 X139.246 Y95.59
G0 X139.246 Y95.82
G1 F3000 X133.854 Y90.428 E520.49378
G0 F9000 X133.854 Y90.66
G0 X136.445 Y90.66
G0 X136.445 Y90.428
G1 F3000 X135 Y95.821 E520.67948
G0 F9000 X135 Y95.59
G0 X141.212 Y95.59
G0 X141.212 Y95.82
G1 F3000 X141.547 Y94.567 E520.72262
G0 F9000 X141.601 Y94.792
G0 X142.247 Y94.4
G0 X142.762 Y93.943
G0 X142.984 Y93.622
G0 X143.442 Y92.785
G0 X143.228 Y92.703
G1 F3000 X148.917 Y91.178 E520.91851
G0 F9000 X148.73 Y90.945
G1 F3000 X147.423 Y95.82 E521.08638
G0 F9000 X147.709 Y95.797
G1 F3000 X143.301 Y91.389 E521.29372
G1 F2700 E516.29372
G0 F9000 X143.535 Y91.389
G0 X143.401 Y95.65
G0 X97.037 Y95.662
G0 X92.855 Y107.238
G0 X92.691 Y107.907
G0 X92.691 Y127.093
G0 X92.855 Y127.762
G0 X97.037 Y139.338
G0 X142.017 Y139.41
G0 X142.017 Y139.18
G1 F2700 E521.29372
G1 F3000 X141.666 Y140.487 E521.33873
G0 F9000 X141.392 Y140.393
G1 F3000 X140.18 Y139.181 E521.39574
G0 F9000 X140.18 Y139.41
G0 X142.247 Y140.6
G0 X142.762 Y141.057
G0 X143.402 Y142.108
G0 X143.188 Y142.188
G1 F3000 X145.568 Y144.568 E521.50769
G0 F9000 X145.568 Y144.34
G0 X146.784 Y144.34
G0 X146.784 Y144.569
G1 F3000 X148.191 Y139.319 E521.68847
G0 F9000 X148.116 Y139.535
G0 X148.96 Y140.824
G0 X149.186 Y140.799
G1 F3000 X143.241 Y142.392 E521.89318
G0 F9000 X143.471 Y142.365
G0 X143.153 Y141.624
G0 X142.762 Y141.057
G0 X142.247 Y140.6
G0 X141.637 Y140.28
G0 X140.968 Y140.116
G0 X140.282 Y140.116
G0 X139.613 Y140.28
G0 X139.003 Y140.6
G0 X138.488 Y141.057
G0 X138.097 Y141.624
G0 X137.877 Y142.203
G0 X137.715 Y143.811
G0 X137.946 Y143.811
G1 F3000 X135.122 Y144.568 E521.99042
G0 F9000 X134.361 Y144.568
G1 F3000 X135.805 Y139.179 E522.17598
G0 F9000 X135.805 Y139.41
G0 X132.049 Y139.41
G0 X132.049 Y139.18
G1 F3000 X124.208 Y141.281 E522.44597
G0 F9000 X124.4 Y141.15
G0 X123.871 Y140.704
G0 X123.101 Y140.209
G0 X123.046 Y140.432
G1 F3000 X123.382 Y139.179 E522.48912
G1 X123.21 Y139.181
G1 X128.597 Y144.568 E522.74251
G0 F9000 X128.149 Y144.569
G1 F3000 X129.593 Y139.18 E522.92807
G0 F9000 X129.593 Y139.41
G0 X131.695 Y139.41
G0 X131.695 Y139.181
G1 F3000 X137.083 Y144.568 E523.18148
G0 F9000 X137.083 Y144.04
;MESH:NONMESH
G0 F300 X137.083 Y144.04 Z1.2
G0 F9000 X122.468 Y140.116
G0 X121.782 Y140.116
G0 X121.113 Y140.28
G0 X120.503 Y140.6
G0 X120.085 Y140.97
G0 X117.5 Y144.34
G0 X117.5 Y144.648
;TIME_ELAPSED:902.904492
;LAYER:5
;TYPE:WALL-INNER
;MESH:Battery_holder.stl
G1 F1500 X119.524 Y144.648 E523.2488
G1 X119.528 Y142.878 E523.30767
G1 X119.599 Y142.314 E523.32658
G1 X119.816 Y141.744 E523.34686
G1 X120.173 Y141.221 E523.36792
G1 X120.646 Y140.8 E523.38899
G1 X121.206 Y140.513 E523.40991
G1 X121.813 Y140.364 E523.4307
G1 X122.446 Y140.364 E523.45176
G1 X123.044 Y140.513 E523.47225
G1 X123.606 Y140.803 E523.49329
G1 X124.069 Y141.219 E523.51399
G1 X124.431 Y141.742 E523.53515
G1 X124.649 Y142.314 E523.55551
G1 X124.72 Y142.878 E523.57441
G1 X124.724 Y144.648 E523.63328
G1 X138.024 Y144.648 E524.07564
G1 X138.028 Y142.878 E524.13451
G1 X138.099 Y142.314 E524.15342
G1 X138.316 Y141.744 E524.17371
G1 X138.673 Y141.221 E524.19477
G1 X139.146 Y140.8 E524.21583
G1 X139.706 Y140.513 E524.23676
G1 X140.313 Y140.364 E524.25755
G1 X140.946 Y140.364 E524.2786
G1 X141.544 Y140.513 E524.2991
G1 X142.106 Y140.803 E524.32013
G1 X142.569 Y141.219 E524.34083
G1 X142.931 Y141.742 E524.36199
G1 X143.149 Y142.314 E524.38235
G1 X143.22 Y142.878 E524.40126
G1 X143.224 Y144.648 E524.46013
G1 X147.527 Y144.648 E524.60324
G1 X147.942 Y144.603 E524.61713
G1 X148.3 Y144.476 E524.62976
G1 X148.622 Y144.272 E524.64244
G1 X148.9 Y143.994 E524.65552
G1 X149.1 Y143.677 E524.66798
G1 X149.226 Y143.317 E524.68067
G1 X149.272 Y142.903 E524.69452
G1 X149.272 Y140.845 E524.76297
G1 X149.226 Y140.431 E524.77683
G1 X149.099 Y140.07 E524.78956
G1 X148.899 Y139.748 E524.80216
G1 X148.624 Y139.473 E524.8151
G1 X148.302 Y139.273 E524.82771
G1 X147.941 Y139.146 E524.84043
G1 X147.527 Y139.1 E524.85429
G1 X97.765 Y139.1 E526.50938
G1 X97.494 Y138.967 E526.51942
G1 X97.346 Y138.791 E526.52707
G1 X97.273 Y138.589 E526.53421
G1 X97.272 Y129.348 E526.84157
G1 X95.454 Y129.344 E526.90204
G1 X94.892 Y129.275 E526.92087
G1 X94.308 Y129.045 E526.94174
G1 X93.801 Y128.696 E526.96222
G1 X93.379 Y128.23 E526.98313
G1 X93.085 Y127.668 E527.00422
G1 X92.94 Y127.058 E527.02508
G1 X92.94 Y126.429 E527.046
G1 X93.086 Y125.825 E527.06666
G1 X93.384 Y125.268 E527.08767
G1 X93.8 Y124.804 E527.1084
G1 X94.308 Y124.451 E527.12898
G1 X94.892 Y124.221 E527.14985
G1 X95.454 Y124.152 E527.16869
G1 X97.272 Y124.148 E527.22915
G1 X97.272 Y110.848 E527.67151
G1 X95.454 Y110.844 E527.73198
G1 X94.892 Y110.775 E527.75081
G1 X94.308 Y110.545 E527.77169
G1 X93.801 Y110.196 E527.79216
G1 X93.379 Y109.73 E527.81307
G1 X93.085 Y109.168 E527.83416
G1 X92.94 Y108.558 E527.85502
G1 X92.94 Y107.929 E527.87594
G1 X93.086 Y107.325 E527.89661
G1 X93.384 Y106.768 E527.91762
G1 X93.8 Y106.304 E527.93834
G1 X94.308 Y105.951 E527.95892
G1 X94.892 Y105.721 E527.9798
G1 X95.454 Y105.652 E527.99863
G1 X97.272 Y105.648 E528.0591
G1 X97.273 Y96.464 E528.36456
G1 X97.306 Y96.3 E528.37012
G1 X97.409 Y96.118 E528.37708
G1 X97.603 Y95.963 E528.38534
G1 X97.792 Y95.9 E528.39196
G1 X147.525 Y95.9 E530.04609
G1 X147.939 Y95.851 E530.05995
G1 X148.302 Y95.724 E530.07274
G1 X148.624 Y95.523 E530.08537
G1 X148.9 Y95.247 E530.09835
G1 X149.099 Y94.929 E530.11083
G1 X149.227 Y94.566 E530.12363
G1 X149.272 Y94.155 E530.13738
G1 X149.272 Y92.093 E530.20596
G1 X149.227 Y91.682 E530.21972
G1 X149.099 Y91.319 E530.23252
G1 X148.9 Y91.001 E530.245
G1 X148.622 Y90.724 E530.25805
G1 X148.302 Y90.521 E530.27065
G1 X147.942 Y90.397 E530.28332
G1 X147.525 Y90.348 E530.29728
G1 X143.224 Y90.348 E530.44033
G1 X143.22 Y92.118 E530.4992
G1 X143.149 Y92.683 E530.51814
G1 X142.931 Y93.254 E530.53847
G1 X142.569 Y93.777 E530.55963
G1 X142.107 Y94.192 E530.58028
G1 X141.544 Y94.487 E530.60142
G1 X140.934 Y94.632 E530.62228
G1 X140.305 Y94.632 E530.6432
G1 X139.703 Y94.487 E530.66379
G1 X139.144 Y94.194 E530.68478
G1 X138.673 Y93.775 E530.70575
G1 X138.316 Y93.252 E530.72681
G1 X138.099 Y92.683 E530.74707
G1 X138.028 Y92.118 E530.76601
G1 X138.024 Y90.348 E530.82488
G1 X124.724 Y90.348 E531.26724
G1 X124.72 Y92.118 E531.32611
G1 X124.649 Y92.683 E531.34505
G1 X124.431 Y93.254 E531.36538
G1 X124.069 Y93.777 E531.38653
G1 X123.607 Y94.192 E531.40719
G1 X123.044 Y94.487 E531.42833
G1 X122.434 Y94.632 E531.44918
G1 X121.805 Y94.632 E531.4701
G1 X121.203 Y94.487 E531.4907
G1 X120.644 Y94.194 E531.51169
G1 X120.173 Y93.775 E531.53266
G1 X119.816 Y93.252 E531.55372
G1 X119.599 Y92.683 E531.57397
G1 X119.528 Y92.118 E531.59291
G1 X119.524 Y90.348 E531.65178
G1 X106.224 Y90.348 E532.09414
G1 X106.22 Y92.118 E532.15301
G1 X106.149 Y92.683 E532.17195
G1 X105.931 Y93.254 E532.19228
G1 X105.569 Y93.777 E532.21344
G1 X105.107 Y94.192 E532.23409
G1 X104.544 Y94.487 E532.25523
G1 X103.934 Y94.632 E532.27609
G1 X103.305 Y94.632 E532.29701
G1 X102.703 Y94.487 E532.3176
G1 X102.144 Y94.194 E532.33859
G1 X101.673 Y93.775 E532.35956
G1 X101.316 Y93.252 E532.38062
G1 X101.099 Y92.683 E532.40088
G1 X101.028 Y92.118 E532.41982
G1 X101.024 Y90.348 E532.47869
G1 X87.471 Y90.348 E532.92946
G1 X87.054 Y90.397 E532.94343
G1 X86.695 Y90.52 E532.95605
G1 X86.378 Y90.723 E532.96857
G1 X86.099 Y91.003 E532.98172
G1 X85.896 Y91.321 E532.99426
G1 X85.77 Y91.682 E533.00698
G1 X85.724 Y92.093 E533.02074
G1 X85.724 Y142.903 E534.71068
G1 X85.77 Y143.318 E534.72457
G1 X85.895 Y143.675 E534.73715
G1 X86.099 Y143.994 E534.74975
G1 X86.379 Y144.273 E534.76289
G1 X86.697 Y144.476 E534.77544
G1 X87.054 Y144.602 E534.78803
G1 X87.469 Y144.648 E534.80192
G1 X101.024 Y144.648 E535.25276
G1 X101.028 Y142.878 E535.31163
G1 X101.099 Y142.314 E535.33054
G1 X101.316 Y141.744 E535.35082
G1 X101.673 Y141.221 E535.37188
G1 X102.146 Y140.8 E535.39295
G1 X102.706 Y140.513 E535.41388
G1 X103.313 Y140.364 E535.43466
G1 X103.946 Y140.364 E535.45572
G1 X104.544 Y140.513 E535.47621
G1 X105.106 Y140.803 E535.49725
G1 X105.569 Y141.219 E535.51795
G1 X105.931 Y141.742 E535.53911
G1 X106.149 Y142.314 E535.55947
G1 X106.22 Y142.878 E535.57837
G1 X106.224 Y144.648 E535.63724
G1 X117.5 Y144.648 E536.01228
G0 F9000 X117.5 Y145.048
;TYPE:WALL-OUTER
G1 F1500 X119.924 Y145.048 E536.09291
G1 X119.925 Y142.927 E536.16345
G1 X119.987 Y142.429 E536.18014
G1 X120.186 Y141.911 E536.1986
G1 X120.495 Y141.47 E536.21651
G1 X120.896 Y141.122 E536.23417
G1 X121.367 Y140.885 E536.25171
G1 X121.831 Y140.769 E536.26761
G1 X122.417 Y140.769 E536.2871
G1 X122.881 Y140.885 E536.30301
G1 X123.375 Y141.134 E536.32141
G1 X123.781 Y141.506 E536.33973
G1 X124.083 Y141.952 E536.35764
G1 X124.263 Y142.439 E536.37491
G1 X124.323 Y142.927 E536.39126
G1 X124.324 Y145.048 E536.46181
G1 X138.424 Y145.048 E536.93078
G1 X138.425 Y142.927 E537.00132
G1 X138.487 Y142.429 E537.01801
G1 X138.686 Y141.911 E537.03647
G1 X138.995 Y141.47 E537.05438
G1 X139.396 Y141.122 E537.07204
G1 X139.867 Y140.885 E537.08957
G1 X140.331 Y140.769 E537.10548
G1 X140.917 Y140.769 E537.12497
G1 X141.381 Y140.885 E537.14088
G1 X141.875 Y141.134 E537.15928
G1 X142.281 Y141.506 E537.1776
G1 X142.583 Y141.952 E537.19551
G1 X142.763 Y142.439 E537.21278
G1 X142.823 Y142.927 E537.22913
G1 X142.824 Y145.048 E537.29968
G1 X147.549 Y145.048 E537.45683
G1 X148.031 Y144.995 E537.47296
G1 X148.476 Y144.838 E537.48865
G1 X148.874 Y144.586 E537.50432
G1 X149.214 Y144.246 E537.52031
G1 X149.462 Y143.852 E537.5358
G1 X149.619 Y143.407 E537.55149
G1 X149.672 Y142.925 E537.56762
G1 X149.672 Y140.823 E537.63753
G1 X149.619 Y140.341 E537.65366
G1 X149.462 Y139.896 E537.66936
G1 X149.214 Y139.498 E537.68495
G1 X148.874 Y139.158 E537.70095
G1 X148.476 Y138.91 E537.71654
G1 X148.031 Y138.753 E537.73224
G1 X147.549 Y138.7 E537.74837
G1 X97.825 Y138.695 E539.40219
G1 X97.746 Y138.656 E539.40512
G1 X97.675 Y138.538 E539.4097
G1 X97.672 Y128.948 E539.72867
G1 X95.503 Y128.947 E539.80081
G1 X94.968 Y128.875 E539.81877
G1 X94.502 Y128.695 E539.83538
G1 X94.064 Y128.395 E539.85304
G1 X93.698 Y127.977 E539.87152
G1 X93.457 Y127.503 E539.8892
G1 X93.343 Y127.027 E539.90548
G1 X93.345 Y126.457 E539.92444
G1 X93.474 Y125.947 E539.94194
G1 X93.698 Y125.519 E539.958
G1 X94.064 Y125.105 E539.97638
G1 X94.502 Y124.801 E539.99412
G1 X95.015 Y124.609 E540.01234
G1 X95.503 Y124.549 E540.02869
G1 X97.672 Y124.548 E540.10083
G1 X97.672 Y110.448 E540.5698
G1 X95.503 Y110.447 E540.64194
G1 X94.968 Y110.375 E540.65989
G1 X94.502 Y110.195 E540.67651
G1 X94.064 Y109.895 E540.69417
G1 X93.698 Y109.477 E540.71265
G1 X93.457 Y109.003 E540.73033
G1 X93.343 Y108.527 E540.74661
G1 X93.345 Y107.957 E540.76557
G1 X93.474 Y107.447 E540.78307
G1 X93.698 Y107.019 E540.79913
G1 X94.064 Y106.605 E540.81751
G1 X94.502 Y106.301 E540.83525
G1 X95.015 Y106.109 E540.85346
G1 X95.503 Y106.049 E540.86982
G1 X97.672 Y106.048 E540.94196
G1 X97.675 Y96.462 E541.26079
G1 X97.746 Y96.344 E541.26537
G1 X97.837 Y96.302 E541.2687
G1 X147.548 Y96.3 E542.9221
G1 X148.03 Y96.243 E542.93824
G1 X148.476 Y96.086 E542.95397
G1 X148.874 Y95.838 E542.96956
G1 X149.214 Y95.498 E542.98556
G1 X149.462 Y95.104 E543.00104
G1 X149.619 Y94.655 E543.01686
G1 X149.672 Y94.177 E543.03286
G1 X149.672 Y92.071 E543.1029
G1 X149.619 Y91.593 E543.1189
G1 X149.462 Y91.144 E543.13472
G1 X149.214 Y90.75 E543.1502
G1 X148.874 Y90.41 E543.1662
G1 X148.476 Y90.158 E543.18186
G1 X148.031 Y90.005 E543.19752
G1 X147.548 Y89.948 E543.21369
G1 X142.824 Y89.948 E543.37081
G1 X142.823 Y92.069 E543.44136
G1 X142.761 Y92.568 E543.45808
G1 X142.561 Y93.086 E543.47655
G1 X142.281 Y93.49 E543.4929
G1 X141.853 Y93.874 E543.51202
G1 X141.379 Y94.115 E543.52971
G1 X140.903 Y94.229 E543.54599
G1 X140.333 Y94.227 E543.56495
G1 X139.823 Y94.098 E543.58244
G1 X139.355 Y93.846 E543.60012
G1 X138.962 Y93.489 E543.61778
G1 X138.686 Y93.085 E543.63406
G1 X138.485 Y92.557 E543.65285
G1 X138.425 Y92.069 E543.6692
G1 X138.424 Y89.948 E543.73974
G1 X124.324 Y89.948 E544.20871
G1 X124.323 Y92.069 E544.27926
G1 X124.261 Y92.568 E544.29598
G1 X124.061 Y93.086 E544.31445
G1 X123.781 Y93.49 E544.3308
G1 X123.353 Y93.874 E544.34992
G1 X122.879 Y94.115 E544.36761
G1 X122.403 Y94.229 E544.38389
G1 X121.833 Y94.227 E544.40285
G1 X121.323 Y94.098 E544.42035
G1 X120.855 Y93.846 E544.43802
G1 X120.462 Y93.489 E544.45568
G1 X120.186 Y93.085 E544.47196
G1 X119.985 Y92.557 E544.49075
G1 X119.925 Y92.069 E544.5071
G1 X119.924 Y89.948 E544.57765
G1 X105.824 Y89.948 E545.04661
G1 X105.823 Y92.069 E545.11716
G1 X105.761 Y92.568 E545.13388
G1 X105.561 Y93.086 E545.15235
G1 X105.281 Y93.49 E545.1687
G1 X104.853 Y93.874 E545.18782
G1 X104.379 Y94.115 E545.20551
G1 X103.903 Y94.229 E545.22179
G1 X103.333 Y94.227 E545.24075
G1 X102.823 Y94.098 E545.25825
G1 X102.355 Y93.846 E545.27592
G1 X101.962 Y93.489 E545.29358
G1 X101.686 Y93.085 E545.30986
G1 X101.485 Y92.557 E545.32865
G1 X101.425 Y92.069 E545.345
G1 X101.424 Y89.948 E545.41555
G1 X87.448 Y89.948 E545.88039
G1 X86.965 Y90.005 E545.89657
G1 X86.52 Y90.158 E545.91222
G1 X86.126 Y90.409 E545.92775
G1 X85.785 Y90.751 E545.94382
G1 X85.534 Y91.145 E545.95936
G1 X85.377 Y91.593 E545.97514
G1 X85.324 Y92.071 E545.99114
G1 X85.324 Y142.925 E547.68255
G1 X85.377 Y143.407 E547.69868
G1 X85.533 Y143.851 E547.71433
G1 X85.785 Y144.246 E547.72992
G1 X86.127 Y144.587 E547.74598
G1 X86.521 Y144.838 E547.76152
G1 X86.965 Y144.995 E547.77718
G1 X87.447 Y145.048 E547.79331
G1 X101.424 Y145.048 E548.25818
G1 X101.425 Y142.927 E548.32873
G1 X101.487 Y142.429 E548.34542
G1 X101.686 Y141.911 E548.36388
G1 X101.995 Y141.47 E548.38179
G1 X102.396 Y141.122 E548.39945
G1 X102.867 Y140.885 E548.41698
G1 X103.331 Y140.769 E548.43289
G1 X103.917 Y140.769 E548.45238
G1 X104.381 Y140.885 E548.46829
G1 X104.875 Y141.134 E548.48669
G1 X105.281 Y141.506 E548.505
G1 X105.583 Y141.952 E548.52292
G1 X105.763 Y142.439 E548.54019
G1 X105.823 Y142.927 E548.55654
G1 X105.824 Y145.048 E548.62708
G1 X117.5 Y145.048 E549.01543
G0 F9000 X117.5 Y144.34
G0 X115.58 Y144.34
G0 X115.58 Y144.568
;TYPE:FILL
G1 F3000 X117.024 Y139.18 E549.20096
G0 F9000 X117.024 Y139.41
G0 X114.924 Y139.41
G0 X114.924 Y139.181
G1 F3000 X119.448 Y143.705 E549.41376
G0 F9000 X119.215 Y143.705
G0 X119.243 Y142.668
G0 X119.47 Y142.696
G1 F3000 X112.485 Y144.568 E549.65428
G0 F9000 X111.826 Y144.568
G1 F3000 X106.439 Y139.181 E549.90766
G0 F9000 X106.439 Y139.41
G0 X104.601 Y139.41
G0 X104.601 Y139.179
G1 F3000 X104.283 Y140.366 E549.94854
G0 F9000 X104.619 Y140.464
G1 F3000 X109.41 Y139.18 E550.11351
G0 F9000 X109.41 Y139.41
G0 X110.813 Y139.41
G0 X110.813 Y139.179
G1 F3000 X109.369 Y144.569 E550.2991
G0 F9000 X109.369 Y144.34
G0 X105.247 Y140.6
G0 X104.637 Y140.28
G0 X103.968 Y140.116
G0 X103.282 Y140.116
G0 X102.613 Y140.28
G0 X102.119 Y140.539
G0 X101.341 Y141.163
G0 X101.528 Y141.292
G1 F3000 X89.3 Y144.569 E550.72016
G0 F9000 X89.3 Y144.34
G0 X90.734 Y144.34
G0 X90.734 Y144.569
G1 F3000 X94.816 Y129.332 E551.24481
G0 F9000 X94.734 Y129.546
G0 X96.685 Y129.66
G0 X96.685 Y129.427
G1 F3000 X97.193 Y129.934 E551.26869
G1 X97.192 Y130.031
G1 X85.805 Y133.082 E551.66078
G0 F9000 X86.035 Y133.082
G0 X86.035 Y135.516
G0 X85.804 Y135.516
G1 F3000 X94.856 Y144.568 E552.08656
G0 F9000 X94.856 Y144.34
G0 X96.945 Y144.34
G0 X96.945 Y144.568
G1 F3000 X98.389 Y139.179 E552.27212
G0 F9000 X97.953 Y139.181
G1 F3000 X101.034 Y142.261 E552.41702
G0 F9000 X100.822 Y142.18
G0 X97.037 Y139.338
G0 X96.965 Y138.42
G0 X97.193 Y138.42
G1 F3000 X85.804 Y127.031 E552.95272
G1 X85.804 Y126.87
G1 X93.756 Y124.74 E553.22653
G0 F9000 X93.623 Y124.545
G0 X92.827 Y125.663
G0 X93.026 Y125.768
G1 F3000 X85.804 Y118.546 E553.56623
G0 F9000 X86.035 Y118.546
G0 X86.035 Y116.601
G0 X85.804 Y116.601
G1 F3000 X92.817 Y90.427 E554.46749
G0 F9000 X92.817 Y90.66
G0 X91.627 Y90.66
G0 X91.627 Y90.428
G1 F3000 X97.319 Y96.12 E554.73522
G0 F9000 X97.563 Y95.899
G1 F3000 X99.029 Y90.428 E554.92361
G0 F9000 X99.029 Y90.66
G0 X100.112 Y90.66
G0 X100.112 Y90.428
G1 F3000 X100.944 Y91.26 E554.96274
G0 F9000 X100.944 Y91.755
G1 F3000 X85.805 Y95.812 E555.48403
G0 F9000 X86.035 Y95.812
G0 X86.035 Y93.418
G0 X85.804 Y93.418
G1 F3000 X86.527 Y90.722 E555.57687
G0 F9000 X86.65 Y90.918
G0 X86.035 Y93.09
G0 X85.804 Y93.09
G1 F3000 X97.193 Y104.479 E556.11257
G0 F9000 X97.191 Y105.184
G1 F3000 X95.742 Y105.573 E556.16247
G0 F9000 X94.955 Y105.632
G1 F3000 X97.193 Y97.28 E556.45006
G0 F9000 X96.965 Y97.28
G0 X96.965 Y98.972
G0 X97.193 Y98.972
G1 F3000 X85.804 Y102.024 E556.84223
G0 F9000 X85.804 Y101.575
G1 F3000 X92.881 Y108.652 E557.17511
G0 F9000 X92.656 Y108.706
G0 X92.855 Y109.262
G0 X93.036 Y109.608
G0 X93.548 Y110.384
G0 X93.723 Y110.229
G1 F3000 X85.804 Y139.784 E558.19279
G0 F9000 X85.805 Y139.293
G1 F3000 X97.192 Y136.242 E558.58488
G0 F9000 X96.965 Y136.242
G0 X92.855 Y127.762
G0 X92.691 Y127.093
G0 X92.691 Y126.407
G0 X92.855 Y125.738
G0 X93.175 Y125.128
G0 X93.632 Y124.613
G0 X94.199 Y124.222
G0 X94.72 Y124.024
G0 X96.252 Y123.84
G0 X96.252 Y124.071
G1 F3000 X97.191 Y123.819 E558.61722
G0 F9000 X96.226 Y124.071
G1 F3000 X97.192 Y120.466 E558.74135
G0 F9000 X97.192 Y121.448
G1 F3000 X85.804 Y110.06 E559.27701
G0 F9000 X86.035 Y110.06
G0 X86.035 Y108.235
G0 X85.805 Y108.235
G1 F3000 X94.07 Y106.02 E559.5616
G0 F9000 X93.939 Y105.828
G0 X93.175 Y106.628
G0 X92.855 Y107.238
G0 X92.691 Y107.907
G0 X92.691 Y108.593
G0 X92.855 Y109.262
G0 X93.175 Y109.872
G0 X93.632 Y110.387
G0 X94.091 Y110.704
G0 X95.084 Y111.112
G0 X95.112 Y110.884
G1 F3000 X97.192 Y112.963 E559.65941
G0 F9000 X96.965 Y112.963
G0 X96.965 Y111.396
G0 X97.191 Y111.396
G1 F3000 X85.805 Y114.447 E560.05147
G0 F9000 X86.035 Y114.447
G0 X86.035 Y120.659
G0 X85.804 Y120.659
G1 F3000 X97.192 Y117.607 E560.44361
G1 F2700 E555.44361
G0 F9000 X96.965 Y117.607
G0 X92.855 Y109.262
G0 X92.691 Y108.593
G0 X92.691 Y107.907
G0 X92.855 Y107.238
G0 X97.037 Y95.662
G0 X103.795 Y95.59
G0 X103.795 Y95.821
G1 F2700 E560.44361
G1 F3000 X104.103 Y94.673 E560.48314
G0 F9000 X104.31 Y94.625
G1 F3000 X105.505 Y95.82 E560.53935
G0 F9000 X105.505 Y95.59
G0 X108.958 Y95.59
G0 X108.958 Y95.82
G1 F3000 X119.62 Y92.963 E560.90648
G1 X119.622 Y92.967
G1 X117.083 Y90.428 E561.02591
G0 F9000 X117.664 Y90.427
G1 F3000 X116.219 Y95.821 E561.21164
G0 F9000 X116.219 Y95.59
G0 X113.99 Y95.59
G0 X113.99 Y95.82
G1 F3000 X108.598 Y90.428 E561.46526
G0 F9000 X108.598 Y90.66
G0 X111.452 Y90.66
G0 X111.452 Y90.427
G1 F3000 X110.007 Y95.821 E561.65099
G0 F9000 X110.007 Y95.59
G0 X121.176 Y94.797
G0 X121.23 Y94.575
G1 F3000 X122.475 Y95.82 E561.70955
G1 X122.431 Y95.82
G1 X122.747 Y94.639 E561.75021
G0 F9000 X122.801 Y94.865
G0 X123.747 Y94.4
G0 X124.262 Y93.943
G0 X124.653 Y93.376
G0 X124.851 Y92.855
G0 X125.035 Y91.575
G0 X124.801 Y91.575
G1 F3000 X129.082 Y90.427 E561.89763
G0 F9000 X129.082 Y90.66
G0 X130.087 Y90.66
G0 X130.087 Y90.427
G1 F3000 X128.642 Y95.821 E562.08336
G0 F9000 X128.642 Y95.59
G0 X130.96 Y95.59
G0 X130.96 Y95.82
G1 F3000 X125.568 Y90.428 E562.33699
G0 F9000 X125.568 Y90.66
G0 X134.053 Y90.66
G0 X134.053 Y90.428
G1 F3000 X139.446 Y95.82 E562.59063
G0 F9000 X139.446 Y95.59
G0 X141.066 Y95.59
G0 X141.066 Y95.82
G1 F3000 X141.391 Y94.604 E562.6325
G0 F9000 X141.445 Y94.83
G0 X142.247 Y94.4
G0 X142.762 Y93.943
G0 X143.38 Y92.947
G0 X143.166 Y92.865
G1 F3000 X148.996 Y91.303 E562.83324
G0 F9000 X148.614 Y90.83
G1 F3000 X147.277 Y95.82 E563.00506
G0 F9000 X147.888 Y95.777
G1 F3000 X143.301 Y91.19 E563.22082
G0 F9000 X143.535 Y91.19
G0 X143.397 Y92.733
G0 X143.153 Y93.376
G0 X142.762 Y93.943
G0 X142.247 Y94.4
G0 X141.637 Y94.72
G0 X140.968 Y94.884
G0 X140.282 Y94.884
G0 X139.74 Y94.751
G0 X138.682 Y94.196
G0 X138.835 Y94.026
G1 F3000 X132.139 Y95.82 E563.45139
G0 F9000 X132.139 Y95.59
G0 X134.854 Y95.59
G0 X134.854 Y95.821
G1 F3000 X136.299 Y90.427 E563.63712
G1 F2700 E558.63712
G0 F9000 X136.299 Y90.66
G0 X128.785 Y95.652
G0 X97.037 Y95.662
G0 X92.855 Y107.238
G0 X92.691 Y107.907
G0 X92.691 Y127.093
G0 X92.855 Y127.762
G0 X97.037 Y139.338
G0 X135.659 Y139.41
G0 X135.659 Y139.18
G1 F2700 E563.63712
G1 F3000 X134.215 Y144.568 E563.82265
G0 F9000 X134.215 Y144.34
G0 X135.668 Y144.34
G0 X135.668 Y144.568
G1 F3000 X137.945 Y143.957 E563.90106
G0 F9000 X137.282 Y144.568
G1 F3000 X131.895 Y139.181 E564.15445
G0 F9000 X132.593 Y139.18
G1 F3000 X124.293 Y141.404 E564.44025
G0 F9000 X124.485 Y141.273
G0 X123.887 Y140.728
G0 X122.964 Y140.176
G0 X122.91 Y140.397
G1 F3000 X123.236 Y139.179 E564.48218
G1 X123.409 Y139.181
G1 X128.797 Y144.568 E564.7356
G0 F9000 X128.004 Y144.568
G1 F3000 X129.447 Y139.18 E564.92112
G0 F9000 X129.447 Y139.41
G0 X140.38 Y139.41
G0 X140.38 Y139.181
G1 F3000 X141.708 Y140.508 E564.98356
G1 X141.536 Y140.429
G1 X141.871 Y139.179 E565.0266
G0 F9000 X141.871 Y139.41
G0 X143.278 Y141.783
G0 X143.063 Y141.864
G1 F3000 X145.767 Y144.568 E565.15379
G0 F9000 X146.639 Y144.568
G1 F3000 X148.058 Y139.272 E565.33615
G0 F9000 X147.983 Y139.488
G0 X148.965 Y140.944
G0 X149.192 Y140.944
G1 F3000 X143.258 Y142.534 E565.54047
G0 F9000 X143.785 Y142.472
;MESH:NONMESH
G0 F300 X143.785 Y142.472 Z1.4
G0 F9000 X142.762 Y141.057
G0 X142.247 Y140.6
G0 X141.637 Y140.28
G0 X140.968 Y140.116
G0 X121.782 Y140.116
G0 X121.113 Y140.28
G0 X120.503 Y140.6
G0 X120.085 Y140.97
G0 X117.5 Y144.34
G0 X117.5 Y144.648
;TIME_ELAPSED:962.523037
;LAYER:6
;TYPE:WALL-INNER
;MESH:Battery_holder.stl
G1 F1500 X119.524 Y144.648 E565.60779
G1 X119.528 Y142.878 E565.66666
G1 X119.599 Y142.314 E565.68557
G1 X119.816 Y141.744 E565.70586
G1 X120.173 Y141.221 E565.72692
G1 X120.646 Y140.8 E565.74798
G1 X121.206 Y140.513 E565.76891
G1 X121.813 Y140.364 E565.7897
G1 X122.446 Y140.364 E565.81075
G1 X123.044 Y140.513 E565.83125
G1 X123.606 Y140.803 E565.85228
G1 X124.069 Y141.219 E565.87298
G1 X124.431 Y141.742 E565.89414
G1 X124.649 Y142.314 E565.9145
G1 X124.72 Y142.878 E565.93341
G1 X124.724 Y144.648 E565.99228
G1 X138.024 Y144.648 E566.43464
G1 X138.028 Y142.878 E566.49351
G1 X138.099 Y142.314 E566.51241
G1 X138.316 Y141.744 E566.5327
G1 X138.673 Y141.221 E566.55376
G1 X139.146 Y140.8 E566.57482
G1 X139.706 Y140.513 E566.59575
G1 X140.313 Y140.364 E566.61654
G1 X140.946 Y140.364 E566.63759
G1 X141.544 Y140.513 E566.65809
G1 X142.106 Y140.803 E566.67912
G1 X142.569 Y141.219 E566.69983
G1 X142.931 Y141.742 E566.72098
G1 X143.149 Y142.314 E566.74134
G1 X143.22 Y142.878 E566.76025
G1 X143.224 Y144.648 E566.81912
G1 X147.527 Y144.648 E566.96224
G1 X147.942 Y144.603 E566.97612
G1 X148.3 Y144.476 E566.98876
G1 X148.622 Y144.272 E567.00143
G1 X148.9 Y143.994 E567.01451
G1 X149.1 Y143.677 E567.02698
G1 X149.226 Y143.317 E567.03966
G1 X149.272 Y142.903 E567.05352
G1 X149.272 Y140.845 E567.12197
G1 X149.226 Y140.431 E567.13582
G1 X149.099 Y140.07 E567.14855
G1 X148.899 Y139.748 E567.16116
G1 X148.624 Y139.473 E567.17409
G1 X148.302 Y139.273 E567.1867
G1 X147.941 Y139.146 E567.19943
G1 X147.527 Y139.1 E567.21328
G1 X97.765 Y139.1 E568.86837
G1 X97.494 Y138.967 E568.87841
G1 X97.346 Y138.791 E568.88606
G1 X97.273 Y138.589 E568.89321
G1 X97.272 Y129.348 E569.20056
G1 X95.454 Y129.344 E569.26103
G1 X94.892 Y129.275 E569.27986
G1 X94.308 Y129.045 E569.30074
G1 X93.801 Y128.696 E569.32121
G1 X93.379 Y128.23 E569.34212
G1 X93.085 Y127.668 E569.36322
G1 X92.94 Y127.058 E569.38407
G1 X92.94 Y126.429 E569.40499
G1 X93.086 Y125.825 E569.42566
G1 X93.384 Y125.268 E569.44667
G1 X93.8 Y124.804 E569.4674
G1 X94.308 Y124.451 E569.48797
G1 X94.892 Y124.221 E569.50885
G1 X95.454 Y124.152 E569.52768
G1 X97.272 Y124.148 E569.58815
G1 X97.272 Y110.848 E570.03051
G1 X95.454 Y110.844 E570.09097
G1 X94.892 Y110.775 E570.10981
G1 X94.308 Y110.545 E570.13068
G1 X93.801 Y110.196 E570.15115
G1 X93.379 Y109.73 E570.17206
G1 X93.085 Y109.168 E570.19316
G1 X92.94 Y108.558 E570.21401
G1 X92.94 Y107.929 E570.23493
G1 X93.086 Y107.325 E570.2556
G1 X93.384 Y106.768 E570.27661
G1 X93.8 Y106.304 E570.29734
G1 X94.308 Y105.951 E570.31791
G1 X94.892 Y105.721 E570.33879
G1 X95.454 Y105.652 E570.35762
G1 X97.272 Y105.648 E570.41809
G1 X97.273 Y96.464 E570.72355
G1 X97.306 Y96.3 E570.72911
G1 X97.409 Y96.118 E570.73607
G1 X97.603 Y95.963 E570.74433
G1 X97.792 Y95.9 E570.75095
G1 X147.525 Y95.9 E572.40508
G1 X147.939 Y95.851 E572.41895
G1 X148.302 Y95.724 E572.43174
G1 X148.624 Y95.523 E572.44436
G1 X148.9 Y95.247 E572.45735
G1 X149.099 Y94.929 E572.46982
G1 X149.227 Y94.566 E572.48262
G1 X149.272 Y94.155 E572.49638
G1 X149.272 Y92.093 E572.56496
G1 X149.227 Y91.682 E572.57871
G1 X149.099 Y91.319 E572.59151
G1 X148.9 Y91.001 E572.60399
G1 X148.622 Y90.724 E572.61704
G1 X148.302 Y90.521 E572.62965
G1 X147.942 Y90.397 E572.64231
G1 X147.525 Y90.348 E572.65627
G1 X143.224 Y90.348 E572.79933
G1 X143.22 Y92.118 E572.8582
G1 X143.149 Y92.683 E572.87714
G1 X142.931 Y93.254 E572.89747
G1 X142.569 Y93.777 E572.91862
G1 X142.107 Y94.192 E572.93928
G1 X141.544 Y94.487 E572.96042
G1 X140.934 Y94.632 E572.98127
G1 X140.305 Y94.632 E573.00219
G1 X139.703 Y94.487 E573.02279
G1 X139.144 Y94.194 E573.04378
G1 X138.673 Y93.775 E573.06475
G1 X138.316 Y93.252 E573.08581
G1 X138.099 Y92.683 E573.10606
G1 X138.028 Y92.118 E573.125
G1 X138.024 Y90.348 E573.18387
G1 X124.724 Y90.348 E573.62623
G1 X124.72 Y92.118 E573.6851
G1 X124.649 Y92.683 E573.70404
G1 X124.431 Y93.254 E573.72437
G1 X124.069 Y93.777 E573.74553
G1 X123.607 Y94.192 E573.76618
G1 X123.044 Y94.487 E573.78732
G1 X122.434 Y94.632 E573.80818
G1 X121.805 Y94.632 E573.8291
G1 X121.203 Y94.487 E573.84969
G1 X120.644 Y94.194 E573.87068
G1 X120.173 Y93.775 E573.89165
G1 X119.816 Y93.252 E573.91271
G1 X119.599 Y92.683 E573.93297
G1 X119.528 Y92.118 E573.95191
G1 X119.524 Y90.348 E574.01078
G1 X106.224 Y90.348 E574.45314
G1 X106.22 Y92.118 E574.51201
G1 X106.149 Y92.683 E574.53095
G1 X105.931 Y93.254 E574.55127
G1 X105.569 Y93.777 E574.57243
G1 X105.107 Y94.192 E574.59309
G1 X104.544 Y94.487 E574.61423
G1 X103.934 Y94.632 E574.63508
G1 X103.305 Y94.632 E574.656
G1 X102.703 Y94.487 E574.6766
G1 X102.144 Y94.194 E574.69759
G1 X101.673 Y93.775 E574.71855
G1 X101.316 Y93.252 E574.73962
G1 X101.099 Y92.683 E574.75987
G1 X101.028 Y92.118 E574.77881
G1 X101.024 Y90.348 E574.83768
G1 X87.471 Y90.348 E575.28846
G1 X87.054 Y90.397 E575.30242
G1 X86.695 Y90.52 E575.31504
G1 X86.378 Y90.723 E575.32756
G1 X86.099 Y91.003 E575.34071
G1 X85.896 Y91.321 E575.35326
G1 X85.77 Y91.682 E575.36597
G1 X85.724 Y92.093 E575.37973
G1 X85.724 Y142.903 E577.06968
G1 X85.77 Y143.318 E577.08356
G1 X85.895 Y143.675 E577.09614
G1 X86.099 Y143.994 E577.10874
G1 X86.379 Y144.273 E577.12189
G1 X86.697 Y144.476 E577.13443
G1 X87.054 Y144.602 E577.14703
G1 X87.469 Y144.648 E577.16091
G1 X101.024 Y144.648 E577.61175
G1 X101.028 Y142.878 E577.67062
G1 X101.099 Y142.314 E577.68953
G1 X101.316 Y141.744 E577.70982
G1 X101.673 Y141.221 E577.73088
G1 X102.146 Y140.8 E577.75194
G1 X102.706 Y140.513 E577.77287
G1 X103.313 Y140.364 E577.79366
G1 X103.946 Y140.364 E577.81471
G1 X104.544 Y140.513 E577.83521
G1 X105.106 Y140.803 E577.85624
G1 X105.569 Y141.219 E577.87694
G1 X105.931 Y141.742 E577.8981
G1 X106.149 Y142.314 E577.91846
G1 X106.22 Y142.878 E577.93737
G1 X106.224 Y144.648 E577.99624
G1 X117.5 Y144.648 E578.37128
G0 F9000 X117.5 Y145.048
;TYPE:WALL-OUTER
G1 F1500 X119.924 Y145.048 E578.4519
G1 X119.925 Y142.927 E578.52245
G1 X119.987 Y142.429 E578.53914
G1 X120.186 Y141.911 E578.55759
G1 X120.495 Y141.47 E578.5755
G1 X120.896 Y141.122 E578.59316
G1 X121.367 Y140.885 E578.6107
G1 X121.831 Y140.769 E578.62661
G1 X122.417 Y140.769 E578.6461
G1 X122.881 Y140.885 E578.66201
G1 X123.375 Y141.134 E578.68041
G1 X123.781 Y141.506 E578.69872
G1 X124.083 Y141.952 E578.71663
G1 X124.263 Y142.439 E578.7339
G1 X124.323 Y142.927 E578.75026
G1 X124.324 Y145.048 E578.8208
G1 X138.424 Y145.048 E579.28977
G1 X138.425 Y142.927 E579.36031
G1 X138.487 Y142.429 E579.37701
G1 X138.686 Y141.911 E579.39546
G1 X138.995 Y141.47 E579.41337
G1 X139.396 Y141.122 E579.43103
G1 X139.867 Y140.885 E579.44857
G1 X140.331 Y140.769 E579.46448
G1 X140.917 Y140.769 E579.48397
G1 X141.381 Y140.885 E579.49987
G1 X141.875 Y141.134 E579.51827
G1 X142.281 Y141.506 E579.53659
G1 X142.583 Y141.952 E579.5545
G1 X142.763 Y142.439 E579.57177
G1 X142.823 Y142.927 E579.58813
G1 X142.824 Y145.048 E579.65867
G1 X147.549 Y145.048 E579.81582
G1 X148.031 Y144.995 E579.83195
G1 X148.476 Y144.838 E579.84765
G1 X148.874 Y144.586 E579.86331
G1 X149.214 Y144.246 E579.87931
G1 X149.462 Y143.852 E579.89479
G1 X149.619 Y143.407 E579.91049
G1 X149.672 Y142.925 E579.92661
G1 X149.672 Y140.823 E579.99653
G1 X149.619 Y140.341 E580.01266
G1 X149.462 Y139.896 E580.02835
G1 X149.214 Y139.498 E580.04395
G1 X148.874 Y139.158 E580.05994
G1 X148.476 Y138.91 E580.07554
G1 X148.031 Y138.753 E580.09123
G1 X147.549 Y138.7 E580.10736
G1 X97.825 Y138.695 E581.76119
G1 X97.746 Y138.656 E581.76412
G1 X97.675 Y138.538 E581.7687
G1 X97.672 Y128.948 E582.08766
G1 X95.503 Y128.947 E582.1598
G1 X94.968 Y128.875 E582.17776
G1 X94.502 Y128.695 E582.19437
G1 X94.064 Y128.395 E582.21203
G1 X93.698 Y127.977 E582.23051
G1 X93.457 Y127.503 E582.2482
G1 X93.343 Y127.027 E582.26448
G1 X93.345 Y126.457 E582.28343
G1 X93.474 Y125.947 E582.30093
G1 X93.698 Y125.519 E582.317
G1 X94.064 Y125.105 E582.33538
G1 X94.502 Y124.801 E582.35311
G1 X95.015 Y124.609 E582.37133
G1 X95.503 Y124.549 E582.38768
G1 X97.672 Y124.548 E582.45982
G1 X97.672 Y110.448 E582.92879
G1 X95.503 Y110.447 E583.00093
G1 X94.968 Y110.375 E583.01889
G1 X94.502 Y110.195 E583.0355
G1 X94.064 Y109.895 E583.05316
G1 X93.698 Y109.477 E583.07164
G1 X93.457 Y109.003 E583.08932
G1 X93.343 Y108.527 E583.1056
G1 X93.345 Y107.957 E583.12456
G1 X93.474 Y107.447 E583.14206
G1 X93.698 Y107.019 E583.15813
G1 X94.064 Y106.605 E583.17651
G1 X94.502 Y106.301 E583.19424
G1 X95.015 Y106.109 E583.21246
G1 X95.503 Y106.049 E583.22881
G1 X97.672 Y106.048 E583.30095
G1 X97.675 Y96.462 E583.61978
G1 X97.746 Y96.344 E583.62436
G1 X97.837 Y96.302 E583.6277
G1 X147.548 Y96.3 E585.28109
G1 X148.03 Y96.243 E585.29723
G1 X148.476 Y96.086 E585.31296
G1 X148.874 Y95.838 E585.32856
G1 X149.214 Y95.498 E585.34455
G1 X149.462 Y95.104 E585.36003
G1 X149.619 Y94.655 E585.37586
G1 X149.672 Y94.177 E585.39185
G1 X149.672 Y92.071 E585.4619
G1 X149.619 Y91.593 E585.47789
G1 X149.462 Y91.144 E585.49371
G1 X149.214 Y90.75 E585.5092
G1 X148.874 Y90.41 E585.52519
G1 X148.476 Y90.158 E585.54086
G1 X148.031 Y90.005 E585.55651
G1 X147.548 Y89.948 E585.57269
G1 X142.824 Y89.948 E585.72981
G1 X142.823 Y92.069 E585.80035
G1 X142.761 Y92.568 E585.81708
G1 X142.561 Y93.086 E585.83554
G1 X142.281 Y93.49 E585.85189
G1 X141.853 Y93.874 E585.87102
G1 X141.379 Y94.115 E585.8887
G1 X140.903 Y94.229 E585.90498
G1 X140.333 Y94.227 E585.92394
G1 X139.823 Y94.098 E585.94144
G1 X139.355 Y93.846 E585.95912
G1 X138.962 Y93.489 E585.97678
G1 X138.686 Y93.085 E585.99305
G1 X138.485 Y92.557 E586.01184
G1 X138.425 Y92.069 E586.02819
G1 X138.424 Y89.948 E586.09874
G1 X124.324 Y89.948 E586.56771
G1 X124.323 Y92.069 E586.63825
G1 X124.261 Y92.568 E586.65498
G1 X124.061 Y93.086 E586.67344
G1 X123.781 Y93.49 E586.68979
G1 X123.353 Y93.874 E586.70892
G1 X122.879 Y94.115 E586.7266
G1 X122.403 Y94.229 E586.74288
G1 X121.833 Y94.227 E586.76184
G1 X121.323 Y94.098 E586.77934
G1 X120.855 Y93.846 E586.79702
G1 X120.462 Y93.489 E586.81468
G1 X120.186 Y93.085 E586.83095
G1 X119.985 Y92.557 E586.84974
G1 X119.925 Y92.069 E586.86609
G1 X119.924 Y89.948 E586.93664
G1 X105.824 Y89.948 E587.40561
G1 X105.823 Y92.069 E587.47615
G1 X105.761 Y92.568 E587.49288
G1 X105.561 Y93.086 E587.51134
G1 X105.281 Y93.49 E587.52769
G1 X104.853 Y93.874 E587.54682
G1 X104.379 Y94.115 E587.5645
G1 X103.903 Y94.229 E587.58078
G1 X103.333 Y94.227 E587.59974
G1 X102.823 Y94.098 E587.61724
G1 X102.355 Y93.846 E587.63492
G1 X101.962 Y93.489 E587.65258
G1 X101.686 Y93.085 E587.66885
G1 X101.485 Y92.557 E587.68764
G1 X101.425 Y92.069 E587.70399
G1 X101.424 Y89.948 E587.77454
G1 X87.448 Y89.948 E588.23938
G1 X86.965 Y90.005 E588.25556
G1 X86.52 Y90.158 E588.27121
G1 X86.126 Y90.409 E588.28675
G1 X85.785 Y90.751 E588.30281
G1 X85.534 Y91.145 E588.31835
G1 X85.377 Y91.593 E588.33414
G1 X85.324 Y92.071 E588.35013
G1 X85.324 Y142.925 E590.04154
G1 X85.377 Y143.407 E590.05767
G1 X85.533 Y143.851 E590.07332
G1 X85.785 Y144.246 E590.08891
G1 X86.127 Y144.587 E590.10497
G1 X86.521 Y144.838 E590.12051
G1 X86.965 Y144.995 E590.13617
G1 X87.447 Y145.048 E590.1523
G1 X101.424 Y145.048 E590.61718
G1 X101.425 Y142.927 E590.68772
G1 X101.487 Y142.429 E590.70441
G1 X101.686 Y141.911 E590.72287
G1 X101.995 Y141.47 E590.74078
G1 X102.396 Y141.122 E590.75844
G1 X102.867 Y140.885 E590.77598
G1 X103.331 Y140.769 E590.79188
G1 X103.917 Y140.769 E590.81137
G1 X104.381 Y140.885 E590.82728
G1 X104.875 Y141.134 E590.84568
G1 X105.281 Y141.506 E590.864
G1 X105.583 Y141.952 E590.88191
G1 X105.763 Y142.439 E590.89918
G1 X105.823 Y142.927 E590.91553
G1 X105.824 Y145.048 E590.98608
G1 X117.5 Y145.048 E591.37442
G0 F9000 X117.5 Y144.34
G0 X115.434 Y144.34
G0 X115.434 Y144.569
;TYPE:FILL
G1 F3000 X116.878 Y139.18 E591.55999
G0 F9000 X116.878 Y139.41
G0 X115.123 Y139.41
G0 X115.123 Y139.181
G1 F3000 X119.448 Y143.505 E591.7634
G0 F9000 X119.452 Y142.847
G1 F3000 X113.03 Y144.568 E591.98453
G0 F9000 X113.03 Y144.34
G0 X112.026 Y144.34
G0 X112.026 Y144.568
G1 F3000 X106.638 Y139.181 E592.23794
G0 F9000 X106.638 Y139.41
G0 X104.455 Y139.41
G0 X104.455 Y139.179
G1 F3000 X104.146 Y140.332 E592.27764
G0 F9000 X104.806 Y140.56
G1 F3000 X109.955 Y139.18 E592.45494
G0 F9000 X110.667 Y139.179
G1 F3000 X109.223 Y144.568 E592.64051
G0 F9000 X109.223 Y144.34
G0 X105.247 Y140.6
G0 X104.637 Y140.28
G0 X103.968 Y140.116
G0 X103.282 Y140.116
G0 X102.613 Y140.28
G0 X102.119 Y140.539
G0 X101.218 Y141.342
G0 X101.405 Y141.471
G1 F3000 X89.844 Y144.569 E593.03859
G0 F9000 X90.588 Y144.568
G1 F3000 X94.684 Y129.281 E593.56498
G0 F9000 X94.602 Y129.495
G0 X96.885 Y129.66
G0 X96.885 Y129.427
G1 F3000 X97.193 Y129.735 E593.57946
G0 F9000 X97.192 Y130.177
G1 F3000 X85.805 Y133.228 E593.97156
G0 F9000 X86.035 Y133.228
G0 X86.035 Y135.317
G0 X85.804 Y135.317
G1 F3000 X95.055 Y144.568 E594.40669
G0 F9000 X95.055 Y144.34
G0 X96.799 Y144.34
G0 X96.799 Y144.569
G1 F3000 X98.243 Y139.179 E594.59229
G1 X98.153 Y139.181
G1 X101.089 Y142.116 E594.73037
G0 F9000 X100.877 Y142.035
G0 X97.037 Y139.338
G0 X96.965 Y138.22
G0 X97.193 Y138.22
G1 F3000 X85.804 Y126.832 E595.26605
G1 X85.805 Y127.016
G1 X93.573 Y124.935 E595.53352
G0 F9000 X93.096 Y125.639
G1 F3000 X85.804 Y118.346 E595.87654
G0 F9000 X86.035 Y118.346
G0 X86.035 Y116.056
G0 X85.804 Y116.056
G1 F3000 X92.671 Y90.427 E596.75903
G0 F9000 X91.826 Y90.428
G1 F3000 X97.415 Y96.016 E597.0219
G1 X97.378 Y96.046
G1 X98.883 Y90.428 E597.21534
G0 F9000 X98.883 Y90.66
G0 X100.312 Y90.66
G0 X100.312 Y90.428
G1 F3000 X100.944 Y91.061 E597.24509
G0 F9000 X100.943 Y91.901
G1 F3000 X85.804 Y95.958 E597.76638
G0 F9000 X86.035 Y95.958
G0 X86.035 Y92.89
G0 X85.804 Y92.89
G1 F3000 X97.193 Y104.279 E598.30209
G0 F9000 X96.965 Y104.279
G0 X96.965 Y105.33
G0 X97.191 Y105.33
G1 F3000 X96.293 Y105.571 E598.33301
G0 F9000 X96.293 Y105.34
G0 X94.719 Y105.46
G0 X94.798 Y105.671
G1 F3000 X97.193 Y96.735 E598.64071
G0 F9000 X96.965 Y96.735
G0 X96.965 Y99.118
G0 X97.192 Y99.118
G1 F3000 X85.805 Y102.169 E599.0328
G0 F9000 X85.804 Y101.376
G1 F3000 X92.86 Y108.432 E599.3647
G0 F9000 X92.63 Y108.432
G0 X92.855 Y109.262
G0 X93.437 Y110.258
G0 X93.61 Y110.105
G1 F3000 X85.804 Y139.239 E600.36788
G0 F9000 X85.804 Y139.439
G1 F3000 X97.193 Y136.388 E600.76003
G0 F9000 X96.965 Y136.388
G0 X92.855 Y127.762
G0 X92.691 Y127.093
G0 X92.691 Y126.407
G0 X92.855 Y125.738
G0 X93.175 Y125.128
G0 X93.632 Y124.613
G0 X94.199 Y124.222
G0 X94.842 Y123.978
G0 X96.802 Y123.84
G0 X96.802 Y124.069
G1 F3000 X97.191 Y123.965 E600.77343
G0 F9000 X96.995 Y123.87
G0 X96.08 Y123.84
G0 X96.08 Y124.071
G1 F3000 X97.192 Y119.921 E600.91633
G0 F9000 X96.965 Y119.921
G0 X96.965 Y121.249
G0 X97.192 Y121.249
G1 F3000 X85.804 Y109.861 E601.45198
G0 F9000 X86.035 Y109.861
G0 X86.035 Y108.381
G0 X85.805 Y108.381
G1 F3000 X93.736 Y106.256 E601.72507
G0 F9000 X93.562 Y106.101
G0 X93.175 Y106.628
G0 X92.855 Y107.238
G0 X92.691 Y107.907
G0 X92.691 Y108.593
G0 X92.855 Y109.262
G0 X93.175 Y109.872
G0 X93.632 Y110.387
G0 X94.199 Y110.778
G0 X95.311 Y111.14
G0 X95.339 Y110.911
G1 F3000 X97.192 Y112.764 E601.81223
G0 F9000 X96.965 Y112.764
G0 X96.965 Y111.542
G0 X97.192 Y111.542
G1 F3000 X85.805 Y114.593 E602.20432
G0 F9000 X86.035 Y114.593
G0 X86.035 Y120.805
G0 X85.804 Y120.805
G1 F3000 X97.192 Y117.753 E602.59646
G1 F2700 E597.59646
G0 F9000 X96.965 Y117.753
G0 X92.855 Y109.262
G0 X92.691 Y108.593
G0 X92.691 Y107.907
G0 X92.855 Y107.238
G0 X97.037 Y95.662
G0 X103.65 Y95.59
G0 X103.65 Y95.82
G1 F2700 E602.59646
G1 F3000 X103.947 Y94.71 E602.63467
G0 F9000 X104.47 Y94.586
G1 F3000 X105.704 Y95.82 E602.69272
G0 F9000 X105.704 Y95.59
G0 X109.502 Y95.59
G0 X109.502 Y95.82
G1 F3000 X119.67 Y93.095 E603.04284
G0 F9000 X119.516 Y92.661
G1 F3000 X117.283 Y90.428 E603.14787
G0 F9000 X117.518 Y90.427
G1 F3000 X116.073 Y95.821 E603.33361
G0 F9000 X116.073 Y95.59
G0 X114.189 Y95.59
G0 X114.189 Y95.82
G1 F3000 X108.798 Y90.428 E603.58721
G0 F9000 X108.798 Y90.66
G0 X106.443 Y90.66
G0 X106.443 Y90.428
G1 F3000 X106.304 Y90.465 E603.59199
G0 F9000 X106.505 Y90.63
G0 X111.306 Y90.66
G0 X111.306 Y90.427
G1 F3000 X109.861 Y95.821 E603.77772
G0 F9000 X109.861 Y95.59
G0 X121.438 Y94.862
G0 X121.493 Y94.638
G1 F3000 X122.675 Y95.82 E603.83332
G0 F9000 X122.285 Y95.821
G1 F3000 X122.591 Y94.676 E603.87274
G0 F9000 X122.645 Y94.903
G0 X123.747 Y94.4
G0 X124.262 Y93.943
G0 X124.653 Y93.376
G0 X124.851 Y92.855
G0 X125.035 Y91.721
G0 X124.801 Y91.721
G1 F3000 X129.626 Y90.427 E604.03889
G0 F9000 X129.941 Y90.428
G1 F3000 X128.496 Y95.82 E604.22456
G0 F9000 X128.496 Y95.59
G0 X131.16 Y95.59
G0 X131.16 Y95.82
G1 F3000 X125.767 Y90.428 E604.4782
G0 F9000 X125.767 Y90.66
G0 X134.253 Y90.66
G0 X134.253 Y90.428
G1 F3000 X139.645 Y95.82 E604.73183
G0 F9000 X139.645 Y95.59
G0 X140.92 Y95.59
G0 X140.92 Y95.821
G1 F3000 X141.235 Y94.642 E604.77241
G0 F9000 X141.289 Y94.868
G0 X140.282 Y94.884
G0 X139.74 Y94.751
G0 X138.809 Y94.309
G0 X138.962 Y94.138
G1 F3000 X132.683 Y95.82 E604.98862
G0 F9000 X132.683 Y95.59
G0 X134.708 Y95.59
G0 X134.708 Y95.821
G1 F3000 X136.153 Y90.427 E605.17435
G0 F9000 X136.153 Y90.66
G0 X138.488 Y93.943
G0 X139.003 Y94.4
G0 X139.613 Y94.72
G0 X140.282 Y94.884
G0 X140.968 Y94.884
G0 X141.637 Y94.72
G0 X142.247 Y94.4
G0 X142.762 Y93.943
G0 X143.153 Y93.376
G0 X143.397 Y92.733
G0 X143.535 Y90.991
G0 X143.302 Y90.991
G1 F3000 X148.041 Y95.73 E605.39726
G0 F9000 X147.131 Y95.82
G1 F3000 X148.493 Y90.738 E605.57225
G0 F9000 X149.056 Y91.433
G1 F3000 X143.104 Y93.028 E605.7772
G1 F2700 E600.7772
G0 F9000 X143.318 Y93.11
G0 X143.231 Y95.65
G0 X97.037 Y95.662
G0 X92.855 Y107.238
G0 X92.691 Y107.907
G0 X92.691 Y127.093
G0 X92.855 Y127.762
G0 X97.037 Y139.338
G0 X141.725 Y139.41
G0 X141.725 Y139.18
G1 F2700 E605.7772
G1 F3000 X141.399 Y140.396 E605.81907
G0 F9000 X142.117 Y140.718
G1 F3000 X140.579 Y139.181 E605.89139
G0 F9000 X140.579 Y139.41
G0 X141.93 Y140.374
G0 X142.965 Y141.245
G0 X142.774 Y141.375
G1 F3000 X145.967 Y144.568 E606.04158
G0 F9000 X146.493 Y144.568
G1 F3000 X147.924 Y139.226 E606.22552
G0 F9000 X147.873 Y139.45
G0 X148.965 Y141.09
G0 X149.191 Y141.09
G1 F3000 X143.276 Y142.675 E606.4292
G0 F9000 X143.505 Y142.648
G0 X143.153 Y141.624
G0 X142.762 Y141.057
G0 X142.247 Y140.6
G0 X141.637 Y140.28
G0 X140.968 Y140.116
G0 X140.282 Y140.116
G0 X139.613 Y140.28
G0 X139.003 Y140.6
G0 X138.488 Y141.057
G0 X138.097 Y141.624
G0 X137.853 Y142.267
G0 X137.715 Y144.103
G0 X137.945 Y144.103
G1 F3000 X136.212 Y144.568 E606.48887
G0 F9000 X136.212 Y144.34
G0 X137.481 Y144.34
G0 X137.481 Y144.568
G1 F3000 X132.094 Y139.181 E606.74226
G0 F9000 X132.094 Y139.41
G0 X133.138 Y139.41
G0 X133.138 Y139.18
G1 F3000 X124.378 Y141.527 E607.0439
G0 F9000 X124.57 Y141.396
G0 X123.829 Y140.68
G0 X122.827 Y140.142
G0 X122.773 Y140.364
G1 F3000 X123.09 Y139.179 E607.0847
G0 F9000 X123.609 Y139.181
G1 F3000 X128.996 Y144.568 E607.33808
G0 F9000 X128.996 Y144.34
G0 X127.858 Y144.34
G0 X127.858 Y144.568
G1 F3000 X129.302 Y139.179 E607.52365
G0 F9000 X129.302 Y139.41
G0 X135.513 Y139.41
G0 X135.513 Y139.18
G1 F3000 X134.069 Y144.568 E607.70918
G1 F2700 E602.70918
G0 F9000 X134.069 Y144.34
G0 X123.252 Y139.338
G0 X97.037 Y139.338
G0 X92.855 Y127.762
G0 X86.035 Y92.873
G0 X85.804 Y92.873
G1 F2700 E607.70918
G1 F3000 X86.34 Y90.873 E607.77804
G0 F9000 X86.715 Y91.248
G1 F2700 E602.77804
;MESH:NONMESH
G0 F300 X86.715 Y91.248 Z1.6
G0 F9000 X92.691 Y127.093
G0 X92.855 Y127.762
G0 X97.037 Y139.338
G0 X102.017 Y139.34
G0 X117.5 Y144.34
G0 X117.5 Y144.648
;TIME_ELAPSED:1025.056424
;LAYER:7
;TYPE:WALL-INNER
;MESH:Battery_holder.stl
G1 F2700 E607.77804
G1 F1500 X119.524 Y144.648 E607.84536
G1 X119.528 Y142.878 E607.90423
G1 X119.599 Y142.314 E607.92314
G1 X119.816 Y141.744 E607.94342
G1 X120.173 Y141.221 E607.96449
G1 X120.646 Y140.8 E607.98555
G1 X121.206 Y140.513 E608.00648
G1 X121.813 Y140.364 E608.02726
G1 X122.446 Y140.364 E608.04832
G1 X123.044 Y140.513 E608.06882
G1 X123.606 Y140.803 E608.08985
G1 X124.069 Y141.219 E608.11055
G1 X124.431 Y141.742 E608.13171
G1 X124.649 Y142.314 E608.15207
G1 X124.72 Y142.878 E608.17097
G1 X124.724 Y144.648 E608.22984
G1 X138.024 Y144.648 E608.6722
G1 X138.028 Y142.878 E608.73107
G1 X138.099 Y142.314 E608.74998
G1 X138.316 Y141.744 E608.77027
G1 X138.673 Y141.221 E608.79133
G1 X139.146 Y140.8 E608.81239
G1 X139.706 Y140.513 E608.83332
G1 X140.313 Y140.364 E608.85411
G1 X140.946 Y140.364 E608.87516
G1 X141.544 Y140.513 E608.89566
G1 X142.106 Y140.803 E608.91669
G1 X142.569 Y141.219 E608.93739
G1 X142.931 Y141.742 E608.95855
G1 X143.149 Y142.314 E608.97891
G1 X143.22 Y142.878 E608.99782
G1 X143.224 Y144.648 E609.05669
G1 X147.527 Y144.648 E609.19981
G1 X147.942 Y144.603 E609.21369
G1 X148.3 Y144.476 E609.22632
G1 X148.622 Y144.272 E609.239
G1 X148.9 Y143.994 E609.25208
G1 X149.1 Y143.677 E609.26454
G1 X149.226 Y143.317 E609.27723
G1 X149.272 Y142.903 E609.29109
G1 X149.272 Y140.845 E609.35953
G1 X149.226 Y140.431 E609.37339
G1 X149.099 Y140.07 E609.38612
G1 X148.899 Y139.748 E609.39872
G1 X148.624 Y139.473 E609.41166
G1 X148.302 Y139.273 E609.42427
G1 X147.941 Y139.146 E609.437
G1 X147.527 Y139.1 E609.45085
G1 X97.765 Y139.1 E611.10594
G1 X97.494 Y138.967 E611.11598
G1 X97.346 Y138.791 E611.12363
G1 X97.273 Y138.589 E611.13077
G1 X97.272 Y129.348 E611.43813
G1 X95.454 Y129.344 E611.4986
G1 X94.892 Y129.275 E611.51743
G1 X94.308 Y129.045 E611.53831
G1 X93.801 Y128.696 E611.55878
G1 X93.379 Y128.23 E611.57969
G1 X93.085 Y127.668 E611.60078
G1 X92.94 Y127.058 E611.62164
G1 X92.94 Y126.429 E611.64256
G1 X93.086 Y125.825 E611.66323
G1 X93.384 Y125.268 E611.68424
G1 X93.8 Y124.804 E611.70496
G1 X94.308 Y124.451 E611.72554
G1 X94.892 Y124.221 E611.74641
G1 X95.454 Y124.152 E611.76525
G1 X97.272 Y124.148 E611.82571
G1 X97.272 Y110.848 E612.26807
G1 X95.454 Y110.844 E612.32854
G1 X94.892 Y110.775 E612.34737
G1 X94.308 Y110.545 E612.36825
G1 X93.801 Y110.196 E612.38872
G1 X93.379 Y109.73 E612.40963
G1 X93.085 Y109.168 E612.43073
G1 X92.94 Y108.558 E612.45158
G1 X92.94 Y107.929 E612.4725
G1 X93.086 Y107.325 E612.49317
G1 X93.384 Y106.768 E612.51418
G1 X93.8 Y106.304 E612.53491
G1 X94.308 Y105.951 E612.55548
G1 X94.892 Y105.721 E612.57636
G1 X95.454 Y105.652 E612.59519
G1 X97.272 Y105.648 E612.65566
G1 X97.273 Y96.464 E612.96112
G1 X97.306 Y96.3 E612.96668
G1 X97.409 Y96.118 E612.97364
G1 X97.603 Y95.963 E612.9819
G1 X97.792 Y95.9 E612.98852
G1 X147.525 Y95.9 E614.64265
G1 X147.939 Y95.851 E614.65652
G1 X148.302 Y95.724 E614.66931
G1 X148.624 Y95.523 E614.68193
G1 X148.9 Y95.247 E614.69491
G1 X149.099 Y94.929 E614.70739
G1 X149.227 Y94.566 E614.72019
G1 X149.272 Y94.155 E614.73394
G1 X149.272 Y92.093 E614.80253
G1 X149.227 Y91.682 E614.81628
G1 X149.099 Y91.319 E614.82908
G1 X148.9 Y91.001 E614.84156
G1 X148.622 Y90.724 E614.85461
G1 X148.302 Y90.521 E614.86721
G1 X147.942 Y90.397 E614.87988
G1 X147.525 Y90.348 E614.89384
G1 X143.224 Y90.348 E615.03689
G1 X143.22 Y92.118 E615.09577
G1 X143.149 Y92.683 E615.11471
G1 X142.931 Y93.254 E615.13503
G1 X142.569 Y93.777 E615.15619
G1 X142.107 Y94.192 E615.17684
G1 X141.544 Y94.487 E615.19798
G1 X140.934 Y94.632 E615.21884
G1 X140.305 Y94.632 E615.23976
G1 X139.703 Y94.487 E615.26035
G1 X139.144 Y94.194 E615.28135
G1 X138.673 Y93.775 E615.30231
G1 X138.316 Y93.252 E615.32337
G1 X138.099 Y92.683 E615.34363
G1 X138.028 Y92.118 E615.36257
G1 X138.024 Y90.348 E615.42144
G1 X124.724 Y90.348 E615.8638
G1 X124.72 Y92.118 E615.92267
G1 X124.649 Y92.683 E615.94161
G1 X124.431 Y93.254 E615.96194
G1 X124.069 Y93.777 E615.98309
G1 X123.607 Y94.192 E616.00375
G1 X123.044 Y94.487 E616.02489
G1 X122.434 Y94.632 E616.04574
G1 X121.805 Y94.632 E616.06666
G1 X121.203 Y94.487 E616.08726
G1 X120.644 Y94.194 E616.10825
G1 X120.173 Y93.775 E616.12922
G1 X119.816 Y93.252 E616.15028
G1 X119.599 Y92.683 E616.17053
G1 X119.528 Y92.118 E616.18947
G1 X119.524 Y90.348 E616.24834
G1 X106.224 Y90.348 E616.6907
G1 X106.22 Y92.118 E616.74957
G1 X106.149 Y92.683 E616.76851
G1 X105.931 Y93.254 E616.78884
G1 X105.569 Y93.777 E616.81
G1 X105.107 Y94.192 E616.83065
G1 X104.544 Y94.487 E616.85179
G1 X103.934 Y94.632 E616.87265
G1 X103.305 Y94.632 E616.89357
G1 X102.703 Y94.487 E616.91416
G1 X102.144 Y94.194 E616.93516
G1 X101.673 Y93.775 E616.95612
G1 X101.316 Y93.252 E616.97718
G1 X101.099 Y92.683 E616.99744
G1 X101.028 Y92.118 E617.01638
G1 X101.024 Y90.348 E617.07525
G1 X87.471 Y90.348 E617.52602
G1 X87.054 Y90.397 E617.53999
G1 X86.695 Y90.52 E617.55261
G1 X86.378 Y90.723 E617.56513
G1 X86.099 Y91.003 E617.57828
G1 X85.896 Y91.321 E617.59082
G1 X85.77 Y91.682 E617.60354
G1 X85.724 Y92.093 E617.6173
G1 X85.724 Y142.903 E619.30724
G1 X85.77 Y143.318 E619.32113
G1 X85.895 Y143.675 E619.33371
G1 X86.099 Y143.994 E619.34631
G1 X86.379 Y144.273 E619.35945
G1 X86.697 Y144.476 E619.372
G1 X87.054 Y144.602 E619.38459
G1 X87.469 Y144.648 E619.39848
G1 X101.024 Y144.648 E619.84932
G1 X101.028 Y142.878 E619.90819
G1 X101.099 Y142.314 E619.9271
G1 X101.316 Y141.744 E619.94739
G1 X101.673 Y141.221 E619.96845
G1 X102.146 Y140.8 E619.98951
G1 X102.706 Y140.513 E620.01044
G1 X103.313 Y140.364 E620.03123
G1 X103.946 Y140.364 E620.05228
G1 X104.544 Y140.513 E620.07278
G1 X105.106 Y140.803 E620.09381
G1 X105.569 Y141.219 E620.11451
G1 X105.931 Y141.742 E620.13567
G1 X106.149 Y142.314 E620.15603
G1 X106.22 Y142.878 E620.17493
G1 X106.224 Y144.648 E620.23381
G1 X117.5 Y144.648 E620.60885
G0 F9000 X117.5 Y145.048
;TYPE:WALL-OUTER
G1 F1500 X119.924 Y145.048 E620.68947
G1 X119.925 Y142.927 E620.76001
G1 X119.987 Y142.429 E620.77671
G1 X120.186 Y141.911 E620.79516
G1 X120.495 Y141.47 E620.81307
G1 X120.896 Y141.122 E620.83073
G1 X121.367 Y140.885 E620.84827
G1 X121.831 Y140.769 E620.86418
G1 X122.417 Y140.769 E620.88367
G1 X122.881 Y140.885 E620.89957
G1 X123.375 Y141.134 E620.91797
G1 X123.781 Y141.506 E620.93629
G1 X124.083 Y141.952 E620.9542
G1 X124.263 Y142.439 E620.97147
G1 X124.323 Y142.927 E620.98782
G1 X124.324 Y145.048 E621.05837
G1 X138.424 Y145.048 E621.52734
G1 X138.425 Y142.927 E621.59788
G1 X138.487 Y142.429 E621.61457
G1 X138.686 Y141.911 E621.63303
G1 X138.995 Y141.47 E621.65094
G1 X139.396 Y141.122 E621.6686
G1 X139.867 Y140.885 E621.68614
G1 X140.331 Y140.769 E621.70204
G1 X140.917 Y140.769 E621.72153
G1 X141.381 Y140.885 E621.73744
G1 X141.875 Y141.134 E621.75584
G1 X142.281 Y141.506 E621.77416
G1 X142.583 Y141.952 E621.79207
G1 X142.763 Y142.439 E621.80934
G1 X142.823 Y142.927 E621.82569
G1 X142.824 Y145.048 E621.89624
G1 X147.549 Y145.048 E622.05339
G1 X148.031 Y144.995 E622.06952
G1 X148.476 Y144.838 E622.08522
G1 X148.874 Y144.586 E622.10088
G1 X149.214 Y144.246 E622.11688
G1 X149.462 Y143.852 E622.13236
G1 X149.619 Y143.407 E622.14806
G1 X149.672 Y142.925 E622.16418
G1 X149.672 Y140.823 E622.2341
G1 X149.619 Y140.341 E622.25022
G1 X149.462 Y139.896 E622.26592
G1 X149.214 Y139.498 E622.28152
G1 X148.874 Y139.158 E622.29751
G1 X148.476 Y138.91 E622.31311
G1 X148.031 Y138.753 E622.3288
G1 X147.549 Y138.7 E622.34493
G1 X97.825 Y138.695 E623.99876
G1 X97.746 Y138.656 E624.00169
G1 X97.675 Y138.538 E624.00627
G1 X97.672 Y128.948 E624.32523
G1 X95.503 Y128.947 E624.39737
G1 X94.968 Y128.875 E624.41533
G1 X94.502 Y128.695 E624.43194
G1 X94.064 Y128.395 E624.4496
G1 X93.698 Y127.977 E624.46808
G1 X93.457 Y127.503 E624.48576
G1 X93.343 Y127.027 E624.50204
G1 X93.345 Y126.457 E624.521
G1 X93.474 Y125.947 E624.5385
G1 X93.698 Y125.519 E624.55457
G1 X94.064 Y125.105 E624.57295
G1 X94.502 Y124.801 E624.59068
G1 X95.015 Y124.609 E624.6089
G1 X95.503 Y124.549 E624.62525
G1 X97.672 Y124.548 E624.69739
G1 X97.672 Y110.448 E625.16636
G1 X95.503 Y110.447 E625.2385
G1 X94.968 Y110.375 E625.25645
G1 X94.502 Y110.195 E625.27307
G1 X94.064 Y109.895 E625.29073
G1 X93.698 Y109.477 E625.30921
G1 X93.457 Y109.003 E625.32689
G1 X93.343 Y108.527 E625.34317
G1 X93.345 Y107.957 E625.36213
G1 X93.474 Y107.447 E625.37963
G1 X93.698 Y107.019 E625.39569
G1 X94.064 Y106.605 E625.41407
G1 X94.502 Y106.301 E625.43181
G1 X95.015 Y106.109 E625.45003
G1 X95.503 Y106.049 E625.46638
G1 X97.672 Y106.048 E625.53852
G1 X97.675 Y96.462 E625.85735
G1 X97.746 Y96.344 E625.86193
G1 X97.837 Y96.302 E625.86526
G1 X147.548 Y96.3 E627.51866
G1 X148.03 Y96.243 E627.5348
G1 X148.476 Y96.086 E627.55053
G1 X148.874 Y95.838 E627.56613
G1 X149.214 Y95.498 E627.58212
G1 X149.462 Y95.104 E627.5976
G1 X149.619 Y94.655 E627.61342
G1 X149.672 Y94.177 E627.62942
G1 X149.672 Y92.071 E627.69946
G1 X149.619 Y91.593 E627.71546
G1 X149.462 Y91.144 E627.73128
G1 X149.214 Y90.75 E627.74677
G1 X148.874 Y90.41 E627.76276
G1 X148.476 Y90.158 E627.77843
G1 X148.031 Y90.005 E627.79408
G1 X147.548 Y89.948 E627.81025
G1 X142.824 Y89.948 E627.96737
G1 X142.823 Y92.069 E628.03792
G1 X142.761 Y92.568 E628.05464
G1 X142.561 Y93.086 E628.07311
G1 X142.281 Y93.49 E628.08946
G1 X141.853 Y93.874 E628.10859
G1 X141.379 Y94.115 E628.12627
G1 X140.903 Y94.229 E628.14255
G1 X140.333 Y94.227 E628.16151
G1 X139.823 Y94.098 E628.17901
G1 X139.355 Y93.846 E628.19669
G1 X138.962 Y93.489 E628.21434
G1 X138.686 Y93.085 E628.23062
G1 X138.485 Y92.557 E628.24941
G1 X138.425 Y92.069 E628.26576
G1 X138.424 Y89.948 E628.33631
G1 X124.324 Y89.948 E628.80527
G1 X124.323 Y92.069 E628.87582
G1 X124.261 Y92.568 E628.89254
G1 X124.061 Y93.086 E628.91101
G1 X123.781 Y93.49 E628.92736
G1 X123.353 Y93.874 E628.94649
G1 X122.879 Y94.115 E628.96417
G1 X122.403 Y94.229 E628.98045
G1 X121.833 Y94.227 E628.99941
G1 X121.323 Y94.098 E629.01691
G1 X120.855 Y93.846 E629.03459
G1 X120.462 Y93.489 E629.05224
G1 X120.186 Y93.085 E629.06852
G1 X119.985 Y92.557 E629.08731
G1 X119.925 Y92.069 E629.10366
G1 X119.924 Y89.948 E629.17421
G1 X105.824 Y89.948 E629.64317
G1 X105.823 Y92.069 E629.71372
G1 X105.761 Y92.568 E629.73044
G1 X105.561 Y93.086 E629.74891
G1 X105.281 Y93.49 E629.76526
G1 X104.853 Y93.874 E629.78439
G1 X104.379 Y94.115 E629.80207
G1 X103.903 Y94.229 E629.81835
G1 X103.333 Y94.227 E629.83731
G1 X102.823 Y94.098 E629.85481
G1 X102.355 Y93.846 E629.87249
G1 X101.962 Y93.489 E629.89015
G1 X101.686 Y93.085 E629.90642
G1 X101.485 Y92.557 E629.92521
G1 X101.425 Y92.069 E629.94156
G1 X101.424 Y89.948 E630.01211
G1 X87.448 Y89.948 E630.47695
G1 X86.965 Y90.005 E630.49313
G1 X86.52 Y90.158 E630.50878
G1 X86.126 Y90.409 E630.52432
G1 X85.785 Y90.751 E630.54038
G1 X85.534 Y91.145 E630.55592
G1 X85.377 Y91.593 E630.57171
G1 X85.324 Y92.071 E630.5877
G1 X85.324 Y142.925 E632.27911
G1 X85.377 Y143.407 E632.29524
G1 X85.533 Y143.851 E632.31089
G1 X85.785 Y144.246 E632.32648
G1 X86.127 Y144.587 E632.34254
G1 X86.521 Y144.838 E632.35808
G1 X86.965 Y144.995 E632.37374
G1 X87.447 Y145.048 E632.38987
G1 X101.424 Y145.048 E632.85475
G1 X101.425 Y142.927 E632.92529
G1 X101.487 Y142.429 E632.94198
G1 X101.686 Y141.911 E632.96044
G1 X101.995 Y141.47 E632.97835
G1 X102.396 Y141.122 E632.99601
G1 X102.867 Y140.885 E633.01354
G1 X103.331 Y140.769 E633.02945
G1 X103.917 Y140.769 E633.04894
G1 X104.381 Y140.885 E633.06485
G1 X104.875 Y141.134 E633.08325
G1 X105.281 Y141.506 E633.10157
G1 X105.583 Y141.952 E633.11948
G1 X105.763 Y142.439 E633.13675
G1 X105.823 Y142.927 E633.1531
G1 X105.824 Y145.048 E633.22365
G1 X117.5 Y145.048 E633.61199
G0 F9000 X117.5 Y144.34
G0 X115.287 Y144.34
G0 X115.287 Y144.569
;TYPE:FILL
G1 F3000 X116.731 Y139.18 E633.79755
G0 F9000 X116.731 Y139.41
G0 X115.324 Y139.41
G0 X115.324 Y139.181
G1 F3000 X119.449 Y143.305 E633.99156
G0 F9000 X119.449 Y142.995
G1 F3000 X113.579 Y144.568 E634.19368
G0 F9000 X113.579 Y144.34
G0 X112.226 Y144.34
G0 X112.226 Y144.568
G1 F3000 X106.839 Y139.181 E634.44707
G0 F9000 X106.839 Y139.41
G0 X105.1 Y140.455
G0 X104.994 Y140.656
G1 F3000 X110.504 Y139.18 E634.6368
G1 X110.52 Y139.179
G1 X109.076 Y144.568 E634.82236
G0 F9000 X109.076 Y144.34
G0 X105.247 Y140.6
G0 X104.901 Y140.419
G0 X104.062 Y140.077
G0 X104.008 Y140.298
G1 F3000 X104.308 Y139.179 E634.86089
G0 F9000 X104.308 Y139.41
G0 X102.003 Y140.6
G0 X101.71 Y140.859
G0 X101.095 Y141.522
G0 X101.282 Y141.651
G1 F3000 X90.393 Y144.569 E635.23584
G1 X90.441 Y144.568
G1 X94.55 Y129.231 E635.76394
G0 F9000 X94.468 Y129.445
G0 X95.282 Y129.57
G0 X96.995 Y129.63
G0 X97.086 Y129.428
G1 F3000 X97.193 Y129.534 E635.76895
G0 F9000 X97.192 Y130.324
G1 F3000 X85.805 Y133.375 E636.16104
G0 F9000 X86.035 Y133.375
G0 X86.035 Y135.116
G0 X85.804 Y135.116
G1 F3000 X95.256 Y144.568 E636.60563
G0 F9000 X95.256 Y144.34
G0 X96.652 Y144.34
G0 X96.652 Y144.568
G1 F3000 X98.096 Y139.179 E636.7912
G0 F9000 X98.354 Y139.181
G1 F3000 X101.144 Y141.971 E636.92243
G0 F9000 X100.932 Y141.89
G0 X97.037 Y139.338
G0 X96.965 Y138.019
G0 X97.193 Y138.019
G1 F3000 X85.804 Y126.631 E637.45811
G0 F9000 X85.804 Y127.163
G1 F3000 X93.394 Y125.129 E637.71946
G0 F9000 X93.166 Y125.508
G1 F3000 X85.804 Y118.146 E638.06575
G0 F9000 X86.035 Y118.146
G0 X86.035 Y115.508
G0 X85.804 Y115.508
G1 F3000 X92.524 Y90.427 E638.92937
G0 F9000 X92.027 Y90.428
G1 F3000 X97.526 Y95.927 E639.18802
G0 F9000 X97.526 Y95.59
G0 X97.037 Y95.662
G0 X96.965 Y99.265
G0 X97.192 Y99.265
G1 F3000 X85.804 Y102.317 E639.58016
G0 F9000 X86.035 Y102.317
G0 X86.035 Y101.175
G0 X85.804 Y101.175
G1 F3000 X92.86 Y108.231 E639.91205
G0 F9000 X92.63 Y108.231
G0 X92.832 Y109.159
G0 X93.324 Y110.132
G0 X93.497 Y109.979
G1 F3000 X85.804 Y138.69 E640.90067
G0 F9000 X85.804 Y139.586
G1 F3000 X97.193 Y136.535 E641.29282
G0 F9000 X96.965 Y136.535
G0 X92.855 Y127.762
G0 X92.691 Y127.093
G0 X92.691 Y126.407
G0 X92.855 Y125.738
G0 X93.175 Y125.128
G0 X93.632 Y124.613
G0 X94.199 Y124.222
G0 X94.72 Y124.024
G0 X95.933 Y123.84
G0 X95.933 Y124.072
G1 F3000 X97.192 Y119.373 E641.45463
G0 F9000 X96.965 Y119.373
G0 X96.965 Y117.9
G0 X97.192 Y117.9
G1 F3000 X85.804 Y120.952 E641.84676
G0 F9000 X86.035 Y120.952
G0 X86.035 Y114.74
G0 X85.805 Y114.74
G1 F3000 X97.192 Y111.689 E642.23885
G0 F9000 X97.192 Y112.563
G1 F3000 X95.553 Y110.924 E642.31594
G0 F9000 X95.553 Y111.16
G0 X94.842 Y111.022
G0 X94.199 Y110.778
G0 X93.632 Y110.387
G0 X93.175 Y109.872
G0 X92.855 Y109.262
G0 X92.691 Y108.593
G0 X92.691 Y107.907
G0 X92.824 Y107.365
G0 X93.387 Y106.298
G0 X93.557 Y106.451
G1 F3000 X85.805 Y108.528 E642.58287
G0 F9000 X86.035 Y108.528
G0 X86.035 Y109.66
G0 X85.804 Y109.66
G1 F3000 X97.192 Y121.048 E643.11853
G0 F9000 X96.965 Y121.048
G0 X92.855 Y109.262
G0 X92.691 Y108.593
G0 X92.691 Y107.907
G0 X92.855 Y107.238
G0 X93.175 Y106.628
G0 X93.632 Y106.113
G0 X94.199 Y105.722
G0 X94.842 Y105.478
G0 X96.847 Y105.34
G0 X96.847 Y105.569
G1 F3000 X97.191 Y105.477 E643.13037
G0 F9000 X96.995 Y105.37
G0 X96.965 Y104.078
G0 X97.193 Y104.078
G1 F3000 X85.804 Y92.69 E643.66605
G0 F9000 X85.804 Y92.325
G1 F3000 X86.133 Y91.097 E643.70833
G0 F9000 X86.327 Y91.22
G0 X86.035 Y96.105
G0 X85.804 Y96.105
G1 F3000 X100.944 Y92.048 E644.22966
G0 F9000 X100.715 Y92.048
G0 X100.715 Y90.86
G0 X100.944 Y90.86
G1 F3000 X100.512 Y90.428 E644.24998
G0 F9000 X100.512 Y90.66
G0 X98.736 Y90.66
G0 X98.736 Y90.428
G1 F3000 X94.635 Y105.734 E644.77702
G0 F9000 X94.555 Y105.522
G0 X97.037 Y95.662
G0 X103.503 Y95.59
G0 X103.503 Y95.82
G1 F3000 X103.8 Y94.712 E644.81517
G0 F9000 X104.622 Y94.537
G1 F3000 X105.905 Y95.82 E644.87552
G0 F9000 X105.905 Y95.59
G0 X109.714 Y95.59
G0 X109.714 Y95.821
G1 F3000 X111.159 Y90.427 E645.06125
G0 F9000 X111.159 Y90.66
G0 X108.998 Y90.66
G0 X108.998 Y90.428
G1 F3000 X114.39 Y95.82 E645.31487
G0 F9000 X114.39 Y95.59
G0 X115.926 Y95.59
G0 X115.926 Y95.821
G1 F3000 X117.371 Y90.427 E645.5006
G1 X117.484 Y90.428
G1 X119.49 Y92.434 E645.59496
G0 F9000 X119.722 Y93.228
G1 F3000 X110.051 Y95.82 E645.92797
G0 F9000 X110.051 Y95.59
G0 X106.992 Y90.66
G0 X106.992 Y90.428
G1 F3000 X106.303 Y90.612 E645.95169
G0 F9000 X106.535 Y90.612
G0 X121.702 Y94.927
G0 X121.757 Y94.702
G1 F3000 X122.875 Y95.82 E646.00428
G0 F9000 X122.138 Y95.821
G1 F3000 X122.435 Y94.712 E646.04246
G0 F9000 X122.435 Y94.945
G0 X123.137 Y94.72
G0 X123.747 Y94.4
G0 X124.262 Y93.943
G0 X124.653 Y93.376
G0 X124.851 Y92.855
G0 X125.035 Y91.868
G0 X124.8 Y91.868
G1 F3000 X130.175 Y90.427 E646.22755
G0 F9000 X129.794 Y90.427
G1 F3000 X128.349 Y95.82 E646.41325
G0 F9000 X128.349 Y95.59
G0 X131.361 Y95.59
G0 X131.361 Y95.82
G1 F3000 X125.968 Y90.428 E646.66689
G0 F9000 X125.968 Y90.66
G0 X134.454 Y90.66
G0 X134.454 Y90.428
G1 F3000 X139.846 Y95.82 E646.92052
G0 F9000 X140.773 Y95.821
G1 F3000 X141.078 Y94.679 E646.95983
G0 F9000 X141.132 Y94.907
G0 X140.282 Y94.884
G0 X139.903 Y94.791
G0 X138.936 Y94.421
G0 X139.088 Y94.251
G1 F3000 X133.232 Y95.82 E647.16147
G0 F9000 X133.232 Y95.59
G0 X134.561 Y95.59
G0 X134.561 Y95.821
G1 F3000 X136.006 Y90.427 E647.3472
G0 F9000 X136.006 Y90.66
G0 X138.488 Y93.943
G0 X139.003 Y94.4
G0 X139.613 Y94.72
G0 X140.282 Y94.884
G0 X140.968 Y94.884
G0 X141.637 Y94.72
G0 X142.247 Y94.4
G0 X142.762 Y93.943
G0 X143.153 Y93.376
G0 X143.397 Y92.733
G0 X143.535 Y90.791
G0 X143.302 Y90.791
G1 F3000 X148.189 Y95.678 E647.57707
G0 F9000 X148.116 Y95.465
G0 X146.984 Y95.59
G0 X146.984 Y95.82
G1 F3000 X148.367 Y90.658 E647.75482
G0 F9000 X148.245 Y90.851
G0 X148.886 Y91.642
G0 X149.102 Y91.568
G1 F3000 X143.041 Y93.192 E647.96352
G1 F2700 E642.96352
G0 F9000 X143.256 Y93.274
G0 X143.17 Y95.65
G0 X97.037 Y95.662
G0 X92.855 Y107.238
G0 X92.691 Y107.907
G0 X92.691 Y127.093
G0 X92.855 Y127.762
G0 X97.037 Y139.338
G0 X141.578 Y139.41
G0 X141.578 Y139.179
G1 F2700 E647.96352
G1 F3000 X141.261 Y140.361 E648.00422
G0 F9000 X141.315 Y140.139
G0 X140.78 Y139.41
G0 X140.78 Y139.181
G1 F3000 X146.167 Y144.568 E648.25761
G1 X146.346 Y144.568
G1 X147.782 Y139.208 E648.44217
G0 F9000 X147.756 Y139.437
G0 X148.965 Y141.237
G0 X149.191 Y141.237
G1 F3000 X143.294 Y142.817 E648.64522
G0 F9000 X143.522 Y142.79
G0 X143.397 Y142.267
G0 X143.153 Y141.624
G0 X142.762 Y141.057
G0 X142.247 Y140.6
G0 X141.637 Y140.28
G0 X140.968 Y140.116
G0 X140.282 Y140.116
G0 X139.613 Y140.28
G0 X139.003 Y140.6
G0 X138.488 Y141.057
G0 X138.097 Y141.624
G0 X137.853 Y142.267
G0 X137.715 Y144.25
G0 X137.945 Y144.25
G1 F3000 X136.761 Y144.568 E648.686
G0 F9000 X137.682 Y144.568
G1 F3000 X132.295 Y139.181 E648.93939
G0 F9000 X132.295 Y139.41
G0 X133.687 Y139.41
G0 X133.687 Y139.18
G1 F3000 X124.464 Y141.651 E649.25696
G0 F9000 X124.655 Y141.521
G0 X124.262 Y141.057
G0 X123.747 Y140.6
G0 X122.689 Y140.108
G0 X122.635 Y140.329
G1 F3000 X122.943 Y139.179 E649.29656
G0 F9000 X123.809 Y139.181
G1 F3000 X129.197 Y144.568 E649.54997
G0 F9000 X129.197 Y144.34
G0 X127.711 Y144.34
G0 X127.711 Y144.568
G1 F3000 X129.155 Y139.179 E649.73553
G0 F9000 X129.155 Y139.41
G0 X135.366 Y139.41
G0 X135.366 Y139.18
G1 F3000 X133.922 Y144.568 E649.92106
G0 F9000 X133.922 Y144.04
;MESH:NONMESH
G0 F300 X133.922 Y144.04 Z1.8
G0 F9000 X123.137 Y140.28
G0 X122.468 Y140.116
G0 X121.782 Y140.116
G0 X121.113 Y140.28
G0 X120.503 Y140.6
G0 X120.085 Y140.97
G0 X117.5 Y144.34
G0 X117.5 Y144.648
;TIME_ELAPSED:1084.679901
;LAYER:8
;TYPE:WALL-INNER
;MESH:Battery_holder.stl
G1 F1500 X119.524 Y144.648 E649.98838
G1 X119.528 Y142.878 E650.04725
G1 X119.599 Y142.314 E650.06616
G1 X119.816 Y141.744 E650.08645
G1 X120.173 Y141.221 E650.10751
G1 X120.646 Y140.8 E650.12857
G1 X121.206 Y140.513 E650.1495
G1 X121.813 Y140.364 E650.17029
G1 X122.446 Y140.364 E650.19134
G1 X123.044 Y140.513 E650.21184
G1 X123.606 Y140.803 E650.23287
G1 X124.069 Y141.219 E650.25357
G1 X124.431 Y141.742 E650.27473
G1 X124.649 Y142.314 E650.29509
G1 X124.72 Y142.878 E650.31399
G1 X124.724 Y144.648 E650.37287
G1 X138.024 Y144.648 E650.81523
G1 X138.028 Y142.878 E650.8741
G1 X138.099 Y142.314 E650.893
G1 X138.316 Y141.744 E650.91329
G1 X138.673 Y141.221 E650.93435
G1 X139.146 Y140.8 E650.95541
G1 X139.706 Y140.513 E650.97634
G1 X140.313 Y140.364 E650.99713
G1 X140.946 Y140.364 E651.01818
G1 X141.544 Y140.513 E651.03868
G1 X142.106 Y140.803 E651.05971
G1 X142.569 Y141.219 E651.08042
G1 X142.931 Y141.742 E651.10157
G1 X143.149 Y142.314 E651.12193
G1 X143.22 Y142.878 E651.14084
G1 X143.224 Y144.648 E651.19971
G1 X147.527 Y144.648 E651.34283
G1 X147.942 Y144.603 E651.35671
G1 X148.3 Y144.476 E651.36934
G1 X148.622 Y144.272 E651.38202
G1 X148.9 Y143.994 E651.3951
G1 X149.1 Y143.677 E651.40757
G1 X149.226 Y143.317 E651.42025
G1 X149.272 Y142.903 E651.43411
G1 X149.272 Y140.845 E651.50256
G1 X149.226 Y140.431 E651.51641
G1 X149.099 Y140.07 E651.52914
G1 X148.899 Y139.748 E651.54175
G1 X148.624 Y139.473 E651.55468
G1 X148.302 Y139.273 E651.56729
G1 X147.941 Y139.146 E651.58002
G1 X147.527 Y139.1 E651.59387
G1 X97.765 Y139.1 E653.24896
G1 X97.494 Y138.967 E653.259
G1 X97.346 Y138.791 E653.26665
G1 X97.273 Y138.589 E653.27379
G1 X97.272 Y129.348 E653.58115
G1 X95.454 Y129.344 E653.64162
G1 X94.892 Y129.275 E653.66045
G1 X94.308 Y129.045 E653.68133
G1 X93.801 Y128.696 E653.7018
G1 X93.379 Y128.23 E653.72271
G1 X93.085 Y127.668 E653.7438
G1 X92.94 Y127.058 E653.76466
G1 X92.94 Y126.429 E653.78558
G1 X93.086 Y125.825 E653.80625
G1 X93.384 Y125.268 E653.82726
G1 X93.8 Y124.804 E653.84798
G1 X94.308 Y124.451 E653.86856
G1 X94.892 Y124.221 E653.88943
G1 X95.454 Y124.152 E653.90827
G1 X97.272 Y124.148 E653.96873
G1 X97.272 Y110.848 E654.41109
G1 X95.454 Y110.844 E654.47156
G1 X94.892 Y110.775 E654.49039
G1 X94.308 Y110.545 E654.51127
G1 X93.801 Y110.196 E654.53174
G1 X93.379 Y109.73 E654.55265
G1 X93.085 Y109.168 E654.57375
G1 X92.94 Y108.558 E654.5946
G1 X92.94 Y107.929 E654.61552
G1 X93.086 Y107.325 E654.63619
G1 X93.384 Y106.768 E654.6572
G1 X93.8 Y106.304 E654.67793
G1 X94.308 Y105.951 E654.6985
G1 X94.892 Y105.721 E654.71938
G1 X95.454 Y105.652 E654.73821
G1 X97.272 Y105.648 E654.79868
G1 X97.273 Y96.464 E655.10414
G1 X97.306 Y96.3 E655.1097
G1 X97.409 Y96.118 E655.11666
G1 X97.603 Y95.963 E655.12492
G1 X97.792 Y95.9 E655.13154
G1 X147.525 Y95.9 E656.78567
G1 X147.939 Y95.851 E656.79954
G1 X148.302 Y95.724 E656.81233
G1 X148.624 Y95.523 E656.82495
G1 X148.9 Y95.247 E656.83793
G1 X149.099 Y94.929 E656.85041
G1 X149.227 Y94.566 E656.86321
G1 X149.272 Y94.155 E656.87696
G1 X149.272 Y92.093 E656.94555
G1 X149.227 Y91.682 E656.9593
G1 X149.099 Y91.319 E656.9721
G1 X148.9 Y91.001 E656.98458
G1 X148.622 Y90.724 E656.99763
G1 X148.302 Y90.521 E657.01023
G1 X147.942 Y90.397 E657.0229
G1 X147.525 Y90.348 E657.03686
G1 X143.224 Y90.348 E657.17992
G1 X143.22 Y92.118 E657.23879
G1 X143.149 Y92.683 E657.25773
G1 X142.931 Y93.254 E657.27805
G1 X142.569 Y93.777 E657.29921
G1 X142.107 Y94.192 E657.31987
G1 X141.544 Y94.487 E657.34101
G1 X140.934 Y94.632 E657.36186
G1 X140.305 Y94.632 E657.38278
G1 X139.703 Y94.487 E657.40338
G1 X139.144 Y94.194 E657.42437
G1 X138.673 Y93.775 E657.44533
G1 X138.316 Y93.252 E657.4664
G1 X138.099 Y92.683 E657.48665
G1 X138.028 Y92.118 E657.50559
G1 X138.024 Y90.348 E657.56446
G1 X124.724 Y90.348 E658.00682
G1 X124.72 Y92.118 E658.06569
G1 X124.649 Y92.683 E658.08463
G1 X124.431 Y93.254 E658.10496
G1 X124.069 Y93.777 E658.12611
G1 X123.607 Y94.192 E658.14677
G1 X123.044 Y94.487 E658.16791
G1 X122.434 Y94.632 E658.18876
G1 X121.805 Y94.632 E658.20968
G1 X121.203 Y94.487 E658.23028
G1 X120.644 Y94.194 E658.25127
G1 X120.173 Y93.775 E658.27224
G1 X119.816 Y93.252 E658.2933
G1 X119.599 Y92.683 E658.31355
G1 X119.528 Y92.118 E658.33249
G1 X119.524 Y90.348 E658.39136
G1 X106.224 Y90.348 E658.83372
G1 X106.22 Y92.118 E658.8926
G1 X106.149 Y92.683 E658.91153
G1 X105.931 Y93.254 E658.93186
G1 X105.569 Y93.777 E658.95302
G1 X105.107 Y94.192 E658.97367
G1 X104.544 Y94.487 E658.99481
G1 X103.934 Y94.632 E659.01567
G1 X103.305 Y94.632 E659.03659
G1 X102.703 Y94.487 E659.05718
G1 X102.144 Y94.194 E659.07818
G1 X101.673 Y93.775 E659.09914
G1 X101.316 Y93.252 E659.1202
G1 X101.099 Y92.683 E659.14046
G1 X101.028 Y92.118 E659.1594
G1 X101.024 Y90.348 E659.21827
G1 X87.471 Y90.348 E659.66904
G1 X87.054 Y90.397 E659.68301
G1 X86.695 Y90.52 E659.69563
G1 X86.378 Y90.723 E659.70815
G1 X86.099 Y91.003 E659.7213
G1 X85.896 Y91.321 E659.73385
G1 X85.77 Y91.682 E659.74656
G1 X85.724 Y92.093 E659.76032
G1 X85.724 Y142.903 E661.45027
G1 X85.77 Y143.318 E661.46415
G1 X85.895 Y143.675 E661.47673
G1 X86.099 Y143.994 E661.48933
G1 X86.379 Y144.273 E661.50247
G1 X86.697 Y144.476 E661.51502
G1 X87.054 Y144.602 E661.52761
G1 X87.469 Y144.648 E661.5415
G1 X101.024 Y144.648 E661.99234
G1 X101.028 Y142.878 E662.05121
G1 X101.099 Y142.314 E662.07012
G1 X101.316 Y141.744 E662.09041
G1 X101.673 Y141.221 E662.11147
G1 X102.146 Y140.8 E662.13253
G1 X102.706 Y140.513 E662.15346
G1 X103.313 Y140.364 E662.17425
G1 X103.946 Y140.364 E662.1953
G1 X104.544 Y140.513 E662.2158
G1 X105.106 Y140.803 E662.23683
G1 X105.569 Y141.219 E662.25753
G1 X105.931 Y141.742 E662.27869
G1 X106.149 Y142.314 E662.29905
G1 X106.22 Y142.878 E662.31796
G1 X106.224 Y144.648 E662.37683
G1 X117.5 Y144.648 E662.75187
G0 F9000 X117.5 Y145.048
;TYPE:WALL-OUTER
G1 F1500 X119.924 Y145.048 E662.83249
G1 X119.925 Y142.927 E662.90303
G1 X119.987 Y142.429 E662.91973
G1 X120.186 Y141.911 E662.93818
G1 X120.495 Y141.47 E662.95609
G1 X120.896 Y141.122 E662.97375
G1 X121.367 Y140.885 E662.99129
G1 X121.831 Y140.769 E663.0072
G1 X122.417 Y140.769 E663.02669
G1 X122.881 Y140.885 E663.04259
G1 X123.375 Y141.134 E663.06099
G1 X123.781 Y141.506 E663.07931
G1 X124.083 Y141.952 E663.09722
G1 X124.263 Y142.439 E663.11449
G1 X124.323 Y142.927 E663.13085
G1 X124.324 Y145.048 E663.20139
G1 X138.424 Y145.048 E663.67036
G1 X138.425 Y142.927 E663.7409
G1 X138.487 Y142.429 E663.75759
G1 X138.686 Y141.911 E663.77605
G1 X138.995 Y141.47 E663.79396
G1 X139.396 Y141.122 E663.81162
G1 X139.867 Y140.885 E663.82916
G1 X140.331 Y140.769 E663.84506
G1 X140.917 Y140.769 E663.86456
G1 X141.381 Y140.885 E663.88046
G1 X141.875 Y141.134 E663.89886
G1 X142.281 Y141.506 E663.91718
G1 X142.583 Y141.952 E663.93509
G1 X142.763 Y142.439 E663.95236
G1 X142.823 Y142.927 E663.96871
G1 X142.824 Y145.048 E664.03926
G1 X147.549 Y145.048 E664.19641
G1 X148.031 Y144.995 E664.21254
G1 X148.476 Y144.838 E664.22824
G1 X148.874 Y144.586 E664.2439
G1 X149.214 Y144.246 E664.2599
G1 X149.462 Y143.852 E664.27538
G1 X149.619 Y143.407 E664.29108
G1 X149.672 Y142.925 E664.3072
G1 X149.672 Y140.823 E664.37712
G1 X149.619 Y140.341 E664.39324
G1 X149.462 Y139.896 E664.40894
G1 X149.214 Y139.498 E664.42454
G1 X148.874 Y139.158 E664.44053
G1 X148.476 Y138.91 E664.45613
G1 X148.031 Y138.753 E664.47182
G1 X147.549 Y138.7 E664.48795
G1 X97.825 Y138.695 E666.14178
G1 X97.746 Y138.656 E666.14471
G1 X97.675 Y138.538 E666.14929
G1 X97.672 Y128.948 E666.46825
G1 X95.503 Y128.947 E666.54039
G1 X94.968 Y128.875 E666.55835
G1 X94.502 Y128.695 E666.57496
G1 X94.064 Y128.395 E666.59262
G1 X93.698 Y127.977 E666.6111
G1 X93.457 Y127.503 E666.62879
G1 X93.343 Y127.027 E666.64506
G1 X93.345 Y126.457 E666.66402
G1 X93.474 Y125.947 E666.68152
G1 X93.698 Y125.519 E666.69759
G1 X94.064 Y125.105 E666.71597
G1 X94.502 Y124.801 E666.7337
G1 X95.015 Y124.609 E666.75192
G1 X95.503 Y124.549 E666.76827
G1 X97.672 Y124.548 E666.84041
G1 X97.672 Y110.448 E667.30938
G1 X95.503 Y110.447 E667.38152
G1 X94.968 Y110.375 E667.39948
G1 X94.502 Y110.195 E667.41609
G1 X94.064 Y109.895 E667.43375
G1 X93.698 Y109.477 E667.45223
G1 X93.457 Y109.003 E667.46991
G1 X93.343 Y108.527 E667.48619
G1 X93.345 Y107.957 E667.50515
G1 X93.474 Y107.447 E667.52265
G1 X93.698 Y107.019 E667.53872
G1 X94.064 Y106.605 E667.55709
G1 X94.502 Y106.301 E667.57483
G1 X95.015 Y106.109 E667.59305
G1 X95.503 Y106.049 E667.6094
G1 X97.672 Y106.048 E667.68154
G1 X97.675 Y96.462 E668.00037
G1 X97.746 Y96.344 E668.00495
G1 X97.837 Y96.302 E668.00829
G1 X147.548 Y96.3 E669.66168
G1 X148.03 Y96.243 E669.67782
G1 X148.476 Y96.086 E669.69355
G1 X148.874 Y95.838 E669.70915
G1 X149.214 Y95.498 E669.72514
G1 X149.462 Y95.104 E669.74062
G1 X149.619 Y94.655 E669.75644
G1 X149.672 Y94.177 E669.77244
G1 X149.672 Y92.071 E669.84249
G1 X149.619 Y91.593 E669.85848
G1 X149.462 Y91.144 E669.8743
G1 X149.214 Y90.75 E669.88979
G1 X148.874 Y90.41 E669.90578
G1 X148.476 Y90.158 E669.92145
G1 X148.031 Y90.005 E669.9371
G1 X147.548 Y89.948 E669.95327
G1 X142.824 Y89.948 E670.11039
G1 X142.823 Y92.069 E670.18094
G1 X142.761 Y92.568 E670.19766
G1 X142.561 Y93.086 E670.21613
G1 X142.281 Y93.49 E670.23248
G1 X141.853 Y93.874 E670.25161
G1 X141.379 Y94.115 E670.26929
G1 X140.903 Y94.229 E670.28557
G1 X140.333 Y94.227 E670.30453
G1 X139.823 Y94.098 E670.32203
G1 X139.355 Y93.846 E670.33971
G1 X138.962 Y93.489 E670.35737
G1 X138.686 Y93.085 E670.37364
G1 X138.485 Y92.557 E670.39243
G1 X138.425 Y92.069 E670.40878
G1 X138.424 Y89.948 E670.47933
G1 X124.324 Y89.948 E670.9483
G1 X124.323 Y92.069 E671.01884
G1 X124.261 Y92.568 E671.03556
G1 X124.061 Y93.086 E671.05403
G1 X123.781 Y93.49 E671.07038
G1 X123.353 Y93.874 E671.08951
G1 X122.879 Y94.115 E671.10719
G1 X122.403 Y94.229 E671.12347
G1 X121.833 Y94.227 E671.14243
G1 X121.323 Y94.098 E671.15993
G1 X120.855 Y93.846 E671.17761
G1 X120.462 Y93.489 E671.19527
G1 X120.186 Y93.085 E671.21154
G1 X119.985 Y92.557 E671.23033
G1 X119.925 Y92.069 E671.24668
G1 X119.924 Y89.948 E671.31723
G1 X105.824 Y89.948 E671.7862
G1 X105.823 Y92.069 E671.85674
G1 X105.761 Y92.568 E671.87346
G1 X105.561 Y93.086 E671.89193
G1 X105.281 Y93.49 E671.90828
G1 X104.853 Y93.874 E671.92741
G1 X104.379 Y94.115 E671.94509
G1 X103.903 Y94.229 E671.96137
G1 X103.333 Y94.227 E671.98033
G1 X102.823 Y94.098 E671.99783
G1 X102.355 Y93.846 E672.01551
G1 X101.962 Y93.489 E672.03317
G1 X101.686 Y93.085 E672.04944
G1 X101.485 Y92.557 E672.06823
G1 X101.425 Y92.069 E672.08458
G1 X101.424 Y89.948 E672.15513
G1 X87.448 Y89.948 E672.61997
G1 X86.965 Y90.005 E672.63615
G1 X86.52 Y90.158 E672.6518
G1 X86.126 Y90.409 E672.66734
G1 X85.785 Y90.751 E672.6834
G1 X85.534 Y91.145 E672.69894
G1 X85.377 Y91.593 E672.71473
G1 X85.324 Y92.071 E672.73072
G1 X85.324 Y142.925 E674.42213
G1 X85.377 Y143.407 E674.43826
G1 X85.533 Y143.851 E674.45391
G1 X85.785 Y144.246 E674.4695
G1 X86.127 Y144.587 E674.48556
G1 X86.521 Y144.838 E674.5011
G1 X86.965 Y144.995 E674.51676
G1 X87.447 Y145.048 E674.53289
G1 X101.424 Y145.048 E674.99777
G1 X101.425 Y142.927 E675.06831
G1 X101.487 Y142.429 E675.085
G1 X101.686 Y141.911 E675.10346
G1 X101.995 Y141.47 E675.12137
G1 X102.396 Y141.122 E675.13903
G1 X102.867 Y140.885 E675.15657
G1 X103.331 Y140.769 E675.17247
G1 X103.917 Y140.769 E675.19196
G1 X104.381 Y140.885 E675.20787
G1 X104.875 Y141.134 E675.22627
G1 X105.281 Y141.506 E675.24459
G1 X105.583 Y141.952 E675.2625
G1 X105.763 Y142.439 E675.27977
G1 X105.823 Y142.927 E675.29612
G1 X105.824 Y145.048 E675.36667
G1 X117.5 Y145.048 E675.75501
G0 F9000 X117.5 Y144.34
G0 X115.141 Y144.34
G0 X115.141 Y144.569
;TYPE:FILL
G1 F3000 X116.585 Y139.179 E675.94061
G0 F9000 X116.585 Y139.41
G0 X115.524 Y139.41
G0 X115.524 Y139.181
G1 F3000 X119.449 Y143.106 E676.12523
G1 X119.449 Y143.141
G1 X114.124 Y144.568 E676.30859
G0 F9000 X114.124 Y144.34
G0 X112.426 Y144.34
G0 X112.426 Y144.568
G1 F3000 X107.038 Y139.181 E676.562
G0 F9000 X107.038 Y139.41
G0 X105.323 Y140.586
G0 X105.172 Y140.755
G1 F3000 X111.048 Y139.18 E676.76433
G0 F9000 X110.374 Y139.179
G1 F3000 X108.93 Y144.568 E676.94989
G0 F9000 X108.93 Y144.34
G0 X105.762 Y141.057
G0 X105.247 Y140.6
G0 X104.753 Y140.341
G0 X103.866 Y140.055
G0 X103.866 Y140.285
G1 F3000 X104.162 Y139.18 E676.98794
G0 F9000 X104.162 Y139.41
G0 X102.003 Y140.6
G0 X101.585 Y140.97
G0 X100.989 Y141.738
G0 X101.201 Y141.819
G1 F3000 X90.939 Y144.568 E677.34129
G0 F9000 X90.295 Y144.568
G1 F3000 X94.418 Y129.18 E677.87115
G0 F9000 X94.336 Y129.394
G0 X96.965 Y130.47
G0 X97.192 Y130.47
G1 F3000 X85.804 Y133.521 E678.26328
G0 F9000 X86.035 Y133.521
G0 X86.035 Y134.917
G0 X85.804 Y134.917
G1 F3000 X95.455 Y144.568 E678.71723
G0 F9000 X95.455 Y144.34
G0 X96.506 Y144.34
G0 X96.506 Y144.569
G1 F3000 X97.95 Y139.179 E678.90282
G0 F9000 X98.553 Y139.181
G1 F3000 X101.199 Y141.827 E679.02728
G0 F9000 X100.987 Y141.746
G0 X97.037 Y139.338
G0 X96.965 Y137.82
G0 X97.193 Y137.82
G1 F3000 X85.804 Y126.431 E679.56299
G0 F9000 X85.805 Y127.309
G1 F3000 X93.273 Y125.308 E679.82014
G1 X93.236 Y125.379
G1 X85.804 Y117.946 E680.16974
G0 F9000 X86.035 Y117.946
G0 X86.035 Y114.963
G0 X85.804 Y114.963
G1 F3000 X92.378 Y90.428 E681.01456
G1 X92.227 Y90.428
G1 X97.658 Y95.859 E681.27002
G0 F9000 X97.658 Y95.59
G0 X97.037 Y95.662
G0 X96.965 Y99.411
G0 X97.192 Y99.411
G1 F3000 X85.805 Y102.462 E681.66211
G0 F9000 X86.035 Y102.462
G0 X86.035 Y100.976
G0 X85.804 Y100.976
G1 F3000 X92.86 Y108.032 E681.994
G0 F9000 X92.63 Y108.032
G0 X92.812 Y107.388
G0 X93.213 Y106.494
G0 X93.38 Y106.644
G1 F3000 X85.805 Y108.674 E682.25484
G0 F9000 X85.804 Y109.461
G1 F3000 X97.192 Y120.849 E682.7905
G0 F9000 X96.965 Y120.849
G0 X96.965 Y118.828
G0 X97.192 Y118.828
G1 F3000 X95.787 Y124.072 E682.97106
G0 F9000 X95.787 Y123.84
G0 X96.965 Y118.046
G0 X97.191 Y118.046
G1 F3000 X85.804 Y121.098 E683.36316
G0 F9000 X86.035 Y121.098
G0 X86.035 Y114.886
G0 X85.804 Y114.886
G1 F3000 X97.192 Y111.835 E683.75529
G0 F9000 X97.192 Y112.364
G1 F3000 X95.753 Y110.925 E683.82298
G0 F9000 X95.753 Y111.16
G0 X94.842 Y111.022
G0 X94.199 Y110.778
G0 X93.213 Y110.006
G0 X93.384 Y109.855
G1 F3000 X85.804 Y138.146 E684.79713
G0 F9000 X86.035 Y138.146
G0 X86.035 Y139.733
G0 X85.804 Y139.733
G1 F3000 X97.192 Y136.681 E685.18926
G0 F9000 X96.965 Y136.681
G0 X86.921 Y144.228
G0 X86.846 Y144.444
G1 F3000 X85.926 Y143.524 E685.23253
G1 F2700 E680.23253
G0 F9000 X86.146 Y143.449
G0 X103.282 Y140.116
G0 X122.552 Y140.074
G0 X122.498 Y140.295
G1 F2700 E685.23253
G1 F3000 X122.797 Y139.18 E685.27093
G0 F9000 X122.797 Y139.41
G0 X124.009 Y139.41
G0 X124.009 Y139.181
G1 F3000 X129.396 Y144.568 E685.52432
G0 F9000 X129.396 Y144.34
G0 X127.565 Y144.34
G0 X127.565 Y144.568
G1 F3000 X129.009 Y139.179 E685.70988
G0 F9000 X129.009 Y139.41
G0 X132.494 Y139.41
G0 X132.494 Y139.181
G1 F3000 X137.882 Y144.568 E685.96329
G1 X137.944 Y144.397
G1 X137.306 Y144.568 E685.98526
G0 F9000 X137.306 Y144.34
G0 X133.776 Y144.34
G0 X133.776 Y144.568
G1 F3000 X135.22 Y139.18 E686.17079
G0 F9000 X134.232 Y139.18
G1 F3000 X124.53 Y141.779 E686.50486
G0 F9000 X124.746 Y141.698
G0 X140.979 Y139.41
G0 X140.979 Y139.181
G1 F3000 X146.367 Y144.568 E686.75827
G1 X146.2 Y144.568
G1 X147.64 Y139.193 E686.94335
G0 F9000 X147.614 Y139.421
G0 X148.965 Y141.383
G0 X149.191 Y141.383
G1 F3000 X143.3 Y142.962 E687.1462
G0 F9000 X143.535 Y142.962
G0 X143.397 Y142.267
G0 X143.153 Y141.624
G0 X142.762 Y141.057
G0 X142.247 Y140.6
G0 X141.179 Y140.106
G0 X141.125 Y140.326
G1 F3000 X141.432 Y139.18 E687.18566
G1 F2700 E682.18566
G0 F9000 X141.432 Y139.41
G0 X97.037 Y139.338
G0 X92.855 Y127.762
G0 X92.691 Y127.093
G0 X92.691 Y107.907
G0 X92.855 Y107.238
G0 X97.037 Y95.662
G0 X140.626 Y95.59
G0 X140.626 Y95.821
G1 F2700 E687.18566
G1 F3000 X140.924 Y94.712 E687.22385
G0 F9000 X140.924 Y94.945
G0 X140.045 Y95.59
G0 X140.045 Y95.82
G1 F3000 X134.653 Y90.428 E687.47747
G0 F9000 X134.653 Y90.66
G0 X135.86 Y90.66
G0 X135.86 Y90.427
G1 F3000 X134.415 Y95.82 E687.66317
G0 F9000 X133.776 Y95.82
G1 F3000 X139.267 Y94.349 E687.85224
G0 F9000 X139.161 Y94.551
G0 X140.282 Y94.884
G0 X140.968 Y94.884
G0 X141.637 Y94.72
G0 X142.247 Y94.4
G0 X143.146 Y93.493
G0 X142.955 Y93.361
G1 F3000 X149.147 Y91.702 E688.06546
G0 F9000 X148.925 Y91.752
G0 X148.166 Y90.802
G0 X148.241 Y90.586
G1 F3000 X146.838 Y95.821 E688.24572
G0 F9000 X146.838 Y95.59
G0 X148.206 Y95.424
G0 X148.325 Y95.614
G1 F3000 X143.303 Y90.592 E688.48194
G0 F9000 X143.535 Y90.592
G0 X143.397 Y92.733
G0 X143.153 Y93.376
G0 X142.762 Y93.943
G0 X142.247 Y94.4
G0 X141.637 Y94.72
G0 X140.968 Y94.884
G0 X140.282 Y94.884
G0 X139.74 Y94.751
G0 X130.72 Y90.66
G0 X130.72 Y90.428
G1 F3000 X124.799 Y92.014 E688.68581
G0 F9000 X125.035 Y92.014
G0 X126.168 Y90.66
G0 X126.168 Y90.428
G1 F3000 X131.56 Y95.82 E688.93944
G0 F9000 X131.56 Y95.59
G0 X128.203 Y95.59
G0 X128.203 Y95.82
G1 F3000 X129.648 Y90.428 E689.1251
G0 F9000 X129.648 Y90.66
G0 X123.075 Y95.59
G0 X123.075 Y95.82
G1 F3000 X121.967 Y94.712 E689.17722
G0 F9000 X122.289 Y94.712
G1 F3000 X121.992 Y95.821 E689.2154
G0 F9000 X121.992 Y95.59
G0 X120.188 Y94.108
G0 X119.599 Y93.486
G0 X119.79 Y93.356
G1 F3000 X110.595 Y95.82 E689.53202
G0 F9000 X110.595 Y95.59
G0 X109.568 Y95.59
G0 X109.568 Y95.82
G1 F3000 X111.013 Y90.428 E689.71769
G0 F9000 X111.013 Y90.66
G0 X109.198 Y90.66
G0 X109.198 Y90.428
G1 F3000 X114.589 Y95.82 E689.97129
G0 F9000 X114.589 Y95.59
G0 X115.78 Y95.59
G0 X115.78 Y95.821
G1 F3000 X117.225 Y90.427 E690.15702
G0 F9000 X117.683 Y90.428
G1 F3000 X119.464 Y92.209 E690.24079
G0 F9000 X119.231 Y92.237
G0 X107.537 Y90.66
G0 X107.537 Y90.428
G1 F3000 X106.303 Y90.758 E690.28328
G0 F9000 X106.535 Y90.758
G0 X106.397 Y92.733
G0 X106.153 Y93.376
G0 X105.762 Y93.943
G0 X104.858 Y94.672
G0 X104.753 Y94.469
G1 F3000 X106.104 Y95.82 E690.34682
G0 F9000 X106.104 Y95.59
G0 X103.654 Y94.945
G0 X103.654 Y94.712
G1 F3000 X103.357 Y95.821 E690.38501
G0 F9000 X103.357 Y95.59
G0 X101.488 Y93.943
G0 X101.097 Y93.376
G0 X100.729 Y92.218
G0 X100.961 Y92.19
G1 F3000 X85.804 Y96.251 E690.90691
G0 F9000 X86.035 Y96.251
G0 X86.035 Y92.49
G0 X85.804 Y92.49
G1 F3000 X97.193 Y103.879 E691.44262
G0 F9000 X96.965 Y103.879
G0 X94.392 Y105.584
G0 X94.472 Y105.796
G1 F3000 X98.59 Y90.428 E691.97179
G0 F9000 X98.59 Y90.66
G0 X100.712 Y90.66
G0 X100.712 Y90.428
G1 F3000 X100.944 Y90.66 E691.9827
G0 F9000 X100.415 Y90.96
G1 F2700 E686.9827
;MESH:NONMESH
G0 F300 X100.415 Y90.96 Z2
G0 F9000 X97.037 Y95.662
G0 X92.855 Y107.238
G0 X92.691 Y107.907
G0 X92.691 Y127.093
G0 X92.855 Y127.762
G0 X97.037 Y139.338
G0 X102.385 Y139.341
G0 X117.5 Y144.34
G0 X117.5 Y144.648
;TIME_ELAPSED:1145.369052
;LAYER:9
;TYPE:WALL-INNER
;MESH:Battery_holder.stl
G1 F2700 E691.9827
G1 F1500 X119.524 Y144.648 E692.05002
G1 X119.528 Y142.878 E692.10889
G1 X119.599 Y142.314 E692.1278
G1 X119.816 Y141.744 E692.14809
G1 X120.173 Y141.221 E692.16915
G1 X120.646 Y140.8 E692.19021
G1 X121.206 Y140.513 E692.21114
G1 X121.813 Y140.364 E692.23193
G1 X122.446 Y140.364 E692.25298
G1 X123.044 Y140.513 E692.27348
G1 X123.606 Y140.803 E692.29451
G1 X124.069 Y141.219 E692.31521
G1 X124.431 Y141.742 E692.33637
G1 X124.649 Y142.314 E692.35673
G1 X124.72 Y142.878 E692.37564
G1 X124.724 Y144.648 E692.43451
G1 X138.024 Y144.648 E692.87687
G1 X138.028 Y142.878 E692.93574
G1 X138.099 Y142.314 E692.95464
G1 X138.316 Y141.744 E692.97493
G1 X138.673 Y141.221 E692.99599
G1 X139.146 Y140.8 E693.01705
G1 X139.706 Y140.513 E693.03798
G1 X140.313 Y140.364 E693.05877
G1 X140.946 Y140.364 E693.07982
G1 X141.544 Y140.513 E693.10032
G1 X142.106 Y140.803 E693.12135
G1 X142.569 Y141.219 E693.14206
G1 X142.931 Y141.742 E693.16321
G1 X143.149 Y142.314 E693.18357
G1 X143.22 Y142.878 E693.20248
G1 X143.224 Y144.648 E693.26135
G1 X147.527 Y144.648 E693.40447
G1 X147.942 Y144.603 E693.41835
G1 X148.3 Y144.476 E693.43099
G1 X148.622 Y144.272 E693.44366
G1 X148.9 Y143.994 E693.45674
G1 X149.1 Y143.677 E693.46921
G1 X149.226 Y143.317 E693.48189
G1 X149.272 Y142.903 E693.49575
G1 X149.272 Y140.845 E693.5642
G1 X149.226 Y140.431 E693.57805
G1 X149.099 Y140.07 E693.59078
G1 X148.899 Y139.748 E693.60339
G1 X148.624 Y139.473 E693.61632
G1 X148.302 Y139.273 E693.62893
G1 X147.941 Y139.146 E693.64166
G1 X147.527 Y139.1 E693.65551
G1 X97.765 Y139.1 E695.3106
G1 X97.494 Y138.967 E695.32064
G1 X97.346 Y138.791 E695.32829
G1 X97.273 Y138.589 E695.33544
G1 X97.272 Y129.348 E695.64279
G1 X95.454 Y129.344 E695.70326
G1 X94.892 Y129.275 E695.72209
G1 X94.308 Y129.045 E695.74297
G1 X93.801 Y128.696 E695.76344
G1 X93.379 Y128.23 E695.78435
G1 X93.085 Y127.668 E695.80544
G1 X92.94 Y127.058 E695.8263
G1 X92.94 Y126.429 E695.84722
G1 X93.086 Y125.825 E695.86789
G1 X93.384 Y125.268 E695.8889
G1 X93.8 Y124.804 E695.90962
G1 X94.308 Y124.451 E695.9302
G1 X94.892 Y124.221 E695.95108
G1 X95.454 Y124.152 E695.96991
G1 X97.272 Y124.148 E696.03038
G1 X97.272 Y110.848 E696.47274
G1 X95.454 Y110.844 E696.5332
G1 X94.892 Y110.775 E696.55203
G1 X94.308 Y110.545 E696.57291
G1 X93.801 Y110.196 E696.59338
G1 X93.379 Y109.73 E696.61429
G1 X93.085 Y109.168 E696.63539
G1 X92.94 Y108.558 E696.65624
G1 X92.94 Y107.929 E696.67716
G1 X93.086 Y107.325 E696.69783
G1 X93.384 Y106.768 E696.71884
G1 X93.8 Y106.304 E696.73957
G1 X94.308 Y105.951 E696.76014
G1 X94.892 Y105.721 E696.78102
G1 X95.454 Y105.652 E696.79985
G1 X97.272 Y105.648 E696.86032
G1 X97.273 Y96.464 E697.16578
G1 X97.306 Y96.3 E697.17134
G1 X97.409 Y96.118 E697.1783
G1 X97.603 Y95.963 E697.18656
G1 X97.792 Y95.9 E697.19318
G1 X147.525 Y95.9 E698.84731
G1 X147.939 Y95.851 E698.86118
G1 X148.302 Y95.724 E698.87397
G1 X148.624 Y95.523 E698.88659
G1 X148.9 Y95.247 E698.89957
G1 X149.099 Y94.929 E698.91205
G1 X149.227 Y94.566 E698.92485
G1 X149.272 Y94.155 E698.93861
G1 X149.272 Y92.093 E699.00719
G1 X149.227 Y91.682 E699.02094
G1 X149.099 Y91.319 E699.03374
G1 X148.9 Y91.001 E699.04622
G1 X148.622 Y90.724 E699.05927
G1 X148.302 Y90.521 E699.07188
G1 X147.942 Y90.397 E699.08454
G1 X147.525 Y90.348 E699.0985
G1 X143.224 Y90.348 E699.24156
G1 X143.22 Y92.118 E699.30043
G1 X143.149 Y92.683 E699.31937
G1 X142.931 Y93.254 E699.3397
G1 X142.569 Y93.777 E699.36085
G1 X142.107 Y94.192 E699.38151
G1 X141.544 Y94.487 E699.40265
G1 X140.934 Y94.632 E699.4235
G1 X140.305 Y94.632 E699.44442
G1 X139.703 Y94.487 E699.46502
G1 X139.144 Y94.194 E699.48601
G1 X138.673 Y93.775 E699.50697
G1 X138.316 Y93.252 E699.52804
G1 X138.099 Y92.683 E699.54829
G1 X138.028 Y92.118 E699.56723
G1 X138.024 Y90.348 E699.6261
G1 X124.724 Y90.348 E700.06846
G1 X124.72 Y92.118 E700.12733
G1 X124.649 Y92.683 E700.14627
G1 X124.431 Y93.254 E700.1666
G1 X124.069 Y93.777 E700.18776
G1 X123.607 Y94.192 E700.20841
G1 X123.044 Y94.487 E700.22955
G1 X122.434 Y94.632 E700.2504
G1 X121.805 Y94.632 E700.27133
G1 X121.203 Y94.487 E700.29192
G1 X120.644 Y94.194 E700.31291
G1 X120.173 Y93.775 E700.33388
G1 X119.816 Y93.252 E700.35494
G1 X119.599 Y92.683 E700.3752
G1 X119.528 Y92.118 E700.39414
G1 X119.524 Y90.348 E700.45301
G1 X106.224 Y90.348 E700.89537
G1 X106.22 Y92.118 E700.95424
G1 X106.149 Y92.683 E700.97318
G1 X105.931 Y93.254 E700.9935
G1 X105.569 Y93.777 E701.01466
G1 X105.107 Y94.192 E701.03532
G1 X104.544 Y94.487 E701.05646
G1 X103.934 Y94.632 E701.07731
G1 X103.305 Y94.632 E701.09823
G1 X102.703 Y94.487 E701.11883
G1 X102.144 Y94.194 E701.13982
G1 X101.673 Y93.775 E701.16078
G1 X101.316 Y93.252 E701.18185
G1 X101.099 Y92.683 E701.2021
G1 X101.028 Y92.118 E701.22104
G1 X101.024 Y90.348 E701.27991
G1 X87.471 Y90.348 E701.73068
G1 X87.054 Y90.397 E701.74465
G1 X86.695 Y90.52 E701.75727
G1 X86.378 Y90.723 E701.76979
G1 X86.099 Y91.003 E701.78294
G1 X85.896 Y91.321 E701.79549
G1 X85.77 Y91.682 E701.8082
G1 X85.724 Y92.093 E701.82196
G1 X85.724 Y142.903 E703.51191
G1 X85.77 Y143.318 E703.52579
G1 X85.895 Y143.675 E703.53837
G1 X86.099 Y143.994 E703.55097
G1 X86.379 Y144.273 E703.56412
G1 X86.697 Y144.476 E703.57666
G1 X87.054 Y144.602 E703.58926
G1 X87.469 Y144.648 E703.60314
G1 X101.024 Y144.648 E704.05398
G1 X101.028 Y142.878 E704.11285
G1 X101.099 Y142.314 E704.13176
G1 X101.316 Y141.744 E704.15205
G1 X101.673 Y141.221 E704.17311
G1 X102.146 Y140.8 E704.19417
G1 X102.706 Y140.513 E704.2151
G1 X103.313 Y140.364 E704.23589
G1 X103.946 Y140.364 E704.25694
G1 X104.544 Y140.513 E704.27744
G1 X105.106 Y140.803 E704.29847
G1 X105.569 Y141.219 E704.31917
G1 X105.931 Y141.742 E704.34033
G1 X106.149 Y142.314 E704.36069
G1 X106.22 Y142.878 E704.3796
G1 X106.224 Y144.648 E704.43847
G1 X117.5 Y144.648 E704.81351
G0 F9000 X117.5 Y145.048
;TYPE:WALL-OUTER
G1 F1500 X119.924 Y145.048 E704.89413
G1 X119.925 Y142.927 E704.96468
G1 X119.987 Y142.429 E704.98137
G1 X120.186 Y141.911 E704.99982
G1 X120.495 Y141.47 E705.01773
G1 X120.896 Y141.122 E705.03539
G1 X121.367 Y140.885 E705.05293
G1 X121.831 Y140.769 E705.06884
G1 X122.417 Y140.769 E705.08833
G1 X122.881 Y140.885 E705.10424
G1 X123.375 Y141.134 E705.12264
G1 X123.781 Y141.506 E705.14095
G1 X124.083 Y141.952 E705.15886
G1 X124.263 Y142.439 E705.17613
G1 X124.323 Y142.927 E705.19249
G1 X124.324 Y145.048 E705.26303
G1 X138.424 Y145.048 E705.732
G1 X138.425 Y142.927 E705.80254
G1 X138.487 Y142.429 E705.81924
G1 X138.686 Y141.911 E705.83769
G1 X138.995 Y141.47 E705.8556
G1 X139.396 Y141.122 E705.87326
G1 X139.867 Y140.885 E705.8908
G1 X140.331 Y140.769 E705.90671
G1 X140.917 Y140.769 E705.9262
G1 X141.381 Y140.885 E705.9421
G1 X141.875 Y141.134 E705.9605
G1 X142.281 Y141.506 E705.97882
G1 X142.583 Y141.952 E705.99673
G1 X142.763 Y142.439 E706.014
G1 X142.823 Y142.927 E706.03036
G1 X142.824 Y145.048 E706.1009
G1 X147.549 Y145.048 E706.25805
G1 X148.031 Y144.995 E706.27418
G1 X148.476 Y144.838 E706.28988
G1 X148.874 Y144.586 E706.30554
G1 X149.214 Y144.246 E706.32154
G1 X149.462 Y143.852 E706.33702
G1 X149.619 Y143.407 E706.35272
G1 X149.672 Y142.925 E706.36884
G1 X149.672 Y140.823 E706.43876
G1 X149.619 Y140.341 E706.45489
G1 X149.462 Y139.896 E706.47058
G1 X149.214 Y139.498 E706.48618
G1 X148.874 Y139.158 E706.50217
G1 X148.476 Y138.91 E706.51777
G1 X148.031 Y138.753 E706.53346
G1 X147.549 Y138.7 E706.54959
G1 X97.825 Y138.695 E708.20342
G1 X97.746 Y138.656 E708.20635
G1 X97.675 Y138.538 E708.21093
G1 X97.672 Y128.948 E708.52989
G1 X95.503 Y128.947 E708.60203
G1 X94.968 Y128.875 E708.61999
G1 X94.502 Y128.695 E708.6366
G1 X94.064 Y128.395 E708.65426
G1 X93.698 Y127.977 E708.67274
G1 X93.457 Y127.503 E708.69043
G1 X93.343 Y127.027 E708.70671
G1 X93.345 Y126.457 E708.72566
G1 X93.474 Y125.947 E708.74316
G1 X93.698 Y125.519 E708.75923
G1 X94.064 Y125.105 E708.77761
G1 X94.502 Y124.801 E708.79534
G1 X95.015 Y124.609 E708.81356
G1 X95.503 Y124.549 E708.82991
G1 X97.672 Y124.548 E708.90205
G1 X97.672 Y110.448 E709.37102
G1 X95.503 Y110.447 E709.44316
G1 X94.968 Y110.375 E709.46112
G1 X94.502 Y110.195 E709.47773
G1 X94.064 Y109.895 E709.49539
G1 X93.698 Y109.477 E709.51387
G1 X93.457 Y109.003 E709.53155
G1 X93.343 Y108.527 E709.54783
G1 X93.345 Y107.957 E709.56679
G1 X93.474 Y107.447 E709.58429
G1 X93.698 Y107.019 E709.60036
G1 X94.064 Y106.605 E709.61874
G1 X94.502 Y106.301 E709.63647
G1 X95.015 Y106.109 E709.65469
G1 X95.503 Y106.049 E709.67104
G1 X97.672 Y106.048 E709.74318
G1 X97.675 Y96.462 E710.06201
G1 X97.746 Y96.344 E710.06659
G1 X97.837 Y96.302 E710.06993
G1 X147.548 Y96.3 E711.72332
G1 X148.03 Y96.243 E711.73946
G1 X148.476 Y96.086 E711.75519
G1 X148.874 Y95.838 E711.77079
G1 X149.214 Y95.498 E711.78678
G1 X149.462 Y95.104 E711.80226
G1 X149.619 Y94.655 E711.81808
G1 X149.672 Y94.177 E711.83408
G1 X149.672 Y92.071 E711.90413
G1 X149.619 Y91.593 E711.92012
G1 X149.462 Y91.144 E711.93594
G1 X149.214 Y90.75 E711.95143
G1 X148.874 Y90.41 E711.96742
G1 X148.476 Y90.158 E711.98309
G1 X148.031 Y90.005 E711.99874
G1 X147.548 Y89.948 E712.01491
G1 X142.824 Y89.948 E712.17204
G1 X142.823 Y92.069 E712.24258
G1 X142.761 Y92.568 E712.2593
G1 X142.561 Y93.086 E712.27777
G1 X142.281 Y93.49 E712.29412
G1 X141.853 Y93.874 E712.31325
G1 X141.379 Y94.115 E712.33093
G1 X140.903 Y94.229 E712.34721
G1 X140.333 Y94.227 E712.36617
G1 X139.823 Y94.098 E712.38367
G1 X139.355 Y93.846 E712.40135
G1 X138.962 Y93.489 E712.41901
G1 X138.686 Y93.085 E712.43528
G1 X138.485 Y92.557 E712.45407
G1 X138.425 Y92.069 E712.47042
G1 X138.424 Y89.948 E712.54097
G1 X124.324 Y89.948 E713.00994
G1 X124.323 Y92.069 E713.08048
G1 X124.261 Y92.568 E713.09721
G1 X124.061 Y93.086 E713.11567
G1 X123.781 Y93.49 E713.13202
G1 X123.353 Y93.874 E713.15115
G1 X122.879 Y94.115 E713.16883
G1 X122.403 Y94.229 E713.18511
G1 X121.833 Y94.227 E713.20407
G1 X121.323 Y94.098 E713.22157
G1 X120.855 Y93.846 E713.23925
G1 X120.462 Y93.489 E713.25691
G1 X120.186 Y93.085 E713.27318
G1 X119.985 Y92.557 E713.29197
G1 X119.925 Y92.069 E713.30832
G1 X119.924 Y89.948 E713.37887
G1 X105.824 Y89.948 E713.84784
G1 X105.823 Y92.069 E713.91838
G1 X105.761 Y92.568 E713.93511
G1 X105.561 Y93.086 E713.95357
G1 X105.281 Y93.49 E713.96992
G1 X104.853 Y93.874 E713.98905
G1 X104.379 Y94.115 E714.00673
G1 X103.903 Y94.229 E714.02301
G1 X103.333 Y94.227 E714.04197
G1 X102.823 Y94.098 E714.05947
G1 X102.355 Y93.846 E714.07715
G1 X101.962 Y93.489 E714.09481
G1 X101.686 Y93.085 E714.11108
G1 X101.485 Y92.557 E714.12987
G1 X101.425 Y92.069 E714.14622
G1 X101.424 Y89.948 E714.21677
G1 X87.448 Y89.948 E714.68161
G1 X86.965 Y90.005 E714.69779
G1 X86.52 Y90.158 E714.71344
G1 X86.126 Y90.409 E714.72898
G1 X85.785 Y90.751 E714.74504
G1 X85.534 Y91.145 E714.76058
G1 X85.377 Y91.593 E714.77637
G1 X85.324 Y92.071 E714.79236
G1 X85.324 Y142.925 E716.48377
G1 X85.377 Y143.407 E716.4999
G1 X85.533 Y143.851 E716.51555
G1 X85.785 Y144.246 E716.53114
G1 X86.127 Y144.587 E716.5472
G1 X86.521 Y144.838 E716.56274
G1 X86.965 Y144.995 E716.5784
G1 X87.447 Y145.048 E716.59453
G1 X101.424 Y145.048 E717.05941
G1 X101.425 Y142.927 E717.12995
G1 X101.487 Y142.429 E717.14664
G1 X101.686 Y141.911 E717.1651
G1 X101.995 Y141.47 E717.18301
G1 X102.396 Y141.122 E717.20067
G1 X102.867 Y140.885 E717.21821
G1 X103.331 Y140.769 E717.23411
G1 X103.917 Y140.769 E717.2536
G1 X104.381 Y140.885 E717.26951
G1 X104.875 Y141.134 E717.28791
G1 X105.281 Y141.506 E717.30623
G1 X105.583 Y141.952 E717.32414
G1 X105.763 Y142.439 E717.34141
G1 X105.823 Y142.927 E717.35776
G1 X105.824 Y145.048 E717.42831
G1 X117.5 Y145.048 E717.81665
G0 F9000 X117.5 Y144.34
G0 X114.994 Y144.34
G0 X114.994 Y144.569
;TYPE:FILL
G1 F3000 X116.438 Y139.179 E718.00225
G0 F9000 X115.724 Y139.181
G1 F3000 X119.45 Y142.906 E718.17748
G0 F9000 X119.448 Y143.288
G1 F3000 X114.672 Y144.568 E718.34194
G0 F9000 X114.672 Y144.34
G0 X112.627 Y144.34
G0 X112.627 Y144.568
G1 F3000 X107.239 Y139.181 E718.59535
G0 F9000 X107.239 Y139.41
G0 X105.449 Y140.698
G0 X105.297 Y140.868
G1 F3000 X111.597 Y139.18 E718.81228
G0 F9000 X111.597 Y139.41
G0 X110.227 Y139.41
G0 X110.227 Y139.179
G1 F3000 X108.783 Y144.568 E718.99784
G0 F9000 X108.783 Y144.34
G0 X105.762 Y141.057
G0 X105.247 Y140.6
G0 X104.753 Y140.341
G0 X103.719 Y140.055
G0 X103.719 Y140.284
G1 F3000 X104.015 Y139.179 E719.03589
G0 F9000 X104.015 Y139.41
G0 X102.003 Y140.6
G0 X101.71 Y140.859
G0 X101.071 Y141.556
G0 X101.26 Y141.687
G1 F3000 X98.754 Y139.181 E719.15377
G0 F9000 X97.803 Y139.179
G1 F3000 X96.359 Y144.569 E719.33936
G0 F9000 X95.656 Y144.568
G1 F3000 X85.804 Y134.716 E719.80277
G0 F9000 X86.035 Y134.716
G0 X86.035 Y133.668
G0 X85.804 Y133.668
G1 F3000 X97.192 Y130.617 E720.19489
G0 F9000 X96.965 Y130.617
G0 X94.203 Y129.344
G0 X94.286 Y129.126
G1 F3000 X90.148 Y144.568 E720.72662
G0 F9000 X90.148 Y144.34
G0 X91.487 Y144.34
G0 X91.487 Y144.568
G1 F3000 X101.139 Y141.982 E721.05897
G0 F9000 X100.927 Y141.901
G0 X97.037 Y139.338
G0 X96.965 Y137.619
G0 X97.193 Y137.619
G1 F3000 X85.804 Y126.231 E721.59465
G0 F9000 X86.035 Y126.231
G0 X86.035 Y127.456
G0 X85.805 Y127.456
G1 F3000 X93.181 Y125.48 E721.84862
G0 F9000 X93.306 Y125.248
G1 F3000 X85.804 Y117.745 E722.20152
G0 F9000 X86.035 Y117.745
G0 X86.035 Y115.033
G0 X85.804 Y115.033
G1 F3000 X97.192 Y111.982 E722.59364
G1 X97.192 Y112.163
G1 X95.954 Y110.925 E722.65187
G0 F9000 X95.954 Y111.16
G0 X94.842 Y111.022
G0 X94.199 Y110.778
G0 X93.74 Y110.461
G0 X93.076 Y109.814
G0 X93.277 Y109.709
G1 F3000 X85.804 Y137.597 E723.61216
G0 F9000 X86.035 Y137.597
G0 X86.035 Y139.88
G0 X85.804 Y139.88
G1 F3000 X97.192 Y136.828 E724.00429
G0 F9000 X96.965 Y136.828
G0 X87.159 Y144.303
G0 X87.133 Y144.531
G1 F3000 X85.841 Y143.238 E724.06509
G0 F9000 X86.072 Y143.213
G0 X92.855 Y125.738
G0 X93.175 Y125.128
G0 X93.632 Y124.613
G0 X94.199 Y124.222
G0 X94.72 Y124.024
G0 X95.639 Y123.84
G0 X95.639 Y124.073
G1 F3000 X97.192 Y118.279 E724.2646
G1 X97.191 Y118.193
G1 X85.804 Y121.245 E724.6567
G0 F9000 X86.035 Y121.245
G0 X86.035 Y114.414
G0 X85.804 Y114.414
G1 F3000 X92.231 Y90.427 E725.48265
G1 X92.427 Y90.428
G1 X97.82 Y95.82 E725.7363
G0 F9000 X97.82 Y95.59
G0 X97.037 Y95.662
G0 X96.965 Y99.558
G0 X97.192 Y99.558
G1 F3000 X85.805 Y102.609 E726.12839
G0 F9000 X86.035 Y102.609
G0 X86.035 Y100.775
G0 X85.804 Y100.775
G1 F3000 X92.878 Y107.849 E726.46113
G0 F9000 X92.656 Y107.795
G0 X93.062 Y106.714
G0 X93.266 Y106.822
G1 F3000 X85.805 Y108.821 E726.71803
G0 F9000 X85.804 Y109.26
G1 F3000 X97.192 Y120.648 E727.25369
G0 F9000 X96.965 Y120.648
G0 X92.855 Y109.262
G0 X92.691 Y108.593
G0 X92.691 Y107.907
G0 X92.855 Y107.238
G0 X93.175 Y106.628
G0 X93.434 Y106.335
G0 X94.228 Y105.646
G0 X94.308 Y105.859
G1 F3000 X98.443 Y90.428 E727.78504
G0 F9000 X98.443 Y90.66
G0 X100.746 Y92.36
G0 X100.977 Y92.332
G1 F3000 X85.804 Y96.398 E728.3075
G0 F9000 X86.035 Y96.398
G0 X86.035 Y92.289
G0 X85.804 Y92.289
G1 F3000 X97.193 Y103.678 E728.8432
G0 F9000 X96.965 Y103.678
G0 X97.037 Y95.662
G0 X103.21 Y95.59
G0 X103.21 Y95.821
G1 F3000 X103.507 Y94.712 E728.88139
G0 F9000 X103.507 Y94.945
G0 X104.99 Y94.603
G0 X104.885 Y94.4
G1 F3000 X106.305 Y95.82 E728.94818
G0 F9000 X106.305 Y95.59
G0 X109.421 Y95.59
G0 X109.421 Y95.821
G1 F3000 X110.866 Y90.428 E729.13388
G0 F9000 X110.866 Y90.66
G0 X109.399 Y90.66
G0 X109.399 Y90.428
G1 F3000 X114.79 Y95.82 E729.38748
G0 F9000 X115.633 Y95.821
G1 F3000 X117.078 Y90.427 E729.57321
G0 F9000 X117.884 Y90.428
G1 F3000 X119.444 Y91.988 E729.64659
G0 F9000 X119.215 Y91.988
G0 X119.327 Y92.591
G0 X119.685 Y93.61
G0 X119.875 Y93.48
G1 F3000 X111.144 Y95.82 E729.94723
G0 F9000 X111.144 Y95.59
G0 X108.085 Y90.66
G0 X108.085 Y90.428
G1 F3000 X106.303 Y90.905 E730.00859
G0 F9000 X106.535 Y90.905
G0 X110.668 Y91.987
G0 X122.142 Y94.945
G0 X122.142 Y94.712
G1 F3000 X121.845 Y95.821 E730.04677
G0 F9000 X121.845 Y95.59
G0 X122.168 Y94.945
G0 X122.168 Y94.712
G1 F3000 X123.276 Y95.82 E730.09889
G0 F9000 X123.276 Y95.59
G0 X124.653 Y93.376
G0 X125.024 Y92.19
G0 X124.796 Y92.162
G1 F3000 X131.268 Y90.428 E730.32174
G0 F9000 X131.268 Y90.66
G0 X129.501 Y90.66
G0 X129.501 Y90.428
G1 F3000 X128.056 Y95.82 E730.50741
G0 F9000 X128.056 Y95.59
G0 X131.761 Y95.59
G0 X131.761 Y95.82
G1 F3000 X126.368 Y90.428 E730.76105
G0 F9000 X126.368 Y90.66
G0 X134.854 Y90.66
G0 X134.854 Y90.428
G1 F3000 X140.246 Y95.82 E731.01468
G0 F9000 X140.479 Y95.821
G1 F3000 X140.777 Y94.712 E731.05287
G0 F9000 X140.777 Y94.945
G0 X139.347 Y94.648
G0 X139.453 Y94.446
G1 F3000 X134.325 Y95.82 E731.22944
G1 X134.268 Y95.82
G1 X135.713 Y90.427 E731.41514
G0 F9000 X135.713 Y90.66
G0 X138.488 Y93.943
G0 X139.003 Y94.4
G0 X139.613 Y94.72
G0 X140.282 Y94.884
G0 X140.968 Y94.884
G0 X141.637 Y94.72
G0 X142.247 Y94.4
G0 X142.762 Y93.943
G0 X143.153 Y93.376
G0 X143.397 Y92.733
G0 X143.505 Y90.63
G0 X143.34 Y90.428
G1 F3000 X148.449 Y95.537 E731.65545
G0 F9000 X148.329 Y95.346
G0 X146.691 Y95.59
G0 X146.691 Y95.82
G1 F3000 X148.106 Y90.539 E731.8373
G0 F9000 X148.031 Y90.755
G0 X148.937 Y91.869
G0 X149.164 Y91.844
G1 F3000 X142.83 Y93.541 E732.0554
G1 F2700 E727.0554
G0 F9000 X143.021 Y93.673
G0 X142.946 Y95.65
G0 X97.037 Y95.662
G0 X92.855 Y107.238
G0 X92.691 Y107.907
G0 X92.691 Y127.093
G0 X92.855 Y127.762
G0 X97.037 Y139.338
G0 X141.285 Y139.41
G0 X141.285 Y139.18
G1 F2700 E732.0554
G1 F3000 X140.987 Y140.292 E732.09369
G0 F9000 X141.041 Y140.072
G0 X141.18 Y139.41
G0 X141.18 Y139.181
G1 F3000 X146.568 Y144.568 E732.3471
G0 F9000 X146.053 Y144.568
G1 F3000 X147.497 Y139.179 E732.53266
G0 F9000 X147.497 Y139.41
G0 X148.965 Y141.53
G0 X149.191 Y141.53
G1 F3000 X143.3 Y143.109 E732.73551
G0 F9000 X143.535 Y143.109
G0 X143.397 Y142.267
G0 X143.153 Y141.624
G0 X142.762 Y141.057
G0 X142.247 Y140.6
G0 X141.637 Y140.28
G0 X140.968 Y140.116
G0 X140.282 Y140.116
G0 X139.613 Y140.28
G0 X139.003 Y140.6
G0 X138.488 Y141.057
G0 X138.097 Y141.624
G0 X137.853 Y142.267
G0 X137.715 Y144.43
G0 X137.945 Y144.43
G1 F3000 X132.695 Y139.181 E732.98243
G0 F9000 X132.695 Y139.41
G0 X134.781 Y139.41
G0 X134.781 Y139.18
G1 F3000 X124.581 Y141.913 E733.33365
G0 F9000 X124.797 Y141.832
G0 X124.21 Y139.41
G0 X124.21 Y139.181
G1 F3000 X129.597 Y144.568 E733.58704
G0 F9000 X129.597 Y144.34
G0 X127.418 Y144.34
G0 X127.418 Y144.568
G1 F3000 X128.862 Y139.179 E733.7726
G0 F9000 X128.862 Y139.41
G0 X135.073 Y139.41
G0 X135.073 Y139.18
G1 F3000 X133.629 Y144.568 E733.95813
G0 F9000 X133.629 Y144.34
G0 X137.745 Y144.37
G0 X137.855 Y144.567
G1 F3000 X137.944 Y144.544 E733.96119
G0 F9000 X137.745 Y144.37
G0 X122.354 Y140.055
G0 X122.354 Y140.285
G1 F3000 X122.65 Y139.18 E733.99924
G0 F9000 X122.65 Y139.71
;MESH:NONMESH
G0 F300 X122.65 Y139.71 Z2.2
G0 F9000 X121.113 Y140.28
G0 X120.503 Y140.6
G0 X120.085 Y140.97
G0 X117.5 Y144.34
G0 X117.5 Y144.648
;TIME_ELAPSED:1205.060064
;LAYER:10
;TYPE:WALL-INNER
;MESH:Battery_holder.stl
G1 F1500 X119.524 Y144.648 E734.06656
G1 X119.528 Y142.878 E734.12543
G1 X119.599 Y142.314 E734.14433
G1 X119.816 Y141.744 E734.16462
G1 X120.173 Y141.221 E734.18568
G1 X120.646 Y140.8 E734.20674
G1 X121.206 Y140.513 E734.22767
G1 X121.813 Y140.364 E734.24846
G1 X122.446 Y140.364 E734.26951
G1 X123.044 Y140.513 E734.29001
G1 X123.606 Y140.803 E734.31105
G1 X124.069 Y141.219 E734.33175
G1 X124.431 Y141.742 E734.3529
G1 X124.649 Y142.314 E734.37326
G1 X124.72 Y142.878 E734.39217
G1 X124.724 Y144.648 E734.45104
G1 X138.024 Y144.648 E734.8934
G1 X138.028 Y142.878 E734.95227
G1 X138.099 Y142.314 E734.97118
G1 X138.316 Y141.744 E734.99146
G1 X138.673 Y141.221 E735.01252
G1 X139.146 Y140.8 E735.03358
G1 X139.706 Y140.513 E735.05451
G1 X140.313 Y140.364 E735.0753
G1 X140.946 Y140.364 E735.09636
G1 X141.544 Y140.513 E735.11685
G1 X142.106 Y140.803 E735.13789
G1 X142.569 Y141.219 E735.15859
G1 X142.931 Y141.742 E735.17975
G1 X143.149 Y142.314 E735.20011
G1 X143.22 Y142.878 E735.21901
G1 X143.224 Y144.648 E735.27788
G1 X147.527 Y144.648 E735.421
G1 X147.942 Y144.603 E735.43488
G1 X148.3 Y144.476 E735.44752
G1 X148.622 Y144.272 E735.4602
G1 X148.9 Y143.994 E735.47327
G1 X149.1 Y143.677 E735.48574
G1 X149.226 Y143.317 E735.49843
G1 X149.272 Y142.903 E735.51228
G1 X149.272 Y140.845 E735.58073
G1 X149.226 Y140.431 E735.59458
G1 X149.099 Y140.07 E735.60731
G1 X148.899 Y139.748 E735.61992
G1 X148.624 Y139.473 E735.63285
G1 X148.302 Y139.273 E735.64546
G1 X147.941 Y139.146 E735.65819
G1 X147.527 Y139.1 E735.67205
G1 X97.765 Y139.1 E737.32714
G1 X97.494 Y138.967 E737.33718
G1 X97.346 Y138.791 E737.34482
G1 X97.273 Y138.589 E737.35197
G1 X97.272 Y129.348 E737.65933
G1 X95.454 Y129.344 E737.71979
G1 X94.892 Y129.275 E737.73863
G1 X94.308 Y129.045 E737.7595
G1 X93.801 Y128.696 E737.77997
G1 X93.379 Y128.23 E737.80088
G1 X93.085 Y127.668 E737.82198
G1 X92.94 Y127.058 E737.84283
G1 X92.94 Y126.429 E737.86375
G1 X93.086 Y125.825 E737.88442
G1 X93.384 Y125.268 E737.90543
G1 X93.8 Y124.804 E737.92616
G1 X94.308 Y124.451 E737.94673
G1 X94.892 Y124.221 E737.96761
G1 X95.454 Y124.152 E737.98644
G1 X97.272 Y124.148 E738.04691
G1 X97.272 Y110.848 E738.48927
G1 X95.454 Y110.844 E738.54974
G1 X94.892 Y110.775 E738.56857
G1 X94.308 Y110.545 E738.58944
G1 X93.801 Y110.196 E738.60992
G1 X93.379 Y109.73 E738.63083
G1 X93.085 Y109.168 E738.65192
G1 X92.94 Y108.558 E738.67278
G1 X92.94 Y107.929 E738.6937
G1 X93.086 Y107.325 E738.71436
G1 X93.384 Y106.768 E738.73537
G1 X93.8 Y106.304 E738.7561
G1 X94.308 Y105.951 E738.77668
G1 X94.892 Y105.721 E738.79755
G1 X95.454 Y105.652 E738.81639
G1 X97.272 Y105.648 E738.87685
G1 X97.273 Y96.464 E739.18231
G1 X97.306 Y96.3 E739.18788
G1 X97.409 Y96.118 E739.19483
G1 X97.603 Y95.963 E739.20309
G1 X97.792 Y95.9 E739.20972
G1 X147.525 Y95.9 E740.86384
G1 X147.939 Y95.851 E740.87771
G1 X148.302 Y95.724 E740.8905
G1 X148.624 Y95.523 E740.90313
G1 X148.9 Y95.247 E740.91611
G1 X149.099 Y94.929 E740.92859
G1 X149.227 Y94.566 E740.94139
G1 X149.272 Y94.155 E740.95514
G1 X149.272 Y92.093 E741.02372
G1 X149.227 Y91.682 E741.03747
G1 X149.099 Y91.319 E741.05028
G1 X148.9 Y91.001 E741.06275
G1 X148.622 Y90.724 E741.0758
G1 X148.302 Y90.521 E741.08841
G1 X147.942 Y90.397 E741.10107
G1 X147.525 Y90.348 E741.11504
G1 X143.224 Y90.348 E741.25809
G1 X143.22 Y92.118 E741.31696
G1 X143.149 Y92.683 E741.3359
G1 X142.931 Y93.254 E741.35623
G1 X142.569 Y93.777 E741.37738
G1 X142.107 Y94.192 E741.39804
G1 X141.544 Y94.487 E741.41918
G1 X140.934 Y94.632 E741.44003
G1 X140.305 Y94.632 E741.46095
G1 X139.703 Y94.487 E741.48155
G1 X139.144 Y94.194 E741.50254
G1 X138.673 Y93.775 E741.52351
G1 X138.316 Y93.252 E741.54457
G1 X138.099 Y92.683 E741.56482
G1 X138.028 Y92.118 E741.58376
G1 X138.024 Y90.348 E741.64263
G1 X124.724 Y90.348 E742.08499
G1 X124.72 Y92.118 E742.14387
G1 X124.649 Y92.683 E742.1628
G1 X124.431 Y93.254 E742.18313
G1 X124.069 Y93.777 E742.20429
G1 X123.607 Y94.192 E742.22494
G1 X123.044 Y94.487 E742.24608
G1 X122.434 Y94.632 E742.26694
G1 X121.805 Y94.632 E742.28786
G1 X121.203 Y94.487 E742.30845
G1 X120.644 Y94.194 E742.32945
G1 X120.173 Y93.775 E742.35041
G1 X119.816 Y93.252 E742.37147
G1 X119.599 Y92.683 E742.39173
G1 X119.528 Y92.118 E742.41067
G1 X119.524 Y90.348 E742.46954
G1 X106.224 Y90.348 E742.9119
G1 X106.22 Y92.118 E742.97077
G1 X106.149 Y92.683 E742.98971
G1 X105.931 Y93.254 E743.01004
G1 X105.569 Y93.777 E743.03119
G1 X105.107 Y94.192 E743.05185
G1 X104.544 Y94.487 E743.07299
G1 X103.934 Y94.632 E743.09384
G1 X103.305 Y94.632 E743.11476
G1 X102.703 Y94.487 E743.13536
G1 X102.144 Y94.194 E743.15635
G1 X101.673 Y93.775 E743.17732
G1 X101.316 Y93.252 E743.19838
G1 X101.099 Y92.683 E743.21863
G1 X101.028 Y92.118 E743.23757
G1 X101.024 Y90.348 E743.29644
G1 X87.471 Y90.348 E743.74722
G1 X87.054 Y90.397 E743.76118
G1 X86.695 Y90.52 E743.77381
G1 X86.378 Y90.723 E743.78633
G1 X86.099 Y91.003 E743.79947
G1 X85.896 Y91.321 E743.81202
G1 X85.77 Y91.682 E743.82474
G1 X85.724 Y92.093 E743.83849
G1 X85.724 Y142.903 E745.52844
G1 X85.77 Y143.318 E745.54233
G1 X85.895 Y143.675 E745.55491
G1 X86.099 Y143.994 E745.5675
G1 X86.379 Y144.273 E745.58065
G1 X86.697 Y144.476 E745.5932
G1 X87.054 Y144.602 E745.60579
G1 X87.469 Y144.648 E745.61968
G1 X101.024 Y144.648 E746.07052
G1 X101.028 Y142.878 E746.12939
G1 X101.099 Y142.314 E746.14829
G1 X101.316 Y141.744 E746.16858
G1 X101.673 Y141.221 E746.18964
G1 X102.146 Y140.8 E746.2107
G1 X102.706 Y140.513 E746.23163
G1 X103.313 Y140.364 E746.25242
G1 X103.946 Y140.364 E746.27347
G1 X104.544 Y140.513 E746.29397
G1 X105.106 Y140.803 E746.31501
G1 X105.569 Y141.219 E746.33571
G1 X105.931 Y141.742 E746.35686
G1 X106.149 Y142.314 E746.37722
G1 X106.22 Y142.878 E746.39613
G1 X106.224 Y144.648 E746.455
G1 X117.5 Y144.648 E746.83004
G0 F9000 X117.5 Y145.048
;TYPE:WALL-OUTER
G1 F1500 X119.924 Y145.048 E746.91066
G1 X119.925 Y142.927 E746.98121
G1 X119.987 Y142.429 E746.9979
G1 X120.186 Y141.911 E747.01636
G1 X120.495 Y141.47 E747.03427
G1 X120.896 Y141.122 E747.05193
G1 X121.367 Y140.885 E747.06946
G1 X121.831 Y140.769 E747.08537
G1 X122.417 Y140.769 E747.10486
G1 X122.881 Y140.885 E747.12077
G1 X123.375 Y141.134 E747.13917
G1 X123.781 Y141.506 E747.15748
G1 X124.083 Y141.952 E747.1754
G1 X124.263 Y142.439 E747.19267
G1 X124.323 Y142.927 E747.20902
G1 X124.324 Y145.048 E747.27956
G1 X138.424 Y145.048 E747.74853
G1 X138.425 Y142.927 E747.81908
G1 X138.487 Y142.429 E747.83577
G1 X138.686 Y141.911 E747.85423
G1 X138.995 Y141.47 E747.87214
G1 X139.396 Y141.122 E747.88979
G1 X139.867 Y140.885 E747.90733
G1 X140.331 Y140.769 E747.92324
G1 X140.917 Y140.769 E747.94273
G1 X141.381 Y140.885 E747.95864
G1 X141.875 Y141.134 E747.97704
G1 X142.281 Y141.506 E747.99535
G1 X142.583 Y141.952 E748.01327
G1 X142.763 Y142.439 E748.03054
G1 X142.823 Y142.927 E748.04689
G1 X142.824 Y145.048 E748.11743
G1 X147.549 Y145.048 E748.27459
G1 X148.031 Y144.995 E748.29072
G1 X148.476 Y144.838 E748.30641
G1 X148.874 Y144.586 E748.32208
G1 X149.214 Y144.246 E748.33807
G1 X149.462 Y143.852 E748.35356
G1 X149.619 Y143.407 E748.36925
G1 X149.672 Y142.925 E748.38538
G1 X149.672 Y140.823 E748.45529
G1 X149.619 Y140.341 E748.47142
G1 X149.462 Y139.896 E748.48711
G1 X149.214 Y139.498 E748.50271
G1 X148.874 Y139.158 E748.5187
G1 X148.476 Y138.91 E748.5343
G1 X148.031 Y138.753 E748.55
G1 X147.549 Y138.7 E748.56612
G1 X97.825 Y138.695 E750.21995
G1 X97.746 Y138.656 E750.22288
G1 X97.675 Y138.538 E750.22746
G1 X97.672 Y128.948 E750.54643
G1 X95.503 Y128.947 E750.61857
G1 X94.968 Y128.875 E750.63652
G1 X94.502 Y128.695 E750.65314
G1 X94.064 Y128.395 E750.67079
G1 X93.698 Y127.977 E750.68927
G1 X93.457 Y127.503 E750.70696
G1 X93.343 Y127.027 E750.72324
G1 X93.345 Y126.457 E750.7422
G1 X93.474 Y125.947 E750.75969
G1 X93.698 Y125.519 E750.77576
G1 X94.064 Y125.105 E750.79414
G1 X94.502 Y124.801 E750.81187
G1 X95.015 Y124.609 E750.83009
G1 X95.503 Y124.549 E750.84645
G1 X97.672 Y124.548 E750.91859
G1 X97.672 Y110.448 E751.38755
G1 X95.503 Y110.447 E751.4597
G1 X94.968 Y110.375 E751.47765
G1 X94.502 Y110.195 E751.49427
G1 X94.064 Y109.895 E751.51192
G1 X93.698 Y109.477 E751.5304
G1 X93.457 Y109.003 E751.54809
G1 X93.343 Y108.527 E751.56437
G1 X93.345 Y107.957 E751.58333
G1 X93.474 Y107.447 E751.60082
G1 X93.698 Y107.019 E751.61689
G1 X94.064 Y106.605 E751.63527
G1 X94.502 Y106.301 E751.653
G1 X95.015 Y106.109 E751.67122
G1 X95.503 Y106.049 E751.68757
G1 X97.672 Y106.048 E751.75971
G1 X97.675 Y96.462 E752.07855
G1 X97.746 Y96.344 E752.08313
G1 X97.837 Y96.302 E752.08646
G1 X147.548 Y96.3 E753.73985
G1 X148.03 Y96.243 E753.756
G1 X148.476 Y96.086 E753.77172
G1 X148.874 Y95.838 E753.78732
G1 X149.214 Y95.498 E753.80331
G1 X149.462 Y95.104 E753.8188
G1 X149.619 Y94.655 E753.83462
G1 X149.672 Y94.177 E753.85061
G1 X149.672 Y92.071 E753.92066
G1 X149.619 Y91.593 E753.93666
G1 X149.462 Y91.144 E753.95248
G1 X149.214 Y90.75 E753.96796
G1 X148.874 Y90.41 E753.98395
G1 X148.476 Y90.158 E753.99962
G1 X148.031 Y90.005 E754.01527
G1 X147.548 Y89.948 E754.03145
G1 X142.824 Y89.948 E754.18857
G1 X142.823 Y92.069 E754.25911
G1 X142.761 Y92.568 E754.27584
G1 X142.561 Y93.086 E754.29431
G1 X142.281 Y93.49 E754.31066
G1 X141.853 Y93.874 E754.32978
G1 X141.379 Y94.115 E754.34747
G1 X140.903 Y94.229 E754.36375
G1 X140.333 Y94.227 E754.3827
G1 X139.823 Y94.098 E754.4002
G1 X139.355 Y93.846 E754.41788
G1 X138.962 Y93.489 E754.43554
G1 X138.686 Y93.085 E754.45181
G1 X138.485 Y92.557 E754.4706
G1 X138.425 Y92.069 E754.48696
G1 X138.424 Y89.948 E754.5575
G1 X124.324 Y89.948 E755.02647
G1 X124.323 Y92.069 E755.09701
G1 X124.261 Y92.568 E755.11374
G1 X124.061 Y93.086 E755.13221
G1 X123.781 Y93.49 E755.14856
G1 X123.353 Y93.874 E755.16768
G1 X122.879 Y94.115 E755.18537
G1 X122.403 Y94.229 E755.20165
G1 X121.833 Y94.227 E755.2206
G1 X121.323 Y94.098 E755.2381
G1 X120.855 Y93.846 E755.25578
G1 X120.462 Y93.489 E755.27344
G1 X120.186 Y93.085 E755.28971
G1 X119.985 Y92.557 E755.3085
G1 X119.925 Y92.069 E755.32486
G1 X119.924 Y89.948 E755.3954
G1 X105.824 Y89.948 E755.86437
G1 X105.823 Y92.069 E755.93491
G1 X105.761 Y92.568 E755.95164
G1 X105.561 Y93.086 E755.97011
G1 X105.281 Y93.49 E755.98646
G1 X104.853 Y93.874 E756.00558
G1 X104.379 Y94.115 E756.02327
G1 X103.903 Y94.229 E756.03955
G1 X103.333 Y94.227 E756.05851
G1 X102.823 Y94.098 E756.076
G1 X102.355 Y93.846 E756.09368
G1 X101.962 Y93.489 E756.11134
G1 X101.686 Y93.085 E756.12761
G1 X101.485 Y92.557 E756.1464
G1 X101.425 Y92.069 E756.16276
G1 X101.424 Y89.948 E756.2333
G1 X87.448 Y89.948 E756.69815
G1 X86.965 Y90.005 E756.71432
G1 X86.52 Y90.158 E756.72997
G1 X86.126 Y90.409 E756.74551
G1 X85.785 Y90.751 E756.76157
G1 X85.534 Y91.145 E756.77711
G1 X85.377 Y91.593 E756.7929
G1 X85.324 Y92.071 E756.8089
G1 X85.324 Y142.925 E758.50031
G1 X85.377 Y143.407 E758.51644
G1 X85.533 Y143.851 E758.53209
G1 X85.785 Y144.246 E758.54767
G1 X86.127 Y144.587 E758.56373
G1 X86.521 Y144.838 E758.57927
G1 X86.965 Y144.995 E758.59494
G1 X87.447 Y145.048 E758.61106
G1 X101.424 Y145.048 E759.07594
G1 X101.425 Y142.927 E759.14649
G1 X101.487 Y142.429 E759.16318
G1 X101.686 Y141.911 E759.18163
G1 X101.995 Y141.47 E759.19954
G1 X102.396 Y141.122 E759.2172
G1 X102.867 Y140.885 E759.23474
G1 X103.331 Y140.769 E759.25065
G1 X103.917 Y140.769 E759.27014
G1 X104.381 Y140.885 E759.28605
G1 X104.875 Y141.134 E759.30445
G1 X105.281 Y141.506 E759.32276
G1 X105.583 Y141.952 E759.34068
G1 X105.763 Y142.439 E759.35794
G1 X105.823 Y142.927 E759.3743
G1 X105.824 Y145.048 E759.44484
G1 X117.5 Y145.048 E759.83319
G0 F9000 X117.5 Y144.34
G0 X117.336 Y144
;TYPE:FILL
G1 F3000 X119.448 Y143.434 E759.90591
G0 F9000 X119.328 Y143.2
G1 F3000 X115.216 Y143.2 E760.04268
G0 F9000 X115.43 Y142.4
G1 F3000 X116.072 Y140 E760.12531
G0 F9000 X116.744 Y140
G1 F3000 X119.142 Y142.4 E760.23815
G0 F9000 X119.468 Y142.725
G1 F3000 X119.142 Y142.4 E760.25346
G1 X115.43 Y142.4 E760.37692
G1 X115.001 Y144 E760.43202
G1 X115 Y144
G1 X114.848 Y144.569 E760.45161
G0 F9000 X115.217 Y144.568
G1 F3000 X117.336 Y144 E760.52457
G1 X115.001 Y144 E760.60223
G1 X112.259 Y144 E760.69343
G1 X108.259 Y140 E760.88158
G0 F9000 X107.93 Y140.308
G1 F3000 X108.428 Y144.448 E761.02027
G0 F9000 X108.637 Y144.568
G1 F3000 X108.79 Y144 E761.03984
G0 F9000 X108.026 Y144.448
G1 F3000 X107.54 Y140.412 E761.17504
G0 F9000 X106.759 Y140.621
G1 F3000 X107.22 Y144.447 E761.30322
G0 F9000 X106.817 Y144.447
G1 F3000 X106.369 Y140.726 E761.42787
G1 X106.516 Y140.688
G1 X105.423 Y140.98 E761.4655
G0 F9000 X105.334 Y140.739
G1 F3000 X106.773 Y139.3 E761.53319
G0 F9000 X107.339 Y139.3
G1 F3000 X105.744 Y140.895 E761.60821
G0 F9000 X104.989 Y140.518
G1 F3000 X106.207 Y139.3 E761.6655
G0 F9000 X105.642 Y139.3
G1 F3000 X104.616 Y140.326 E761.71376
G0 F9000 X104.164 Y140.212
G1 F3000 X105.076 Y139.3 E761.75666
G0 F9000 X105.076 Y139.41
G0 X103.869 Y139.41
G0 X103.869 Y139.179
G1 F3000 X103.573 Y140.285 E761.79474
G0 F9000 X103.637 Y140.047
G1 F3000 X100.257 Y139.3 E761.90987
G0 F9000 X99.771 Y140
G1 F3000 X101.34 Y141.568 E761.98365
G0 F9000 X101.077 Y142.145
G1 F3000 X94.153 Y144 E762.22206
G1 X90.155 Y144 E762.35504
G1 X90.236 Y143.694 E762.36557
G0 F9000 X90.155 Y144
G1 F3000 X90.002 Y144.568 E762.38513
G1 X89.883 Y144.448
G1 X85.924 Y140.988 E762.56001
G0 F9000 X85.924 Y141.518
G1 F3000 X89.275 Y144.448 E762.70806
G0 F9000 X88.667 Y144.448
G1 F3000 X85.924 Y142.05 E762.82924
G0 F9000 X85.924 Y142.582
G1 F3000 X88.059 Y144.448 E762.92355
G0 F9000 X87.357 Y144.555
G1 F3000 X85.816 Y143.014 E762.99603
G0 F9000 X86.047 Y142.989
G0 X86.035 Y140.456
G0 X85.924 Y140.456
G1 F3000 X90.121 Y144.125 E763.18145
G0 F9000 X92.032 Y144.34
G0 X92.032 Y144.568
G1 F3000 X94.153 Y144 E763.25448
G0 F9000 X95.855 Y144.34
G0 X95.855 Y144.568
G1 F3000 X85.804 Y134.516 E763.72727
G0 F9000 X85.804 Y133.814
G1 F3000 X86.4 Y133.656 E763.74778
G1 X86.4 Y127.442 E763.95446
G1 X91.09 Y126.186 E764.11594
G0 F9000 X91.492 Y126.078
G1 F3000 X91.09 Y126.186 E764.12979
G1 X93.748 Y130.59 E764.30088
G1 X93.891 Y130.054 E764.31933
G1 X91.492 Y126.078 E764.47378
G1 X92.8 Y125.727 E764.51882
G0 F9000 X93.089 Y125.65
G1 F3000 X92.8 Y125.727 E764.52877
G1 X92.8 Y124.543 E764.56815
G1 X93.391 Y125.133 E764.59592
G0 F9000 X92.8 Y124.543
G1 F3000 X92.678 Y124.421 E764.60166
G1 X95.843 Y122.766 E764.72045
G1 X95.493 Y124.073 E764.76545
G0 F9000 X95.649 Y123.497
G1 F3000 X97.072 Y123.489 E764.81278
G0 F9000 X97.071 Y123.089
G1 F3000 X95.756 Y123.096 E764.85652
G0 F9000 X95.843 Y122.766
G1 F3000 X97.192 Y117.734 E765.0298
G0 F9000 X97.191 Y118.339
G1 F3000 X96.4 Y118.552 E765.05704
G1 X96.4 Y118.55
G1 X96.4 Y112.34 E765.26359
G1 X97.191 Y112.128 E765.29083
G1 X97.192 Y111.963
G1 X96.966 Y111.738 E765.30143
G0 F9000 X96.489 Y111.261
G1 F3000 X96.966 Y111.738 E765.32387
G1 X92.758 Y111.102 E765.46542
G1 X92.748 Y111.138 E765.46666
G1 X91.774 Y107.367 E765.5962
G1 X92.161 Y107.264 E765.60952
G0 F9000 X91.774 Y107.367
G1 F3000 X86.4 Y108.808 E765.79457
G1 X86.4 Y108.807
G1 X86.4 Y102.596 E766.00115
G1 X96.4 Y99.917 E766.34548
G1 X96.4 Y97.507 E766.42564
G1 X94.13 Y105.98 E766.71739
G0 F9000 X94.513 Y105.652
G1 F3000 X94.449 Y104.789 E766.74617
G0 F9000 X95.29 Y105.362
G0 X95.302 Y105.469
G1 F3000 X95.076 Y102.444 E766.84707
G0 F9000 X95.856 Y102.144
G1 F3000 X96.103 Y105.45 E766.95733
G0 F9000 X96.504 Y105.45
G1 F3000 X96.29 Y102.578 E767.05312
G1 X96.4 Y102.685
G1 X86.4 Y92.687 E767.52344
G0 F9000 X86.115 Y92.4
G1 F3000 X85.805 Y92.091 E767.538
G0 F9000 X86.011 Y91.6
G1 F3000 X91.771 Y91.6 E767.72958
G0 F9000 X91.878 Y91.2
G1 F3000 X86.212 Y91.2 E767.91803
G0 F9000 X86.631 Y90.8
G1 F3000 X91.985 Y90.8 E768.0961
G0 F9000 X92.085 Y90.428
G1 F3000 X91.879 Y91.2 E768.12268
G1 X93.398 Y91.2 E768.1732
G1 X92.627 Y90.428 E768.20949
G0 F9000 X92.627 Y90.66
G0 X91.879 Y91.2
G1 F3000 X91.556 Y92.4 E768.25082
G0 F9000 X93.4 Y91.2
G0 X98.089 Y91.2
G1 F3000 X98.297 Y90.427 E768.27745
G1 X98.259 Y90.568
G1 X100.824 Y91.948 E768.37432
G0 F9000 X100.824 Y91.493
G1 F3000 X99.066 Y90.548 E768.44071
G0 F9000 X99.911 Y90.548
G1 F3000 X100.824 Y91.039 E768.47519
G0 F9000 X100.715 Y91.039
G0 X100.755 Y92.439
G0 X100.867 Y92.426
G1 F3000 X98.153 Y90.965 E768.5777
G0 F9000 X100.774 Y92.592
G0 X100.886 Y92.579
G1 F3000 X97.832 Y95.632 E768.72133
G0 F9000 X98.019 Y95.82
G1 F3000 X93.4 Y91.2 E768.93862
G1 X98.089 Y91.2 E769.09457
G1 X96.4 Y97.507 E769.31174
G0 F9000 X96.965 Y99.704
G0 X97.192 Y99.704
G1 F3000 X96.4 Y99.916 E769.33901
G1 X96.4 Y102.685 E769.4311
G1 X97.193 Y103.479 E769.46843
G0 F9000 X96.965 Y103.479
G0 X96.4 Y99.916
G0 X97.037 Y95.662
G0 X98.33 Y95.59
G0 X98.33 Y95.7
G1 F3000 X101.012 Y93.018 E769.59458
G0 F9000 X101.183 Y93.412
G1 F3000 X98.896 Y95.7 E769.70218
G0 F9000 X99.462 Y95.7
G1 F3000 X101.413 Y93.749 E769.79395
G0 F9000 X101.679 Y94.048
G1 F3000 X100.027 Y95.7 E769.87165
G0 F9000 X100.593 Y95.7
G1 F3000 X101.978 Y94.315 E769.9368
G0 F9000 X102.337 Y94.521
G1 F3000 X101.159 Y95.7 E769.99223
G0 F9000 X101.724 Y95.7
G1 F3000 X102.727 Y94.697 E770.03941
G0 F9000 X103.182 Y94.807
G1 F3000 X102.29 Y95.7 E770.08139
G0 F9000 X103.064 Y95.821
G1 F3000 X103.361 Y94.711 E770.11961
G0 F9000 X103.361 Y94.945
G0 X104.425 Y94.835
G0 X104.4 Y94.727
G1 F3000 X104.4 Y95.7 E770.15197
G0 F9000 X105.2 Y95.7
G1 F3000 X105.2 Y94.517 E770.19132
G0 F9000 X105.017 Y94.332
G1 F3000 X105.885 Y95.2 E770.23214
G1 X109.441 Y95.2 E770.35042
G1 X110.515 Y91.2 E770.48817
G1 X110.369 Y91.2
G1 X106.422 Y91.2 E770.61945
G1 X106.303 Y91.051
G1 X108.63 Y90.428 E770.69957
G0 F9000 X109.598 Y90.428
G1 F3000 X114.99 Y95.82 E770.95319
G0 F9000 X115.2 Y95.7
G1 F3000 X115.2 Y94.878 E770.98053
G0 F9000 X115.674 Y95.125
G1 F3000 X116.724 Y91.2 E771.11567
G1 X110.515 Y91.2 E771.32218
G1 X110.721 Y90.427 E771.34879
G0 F9000 X110.721 Y90.66
G0 X110.406 Y91.6
G1 F3000 X106.421 Y91.6 E771.48133
G0 F9000 X106.42 Y92
G1 F3000 X110.299 Y92 E771.61035
G0 F9000 X110.084 Y92.8
G1 F3000 X106.318 Y92.8 E771.7356
G0 F9000 X106.421 Y92.84
G0 X105.885 Y95.2
G1 F3000 X106.504 Y95.82 E771.76474
G0 F9000 X106.504 Y95.59
G0 X109.275 Y95.59
G0 X109.275 Y95.821
G1 F3000 X109.442 Y95.2 E771.78613
G1 X114.003 Y95.2 E771.93783
G1 X111.689 Y95.82 E772.01751
G0 F9000 X111.689 Y95.59
G0 X109.442 Y95.2
G0 X114.003 Y95.2
G1 F3000 X118.957 Y93.874 E772.18808
G0 F9000 X118.566 Y93.978
G1 F3000 X118.189 Y90.549 E772.30282
G1 X118.083 Y90.428
G1 X118.64 Y90.986 E772.32904
G0 F9000 X117.787 Y90.549
G1 F3000 X118.175 Y94.084 E772.44732
G0 F9000 X117.393 Y94.293
G1 F3000 X116.982 Y90.549 E772.57259
G1 X116.932 Y90.427
G1 X116.724 Y91.2 E772.59922
G0 F9000 X119.215 Y91.789
G0 X119.444 Y91.789
G1 F3000 X118.64 Y90.986 E772.63701
G1 X118.957 Y93.874 E772.73365
G1 X119.96 Y93.604 E772.76819
G0 F9000 X120.552 Y94.372
G1 F3000 X117.215 Y94.34 E772.87919
G0 F9000 X115.78 Y94.726
G1 F3000 X121.576 Y94.782 E773.07197
G0 F9000 X121.996 Y94.712
G1 F3000 X121.868 Y95.185 E773.08827
G1 X115.674 Y95.125 E773.29429
G1 X115.487 Y95.821 E773.31826
G0 F9000 X115.487 Y95.59
G0 X121.698 Y95.59
G0 X121.698 Y95.821
G1 F3000 X121.868 Y95.185 E773.34016
G0 F9000 X122.367 Y94.712
G1 F3000 X122.856 Y95.2 E773.36314
G0 F9000 X123.475 Y95.82
G1 F3000 X122.856 Y95.2 E773.39228
G1 X128.076 Y95.2 E773.56589
G1 X129.149 Y91.2 E773.70364
G1 X135.36 Y91.2 E773.91022
G1 X135.567 Y90.428 E773.9368
G0 F9000 X135.053 Y90.428
G1 F3000 X137.995 Y93.37 E774.07518
G0 F9000 X137.713 Y93.087
G1 F3000 X135.1 Y95.7 E774.19809
G0 F9000 X134.87 Y95.82
G1 F3000 X135.792 Y95.573 E774.22984
G0 F9000 X136.565 Y95.366
G1 F3000 X135.792 Y95.573 E774.25645
G1 X137.995 Y93.37 E774.36008
G1 X138.278 Y93.653 E774.37339
G1 X136.565 Y95.366 E774.45396
G1 X138.11 Y94.952 E774.50716
G0 F9000 X138.4 Y94.873
G1 F3000 X138.4 Y95.7 E774.53467
G0 F9000 X139.2 Y95.7
G1 F3000 X139.2 Y94.658 E774.56932
G0 F9000 X139.638 Y94.542
G1 F3000 X138.11 Y94.952 E774.62194
G1 X138.844 Y94.218 E774.65647
G1 X140.446 Y95.82 E774.73182
G1 X140.334 Y95.82
G1 X140.501 Y95.2 E774.75318
G1 X146.711 Y95.2 E774.95972
G1 X146.545 Y95.821 E774.9811
G0 F9000 X146.545 Y95.59
G0 X146.818 Y94.8
G1 F3000 X141.093 Y94.8 E775.17152
G0 F9000 X140.631 Y94.712
G1 F3000 X140.501 Y95.2 E775.18831
G0 F9000 X139.6 Y94.975
G1 F3000 X139.6 Y95.7 E775.21243
G0 F9000 X139.6 Y95.59
G0 X138.783 Y94.286
G0 X138.844 Y94.218
G1 F3000 X138.278 Y93.653 E775.23903
G0 F9000 X138.557 Y93.94
G1 F3000 X137.337 Y95.16 E775.29641
G0 F9000 X137.43 Y92.804
G1 F3000 X134.534 Y95.7 E775.43263
G0 F9000 X134.122 Y95.82
G1 F3000 X134.288 Y95.2 E775.45398
G0 F9000 X131.96 Y95.59
G0 X131.96 Y95.82
G1 F3000 X131.339 Y95.2 E775.48317
G1 X128.077 Y95.2 E775.59166
G1 X127.91 Y95.821 E775.61305
G0 F9000 X127.91 Y95.59
G0 X128.612 Y93.2
G1 F3000 X124.666 Y93.2 E775.74429
G0 F9000 X124.887 Y92.4
G1 F3000 X128.539 Y92.4 E775.86576
G0 F9000 X128.93 Y91.2
G1 F3000 X126.8 Y91.772 E775.93911
G1 X126.8 Y90.661 E775.97607
G1 X127.341 Y91.2 E776.00147
G1 X128.93 Y91.2 E776.05432
G1 X131.813 Y90.428 E776.15358
G0 F9000 X131.813 Y90.66
G0 X129.355 Y90.66
G0 X129.355 Y90.428
G1 F3000 X129.149 Y91.2 E776.18016
G0 F9000 X127.341 Y91.2
G1 F3000 X131.341 Y95.2 E776.36831
G1 X134.288 Y95.2 E776.46632
G1 X135.36 Y91.2 E776.60406
G0 F9000 X136.468 Y90.66
G0 X136.468 Y90.549
G1 F3000 X136.509 Y91.882 E776.64842
G0 F9000 X136.922 Y92.294
G1 F3000 X136.868 Y90.548 E776.70652
G0 F9000 X137.268 Y90.548
G1 F3000 X137.335 Y92.708 E776.77839
G0 F9000 X138.488 Y93.943
G0 X139.003 Y94.4
G0 X139.613 Y94.72
G0 X140.282 Y94.884
G0 X140.968 Y94.884
G0 X141.637 Y94.72
G0 X142.131 Y94.461
G0 X142.898 Y93.852
G0 X142.706 Y93.72
G1 F3000 X144 Y93.374 E776.82294
G0 F9000 X144.312 Y91.2
G1 F3000 X148.31 Y95.2 E777.01104
G1 X146.712 Y95.2 E777.06419
G1 X147.783 Y91.2 E777.20192
G1 X144.312 Y91.2 E777.31737
G1 X144 Y90.89 E777.33199
G1 X144 Y93.374 E777.41461
G1 X148.4 Y92.195 E777.56612
G0 F9000 X148.806 Y92.085
G1 F3000 X149.179 Y91.986 E777.57896
G0 F9000 X148.953 Y92.011
G0 X147.783 Y91.2
G1 F3000 X147.887 Y90.811 E777.59235
G1 X148.806 Y92.085 E777.6446
G1 X148.4 Y92.195 E777.65859
G1 X148.4 Y95.288 E777.76146
G1 X148.572 Y95.461 E777.76957
G0 F9000 X148.4 Y95.288
G1 F3000 X148.31 Y95.2 E777.77376
G0 F9000 X147.887 Y90.811
G1 F3000 X147.973 Y90.493 E777.78472
G0 F9000 X147.898 Y90.709
G0 X144 Y90.89
G1 F3000 X143.539 Y90.428 E777.80642
G0 F9000 X143.539 Y90.66
G0 X143.397 Y92.733
G0 X143.153 Y93.376
G0 X142.762 Y93.943
G0 X142.247 Y94.4
G0 X141.637 Y94.72
G0 X141.095 Y94.853
G0 X131.341 Y95.2
G0 X126.8 Y91.772
G1 F3000 X124.777 Y92.313 E777.87607
G0 F9000 X125.2 Y92.2
G1 F3000 X125.2 Y90.548 E777.93102
G0 F9000 X125.6 Y90.548
G1 F3000 X125.6 Y92.093 E777.98241
G0 F9000 X126 Y91.986
G1 F3000 X126 Y90.548 E778.03023
G0 F9000 X126.568 Y90.428
G1 F3000 X126.8 Y90.661 E778.04117
G0 F9000 X124.262 Y93.943
G0 X123.747 Y94.4
G0 X123.137 Y94.72
G0 X122.468 Y94.884
G0 X103.282 Y94.884
G0 X102.613 Y94.72
G0 X102.003 Y94.4
G0 X101.488 Y93.943
G0 X101.171 Y93.484
G0 X100.763 Y92.501
G0 X100.993 Y92.474
G1 F3000 X86.4 Y96.385 E778.54366
G1 X86.4 Y101.17 E778.70281
G1 X92.917 Y107.688 E779.00938
G0 F9000 X93.174 Y106.993
G1 F3000 X92.161 Y107.264 E779.04426
G1 X92.959 Y110.354 E779.1504
G1 X92.862 Y110.713 E779.16277
G0 F9000 X92.959 Y110.354
G1 F3000 X93.18 Y109.525 E779.19131
G0 F9000 X92.979 Y109.629
G0 X92.758 Y111.102
G1 F3000 X92.862 Y110.713 E779.2047
G1 X96.489 Y111.261 E779.3267
G1 X96.154 Y110.925 E779.34248
G0 F9000 X96.154 Y111.16
G0 X96.4 Y112.34
G1 F3000 X86.4 Y115.019 E779.68681
G1 X86.4 Y118.141 E779.79065
G1 X92.678 Y124.421 E780.086
G0 F9000 X91.894 Y125.97
G1 F3000 X92.853 Y127.559 E780.14772
G0 F9000 X92.748 Y127.583
G0 X93.175 Y128.372
G0 X94.029 Y129.234
G0 X94.162 Y129.041
G1 F3000 X93.891 Y130.054 E780.1826
G1 X93.94 Y129.872
G1 X97.072 Y129.894 E780.28678
G0 F9000 X97.072 Y130.294
G1 F3000 X93.833 Y130.271 E780.39451
G0 F9000 X93.748 Y130.59
G1 F3000 X90.236 Y143.694 E780.84573
G1 X85.985 Y139.978 E781.03352
G1 X95.241 Y137.498 E781.35224
G0 F9000 X95.662 Y137.384
G1 F3000 X95.241 Y137.498 E781.36675
G1 X97.387 Y140.191 E781.48128
G1 X97.439 Y140 E781.48786
G1 X99.771 Y140 E781.56542
G1 X98.953 Y139.181 E781.60392
G0 F9000 X99.345 Y139.508
G1 F3000 X102.825 Y140.277 E781.72246
G0 F9000 X102.8 Y140.171
G0 X102.003 Y140.6
G0 X101.488 Y141.057
G0 X101.097 Y141.624
G0 X100.958 Y141.989
G0 X100.715 Y142.91
G0 X100.829 Y142.91
G1 F3000 X96.269 Y144.365 E781.88166
G0 F9000 X96.213 Y144.569
G1 F3000 X97.387 Y140.191 E782.03242
G1 X97.439 Y140
G1 X97.516 Y139.711 E782.04236
G1 X95.662 Y137.384 E782.14132
G1 X97.192 Y136.974 E782.19401
G0 F9000 X97.193 Y137.42
G1 F3000 X96.4 Y136.626 E782.23133
G1 X96.4 Y130.975 E782.41928
G1 X97.192 Y130.763 E782.44655
G0 F9000 X96.4 Y130.975
G1 F3000 X86.4 Y133.656 E782.7909
G0 F9000 X86.4 Y135.247
G1 F3000 X86.4 Y139.867 E782.94456
G0 F9000 X85.985 Y139.978
G1 F3000 X85.804 Y140.026 E782.95079
G0 F9000 X86.035 Y140.026
G0 X86.035 Y137.053
G0 X85.804 Y137.053
G1 F3000 X92.748 Y111.138 E783.84313
G0 F9000 X86.733 Y110.4
G1 F3000 X85.924 Y110.4 E783.87004
G0 F9000 X86.4 Y109.656
G1 F3000 X96.4 Y119.656 E784.34041
G1 X96.4 Y118.55 E784.3772
G1 X86.4 Y121.231 E784.72154
G1 X86.4 Y126.626 E784.90098
G1 X96.4 Y136.626 E785.37135
G0 F9000 X96.084 Y137.272
G1 F3000 X97.073 Y138.514 E785.42416
G0 F9000 X97.667 Y139.144
G1 F3000 X97.516 Y139.711 E785.44367
G0 F9000 X96 Y143.504
G1 F3000 X96 Y144.448 E785.47507
G0 F9000 X96 Y144.34
G0 X97.324 Y144.34
G0 X97.324 Y144.448
G1 F3000 X100.827 Y143.33 E785.59737
G0 F9000 X100.826 Y143.75
G1 F3000 X98.64 Y144.448 E785.67369
G0 F9000 X98.64 Y144.34
G0 X101.488 Y141.057
G0 X102.003 Y140.6
G0 X102.613 Y140.28
G0 X107.439 Y139.41
G0 X107.439 Y139.181
G1 F3000 X107.731 Y139.474 E785.68745
G0 F9000 X109.082 Y140
G1 F3000 X106.516 Y140.688 E785.77581
G1 X107.731 Y139.474 E785.83294
G1 X108.259 Y140 E785.85773
G1 X109.082 Y140 E785.8851
G1 X112.142 Y139.18 E785.99047
G0 F9000 X112.142 Y139.41
G0 X110.081 Y139.41
G0 X110.081 Y139.179
G1 F3000 X109.862 Y140 E786.01873
G0 F9000 X112.257 Y144
G1 F3000 X112.826 Y144.568 E786.04547
G0 F9000 X112.259 Y144
G1 F3000 X108.79 Y144 E786.16085
G1 X109.862 Y140 E786.29858
G1 X116.072 Y140 E786.50513
G1 X116.292 Y139.179 E786.5334
G0 F9000 X115.924 Y139.181
G1 F3000 X116.744 Y140 E786.57194
G1 X122.284 Y140 E786.75621
G1 X122.504 Y139.18 E786.78444
G0 F9000 X122.769 Y139.3
G1 F3000 X123.724 Y140.64 E786.83917
G0 F9000 X123.795 Y140.562
G0 X123.752 Y139.41
G0 X123.752 Y139.3
G1 F3000 X125.534 Y141.803 E786.94137
G0 F9000 X125.122 Y141.914
G1 F3000 X123.26 Y139.3 E787.04811
G0 F9000 X123.26 Y139.41
G0 X124.409 Y139.41
G0 X124.409 Y139.181
G1 F3000 X125.229 Y140 E787.08666
G0 F9000 X124.853 Y141.981
G0 X124.8 Y142
G1 F3000 X124.632 Y142.045 E787.09244
G0 F9000 X124.912 Y142.8
G1 F3000 X127.745 Y142.8 E787.18667
G0 F9000 X127.638 Y143.2
G1 F3000 X124.92 Y143.2 E787.27707
G0 F9000 X124.923 Y144
G1 F3000 X127.424 Y144 E787.36025
G1 X127.425 Y144
G1 X127.272 Y144.568 E787.37982
G0 F9000 X127.272 Y144.34
G0 X129.228 Y144
G1 F3000 X129.797 Y144.568 E787.40656
G0 F9000 X129.229 Y144
G1 F3000 X127.425 Y144 E787.46656
G1 X128.495 Y140 E787.60428
G1 X125.229 Y140 E787.71291
G1 X127.227 Y142 E787.80693
G0 F9000 X128.495 Y140
G1 F3000 X132.263 Y140 E787.93226
G1 X124.8 Y142 E788.18924
G1 X127.227 Y142 E788.26996
G1 X129.229 Y144 E788.36408
G1 X133.635 Y144 E788.51062
G1 X134.708 Y140 E788.64837
G1 X140.919 Y140 E788.85495
G1 X141.139 Y139.18 E788.88318
G0 F9000 X141.38 Y139.181
G1 F3000 X142.2 Y140 E788.92173
G0 F9000 X141.672 Y139.474
G1 F3000 X140.979 Y140.166 E788.9543
G1 X140.919 Y140
G1 X140.843 Y140.285 E788.96411
G0 F9000 X140.843 Y140.055
G0 X140.282 Y140.116
G0 X139.613 Y140.28
G0 X139.003 Y140.6
G0 X138.585 Y140.97
G0 X137.904 Y141.962
G0 X138.004 Y142
G1 F3000 X135.714 Y142 E789.04028
G0 F9000 X136.514 Y142.8
G1 F3000 X137.836 Y142.8 E789.08425
G0 F9000 X137.729 Y142.786
G0 X137.713 Y144
G1 F3000 X133.714 Y140 E789.27237
G1 X134.707 Y140 E789.3054
G1 X134.927 Y139.179 E789.33367
G0 F9000 X135.325 Y139.18
G1 F3000 X132.263 Y140 E789.4391
G0 F9000 X132.894 Y139.41
G0 X132.894 Y139.181
G1 F3000 X133.714 Y140 E789.47765
G0 F9000 X133.635 Y144
G0 X133.483 Y144.568
G1 F3000 X133.635 Y144 E789.49721
G1 X137.713 Y144 E789.63284
G1 X137.945 Y144.231 E789.64373
G0 F9000 X137.715 Y144.231
G0 X137.853 Y142.267
G0 X138.097 Y141.624
G0 X138.488 Y141.057
G0 X139.003 Y140.6
G0 X139.613 Y140.28
G0 X140.282 Y140.116
G0 X140.968 Y140.116
G0 X141.637 Y140.28
G0 X142.247 Y140.6
G0 X142.762 Y141.057
G0 X143.153 Y141.624
G0 X143.351 Y142.145
G0 X143.535 Y143.254
G0 X143.301 Y143.254
G1 F3000 X144 Y143.068 E789.66779
G0 F9000 X143.421 Y143.6
G1 F3000 X145.798 Y143.6 E789.74685
G0 F9000 X146.059 Y144
G1 F3000 X143.423 Y144 E789.83452
G0 F9000 X143.535 Y144
G0 X144 Y141.802
G1 F3000 X146.481 Y144.281 E789.95117
G1 X149.048 Y141.715 E790.07189
G1 X144 Y143.068 E790.24572
G1 X144 Y141.802 E790.28782
G1 X142.2 Y140 E790.37254
G1 X147.131 Y140 E790.53654
G1 X145.907 Y144.568 E790.69383
G0 F9000 X146.481 Y144.281
G1 F3000 X146.767 Y144.568 E790.70731
G1 X146.88 Y144.448
G1 X149.072 Y142.256 E790.81041
G0 F9000 X149.048 Y141.715
G1 F3000 X149.191 Y141.676 E790.81534
G1 X149.072 Y141.584
G1 X147.128 Y140.012 E790.8985
G1 X147.131 Y140
G1 X147.351 Y139.18 E790.92673
G0 F9000 X147.521 Y139.301
G1 F3000 X149.036 Y140.525 E790.99151
G0 F9000 X149.072 Y141.069
G1 F3000 X147.241 Y139.589 E791.06982
G0 F9000 X148.965 Y142.822
G0 X149.072 Y142.822
G1 F3000 X147.445 Y144.448 E791.14633
G0 F9000 X147.445 Y144.34
G0 X142.247 Y140.6
G0 X141.637 Y140.28
G0 X141.095 Y140.147
G0 X128.716 Y139.41
G0 X128.716 Y139.179
G1 F3000 X128.496 Y140 E791.1746
G0 F9000 X122.284 Y140
G1 F3000 X122.208 Y140.285 E791.18441
G0 F9000 X122.208 Y140.055
G0 X121.113 Y140.28
G0 X120.503 Y140.6
G0 X120.21 Y140.859
G0 X119.583 Y141.538
G0 X119.672 Y141.6
G1 F3000 X118.344 Y141.6 E791.22858
G0 F9000 X118.4 Y143.715
G1 F3000 X118.4 Y144.448 E791.25296
G1 F2700 E786.25296
G0 F9000 X118.4 Y144.34
G0 X101.715 Y139.338
G0 X97.037 Y139.338
G0 X92.855 Y127.762
G0 X92.691 Y127.093
G0 X92.691 Y126.407
G0 X92.855 Y125.738
G0 X93.175 Y125.128
G0 X93.545 Y124.71
G0 X96.965 Y122.289
G0 X97.071 Y122.289
G1 F2700 E791.25296
G1 F3000 X95.97 Y122.295 E791.28958
G0 F9000 X96.078 Y121.894
G1 F3000 X97.071 Y121.889 E791.3226
G0 F9000 X97.072 Y121.089
G1 F3000 X96.293 Y121.093 E791.34851
G0 F9000 X96.965 Y120.449
G0 X97.192 Y120.449
G1 F3000 X96.4 Y119.656 E791.38579
G0 F9000 X86.4 Y118.143
G0 X85.804 Y117.546
G1 F3000 X86.4 Y118.143 E791.41385
G1 X86.4 Y121.231 E791.51655
G1 X85.805 Y121.39 E791.53704
G0 F9000 X86.4 Y121.231
G0 X86.035 Y126.031
G0 X85.804 Y126.031
G1 F3000 X86.4 Y126.626 E791.56505
G0 F9000 X86.4 Y127.442
G1 F3000 X85.805 Y127.602 E791.58554
G0 F9000 X86.035 Y127.602
G0 X86.035 Y115.179
G0 X85.804 Y115.179
G1 F3000 X86.4 Y115.02 E791.60606
G1 X86.4 Y111.642 E791.71841
G1 X85.804 Y113.869 E791.79509
G0 F9000 X86.035 Y113.869
G0 X86.4 Y115.019
G0 X86.4 Y111.642
G1 F3000 X91.556 Y92.4 E792.45766
G1 X86.115 Y92.4 E792.63863
G1 X86.4 Y92.687 E792.65208
G1 X86.4 Y96.385 E792.77507
G1 X85.805 Y96.544 E792.79556
G0 F9000 X86.4 Y96.385
G0 X86.035 Y100.575
G0 X85.804 Y100.575
G1 F3000 X86.4 Y101.17 E792.82357
G0 F9000 X85.924 Y102
G1 F3000 X87.228 Y102 E792.86694
G0 F9000 X86.4 Y102.596
G1 F3000 X85.805 Y102.755 E792.88742
G0 F9000 X86.035 Y102.755
G0 X86.035 Y108.967
G0 X85.804 Y108.967
G1 F3000 X86.4 Y108.807 E792.90795
G1 X86.4 Y109.656 E792.93619
G1 X85.804 Y109.061 E792.9642
G0 F9000 X86.335 Y109.061
G1 F2700 E787.9642
;MESH:NONMESH
G0 F300 X86.335 Y109.061 Z2.4
G0 F9000 X92.855 Y127.762
G0 X97.037 Y139.338
G0 X101.585 Y139.338
G0 X117.5 Y144.34
G0 X117.5 Y144.648
;TIME_ELAPSED:1297.092685
;LAYER:11
;TYPE:WALL-INNER
;MESH:Battery_holder.stl
G1 F2700 E792.9642
G1 F1500 X119.524 Y144.648 E793.03152
G1 X119.528 Y142.878 E793.09039
G1 X119.599 Y142.314 E793.10929
G1 X119.816 Y141.744 E793.12958
G1 X120.173 Y141.221 E793.15064
G1 X120.646 Y140.8 E793.1717
G1 X121.206 Y140.513 E793.19263
G1 X121.813 Y140.364 E793.21342
G1 X122.446 Y140.364 E793.23447
G1 X123.044 Y140.513 E793.25497
G1 X123.606 Y140.803 E793.276
G1 X124.069 Y141.219 E793.29671
G1 X124.431 Y141.742 E793.31786
G1 X124.649 Y142.314 E793.33822
G1 X124.72 Y142.878 E793.35713
G1 X124.724 Y144.648 E793.416
G1 X138.024 Y144.648 E793.85836
G1 X138.028 Y142.878 E793.91723
G1 X138.099 Y142.314 E793.93614
G1 X138.316 Y141.744 E793.95642
G1 X138.673 Y141.221 E793.97748
G1 X139.146 Y140.8 E793.99854
G1 X139.706 Y140.513 E794.01947
G1 X140.313 Y140.364 E794.04026
G1 X140.946 Y140.364 E794.06132
G1 X141.544 Y140.513 E794.08181
G1 X142.106 Y140.803 E794.10285
G1 X142.569 Y141.219 E794.12355
G1 X142.931 Y141.742 E794.14471
G1 X143.149 Y142.314 E794.16506
G1 X143.22 Y142.878 E794.18397
G1 X143.224 Y144.648 E794.24284
G1 X147.527 Y144.648 E794.38596
G1 X147.942 Y144.603 E794.39984
G1 X148.3 Y144.476 E794.41248
G1 X148.622 Y144.272 E794.42516
G1 X148.9 Y143.994 E794.43823
G1 X149.1 Y143.677 E794.4507
G1 X149.226 Y143.317 E794.46339
G1 X149.272 Y142.903 E794.47724
G1 X149.272 Y140.845 E794.54569
G1 X149.226 Y140.431 E794.55954
G1 X149.099 Y140.07 E794.57227
G1 X148.899 Y139.748 E794.58488
G1 X148.624 Y139.473 E794.59781
G1 X148.302 Y139.273 E794.61042
G1 X147.941 Y139.146 E794.62315
G1 X147.527 Y139.1 E794.637
G1 X97.765 Y139.1 E796.2921
G1 X97.494 Y138.967 E796.30214
G1 X97.346 Y138.791 E796.30978
G1 X97.273 Y138.589 E796.31693
G1 X97.272 Y129.348 E796.62429
G1 X95.454 Y129.344 E796.68475
G1 X94.892 Y129.275 E796.70358
G1 X94.308 Y129.045 E796.72446
G1 X93.801 Y128.696 E796.74493
G1 X93.379 Y128.23 E796.76584
G1 X93.085 Y127.668 E796.78694
G1 X92.94 Y127.058 E796.80779
G1 X92.94 Y126.429 E796.82871
G1 X93.086 Y125.825 E796.84938
G1 X93.384 Y125.268 E796.87039
G1 X93.8 Y124.804 E796.89112
G1 X94.308 Y124.451 E796.91169
G1 X94.892 Y124.221 E796.93257
G1 X95.454 Y124.152 E796.9514
G1 X97.272 Y124.148 E797.01187
G1 X97.272 Y110.848 E797.45423
G1 X95.454 Y110.844 E797.5147
G1 X94.892 Y110.775 E797.53353
G1 X94.308 Y110.545 E797.5544
G1 X93.801 Y110.196 E797.57488
G1 X93.379 Y109.73 E797.59579
G1 X93.085 Y109.168 E797.61688
G1 X92.94 Y108.558 E797.63774
G1 X92.94 Y107.929 E797.65866
G1 X93.086 Y107.325 E797.67932
G1 X93.384 Y106.768 E797.70033
G1 X93.8 Y106.304 E797.72106
G1 X94.308 Y105.951 E797.74164
G1 X94.892 Y105.721 E797.76251
G1 X95.454 Y105.652 E797.78134
G1 X97.272 Y105.648 E797.84181
G1 X97.273 Y96.464 E798.14727
G1 X97.306 Y96.3 E798.15284
G1 X97.409 Y96.118 E798.15979
G1 X97.603 Y95.963 E798.16805
G1 X97.792 Y95.9 E798.17468
G1 X147.525 Y95.9 E799.8288
G1 X147.939 Y95.851 E799.84267
G1 X148.302 Y95.724 E799.85546
G1 X148.624 Y95.523 E799.86809
G1 X148.9 Y95.247 E799.88107
G1 X149.099 Y94.929 E799.89355
G1 X149.227 Y94.566 E799.90635
G1 X149.272 Y94.155 E799.9201
G1 X149.272 Y92.093 E799.98868
G1 X149.227 Y91.682 E800.00243
G1 X149.099 Y91.319 E800.01523
G1 X148.9 Y91.001 E800.02771
G1 X148.622 Y90.724 E800.04076
G1 X148.302 Y90.521 E800.05337
G1 X147.942 Y90.397 E800.06603
G1 X147.525 Y90.348 E800.08
G1 X143.224 Y90.348 E800.22305
G1 X143.22 Y92.118 E800.28192
G1 X143.149 Y92.683 E800.30086
G1 X142.931 Y93.254 E800.32119
G1 X142.569 Y93.777 E800.34234
G1 X142.107 Y94.192 E800.363
G1 X141.544 Y94.487 E800.38414
G1 X140.934 Y94.632 E800.40499
G1 X140.305 Y94.632 E800.42591
G1 X139.703 Y94.487 E800.44651
G1 X139.144 Y94.194 E800.4675
G1 X138.673 Y93.775 E800.48847
G1 X138.316 Y93.252 E800.50953
G1 X138.099 Y92.683 E800.52978
G1 X138.028 Y92.118 E800.54872
G1 X138.024 Y90.348 E800.60759
G1 X124.724 Y90.348 E801.04995
G1 X124.72 Y92.118 E801.10882
G1 X124.649 Y92.683 E801.12776
G1 X124.431 Y93.254 E801.14809
G1 X124.069 Y93.777 E801.16925
G1 X123.607 Y94.192 E801.1899
G1 X123.044 Y94.487 E801.21104
G1 X122.434 Y94.632 E801.2319
G1 X121.805 Y94.632 E801.25282
G1 X121.203 Y94.487 E801.27341
G1 X120.644 Y94.194 E801.29441
G1 X120.173 Y93.775 E801.31537
G1 X119.816 Y93.252 E801.33643
G1 X119.599 Y92.683 E801.35669
G1 X119.528 Y92.118 E801.37563
G1 X119.524 Y90.348 E801.4345
G1 X106.224 Y90.348 E801.87686
G1 X106.22 Y92.118 E801.93573
G1 X106.149 Y92.683 E801.95467
G1 X105.931 Y93.254 E801.975
G1 X105.569 Y93.777 E801.99615
G1 X105.107 Y94.192 E802.01681
G1 X104.544 Y94.487 E802.03795
G1 X103.934 Y94.632 E802.0588
G1 X103.305 Y94.632 E802.07972
G1 X102.703 Y94.487 E802.10032
G1 X102.144 Y94.194 E802.12131
G1 X101.673 Y93.775 E802.14228
G1 X101.316 Y93.252 E802.16334
G1 X101.099 Y92.683 E802.18359
G1 X101.028 Y92.118 E802.20253
G1 X101.024 Y90.348 E802.2614
G1 X87.471 Y90.348 E802.71218
G1 X87.054 Y90.397 E802.72614
G1 X86.695 Y90.52 E802.73876
G1 X86.378 Y90.723 E802.75128
G1 X86.099 Y91.003 E802.76443
G1 X85.896 Y91.321 E802.77698
G1 X85.77 Y91.682 E802.7897
G1 X85.724 Y92.093 E802.80345
G1 X85.724 Y142.903 E804.4934
G1 X85.77 Y143.318 E804.50729
G1 X85.895 Y143.675 E804.51987
G1 X86.099 Y143.994 E804.53246
G1 X86.379 Y144.273 E804.54561
G1 X86.697 Y144.476 E804.55816
G1 X87.054 Y144.602 E804.57075
G1 X87.469 Y144.648 E804.58464
G1 X101.024 Y144.648 E805.03548
G1 X101.028 Y142.878 E805.09435
G1 X101.099 Y142.314 E805.11325
G1 X101.316 Y141.744 E805.13354
G1 X101.673 Y141.221 E805.1546
G1 X102.146 Y140.8 E805.17566
G1 X102.706 Y140.513 E805.19659
G1 X103.313 Y140.364 E805.21738
G1 X103.946 Y140.364 E805.23843
G1 X104.544 Y140.513 E805.25893
G1 X105.106 Y140.803 E805.27997
G1 X105.569 Y141.219 E805.30067
G1 X105.931 Y141.742 E805.32182
G1 X106.149 Y142.314 E805.34218
G1 X106.22 Y142.878 E805.36109
G1 X106.224 Y144.648 E805.41996
G1 X117.5 Y144.648 E805.795
G0 F9000 X117.5 Y145.048
;TYPE:WALL-OUTER
G1 F1500 X119.924 Y145.048 E805.87562
G1 X119.925 Y142.927 E805.94617
G1 X119.987 Y142.429 E805.96286
G1 X120.186 Y141.911 E805.98132
G1 X120.495 Y141.47 E805.99923
G1 X120.896 Y141.122 E806.01689
G1 X121.367 Y140.885 E806.03442
G1 X121.831 Y140.769 E806.05033
G1 X122.417 Y140.769 E806.06982
G1 X122.881 Y140.885 E806.08573
G1 X123.375 Y141.134 E806.10413
G1 X123.781 Y141.506 E806.12244
G1 X124.083 Y141.952 E806.14036
G1 X124.263 Y142.439 E806.15763
G1 X124.323 Y142.927 E806.17398
G1 X124.324 Y145.048 E806.24452
G1 X138.424 Y145.048 E806.71349
G1 X138.425 Y142.927 E806.78404
G1 X138.487 Y142.429 E806.80073
G1 X138.686 Y141.911 E806.81919
G1 X138.995 Y141.47 E806.8371
G1 X139.396 Y141.122 E806.85475
G1 X139.867 Y140.885 E806.87229
G1 X140.331 Y140.769 E806.8882
G1 X140.917 Y140.769 E806.90769
G1 X141.381 Y140.885 E806.9236
G1 X141.875 Y141.134 E806.942
G1 X142.281 Y141.506 E806.96031
G1 X142.583 Y141.952 E806.97823
G1 X142.763 Y142.439 E806.9955
G1 X142.823 Y142.927 E807.01185
G1 X142.824 Y145.048 E807.08239
G1 X147.549 Y145.048 E807.23955
G1 X148.031 Y144.995 E807.25568
G1 X148.476 Y144.838 E807.27137
G1 X148.874 Y144.586 E807.28704
G1 X149.214 Y144.246 E807.30303
G1 X149.462 Y143.852 E807.31851
G1 X149.619 Y143.407 E807.33421
G1 X149.672 Y142.925 E807.35034
G1 X149.672 Y140.823 E807.42025
G1 X149.619 Y140.341 E807.43638
G1 X149.462 Y139.896 E807.45207
G1 X149.214 Y139.498 E807.46767
G1 X148.874 Y139.158 E807.48366
G1 X148.476 Y138.91 E807.49926
G1 X148.031 Y138.753 E807.51496
G1 X147.549 Y138.7 E807.53108
G1 X97.825 Y138.695 E809.18491
G1 X97.746 Y138.656 E809.18784
G1 X97.675 Y138.538 E809.19242
G1 X97.672 Y128.948 E809.51139
G1 X95.503 Y128.947 E809.58353
G1 X94.968 Y128.875 E809.60148
G1 X94.502 Y128.695 E809.6181
G1 X94.064 Y128.395 E809.63575
G1 X93.698 Y127.977 E809.65423
G1 X93.457 Y127.503 E809.67192
G1 X93.343 Y127.027 E809.6882
G1 X93.345 Y126.457 E809.70716
G1 X93.474 Y125.947 E809.72465
G1 X93.698 Y125.519 E809.74072
G1 X94.064 Y125.105 E809.7591
G1 X94.502 Y124.801 E809.77683
G1 X95.015 Y124.609 E809.79505
G1 X95.503 Y124.549 E809.8114
G1 X97.672 Y124.548 E809.88355
G1 X97.672 Y110.448 E810.35251
G1 X95.503 Y110.447 E810.42466
G1 X94.968 Y110.375 E810.44261
G1 X94.502 Y110.195 E810.45923
G1 X94.064 Y109.895 E810.47688
G1 X93.698 Y109.477 E810.49536
G1 X93.457 Y109.003 E810.51305
G1 X93.343 Y108.527 E810.52933
G1 X93.345 Y107.957 E810.54829
G1 X93.474 Y107.447 E810.56578
G1 X93.698 Y107.019 E810.58185
G1 X94.064 Y106.605 E810.60023
G1 X94.502 Y106.301 E810.61796
G1 X95.015 Y106.109 E810.63618
G1 X95.503 Y106.049 E810.65253
G1 X97.672 Y106.048 E810.72467
G1 X97.675 Y96.462 E811.04351
G1 X97.746 Y96.344 E811.04809
G1 X97.837 Y96.302 E811.05142
G1 X147.548 Y96.3 E812.70481
G1 X148.03 Y96.243 E812.72096
G1 X148.476 Y96.086 E812.73668
G1 X148.874 Y95.838 E812.75228
G1 X149.214 Y95.498 E812.76827
G1 X149.462 Y95.104 E812.78376
G1 X149.619 Y94.655 E812.79958
G1 X149.672 Y94.177 E812.81557
G1 X149.672 Y92.071 E812.88562
G1 X149.619 Y91.593 E812.90162
G1 X149.462 Y91.144 E812.91744
G1 X149.214 Y90.75 E812.93292
G1 X148.874 Y90.41 E812.94891
G1 X148.476 Y90.158 E812.96458
G1 X148.031 Y90.005 E812.98023
G1 X147.548 Y89.948 E812.99641
G1 X142.824 Y89.948 E813.15353
G1 X142.823 Y92.069 E813.22407
G1 X142.761 Y92.568 E813.2408
G1 X142.561 Y93.086 E813.25927
G1 X142.281 Y93.49 E813.27562
G1 X141.853 Y93.874 E813.29474
G1 X141.379 Y94.115 E813.31243
G1 X140.903 Y94.229 E813.32871
G1 X140.333 Y94.227 E813.34766
G1 X139.823 Y94.098 E813.36516
G1 X139.355 Y93.846 E813.38284
G1 X138.962 Y93.489 E813.4005
G1 X138.686 Y93.085 E813.41677
G1 X138.485 Y92.557 E813.43556
G1 X138.425 Y92.069 E813.45192
G1 X138.424 Y89.948 E813.52246
G1 X124.324 Y89.948 E813.99143
G1 X124.323 Y92.069 E814.06197
G1 X124.261 Y92.568 E814.0787
G1 X124.061 Y93.086 E814.09717
G1 X123.781 Y93.49 E814.11352
G1 X123.353 Y93.874 E814.13264
G1 X122.879 Y94.115 E814.15033
G1 X122.403 Y94.229 E814.16661
G1 X121.833 Y94.227 E814.18556
G1 X121.323 Y94.098 E814.20306
G1 X120.855 Y93.846 E814.22074
G1 X120.462 Y93.489 E814.2384
G1 X120.186 Y93.085 E814.25467
G1 X119.985 Y92.557 E814.27346
G1 X119.925 Y92.069 E814.28982
G1 X119.924 Y89.948 E814.36036
G1 X105.824 Y89.948 E814.82933
G1 X105.823 Y92.069 E814.89987
G1 X105.761 Y92.568 E814.9166
G1 X105.561 Y93.086 E814.93507
G1 X105.281 Y93.49 E814.95142
G1 X104.853 Y93.874 E814.97054
G1 X104.379 Y94.115 E814.98823
G1 X103.903 Y94.229 E815.00451
G1 X103.333 Y94.227 E815.02346
G1 X102.823 Y94.098 E815.04096
G1 X102.355 Y93.846 E815.05864
G1 X101.962 Y93.489 E815.0763
G1 X101.686 Y93.085 E815.09257
G1 X101.485 Y92.557 E815.11136
G1 X101.425 Y92.069 E815.12772
G1 X101.424 Y89.948 E815.19826
G1 X87.448 Y89.948 E815.66311
G1 X86.965 Y90.005 E815.67928
G1 X86.52 Y90.158 E815.69493
G1 X86.126 Y90.409 E815.71047
G1 X85.785 Y90.751 E815.72653
G1 X85.534 Y91.145 E815.74207
G1 X85.377 Y91.593 E815.75786
G1 X85.324 Y92.071 E815.77386
G1 X85.324 Y142.925 E817.46527
G1 X85.377 Y143.407 E817.4814
G1 X85.533 Y143.851 E817.49705
G1 X85.785 Y144.246 E817.51263
G1 X86.127 Y144.587 E817.52869
G1 X86.521 Y144.838 E817.54423
G1 X86.965 Y144.995 E817.5599
G1 X87.447 Y145.048 E817.57602
G1 X101.424 Y145.048 E818.0409
G1 X101.425 Y142.927 E818.11145
G1 X101.487 Y142.429 E818.12814
G1 X101.686 Y141.911 E818.14659
G1 X101.995 Y141.47 E818.1645
G1 X102.396 Y141.122 E818.18216
G1 X102.867 Y140.885 E818.1997
G1 X103.331 Y140.769 E818.21561
G1 X103.917 Y140.769 E818.2351
G1 X104.381 Y140.885 E818.25101
G1 X104.875 Y141.134 E818.26941
G1 X105.281 Y141.506 E818.28772
G1 X105.583 Y141.952 E818.30563
G1 X105.763 Y142.439 E818.3229
G1 X105.823 Y142.927 E818.33926
G1 X105.824 Y145.048 E818.4098
G1 X117.5 Y145.048 E818.79815
G0 F9000 X117.5 Y144.288
;TYPE:SKIN
G1 F1500 X106.584 Y144.288 E819.16121
G1 X106.575 Y142.831 E819.20968
G1 X106.503 Y142.243 E819.22938
G1 X106.241 Y141.553 E819.25393
G1 X105.853 Y140.997 E819.27648
G1 X105.312 Y140.502 E819.30087
G1 X104.688 Y140.181 E819.32421
G1 F1363.6 X104.022 Y139.971 E819.34975
G1 F1255.2 X103.255 Y139.969 E819.38024
G1 F1369.9 X102.56 Y140.181 E819.4067
G1 F1500 X101.96 Y140.49 E819.42915
G1 X101.415 Y140.966 E819.45322
G1 X101.002 Y141.559 E819.47725
G1 X100.756 Y142.197 E819.5
G1 X100.669 Y142.826 E819.52111
G1 X100.664 Y144.288 E819.56974
G1 X87.488 Y144.288 E820.00798
G1 X87.138 Y144.247 E820.0197
G1 X86.853 Y144.147 E820.02974
G1 X86.602 Y143.986 E820.03966
G1 X86.381 Y143.769 E820.04996
G1 X86.221 Y143.515 E820.05995
G1 X86.121 Y143.235 E820.06984
G1 X86.085 Y142.881 E820.08167
G1 X86.084 Y92.111 E821.77029
G1 X86.121 Y91.761 E821.78199
G1 X86.221 Y91.481 E821.79188
G1 X86.382 Y91.226 E821.80191
G1 X86.603 Y91.005 E821.81231
G1 X86.852 Y90.846 E821.82213
G1 X87.133 Y90.749 E821.83202
G1 X87.492 Y90.708 E821.84404
G1 X100.664 Y90.708 E822.28214
G1 X100.665 Y92.058 E822.32704
G1 X100.742 Y92.755 E822.35037
G1 X101.002 Y93.433 E822.37452
G1 X101.382 Y93.993 E822.39703
G1 X101.923 Y94.478 E822.42119
G1 X102.551 Y94.814 E822.44488
G1 F1363.6 X103.231 Y95.026 E822.47094
G1 F1252.6 X103.989 Y95.028 E822.50113
G1 F1366.7 X104.688 Y94.814 E822.52782
G1 F1500 X105.327 Y94.477 E822.55185
G1 X105.823 Y94.029 E822.57408
G1 X106.241 Y93.439 E822.59812
G1 X106.502 Y92.755 E822.62247
G1 X106.575 Y92.165 E822.64225
G1 X106.584 Y90.708 E822.69071
G1 X119.164 Y90.708 E823.10912
G1 X119.165 Y92.058 E823.15402
G1 X119.242 Y92.755 E823.17735
G1 X119.502 Y93.433 E823.2015
G1 X119.882 Y93.993 E823.22401
G1 X120.423 Y94.478 E823.24817
G1 X121.051 Y94.814 E823.27186
G1 F1363.6 X121.731 Y95.026 E823.29792
G1 F1252.6 X122.489 Y95.028 E823.32811
G1 F1366.7 X123.188 Y94.814 E823.3548
G1 F1500 X123.827 Y94.477 E823.37882
G1 X124.323 Y94.029 E823.40105
G1 X124.741 Y93.439 E823.4251
G1 X125.002 Y92.755 E823.44945
G1 X125.075 Y92.165 E823.46923
G1 X125.084 Y90.708 E823.51769
G1 X137.664 Y90.708 E823.9361
G1 X137.665 Y92.058 E823.981
G1 X137.742 Y92.755 E824.00432
G1 X138.002 Y93.433 E824.02848
G1 X138.382 Y93.993 E824.05098
G1 X138.923 Y94.478 E824.07515
G1 X139.551 Y94.814 E824.09884
G1 F1363.6 X140.231 Y95.026 E824.1249
G1 F1252.6 X140.989 Y95.028 E824.15509
G1 F1366.7 X141.688 Y94.814 E824.18177
G1 F1500 X142.327 Y94.477 E824.2058
G1 X142.823 Y94.029 E824.22803
G1 X143.241 Y93.439 E824.25208
G1 X143.502 Y92.755 E824.27643
G1 X143.575 Y92.165 E824.2962
G1 X143.584 Y90.708 E824.34467
G1 X147.5 Y90.708 E824.47491
G1 X147.859 Y90.749 E824.48693
G1 X148.14 Y90.846 E824.49682
G1 X148.398 Y91.01 E824.50699
G1 X148.614 Y91.226 E824.51715
G1 X148.77 Y91.472 E824.52683
G1 X148.871 Y91.761 E824.53702
G1 X148.912 Y92.112 E824.54877
G1 X148.912 Y94.132 E824.61596
G1 X148.871 Y94.483 E824.62771
G1 X148.77 Y94.772 E824.63789
G1 X148.614 Y95.018 E824.64758
G1 X148.398 Y95.238 E824.65783
G1 X148.149 Y95.39 E824.66754
G1 X147.853 Y95.496 E824.67799
G1 X147.499 Y95.54 E824.68986
G1 X141.727 Y95.54 E824.88184
G1 F1366.7 X141.03 Y95.501 E824.90732
G1 F1252.6 X140.175 Y95.499 E824.94137
G1 F1363.6 X139.512 Y95.539 E824.96567
G1 F1500 X123.227 Y95.54 E825.50731
G1 F1366.7 X122.53 Y95.501 E825.5328
G1 F1252.6 X121.675 Y95.499 E825.56685
G1 F1363.6 X121.012 Y95.539 E825.59115
G1 F1500 X104.727 Y95.54 E826.13279
G1 F1366.7 X104.03 Y95.501 E826.15828
G1 F1252.6 X103.175 Y95.499 E826.19233
G1 F1363.6 X102.512 Y95.539 E826.21663
G1 F1500 X97.712 Y95.54 E826.37628
G1 X97.404 Y95.662 E826.3873
G1 X97.13 Y95.883 E826.39901
G1 X96.963 Y96.181 E826.41037
G1 X96.912 Y96.444 E826.41928
G1 X96.912 Y105.288 E826.71343
G1 X95.403 Y105.293 E826.76362
G1 X94.785 Y105.376 E826.78436
G1 X94.161 Y105.613 E826.80656
G1 X93.54 Y106.052 E826.83185
G1 X93.116 Y106.512 E826.85266
G1 X92.741 Y107.217 E826.87922
G1 X92.585 Y107.865 E826.90139
G1 X92.582 Y108.611 E826.9262
G1 X92.754 Y109.317 E826.95037
G1 X93.073 Y109.931 E826.97338
G1 X93.583 Y110.482 E826.99836
G1 X94.165 Y110.879 E827.02179
G1 X94.78 Y111.115 E827.0437
G1 X95.407 Y111.199 E827.06474
G1 X96.912 Y111.208 E827.11479
G1 X96.912 Y123.788 E827.53321
G1 X95.403 Y123.793 E827.5834
G1 X94.785 Y123.876 E827.60414
G1 X94.161 Y124.113 E827.62634
G1 X93.54 Y124.552 E827.65163
G1 X93.116 Y125.012 E827.67244
G1 X92.741 Y125.717 E827.699
G1 X92.585 Y126.365 E827.72117
G1 X92.582 Y127.111 E827.74598
G1 X92.754 Y127.817 E827.77015
G1 X93.073 Y128.431 E827.79316
G1 X93.583 Y128.982 E827.81813
G1 X94.165 Y129.379 E827.84156
G1 X94.78 Y129.615 E827.86347
G1 X95.407 Y129.699 E827.88451
G1 X96.912 Y129.708 E827.93457
G1 X96.915 Y138.578 E828.22959
G1 X96.963 Y138.816 E828.23766
G1 X97.13 Y139.109 E828.24888
G1 X97.406 Y139.336 E828.26077
G1 X97.707 Y139.46 E828.27159
G1 X102.521 Y139.46 E828.43171
G1 F1369.9 X103.214 Y139.498 E828.45699
G1 F1255.2 X104.079 Y139.499 E828.49137
G1 F1363.6 X104.73 Y139.46 E828.51523
G1 F1500 X121.021 Y139.46 E829.05707
G1 F1369.9 X121.714 Y139.498 E829.08234
G1 F1255.2 X122.579 Y139.499 E829.11672
G1 F1363.6 X123.23 Y139.46 E829.14058
G1 F1500 X139.521 Y139.46 E829.68243
G1 F1369.9 X140.214 Y139.498 E829.7077
G1 F1255.2 X141.079 Y139.499 E829.74208
G1 F1363.6 X141.73 Y139.46 E829.76594
G1 F1500 X147.505 Y139.46 E829.95802
G1 X147.855 Y139.497 E829.96973
G1 X148.148 Y139.602 E829.98008
G1 X148.394 Y139.754 E829.9897
G1 X148.614 Y139.977 E830.00012
G1 X148.767 Y140.22 E830.00967
G1 X148.872 Y140.514 E830.02005
G1 X148.912 Y140.864 E830.03177
G1 X148.912 Y142.88 E830.09882
G1 X148.871 Y143.235 E830.1107
G1 X148.77 Y143.524 E830.12089
G1 X148.618 Y143.762 E830.13028
G1 X148.394 Y143.99 E830.14091
G1 X148.144 Y144.146 E830.15071
G1 X147.855 Y144.247 E830.16089
G1 X147.504 Y144.287 E830.17264
G1 X143.584 Y144.288 E830.30302
G1 X143.575 Y142.831 E830.35148
G1 X143.503 Y142.243 E830.37119
G1 X143.241 Y141.553 E830.39574
G1 X142.853 Y140.997 E830.41829
G1 X142.312 Y140.502 E830.44267
G1 X141.688 Y140.181 E830.46601
G1 F1363.6 X141.022 Y139.971 E830.49156
G1 F1255.2 X140.255 Y139.969 E830.52205
G1 F1369.9 X139.56 Y140.181 E830.54851
G1 F1500 X138.96 Y140.49 E830.57096
G1 X138.415 Y140.966 E830.59503
G1 X138.002 Y141.559 E830.61906
G1 X137.756 Y142.197 E830.6418
G1 X137.669 Y142.826 E830.66292
G1 X137.664 Y144.288 E830.71155
G1 X125.084 Y144.288 E831.12996
G1 X125.075 Y142.831 E831.17842
G1 X125.003 Y142.243 E831.19813
G1 X124.741 Y141.553 E831.22267
G1 X124.353 Y140.997 E831.24522
G1 X123.812 Y140.502 E831.26961
G1 X123.188 Y140.181 E831.29295
G1 F1363.6 X122.522 Y139.971 E831.3185
G1 F1255.2 X121.755 Y139.969 E831.34899
G1 F1369.9 X121.06 Y140.181 E831.37545
G1 F1500 X120.46 Y140.49 E831.3979
G1 X119.915 Y140.966 E831.42196
G1 X119.502 Y141.559 E831.446
G1 X119.256 Y142.197 E831.46874
G1 X119.169 Y142.826 E831.48986
G1 X119.164 Y144.288 E831.53849
G1 X117.5 Y144.288 E831.59383
G1 F2700 E826.59383
G0 F9000 X117.5 Y144.548
G0 X119.675 Y144.542
G0 X119.676 Y142.923
G0 X119.744 Y142.363
G0 X119.953 Y141.811
G0 X120.29 Y141.324
G0 X120.732 Y140.932
G0 X121.256 Y140.657
G0 X121.83 Y140.516
G0 X122.42 Y140.516
G0 X122.994 Y140.657
G0 X123.518 Y140.932
G0 X123.96 Y141.324
G0 X124.297 Y141.811
G0 X124.506 Y142.363
G0 X124.574 Y142.923
G0 X124.574 Y144.53
G0 X138.175 Y144.496
G0 X138.176 Y142.923
G0 X138.244 Y142.363
G0 X138.453 Y141.811
G0 X138.79 Y141.324
G0 X139.232 Y140.932
G0 X139.756 Y140.657
G0 X140.33 Y140.516
G0 X140.92 Y140.516
G0 X141.494 Y140.657
G0 X142.018 Y140.932
G0 X142.46 Y141.324
G0 X142.797 Y141.811
G0 X143.006 Y142.363
G0 X143.074 Y142.923
G0 X143.074 Y144.483
G0 X148.013 Y144.471
G0 X147.86 Y144.034
G1 F2700 E831.59383
G1 F1500 X148.659 Y143.234 E831.63144
G0 F9000 X148.712 Y142.616
G1 F1500 X147.24 Y144.088 E831.70068
G0 F9000 X146.674 Y144.088
G1 F1500 X148.712 Y142.051 E831.79652
G0 F9000 X148.712 Y141.485
G1 F1500 X146.109 Y144.088 E831.91895
G0 F9000 X145.542 Y144.089
G1 F1500 X148.712 Y140.919 E832.06806
G0 F9000 X148.631 Y140.434
G1 F1500 X144.977 Y144.089 E832.23996
G0 F9000 X144.411 Y144.089
G1 F1500 X148.427 Y140.073 E832.42886
G0 F9000 X148.117 Y139.817
G1 F1500 X143.845 Y144.089 E832.6298
G0 F9000 X143.78 Y143.588
G1 F1500 X147.688 Y139.68 E832.81362
G0 F9000 X147.143 Y139.66
G1 F1500 X143.777 Y143.025 E832.97192
G0 F9000 X143.735 Y142.502
G1 F1500 X146.577 Y139.66 E833.1056
G0 F9000 X146.011 Y139.66
G1 F1500 X143.642 Y142.029 E833.21703
G0 F9000 X143.486 Y141.619
G1 F1500 X145.446 Y139.66 E833.3092
G0 F9000 X144.88 Y139.66
G1 F1500 X143.28 Y141.259 E833.38444
G0 F9000 X143.048 Y140.926
G1 F1500 X144.314 Y139.66 E833.44399
G0 F9000 X143.748 Y139.66
G1 F1500 X142.766 Y140.643 E833.4902
G0 F9000 X142.468 Y140.375
G1 F1500 X143.183 Y139.66 E833.52383
G0 F9000 X142.617 Y139.66
G1 F1500 X142.105 Y140.172 E833.54791
G0 F9000 X141.728 Y139.984
G1 F1500 X142.051 Y139.66 E833.56313
G0 F9000 X141.452 Y139.693
G1 F1500 X141.316 Y139.83 E833.56955
G0 F9000 X141.193 Y140.321
G0 X143.075 Y141.667
G0 X143.396 Y144.476
G0 X147.518 Y144.487
G0 X147.905 Y144.444
G0 X148.522 Y144.146
G0 X148.955 Y143.606
G0 X149.069 Y143.281
G0 X149.111 Y140.854
G0 X149.069 Y140.467
G0 X148.772 Y139.849
G0 X148.523 Y139.6
G0 X147.905 Y139.303
G0 X139.763 Y139.2
G0 X139.763 Y139.685
G1 F1500 X139.42 Y140.029 E833.58571
G0 F9000 X139.223 Y139.66
G1 F1500 X134.795 Y144.088 E833.79399
G0 F9000 X135.361 Y144.088
G1 F1500 X137.718 Y141.731 E833.90485
G0 F9000 X137.509 Y142.505
G1 F1500 X135.926 Y144.088 E833.97931
G0 F9000 X136.492 Y144.088
G1 F1500 X137.469 Y143.111 E834.02527
G0 F9000 X137.466 Y143.68
G1 F1500 X137.058 Y144.088 E834.04446
G0 F9000 X137.058 Y144.548
G0 X134.229 Y144.548
G0 X134.229 Y144.088
G1 F1500 X138.657 Y139.66 E834.25274
G0 F9000 X138.092 Y139.66
G1 F1500 X133.664 Y144.088 E834.46102
G0 F9000 X133.098 Y144.088
G1 F1500 X137.526 Y139.66 E834.6693
G0 F9000 X136.96 Y139.66
G1 F1500 X132.532 Y144.088 E834.87758
G0 F9000 X131.967 Y144.088
G1 F1500 X136.395 Y139.66 E835.08586
G0 F9000 X135.829 Y139.66
G1 F1500 X131.401 Y144.088 E835.29414
G0 F9000 X130.835 Y144.088
G1 F1500 X135.263 Y139.66 E835.50242
G0 F9000 X134.697 Y139.66
G1 F1500 X130.27 Y144.088 E835.71067
G0 F9000 X129.704 Y144.088
G1 F1500 X134.132 Y139.66 E835.91895
G0 F9000 X133.566 Y139.66
G1 F1500 X129.138 Y144.088 E836.12723
G0 F9000 X128.573 Y144.088
G1 F1500 X133 Y139.66 E836.33549
G0 F9000 X132.435 Y139.66
G1 F1500 X128.007 Y144.088 E836.54377
G0 F9000 X127.441 Y144.088
G1 F1500 X131.869 Y139.66 E836.75205
G0 F9000 X131.303 Y139.66
G1 F1500 X126.875 Y144.088 E836.96033
G0 F9000 X126.31 Y144.088
G1 F1500 X130.738 Y139.66 E837.1686
G0 F9000 X130.172 Y139.66
G1 F1500 X125.744 Y144.088 E837.37688
G0 F9000 X125.283 Y143.983
G1 F1500 X129.606 Y139.66 E837.58023
G0 F9000 X129.041 Y139.66
G1 F1500 X125.28 Y143.421 E837.75713
G0 F9000 X125.277 Y142.858
G1 F1500 X128.475 Y139.66 E837.90756
G0 F9000 X127.909 Y139.66
G1 F1500 X125.217 Y142.352 E838.03418
G0 F9000 X125.095 Y141.909
G1 F1500 X127.344 Y139.66 E838.13996
G0 F9000 X126.778 Y139.66
G1 F1500 X124.939 Y141.498 E838.22644
G0 F9000 X124.711 Y141.161
G1 F1500 X126.212 Y139.66 E838.29704
G0 F9000 X125.647 Y139.66
G1 F1500 X124.474 Y140.832 E838.3522
G0 F9000 X124.177 Y140.564
G1 F1500 X125.081 Y139.66 E838.39472
G0 F9000 X124.515 Y139.66
G1 F1500 X123.88 Y140.295 E838.42459
G0 F9000 X123.495 Y140.115
G1 F1500 X123.949 Y139.66 E838.44596
G0 F9000 X123.384 Y139.66
G1 F1500 X123.105 Y139.939 E838.45909
G0 F9000 X122.762 Y139.717
G1 F1500 X122.695 Y139.783 E838.46221
G0 F9000 X122.568 Y140.29
G0 X124.575 Y141.667
G0 X124.896 Y144.476
G0 X137.852 Y144.476
G0 X138.172 Y141.669
G0 X140.295 Y140.203
G0 X142.69 Y141.112
G0 X143.38 Y142.856
G0 X143.396 Y144.476
G0 X147.518 Y144.487
G0 X147.905 Y144.444
G0 X148.522 Y144.146
G0 X148.955 Y143.606
G0 X149.069 Y143.281
G0 X149.111 Y140.854
G0 X149.069 Y140.467
G0 X148.772 Y139.849
G0 X148.523 Y139.6
G0 X147.905 Y139.303
G0 X121.622 Y139.2
G0 X121.622 Y139.724
G1 F1500 X121.554 Y139.792 E838.46541
G0 F9000 X121.112 Y139.669
G1 F1500 X120.576 Y140.205 E838.49062
G0 F9000 X120.555 Y139.66
G1 F1500 X116.127 Y144.089 E838.69893
G0 F9000 X116.692 Y144.089
G1 F1500 X119.343 Y141.438 E838.82362
G0 F9000 X119.034 Y142.312
G1 F1500 X117.258 Y144.089 E838.90718
G0 F9000 X117.824 Y144.089
G1 F1500 X118.97 Y142.942 E838.96111
G0 F9000 X118.967 Y143.511
G1 F1500 X118.389 Y144.089 E838.9883
G0 F9000 X118.389 Y144.548
G0 X115.561 Y144.548
G0 X115.561 Y144.089
G1 F1500 X119.99 Y139.66 E839.19663
G0 F9000 X119.424 Y139.66
G1 F1500 X114.995 Y144.089 E839.40495
G0 F9000 X114.43 Y144.089
G1 F1500 X118.858 Y139.66 E839.61326
G0 F9000 X118.293 Y139.66
G1 F1500 X113.864 Y144.089 E839.82158
G0 F9000 X113.298 Y144.089
G1 F1500 X117.727 Y139.66 E840.02991
G0 F9000 X117.161 Y139.66
G1 F1500 X112.733 Y144.089 E840.23821
G0 F9000 X112.167 Y144.089
G1 F1500 X116.596 Y139.66 E840.44654
G0 F9000 X116.03 Y139.66
G1 F1500 X111.601 Y144.089 E840.65486
G0 F9000 X111.036 Y144.089
G1 F1500 X115.464 Y139.66 E840.86317
G0 F9000 X114.898 Y139.66
G1 F1500 X110.47 Y144.089 E841.07147
G0 F9000 X109.904 Y144.089
G1 F1500 X114.333 Y139.66 E841.2798
G0 F9000 X113.767 Y139.66
G1 F1500 X109.339 Y144.089 E841.4881
G0 F9000 X108.773 Y144.089
G1 F1500 X113.201 Y139.66 E841.6964
G0 F9000 X112.636 Y139.66
G1 F1500 X108.207 Y144.089 E841.90473
G0 F9000 X107.641 Y144.089
G1 F1500 X112.07 Y139.66 E842.11306
G0 F9000 X111.504 Y139.66
G1 F1500 X107.076 Y144.089 E842.32136
G0 F9000 X106.782 Y143.817
G1 F1500 X110.939 Y139.66 E842.51689
G0 F9000 X110.373 Y139.66
G1 F1500 X106.779 Y143.254 E842.68594
G0 F9000 X106.759 Y142.708
G1 F1500 X109.807 Y139.66 E842.82931
G0 F9000 X109.242 Y139.66
G1 F1500 X106.7 Y142.202 E842.94888
G0 F9000 X106.55 Y141.786
G1 F1500 X108.676 Y139.66 E843.04888
G0 F9000 X108.11 Y139.66
G1 F1500 X106.375 Y141.395 E843.13049
G0 F9000 X106.143 Y141.061
G1 F1500 X107.545 Y139.66 E843.19641
G0 F9000 X106.979 Y139.66
G1 F1500 X105.886 Y140.752 E843.2478
G0 F9000 X105.589 Y140.484
G1 F1500 X106.413 Y139.66 E843.28656
G0 F9000 X105.848 Y139.66
G1 F1500 X105.292 Y140.215 E843.31269
G0 F9000 X104.884 Y140.058
G1 F1500 X105.282 Y139.66 E843.33141
G0 F9000 X104.715 Y139.661
G1 F1500 X104.484 Y139.893 E843.3423
G1 F2700 E838.3423
G0 F9000 X104.366 Y140.365
G0 X106.075 Y141.667
G0 X106.396 Y144.476
G0 X119.352 Y144.476
G0 X119.672 Y141.669
G0 X121.795 Y140.203
G0 X124.19 Y141.112
G0 X124.88 Y142.856
G0 X124.896 Y144.476
G0 X137.852 Y144.476
G0 X138.172 Y141.669
G0 X140.295 Y140.203
G0 X142.69 Y141.112
G0 X143.38 Y142.856
G0 X143.396 Y144.476
G0 X147.518 Y144.487
G0 X147.905 Y144.444
G0 X148.522 Y144.146
G0 X148.955 Y143.606
G0 X149.069 Y143.281
G0 X149.111 Y140.854
G0 X149.069 Y140.467
G0 X148.772 Y139.849
G0 X148.523 Y139.6
G0 X147.905 Y139.303
G0 X102.971 Y139.2
G0 X102.971 Y139.708
G1 F2700 E843.3423
G1 F1500 X102.791 Y139.888 E843.35076
G0 F9000 X102.453 Y139.66
G1 F1500 X101.426 Y140.687 E843.39907
G0 F9000 X101.202 Y140.912
G1 F1500 X98.026 Y144.088 E843.54846
G0 F9000 X98.591 Y144.088
G1 F1500 X100.579 Y142.1 E843.64197
G0 F9000 X100.475 Y142.77
G1 F1500 X99.157 Y144.088 E843.70396
G0 F9000 X99.723 Y144.088
G1 F1500 X100.468 Y143.343 E843.73901
G0 F9000 X100.464 Y143.912
G1 F1500 X100.288 Y144.088 E843.74728
G0 F9000 X100.288 Y144.548
G0 X97.46 Y144.548
G0 X97.46 Y144.088
G1 F1500 X101.888 Y139.66 E843.95556
G0 F9000 X101.322 Y139.66
G1 F1500 X96.894 Y144.088 E844.16384
G0 F9000 X96.328 Y144.088
G1 F1500 X100.756 Y139.66 E844.37212
G0 F9000 X100.191 Y139.66
G1 F1500 X95.763 Y144.088 E844.5804
G0 F9000 X95.197 Y144.088
G1 F1500 X99.625 Y139.66 E844.78868
G0 F9000 X99.059 Y139.66
G1 F1500 X94.631 Y144.088 E844.99696
G0 F9000 X94.066 Y144.088
G1 F1500 X98.494 Y139.66 E845.20524
G0 F9000 X97.928 Y139.66
G1 F1500 X93.5 Y144.088 E845.41352
G0 F9000 X92.934 Y144.088
G1 F1500 X97.454 Y139.568 E845.62613
G0 F9000 X97.106 Y139.35
G1 F1500 X92.369 Y144.088 E845.84897
G0 F9000 X91.803 Y144.088
G1 F1500 X96.857 Y139.034 E846.08669
G0 F9000 X96.719 Y138.606
G1 F1500 X91.237 Y144.088 E846.34455
G0 F9000 X90.672 Y144.088
G1 F1500 X96.712 Y138.048 E846.62865
G0 F9000 X96.712 Y137.482
G1 F1500 X90.106 Y144.088 E846.93938
G0 F9000 X89.54 Y144.088
G1 F1500 X96.712 Y136.916 E847.27672
G0 F9000 X96.712 Y136.351
G1 F1500 X88.975 Y144.088 E847.64065
G0 F9000 X88.409 Y144.088
G1 F1500 X96.712 Y135.785 E848.0312
G0 F9000 X96.712 Y135.219
G1 F1500 X87.843 Y144.088 E848.44837
G0 F9000 X87.3 Y144.065
G1 F1500 X96.712 Y134.654 E848.89106
G0 F9000 X96.712 Y134.088
G1 F1500 X86.875 Y143.925 E849.35376
G0 F9000 X86.565 Y143.669
G1 F1500 X96.712 Y133.522 E849.83104
G0 F9000 X96.712 Y132.957
G1 F1500 X86.36 Y143.309 E850.31797
G0 F9000 X86.285 Y142.817
G1 F1500 X96.712 Y132.391 E850.8084
G0 F9000 X96.712 Y131.825
G1 F1500 X86.285 Y142.251 E851.29883
G0 F9000 X86.285 Y141.686
G1 F1500 X96.712 Y131.26 E851.78926
G0 F9000 X96.712 Y130.694
G1 F1500 X86.285 Y141.12 E852.27969
G0 F9000 X86.285 Y140.554
G1 F1500 X96.712 Y130.128 E852.77012
G0 F9000 X96.37 Y129.904
G1 F1500 X86.285 Y139.989 E853.24449
G0 F9000 X86.285 Y139.423
G1 F1500 X95.809 Y129.9 E853.69244
G0 F9000 X95.261 Y129.881
G1 F1500 X86.285 Y138.857 E854.11465
G0 F9000 X86.285 Y138.292
G1 F1500 X94.759 Y129.818 E854.51324
G0 F9000 X94.349 Y129.662
G1 F1500 X86.285 Y137.726 E854.89255
G0 F9000 X86.285 Y137.16
G1 F1500 X93.963 Y129.483 E855.25367
G0 F9000 X93.627 Y129.253
G1 F1500 X86.285 Y136.595 E855.59902
G0 F9000 X86.285 Y136.029
G1 F1500 X93.318 Y128.997 E855.9298
G0 F9000 X93.048 Y128.701
G1 F1500 X86.285 Y135.463 E856.24789
G0 F9000 X86.285 Y134.898
G1 F1500 X92.816 Y128.367 E856.55509
G0 F9000 X92.622 Y127.996
G1 F1500 X86.285 Y134.332 E856.85314
G0 F9000 X86.285 Y133.766
G1 F1500 X92.483 Y127.568 E857.14467
G0 F9000 X92.384 Y127.102
G1 F1500 X86.285 Y133.201 E857.43155
G0 F9000 X86.285 Y132.635
G1 F1500 X92.381 Y126.54 E857.71827
G0 F9000 X92.502 Y125.852
G1 F1500 X86.285 Y132.069 E858.01069
G0 F9000 X86.285 Y131.503
G1 F1500 X96.712 Y121.077 E858.50112
G0 F9000 X96.712 Y120.512
G1 F1500 X86.285 Y130.938 E858.99156
G0 F9000 X86.285 Y130.372
G1 F1500 X96.712 Y119.946 E859.48199
G0 F9000 X96.712 Y119.38
G1 F1500 X86.285 Y129.806 E859.97242
G0 F9000 X86.285 Y129.241
G1 F1500 X96.712 Y118.814 E860.46287
G0 F9000 X96.712 Y118.249
G1 F1500 X86.285 Y128.675 E860.9533
G0 F9000 X86.285 Y128.109
G1 F1500 X96.712 Y117.683 E861.44373
G0 F9000 X96.712 Y117.117
G1 F1500 X86.285 Y127.544 E861.93419
G0 F9000 X86.285 Y126.978
G1 F1500 X96.712 Y116.552 E862.42462
G0 F9000 X96.712 Y115.986
G1 F1500 X86.285 Y126.412 E862.91505
G0 F9000 X86.285 Y125.847
G1 F1500 X96.712 Y115.42 E863.4055
G0 F9000 X96.712 Y114.855
G1 F1500 X86.285 Y125.281 E863.89593
G0 F9000 X86.285 Y124.715
G1 F1500 X96.712 Y114.289 E864.38636
G0 F9000 X96.712 Y113.723
G1 F1500 X86.285 Y124.15 E864.87682
G0 F9000 X86.285 Y123.584
G1 F1500 X96.712 Y113.158 E865.36725
G0 F9000 X96.712 Y112.592
G1 F1500 X86.285 Y123.018 E865.85768
G0 F9000 X86.285 Y122.453
G1 F1500 X96.712 Y112.026 E866.34813
G0 F9000 X96.712 Y111.461
G1 F1500 X86.285 Y121.887 E866.83856
G0 F9000 X86.285 Y121.321
G1 F1500 X96.204 Y111.403 E867.3051
G0 F9000 X95.643 Y111.398
G1 F1500 X86.285 Y120.755 E867.74525
G0 F9000 X86.285 Y120.19
G1 F1500 X95.112 Y111.363 E868.16044
G0 F9000 X94.636 Y111.273
G1 F1500 X86.285 Y119.624 E868.55325
G0 F9000 X86.285 Y119.058
G1 F1500 X94.228 Y111.115 E868.92686
G0 F9000 X93.863 Y110.915
G1 F1500 X86.285 Y118.493 E869.28331
G0 F9000 X86.285 Y117.927
G1 F1500 X93.528 Y110.685 E869.62397
G0 F9000 X93.238 Y110.408
G1 F1500 X86.285 Y117.362 E869.95104
G0 F9000 X86.285 Y116.796
G1 F1500 X92.968 Y110.113 E870.26539
G0 F9000 X92.758 Y109.757
G1 F1500 X86.285 Y116.231 E870.56988
G0 F9000 X86.285 Y115.665
G1 F1500 X92.565 Y109.385 E870.86528
G0 F9000 X92.452 Y108.932
G1 F1500 X86.285 Y115.099 E871.15535
G0 F9000 X86.285 Y114.534
G1 F1500 X92.384 Y108.435 E871.44223
G0 F9000 X92.38 Y107.873
G1 F1500 X86.285 Y113.968 E871.72892
G0 F9000 X86.285 Y113.402
G1 F1500 X92.555 Y107.132 E872.02384
G0 F9000 X92.991 Y107.288
G0 X94.524 Y105.754
G0 X94.362 Y105.325
G1 F1500 X96.712 Y102.975 E872.13438
G0 F9000 X96.712 Y102.41
G1 F1500 X86.285 Y112.837 E872.62483
G0 F9000 X86.285 Y112.271
G1 F1500 X96.712 Y101.844 E873.11529
G0 F9000 X96.712 Y101.278
G1 F1500 X86.285 Y111.705 E873.60574
G0 F9000 X86.285 Y111.14
G1 F1500 X96.712 Y100.713 E874.0962
G0 F9000 X96.712 Y100.147
G1 F1500 X86.285 Y110.574 E874.58665
G0 F9000 X86.285 Y110.008
G1 F1500 X96.712 Y99.581 E875.0771
G0 F9000 X96.712 Y99.015
G1 F1500 X86.285 Y109.442 E875.56756
G0 F9000 X86.285 Y108.877
G1 F1500 X96.712 Y98.45 E876.05801
G0 F9000 X96.712 Y97.884
G1 F1500 X86.285 Y108.311 E876.54847
G0 F9000 X86.285 Y107.745
G1 F1500 X96.712 Y97.318 E877.03892
G0 F9000 X96.712 Y96.753
G1 F1500 X86.285 Y107.18 E877.52938
G0 F9000 X86.285 Y106.614
G1 F1500 X96.772 Y96.127 E878.02265
G0 F9000 X97.21 Y96.267
G0 X97.644 Y95.842
G0 X97.487 Y95.411
G1 F1500 X100.501 Y92.398 E878.1644
G0 F9000 X100.575 Y92.89
G1 F1500 X98.119 Y95.346 E878.27992
G0 F9000 X98.685 Y95.345
G1 F1500 X100.731 Y93.299 E878.37616
G0 F9000 X100.923 Y93.673
G1 F1500 X99.252 Y95.344 E878.45476
G0 F9000 X99.818 Y95.343
G1 F1500 X101.152 Y94.01 E878.51748
G0 F9000 X101.423 Y94.304
G1 F1500 X100.385 Y95.342 E878.5663
G0 F9000 X100.952 Y95.341
G1 F1500 X101.724 Y94.568 E878.60264
G0 F9000 X102.071 Y94.788
G1 F1500 X101.518 Y95.341 E878.62865
G0 F9000 X102.084 Y95.34
G1 F1500 X102.442 Y94.982 E878.64549
G0 F9000 X102.669 Y95.321
G1 F1500 X102.852 Y95.138 E878.6541
G1 F2700 E873.6541
G0 F9000 X102.969 Y94.654
G0 X105.197 Y94.328
G0 X106.38 Y92.14
G0 X106.396 Y90.52
G0 X119.352 Y90.52
G0 X119.672 Y93.327
G0 X121.787 Y94.793
G0 X124.19 Y93.884
G0 X124.88 Y92.14
G0 X124.896 Y90.52
G0 X137.852 Y90.52
G0 X138.172 Y93.327
G0 X140.287 Y94.793
G0 X142.69 Y93.884
G0 X143.38 Y92.14
G0 X143.396 Y90.52
G0 X147.515 Y90.509
G0 X147.905 Y90.555
G0 X148.232 Y90.667
G0 X148.773 Y91.103
G0 X148.954 Y91.389
G0 X149.069 Y91.718
G0 X149.111 Y94.146
G0 X149.069 Y94.53
G0 X148.773 Y95.145
G0 X148.523 Y95.396
G0 X147.903 Y95.693
G0 X104.385 Y95.8
G0 X104.385 Y95.302
G1 F2700 E878.6541
G1 F1500 X104.649 Y95.038 E878.66652
G0 F9000 X104.913 Y95.34
G1 F1500 X109.345 Y90.908 E878.87498
G0 F9000 X109.911 Y90.908
G1 F1500 X105.478 Y95.34 E879.08348
G0 F9000 X106.044 Y95.34
G1 F1500 X110.476 Y90.908 E879.29194
G0 F9000 X111.042 Y90.908
G1 F1500 X106.61 Y95.34 E879.50041
G0 F9000 X107.175 Y95.34
G1 F1500 X111.608 Y90.908 E879.7089
G0 F9000 X112.173 Y90.908
G1 F1500 X107.741 Y95.34 E879.91737
G0 F9000 X108.307 Y95.34
G1 F1500 X112.739 Y90.908 E880.12584
G0 F9000 X113.305 Y90.908
G1 F1500 X108.873 Y95.34 E880.33431
G0 F9000 X109.438 Y95.34
G1 F1500 X113.87 Y90.908 E880.54277
G0 F9000 X114.436 Y90.908
G1 F1500 X110.004 Y95.34 E880.75124
G0 F9000 X110.57 Y95.34
G1 F1500 X115.002 Y90.908 E880.95971
G0 F9000 X115.567 Y90.908
G1 F1500 X111.135 Y95.34 E881.16818
G0 F9000 X111.701 Y95.34
G1 F1500 X116.133 Y90.908 E881.37664
G0 F9000 X116.699 Y90.908
G1 F1500 X112.267 Y95.34 E881.58511
G0 F9000 X112.832 Y95.34
G1 F1500 X117.264 Y90.908 E881.79358
G0 F9000 X117.83 Y90.908
G1 F1500 X113.398 Y95.34 E882.00205
G0 F9000 X113.964 Y95.34
G1 F1500 X118.396 Y90.908 E882.21051
G0 F9000 X118.962 Y90.908
G1 F1500 X114.529 Y95.34 E882.41901
G0 F9000 X115.095 Y95.34
G1 F1500 X118.964 Y91.471 E882.60099
G0 F9000 X118.965 Y92.036
G1 F1500 X115.661 Y95.34 E882.7564
G0 F9000 X116.226 Y95.34
G1 F1500 X119.018 Y92.548 E882.88773
G0 F9000 X119.121 Y93.011
G1 F1500 X116.792 Y95.34 E882.99728
G0 F9000 X117.358 Y95.34
G1 F1500 X119.277 Y93.421 E883.08754
G0 F9000 X119.49 Y93.773
G1 F1500 X117.923 Y95.34 E883.16125
G0 F9000 X118.489 Y95.34
G1 F1500 X119.72 Y94.11 E883.21913
G0 F9000 X120.012 Y94.382
G1 F1500 X119.055 Y95.34 E883.26417
G0 F9000 X119.621 Y95.34
G1 F1500 X120.314 Y94.647 E883.29676
G0 F9000 X120.681 Y94.846
G1 F1500 X120.186 Y95.34 E883.32002
G0 F9000 X120.753 Y95.339
G1 F1500 X121.062 Y95.029 E883.33458
G0 F9000 X121.36 Y95.297
G1 F1500 X121.475 Y95.183 E883.33997
G1 F2700 E878.33997
G0 F9000 X121.596 Y94.685
G0 X123.697 Y94.328
G0 X124.88 Y92.14
G0 X124.896 Y90.52
G0 X137.852 Y90.52
G0 X138.172 Y93.327
G0 X140.287 Y94.793
G0 X142.69 Y93.884
G0 X143.38 Y92.14
G0 X143.396 Y90.52
G0 X147.515 Y90.509
G0 X147.905 Y90.555
G0 X148.232 Y90.667
G0 X148.773 Y91.103
G0 X148.954 Y91.389
G0 X149.069 Y91.718
G0 X149.111 Y94.146
G0 X149.069 Y94.53
G0 X148.773 Y95.145
G0 X148.523 Y95.396
G0 X147.903 Y95.693
G0 X123.035 Y95.8
G0 X123.035 Y95.319
G1 F2700 E883.33997
G1 F1500 X123.452 Y94.902 E883.35958
G0 F9000 X123.58 Y95.34
G1 F1500 X128.012 Y90.908 E883.56805
G0 F9000 X127.447 Y90.908
G1 F1500 X124.989 Y93.366 E883.68366
G0 F9000 X125.228 Y92.561
G1 F1500 X126.881 Y90.908 E883.76142
G0 F9000 X126.315 Y90.908
G1 F1500 X125.275 Y91.948 E883.81033
G0 F9000 X125.28 Y91.378
G1 F1500 X125.75 Y90.908 E883.83244
G0 F9000 X125.75 Y90.448
G0 X128.578 Y90.448
G0 X128.578 Y90.908
G1 F1500 X124.146 Y95.34 E884.04091
G0 F9000 X124.712 Y95.34
G1 F1500 X129.144 Y90.908 E884.24938
G0 F9000 X129.71 Y90.908
G1 F1500 X125.277 Y95.34 E884.45787
G0 F9000 X125.843 Y95.34
G1 F1500 X130.275 Y90.908 E884.66634
G0 F9000 X130.841 Y90.908
G1 F1500 X126.409 Y95.34 E884.8748
G0 F9000 X126.974 Y95.34
G1 F1500 X131.407 Y90.908 E885.0833
G0 F9000 X131.972 Y90.908
G1 F1500 X127.54 Y95.34 E885.29176
G0 F9000 X128.106 Y95.34
G1 F1500 X132.538 Y90.908 E885.50023
G0 F9000 X133.104 Y90.908
G1 F1500 X128.672 Y95.34 E885.7087
G0 F9000 X129.237 Y95.34
G1 F1500 X133.669 Y90.908 E885.91717
G0 F9000 X134.235 Y90.908
G1 F1500 X129.803 Y95.34 E886.12563
G0 F9000 X130.369 Y95.34
G1 F1500 X134.801 Y90.908 E886.3341
G0 F9000 X135.366 Y90.908
G1 F1500 X130.934 Y95.34 E886.54257
G0 F9000 X131.5 Y95.34
G1 F1500 X135.932 Y90.908 E886.75104
G0 F9000 X136.498 Y90.908
G1 F1500 X132.066 Y95.34 E886.9595
G0 F9000 X132.631 Y95.34
G1 F1500 X137.063 Y90.908 E887.16797
G0 F9000 X137.464 Y91.073
G1 F1500 X133.197 Y95.34 E887.36868
G0 F9000 X133.763 Y95.34
G1 F1500 X137.465 Y91.638 E887.54281
G0 F9000 X137.479 Y92.19
G1 F1500 X134.328 Y95.34 E887.691
G0 F9000 X134.894 Y95.34
G1 F1500 X137.534 Y92.7 E887.81518
G0 F9000 X137.667 Y93.132
G1 F1500 X135.46 Y95.34 E887.91901
G0 F9000 X136.025 Y95.34
G1 F1500 X137.83 Y93.535 E888.00391
G0 F9000 X138.058 Y93.873
G1 F1500 X136.591 Y95.34 E888.07292
G0 F9000 X137.157 Y95.34
G1 F1500 X138.301 Y94.196 E888.12673
G0 F9000 X138.602 Y94.46
G1 F1500 X137.722 Y95.34 E888.16812
G0 F9000 X138.288 Y95.34
G1 F1500 X138.902 Y94.726 E888.197
G0 F9000 X139.291 Y94.903
G1 F1500 X138.855 Y95.339 E888.21751
G0 F9000 X139.42 Y95.339
G1 F1500 X139.685 Y95.075 E888.22995
G0 F9000 X139.797 Y94.612
G0 X142.197 Y94.328
G0 X143.38 Y92.14
G0 X143.396 Y90.52
G0 X147.515 Y90.509
G0 X147.905 Y90.555
G0 X148.232 Y90.667
G0 X148.773 Y91.103
G0 X148.954 Y91.389
G0 X149.069 Y91.718
G0 X149.111 Y94.146
G0 X149.069 Y94.53
G0 X148.773 Y95.145
G0 X148.523 Y95.396
G0 X147.903 Y95.693
G0 X141.177 Y95.8
G0 X141.177 Y95.28
G1 F1500 X141.288 Y95.169 E888.23517
G0 F9000 X141.687 Y95.336
G1 F1500 X142.3 Y94.723 E888.264
G0 F9000 X142.247 Y95.341
G1 F1500 X146.68 Y90.908 E888.47252
G0 F9000 X147.246 Y90.908
G1 F1500 X142.813 Y95.341 E888.68103
G0 F9000 X143.379 Y95.341
G1 F1500 X147.778 Y90.941 E888.88797
G0 F9000 X148.178 Y91.106
G1 F1500 X143.944 Y95.341 E889.08715
G0 F9000 X144.51 Y95.341
G1 F1500 X148.473 Y91.378 E889.27356
G0 F9000 X148.658 Y91.758
G1 F1500 X145.076 Y95.341 E889.44207
G0 F9000 X145.641 Y95.341
G1 F1500 X148.712 Y92.27 E889.58652
G0 F9000 X148.712 Y92.836
G1 F1500 X146.207 Y95.341 E889.70434
G0 F9000 X146.773 Y95.341
G1 F1500 X148.712 Y93.402 E889.79555
G0 F9000 X148.712 Y93.967
G1 F1500 X147.338 Y95.341 E889.86018
G0 F9000 X148.02 Y95.225
G1 F1500 X148.603 Y94.641 E889.88762
G0 F9000 X149.04 Y94.795
G0 X149.111 Y94.146
G0 X149.069 Y91.718
G0 X148.954 Y91.389
G0 X148.522 Y90.85
G0 X148.232 Y90.667
G0 X147.967 Y90.576
G0 X146.114 Y90.448
G0 X146.114 Y90.908
G1 F1500 X143.254 Y93.768 E890.02215
G0 F9000 X142.878 Y93.508
G0 X143.249 Y92.694
G0 X143.705 Y92.752
G1 F1500 X145.549 Y90.908 E890.10889
G0 F9000 X144.983 Y90.908
G1 F1500 X143.774 Y92.117 E890.16575
G0 F9000 X143.779 Y91.546
G1 F1500 X144.417 Y90.908 E890.19576
G0 F9000 X143.852 Y90.908
G1 F1500 X143.783 Y90.976 E890.19899
G1 F2700 E885.19899
G0 F9000 X143.323 Y90.974
G0 X143.006 Y92.637
G0 X142.797 Y93.189
G0 X142.46 Y93.676
G0 X142.018 Y94.068
G0 X141.494 Y94.343
G0 X140.92 Y94.484
G0 X140.33 Y94.484
G0 X139.756 Y94.343
G0 X139.232 Y94.068
G0 X138.79 Y93.676
G0 X138.453 Y93.189
G0 X138.244 Y92.637
G0 X137.852 Y90.52
G0 X124.896 Y90.52
G0 X124.506 Y92.637
G0 X124.297 Y93.189
G0 X123.96 Y93.676
G0 X123.518 Y94.068
G0 X122.994 Y94.343
G0 X122.42 Y94.484
G0 X121.83 Y94.484
G0 X121.256 Y94.343
G0 X120.732 Y94.068
G0 X120.29 Y93.676
G0 X119.953 Y93.189
G0 X119.744 Y92.637
G0 X119.352 Y90.52
G0 X108.779 Y90.448
G0 X108.779 Y90.908
G1 F2700 E890.19899
G1 F1500 X106.591 Y93.096 E890.3019
G0 F9000 X106.751 Y92.37
G1 F1500 X108.214 Y90.908 E890.37069
G0 F9000 X107.648 Y90.908
G1 F1500 X106.777 Y91.779 E890.41166
G0 F9000 X106.781 Y91.209
G1 F1500 X107.082 Y90.908 E890.42582
G0 F9000 X107.082 Y90.448
G0 X106.074 Y90.588
G0 X106.074 Y92.077
G0 X106.006 Y92.637
G0 X105.797 Y93.189
G0 X105.46 Y93.676
G0 X105.018 Y94.068
G0 X104.494 Y94.343
G0 X103.92 Y94.484
G0 X103.33 Y94.484
G0 X102.756 Y94.343
G0 X102.232 Y94.068
G0 X101.79 Y93.676
G0 X101.453 Y93.189
G0 X101.335 Y92.876
G0 X100.924 Y91.303
G0 X100.464 Y91.303
G1 F1500 X86.285 Y105.483 E891.09278
G0 F9000 X86.285 Y106.048
G1 F1500 X100.466 Y91.867 E891.75981
G0 F9000 X100.294 Y90.908
G1 F1500 X86.285 Y104.917 E892.41875
G0 F9000 X86.285 Y104.351
G1 F1500 X99.728 Y90.908 E893.05107
G0 F9000 X99.163 Y90.908
G1 F1500 X86.285 Y103.786 E893.65681
G0 F9000 X86.285 Y103.22
G1 F1500 X98.597 Y90.908 E894.23593
G0 F9000 X98.031 Y90.908
G1 F1500 X86.285 Y102.654 E894.78843
G0 F9000 X86.285 Y102.089
G1 F1500 X97.465 Y90.908 E895.31432
G0 F9000 X96.9 Y90.908
G1 F1500 X86.285 Y101.523 E895.81362
G0 F9000 X86.285 Y100.957
G1 F1500 X96.334 Y90.908 E896.28629
G0 F9000 X95.768 Y90.908
G1 F1500 X86.285 Y100.391 E896.73235
G0 F9000 X86.285 Y99.826
G1 F1500 X95.203 Y90.908 E897.15182
G0 F9000 X94.637 Y90.908
G1 F1500 X86.285 Y99.26 E897.54467
G0 F9000 X86.285 Y98.694
G1 F1500 X94.071 Y90.908 E897.9109
G0 F9000 X93.506 Y90.908
G1 F1500 X86.285 Y98.129 E898.25056
G0 F9000 X86.285 Y97.563
G1 F1500 X92.94 Y90.908 E898.56359
G0 F9000 X92.374 Y90.908
G1 F1500 X86.285 Y96.997 E898.84999
G0 F9000 X86.285 Y96.432
G1 F1500 X91.809 Y90.908 E899.10983
G0 F9000 X91.243 Y90.908
G1 F1500 X86.285 Y95.866 E899.34304
G0 F9000 X86.285 Y95.3
G1 F1500 X90.677 Y90.908 E899.54962
G0 F9000 X90.112 Y90.908
G1 F1500 X86.285 Y94.735 E899.72963
G0 F9000 X86.285 Y94.169
G1 F1500 X89.546 Y90.908 E899.88302
G0 F9000 X88.98 Y90.908
G1 F1500 X86.285 Y93.603 E900.00978
G0 F9000 X86.285 Y93.038
G1 F1500 X88.415 Y90.908 E900.10997
G0 F9000 X87.849 Y90.908
G1 F1500 X86.285 Y92.472 E900.18354
G0 F9000 X86.31 Y91.881
G1 F1500 X87.256 Y90.935 E900.22804
G1 F2700 E895.22804
G0 F9000 X87.204 Y90.48
G0 X100.852 Y90.52
G0 X101.172 Y93.327
G0 X103.287 Y94.793
G0 X105.69 Y93.884
G0 X106.38 Y92.14
G0 X106.396 Y90.52
G0 X119.352 Y90.52
G0 X119.672 Y93.327
G0 X121.787 Y94.793
G0 X124.19 Y93.884
G0 X124.88 Y92.14
G0 X124.896 Y90.52
G0 X137.852 Y90.52
G0 X138.172 Y93.327
G0 X140.287 Y94.793
G0 X142.69 Y93.884
G0 X143.38 Y92.14
G0 X143.396 Y90.52
G0 X147.515 Y90.509
G0 X147.905 Y90.555
G0 X148.232 Y90.667
G0 X148.773 Y91.103
G0 X148.954 Y91.389
G0 X149.069 Y91.718
G0 X149.111 Y94.146
G0 X149.069 Y94.53
G0 X148.773 Y95.145
G0 X148.523 Y95.396
G0 X147.903 Y95.693
G0 X147.515 Y95.739
G0 X97.284 Y96.015
G0 X97.172 Y103.542
G0 X96.712 Y103.541
G1 F2700 E900.22804
G1 F1500 X95.124 Y105.128 E900.30271
G0 F9000 X95.727 Y105.091
G1 F1500 X96.712 Y104.107 E900.34901
G0 F9000 X96.712 Y104.672
G1 F1500 X96.295 Y105.09 E900.36865
G0 F9000 X96.296 Y105.551
G0 X94.938 Y105.869
G0 X94.386 Y106.078
G0 X93.899 Y106.415
G0 X93.507 Y106.857
G0 X93.232 Y107.381
G0 X93.091 Y107.955
G0 X93.091 Y108.545
G0 X93.232 Y109.119
G0 X93.507 Y109.643
G0 X93.899 Y110.085
G0 X94.386 Y110.422
G0 X94.938 Y110.631
G0 X97.1 Y111.02
G0 X97.172 Y121.643
G0 X96.712 Y121.643
G1 F1500 X94.634 Y123.72 E900.46637
G0 F9000 X95.314 Y123.607
G1 F1500 X96.712 Y122.209 E900.53213
G0 F9000 X96.712 Y122.774
G1 F1500 X95.895 Y123.591 E900.57056
G0 F9000 X96.462 Y123.59
G1 F1500 X96.712 Y123.34 E900.58232
G1 F2700 E895.58232
;MESH:NONMESH
G0 F300 X96.712 Y123.34 Z2.6
G0 F9000 X97.172 Y123.34
G0 X97.437 Y124.312
G0 X95.498 Y124.301
G0 X94.938 Y124.369
G0 X94.386 Y124.578
G0 X93.899 Y124.915
G0 X93.507 Y125.357
G0 X93.232 Y125.881
G0 X93.091 Y126.455
G0 X93.091 Y127.045
G0 X93.232 Y127.619
G0 X93.507 Y128.143
G0 X93.899 Y128.585
G0 X94.386 Y128.922
G0 X94.938 Y129.131
G0 X95.498 Y129.199
G0 X97.437 Y129.188
G0 X97.437 Y138.938
G0 X147.518 Y139.261
G0 X147.905 Y139.303
G0 X148.523 Y139.6
G0 X148.772 Y139.849
G0 X149.069 Y140.467
G0 X149.111 Y142.894
G0 X149.069 Y143.281
G0 X148.955 Y143.606
G0 X148.522 Y144.146
G0 X147.905 Y144.444
G0 X147.518 Y144.487
G0 X143.396 Y144.476
G0 X143.075 Y141.667
G0 X140.966 Y140.203
G0 X138.552 Y141.114
G0 X137.869 Y142.856
G0 X137.852 Y144.476
G0 X124.896 Y144.476
G0 X124.575 Y141.667
G0 X122.466 Y140.203
G0 X120.052 Y141.114
G0 X119.369 Y142.856
G0 X119.352 Y144.476
G0 X117.5 Y144.648
;TIME_ELAPSED:1476.804794
;LAYER:12
;TYPE:WALL-INNER
;MESH:Battery_holder.stl
G1 F2700 E900.58232
G1 F1500 X119.524 Y144.648 E900.64964
G1 X119.528 Y142.878 E900.70851
G1 X119.599 Y142.314 E900.72741
G1 X119.816 Y141.744 E900.7477
G1 X120.173 Y141.221 E900.76876
G1 X120.646 Y140.8 E900.78982
G1 X121.206 Y140.513 E900.81075
G1 X121.813 Y140.364 E900.83154
G1 X122.446 Y140.364 E900.85259
G1 X123.044 Y140.513 E900.87309
G1 X123.606 Y140.803 E900.89412
G1 X124.069 Y141.219 E900.91483
G1 X124.431 Y141.742 E900.93598
G1 X124.649 Y142.314 E900.95634
G1 X124.72 Y142.878 E900.97525
G1 X124.724 Y144.648 E901.03412
G1 X138.024 Y144.648 E901.47648
G1 X138.028 Y142.878 E901.53535
G1 X138.099 Y142.314 E901.55426
G1 X138.316 Y141.744 E901.57454
G1 X138.673 Y141.221 E901.5956
G1 X139.146 Y140.8 E901.61666
G1 X139.706 Y140.513 E901.63759
G1 X140.313 Y140.364 E901.65838
G1 X140.946 Y140.364 E901.67944
G1 X141.544 Y140.513 E901.69993
G1 X142.106 Y140.803 E901.72097
G1 X142.569 Y141.219 E901.74167
G1 X142.931 Y141.742 E901.76283
G1 X143.149 Y142.314 E901.78319
G1 X143.22 Y142.878 E901.80209
G1 X143.224 Y144.648 E901.86096
G1 X147.527 Y144.648 E902.00408
G1 X147.942 Y144.603 E902.01796
G1 X148.3 Y144.476 E902.0306
G1 X148.622 Y144.272 E902.04328
G1 X148.9 Y143.994 E902.05635
G1 X149.1 Y143.677 E902.06882
G1 X149.226 Y143.317 E902.08151
G1 X149.272 Y142.903 E902.09536
G1 X149.272 Y140.845 E902.16381
G1 X149.226 Y140.431 E902.17766
G1 X149.099 Y140.07 E902.19039
G1 X148.899 Y139.748 E902.203
G1 X148.624 Y139.473 E902.21593
G1 X148.302 Y139.273 E902.22854
G1 X147.941 Y139.146 E902.24127
G1 X147.527 Y139.1 E902.25512
G1 X97.765 Y139.1 E903.91022
G1 X97.494 Y138.967 E903.92026
G1 X97.346 Y138.791 E903.9279
G1 X97.273 Y138.589 E903.93505
G1 X97.272 Y129.348 E904.24241
G1 X95.454 Y129.344 E904.30287
G1 X94.892 Y129.275 E904.3217
G1 X94.308 Y129.045 E904.34258
G1 X93.801 Y128.696 E904.36305
G1 X93.379 Y128.23 E904.38396
G1 X93.085 Y127.668 E904.40506
G1 X92.94 Y127.058 E904.42591
G1 X92.94 Y126.429 E904.44683
G1 X93.086 Y125.825 E904.4675
G1 X93.384 Y125.268 E904.48851
G1 X93.8 Y124.804 E904.50924
G1 X94.308 Y124.451 E904.52981
G1 X94.892 Y124.221 E904.55069
G1 X95.454 Y124.152 E904.56952
G1 X97.272 Y124.148 E904.62999
G1 X97.272 Y110.848 E905.07235
G1 X95.454 Y110.844 E905.13282
G1 X94.892 Y110.775 E905.15165
G1 X94.308 Y110.545 E905.17252
G1 X93.801 Y110.196 E905.193
G1 X93.379 Y109.73 E905.21391
G1 X93.085 Y109.168 E905.235
G1 X92.94 Y108.558 E905.25586
G1 X92.94 Y107.929 E905.27678
G1 X93.086 Y107.325 E905.29744
G1 X93.384 Y106.768 E905.31845
G1 X93.8 Y106.304 E905.33918
G1 X94.308 Y105.951 E905.35976
G1 X94.892 Y105.721 E905.38063
G1 X95.454 Y105.652 E905.39947
G1 X97.272 Y105.648 E905.45993
G1 X97.273 Y96.464 E905.76539
G1 X97.306 Y96.3 E905.77096
G1 X97.409 Y96.118 E905.77791
G1 X97.603 Y95.963 E905.78617
G1 X97.792 Y95.9 E905.7928
G1 X147.525 Y95.9 E907.44692
G1 X147.939 Y95.851 E907.46079
G1 X148.302 Y95.724 E907.47358
G1 X148.624 Y95.523 E907.48621
G1 X148.9 Y95.247 E907.49919
G1 X149.099 Y94.929 E907.51167
G1 X149.227 Y94.566 E907.52447
G1 X149.272 Y94.155 E907.53822
G1 X149.272 Y92.093 E907.6068
G1 X149.227 Y91.682 E907.62055
G1 X149.099 Y91.319 E907.63336
G1 X148.9 Y91.001 E907.64583
G1 X148.622 Y90.724 E907.65888
G1 X148.302 Y90.521 E907.67149
G1 X147.942 Y90.397 E907.68415
G1 X147.525 Y90.348 E907.69812
G1 X143.224 Y90.348 E907.84117
G1 X143.22 Y92.118 E907.90004
G1 X143.149 Y92.683 E907.91898
G1 X142.931 Y93.254 E907.93931
G1 X142.569 Y93.777 E907.96046
G1 X142.107 Y94.192 E907.98112
G1 X141.544 Y94.487 E908.00226
G1 X140.934 Y94.632 E908.02311
G1 X140.305 Y94.632 E908.04403
G1 X139.703 Y94.487 E908.06463
G1 X139.144 Y94.194 E908.08562
G1 X138.673 Y93.775 E908.10659
G1 X138.316 Y93.252 E908.12765
G1 X138.099 Y92.683 E908.1479
G1 X138.028 Y92.118 E908.16684
G1 X138.024 Y90.348 E908.22571
G1 X124.724 Y90.348 E908.66807
G1 X124.72 Y92.118 E908.72694
G1 X124.649 Y92.683 E908.74588
G1 X124.431 Y93.254 E908.76621
G1 X124.069 Y93.777 E908.78737
G1 X123.607 Y94.192 E908.80802
G1 X123.044 Y94.487 E908.82916
G1 X122.434 Y94.632 E908.85002
G1 X121.805 Y94.632 E908.87094
G1 X121.203 Y94.487 E908.89153
G1 X120.644 Y94.194 E908.91253
G1 X120.173 Y93.775 E908.93349
G1 X119.816 Y93.252 E908.95455
G1 X119.599 Y92.683 E908.97481
G1 X119.528 Y92.118 E908.99375
G1 X119.524 Y90.348 E909.05262
G1 X106.224 Y90.348 E909.49498
G1 X106.22 Y92.118 E909.55385
G1 X106.149 Y92.683 E909.57279
G1 X105.931 Y93.254 E909.59312
G1 X105.569 Y93.777 E909.61427
G1 X105.107 Y94.192 E909.63493
G1 X104.544 Y94.487 E909.65607
G1 X103.934 Y94.632 E909.67692
G1 X103.305 Y94.632 E909.69784
G1 X102.703 Y94.487 E909.71844
G1 X102.144 Y94.194 E909.73943
G1 X101.673 Y93.775 E909.7604
G1 X101.316 Y93.252 E909.78146
G1 X101.099 Y92.683 E909.80171
G1 X101.028 Y92.118 E909.82065
G1 X101.024 Y90.348 E909.87952
G1 X87.471 Y90.348 E910.3303
G1 X87.054 Y90.397 E910.34426
G1 X86.695 Y90.52 E910.35688
G1 X86.378 Y90.723 E910.36941
G1 X86.099 Y91.003 E910.38255
G1 X85.896 Y91.321 E910.3951
G1 X85.77 Y91.682 E910.40782
G1 X85.724 Y92.093 E910.42157
G1 X85.724 Y142.903 E912.11152
G1 X85.77 Y143.318 E912.12541
G1 X85.895 Y143.675 E912.13799
G1 X86.099 Y143.994 E912.15058
G1 X86.379 Y144.273 E912.16373
G1 X86.697 Y144.476 E912.17628
G1 X87.054 Y144.602 E912.18887
G1 X87.469 Y144.648 E912.20276
G1 X101.024 Y144.648 E912.6536
G1 X101.028 Y142.878 E912.71247
G1 X101.099 Y142.314 E912.73137
G1 X101.316 Y141.744 E912.75166
G1 X101.673 Y141.221 E912.77272
G1 X102.146 Y140.8 E912.79378
G1 X102.706 Y140.513 E912.81471
G1 X103.313 Y140.364 E912.8355
G1 X103.946 Y140.364 E912.85655
G1 X104.544 Y140.513 E912.87705
G1 X105.106 Y140.803 E912.89809
G1 X105.569 Y141.219 E912.91879
G1 X105.931 Y141.742 E912.93994
G1 X106.149 Y142.314 E912.9603
G1 X106.22 Y142.878 E912.97921
G1 X106.224 Y144.648 E913.03808
G1 X117.5 Y144.648 E913.41312
G0 F9000 X117.5 Y145.048
;TYPE:WALL-OUTER
G1 F1500 X119.924 Y145.048 E913.49374
G1 X119.925 Y142.927 E913.56429
G1 X119.987 Y142.429 E913.58098
G1 X120.186 Y141.911 E913.59944
G1 X120.495 Y141.47 E913.61735
G1 X120.896 Y141.122 E913.63501
G1 X121.367 Y140.885 E913.65254
G1 X121.831 Y140.769 E913.66845
G1 X122.417 Y140.769 E913.68794
G1 X122.881 Y140.885 E913.70385
G1 X123.375 Y141.134 E913.72225
G1 X123.781 Y141.506 E913.74056
G1 X124.083 Y141.952 E913.75848
G1 X124.263 Y142.439 E913.77575
G1 X124.323 Y142.927 E913.7921
G1 X124.324 Y145.048 E913.86264
G1 X138.424 Y145.048 E914.33161
G1 X138.425 Y142.927 E914.40216
G1 X138.487 Y142.429 E914.41885
G1 X138.686 Y141.911 E914.43731
G1 X138.995 Y141.47 E914.45522
G1 X139.396 Y141.122 E914.47287
G1 X139.867 Y140.885 E914.49041
G1 X140.331 Y140.769 E914.50632
G1 X140.917 Y140.769 E914.52581
G1 X141.381 Y140.885 E914.54172
G1 X141.875 Y141.134 E914.56012
G1 X142.281 Y141.506 E914.57843
G1 X142.583 Y141.952 E914.59635
G1 X142.763 Y142.439 E914.61362
G1 X142.823 Y142.927 E914.62997
G1 X142.824 Y145.048 E914.70051
G1 X147.549 Y145.048 E914.85767
G1 X148.031 Y144.995 E914.8738
G1 X148.476 Y144.838 E914.88949
G1 X148.874 Y144.586 E914.90516
G1 X149.214 Y144.246 E914.92115
G1 X149.462 Y143.852 E914.93664
G1 X149.619 Y143.407 E914.95233
G1 X149.672 Y142.925 E914.96846
G1 X149.672 Y140.823 E915.03837
G1 X149.619 Y140.341 E915.0545
G1 X149.462 Y139.896 E915.07019
G1 X149.214 Y139.498 E915.08579
G1 X148.874 Y139.158 E915.10178
G1 X148.476 Y138.91 E915.11738
G1 X148.031 Y138.753 E915.13308
G1 X147.549 Y138.7 E915.1492
G1 X97.825 Y138.695 E916.80303
G1 X97.746 Y138.656 E916.80596
G1 X97.675 Y138.538 E916.81054
G1 X97.672 Y128.948 E917.12951
G1 X95.503 Y128.947 E917.20165
G1 X94.968 Y128.875 E917.2196
G1 X94.502 Y128.695 E917.23622
G1 X94.064 Y128.395 E917.25387
G1 X93.698 Y127.977 E917.27235
G1 X93.457 Y127.503 E917.29004
G1 X93.343 Y127.027 E917.30632
G1 X93.345 Y126.457 E917.32528
G1 X93.474 Y125.947 E917.34277
G1 X93.698 Y125.519 E917.35884
G1 X94.064 Y125.105 E917.37722
G1 X94.502 Y124.801 E917.39495
G1 X95.015 Y124.609 E917.41317
G1 X95.503 Y124.549 E917.42952
G1 X97.672 Y124.548 E917.50167
G1 X97.672 Y110.448 E917.97063
G1 X95.503 Y110.447 E918.04278
G1 X94.968 Y110.375 E918.06073
G1 X94.502 Y110.195 E918.07735
G1 X94.064 Y109.895 E918.095
G1 X93.698 Y109.477 E918.11348
G1 X93.457 Y109.003 E918.13117
G1 X93.343 Y108.527 E918.14745
G1 X93.345 Y107.957 E918.16641
G1 X93.474 Y107.447 E918.1839
G1 X93.698 Y107.019 E918.19997
G1 X94.064 Y106.605 E918.21835
G1 X94.502 Y106.301 E918.23608
G1 X95.015 Y106.109 E918.2543
G1 X95.503 Y106.049 E918.27065
G1 X97.672 Y106.048 E918.34279
G1 X97.675 Y96.462 E918.66163
G1 X97.746 Y96.344 E918.66621
G1 X97.837 Y96.302 E918.66954
G1 X147.548 Y96.3 E920.32293
G1 X148.03 Y96.243 E920.33908
G1 X148.476 Y96.086 E920.3548
G1 X148.874 Y95.838 E920.3704
G1 X149.214 Y95.498 E920.38639
G1 X149.462 Y95.104 E920.40188
G1 X149.619 Y94.655 E920.4177
G1 X149.672 Y94.177 E920.43369
G1 X149.672 Y92.071 E920.50374
G1 X149.619 Y91.593 E920.51974
G1 X149.462 Y91.144 E920.53556
G1 X149.214 Y90.75 E920.55104
G1 X148.874 Y90.41 E920.56703
G1 X148.476 Y90.158 E920.5827
G1 X148.031 Y90.005 E920.59835
G1 X147.548 Y89.948 E920.61453
G1 X142.824 Y89.948 E920.77165
G1 X142.823 Y92.069 E920.84219
G1 X142.761 Y92.568 E920.85892
G1 X142.561 Y93.086 E920.87739
G1 X142.281 Y93.49 E920.89374
G1 X141.853 Y93.874 E920.91286
G1 X141.379 Y94.115 E920.93055
G1 X140.903 Y94.229 E920.94683
G1 X140.333 Y94.227 E920.96578
G1 X139.823 Y94.098 E920.98328
G1 X139.355 Y93.846 E921.00096
G1 X138.962 Y93.489 E921.01862
G1 X138.686 Y93.085 E921.03489
G1 X138.485 Y92.557 E921.05368
G1 X138.425 Y92.069 E921.07004
G1 X138.424 Y89.948 E921.14058
G1 X124.324 Y89.948 E921.60955
G1 X124.323 Y92.069 E921.68009
G1 X124.261 Y92.568 E921.69682
G1 X124.061 Y93.086 E921.71529
G1 X123.781 Y93.49 E921.73164
G1 X123.353 Y93.874 E921.75076
G1 X122.879 Y94.115 E921.76845
G1 X122.403 Y94.229 E921.78473
G1 X121.833 Y94.227 E921.80368
G1 X121.323 Y94.098 E921.82118
G1 X120.855 Y93.846 E921.83886
G1 X120.462 Y93.489 E921.85652
G1 X120.186 Y93.085 E921.87279
G1 X119.985 Y92.557 E921.89158
G1 X119.925 Y92.069 E921.90794
G1 X119.924 Y89.948 E921.97848
G1 X105.824 Y89.948 E922.44745
G1 X105.823 Y92.069 E922.51799
G1 X105.761 Y92.568 E922.53472
G1 X105.561 Y93.086 E922.55319
G1 X105.281 Y93.49 E922.56954
G1 X104.853 Y93.874 E922.58866
G1 X104.379 Y94.115 E922.60635
G1 X103.903 Y94.229 E922.62263
G1 X103.333 Y94.227 E922.64159
G1 X102.823 Y94.098 E922.65908
G1 X102.355 Y93.846 E922.67676
G1 X101.962 Y93.489 E922.69442
G1 X101.686 Y93.085 E922.71069
G1 X101.485 Y92.557 E922.72948
G1 X101.425 Y92.069 E922.74584
G1 X101.424 Y89.948 E922.81638
G1 X87.448 Y89.948 E923.28123
G1 X86.965 Y90.005 E923.2974
G1 X86.52 Y90.158 E923.31305
G1 X86.126 Y90.409 E923.32859
G1 X85.785 Y90.751 E923.34465
G1 X85.534 Y91.145 E923.36019
G1 X85.377 Y91.593 E923.37598
G1 X85.324 Y92.071 E923.39198
G1 X85.324 Y142.925 E925.08339
G1 X85.377 Y143.407 E925.09952
G1 X85.533 Y143.851 E925.11517
G1 X85.785 Y144.246 E925.13075
G1 X86.127 Y144.587 E925.14681
G1 X86.521 Y144.838 E925.16235
G1 X86.965 Y144.995 E925.17802
G1 X87.447 Y145.048 E925.19414
G1 X101.424 Y145.048 E925.65902
G1 X101.425 Y142.927 E925.72957
G1 X101.487 Y142.429 E925.74626
G1 X101.686 Y141.911 E925.76471
G1 X101.995 Y141.47 E925.78262
G1 X102.396 Y141.122 E925.80028
G1 X102.867 Y140.885 E925.81782
G1 X103.331 Y140.769 E925.83373
G1 X103.917 Y140.769 E925.85322
G1 X104.381 Y140.885 E925.86913
G1 X104.875 Y141.134 E925.88753
G1 X105.281 Y141.506 E925.90584
G1 X105.583 Y141.952 E925.92376
G1 X105.763 Y142.439 E925.94102
G1 X105.823 Y142.927 E925.95738
G1 X105.824 Y145.048 E926.02792
G1 X117.5 Y145.048 E926.41627
G0 F9000 X117.5 Y144.288
;TYPE:SKIN
G1 F1500 X106.584 Y144.288 E926.77933
G1 X106.575 Y142.831 E926.8278
G1 X106.503 Y142.243 E926.8475
G1 X106.241 Y141.553 E926.87205
G1 X105.853 Y140.997 E926.8946
G1 X105.312 Y140.502 E926.91899
G1 X104.688 Y140.181 E926.94233
G1 F1363.6 X104.022 Y139.971 E926.96787
G1 F1255.2 X103.255 Y139.969 E926.99836
G1 F1369.9 X102.56 Y140.181 E927.02482
G1 F1500 X101.96 Y140.49 E927.04727
G1 X101.415 Y140.966 E927.07134
G1 X101.002 Y141.559 E927.09537
G1 X100.756 Y142.197 E927.11812
G1 X100.669 Y142.826 E927.13924
G1 X100.664 Y144.288 E927.18786
G1 X87.488 Y144.288 E927.6261
G1 X87.138 Y144.247 E927.63782
G1 X86.853 Y144.147 E927.64786
G1 X86.602 Y143.986 E927.65778
G1 X86.381 Y143.769 E927.66808
G1 X86.221 Y143.515 E927.67807
G1 X86.121 Y143.235 E927.68796
G1 X86.085 Y142.881 E927.69979
G1 X86.084 Y92.111 E929.38841
G1 X86.121 Y91.761 E929.40011
G1 X86.221 Y91.481 E929.41
G1 X86.382 Y91.226 E929.42003
G1 X86.603 Y91.005 E929.43043
G1 X86.852 Y90.846 E929.44026
G1 X87.133 Y90.749 E929.45014
G1 X87.492 Y90.708 E929.46216
G1 X100.664 Y90.708 E929.90026
G1 X100.665 Y92.058 E929.94516
G1 X100.742 Y92.755 E929.96849
G1 X101.002 Y93.433 E929.99264
G1 X101.382 Y93.993 E930.01515
G1 X101.923 Y94.478 E930.03931
G1 X102.551 Y94.814 E930.063
G1 F1363.6 X103.231 Y95.026 E930.08906
G1 F1252.6 X103.989 Y95.028 E930.11925
G1 F1366.7 X104.688 Y94.814 E930.14594
G1 F1500 X105.327 Y94.477 E930.16997
G1 X105.823 Y94.029 E930.1922
G1 X106.241 Y93.439 E930.21624
G1 X106.502 Y92.755 E930.24059
G1 X106.575 Y92.165 E930.26037
G1 X106.584 Y90.708 E930.30883
G1 X119.164 Y90.708 E930.72724
G1 X119.165 Y92.058 E930.77214
G1 X119.242 Y92.755 E930.79547
G1 X119.502 Y93.433 E930.81962
G1 X119.882 Y93.993 E930.84213
G1 X120.423 Y94.478 E930.86629
G1 X121.051 Y94.814 E930.88998
G1 F1363.6 X121.731 Y95.026 E930.91604
G1 F1252.6 X122.489 Y95.028 E930.94623
G1 F1366.7 X123.188 Y94.814 E930.97292
G1 F1500 X123.827 Y94.477 E930.99694
G1 X124.323 Y94.029 E931.01917
G1 X124.741 Y93.439 E931.04322
G1 X125.002 Y92.755 E931.06757
G1 X125.075 Y92.165 E931.08735
G1 X125.084 Y90.708 E931.13581
G1 X137.664 Y90.708 E931.55422
G1 X137.665 Y92.058 E931.59912
G1 X137.742 Y92.755 E931.62244
G1 X138.002 Y93.433 E931.6466
G1 X138.382 Y93.993 E931.6691
G1 X138.923 Y94.478 E931.69327
G1 X139.551 Y94.814 E931.71696
G1 F1363.6 X140.231 Y95.026 E931.74302
G1 F1252.6 X140.989 Y95.028 E931.77321
G1 F1366.7 X141.688 Y94.814 E931.79989
G1 F1500 X142.327 Y94.477 E931.82392
G1 X142.823 Y94.029 E931.84615
G1 X143.241 Y93.439 E931.8702
G1 X143.502 Y92.755 E931.89455
G1 X143.575 Y92.165 E931.91432
G1 X143.584 Y90.708 E931.96279
G1 X147.5 Y90.708 E932.09303
G1 X147.859 Y90.749 E932.10505
G1 X148.14 Y90.846 E932.11494
G1 X148.398 Y91.01 E932.12511
G1 X148.614 Y91.226 E932.13527
G1 X148.77 Y91.472 E932.14495
G1 X148.871 Y91.761 E932.15514
G1 X148.912 Y92.112 E932.16689
G1 X148.912 Y94.132 E932.23408
G1 X148.871 Y94.483 E932.24583
G1 X148.77 Y94.772 E932.25601
G1 X148.614 Y95.018 E932.2657
G1 X148.398 Y95.238 E932.27595
G1 X148.149 Y95.39 E932.28566
G1 X147.853 Y95.496 E932.29611
G1 X147.499 Y95.54 E932.30798
G1 X141.727 Y95.54 E932.49996
G1 F1366.7 X141.03 Y95.501 E932.52544
G1 F1252.6 X140.175 Y95.499 E932.55949
G1 F1363.6 X139.512 Y95.539 E932.58379
G1 F1500 X123.227 Y95.54 E933.12543
G1 F1366.7 X122.53 Y95.501 E933.15092
G1 F1252.6 X121.675 Y95.499 E933.18497
G1 F1363.6 X121.012 Y95.539 E933.20927
G1 F1500 X104.727 Y95.54 E933.75091
G1 F1366.7 X104.03 Y95.501 E933.7764
G1 F1252.6 X103.175 Y95.499 E933.81045
G1 F1363.6 X102.512 Y95.539 E933.83475
G1 F1500 X97.712 Y95.54 E933.9944
G1 X97.404 Y95.662 E934.00542
G1 X97.13 Y95.883 E934.01713
G1 X96.963 Y96.181 E934.02849
G1 X96.912 Y96.444 E934.0374
G1 X96.912 Y105.288 E934.33155
G1 X95.403 Y105.293 E934.38174
G1 X94.785 Y105.376 E934.40248
G1 X94.161 Y105.613 E934.42468
G1 X93.54 Y106.052 E934.44997
G1 X93.116 Y106.512 E934.47078
G1 X92.741 Y107.217 E934.49734
G1 X92.585 Y107.865 E934.51951
G1 X92.582 Y108.611 E934.54432
G1 X92.754 Y109.317 E934.56849
G1 X93.073 Y109.931 E934.5915
G1 X93.583 Y110.482 E934.61648
G1 X94.165 Y110.879 E934.63991
G1 X94.78 Y111.115 E934.66182
G1 X95.407 Y111.199 E934.68286
G1 X96.912 Y111.208 E934.73291
G1 X96.912 Y123.788 E935.15133
G1 X95.403 Y123.793 E935.20152
G1 X94.785 Y123.876 E935.22226
G1 X94.161 Y124.113 E935.24446
G1 X93.54 Y124.552 E935.26975
G1 X93.116 Y125.012 E935.29056
G1 X92.741 Y125.717 E935.31712
G1 X92.585 Y126.365 E935.33929
G1 X92.582 Y127.111 E935.3641
G1 X92.754 Y127.817 E935.38827
G1 X93.073 Y128.431 E935.41128
G1 X93.583 Y128.982 E935.43625
G1 X94.165 Y129.379 E935.45968
G1 X94.78 Y129.615 E935.48159
G1 X95.407 Y129.699 E935.50263
G1 X96.912 Y129.708 E935.55269
G1 X96.915 Y138.578 E935.84771
G1 X96.963 Y138.816 E935.85578
G1 X97.13 Y139.109 E935.867
G1 X97.406 Y139.336 E935.87889
G1 X97.707 Y139.46 E935.88972
G1 X102.521 Y139.46 E936.04983
G1 F1369.9 X103.214 Y139.498 E936.07511
G1 F1255.2 X104.079 Y139.499 E936.10949
G1 F1363.6 X104.73 Y139.46 E936.13335
G1 F1500 X121.021 Y139.46 E936.67519
G1 F1369.9 X121.714 Y139.498 E936.70046
G1 F1255.2 X122.579 Y139.499 E936.73484
G1 F1363.6 X123.23 Y139.46 E936.7587
G1 F1500 X139.521 Y139.46 E937.30055
G1 F1369.9 X140.214 Y139.498 E937.32582
G1 F1255.2 X141.079 Y139.499 E937.3602
G1 F1363.6 X141.73 Y139.46 E937.38406
G1 F1500 X147.505 Y139.46 E937.57614
G1 X147.855 Y139.497 E937.58785
G1 X148.148 Y139.602 E937.5982
G1 X148.394 Y139.754 E937.60782
G1 X148.614 Y139.977 E937.61824
G1 X148.767 Y140.22 E937.62779
G1 X148.872 Y140.514 E937.63817
G1 X148.912 Y140.864 E937.64989
G1 X148.912 Y142.88 E937.71694
G1 X148.871 Y143.235 E937.72882
G1 X148.77 Y143.524 E937.73901
G1 X148.618 Y143.762 E937.7484
G1 X148.394 Y143.99 E937.75903
G1 X148.144 Y144.146 E937.76883
G1 X147.855 Y144.247 E937.77901
G1 X147.504 Y144.287 E937.79076
G1 X143.584 Y144.288 E937.92114
G1 X143.575 Y142.831 E937.9696
G1 X143.503 Y142.243 E937.98931
G1 X143.241 Y141.553 E938.01386
G1 X142.853 Y140.997 E938.03641
G1 X142.312 Y140.502 E938.06079
G1 X141.688 Y140.181 E938.08413
G1 F1363.6 X141.022 Y139.971 E938.10968
G1 F1255.2 X140.255 Y139.969 E938.14017
G1 F1369.9 X139.56 Y140.181 E938.16663
G1 F1500 X138.96 Y140.49 E938.18908
G1 X138.415 Y140.966 E938.21315
G1 X138.002 Y141.559 E938.23718
G1 X137.756 Y142.197 E938.25992
G1 X137.669 Y142.826 E938.28104
G1 X137.664 Y144.288 E938.32967
G1 X125.084 Y144.288 E938.74808
G1 X125.075 Y142.831 E938.79654
G1 X125.003 Y142.243 E938.81625
G1 X124.741 Y141.553 E938.84079
G1 X124.353 Y140.997 E938.86335
G1 X123.812 Y140.502 E938.88773
G1 X123.188 Y140.181 E938.91107
G1 F1363.6 X122.522 Y139.971 E938.93662
G1 F1255.2 X121.755 Y139.969 E938.96711
G1 F1369.9 X121.06 Y140.181 E938.99357
G1 F1500 X120.46 Y140.49 E939.01602
G1 X119.915 Y140.966 E939.04009
G1 X119.502 Y141.559 E939.06412
G1 X119.256 Y142.197 E939.08686
G1 X119.169 Y142.826 E939.10798
G1 X119.164 Y144.288 E939.15661
G1 X117.5 Y144.288 E939.21195
G1 F2700 E934.21195
G0 F9000 X117.5 Y144.548
G0 X106.396 Y144.476
G0 X106.006 Y142.363
G0 X105.797 Y141.811
G0 X105.46 Y141.324
G0 X105.018 Y140.932
G0 X104.494 Y140.657
G0 X103.92 Y140.516
G0 X103.33 Y140.516
G0 X102.756 Y140.657
G0 X102.232 Y140.932
G0 X101.79 Y141.324
G0 X101.453 Y141.811
G0 X100.867 Y143.658
G0 X100.852 Y144.476
G0 X87.478 Y144.487
G0 X87.091 Y144.444
G0 X86.768 Y144.33
G0 X86.225 Y143.893
G0 X86.076 Y143.659
G0 X85.824 Y142.853
G0 X86.285 Y142.853
G1 F2700 E939.21195
G1 F1500 X87.519 Y144.088 E939.27002
G0 F9000 X88.085 Y144.088
G1 F1500 X86.285 Y142.288 E939.35469
G0 F9000 X86.285 Y141.722
G1 F1500 X88.651 Y144.088 E939.46598
G0 F9000 X89.216 Y144.088
G1 F1500 X86.285 Y141.156 E939.60387
G0 F9000 X86.285 Y140.591
G1 F1500 X89.782 Y144.088 E939.76835
G0 F9000 X90.348 Y144.088
G1 F1500 X86.285 Y140.025 E939.95947
G0 F9000 X86.285 Y139.459
G1 F1500 X90.913 Y144.088 E940.17718
G0 F9000 X91.479 Y144.088
G1 F1500 X86.285 Y138.893 E940.42151
G0 F9000 X86.285 Y138.328
G1 F1500 X92.045 Y144.088 E940.69244
G0 F9000 X92.61 Y144.088
G1 F1500 X86.285 Y137.762 E940.98997
G0 F9000 X86.285 Y137.196
G1 F1500 X93.176 Y144.088 E941.31413
G0 F9000 X93.742 Y144.088
G1 F1500 X86.285 Y136.631 E941.66488
G0 F9000 X86.285 Y136.065
G1 F1500 X94.308 Y144.088 E942.04226
G0 F9000 X94.873 Y144.088
G1 F1500 X86.285 Y135.499 E942.44624
G0 F9000 X86.285 Y134.934
G1 F1500 X95.439 Y144.088 E942.87681
G0 F9000 X96.005 Y144.088
G1 F1500 X86.285 Y134.368 E943.33401
G0 F9000 X86.285 Y133.802
G1 F1500 X96.57 Y144.088 E943.81781
G0 F9000 X97.136 Y144.088
G1 F1500 X86.285 Y133.237 E944.32821
G0 F9000 X86.285 Y132.671
G1 F1500 X97.702 Y144.088 E944.86523
G0 F9000 X98.267 Y144.088
G1 F1500 X86.285 Y132.105 E945.42885
G0 F9000 X86.285 Y131.54
G1 F1500 X98.833 Y144.088 E946.01907
G0 F9000 X99.399 Y144.088
G1 F1500 X86.285 Y130.974 E946.63591
G0 F9000 X86.285 Y130.408
G1 F1500 X99.964 Y144.088 E947.27935
G0 F9000 X100.464 Y144.022
G1 F1500 X86.285 Y129.842 E947.94631
G0 F9000 X86.285 Y129.277
G1 F1500 X100.468 Y143.46 E948.61344
G0 F9000 X100.471 Y142.898
G1 F1500 X86.285 Y128.711 E949.28073
G0 F9000 X86.285 Y128.145
G1 F1500 X96.714 Y138.575 E949.7713
G0 F9000 X96.712 Y138.007
G1 F1500 X86.285 Y127.58 E950.26175
G0 F9000 X86.285 Y127.014
G1 F1500 X96.712 Y137.442 E950.75223
G0 F9000 X96.712 Y136.876
G1 F1500 X86.285 Y126.448 E951.24271
G0 F9000 X86.285 Y125.883
G1 F1500 X96.712 Y136.31 E951.73316
G0 F9000 X96.712 Y135.745
G1 F1500 X86.285 Y125.317 E952.22364
G0 F9000 X86.285 Y124.751
G1 F1500 X96.712 Y135.179 E952.71412
G0 F9000 X96.712 Y134.613
G1 F1500 X86.285 Y124.186 E953.20457
G0 F9000 X86.285 Y123.62
G1 F1500 X96.712 Y134.048 E953.69505
G0 F9000 X96.712 Y133.482
G1 F1500 X86.285 Y123.054 E954.18553
G0 F9000 X86.285 Y122.489
G1 F1500 X96.712 Y132.916 E954.67598
G0 F9000 X96.712 Y132.351
G1 F1500 X93.592 Y129.23 E954.82276
G0 F9000 X92.91 Y128.548
G1 F1500 X86.285 Y121.923 E955.13438
G0 F9000 X86.285 Y121.357
G1 F1500 X92.48 Y127.553 E955.4258
G0 F9000 X92.384 Y126.89
G1 F1500 X86.285 Y120.792 E955.71265
G0 F9000 X86.285 Y120.226
G1 F1500 X92.388 Y126.33 E955.99974
G0 F9000 X92.498 Y125.873
G1 F1500 X86.285 Y119.66 E956.29198
G0 F9000 X86.285 Y119.094
G1 F1500 X92.646 Y125.456 E956.59121
G0 F9000 X92.842 Y125.086
G1 F1500 X86.285 Y118.529 E956.89963
G0 F9000 X86.285 Y117.963
G1 F1500 X93.079 Y124.757 E957.2192
G0 F9000 X93.351 Y124.464
G1 F1500 X86.284 Y117.397 E957.55161
G0 F9000 X86.284 Y116.831
G1 F1500 X93.668 Y124.215 E957.89893
G0 F9000 X94.001 Y123.982
G1 F1500 X86.284 Y116.265 E958.26191
G0 F9000 X86.284 Y115.7
G1 F1500 X94.395 Y123.811 E958.64343
G0 F9000 X94.815 Y123.665
G1 F1500 X86.284 Y115.134 E959.0447
G0 F9000 X86.284 Y114.568
G1 F1500 X95.321 Y123.605 E959.46977
G0 F9000 X95.872 Y123.59
G1 F1500 X86.284 Y114.003 E959.92074
G0 F9000 X86.284 Y113.437
G1 F1500 X96.436 Y123.589 E960.39826
G0 F9000 X96.712 Y123.3
G1 F1500 X86.284 Y112.871 E960.88878
G0 F9000 X86.284 Y112.306
G1 F1500 X96.712 Y122.734 E961.37929
G0 F9000 X96.712 Y122.168
G1 F1500 X86.284 Y111.74 E961.86979
G0 F9000 X86.284 Y111.174
G1 F1500 X96.712 Y121.603 E962.36031
G0 F9000 X96.712 Y121.037
G1 F1500 X86.284 Y110.608 E962.85084
G0 F9000 X86.284 Y110.043
G1 F1500 X96.712 Y120.471 E963.34134
G0 F9000 X96.712 Y119.906
G1 F1500 X86.284 Y109.477 E963.83186
G0 F9000 X86.284 Y108.911
G1 F1500 X96.712 Y119.34 E964.32239
G0 F9000 X96.712 Y118.774
G1 F1500 X86.284 Y108.346 E964.81289
G0 F9000 X86.284 Y107.78
G1 F1500 X96.712 Y118.208 E965.30339
G0 F9000 X96.712 Y117.643
G1 F1500 X86.284 Y107.214 E965.79391
G0 F9000 X86.284 Y106.649
G1 F1500 X96.712 Y117.077 E966.28441
G0 F9000 X96.712 Y116.511
G1 F1500 X86.284 Y106.083 E966.77492
G0 F9000 X86.284 Y105.517
G1 F1500 X96.712 Y115.946 E967.26544
G0 F9000 X96.712 Y115.38
G1 F1500 X86.284 Y104.952 E967.75594
G0 F9000 X86.284 Y104.386
G1 F1500 X96.712 Y114.814 E968.24644
G0 F9000 X96.712 Y114.249
G1 F1500 X86.284 Y103.82 E968.73697
G0 F9000 X86.284 Y103.255
G1 F1500 X92.729 Y109.7 E969.04012
G0 F9000 X92.429 Y108.834
G1 F1500 X86.284 Y102.689 E969.32916
G0 F9000 X86.284 Y102.123
G1 F1500 X92.383 Y108.222 E969.61604
G0 F9000 X92.421 Y107.694
G1 F1500 X86.284 Y101.558 E969.90468
G0 F9000 X86.284 Y100.992
G1 F1500 X92.531 Y107.238 E970.1985
G0 F9000 X92.705 Y106.847
G1 F1500 X86.284 Y100.426 E970.50052
G0 F9000 X86.284 Y99.86
G1 F1500 X92.901 Y106.478 E970.81179
G0 F9000 X93.159 Y106.17
G1 F1500 X86.284 Y99.295 E971.13517
G0 F9000 X86.284 Y98.729
G1 F1500 X93.432 Y105.877 E971.47139
G0 F9000 X93.766 Y105.645
G1 F1500 X86.284 Y98.163 E971.82332
G0 F9000 X86.284 Y97.598
G1 F1500 X94.108 Y105.422 E972.19134
G0 F9000 X94.517 Y105.265
G1 F1500 X86.284 Y97.032 E972.57859
G0 F9000 X86.284 Y96.466
G1 F1500 X94.965 Y105.147 E972.98692
G0 F9000 X95.474 Y105.091
G1 F1500 X86.284 Y95.901 E973.41919
G0 F9000 X86.284 Y95.335
G1 F1500 X96.039 Y105.09 E973.87803
G0 F9000 X96.603 Y105.088
G1 F1500 X86.284 Y94.769 E974.36341
G0 F9000 X86.284 Y94.204
G1 F1500 X96.712 Y104.631 E974.85389
G0 F9000 X96.712 Y104.066
G1 F1500 X86.284 Y93.638 E975.34439
G0 F9000 X86.284 Y93.072
G1 F1500 X96.712 Y103.5 E975.83489
G0 F9000 X96.712 Y102.934
G1 F1500 X86.284 Y92.507 E976.32537
G0 F9000 X86.301 Y91.958
G1 F1500 X96.712 Y102.369 E976.81507
G0 F9000 X96.712 Y101.803
G1 F1500 X86.431 Y91.522 E977.29865
G0 F9000 X86.683 Y91.208
G1 F1500 X96.712 Y101.237 E977.77039
G0 F9000 X96.712 Y100.671
G1 F1500 X87.035 Y90.995 E978.22554
G0 F9000 X87.514 Y90.908
G1 F1500 X96.712 Y100.106 E978.65819
G0 F9000 X96.712 Y99.54
G1 F1500 X88.08 Y90.908 E979.06421
G0 F9000 X88.646 Y90.908
G1 F1500 X96.712 Y98.974 E979.44361
G0 F9000 X96.712 Y98.409
G1 F1500 X89.211 Y90.908 E979.79643
G0 F9000 X89.777 Y90.908
G1 F1500 X96.712 Y97.843 E980.12263
G0 F9000 X96.712 Y97.277
G1 F1500 X90.343 Y90.908 E980.42221
G0 F9000 X90.908 Y90.908
G1 F1500 X96.712 Y96.712 E980.69521
G0 F9000 X96.759 Y96.193
G1 F1500 X91.474 Y90.908 E980.9438
G0 F9000 X92.04 Y90.908
G1 F1500 X96.939 Y95.807 E981.17424
G0 F9000 X97.236 Y95.539
G1 F1500 X92.606 Y90.908 E981.39204
G0 F9000 X93.171 Y90.908
G1 F1500 X97.627 Y95.364 E981.60164
G0 F9000 X98.173 Y95.345
G1 F1500 X93.737 Y90.908 E981.81032
G0 F9000 X94.303 Y90.908
G1 F1500 X98.738 Y95.344 E982.01895
G0 F9000 X99.303 Y95.343
G1 F1500 X94.868 Y90.908 E982.22756
G0 F9000 X95.434 Y90.908
G1 F1500 X99.868 Y95.342 E982.43612
G0 F9000 X100.432 Y95.341
G1 F1500 X96 Y90.908 E982.64461
G0 F9000 X96.565 Y90.908
G1 F1500 X100.997 Y95.341 E982.8531
G0 F9000 X101.562 Y95.34
G1 F1500 X97.131 Y90.908 E983.06155
G0 F9000 X97.697 Y90.908
G1 F1500 X102.127 Y95.339 E983.26995
G0 F9000 X102.221 Y94.867
G1 F1500 X102.673 Y95.319 E983.29121
G1 F2700 E978.29121
G0 F9000 X102.673 Y95.8
G0 X147.515 Y95.739
G0 X147.903 Y95.693
G0 X148.523 Y95.396
G0 X148.954 Y94.859
G0 X149.069 Y94.53
G0 X149.111 Y92.102
G0 X149.069 Y91.718
G0 X148.954 Y91.389
G0 X148.522 Y90.85
G0 X148.232 Y90.667
G0 X147.905 Y90.555
G0 X147.515 Y90.509
G0 X143.396 Y90.52
G0 X143.075 Y93.329
G0 X140.951 Y94.793
G0 X138.551 Y93.881
G0 X137.863 Y92.042
G0 X137.852 Y90.52
G0 X124.896 Y90.52
G0 X124.575 Y93.329
G0 X122.451 Y94.793
G0 X120.051 Y93.881
G0 X119.363 Y92.042
G0 X119.352 Y90.52
G0 X106.396 Y90.52
G0 X106.075 Y93.329
G0 X104.121 Y94.69
G0 X104.238 Y95.187
G1 F2700 E983.29121
G1 F1500 X104.348 Y95.297 E983.29638
G0 F9000 X104.653 Y95.037
G1 F1500 X104.957 Y95.34 E983.31066
G0 F9000 X105.039 Y94.857
G1 F1500 X105.522 Y95.339 E983.33335
G0 F9000 X106.087 Y95.339
G1 F1500 X105.413 Y94.665 E983.36505
G0 F9000 X105.712 Y94.398
G1 F1500 X106.653 Y95.339 E983.40932
G0 F9000 X107.219 Y95.339
G1 F1500 X106.004 Y94.124 E983.46647
G0 F9000 X106.237 Y93.792
G1 F1500 X107.784 Y95.339 E983.53923
G0 F9000 X108.35 Y95.339
G1 F1500 X106.457 Y93.446 E983.62827
G0 F9000 X106.613 Y93.037
G1 F1500 X108.916 Y95.339 E983.73658
G0 F9000 X109.481 Y95.339
G1 F1500 X106.724 Y92.582 E983.86626
G0 F9000 X106.774 Y92.066
G1 F1500 X110.047 Y95.339 E984.02021
G0 F9000 X110.613 Y95.339
G1 F1500 X106.778 Y91.505 E984.20057
G0 F9000 X106.782 Y90.943
G1 F1500 X111.178 Y95.339 E984.40735
G0 F9000 X111.744 Y95.339
G1 F1500 X107.313 Y90.908 E984.61577
G0 F9000 X107.879 Y90.908
G1 F1500 X112.31 Y95.339 E984.82419
G0 F9000 X112.875 Y95.339
G1 F1500 X108.445 Y90.908 E985.03258
G0 F9000 X109.01 Y90.908
G1 F1500 X113.441 Y95.339 E985.241
G0 F9000 X114.007 Y95.339
G1 F1500 X109.576 Y90.908 E985.44943
G0 F9000 X110.142 Y90.908
G1 F1500 X114.573 Y95.339 E985.65785
G0 F9000 X115.138 Y95.339
G1 F1500 X110.707 Y90.908 E985.86627
G0 F9000 X111.273 Y90.908
G1 F1500 X115.704 Y95.339 E986.07469
G0 F9000 X116.27 Y95.339
G1 F1500 X111.839 Y90.908 E986.28311
G0 F9000 X112.405 Y90.908
G1 F1500 X116.835 Y95.339 E986.49151
G0 F9000 X117.401 Y95.339
G1 F1500 X112.97 Y90.908 E986.69993
G0 F9000 X113.536 Y90.908
G1 F1500 X117.967 Y95.339 E986.90835
G0 F9000 X118.532 Y95.339
G1 F1500 X114.102 Y90.908 E987.11674
G0 F9000 X114.667 Y90.908
G1 F1500 X119.098 Y95.339 E987.32516
G0 F9000 X119.664 Y95.339
G1 F1500 X115.233 Y90.908 E987.53358
G0 F9000 X115.799 Y90.908
G1 F1500 X120.229 Y95.339 E987.74198
G0 F9000 X120.794 Y95.339
G1 F1500 X116.364 Y90.908 E987.95038
G0 F9000 X116.93 Y90.908
G1 F1500 X119.177 Y93.156 E988.05609
G0 F9000 X119.004 Y92.417
G1 F1500 X117.496 Y90.908 E988.12705
G0 F9000 X118.061 Y90.908
G1 F1500 X118.966 Y91.813 E988.16962
G0 F9000 X118.965 Y91.246
G1 F1500 X118.627 Y90.908 E988.18552
G0 F9000 X118.627 Y90.448
G0 X119.352 Y90.52
G0 X119.744 Y92.637
G0 X119.953 Y93.189
G0 X120.144 Y93.465
G0 X121.169 Y94.582
G0 X121.046 Y95.025
G1 F1500 X121.323 Y95.301 E988.19852
G1 F2700 E983.19852
G0 F9000 X121.323 Y95.8
G0 X147.515 Y95.739
G0 X147.903 Y95.693
G0 X148.523 Y95.396
G0 X148.954 Y94.859
G0 X149.069 Y94.53
G0 X149.111 Y92.102
G0 X149.069 Y91.718
G0 X148.954 Y91.389
G0 X148.522 Y90.85
G0 X148.232 Y90.667
G0 X147.905 Y90.555
G0 X147.515 Y90.509
G0 X143.396 Y90.52
G0 X143.075 Y93.329
G0 X140.951 Y94.793
G0 X138.551 Y93.881
G0 X137.863 Y92.042
G0 X137.852 Y90.52
G0 X124.896 Y90.52
G0 X124.575 Y93.329
G0 X122.748 Y94.66
G0 X122.862 Y95.143
G1 F2700 E988.19852
G1 F1500 X123.037 Y95.319 E988.20678
G0 F9000 X123.277 Y94.993
G1 F1500 X123.624 Y95.34 E988.2231
G0 F9000 X123.65 Y94.8
G1 F1500 X124.189 Y95.339 E988.24845
G0 F9000 X124.755 Y95.339
G1 F1500 X124.003 Y94.588 E988.2838
G0 F9000 X124.301 Y94.32
G1 F1500 X125.321 Y95.339 E988.33175
G0 F9000 X125.886 Y95.339
G1 F1500 X124.573 Y94.026 E988.39351
G0 F9000 X124.806 Y93.694
G1 F1500 X126.452 Y95.339 E988.47091
G0 F9000 X127.018 Y95.339
G1 F1500 X125.004 Y93.325 E988.56565
G0 F9000 X125.159 Y92.915
G1 F1500 X127.583 Y95.339 E988.67966
G0 F9000 X128.149 Y95.339
G1 F1500 X125.243 Y92.433 E988.81635
G0 F9000 X125.275 Y91.9
G1 F1500 X128.715 Y95.339 E988.97814
G0 F9000 X129.28 Y95.339
G1 F1500 X125.28 Y91.338 E989.16631
G0 F9000 X125.415 Y90.908
G1 F1500 X129.846 Y95.339 E989.37473
G0 F9000 X130.412 Y95.339
G1 F1500 X125.98 Y90.908 E989.58317
G0 F9000 X126.546 Y90.908
G1 F1500 X130.977 Y95.339 E989.79159
G0 F9000 X131.543 Y95.339
G1 F1500 X127.112 Y90.908 E990.00001
G0 F9000 X127.677 Y90.908
G1 F1500 X132.109 Y95.339 E990.20846
G0 F9000 X132.674 Y95.339
G1 F1500 X128.243 Y90.908 E990.41688
G0 F9000 X128.809 Y90.908
G1 F1500 X133.24 Y95.339 E990.6253
G0 F9000 X133.806 Y95.339
G1 F1500 X129.374 Y90.908 E990.83374
G0 F9000 X129.94 Y90.908
G1 F1500 X134.372 Y95.339 E991.04219
G0 F9000 X134.937 Y95.339
G1 F1500 X130.506 Y90.908 E991.25061
G0 F9000 X131.071 Y90.908
G1 F1500 X135.503 Y95.339 E991.45905
G0 F9000 X136.069 Y95.339
G1 F1500 X131.637 Y90.908 E991.6675
G0 F9000 X132.203 Y90.908
G1 F1500 X136.634 Y95.339 E991.87592
G0 F9000 X137.2 Y95.339
G1 F1500 X132.768 Y90.908 E992.08436
G0 F9000 X133.334 Y90.908
G1 F1500 X137.766 Y95.339 E992.29281
G0 F9000 X138.331 Y95.339
G1 F1500 X133.9 Y90.908 E992.50123
G0 F9000 X134.466 Y90.908
G1 F1500 X138.897 Y95.339 E992.70965
G0 F9000 X139.463 Y95.339
G1 F1500 X138.458 Y94.334 E992.75692
G0 F9000 X138.192 Y94.069
G1 F1500 X135.031 Y90.908 E992.9056
G0 F9000 X135.597 Y90.908
G1 F1500 X137.573 Y92.883 E992.99852
G0 F9000 X137.483 Y92.228
G1 F1500 X136.163 Y90.908 E993.06061
G0 F9000 X136.728 Y90.908
G1 F1500 X137.466 Y91.645 E993.0953
G0 F9000 X137.464 Y91.078
G1 F1500 X137.294 Y90.908 E993.1033
G0 F9000 X137.294 Y90.448
G0 X137.852 Y90.52
G0 X138.244 Y92.637
G0 X138.453 Y93.189
G0 X138.726 Y93.583
G0 X139.929 Y94.644
G0 X139.813 Y95.124
G1 F1500 X139.972 Y95.283 E993.11078
G0 F9000 X139.972 Y95.8
G0 X147.515 Y95.739
G0 X147.903 Y95.693
G0 X148.523 Y95.396
G0 X148.954 Y94.859
G0 X149.069 Y94.53
G0 X149.111 Y92.102
G0 X149.069 Y91.718
G0 X148.954 Y91.389
G0 X148.522 Y90.85
G0 X148.232 Y90.667
G0 X147.905 Y90.555
G0 X147.515 Y90.509
G0 X143.396 Y90.52
G0 X143.107 Y93.048
G0 X141.374 Y94.63
G0 X141.484 Y95.098
G1 F1500 X141.725 Y95.339 E993.12211
G0 F9000 X141.887 Y94.935
G1 F1500 X142.292 Y95.34 E993.14116
G0 F9000 X142.857 Y95.34
G1 F1500 X142.261 Y94.743 E993.16922
G0 F9000 X142.591 Y94.508
G1 F1500 X143.423 Y95.34 E993.20836
G0 F9000 X143.989 Y95.34
G1 F1500 X142.889 Y94.24 E993.2601
G0 F9000 X143.142 Y93.927
G1 F1500 X144.555 Y95.34 E993.32656
G0 F9000 X145.12 Y95.34
G1 F1500 X143.375 Y93.595 E993.40864
G0 F9000 X143.55 Y93.204
G1 F1500 X145.686 Y95.34 E993.50911
G0 F9000 X146.252 Y95.34
G1 F1500 X143.7 Y92.788 E993.62915
G0 F9000 X143.761 Y92.284
G1 F1500 X146.817 Y95.34 E993.77289
G0 F9000 X147.383 Y95.34
G1 F1500 X143.776 Y91.733 E993.94256
G0 F9000 X143.781 Y91.172
G1 F1500 X147.882 Y95.273 E994.13545
G0 F9000 X148.261 Y95.087
G1 F1500 X144.083 Y90.908 E994.332
G0 F9000 X144.649 Y90.908
G1 F1500 X148.526 Y94.786 E994.51438
G0 F9000 X148.683 Y94.377
G1 F1500 X145.214 Y90.908 E994.67755
G0 F9000 X145.78 Y90.908
G1 F1500 X148.712 Y93.841 E994.81549
G0 F9000 X148.712 Y93.275
G1 F1500 X146.346 Y90.908 E994.9268
G0 F9000 X146.911 Y90.908
G1 F1500 X148.712 Y92.709 E995.01152
G0 F9000 X148.712 Y92.144
G1 F1500 X147.477 Y90.908 E995.06963
G1 F2700 E990.06963
G0 F9000 X147.477 Y90.448
G0 X143.396 Y90.52
G0 X143.006 Y92.637
G0 X142.797 Y93.189
G0 X142.46 Y93.676
G0 X142.018 Y94.068
G0 X141.494 Y94.343
G0 X140.92 Y94.484
G0 X140.33 Y94.484
G0 X139.756 Y94.343
G0 X139.232 Y94.068
G0 X138.79 Y93.676
G0 X138.453 Y93.189
G0 X138.244 Y92.637
G0 X137.852 Y90.52
G0 X124.896 Y90.52
G0 X124.506 Y92.637
G0 X124.297 Y93.189
G0 X123.96 Y93.676
G0 X123.518 Y94.068
G0 X122.994 Y94.343
G0 X122.42 Y94.484
G0 X121.83 Y94.484
G0 X121.256 Y94.343
G0 X120.732 Y94.068
G0 X120.29 Y93.676
G0 X119.378 Y92.158
G0 X119.352 Y90.52
G0 X106.396 Y90.52
G0 X106.219 Y92.959
G0 X105.018 Y94.068
G0 X104.494 Y94.343
G0 X103.92 Y94.484
G0 X103.33 Y94.484
G0 X102.756 Y94.343
G0 X102.331 Y94.12
G0 X101.213 Y93.264
G0 X100.781 Y93.427
G1 F2700 E995.06963
G1 F1500 X98.262 Y90.908 E995.18812
G0 F9000 X98.828 Y90.908
G1 F1500 X100.524 Y92.605 E995.26792
G0 F9000 X100.466 Y91.981
G1 F1500 X99.394 Y90.908 E995.31836
G0 F9000 X99.959 Y90.908
G1 F1500 X100.465 Y91.414 E995.34216
G1 F2700 E990.34216
G0 F9000 X100.924 Y91.414
G0 X101.551 Y93.881
G0 X103.951 Y94.793
G0 X106.075 Y93.329
G0 X106.396 Y90.52
G0 X119.352 Y90.52
G0 X119.672 Y93.327
G0 X121.787 Y94.793
G0 X124.19 Y93.884
G0 X124.88 Y92.14
G0 X124.896 Y90.52
G0 X137.852 Y90.52
G0 X138.172 Y93.327
G0 X140.287 Y94.793
G0 X142.69 Y93.884
G0 X143.38 Y92.14
G0 X143.396 Y90.52
G0 X147.515 Y90.509
G0 X147.905 Y90.555
G0 X148.232 Y90.667
G0 X148.773 Y91.103
G0 X148.954 Y91.389
G0 X149.069 Y91.718
G0 X149.111 Y94.146
G0 X149.069 Y94.53
G0 X148.773 Y95.145
G0 X148.523 Y95.396
G0 X147.903 Y95.693
G0 X147.515 Y95.739
G0 X97.437 Y96.062
G0 X97.394 Y105.801
G0 X95.498 Y105.801
G0 X94.938 Y105.869
G0 X94.386 Y106.078
G0 X93.899 Y106.415
G0 X93.507 Y106.857
G0 X93.232 Y107.381
G0 X93.091 Y107.955
G0 X93.091 Y108.545
G0 X93.232 Y109.119
G0 X93.507 Y109.643
G0 X93.899 Y110.085
G0 X94.386 Y110.422
G0 X96.131 Y110.946
G0 X96.129 Y111.403
G1 F2700 E995.34216
G1 F1500 X96.712 Y111.986 E995.36959
G0 F9000 X96.712 Y112.552
G1 F1500 X95.559 Y111.398 E995.42384
G0 F9000 X94.938 Y111.342
G1 F1500 X96.712 Y113.117 E995.50731
G0 F9000 X96.712 Y113.683
G1 F1500 X94.094 Y111.065 E995.63045
G0 F9000 X94.286 Y110.652
G0 X97.1 Y111.02
G0 X97.1 Y123.976
G0 X94.706 Y124.12
G0 X93.507 Y125.357
G0 X93.232 Y125.881
G0 X93.091 Y126.455
G0 X93.091 Y127.045
G0 X93.232 Y127.619
G0 X93.507 Y128.143
G0 X93.73 Y128.394
G0 X94.87 Y129.374
G0 X94.742 Y129.814
G1 F1500 X96.712 Y131.785 E995.72314
G0 F9000 X96.712 Y131.219
G1 F1500 X95.391 Y129.898 E995.78527
G0 F9000 X95.961 Y129.902
G1 F1500 X96.712 Y130.654 E995.82062
G0 F9000 X96.712 Y130.088
G1 F1500 X96.531 Y129.906 E995.82916
G0 F9000 X96.533 Y129.447
G0 X97.1 Y129.52
G0 X97.437 Y138.938
G0 X97.799 Y139.2
G0 X97.799 Y139.66
G1 F1500 X100.525 Y142.386 E995.95738
G0 F9000 X100.641 Y141.936
G1 F1500 X98.365 Y139.66 E996.06444
G0 F9000 X98.931 Y139.66
G1 F1500 X100.796 Y141.525 E996.15216
G0 F9000 X101.018 Y141.182
G1 F1500 X99.496 Y139.66 E996.22375
G0 F9000 X100.062 Y139.66
G1 F1500 X101.248 Y140.846 E996.27954
G0 F9000 X101.547 Y140.579
G1 F1500 X100.628 Y139.66 E996.32277
G0 F9000 X101.193 Y139.66
G1 F1500 X101.852 Y140.319 E996.35376
G0 F9000 X102.226 Y140.127
G1 F1500 X101.759 Y139.66 E996.37573
G0 F9000 X102.325 Y139.66
G1 F1500 X102.615 Y139.951 E996.38939
G0 F9000 X102.936 Y139.705
G1 F1500 X103.031 Y139.801 E996.39389
G1 F2700 E991.39389
G0 F9000 X103.152 Y140.301
G0 X105.197 Y140.668
G0 X106.38 Y142.856
G0 X106.396 Y144.476
G0 X119.352 Y144.476
G0 X119.672 Y141.669
G0 X121.795 Y140.203
G0 X124.19 Y141.112
G0 X124.88 Y142.856
G0 X124.896 Y144.476
G0 X137.852 Y144.476
G0 X138.172 Y141.669
G0 X140.295 Y140.203
G0 X142.69 Y141.112
G0 X143.38 Y142.856
G0 X143.396 Y144.476
G0 X147.518 Y144.487
G0 X147.905 Y144.444
G0 X148.522 Y144.146
G0 X148.955 Y143.606
G0 X149.069 Y143.281
G0 X149.111 Y140.854
G0 X149.069 Y140.467
G0 X148.772 Y139.849
G0 X148.523 Y139.6
G0 X147.905 Y139.303
G0 X104.603 Y139.2
G0 X104.603 Y139.676
G1 F2700 E996.39389
G1 F1500 X105.092 Y140.165 E996.41689
G0 F9000 X105.153 Y139.66
G1 F1500 X109.581 Y144.088 E996.62517
G0 F9000 X109.015 Y144.088
G1 F1500 X106.449 Y141.521 E996.74589
G0 F9000 X106.717 Y142.355
G1 F1500 X108.45 Y144.088 E996.8274
G0 F9000 X107.884 Y144.088
G1 F1500 X106.777 Y142.981 E996.87947
G0 F9000 X106.779 Y143.549
G1 F1500 X107.318 Y144.088 E996.90482
G0 F9000 X107.318 Y144.548
G0 X110.147 Y144.548
G0 X110.147 Y144.088
G1 F1500 X105.719 Y139.66 E997.1131
G0 F9000 X106.285 Y139.66
G1 F1500 X110.712 Y144.088 E997.32136
G0 F9000 X111.278 Y144.088
G1 F1500 X106.85 Y139.66 E997.52964
G0 F9000 X107.416 Y139.66
G1 F1500 X111.844 Y144.088 E997.73792
G0 F9000 X112.409 Y144.088
G1 F1500 X107.982 Y139.66 E997.94617
G0 F9000 X108.547 Y139.66
G1 F1500 X112.975 Y144.088 E998.15445
G0 F9000 X113.541 Y144.088
G1 F1500 X109.113 Y139.66 E998.36273
G0 F9000 X109.679 Y139.66
G1 F1500 X114.107 Y144.088 E998.57101
G0 F9000 X114.672 Y144.088
G1 F1500 X110.244 Y139.66 E998.77929
G0 F9000 X110.81 Y139.66
G1 F1500 X115.238 Y144.088 E998.98757
G0 F9000 X115.804 Y144.088
G1 F1500 X111.376 Y139.66 E999.19585
G0 F9000 X111.941 Y139.66
G1 F1500 X116.369 Y144.088 E999.40413
G0 F9000 X116.935 Y144.088
G1 F1500 X112.507 Y139.66 E999.61241
G0 F9000 X113.073 Y139.66
G1 F1500 X117.501 Y144.088 E999.82069
G0 F9000 X118.066 Y144.088
G1 F1500 X113.638 Y139.66 E1000.02897
G0 F9000 X114.204 Y139.66
G1 F1500 X118.632 Y144.088 E1000.23725
G0 F9000 X118.966 Y143.856
G1 F1500 X114.77 Y139.66 E1000.43462
G0 F9000 X115.335 Y139.66
G1 F1500 X118.969 Y143.293 E1000.60553
G0 F9000 X118.979 Y142.738
G1 F1500 X115.901 Y139.66 E1000.75031
G0 F9000 X116.467 Y139.66
G1 F1500 X119.045 Y142.238 E1000.87157
G0 F9000 X119.187 Y141.815
G1 F1500 X117.033 Y139.66 E1000.97291
G0 F9000 X117.598 Y139.66
G1 F1500 X119.357 Y141.419 E1001.05565
G0 F9000 X119.587 Y141.083
G1 F1500 X118.164 Y139.66 E1001.12258
G0 F9000 X118.73 Y139.66
G1 F1500 X119.837 Y140.767 E1001.17465
G0 F9000 X120.136 Y140.501
G1 F1500 X119.295 Y139.66 E1001.21421
G0 F9000 X119.861 Y139.66
G1 F1500 X120.463 Y140.262 E1001.24252
G0 F9000 X120.837 Y140.07
G1 F1500 X120.427 Y139.66 E1001.26181
G0 F9000 X120.992 Y139.66
G1 F1500 X121.238 Y139.905 E1001.27336
G1 F2700 E996.27336
G0 F9000 X121.351 Y140.374
G0 X123.697 Y140.668
G0 X124.88 Y142.856
G0 X124.896 Y144.476
G0 X137.852 Y144.476
G0 X138.172 Y141.669
G0 X140.295 Y140.203
G0 X142.69 Y141.112
G0 X143.38 Y142.856
G0 X143.396 Y144.476
G0 X147.518 Y144.487
G0 X147.905 Y144.444
G0 X148.522 Y144.146
G0 X148.955 Y143.606
G0 X149.069 Y143.281
G0 X149.111 Y140.854
G0 X149.069 Y140.467
G0 X148.772 Y139.849
G0 X148.523 Y139.6
G0 X147.905 Y139.303
G0 X122.748 Y139.2
G0 X122.748 Y139.719
G1 F2700 E1001.27336
G1 F1500 X122.883 Y139.854 E1001.27971
G0 F9000 X123.255 Y139.66
G1 F1500 X123.979 Y140.384 E1001.31376
G0 F9000 X123.821 Y139.66
G1 F1500 X128.249 Y144.088 E1001.52204
G0 F9000 X128.814 Y144.088
G1 F1500 X124.386 Y139.66 E1001.73032
G0 F9000 X124.952 Y139.66
G1 F1500 X129.38 Y144.088 E1001.9386
G0 F9000 X129.946 Y144.088
G1 F1500 X125.518 Y139.66 E1002.14688
G0 F9000 X126.084 Y139.66
G1 F1500 X130.511 Y144.088 E1002.35513
G0 F9000 X131.077 Y144.088
G1 F1500 X126.649 Y139.66 E1002.56341
G0 F9000 X127.215 Y139.66
G1 F1500 X131.643 Y144.088 E1002.77169
G0 F9000 X132.208 Y144.088
G1 F1500 X127.781 Y139.66 E1002.97995
G0 F9000 X128.346 Y139.66
G1 F1500 X132.774 Y144.088 E1003.18823
G0 F9000 X133.34 Y144.088
G1 F1500 X128.912 Y139.66 E1003.39651
G0 F9000 X129.478 Y139.66
G1 F1500 X133.906 Y144.088 E1003.60479
G0 F9000 X134.471 Y144.088
G1 F1500 X130.043 Y139.66 E1003.81307
G0 F9000 X130.609 Y139.66
G1 F1500 X135.037 Y144.088 E1004.02135
G0 F9000 X135.603 Y144.088
G1 F1500 X131.175 Y139.66 E1004.22963
G0 F9000 X131.74 Y139.66
G1 F1500 X136.168 Y144.088 E1004.43791
G0 F9000 X136.734 Y144.088
G1 F1500 X132.306 Y139.66 E1004.64619
G0 F9000 X132.872 Y139.66
G1 F1500 X137.3 Y144.088 E1004.85447
G0 F9000 X137.467 Y143.689
G1 F1500 X133.437 Y139.66 E1005.044
G0 F9000 X134.003 Y139.66
G1 F1500 X137.47 Y143.127 E1005.20708
G0 F9000 X137.499 Y142.59
G1 F1500 X134.569 Y139.66 E1005.3449
G0 F9000 X135.134 Y139.66
G1 F1500 X137.578 Y142.104 E1005.45985
G0 F9000 X137.733 Y141.693
G1 F1500 X135.7 Y139.66 E1005.55548
G0 F9000 X136.266 Y139.66
G1 F1500 X137.925 Y141.319 E1005.63352
G0 F9000 X138.154 Y140.982
G1 F1500 X136.832 Y139.66 E1005.6957
G0 F9000 X137.397 Y139.66
G1 F1500 X138.425 Y140.687 E1005.74403
G0 F9000 X138.724 Y140.422
G1 F1500 X137.963 Y139.66 E1005.77985
G0 F9000 X138.529 Y139.66
G1 F1500 X139.074 Y140.206 E1005.80551
G0 F9000 X139.448 Y140.014
G1 F1500 X139.094 Y139.66 E1005.82216
G0 F9000 X139.677 Y139.677
G1 F1500 X139.861 Y139.861 E1005.83081
G0 F9000 X139.978 Y140.344
G0 X142.197 Y140.668
G0 X143.38 Y142.856
G0 X143.396 Y144.476
G0 X147.518 Y144.487
G0 X147.905 Y144.444
G0 X148.522 Y144.146
G0 X148.955 Y143.606
G0 X149.069 Y143.281
G0 X149.111 Y140.854
G0 X149.069 Y140.467
G0 X148.772 Y139.849
G0 X148.523 Y139.6
G0 X147.905 Y139.303
G0 X141.397 Y139.2
G0 X141.397 Y139.7
G1 F1500 X141.652 Y139.955 E1005.84281
G0 F9000 X141.923 Y139.66
G1 F1500 X146.35 Y144.087 E1006.05104
G0 F9000 X145.784 Y144.087
G1 F1500 X143.589 Y141.892 E1006.15428
G0 F9000 X143.748 Y142.616
G1 F1500 X145.219 Y144.088 E1006.2235
G0 F9000 X144.654 Y144.088
G1 F1500 X143.777 Y143.212 E1006.26473
G0 F9000 X143.781 Y143.781
G1 F1500 X144.088 Y144.088 E1006.27917
G0 F9000 X144.088 Y144.548
G0 X146.916 Y144.548
G0 X146.916 Y144.087
G1 F1500 X142.488 Y139.66 E1006.48742
G0 F9000 X143.054 Y139.66
G1 F1500 X147.481 Y144.087 E1006.69566
G0 F9000 X147.959 Y143.999
G1 F1500 X143.62 Y139.66 E1006.89975
G0 F9000 X144.185 Y139.66
G1 F1500 X148.314 Y143.788 E1007.09394
G0 F9000 X148.565 Y143.474
G1 F1500 X144.751 Y139.66 E1007.27334
G0 F9000 X145.317 Y139.66
G1 F1500 X148.693 Y143.036 E1007.43214
G0 F9000 X148.712 Y142.49
G1 F1500 X145.882 Y139.66 E1007.56525
G0 F9000 X146.448 Y139.66
G1 F1500 X148.712 Y141.924 E1007.67174
G0 F9000 X148.712 Y141.358
G1 F1500 X147.014 Y139.66 E1007.75161
G0 F9000 X147.589 Y139.67
G1 F1500 X148.702 Y140.782 E1007.80394
G1 F2700 E1002.80394
G0 F9000 X149.159 Y140.733
G0 X149.069 Y143.281
G0 X148.955 Y143.606
G0 X148.522 Y144.146
G0 X147.905 Y144.444
G0 X147.518 Y144.487
G0 X143.396 Y144.476
G0 X143.127 Y141.805
G0 X142.018 Y140.932
G0 X141.494 Y140.657
G0 X140.92 Y140.516
G0 X140.33 Y140.516
G0 X139.756 Y140.657
G0 X139.232 Y140.932
G0 X138.79 Y141.324
G0 X137.869 Y142.856
G0 X137.852 Y144.476
G0 X127.683 Y144.548
G0 X127.683 Y144.088
G1 F2700 E1007.80394
G1 F1500 X124.606 Y141.011 E1007.94867
G0 F9000 X124.228 Y141.272
G0 X124.747 Y142.286
G0 X125.19 Y142.161
G1 F1500 X127.117 Y144.088 E1008.03931
G0 F9000 X126.552 Y144.088
G1 F1500 X125.27 Y142.807 E1008.09959
G0 F9000 X125.279 Y143.381
G1 F1500 X125.986 Y144.088 E1008.13285
G0 F9000 X125.42 Y144.088
G1 F1500 X125.282 Y143.949 E1008.13936
;MESH:NONMESH
G0 F300 X125.282 Y143.949 Z2.8
G0 F9000 X124.822 Y143.95
G0 X124.506 Y142.363
G0 X124.297 Y141.811
G0 X123.96 Y141.324
G0 X123.518 Y140.932
G0 X122.994 Y140.657
G0 X122.42 Y140.516
G0 X121.83 Y140.516
G0 X121.256 Y140.657
G0 X120.732 Y140.932
G0 X120.29 Y141.324
G0 X119.953 Y141.811
G0 X119.744 Y142.363
G0 X119.676 Y142.923
G0 X119.676 Y144.441
G0 X117.5 Y144.648
;TIME_ELAPSED:1655.219032
;LAYER:13
;TYPE:WALL-INNER
;MESH:Battery_holder.stl
G1 F1500 X119.524 Y144.648 E1008.20668
G1 X119.528 Y142.878 E1008.26555
G1 X119.599 Y142.314 E1008.28446
G1 X119.816 Y141.744 E1008.30474
G1 X120.173 Y141.221 E1008.3258
G1 X120.646 Y140.8 E1008.34686
G1 X121.206 Y140.513 E1008.36779
G1 X121.813 Y140.364 E1008.38858
G1 X122.446 Y140.364 E1008.40964
G1 X123.044 Y140.513 E1008.43013
G1 X123.606 Y140.803 E1008.45117
G1 X124.069 Y141.219 E1008.47187
G1 X124.431 Y141.742 E1008.49303
G1 X124.649 Y142.314 E1008.51338
G1 X124.72 Y142.878 E1008.53229
G1 X124.724 Y144.648 E1008.59116
G1 X138.024 Y144.648 E1009.03352
G1 X138.028 Y142.878 E1009.09239
G1 X138.099 Y142.314 E1009.1113
G1 X138.316 Y141.744 E1009.13159
G1 X138.673 Y141.221 E1009.15265
G1 X139.146 Y140.8 E1009.17371
G1 X139.706 Y140.513 E1009.19464
G1 X140.313 Y140.364 E1009.21542
G1 X140.946 Y140.364 E1009.23648
G1 X141.544 Y140.513 E1009.25698
G1 X142.106 Y140.803 E1009.27801
G1 X142.569 Y141.219 E1009.29871
G1 X142.931 Y141.742 E1009.31987
G1 X143.149 Y142.314 E1009.34023
G1 X143.22 Y142.878 E1009.35913
G1 X143.224 Y144.648 E1009.41801
G1 X147.527 Y144.648 E1009.56112
G1 X147.942 Y144.603 E1009.57501
G1 X148.3 Y144.476 E1009.58764
G1 X148.622 Y144.272 E1009.60032
G1 X148.9 Y143.994 E1009.6134
G1 X149.1 Y143.677 E1009.62586
G1 X149.226 Y143.317 E1009.63855
G1 X149.272 Y142.903 E1009.6524
G1 X149.272 Y140.845 E1009.72085
G1 X149.226 Y140.431 E1009.73471
G1 X149.099 Y140.07 E1009.74743
G1 X148.899 Y139.748 E1009.76004
G1 X148.624 Y139.473 E1009.77298
G1 X148.302 Y139.273 E1009.78558
G1 X147.941 Y139.146 E1009.79831
G1 X147.527 Y139.1 E1009.81217
G1 X97.765 Y139.1 E1011.46726
G1 X97.494 Y138.967 E1011.4773
G1 X97.346 Y138.791 E1011.48495
G1 X97.273 Y138.589 E1011.49209
G1 X97.272 Y129.348 E1011.79945
G1 X95.454 Y129.344 E1011.85992
G1 X94.892 Y129.275 E1011.87875
G1 X94.308 Y129.045 E1011.89962
G1 X93.801 Y128.696 E1011.9201
G1 X93.379 Y128.23 E1011.94101
G1 X93.085 Y127.668 E1011.9621
G1 X92.94 Y127.058 E1011.98295
G1 X92.94 Y126.429 E1012.00388
G1 X93.086 Y125.825 E1012.02454
G1 X93.384 Y125.268 E1012.04555
G1 X93.8 Y124.804 E1012.06628
G1 X94.308 Y124.451 E1012.08686
G1 X94.892 Y124.221 E1012.10773
G1 X95.454 Y124.152 E1012.12656
G1 X97.272 Y124.148 E1012.18703
G1 X97.272 Y110.848 E1012.62939
G1 X95.454 Y110.844 E1012.68986
G1 X94.892 Y110.775 E1012.70869
G1 X94.308 Y110.545 E1012.72957
G1 X93.801 Y110.196 E1012.75004
G1 X93.379 Y109.73 E1012.77095
G1 X93.085 Y109.168 E1012.79204
G1 X92.94 Y108.558 E1012.8129
G1 X92.94 Y107.929 E1012.83382
G1 X93.086 Y107.325 E1012.85449
G1 X93.384 Y106.768 E1012.8755
G1 X93.8 Y106.304 E1012.89622
G1 X94.308 Y105.951 E1012.9168
G1 X94.892 Y105.721 E1012.93768
G1 X95.454 Y105.652 E1012.95651
G1 X97.272 Y105.648 E1013.01697
G1 X97.273 Y96.464 E1013.32244
G1 X97.306 Y96.3 E1013.328
G1 X97.409 Y96.118 E1013.33496
G1 X97.603 Y95.963 E1013.34321
G1 X97.792 Y95.9 E1013.34984
G1 X147.525 Y95.9 E1015.00397
G1 X147.939 Y95.851 E1015.01783
G1 X148.302 Y95.724 E1015.03062
G1 X148.624 Y95.523 E1015.04325
G1 X148.9 Y95.247 E1015.05623
G1 X149.099 Y94.929 E1015.06871
G1 X149.227 Y94.566 E1015.08151
G1 X149.272 Y94.155 E1015.09526
G1 X149.272 Y92.093 E1015.16384
G1 X149.227 Y91.682 E1015.1776
G1 X149.099 Y91.319 E1015.1904
G1 X148.9 Y91.001 E1015.20287
G1 X148.622 Y90.724 E1015.21593
G1 X148.302 Y90.521 E1015.22853
G1 X147.942 Y90.397 E1015.2412
G1 X147.525 Y90.348 E1015.25516
G1 X143.224 Y90.348 E1015.39821
G1 X143.22 Y92.118 E1015.45708
G1 X143.149 Y92.683 E1015.47602
G1 X142.931 Y93.254 E1015.49635
G1 X142.569 Y93.777 E1015.51751
G1 X142.107 Y94.192 E1015.53816
G1 X141.544 Y94.487 E1015.5593
G1 X140.934 Y94.632 E1015.58016
G1 X140.305 Y94.632 E1015.60108
G1 X139.703 Y94.487 E1015.62167
G1 X139.144 Y94.194 E1015.64266
G1 X138.673 Y93.775 E1015.66363
G1 X138.316 Y93.252 E1015.68469
G1 X138.099 Y92.683 E1015.70495
G1 X138.028 Y92.118 E1015.72389
G1 X138.024 Y90.348 E1015.78276
G1 X124.724 Y90.348 E1016.22512
G1 X124.72 Y92.118 E1016.28399
G1 X124.649 Y92.683 E1016.30293
G1 X124.431 Y93.254 E1016.32326
G1 X124.069 Y93.777 E1016.34441
G1 X123.607 Y94.192 E1016.36507
G1 X123.044 Y94.487 E1016.38621
G1 X122.434 Y94.632 E1016.40706
G1 X121.805 Y94.632 E1016.42798
G1 X121.203 Y94.487 E1016.44858
G1 X120.644 Y94.194 E1016.46957
G1 X120.173 Y93.775 E1016.49054
G1 X119.816 Y93.252 E1016.5116
G1 X119.599 Y92.683 E1016.53185
G1 X119.528 Y92.118 E1016.55079
G1 X119.524 Y90.348 E1016.60966
G1 X106.224 Y90.348 E1017.05202
G1 X106.22 Y92.118 E1017.11089
G1 X106.149 Y92.683 E1017.12983
G1 X105.931 Y93.254 E1017.15016
G1 X105.569 Y93.777 E1017.17132
G1 X105.107 Y94.192 E1017.19197
G1 X104.544 Y94.487 E1017.21311
G1 X103.934 Y94.632 E1017.23397
G1 X103.305 Y94.632 E1017.25489
G1 X102.703 Y94.487 E1017.27548
G1 X102.144 Y94.194 E1017.29647
G1 X101.673 Y93.775 E1017.31744
G1 X101.316 Y93.252 E1017.3385
G1 X101.099 Y92.683 E1017.35876
G1 X101.028 Y92.118 E1017.3777
G1 X101.024 Y90.348 E1017.43657
G1 X87.471 Y90.348 E1017.88734
G1 X87.054 Y90.397 E1017.90131
G1 X86.695 Y90.52 E1017.91393
G1 X86.378 Y90.723 E1017.92645
G1 X86.099 Y91.003 E1017.93959
G1 X85.896 Y91.321 E1017.95214
G1 X85.77 Y91.682 E1017.96486
G1 X85.724 Y92.093 E1017.97862
G1 X85.724 Y142.903 E1019.66856
G1 X85.77 Y143.318 E1019.68245
G1 X85.895 Y143.675 E1019.69503
G1 X86.099 Y143.994 E1019.70762
G1 X86.379 Y144.273 E1019.72077
G1 X86.697 Y144.476 E1019.73332
G1 X87.054 Y144.602 E1019.74591
G1 X87.469 Y144.648 E1019.7598
G1 X101.024 Y144.648 E1020.21064
G1 X101.028 Y142.878 E1020.26951
G1 X101.099 Y142.314 E1020.28842
G1 X101.316 Y141.744 E1020.3087
G1 X101.673 Y141.221 E1020.32976
G1 X102.146 Y140.8 E1020.35083
G1 X102.706 Y140.513 E1020.37175
G1 X103.313 Y140.364 E1020.39254
G1 X103.946 Y140.364 E1020.4136
G1 X104.544 Y140.513 E1020.43409
G1 X105.106 Y140.803 E1020.45513
G1 X105.569 Y141.219 E1020.47583
G1 X105.931 Y141.742 E1020.49699
G1 X106.149 Y142.314 E1020.51735
G1 X106.22 Y142.878 E1020.53625
G1 X106.224 Y144.648 E1020.59512
G1 X117.5 Y144.648 E1020.97016
G0 F9000 X117.5 Y145.048
;TYPE:WALL-OUTER
G1 F1500 X119.924 Y145.048 E1021.05079
G1 X119.925 Y142.927 E1021.12133
G1 X119.987 Y142.429 E1021.13802
G1 X120.186 Y141.911 E1021.15648
G1 X120.495 Y141.47 E1021.17439
G1 X120.896 Y141.122 E1021.19205
G1 X121.367 Y140.885 E1021.20959
G1 X121.831 Y140.769 E1021.22549
G1 X122.417 Y140.769 E1021.24498
G1 X122.881 Y140.885 E1021.26089
G1 X123.375 Y141.134 E1021.27929
G1 X123.781 Y141.506 E1021.29761
G1 X124.083 Y141.952 E1021.31552
G1 X124.263 Y142.439 E1021.33279
G1 X124.323 Y142.927 E1021.34914
G1 X124.324 Y145.048 E1021.41969
G1 X138.424 Y145.048 E1021.88866
G1 X138.425 Y142.927 E1021.9592
G1 X138.487 Y142.429 E1021.97589
G1 X138.686 Y141.911 E1021.99435
G1 X138.995 Y141.47 E1022.01226
G1 X139.396 Y141.122 E1022.02992
G1 X139.867 Y140.885 E1022.04745
G1 X140.331 Y140.769 E1022.06336
G1 X140.917 Y140.769 E1022.08285
G1 X141.381 Y140.885 E1022.09876
G1 X141.875 Y141.134 E1022.11716
G1 X142.281 Y141.506 E1022.13547
G1 X142.583 Y141.952 E1022.15339
G1 X142.763 Y142.439 E1022.17066
G1 X142.823 Y142.927 E1022.18701
G1 X142.824 Y145.048 E1022.25756
G1 X147.549 Y145.048 E1022.41471
G1 X148.031 Y144.995 E1022.43084
G1 X148.476 Y144.838 E1022.44653
G1 X148.874 Y144.586 E1022.4622
G1 X149.214 Y144.246 E1022.47819
G1 X149.462 Y143.852 E1022.49368
G1 X149.619 Y143.407 E1022.50937
G1 X149.672 Y142.925 E1022.5255
G1 X149.672 Y140.823 E1022.59541
G1 X149.619 Y140.341 E1022.61154
G1 X149.462 Y139.896 E1022.62724
G1 X149.214 Y139.498 E1022.64283
G1 X148.874 Y139.158 E1022.65883
G1 X148.476 Y138.91 E1022.67442
G1 X148.031 Y138.753 E1022.69012
G1 X147.549 Y138.7 E1022.70625
G1 X97.825 Y138.695 E1024.36007
G1 X97.746 Y138.656 E1024.363
G1 X97.675 Y138.538 E1024.36758
G1 X97.672 Y128.948 E1024.68655
G1 X95.503 Y128.947 E1024.75869
G1 X94.968 Y128.875 E1024.77664
G1 X94.502 Y128.695 E1024.79326
G1 X94.064 Y128.395 E1024.81092
G1 X93.698 Y127.977 E1024.8294
G1 X93.457 Y127.503 E1024.84708
G1 X93.343 Y127.027 E1024.86336
G1 X93.345 Y126.457 E1024.88232
G1 X93.474 Y125.947 E1024.89982
G1 X93.698 Y125.519 E1024.91588
G1 X94.064 Y125.105 E1024.93426
G1 X94.502 Y124.801 E1024.952
G1 X95.015 Y124.609 E1024.97021
G1 X95.503 Y124.549 E1024.98657
G1 X97.672 Y124.548 E1025.05871
G1 X97.672 Y110.448 E1025.52768
G1 X95.503 Y110.447 E1025.59982
G1 X94.968 Y110.375 E1025.61777
G1 X94.502 Y110.195 E1025.63439
G1 X94.064 Y109.895 E1025.65205
G1 X93.698 Y109.477 E1025.67052
G1 X93.457 Y109.003 E1025.68821
G1 X93.343 Y108.527 E1025.70449
G1 X93.345 Y107.957 E1025.72345
G1 X93.474 Y107.447 E1025.74095
G1 X93.698 Y107.019 E1025.75701
G1 X94.064 Y106.605 E1025.77539
G1 X94.502 Y106.301 E1025.79312
G1 X95.015 Y106.109 E1025.81134
G1 X95.503 Y106.049 E1025.8277
G1 X97.672 Y106.048 E1025.89984
G1 X97.675 Y96.462 E1026.21867
G1 X97.746 Y96.344 E1026.22325
G1 X97.837 Y96.302 E1026.22658
G1 X147.548 Y96.3 E1027.87998
G1 X148.03 Y96.243 E1027.89612
G1 X148.476 Y96.086 E1027.91185
G1 X148.874 Y95.838 E1027.92744
G1 X149.214 Y95.498 E1027.94344
G1 X149.462 Y95.104 E1027.95892
G1 X149.619 Y94.655 E1027.97474
G1 X149.672 Y94.177 E1027.99074
G1 X149.672 Y92.071 E1028.06078
G1 X149.619 Y91.593 E1028.07678
G1 X149.462 Y91.144 E1028.0926
G1 X149.214 Y90.75 E1028.10808
G1 X148.874 Y90.41 E1028.12408
G1 X148.476 Y90.158 E1028.13974
G1 X148.031 Y90.005 E1028.15539
G1 X147.548 Y89.948 E1028.17157
G1 X142.824 Y89.948 E1028.32869
G1 X142.823 Y92.069 E1028.39924
G1 X142.761 Y92.568 E1028.41596
G1 X142.561 Y93.086 E1028.43443
G1 X142.281 Y93.49 E1028.45078
G1 X141.853 Y93.874 E1028.4699
G1 X141.379 Y94.115 E1028.48759
G1 X140.903 Y94.229 E1028.50387
G1 X140.333 Y94.227 E1028.52283
G1 X139.823 Y94.098 E1028.54032
G1 X139.355 Y93.846 E1028.558
G1 X138.962 Y93.489 E1028.57566
G1 X138.686 Y93.085 E1028.59194
G1 X138.485 Y92.557 E1028.61073
G1 X138.425 Y92.069 E1028.62708
G1 X138.424 Y89.948 E1028.69762
G1 X124.324 Y89.948 E1029.16659
G1 X124.323 Y92.069 E1029.23714
G1 X124.261 Y92.568 E1029.25386
G1 X124.061 Y93.086 E1029.27233
G1 X123.781 Y93.49 E1029.28868
G1 X123.353 Y93.874 E1029.3078
G1 X122.879 Y94.115 E1029.32549
G1 X122.403 Y94.229 E1029.34177
G1 X121.833 Y94.227 E1029.36073
G1 X121.323 Y94.098 E1029.37822
G1 X120.855 Y93.846 E1029.3959
G1 X120.462 Y93.489 E1029.41356
G1 X120.186 Y93.085 E1029.42984
G1 X119.985 Y92.557 E1029.44863
G1 X119.925 Y92.069 E1029.46498
G1 X119.924 Y89.948 E1029.53552
G1 X105.824 Y89.948 E1030.00449
G1 X105.823 Y92.069 E1030.07504
G1 X105.761 Y92.568 E1030.09176
G1 X105.561 Y93.086 E1030.11023
G1 X105.281 Y93.49 E1030.12658
G1 X104.853 Y93.874 E1030.1457
G1 X104.379 Y94.115 E1030.16339
G1 X103.903 Y94.229 E1030.17967
G1 X103.333 Y94.227 E1030.19863
G1 X102.823 Y94.098 E1030.21612
G1 X102.355 Y93.846 E1030.2338
G1 X101.962 Y93.489 E1030.25146
G1 X101.686 Y93.085 E1030.26774
G1 X101.485 Y92.557 E1030.28653
G1 X101.425 Y92.069 E1030.30288
G1 X101.424 Y89.948 E1030.37342
G1 X87.448 Y89.948 E1030.83827
G1 X86.965 Y90.005 E1030.85444
G1 X86.52 Y90.158 E1030.8701
G1 X86.126 Y90.409 E1030.88563
G1 X85.785 Y90.751 E1030.9017
G1 X85.534 Y91.145 E1030.91723
G1 X85.377 Y91.593 E1030.93302
G1 X85.324 Y92.071 E1030.94902
G1 X85.324 Y142.925 E1032.64043
G1 X85.377 Y143.407 E1032.65656
G1 X85.533 Y143.851 E1032.67221
G1 X85.785 Y144.246 E1032.68779
G1 X86.127 Y144.587 E1032.70386
G1 X86.521 Y144.838 E1032.7194
G1 X86.965 Y144.995 E1032.73506
G1 X87.447 Y145.048 E1032.75119
G1 X101.424 Y145.048 E1033.21606
G1 X101.425 Y142.927 E1033.28661
G1 X101.487 Y142.429 E1033.3033
G1 X101.686 Y141.911 E1033.32176
G1 X101.995 Y141.47 E1033.33967
G1 X102.396 Y141.122 E1033.35733
G1 X102.867 Y140.885 E1033.37486
G1 X103.331 Y140.769 E1033.39077
G1 X103.917 Y140.769 E1033.41026
G1 X104.381 Y140.885 E1033.42617
G1 X104.875 Y141.134 E1033.44457
G1 X105.281 Y141.506 E1033.46288
G1 X105.583 Y141.952 E1033.4808
G1 X105.763 Y142.439 E1033.49807
G1 X105.823 Y142.927 E1033.51442
G1 X105.824 Y145.048 E1033.58496
G1 X117.5 Y145.048 E1033.97331
G0 F9000 X117.5 Y144.288
;TYPE:SKIN
G1 F1500 X106.584 Y144.288 E1034.33638
G1 X106.575 Y142.831 E1034.38484
G1 X106.503 Y142.243 E1034.40454
G1 X106.241 Y141.553 E1034.42909
G1 X105.853 Y140.997 E1034.45164
G1 X105.312 Y140.502 E1034.47603
G1 X104.688 Y140.181 E1034.49937
G1 F1363.6 X104.022 Y139.971 E1034.52492
G1 F1255.2 X103.255 Y139.969 E1034.5554
G1 F1369.9 X102.56 Y140.181 E1034.58187
G1 F1500 X101.96 Y140.49 E1034.60431
G1 X101.415 Y140.966 E1034.62838
G1 X101.002 Y141.559 E1034.65242
G1 X100.756 Y142.197 E1034.67516
G1 X100.669 Y142.826 E1034.69628
G1 X100.664 Y144.288 E1034.7449
G1 X87.488 Y144.288 E1035.18314
G1 X87.138 Y144.247 E1035.19486
G1 X86.853 Y144.147 E1035.20491
G1 X86.602 Y143.986 E1035.21482
G1 X86.381 Y143.769 E1035.22513
G1 X86.221 Y143.515 E1035.23511
G1 X86.121 Y143.235 E1035.245
G1 X86.085 Y142.881 E1035.25683
G1 X86.084 Y92.111 E1036.94545
G1 X86.121 Y91.761 E1036.95716
G1 X86.221 Y91.481 E1036.96705
G1 X86.382 Y91.226 E1036.97708
G1 X86.603 Y91.005 E1036.98747
G1 X86.852 Y90.846 E1036.9973
G1 X87.133 Y90.749 E1037.00718
G1 X87.492 Y90.708 E1037.0192
G1 X100.664 Y90.708 E1037.45731
G1 X100.665 Y92.058 E1037.50221
G1 X100.742 Y92.755 E1037.52553
G1 X101.002 Y93.433 E1037.54968
G1 X101.382 Y93.993 E1037.57219
G1 X101.923 Y94.478 E1037.59636
G1 X102.551 Y94.814 E1037.62005
G1 F1363.6 X103.231 Y95.026 E1037.64611
G1 F1252.6 X103.989 Y95.028 E1037.6763
G1 F1366.7 X104.688 Y94.814 E1037.70298
G1 F1500 X105.327 Y94.477 E1037.72701
G1 X105.823 Y94.029 E1037.74924
G1 X106.241 Y93.439 E1037.77329
G1 X106.502 Y92.755 E1037.79764
G1 X106.575 Y92.165 E1037.81741
G1 X106.584 Y90.708 E1037.86587
G1 X119.164 Y90.708 E1038.28428
G1 X119.165 Y92.058 E1038.32918
G1 X119.242 Y92.755 E1038.35251
G1 X119.502 Y93.433 E1038.37666
G1 X119.882 Y93.993 E1038.39917
G1 X120.423 Y94.478 E1038.42333
G1 X121.051 Y94.814 E1038.44702
G1 F1363.6 X121.731 Y95.026 E1038.47308
G1 F1252.6 X122.489 Y95.028 E1038.50327
G1 F1366.7 X123.188 Y94.814 E1038.52996
G1 F1500 X123.827 Y94.477 E1038.55399
G1 X124.323 Y94.029 E1038.57622
G1 X124.741 Y93.439 E1038.60027
G1 X125.002 Y92.755 E1038.62462
G1 X125.075 Y92.165 E1038.64439
G1 X125.084 Y90.708 E1038.69285
G1 X137.664 Y90.708 E1039.11126
G1 X137.665 Y92.058 E1039.15616
G1 X137.742 Y92.755 E1039.17949
G1 X138.002 Y93.433 E1039.20364
G1 X138.382 Y93.993 E1039.22615
G1 X138.923 Y94.478 E1039.25031
G1 X139.551 Y94.814 E1039.274
G1 F1363.6 X140.231 Y95.026 E1039.30006
G1 F1252.6 X140.989 Y95.028 E1039.33025
G1 F1366.7 X141.688 Y94.814 E1039.35694
G1 F1500 X142.327 Y94.477 E1039.38096
G1 X142.823 Y94.029 E1039.40319
G1 X143.241 Y93.439 E1039.42724
G1 X143.502 Y92.755 E1039.45159
G1 X143.575 Y92.165 E1039.47137
G1 X143.584 Y90.708 E1039.51983
G1 X147.5 Y90.708 E1039.65007
G1 X147.859 Y90.749 E1039.66209
G1 X148.14 Y90.846 E1039.67198
G1 X148.398 Y91.01 E1039.68215
G1 X148.614 Y91.226 E1039.69231
G1 X148.77 Y91.472 E1039.702
G1 X148.871 Y91.761 E1039.71218
G1 X148.912 Y92.112 E1039.72393
G1 X148.912 Y94.132 E1039.79112
G1 X148.871 Y94.483 E1039.80287
G1 X148.77 Y94.772 E1039.81305
G1 X148.614 Y95.018 E1039.82274
G1 X148.398 Y95.238 E1039.833
G1 X148.149 Y95.39 E1039.8427
G1 X147.853 Y95.496 E1039.85316
G1 X147.499 Y95.54 E1039.86502
G1 X141.727 Y95.54 E1040.057
G1 F1366.7 X141.03 Y95.501 E1040.08248
G1 F1252.6 X140.175 Y95.499 E1040.11654
G1 F1363.6 X139.512 Y95.539 E1040.14084
G1 F1500 X123.227 Y95.54 E1040.68248
G1 F1366.7 X122.53 Y95.501 E1040.70796
G1 F1252.6 X121.675 Y95.499 E1040.74201
G1 F1363.6 X121.012 Y95.539 E1040.76631
G1 F1500 X104.727 Y95.54 E1041.30796
G1 F1366.7 X104.03 Y95.501 E1041.33344
G1 F1252.6 X103.175 Y95.499 E1041.36749
G1 F1363.6 X102.512 Y95.539 E1041.39179
G1 F1500 X97.712 Y95.54 E1041.55144
G1 X97.404 Y95.662 E1041.56246
G1 X97.13 Y95.883 E1041.57417
G1 X96.963 Y96.181 E1041.58553
G1 X96.912 Y96.444 E1041.59444
G1 X96.912 Y105.288 E1041.88859
G1 X95.403 Y105.293 E1041.93878
G1 X94.785 Y105.376 E1041.95952
G1 X94.161 Y105.613 E1041.98172
G1 X93.54 Y106.052 E1042.00702
G1 X93.116 Y106.512 E1042.02782
G1 X92.741 Y107.217 E1042.05438
G1 X92.585 Y107.865 E1042.07655
G1 X92.582 Y108.611 E1042.10136
G1 X92.754 Y109.317 E1042.12553
G1 X93.073 Y109.931 E1042.14855
G1 X93.583 Y110.482 E1042.17352
G1 X94.165 Y110.879 E1042.19695
G1 X94.78 Y111.115 E1042.21886
G1 X95.407 Y111.199 E1042.2399
G1 X96.912 Y111.208 E1042.28996
G1 X96.912 Y123.788 E1042.70837
G1 X95.403 Y123.793 E1042.75856
G1 X94.785 Y123.876 E1042.7793
G1 X94.161 Y124.113 E1042.8015
G1 X93.54 Y124.552 E1042.82679
G1 X93.116 Y125.012 E1042.8476
G1 X92.741 Y125.717 E1042.87416
G1 X92.585 Y126.365 E1042.89633
G1 X92.582 Y127.111 E1042.92114
G1 X92.754 Y127.817 E1042.94531
G1 X93.073 Y128.431 E1042.96832
G1 X93.583 Y128.982 E1042.9933
G1 X94.165 Y129.379 E1043.01673
G1 X94.78 Y129.615 E1043.03864
G1 X95.407 Y129.699 E1043.05968
G1 X96.912 Y129.708 E1043.10973
G1 X96.915 Y138.578 E1043.40475
G1 X96.963 Y138.816 E1043.41283
G1 X97.13 Y139.109 E1043.42404
G1 X97.406 Y139.336 E1043.43593
G1 X97.707 Y139.46 E1043.44676
G1 X102.521 Y139.46 E1043.60687
G1 F1369.9 X103.214 Y139.498 E1043.63215
G1 F1255.2 X104.079 Y139.499 E1043.66653
G1 F1363.6 X104.73 Y139.46 E1043.69039
G1 F1500 X121.021 Y139.46 E1044.23223
G1 F1369.9 X121.714 Y139.498 E1044.25751
G1 F1255.2 X122.579 Y139.499 E1044.29189
G1 F1363.6 X123.23 Y139.46 E1044.31575
G1 F1500 X139.521 Y139.46 E1044.85759
G1 F1369.9 X140.214 Y139.498 E1044.88287
G1 F1255.2 X141.079 Y139.499 E1044.91725
G1 F1363.6 X141.73 Y139.46 E1044.94111
G1 F1500 X147.505 Y139.46 E1045.13318
G1 X147.855 Y139.497 E1045.14489
G1 X148.148 Y139.602 E1045.15524
G1 X148.394 Y139.754 E1045.16486
G1 X148.614 Y139.977 E1045.17528
G1 X148.767 Y140.22 E1045.18483
G1 X148.872 Y140.514 E1045.19521
G1 X148.912 Y140.864 E1045.20693
G1 X148.912 Y142.88 E1045.27398
G1 X148.871 Y143.235 E1045.28587
G1 X148.77 Y143.524 E1045.29605
G1 X148.618 Y143.762 E1045.30544
G1 X148.394 Y143.99 E1045.31607
G1 X148.144 Y144.146 E1045.32587
G1 X147.855 Y144.247 E1045.33606
G1 X147.504 Y144.287 E1045.34781
G1 X143.584 Y144.288 E1045.47819
G1 X143.575 Y142.831 E1045.52665
G1 X143.503 Y142.243 E1045.54635
G1 X143.241 Y141.553 E1045.5709
G1 X142.853 Y140.997 E1045.59345
G1 X142.312 Y140.502 E1045.61784
G1 X141.688 Y140.181 E1045.64118
G1 F1363.6 X141.022 Y139.971 E1045.66673
G1 F1255.2 X140.255 Y139.969 E1045.69721
G1 F1369.9 X139.56 Y140.181 E1045.72367
G1 F1500 X138.96 Y140.49 E1045.74612
G1 X138.415 Y140.966 E1045.77019
G1 X138.002 Y141.559 E1045.79422
G1 X137.756 Y142.197 E1045.81697
G1 X137.669 Y142.826 E1045.83809
G1 X137.664 Y144.288 E1045.88671
G1 X125.084 Y144.288 E1046.30513
G1 X125.075 Y142.831 E1046.35359
G1 X125.003 Y142.243 E1046.37329
G1 X124.741 Y141.553 E1046.39784
G1 X124.353 Y140.997 E1046.42039
G1 X123.812 Y140.502 E1046.44478
G1 X123.188 Y140.181 E1046.46812
G1 F1363.6 X122.522 Y139.971 E1046.49367
G1 F1255.2 X121.755 Y139.969 E1046.52415
G1 F1369.9 X121.06 Y140.181 E1046.55061
G1 F1500 X120.46 Y140.49 E1046.57306
G1 X119.915 Y140.966 E1046.59713
G1 X119.502 Y141.559 E1046.62116
G1 X119.256 Y142.197 E1046.64391
G1 X119.169 Y142.826 E1046.66503
G1 X119.164 Y144.288 E1046.71365
G1 X117.5 Y144.288 E1046.769
G1 F2700 E1041.769
G0 F9000 X117.5 Y144.548
G0 X119.675 Y144.542
G0 X119.676 Y142.923
G0 X119.744 Y142.363
G0 X119.953 Y141.811
G0 X120.29 Y141.324
G0 X120.732 Y140.932
G0 X121.256 Y140.657
G0 X121.83 Y140.516
G0 X122.42 Y140.516
G0 X122.994 Y140.657
G0 X123.518 Y140.932
G0 X123.96 Y141.324
G0 X124.297 Y141.811
G0 X124.506 Y142.363
G0 X124.574 Y142.923
G0 X124.574 Y144.53
G0 X138.175 Y144.496
G0 X138.176 Y142.923
G0 X138.244 Y142.363
G0 X138.453 Y141.811
G0 X138.79 Y141.324
G0 X139.232 Y140.932
G0 X139.756 Y140.657
G0 X140.33 Y140.516
G0 X140.92 Y140.516
G0 X141.494 Y140.657
G0 X142.018 Y140.932
G0 X142.46 Y141.324
G0 X142.797 Y141.811
G0 X143.006 Y142.363
G0 X143.074 Y142.923
G0 X143.074 Y144.483
G0 X148.013 Y144.471
G0 X147.86 Y144.034
G1 F2700 E1046.769
G1 F1500 X148.659 Y143.234 E1046.8066
G0 F9000 X148.712 Y142.616
G1 F1500 X147.24 Y144.088 E1046.87584
G0 F9000 X146.674 Y144.088
G1 F1500 X148.712 Y142.051 E1046.97168
G0 F9000 X148.712 Y141.485
G1 F1500 X146.109 Y144.088 E1047.09412
G0 F9000 X145.542 Y144.089
G1 F1500 X148.712 Y140.919 E1047.24322
G0 F9000 X148.631 Y140.434
G1 F1500 X144.977 Y144.089 E1047.41512
G0 F9000 X144.411 Y144.089
G1 F1500 X148.427 Y140.073 E1047.60402
G0 F9000 X148.117 Y139.817
G1 F1500 X143.845 Y144.089 E1047.80496
G0 F9000 X143.78 Y143.588
G1 F1500 X147.688 Y139.68 E1047.98878
G0 F9000 X147.143 Y139.66
G1 F1500 X143.777 Y143.025 E1048.14709
G0 F9000 X143.735 Y142.502
G1 F1500 X146.577 Y139.66 E1048.28076
G0 F9000 X146.011 Y139.66
G1 F1500 X143.642 Y142.029 E1048.39219
G0 F9000 X143.486 Y141.619
G1 F1500 X145.446 Y139.66 E1048.48436
G0 F9000 X144.88 Y139.66
G1 F1500 X143.28 Y141.259 E1048.5596
G0 F9000 X143.048 Y140.926
G1 F1500 X144.314 Y139.66 E1048.61915
G0 F9000 X143.748 Y139.66
G1 F1500 X142.766 Y140.643 E1048.66536
G0 F9000 X142.468 Y140.375
G1 F1500 X143.183 Y139.66 E1048.69899
G0 F9000 X142.617 Y139.66
G1 F1500 X142.105 Y140.172 E1048.72308
G0 F9000 X141.728 Y139.984
G1 F1500 X142.051 Y139.66 E1048.73829
G0 F9000 X141.452 Y139.693
G1 F1500 X141.316 Y139.83 E1048.74471
G0 F9000 X141.193 Y140.321
G0 X143.075 Y141.667
G0 X143.396 Y144.476
G0 X147.518 Y144.487
G0 X147.905 Y144.444
G0 X148.522 Y144.146
G0 X148.955 Y143.606
G0 X149.069 Y143.281
G0 X149.111 Y140.854
G0 X149.069 Y140.467
G0 X148.772 Y139.849
G0 X148.523 Y139.6
G0 X147.905 Y139.303
G0 X139.763 Y139.2
G0 X139.763 Y139.685
G1 F1500 X139.42 Y140.029 E1048.76087
G0 F9000 X139.223 Y139.66
G1 F1500 X134.795 Y144.088 E1048.96915
G0 F9000 X135.361 Y144.088
G1 F1500 X137.718 Y141.731 E1049.08002
G0 F9000 X137.509 Y142.505
G1 F1500 X135.926 Y144.088 E1049.15448
G0 F9000 X136.492 Y144.088
G1 F1500 X137.469 Y143.111 E1049.20043
G0 F9000 X137.466 Y143.68
G1 F1500 X137.058 Y144.088 E1049.21962
G0 F9000 X137.058 Y144.548
G0 X134.229 Y144.548
G0 X134.229 Y144.088
G1 F1500 X138.657 Y139.66 E1049.4279
G0 F9000 X138.092 Y139.66
G1 F1500 X133.664 Y144.088 E1049.63618
G0 F9000 X133.098 Y144.088
G1 F1500 X137.526 Y139.66 E1049.84446
G0 F9000 X136.96 Y139.66
G1 F1500 X132.532 Y144.088 E1050.05274
G0 F9000 X131.967 Y144.088
G1 F1500 X136.395 Y139.66 E1050.26102
G0 F9000 X135.829 Y139.66
G1 F1500 X131.401 Y144.088 E1050.4693
G0 F9000 X130.835 Y144.088
G1 F1500 X135.263 Y139.66 E1050.67758
G0 F9000 X134.697 Y139.66
G1 F1500 X130.27 Y144.088 E1050.88583
G0 F9000 X129.704 Y144.088
G1 F1500 X134.132 Y139.66 E1051.09411
G0 F9000 X133.566 Y139.66
G1 F1500 X129.138 Y144.088 E1051.30239
G0 F9000 X128.573 Y144.088
G1 F1500 X133 Y139.66 E1051.51065
G0 F9000 X132.435 Y139.66
G1 F1500 X128.007 Y144.088 E1051.71893
G0 F9000 X127.441 Y144.088
G1 F1500 X131.869 Y139.66 E1051.92721
G0 F9000 X131.303 Y139.66
G1 F1500 X126.875 Y144.088 E1052.13549
G0 F9000 X126.31 Y144.088
G1 F1500 X130.738 Y139.66 E1052.34377
G0 F9000 X130.172 Y139.66
G1 F1500 X125.744 Y144.088 E1052.55205
G0 F9000 X125.283 Y143.983
G1 F1500 X129.606 Y139.66 E1052.75539
G0 F9000 X129.041 Y139.66
G1 F1500 X125.28 Y143.421 E1052.93229
G0 F9000 X125.277 Y142.858
G1 F1500 X128.475 Y139.66 E1053.08272
G0 F9000 X127.909 Y139.66
G1 F1500 X125.217 Y142.352 E1053.20934
G0 F9000 X125.096 Y141.908
G1 F1500 X127.344 Y139.66 E1053.31508
G0 F9000 X126.778 Y139.66
G1 F1500 X124.94 Y141.498 E1053.40153
G0 F9000 X124.711 Y141.161
G1 F1500 X126.212 Y139.66 E1053.47214
G0 F9000 X125.647 Y139.66
G1 F1500 X124.474 Y140.832 E1053.52729
G0 F9000 X124.177 Y140.564
G1 F1500 X125.081 Y139.66 E1053.56981
G0 F9000 X124.515 Y139.66
G1 F1500 X123.88 Y140.295 E1053.59968
G0 F9000 X123.495 Y140.115
G1 F1500 X123.949 Y139.66 E1053.62106
G0 F9000 X123.384 Y139.66
G1 F1500 X123.105 Y139.939 E1053.63418
G0 F9000 X122.762 Y139.717
G1 F1500 X122.695 Y139.783 E1053.63731
G0 F9000 X122.568 Y140.29
G0 X124.575 Y141.667
G0 X124.896 Y144.476
G0 X137.852 Y144.476
G0 X138.172 Y141.669
G0 X140.295 Y140.203
G0 X142.69 Y141.112
G0 X143.38 Y142.856
G0 X143.396 Y144.476
G0 X147.518 Y144.487
G0 X147.905 Y144.444
G0 X148.522 Y144.146
G0 X148.955 Y143.606
G0 X149.069 Y143.281
G0 X149.111 Y140.854
G0 X149.069 Y140.467
G0 X148.772 Y139.849
G0 X148.523 Y139.6
G0 X147.905 Y139.303
G0 X121.622 Y139.2
G0 X121.622 Y139.724
G1 F1500 X121.554 Y139.792 E1053.64051
G0 F9000 X121.112 Y139.669
G1 F1500 X120.576 Y140.205 E1053.66572
G0 F9000 X120.555 Y139.66
G1 F1500 X116.127 Y144.089 E1053.87402
G0 F9000 X116.692 Y144.089
G1 F1500 X119.343 Y141.438 E1053.99872
G0 F9000 X119.034 Y142.312
G1 F1500 X117.258 Y144.089 E1054.08228
G0 F9000 X117.824 Y144.089
G1 F1500 X118.97 Y142.942 E1054.1362
G0 F9000 X118.967 Y143.511
G1 F1500 X118.389 Y144.089 E1054.16339
G0 F9000 X118.389 Y144.548
G0 X115.561 Y144.548
G0 X115.561 Y144.089
G1 F1500 X119.99 Y139.66 E1054.37172
G0 F9000 X119.424 Y139.66
G1 F1500 X114.995 Y144.089 E1054.58004
G0 F9000 X114.43 Y144.089
G1 F1500 X118.858 Y139.66 E1054.78835
G0 F9000 X118.293 Y139.66
G1 F1500 X113.864 Y144.089 E1054.99667
G0 F9000 X113.298 Y144.089
G1 F1500 X117.727 Y139.66 E1055.205
G0 F9000 X117.161 Y139.66
G1 F1500 X112.733 Y144.089 E1055.4133
G0 F9000 X112.167 Y144.089
G1 F1500 X116.596 Y139.66 E1055.62163
G0 F9000 X116.03 Y139.66
G1 F1500 X111.601 Y144.089 E1055.82996
G0 F9000 X111.036 Y144.089
G1 F1500 X115.464 Y139.66 E1056.03826
G0 F9000 X114.898 Y139.66
G1 F1500 X110.47 Y144.089 E1056.24656
G0 F9000 X109.904 Y144.089
G1 F1500 X114.333 Y139.66 E1056.45489
G0 F9000 X113.767 Y139.66
G1 F1500 X109.339 Y144.089 E1056.66319
G0 F9000 X108.773 Y144.089
G1 F1500 X113.201 Y139.66 E1056.8715
G0 F9000 X112.636 Y139.66
G1 F1500 X108.207 Y144.089 E1057.07982
G0 F9000 X107.641 Y144.089
G1 F1500 X112.07 Y139.66 E1057.28815
G0 F9000 X111.504 Y139.66
G1 F1500 X107.076 Y144.089 E1057.49645
G0 F9000 X106.782 Y143.817
G1 F1500 X110.939 Y139.66 E1057.69198
G0 F9000 X110.373 Y139.66
G1 F1500 X106.779 Y143.254 E1057.86104
G0 F9000 X106.759 Y142.708
G1 F1500 X109.807 Y139.66 E1058.0044
G0 F9000 X109.242 Y139.66
G1 F1500 X106.7 Y142.202 E1058.12397
G0 F9000 X106.55 Y141.786
G1 F1500 X108.676 Y139.66 E1058.22397
G0 F9000 X108.11 Y139.66
G1 F1500 X106.375 Y141.395 E1058.30558
G0 F9000 X106.143 Y141.061
G1 F1500 X107.545 Y139.66 E1058.3715
G0 F9000 X106.979 Y139.66
G1 F1500 X105.886 Y140.752 E1058.42289
G0 F9000 X105.589 Y140.484
G1 F1500 X106.413 Y139.66 E1058.46165
G0 F9000 X105.848 Y139.66
G1 F1500 X105.292 Y140.215 E1058.48778
G0 F9000 X104.884 Y140.058
G1 F1500 X105.282 Y139.66 E1058.5065
G0 F9000 X104.715 Y139.661
G1 F1500 X104.484 Y139.893 E1058.51739
G1 F2700 E1053.51739
G0 F9000 X104.366 Y140.365
G0 X106.075 Y141.667
G0 X106.396 Y144.476
G0 X119.352 Y144.476
G0 X119.672 Y141.669
G0 X121.795 Y140.203
G0 X124.19 Y141.112
G0 X124.88 Y142.856
G0 X124.896 Y144.476
G0 X137.852 Y144.476
G0 X138.172 Y141.669
G0 X140.295 Y140.203
G0 X142.69 Y141.112
G0 X143.38 Y142.856
G0 X143.396 Y144.476
G0 X147.518 Y144.487
G0 X147.905 Y144.444
G0 X148.522 Y144.146
G0 X148.955 Y143.606
G0 X149.069 Y143.281
G0 X149.111 Y140.854
G0 X149.069 Y140.467
G0 X148.772 Y139.849
G0 X148.523 Y139.6
G0 X147.905 Y139.303
G0 X102.971 Y139.2
G0 X102.971 Y139.708
G1 F2700 E1058.51739
G1 F1500 X102.791 Y139.888 E1058.52586
G0 F9000 X102.453 Y139.66
G1 F1500 X101.426 Y140.687 E1058.57416
G0 F9000 X101.202 Y140.912
G1 F1500 X98.026 Y144.088 E1058.72355
G0 F9000 X98.591 Y144.088
G1 F1500 X100.579 Y142.1 E1058.81706
G0 F9000 X100.475 Y142.77
G1 F1500 X99.157 Y144.088 E1058.87906
G0 F9000 X99.723 Y144.088
G1 F1500 X100.468 Y143.343 E1058.9141
G0 F9000 X100.464 Y143.912
G1 F1500 X100.288 Y144.088 E1058.92238
G0 F9000 X100.288 Y144.548
G0 X97.46 Y144.548
G0 X97.46 Y144.088
G1 F1500 X101.888 Y139.66 E1059.13066
G0 F9000 X101.322 Y139.66
G1 F1500 X96.894 Y144.088 E1059.33894
G0 F9000 X96.328 Y144.088
G1 F1500 X100.756 Y139.66 E1059.54722
G0 F9000 X100.191 Y139.66
G1 F1500 X95.763 Y144.088 E1059.7555
G0 F9000 X95.197 Y144.088
G1 F1500 X99.625 Y139.66 E1059.96377
G0 F9000 X99.059 Y139.66
G1 F1500 X94.631 Y144.088 E1060.17205
G0 F9000 X94.066 Y144.088
G1 F1500 X98.494 Y139.66 E1060.38033
G0 F9000 X97.928 Y139.66
G1 F1500 X93.5 Y144.088 E1060.58861
G0 F9000 X92.934 Y144.088
G1 F1500 X97.454 Y139.568 E1060.80122
G0 F9000 X97.106 Y139.35
G1 F1500 X92.369 Y144.088 E1061.02406
G0 F9000 X91.803 Y144.088
G1 F1500 X96.857 Y139.034 E1061.26178
G0 F9000 X96.719 Y138.606
G1 F1500 X91.237 Y144.088 E1061.51964
G0 F9000 X90.672 Y144.088
G1 F1500 X96.712 Y138.048 E1061.80374
G0 F9000 X96.712 Y137.482
G1 F1500 X90.106 Y144.088 E1062.11447
G0 F9000 X89.54 Y144.088
G1 F1500 X96.712 Y136.916 E1062.45182
G0 F9000 X96.712 Y136.351
G1 F1500 X88.975 Y144.088 E1062.81574
G0 F9000 X88.409 Y144.088
G1 F1500 X96.712 Y135.785 E1063.20629
G0 F9000 X96.712 Y135.219
G1 F1500 X87.843 Y144.088 E1063.62346
G0 F9000 X87.3 Y144.065
G1 F1500 X96.712 Y134.654 E1064.06615
G0 F9000 X96.712 Y134.088
G1 F1500 X86.875 Y143.925 E1064.52885
G0 F9000 X86.565 Y143.669
G1 F1500 X96.712 Y133.522 E1065.00613
G0 F9000 X96.712 Y132.957
G1 F1500 X86.36 Y143.309 E1065.49306
G0 F9000 X86.285 Y142.817
G1 F1500 X96.712 Y132.391 E1065.98349
G0 F9000 X96.712 Y131.825
G1 F1500 X86.285 Y142.251 E1066.47392
G0 F9000 X86.285 Y141.686
G1 F1500 X96.712 Y131.26 E1066.96435
G0 F9000 X96.712 Y130.694
G1 F1500 X86.285 Y141.12 E1067.45478
G0 F9000 X86.285 Y140.554
G1 F1500 X96.712 Y130.128 E1067.94521
G0 F9000 X96.37 Y129.904
G1 F1500 X86.285 Y139.989 E1068.41958
G0 F9000 X86.285 Y139.423
G1 F1500 X95.809 Y129.9 E1068.86754
G0 F9000 X95.261 Y129.881
G1 F1500 X86.285 Y138.857 E1069.28974
G0 F9000 X86.285 Y138.292
G1 F1500 X94.759 Y129.818 E1069.68833
G0 F9000 X94.349 Y129.662
G1 F1500 X86.285 Y137.726 E1070.06764
G0 F9000 X86.285 Y137.16
G1 F1500 X93.963 Y129.483 E1070.42876
G0 F9000 X93.627 Y129.253
G1 F1500 X86.285 Y136.595 E1070.77411
G0 F9000 X86.285 Y136.029
G1 F1500 X93.318 Y128.997 E1071.1049
G0 F9000 X93.048 Y128.701
G1 F1500 X86.285 Y135.463 E1071.42298
G0 F9000 X86.285 Y134.898
G1 F1500 X92.816 Y128.367 E1071.73018
G0 F9000 X92.622 Y127.996
G1 F1500 X86.285 Y134.332 E1072.02823
G0 F9000 X86.285 Y133.766
G1 F1500 X92.483 Y127.568 E1072.31977
G0 F9000 X92.384 Y127.102
G1 F1500 X86.285 Y133.201 E1072.60664
G0 F9000 X86.285 Y132.635
G1 F1500 X92.381 Y126.54 E1072.89336
G0 F9000 X92.502 Y125.852
G1 F1500 X86.285 Y132.069 E1073.18579
G0 F9000 X86.285 Y131.503
G1 F1500 X96.712 Y121.077 E1073.67622
G0 F9000 X96.712 Y120.512
G1 F1500 X86.285 Y130.938 E1074.16665
G0 F9000 X86.285 Y130.372
G1 F1500 X96.712 Y119.946 E1074.65708
G0 F9000 X96.712 Y119.38
G1 F1500 X86.285 Y129.806 E1075.14751
G0 F9000 X86.285 Y129.241
G1 F1500 X96.712 Y118.814 E1075.63796
G0 F9000 X96.712 Y118.249
G1 F1500 X86.285 Y128.675 E1076.12839
G0 F9000 X86.285 Y128.109
G1 F1500 X96.712 Y117.683 E1076.61882
G0 F9000 X96.712 Y117.117
G1 F1500 X86.285 Y127.544 E1077.10928
G0 F9000 X86.285 Y126.978
G1 F1500 X96.712 Y116.552 E1077.59971
G0 F9000 X96.712 Y115.986
G1 F1500 X86.285 Y126.412 E1078.09014
G0 F9000 X86.285 Y125.847
G1 F1500 X96.712 Y115.42 E1078.58059
G0 F9000 X96.712 Y114.855
G1 F1500 X86.285 Y125.281 E1079.07102
G0 F9000 X86.285 Y124.715
G1 F1500 X96.712 Y114.289 E1079.56145
G0 F9000 X96.712 Y113.723
G1 F1500 X86.285 Y124.15 E1080.05191
G0 F9000 X86.285 Y123.584
G1 F1500 X96.712 Y113.158 E1080.54234
G0 F9000 X96.712 Y112.592
G1 F1500 X86.285 Y123.018 E1081.03277
G0 F9000 X86.285 Y122.453
G1 F1500 X96.712 Y112.026 E1081.52322
G0 F9000 X96.712 Y111.461
G1 F1500 X86.285 Y121.887 E1082.01365
G0 F9000 X86.285 Y121.321
G1 F1500 X96.204 Y111.403 E1082.48019
G0 F9000 X95.643 Y111.398
G1 F1500 X86.285 Y120.755 E1082.92034
G0 F9000 X86.285 Y120.19
G1 F1500 X95.112 Y111.363 E1083.33553
G0 F9000 X94.636 Y111.273
G1 F1500 X86.285 Y119.624 E1083.72834
G0 F9000 X86.285 Y119.058
G1 F1500 X94.228 Y111.115 E1084.10195
G0 F9000 X93.863 Y110.915
G1 F1500 X86.285 Y118.493 E1084.4584
G0 F9000 X86.285 Y117.927
G1 F1500 X93.528 Y110.685 E1084.79906
G0 F9000 X93.238 Y110.408
G1 F1500 X86.285 Y117.362 E1085.12614
G0 F9000 X86.285 Y116.796
G1 F1500 X92.968 Y110.113 E1085.44048
G0 F9000 X92.758 Y109.757
G1 F1500 X86.285 Y116.231 E1085.74498
G0 F9000 X86.285 Y115.665
G1 F1500 X92.565 Y109.385 E1086.04037
G0 F9000 X92.452 Y108.932
G1 F1500 X86.285 Y115.099 E1086.33045
G0 F9000 X86.285 Y114.534
G1 F1500 X92.384 Y108.435 E1086.61732
G0 F9000 X92.38 Y107.873
G1 F1500 X86.285 Y113.968 E1086.90401
G0 F9000 X86.285 Y113.402
G1 F1500 X92.555 Y107.132 E1087.19894
G0 F9000 X92.991 Y107.288
G0 X94.524 Y105.754
G0 X94.362 Y105.325
G1 F1500 X96.712 Y102.975 E1087.30947
G0 F9000 X96.712 Y102.41
G1 F1500 X86.285 Y112.837 E1087.79993
G0 F9000 X86.285 Y112.271
G1 F1500 X96.712 Y101.844 E1088.29038
G0 F9000 X96.712 Y101.278
G1 F1500 X86.285 Y111.705 E1088.78083
G0 F9000 X86.285 Y111.14
G1 F1500 X96.712 Y100.713 E1089.27129
G0 F9000 X96.712 Y100.147
G1 F1500 X86.285 Y110.574 E1089.76174
G0 F9000 X86.285 Y110.008
G1 F1500 X96.712 Y99.581 E1090.2522
G0 F9000 X96.712 Y99.015
G1 F1500 X86.285 Y109.442 E1090.74265
G0 F9000 X86.285 Y108.877
G1 F1500 X96.712 Y98.45 E1091.23311
G0 F9000 X96.712 Y97.884
G1 F1500 X86.285 Y108.311 E1091.72356
G0 F9000 X86.285 Y107.745
G1 F1500 X96.712 Y97.318 E1092.21401
G0 F9000 X96.712 Y96.753
G1 F1500 X86.285 Y107.18 E1092.70447
G0 F9000 X86.285 Y106.614
G1 F1500 X96.772 Y96.127 E1093.19774
G0 F9000 X97.21 Y96.267
G0 X97.644 Y95.842
G0 X97.487 Y95.411
G1 F1500 X100.501 Y92.398 E1093.33949
G0 F9000 X100.575 Y92.89
G1 F1500 X98.119 Y95.346 E1093.45501
G0 F9000 X98.685 Y95.345
G1 F1500 X100.731 Y93.299 E1093.55125
G0 F9000 X100.923 Y93.673
G1 F1500 X99.252 Y95.344 E1093.62985
G0 F9000 X99.818 Y95.343
G1 F1500 X101.152 Y94.01 E1093.69257
G0 F9000 X101.423 Y94.304
G1 F1500 X100.385 Y95.342 E1093.7414
G0 F9000 X100.952 Y95.341
G1 F1500 X101.724 Y94.568 E1093.77773
G0 F9000 X102.071 Y94.788
G1 F1500 X101.518 Y95.341 E1093.80374
G0 F9000 X102.084 Y95.34
G1 F1500 X102.442 Y94.982 E1093.82058
G0 F9000 X102.669 Y95.321
G1 F1500 X102.852 Y95.138 E1093.82919
G1 F2700 E1088.82919
G0 F9000 X102.969 Y94.654
G0 X105.197 Y94.328
G0 X106.38 Y92.14
G0 X106.396 Y90.52
G0 X119.352 Y90.52
G0 X119.672 Y93.327
G0 X121.787 Y94.793
G0 X124.19 Y93.884
G0 X124.88 Y92.14
G0 X124.896 Y90.52
G0 X137.852 Y90.52
G0 X138.172 Y93.327
G0 X140.287 Y94.793
G0 X142.69 Y93.884
G0 X143.38 Y92.14
G0 X143.396 Y90.52
G0 X147.515 Y90.509
G0 X147.905 Y90.555
G0 X148.232 Y90.667
G0 X148.773 Y91.103
G0 X148.954 Y91.389
G0 X149.069 Y91.718
G0 X149.111 Y94.146
G0 X149.069 Y94.53
G0 X148.773 Y95.145
G0 X148.523 Y95.396
G0 X147.903 Y95.693
G0 X104.385 Y95.8
G0 X104.385 Y95.302
G1 F2700 E1093.82919
G1 F1500 X104.649 Y95.038 E1093.84161
G0 F9000 X104.913 Y95.34
G1 F1500 X109.345 Y90.908 E1094.05008
G0 F9000 X109.911 Y90.908
G1 F1500 X105.478 Y95.34 E1094.25857
G0 F9000 X106.044 Y95.34
G1 F1500 X110.476 Y90.908 E1094.46704
G0 F9000 X111.042 Y90.908
G1 F1500 X106.61 Y95.34 E1094.6755
G0 F9000 X107.175 Y95.34
G1 F1500 X111.608 Y90.908 E1094.88399
G0 F9000 X112.173 Y90.908
G1 F1500 X107.741 Y95.34 E1095.09246
G0 F9000 X108.307 Y95.34
G1 F1500 X112.739 Y90.908 E1095.30093
G0 F9000 X113.305 Y90.908
G1 F1500 X108.873 Y95.34 E1095.5094
G0 F9000 X109.438 Y95.34
G1 F1500 X113.87 Y90.908 E1095.71787
G0 F9000 X114.436 Y90.908
G1 F1500 X110.004 Y95.34 E1095.92633
G0 F9000 X110.57 Y95.34
G1 F1500 X115.002 Y90.908 E1096.1348
G0 F9000 X115.567 Y90.908
G1 F1500 X111.135 Y95.34 E1096.34327
G0 F9000 X111.701 Y95.34
G1 F1500 X116.133 Y90.908 E1096.55174
G0 F9000 X116.699 Y90.908
G1 F1500 X112.267 Y95.34 E1096.7602
G0 F9000 X112.832 Y95.34
G1 F1500 X117.264 Y90.908 E1096.96867
G0 F9000 X117.83 Y90.908
G1 F1500 X113.398 Y95.34 E1097.17714
G0 F9000 X113.964 Y95.34
G1 F1500 X118.396 Y90.908 E1097.38561
G0 F9000 X118.962 Y90.908
G1 F1500 X114.529 Y95.34 E1097.5941
G0 F9000 X115.095 Y95.34
G1 F1500 X118.964 Y91.471 E1097.77608
G0 F9000 X118.965 Y92.036
G1 F1500 X115.661 Y95.34 E1097.93149
G0 F9000 X116.226 Y95.34
G1 F1500 X119.018 Y92.548 E1098.06282
G0 F9000 X119.121 Y93.011
G1 F1500 X116.792 Y95.34 E1098.17237
G0 F9000 X117.358 Y95.34
G1 F1500 X119.277 Y93.421 E1098.26263
G0 F9000 X119.49 Y93.773
G1 F1500 X117.923 Y95.34 E1098.33634
G0 F9000 X118.489 Y95.34
G1 F1500 X119.72 Y94.11 E1098.39422
G0 F9000 X120.012 Y94.382
G1 F1500 X119.055 Y95.34 E1098.43926
G0 F9000 X119.621 Y95.34
G1 F1500 X120.314 Y94.647 E1098.47185
G0 F9000 X120.681 Y94.846
G1 F1500 X120.186 Y95.34 E1098.49511
G0 F9000 X120.753 Y95.339
G1 F1500 X121.062 Y95.029 E1098.50967
G0 F9000 X121.36 Y95.297
G1 F1500 X121.475 Y95.183 E1098.51506
G1 F2700 E1093.51506
G0 F9000 X121.596 Y94.685
G0 X123.697 Y94.328
G0 X124.88 Y92.14
G0 X124.896 Y90.52
G0 X137.852 Y90.52
G0 X138.172 Y93.327
G0 X140.287 Y94.793
G0 X142.69 Y93.884
G0 X143.38 Y92.14
G0 X143.396 Y90.52
G0 X147.515 Y90.509
G0 X147.905 Y90.555
G0 X148.232 Y90.667
G0 X148.773 Y91.103
G0 X148.954 Y91.389
G0 X149.069 Y91.718
G0 X149.111 Y94.146
G0 X149.069 Y94.53
G0 X148.773 Y95.145
G0 X148.523 Y95.396
G0 X147.903 Y95.693
G0 X123.035 Y95.8
G0 X123.035 Y95.319
G1 F2700 E1098.51506
G1 F1500 X123.452 Y94.902 E1098.53467
G0 F9000 X123.58 Y95.34
G1 F1500 X128.012 Y90.908 E1098.74314
G0 F9000 X127.447 Y90.908
G1 F1500 X124.989 Y93.366 E1098.85876
G0 F9000 X125.228 Y92.561
G1 F1500 X126.881 Y90.908 E1098.93651
G0 F9000 X126.315 Y90.908
G1 F1500 X125.275 Y91.948 E1098.98543
G0 F9000 X125.28 Y91.378
G1 F1500 X125.75 Y90.908 E1099.00753
G0 F9000 X125.75 Y90.448
G0 X128.578 Y90.448
G0 X128.578 Y90.908
G1 F1500 X124.146 Y95.34 E1099.216
G0 F9000 X124.712 Y95.34
G1 F1500 X129.144 Y90.908 E1099.42447
G0 F9000 X129.71 Y90.908
G1 F1500 X125.277 Y95.34 E1099.63296
G0 F9000 X125.843 Y95.34
G1 F1500 X130.275 Y90.908 E1099.84143
G0 F9000 X130.841 Y90.908
G1 F1500 X126.409 Y95.34 E1100.0499
G0 F9000 X126.974 Y95.34
G1 F1500 X131.407 Y90.908 E1100.25839
G0 F9000 X131.972 Y90.908
G1 F1500 X127.54 Y95.34 E1100.46686
G0 F9000 X128.106 Y95.34
G1 F1500 X132.538 Y90.908 E1100.67532
G0 F9000 X133.104 Y90.908
G1 F1500 X128.672 Y95.34 E1100.88379
G0 F9000 X129.237 Y95.34
G1 F1500 X133.669 Y90.908 E1101.09226
G0 F9000 X134.235 Y90.908
G1 F1500 X129.803 Y95.34 E1101.30073
G0 F9000 X130.369 Y95.34
G1 F1500 X134.801 Y90.908 E1101.50919
G0 F9000 X135.366 Y90.908
G1 F1500 X130.934 Y95.34 E1101.71766
G0 F9000 X131.5 Y95.34
G1 F1500 X135.932 Y90.908 E1101.92613
G0 F9000 X136.498 Y90.908
G1 F1500 X132.066 Y95.34 E1102.1346
G0 F9000 X132.631 Y95.34
G1 F1500 X137.063 Y90.908 E1102.34306
G0 F9000 X137.464 Y91.073
G1 F1500 X133.197 Y95.34 E1102.54377
G0 F9000 X133.763 Y95.34
G1 F1500 X137.465 Y91.638 E1102.7179
G0 F9000 X137.479 Y92.19
G1 F1500 X134.328 Y95.34 E1102.86609
G0 F9000 X134.894 Y95.34
G1 F1500 X137.534 Y92.7 E1102.99027
G0 F9000 X137.667 Y93.132
G1 F1500 X135.46 Y95.34 E1103.0941
G0 F9000 X136.025 Y95.34
G1 F1500 X137.83 Y93.535 E1103.179
G0 F9000 X138.058 Y93.873
G1 F1500 X136.591 Y95.34 E1103.24801
G0 F9000 X137.157 Y95.34
G1 F1500 X138.301 Y94.196 E1103.30182
G0 F9000 X138.602 Y94.46
G1 F1500 X137.722 Y95.34 E1103.34321
G0 F9000 X138.288 Y95.34
G1 F1500 X138.902 Y94.726 E1103.37209
G0 F9000 X139.291 Y94.903
G1 F1500 X138.855 Y95.339 E1103.3926
G0 F9000 X139.42 Y95.339
G1 F1500 X139.685 Y95.075 E1103.40504
G0 F9000 X139.797 Y94.612
G0 X142.197 Y94.328
G0 X143.38 Y92.14
G0 X143.396 Y90.52
G0 X147.515 Y90.509
G0 X147.905 Y90.555
G0 X148.232 Y90.667
G0 X148.773 Y91.103
G0 X148.954 Y91.389
G0 X149.069 Y91.718
G0 X149.111 Y94.146
G0 X149.069 Y94.53
G0 X148.773 Y95.145
G0 X148.523 Y95.396
G0 X147.903 Y95.693
G0 X141.177 Y95.8
G0 X141.177 Y95.28
G1 F1500 X141.288 Y95.169 E1103.41026
G0 F9000 X141.687 Y95.336
G1 F1500 X142.3 Y94.723 E1103.4391
G0 F9000 X142.247 Y95.341
G1 F1500 X146.68 Y90.908 E1103.64761
G0 F9000 X147.246 Y90.908
G1 F1500 X142.813 Y95.341 E1103.85613
G0 F9000 X143.379 Y95.341
G1 F1500 X147.778 Y90.941 E1104.06306
G0 F9000 X148.178 Y91.106
G1 F1500 X143.944 Y95.341 E1104.26224
G0 F9000 X144.51 Y95.341
G1 F1500 X148.473 Y91.378 E1104.44865
G0 F9000 X148.658 Y91.758
G1 F1500 X145.076 Y95.341 E1104.61716
G0 F9000 X145.641 Y95.341
G1 F1500 X148.712 Y92.27 E1104.76161
G0 F9000 X148.712 Y92.836
G1 F1500 X146.207 Y95.341 E1104.87944
G0 F9000 X146.773 Y95.341
G1 F1500 X148.712 Y93.402 E1104.97064
G0 F9000 X148.712 Y93.967
G1 F1500 X147.338 Y95.341 E1105.03527
G0 F9000 X148.02 Y95.225
G1 F1500 X148.603 Y94.641 E1105.06272
G0 F9000 X149.04 Y94.795
G0 X149.111 Y94.146
G0 X149.069 Y91.718
G0 X148.954 Y91.389
G0 X148.522 Y90.85
G0 X148.232 Y90.667
G0 X147.967 Y90.576
G0 X146.114 Y90.448
G0 X146.114 Y90.908
G1 F1500 X143.254 Y93.768 E1105.19724
G0 F9000 X142.878 Y93.508
G0 X143.249 Y92.694
G0 X143.705 Y92.752
G1 F1500 X145.549 Y90.908 E1105.28398
G0 F9000 X144.983 Y90.908
G1 F1500 X143.774 Y92.117 E1105.34085
G0 F9000 X143.779 Y91.546
G1 F1500 X144.417 Y90.908 E1105.37086
G0 F9000 X143.852 Y90.908
G1 F1500 X143.783 Y90.976 E1105.37408
G1 F2700 E1100.37408
G0 F9000 X143.323 Y90.974
G0 X143.006 Y92.637
G0 X142.797 Y93.189
G0 X142.46 Y93.676
G0 X142.018 Y94.068
G0 X141.494 Y94.343
G0 X140.92 Y94.484
G0 X140.33 Y94.484
G0 X139.756 Y94.343
G0 X139.232 Y94.068
G0 X138.79 Y93.676
G0 X138.453 Y93.189
G0 X138.244 Y92.637
G0 X137.852 Y90.52
G0 X124.896 Y90.52
G0 X124.506 Y92.637
G0 X124.297 Y93.189
G0 X123.96 Y93.676
G0 X123.518 Y94.068
G0 X122.994 Y94.343
G0 X122.42 Y94.484
G0 X121.83 Y94.484
G0 X121.256 Y94.343
G0 X120.732 Y94.068
G0 X120.29 Y93.676
G0 X119.953 Y93.189
G0 X119.744 Y92.637
G0 X119.352 Y90.52
G0 X108.779 Y90.448
G0 X108.779 Y90.908
G1 F2700 E1105.37408
G1 F1500 X106.591 Y93.096 E1105.47699
G0 F9000 X106.751 Y92.37
G1 F1500 X108.214 Y90.908 E1105.54579
G0 F9000 X107.648 Y90.908
G1 F1500 X106.777 Y91.779 E1105.58676
G0 F9000 X106.781 Y91.209
G1 F1500 X107.082 Y90.908 E1105.60091
G0 F9000 X107.082 Y90.448
G0 X106.074 Y90.588
G0 X106.074 Y92.077
G0 X106.006 Y92.637
G0 X105.797 Y93.189
G0 X105.46 Y93.676
G0 X105.018 Y94.068
G0 X104.494 Y94.343
G0 X103.92 Y94.484
G0 X103.33 Y94.484
G0 X102.756 Y94.343
G0 X102.232 Y94.068
G0 X101.79 Y93.676
G0 X101.453 Y93.189
G0 X101.335 Y92.876
G0 X100.924 Y91.303
G0 X100.464 Y91.303
G1 F1500 X86.285 Y105.483 E1106.26787
G0 F9000 X86.285 Y106.048
G1 F1500 X100.466 Y91.867 E1106.9349
G0 F9000 X100.294 Y90.908
G1 F1500 X86.285 Y104.917 E1107.59384
G0 F9000 X86.285 Y104.351
G1 F1500 X99.728 Y90.908 E1108.22616
G0 F9000 X99.163 Y90.908
G1 F1500 X86.285 Y103.786 E1108.8319
G0 F9000 X86.285 Y103.22
G1 F1500 X98.597 Y90.908 E1109.41102
G0 F9000 X98.031 Y90.908
G1 F1500 X86.285 Y102.654 E1109.96352
G0 F9000 X86.285 Y102.089
G1 F1500 X97.465 Y90.908 E1110.48941
G0 F9000 X96.9 Y90.908
G1 F1500 X86.285 Y101.523 E1110.98871
G0 F9000 X86.285 Y100.957
G1 F1500 X96.334 Y90.908 E1111.46139
G0 F9000 X95.768 Y90.908
G1 F1500 X86.285 Y100.391 E1111.90744
G0 F9000 X86.285 Y99.826
G1 F1500 X95.203 Y90.908 E1112.32691
G0 F9000 X94.637 Y90.908
G1 F1500 X86.285 Y99.26 E1112.71977
G0 F9000 X86.285 Y98.694
G1 F1500 X94.071 Y90.908 E1113.08599
G0 F9000 X93.506 Y90.908
G1 F1500 X86.285 Y98.129 E1113.42565
G0 F9000 X86.285 Y97.563
G1 F1500 X92.94 Y90.908 E1113.73868
G0 F9000 X92.374 Y90.908
G1 F1500 X86.285 Y96.997 E1114.02509
G0 F9000 X86.285 Y96.432
G1 F1500 X91.809 Y90.908 E1114.28492
G0 F9000 X91.243 Y90.908
G1 F1500 X86.285 Y95.866 E1114.51813
G0 F9000 X86.285 Y95.3
G1 F1500 X90.677 Y90.908 E1114.72471
G0 F9000 X90.112 Y90.908
G1 F1500 X86.285 Y94.735 E1114.90472
G0 F9000 X86.285 Y94.169
G1 F1500 X89.546 Y90.908 E1115.05811
G0 F9000 X88.98 Y90.908
G1 F1500 X86.285 Y93.603 E1115.18488
G0 F9000 X86.285 Y93.038
G1 F1500 X88.415 Y90.908 E1115.28507
G0 F9000 X87.849 Y90.908
G1 F1500 X86.285 Y92.472 E1115.35863
G0 F9000 X86.31 Y91.881
G1 F1500 X87.256 Y90.935 E1115.40313
G1 F2700 E1110.40313
G0 F9000 X87.204 Y90.48
G0 X100.852 Y90.52
G0 X101.172 Y93.327
G0 X103.287 Y94.793
G0 X105.69 Y93.884
G0 X106.38 Y92.14
G0 X106.396 Y90.52
G0 X119.352 Y90.52
G0 X119.672 Y93.327
G0 X121.787 Y94.793
G0 X124.19 Y93.884
G0 X124.88 Y92.14
G0 X124.896 Y90.52
G0 X137.852 Y90.52
G0 X138.172 Y93.327
G0 X140.287 Y94.793
G0 X142.69 Y93.884
G0 X143.38 Y92.14
G0 X143.396 Y90.52
G0 X147.515 Y90.509
G0 X147.905 Y90.555
G0 X148.232 Y90.667
G0 X148.773 Y91.103
G0 X148.954 Y91.389
G0 X149.069 Y91.718
G0 X149.111 Y94.146
G0 X149.069 Y94.53
G0 X148.773 Y95.145
G0 X148.523 Y95.396
G0 X147.903 Y95.693
G0 X147.515 Y95.739
G0 X97.284 Y96.015
G0 X97.172 Y103.542
G0 X96.712 Y103.541
G1 F2700 E1115.40313
G1 F1500 X95.124 Y105.128 E1115.4778
G0 F9000 X95.727 Y105.091
G1 F1500 X96.712 Y104.107 E1115.52411
G0 F9000 X96.712 Y104.672
G1 F1500 X96.295 Y105.09 E1115.54375
G0 F9000 X96.296 Y105.551
G0 X94.938 Y105.869
G0 X94.386 Y106.078
G0 X93.899 Y106.415
G0 X93.507 Y106.857
G0 X93.232 Y107.381
G0 X93.091 Y107.955
G0 X93.091 Y108.545
G0 X93.232 Y109.119
G0 X93.507 Y109.643
G0 X93.899 Y110.085
G0 X94.386 Y110.422
G0 X94.938 Y110.631
G0 X97.1 Y111.02
G0 X97.172 Y121.643
G0 X96.712 Y121.643
G1 F1500 X94.634 Y123.72 E1115.64146
G0 F9000 X95.314 Y123.607
G1 F1500 X96.712 Y122.209 E1115.70722
G0 F9000 X96.712 Y122.774
G1 F1500 X95.895 Y123.591 E1115.74565
G0 F9000 X96.462 Y123.59
G1 F1500 X96.712 Y123.34 E1115.75741
G1 F2700 E1110.75741
;MESH:NONMESH
G0 F300 X96.712 Y123.34 Z3
G0 F9000 X97.172 Y123.34
G0 X97.437 Y124.312
G0 X95.498 Y124.301
G0 X94.938 Y124.369
G0 X94.386 Y124.578
G0 X93.899 Y124.915
G0 X93.507 Y125.357
G0 X93.232 Y125.881
G0 X93.091 Y126.455
G0 X93.091 Y127.045
G0 X93.232 Y127.619
G0 X93.507 Y128.143
G0 X93.899 Y128.585
G0 X94.386 Y128.922
G0 X94.938 Y129.131
G0 X95.498 Y129.199
G0 X97.437 Y129.188
G0 X97.437 Y138.938
G0 X147.518 Y139.261
G0 X147.905 Y139.303
G0 X148.523 Y139.6
G0 X148.772 Y139.849
G0 X149.069 Y140.467
G0 X149.111 Y142.894
G0 X149.069 Y143.281
G0 X148.955 Y143.606
G0 X148.522 Y144.146
G0 X147.905 Y144.444
G0 X147.518 Y144.487
G0 X143.396 Y144.476
G0 X143.075 Y141.667
G0 X140.966 Y140.203
G0 X138.552 Y141.114
G0 X137.869 Y142.856
G0 X137.852 Y144.476
G0 X124.896 Y144.476
G0 X124.575 Y141.667
G0 X122.466 Y140.203
G0 X120.052 Y141.114
G0 X119.369 Y142.856
G0 X119.352 Y144.476
G0 X117.5 Y144.648
;TIME_ELAPSED:1834.736706
;LAYER:14
;TYPE:WALL-INNER
;MESH:Battery_holder.stl
G1 F2700 E1115.75741
G1 F1500 X119.524 Y144.648 E1115.82473
G1 X119.528 Y142.878 E1115.8836
G1 X119.599 Y142.314 E1115.90251
G1 X119.816 Y141.744 E1115.92279
G1 X120.173 Y141.221 E1115.94385
G1 X120.646 Y140.8 E1115.96491
G1 X121.206 Y140.513 E1115.98584
G1 X121.813 Y140.364 E1116.00663
G1 X122.446 Y140.364 E1116.02769
G1 X123.044 Y140.513 E1116.04818
G1 X123.606 Y140.803 E1116.06922
G1 X124.069 Y141.219 E1116.08992
G1 X124.431 Y141.742 E1116.11107
G1 X124.649 Y142.313 E1116.1314
G1 X124.72 Y142.86 E1116.14975
G1 X124.724 Y144.648 E1116.20922
G1 X138.024 Y144.648 E1116.65158
G1 X138.028 Y142.878 E1116.71045
G1 X138.099 Y142.314 E1116.72936
G1 X138.316 Y141.744 E1116.74964
G1 X138.673 Y141.221 E1116.7707
G1 X139.146 Y140.8 E1116.79176
G1 X139.706 Y140.513 E1116.81269
G1 X140.313 Y140.364 E1116.83348
G1 X140.946 Y140.364 E1116.85453
G1 X141.544 Y140.513 E1116.87503
G1 X142.106 Y140.803 E1116.89607
G1 X142.569 Y141.219 E1116.91677
G1 X142.931 Y141.742 E1116.93792
G1 X143.149 Y142.314 E1116.95828
G1 X143.22 Y142.878 E1116.97719
G1 X143.224 Y144.648 E1117.03606
G1 X147.527 Y144.648 E1117.17918
G1 X147.942 Y144.603 E1117.19306
G1 X148.3 Y144.476 E1117.2057
G1 X148.622 Y144.272 E1117.21838
G1 X148.9 Y143.995 E1117.23143
G1 X149.1 Y143.677 E1117.24392
G1 X149.227 Y143.317 E1117.25662
G1 X149.272 Y142.914 E1117.27011
G1 X149.272 Y140.845 E1117.33892
G1 X149.227 Y140.431 E1117.35277
G1 X149.1 Y140.07 E1117.3655
G1 X148.899 Y139.748 E1117.37813
G1 X148.624 Y139.473 E1117.39106
G1 X148.302 Y139.272 E1117.40369
G1 X147.941 Y139.145 E1117.41642
G1 X147.542 Y139.1 E1117.42977
G1 X97.765 Y139.1 E1119.08536
G1 X97.494 Y138.967 E1119.0954
G1 X97.346 Y138.791 E1119.10305
G1 X97.273 Y138.589 E1119.11019
G1 X97.272 Y129.348 E1119.41755
G1 X95.454 Y129.344 E1119.47802
G1 X94.892 Y129.275 E1119.49685
G1 X94.308 Y129.045 E1119.51773
G1 X93.801 Y128.696 E1119.5382
G1 X93.379 Y128.23 E1119.55911
G1 X93.085 Y127.668 E1119.5802
G1 X92.94 Y127.058 E1119.60106
G1 X92.94 Y126.429 E1119.62198
G1 X93.086 Y125.825 E1119.64264
G1 X93.384 Y125.268 E1119.66366
G1 X93.8 Y124.804 E1119.68438
G1 X94.308 Y124.451 E1119.70496
G1 X94.892 Y124.221 E1119.72583
G1 X95.454 Y124.152 E1119.74467
G1 X97.272 Y124.148 E1119.80513
G1 X97.272 Y110.848 E1120.24749
G1 X95.454 Y110.844 E1120.30796
G1 X94.892 Y110.775 E1120.32679
G1 X94.308 Y110.545 E1120.34767
G1 X93.801 Y110.196 E1120.36814
G1 X93.379 Y109.73 E1120.38905
G1 X93.085 Y109.168 E1120.41015
G1 X92.94 Y108.558 E1120.431
G1 X92.94 Y107.929 E1120.45192
G1 X93.086 Y107.325 E1120.47259
G1 X93.384 Y106.768 E1120.4936
G1 X93.8 Y106.304 E1120.51433
G1 X94.308 Y105.951 E1120.5349
G1 X94.892 Y105.721 E1120.55578
G1 X95.454 Y105.652 E1120.57461
G1 X97.272 Y105.648 E1120.63508
G1 X97.273 Y96.464 E1120.94054
G1 X97.306 Y96.3 E1120.9461
G1 X97.409 Y96.118 E1120.95306
G1 X97.603 Y95.963 E1120.96132
G1 X97.792 Y95.9 E1120.96794
G1 X147.525 Y95.9 E1122.62207
G1 X147.939 Y95.851 E1122.63593
G1 X148.302 Y95.724 E1122.64873
G1 X148.624 Y95.523 E1122.66135
G1 X148.9 Y95.247 E1122.67433
G1 X149.099 Y94.929 E1122.68681
G1 X149.227 Y94.565 E1122.69964
G1 X149.272 Y94.166 E1122.713
G1 X149.272 Y92.093 E1122.78195
G1 X149.227 Y91.682 E1122.7957
G1 X149.099 Y91.319 E1122.8085
G1 X148.9 Y91.001 E1122.82098
G1 X148.622 Y90.724 E1122.83403
G1 X148.302 Y90.521 E1122.84663
G1 X147.941 Y90.396 E1122.85934
G1 X147.539 Y90.348 E1122.87281
G1 X143.224 Y90.348 E1123.01632
G1 X143.22 Y92.118 E1123.07519
G1 X143.149 Y92.683 E1123.09413
G1 X142.931 Y93.254 E1123.11446
G1 X142.569 Y93.777 E1123.13562
G1 X142.107 Y94.192 E1123.15627
G1 X141.544 Y94.487 E1123.17741
G1 X140.934 Y94.632 E1123.19827
G1 X140.305 Y94.632 E1123.21919
G1 X139.703 Y94.487 E1123.23978
G1 X139.144 Y94.194 E1123.26077
G1 X138.673 Y93.775 E1123.28174
G1 X138.316 Y93.252 E1123.3028
G1 X138.099 Y92.683 E1123.32306
G1 X138.028 Y92.118 E1123.342
G1 X138.024 Y90.348 E1123.40087
G1 X124.724 Y90.348 E1123.84323
G1 X124.72 Y92.118 E1123.9021
G1 X124.649 Y92.683 E1123.92104
G1 X124.431 Y93.254 E1123.94137
G1 X124.069 Y93.777 E1123.96252
G1 X123.607 Y94.192 E1123.98318
G1 X123.044 Y94.487 E1124.00432
G1 X122.434 Y94.632 E1124.02517
G1 X121.805 Y94.632 E1124.04609
G1 X121.203 Y94.487 E1124.06669
G1 X120.644 Y94.194 E1124.08768
G1 X120.173 Y93.775 E1124.10865
G1 X119.816 Y93.252 E1124.12971
G1 X119.599 Y92.683 E1124.14996
G1 X119.528 Y92.118 E1124.1689
G1 X119.524 Y90.348 E1124.22777
G1 X106.224 Y90.348 E1124.67013
G1 X106.22 Y92.118 E1124.729
G1 X106.149 Y92.683 E1124.74794
G1 X105.931 Y93.254 E1124.76827
G1 X105.569 Y93.777 E1124.78943
G1 X105.107 Y94.192 E1124.81008
G1 X104.544 Y94.487 E1124.83122
G1 X103.934 Y94.632 E1124.85208
G1 X103.305 Y94.632 E1124.873
G1 X102.703 Y94.487 E1124.89359
G1 X102.144 Y94.194 E1124.91458
G1 X101.673 Y93.775 E1124.93555
G1 X101.316 Y93.252 E1124.95661
G1 X101.099 Y92.683 E1124.97687
G1 X101.028 Y92.118 E1124.99581
G1 X101.024 Y90.348 E1125.05468
G1 X87.471 Y90.348 E1125.50545
G1 X87.054 Y90.397 E1125.51942
G1 X86.695 Y90.52 E1125.53204
G1 X86.378 Y90.723 E1125.54456
G1 X86.099 Y91.002 E1125.55768
G1 X85.896 Y91.32 E1125.57023
G1 X85.769 Y91.683 E1125.58302
G1 X85.724 Y92.078 E1125.59624
G1 X85.724 Y142.899 E1127.28656
G1 X85.77 Y143.318 E1127.30058
G1 X85.896 Y143.675 E1127.31317
G1 X86.099 Y143.993 E1127.32572
G1 X86.379 Y144.273 E1127.33889
G1 X86.697 Y144.476 E1127.35143
G1 X87.055 Y144.603 E1127.36407
G1 X87.454 Y144.648 E1127.37742
G1 X101.024 Y144.648 E1127.82876
G1 X101.028 Y142.878 E1127.88763
G1 X101.099 Y142.314 E1127.90654
G1 X101.316 Y141.744 E1127.92683
G1 X101.673 Y141.221 E1127.94789
G1 X102.146 Y140.8 E1127.96895
G1 X102.706 Y140.513 E1127.98988
G1 X103.313 Y140.364 E1128.01067
G1 X103.946 Y140.364 E1128.03172
G1 X104.544 Y140.513 E1128.05222
G1 X105.106 Y140.803 E1128.07325
G1 X105.569 Y141.219 E1128.09395
G1 X105.931 Y141.742 E1128.11511
G1 X106.149 Y142.314 E1128.13547
G1 X106.22 Y142.878 E1128.15438
G1 X106.224 Y144.648 E1128.21325
G1 X117.5 Y144.648 E1128.58829
G0 F9000 X117.5 Y145.048
;TYPE:WALL-OUTER
G1 F1500 X119.924 Y145.048 E1128.66891
G1 X119.925 Y142.927 E1128.73946
G1 X119.987 Y142.429 E1128.75615
G1 X120.186 Y141.911 E1128.7746
G1 X120.495 Y141.47 E1128.79251
G1 X120.896 Y141.122 E1128.81017
G1 X121.367 Y140.885 E1128.82771
G1 X121.831 Y140.769 E1128.84362
G1 X122.417 Y140.769 E1128.86311
G1 X122.881 Y140.885 E1128.87902
G1 X123.375 Y141.134 E1128.89741
G1 X123.781 Y141.506 E1128.91573
G1 X124.083 Y141.952 E1128.93364
G1 X124.263 Y142.438 E1128.95088
G1 X124.323 Y142.91 E1128.96671
G1 X124.324 Y145.048 E1129.03782
G1 X138.424 Y145.048 E1129.50679
G1 X138.425 Y142.927 E1129.57733
G1 X138.487 Y142.429 E1129.59402
G1 X138.686 Y141.911 E1129.61248
G1 X138.995 Y141.47 E1129.63039
G1 X139.396 Y141.122 E1129.64805
G1 X139.867 Y140.885 E1129.66558
G1 X140.331 Y140.769 E1129.68149
G1 X140.917 Y140.769 E1129.70098
G1 X141.381 Y140.885 E1129.71689
G1 X141.875 Y141.134 E1129.73529
G1 X142.281 Y141.506 E1129.7536
G1 X142.583 Y141.952 E1129.77152
G1 X142.763 Y142.439 E1129.78879
G1 X142.823 Y142.927 E1129.80514
G1 X142.824 Y145.048 E1129.87569
G1 X147.549 Y145.048 E1130.03284
G1 X148.031 Y144.995 E1130.04897
G1 X148.476 Y144.838 E1130.06466
G1 X148.874 Y144.586 E1130.08033
G1 X149.214 Y144.246 E1130.09632
G1 X149.462 Y143.852 E1130.11181
G1 X149.619 Y143.407 E1130.1275
G1 X149.672 Y142.936 E1130.14327
G1 X149.672 Y140.823 E1130.21355
G1 X149.619 Y140.341 E1130.22967
G1 X149.462 Y139.896 E1130.24537
G1 X149.214 Y139.498 E1130.26097
G1 X148.874 Y139.158 E1130.27696
G1 X148.476 Y138.91 E1130.29256
G1 X148.031 Y138.753 E1130.30825
G1 X147.564 Y138.7 E1130.32388
G1 X97.825 Y138.695 E1131.97821
G1 X97.746 Y138.656 E1131.98114
G1 X97.675 Y138.538 E1131.98572
G1 X97.672 Y128.948 E1132.30468
G1 X95.503 Y128.947 E1132.37683
G1 X94.968 Y128.875 E1132.39478
G1 X94.502 Y128.695 E1132.41139
G1 X94.064 Y128.395 E1132.42905
G1 X93.698 Y127.977 E1132.44753
G1 X93.457 Y127.503 E1132.46522
G1 X93.343 Y127.027 E1132.4815
G1 X93.345 Y126.457 E1132.50046
G1 X93.474 Y125.947 E1132.51795
G1 X93.698 Y125.519 E1132.53402
G1 X94.064 Y125.105 E1132.5524
G1 X94.502 Y124.801 E1132.57013
G1 X95.015 Y124.609 E1132.58835
G1 X95.503 Y124.549 E1132.6047
G1 X97.672 Y124.548 E1132.67684
G1 X97.672 Y110.448 E1133.14581
G1 X95.503 Y110.447 E1133.21795
G1 X94.968 Y110.375 E1133.23591
G1 X94.502 Y110.195 E1133.25252
G1 X94.064 Y109.895 E1133.27018
G1 X93.698 Y109.477 E1133.28866
G1 X93.457 Y109.003 E1133.30635
G1 X93.343 Y108.527 E1133.32263
G1 X93.345 Y107.957 E1133.34158
G1 X93.474 Y107.447 E1133.35908
G1 X93.698 Y107.019 E1133.37515
G1 X94.064 Y106.605 E1133.39353
G1 X94.502 Y106.301 E1133.41126
G1 X95.015 Y106.109 E1133.42948
G1 X95.503 Y106.049 E1133.44583
G1 X97.672 Y106.048 E1133.51797
G1 X97.675 Y96.462 E1133.8368
G1 X97.746 Y96.344 E1133.84138
G1 X97.837 Y96.302 E1133.84472
G1 X147.548 Y96.3 E1135.49811
G1 X148.03 Y96.243 E1135.51426
G1 X148.476 Y96.086 E1135.52998
G1 X148.874 Y95.838 E1135.54558
G1 X149.214 Y95.498 E1135.56157
G1 X149.462 Y95.104 E1135.57706
G1 X149.619 Y94.655 E1135.59288
G1 X149.672 Y94.188 E1135.60851
G1 X149.672 Y92.071 E1135.67892
G1 X149.619 Y91.593 E1135.69492
G1 X149.462 Y91.144 E1135.71074
G1 X149.214 Y90.75 E1135.72622
G1 X148.874 Y90.41 E1135.74221
G1 X148.476 Y90.158 E1135.75788
G1 X148.031 Y90.004 E1135.77354
G1 X147.563 Y89.948 E1135.78922
G1 X142.824 Y89.948 E1135.94684
G1 X142.823 Y92.069 E1136.01738
G1 X142.761 Y92.568 E1136.03411
G1 X142.561 Y93.086 E1136.05258
G1 X142.281 Y93.49 E1136.06893
G1 X141.853 Y93.874 E1136.08805
G1 X141.379 Y94.115 E1136.10574
G1 X140.903 Y94.229 E1136.12202
G1 X140.333 Y94.227 E1136.14098
G1 X139.823 Y94.098 E1136.15847
G1 X139.355 Y93.846 E1136.17615
G1 X138.962 Y93.489 E1136.19381
G1 X138.686 Y93.085 E1136.21008
G1 X138.485 Y92.557 E1136.22887
G1 X138.425 Y92.069 E1136.24523
G1 X138.424 Y89.948 E1136.31577
G1 X124.324 Y89.948 E1136.78474
G1 X124.323 Y92.069 E1136.85528
G1 X124.261 Y92.568 E1136.87201
G1 X124.061 Y93.086 E1136.89048
G1 X123.781 Y93.49 E1136.90683
G1 X123.353 Y93.874 E1136.92595
G1 X122.879 Y94.115 E1136.94364
G1 X122.403 Y94.229 E1136.95992
G1 X121.833 Y94.227 E1136.97888
G1 X121.323 Y94.098 E1136.99637
G1 X120.855 Y93.846 E1137.01405
G1 X120.462 Y93.489 E1137.03171
G1 X120.186 Y93.085 E1137.04798
G1 X119.985 Y92.557 E1137.06677
G1 X119.925 Y92.069 E1137.08313
G1 X119.924 Y89.948 E1137.15367
G1 X105.824 Y89.948 E1137.62264
G1 X105.823 Y92.069 E1137.69319
G1 X105.761 Y92.568 E1137.70991
G1 X105.561 Y93.086 E1137.72838
G1 X105.281 Y93.49 E1137.74473
G1 X104.853 Y93.874 E1137.76385
G1 X104.379 Y94.115 E1137.78154
G1 X103.903 Y94.229 E1137.79782
G1 X103.333 Y94.227 E1137.81678
G1 X102.823 Y94.098 E1137.83427
G1 X102.355 Y93.846 E1137.85195
G1 X101.962 Y93.489 E1137.86961
G1 X101.686 Y93.085 E1137.88588
G1 X101.485 Y92.557 E1137.90467
G1 X101.425 Y92.069 E1137.92103
G1 X101.424 Y89.948 E1137.99157
G1 X87.448 Y89.948 E1138.45642
G1 X86.965 Y90.005 E1138.47259
G1 X86.52 Y90.158 E1138.48824
G1 X86.126 Y90.409 E1138.50378
G1 X85.785 Y90.75 E1138.51982
G1 X85.534 Y91.144 E1138.53536
G1 X85.377 Y91.593 E1138.55118
G1 X85.324 Y92.056 E1138.56668
G1 X85.324 Y142.921 E1140.25846
G1 X85.377 Y143.407 E1140.27472
G1 X85.534 Y143.851 E1140.29038
G1 X85.785 Y144.245 E1140.30592
G1 X86.127 Y144.587 E1140.322
G1 X86.521 Y144.838 E1140.33754
G1 X86.965 Y144.995 E1140.35321
G1 X87.432 Y145.048 E1140.36884
G1 X101.424 Y145.048 E1140.83421
G1 X101.425 Y142.927 E1140.90476
G1 X101.487 Y142.429 E1140.92145
G1 X101.686 Y141.911 E1140.93991
G1 X101.995 Y141.47 E1140.95782
G1 X102.396 Y141.122 E1140.97548
G1 X102.867 Y140.885 E1140.99301
G1 X103.331 Y140.769 E1141.00892
G1 X103.917 Y140.769 E1141.02841
G1 X104.381 Y140.885 E1141.04432
G1 X104.875 Y141.134 E1141.06272
G1 X105.281 Y141.506 E1141.08103
G1 X105.583 Y141.952 E1141.09895
G1 X105.763 Y142.439 E1141.11622
G1 X105.823 Y142.927 E1141.13257
G1 X105.824 Y145.048 E1141.20311
G1 X117.5 Y145.048 E1141.59146
G0 F9000 X117.5 Y144.288
;TYPE:SKIN
G1 F1500 X106.584 Y144.288 E1141.95453
G1 X106.575 Y142.831 E1142.00299
G1 X106.503 Y142.243 E1142.02269
G1 X106.241 Y141.553 E1142.04724
G1 X105.853 Y140.997 E1142.06979
G1 X105.312 Y140.502 E1142.09418
G1 X104.688 Y140.181 E1142.11752
G1 F1363.6 X104.022 Y139.971 E1142.14307
G1 F1255.2 X103.255 Y139.969 E1142.17355
G1 F1369.9 X102.56 Y140.181 E1142.20002
G1 F1500 X101.96 Y140.49 E1142.22246
G1 X101.415 Y140.966 E1142.24653
G1 X101.002 Y141.559 E1142.27057
G1 X100.756 Y142.197 E1142.29331
G1 X100.669 Y142.826 E1142.31443
G1 X100.664 Y144.288 E1142.36305
G1 X87.476 Y144.288 E1142.80169
G1 X87.138 Y144.247 E1142.81301
G1 X86.853 Y144.147 E1142.82306
G1 X86.61 Y143.99 E1142.83268
G1 X86.377 Y143.761 E1142.84355
G1 X86.222 Y143.516 E1142.85319
G1 X86.121 Y143.231 E1142.86325
G1 X86.084 Y142.877 E1142.87508
G1 X86.084 Y92.099 E1144.56397
G1 X86.121 Y91.765 E1144.57514
G1 X86.222 Y91.476 E1144.58533
G1 X86.378 Y91.23 E1144.59502
G1 X86.606 Y91.002 E1144.60574
G1 X86.852 Y90.846 E1144.61543
G1 X87.133 Y90.749 E1144.62532
G1 X87.492 Y90.708 E1144.63733
G1 X100.664 Y90.708 E1145.07544
G1 X100.665 Y92.058 E1145.12034
G1 X100.742 Y92.755 E1145.14366
G1 X101.002 Y93.433 E1145.16781
G1 X101.382 Y93.993 E1145.19032
G1 X101.923 Y94.478 E1145.21449
G1 X102.551 Y94.814 E1145.23818
G1 F1363.6 X103.231 Y95.026 E1145.26424
G1 F1252.6 X103.989 Y95.028 E1145.29443
G1 F1366.7 X104.688 Y94.814 E1145.32111
G1 F1500 X105.327 Y94.477 E1145.34514
G1 X105.823 Y94.029 E1145.36737
G1 X106.241 Y93.439 E1145.39142
G1 X106.502 Y92.755 E1145.41577
G1 X106.575 Y92.165 E1145.43554
G1 X106.584 Y90.708 E1145.484
G1 X119.164 Y90.708 E1145.90241
G1 X119.165 Y92.058 E1145.94732
G1 X119.242 Y92.755 E1145.97064
G1 X119.502 Y93.433 E1145.99479
G1 X119.882 Y93.993 E1146.0173
G1 X120.423 Y94.478 E1146.04147
G1 X121.051 Y94.814 E1146.06515
G1 F1363.6 X121.731 Y95.026 E1146.09121
G1 F1252.6 X122.489 Y95.028 E1146.1214
G1 F1366.7 X123.188 Y94.814 E1146.14809
G1 F1500 X123.827 Y94.477 E1146.17212
G1 X124.323 Y94.029 E1146.19435
G1 X124.741 Y93.439 E1146.2184
G1 X125.002 Y92.755 E1146.24275
G1 X125.075 Y92.165 E1146.26252
G1 X125.084 Y90.708 E1146.31098
G1 X137.664 Y90.708 E1146.72939
G1 X137.665 Y92.058 E1146.77429
G1 X137.742 Y92.755 E1146.79762
G1 X138.002 Y93.433 E1146.82177
G1 X138.382 Y93.993 E1146.84428
G1 X138.923 Y94.478 E1146.86844
G1 X139.551 Y94.814 E1146.89213
G1 F1363.6 X140.231 Y95.026 E1146.91819
G1 F1252.6 X140.989 Y95.028 E1146.94838
G1 F1366.7 X141.688 Y94.814 E1146.97507
G1 F1500 X142.327 Y94.477 E1146.9991
G1 X142.823 Y94.029 E1147.02133
G1 X143.241 Y93.439 E1147.04537
G1 X143.502 Y92.755 E1147.06972
G1 X143.575 Y92.165 E1147.0895
G1 X143.584 Y90.708 E1147.13796
G1 X147.512 Y90.708 E1147.2686
G1 X147.859 Y90.749 E1147.28023
G1 X148.14 Y90.846 E1147.29011
G1 X148.398 Y91.009 E1147.30026
G1 X148.614 Y91.226 E1147.31045
G1 X148.77 Y91.472 E1147.32014
G1 X148.871 Y91.762 E1147.33035
G1 X148.912 Y92.108 E1147.34194
G1 X148.912 Y94.144 E1147.40966
G1 X148.872 Y94.482 E1147.42098
G1 X148.77 Y94.768 E1147.43108
G1 X148.61 Y95.023 E1147.44109
G1 X148.398 Y95.238 E1147.45113
G1 X148.149 Y95.39 E1147.46083
G1 X147.853 Y95.496 E1147.47129
G1 X147.499 Y95.54 E1147.48316
G1 X141.727 Y95.54 E1147.67513
G1 F1366.7 X141.03 Y95.501 E1147.70062
G1 F1252.6 X140.175 Y95.499 E1147.73467
G1 F1363.6 X139.512 Y95.539 E1147.75897
G1 F1500 X123.227 Y95.54 E1148.30061
G1 F1366.7 X122.53 Y95.501 E1148.32609
G1 F1252.6 X121.675 Y95.499 E1148.36015
G1 F1363.6 X121.012 Y95.539 E1148.38445
G1 F1500 X104.727 Y95.54 E1148.92609
G1 F1366.7 X104.03 Y95.501 E1148.95157
G1 F1252.6 X103.175 Y95.499 E1148.98563
G1 F1363.6 X102.512 Y95.539 E1149.00993
G1 F1500 X97.712 Y95.54 E1149.16958
G1 X97.404 Y95.662 E1149.18059
G1 X97.13 Y95.883 E1149.1923
G1 X96.963 Y96.181 E1149.20366
G1 X96.912 Y96.444 E1149.21257
G1 X96.912 Y105.288 E1149.50673
G1 X95.403 Y105.293 E1149.55692
G1 X94.785 Y105.376 E1149.57766
G1 X94.161 Y105.613 E1149.59986
G1 X93.54 Y106.052 E1149.62515
G1 X93.116 Y106.512 E1149.64596
G1 X92.741 Y107.217 E1149.67252
G1 X92.585 Y107.865 E1149.69469
G1 X92.582 Y108.611 E1149.7195
G1 X92.754 Y109.317 E1149.74367
G1 X93.073 Y109.931 E1149.76668
G1 X93.583 Y110.482 E1149.79165
G1 X94.165 Y110.879 E1149.81508
G1 X94.78 Y111.115 E1149.83699
G1 X95.407 Y111.199 E1149.85803
G1 X96.912 Y111.208 E1149.90809
G1 X96.912 Y123.788 E1150.3265
G1 X95.403 Y123.793 E1150.37669
G1 X94.785 Y123.876 E1150.39743
G1 X94.161 Y124.113 E1150.41963
G1 X93.54 Y124.552 E1150.44493
G1 X93.116 Y125.012 E1150.46574
G1 X92.741 Y125.717 E1150.49229
G1 X92.585 Y126.365 E1150.51446
G1 X92.582 Y127.111 E1150.53928
G1 X92.754 Y127.817 E1150.56344
G1 X93.073 Y128.431 E1150.58646
G1 X93.583 Y128.982 E1150.61143
G1 X94.165 Y129.379 E1150.63486
G1 X94.78 Y129.615 E1150.65677
G1 X95.407 Y129.699 E1150.67781
G1 X96.912 Y129.708 E1150.72787
G1 X96.915 Y138.578 E1151.02289
G1 X96.963 Y138.816 E1151.03096
G1 X97.13 Y139.109 E1151.04218
G1 X97.406 Y139.336 E1151.05406
G1 X97.707 Y139.46 E1151.06489
G1 X102.521 Y139.46 E1151.22501
G1 F1369.9 X103.214 Y139.498 E1151.25028
G1 F1255.2 X104.079 Y139.499 E1151.28466
G1 F1363.6 X104.73 Y139.46 E1151.30852
G1 F1500 X121.021 Y139.46 E1151.85036
G1 F1369.9 X121.714 Y139.498 E1151.87564
G1 F1255.2 X122.579 Y139.499 E1151.91002
G1 F1363.6 X123.23 Y139.46 E1151.93388
G1 F1500 X139.521 Y139.46 E1152.47572
G1 F1369.9 X140.214 Y139.498 E1152.501
G1 F1255.2 X141.079 Y139.499 E1152.53538
G1 F1363.6 X141.73 Y139.46 E1152.55924
G1 F1500 X147.521 Y139.46 E1152.75185
G1 X147.859 Y139.497 E1152.76316
G1 X148.144 Y139.598 E1152.77321
G1 X148.39 Y139.754 E1152.7829
G1 X148.614 Y139.978 E1152.79344
G1 X148.766 Y140.22 E1152.80294
G1 X148.871 Y140.514 E1152.81333
G1 X148.912 Y140.864 E1152.82505
G1 X148.912 Y142.888 E1152.89237
G1 X148.871 Y143.235 E1152.90399
G1 X148.77 Y143.524 E1152.91417
G1 X148.618 Y143.762 E1152.92356
G1 X148.394 Y143.99 E1152.93419
G1 X148.144 Y144.146 E1152.944
G1 X147.855 Y144.247 E1152.95418
G1 X147.504 Y144.288 E1152.96593
G1 X143.584 Y144.288 E1153.09631
G1 X143.575 Y142.831 E1153.14477
G1 X143.503 Y142.243 E1153.16447
G1 X143.241 Y141.553 E1153.18902
G1 X142.853 Y140.997 E1153.21157
G1 X142.312 Y140.502 E1153.23596
G1 X141.688 Y140.181 E1153.2593
G1 F1363.6 X141.022 Y139.971 E1153.28485
G1 F1255.2 X140.255 Y139.969 E1153.31534
G1 F1369.9 X139.56 Y140.181 E1153.3418
G1 F1500 X138.96 Y140.49 E1153.36425
G1 X138.415 Y140.966 E1153.38831
G1 X138.002 Y141.559 E1153.41235
G1 X137.756 Y142.197 E1153.43509
G1 X137.669 Y142.826 E1153.45621
G1 X137.664 Y144.288 E1153.50484
G1 X125.084 Y144.288 E1153.92325
G1 X125.083 Y142.916 E1153.96888
G1 X125.003 Y142.24 E1153.99152
G1 X124.741 Y141.553 E1154.01598
G1 X124.353 Y140.997 E1154.03853
G1 X123.812 Y140.502 E1154.06292
G1 X123.188 Y140.181 E1154.08626
G1 F1363.6 X122.522 Y139.971 E1154.11181
G1 F1255.2 X121.755 Y139.969 E1154.14229
G1 F1369.9 X121.06 Y140.181 E1154.16876
G1 F1500 X120.46 Y140.49 E1154.1912
G1 X119.915 Y140.966 E1154.21527
G1 X119.502 Y141.559 E1154.2393
G1 X119.256 Y142.197 E1154.26205
G1 X119.169 Y142.826 E1154.28317
G1 X119.164 Y144.288 E1154.33179
G1 X117.5 Y144.288 E1154.38714
G1 F2700 E1149.38714
G0 F9000 X117.5 Y144.548
G0 X106.075 Y144.548
G0 X106.074 Y142.923
G0 X106.006 Y142.363
G0 X105.797 Y141.811
G0 X105.46 Y141.324
G0 X105.018 Y140.932
G0 X104.494 Y140.657
G0 X103.92 Y140.516
G0 X103.33 Y140.516
G0 X102.756 Y140.657
G0 X102.232 Y140.932
G0 X101.79 Y141.324
G0 X101.453 Y141.811
G0 X101.244 Y142.363
G0 X101.176 Y142.923
G0 X101.175 Y144.548
G0 X87.519 Y144.548
G1 F2700 E1154.38714
G0 F9000 X87.519 Y144.088
G1 F1500 X86.284 Y142.853 E1154.44523
G0 F9000 X86.284 Y142.287
G1 F1500 X88.085 Y144.088 E1154.52994
G0 F9000 X88.651 Y144.088
G1 F1500 X86.284 Y141.721 E1154.64128
G0 F9000 X86.284 Y141.155
G1 F1500 X89.216 Y144.088 E1154.77921
G0 F9000 X89.782 Y144.088
G1 F1500 X86.284 Y140.59 E1154.94375
G0 F9000 X86.284 Y140.024
G1 F1500 X90.348 Y144.088 E1155.13491
G0 F9000 X90.913 Y144.088
G1 F1500 X86.284 Y139.458 E1155.35267
G0 F9000 X86.284 Y138.893
G1 F1500 X91.479 Y144.088 E1155.59702
G0 F9000 X92.045 Y144.088
G1 F1500 X86.284 Y138.327 E1155.868
G0 F9000 X86.284 Y137.761
G1 F1500 X92.61 Y144.088 E1156.16558
G0 F9000 X93.176 Y144.088
G1 F1500 X86.284 Y137.196 E1156.48976
G0 F9000 X86.284 Y136.63
G1 F1500 X93.742 Y144.088 E1156.84056
G0 F9000 X94.308 Y144.088
G1 F1500 X86.284 Y136.064 E1157.21799
G0 F9000 X86.284 Y135.499
G1 F1500 X94.873 Y144.088 E1157.62199
G0 F9000 X95.439 Y144.088
G1 F1500 X86.284 Y134.933 E1158.05261
G0 F9000 X86.284 Y134.367
G1 F1500 X96.005 Y144.088 E1158.50986
G0 F9000 X96.57 Y144.088
G1 F1500 X86.284 Y133.802 E1158.99368
G0 F9000 X86.284 Y133.236
G1 F1500 X97.136 Y144.088 E1159.50412
G0 F9000 X97.702 Y144.088
G1 F1500 X86.284 Y132.67 E1160.04119
G0 F9000 X86.284 Y132.105
G1 F1500 X98.267 Y144.088 E1160.60483
G0 F9000 X98.833 Y144.088
G1 F1500 X86.284 Y131.539 E1161.1951
G0 F9000 X86.284 Y130.973
G1 F1500 X99.399 Y144.088 E1161.81199
G0 F9000 X99.964 Y144.088
G1 F1500 X86.284 Y130.407 E1162.45548
G0 F9000 X86.284 Y129.842
G1 F1500 X100.464 Y144.022 E1163.12246
G0 F9000 X100.468 Y143.46
G1 F1500 X86.284 Y129.276 E1163.78963
G0 F9000 X86.284 Y128.71
G1 F1500 X100.471 Y142.898 E1164.45697
G0 F9000 X100.525 Y142.386
G1 F1500 X97.799 Y139.66 E1164.58519
G0 F9000 X98.365 Y139.66
G1 F1500 X100.641 Y141.936 E1164.69225
G0 F9000 X100.795 Y141.525
G1 F1500 X98.931 Y139.66 E1164.77995
G0 F9000 X99.496 Y139.66
G1 F1500 X101.018 Y141.182 E1164.85154
G0 F9000 X101.248 Y140.846
G1 F1500 X100.062 Y139.66 E1164.90733
G0 F9000 X100.628 Y139.66
G1 F1500 X101.547 Y140.579 E1164.95055
G0 F9000 X101.852 Y140.319
G1 F1500 X101.193 Y139.66 E1164.98155
G0 F9000 X101.759 Y139.66
G1 F1500 X102.226 Y140.127 E1165.00352
G0 F9000 X102.615 Y139.951
G1 F1500 X102.325 Y139.66 E1165.01718
G0 F9000 X102.936 Y139.705
G1 F1500 X103.031 Y139.801 E1165.02167
G1 F2700 E1160.02167
G0 F9000 X103.152 Y140.301
G0 X105.197 Y140.668
G0 X106.38 Y142.856
G0 X106.396 Y144.476
G0 X119.352 Y144.476
G0 X119.672 Y141.669
G0 X121.795 Y140.203
G0 X124.19 Y141.112
G0 X124.885 Y142.938
G0 X124.896 Y144.476
G0 X137.852 Y144.476
G0 X138.172 Y141.669
G0 X140.295 Y140.203
G0 X142.69 Y141.112
G0 X143.38 Y142.856
G0 X143.396 Y144.476
G0 X147.518 Y144.487
G0 X147.905 Y144.444
G0 X148.522 Y144.146
G0 X148.955 Y143.606
G0 X149.068 Y143.281
G0 X149.111 Y140.854
G0 X149.068 Y140.468
G0 X148.772 Y139.849
G0 X148.523 Y139.6
G0 X147.904 Y139.303
G0 X104.603 Y139.2
G1 F2700 E1165.02167
G0 F9000 X104.603 Y139.676
G1 F1500 X105.091 Y140.163 E1165.0446
G0 F9000 X105.153 Y139.66
G1 F1500 X109.581 Y144.088 E1165.25288
G0 F9000 X109.015 Y144.088
G1 F1500 X106.449 Y141.521 E1165.3736
G0 F9000 X106.717 Y142.355
G1 F1500 X108.45 Y144.088 E1165.45512
G0 F9000 X107.884 Y144.088
G1 F1500 X106.777 Y142.981 E1165.50719
G0 F9000 X106.779 Y143.549
G1 F1500 X107.318 Y144.088 E1165.53254
G0 F9000 X107.318 Y144.548
G0 X110.147 Y144.548
G0 X110.147 Y144.088
G1 F1500 X105.719 Y139.66 E1165.74082
G0 F9000 X106.285 Y139.66
G1 F1500 X110.712 Y144.088 E1165.94908
G0 F9000 X111.278 Y144.088
G1 F1500 X106.85 Y139.66 E1166.15736
G0 F9000 X107.416 Y139.66
G1 F1500 X111.844 Y144.088 E1166.36563
G0 F9000 X112.409 Y144.088
G1 F1500 X107.982 Y139.66 E1166.57389
G0 F9000 X108.547 Y139.66
G1 F1500 X112.975 Y144.088 E1166.78217
G0 F9000 X113.541 Y144.088
G1 F1500 X109.113 Y139.66 E1166.99045
G0 F9000 X109.679 Y139.66
G1 F1500 X114.107 Y144.088 E1167.19873
G0 F9000 X114.672 Y144.088
G1 F1500 X110.244 Y139.66 E1167.40701
G0 F9000 X110.81 Y139.66
G1 F1500 X115.238 Y144.088 E1167.61529
G0 F9000 X115.804 Y144.088
G1 F1500 X111.376 Y139.66 E1167.82357
G0 F9000 X111.941 Y139.66
G1 F1500 X116.369 Y144.088 E1168.03185
G0 F9000 X116.935 Y144.088
G1 F1500 X112.507 Y139.66 E1168.24013
G0 F9000 X113.073 Y139.66
G1 F1500 X117.501 Y144.088 E1168.44841
G0 F9000 X118.066 Y144.088
G1 F1500 X113.638 Y139.66 E1168.65669
G0 F9000 X114.204 Y139.66
G1 F1500 X118.632 Y144.088 E1168.86497
G0 F9000 X118.966 Y143.856
G1 F1500 X114.77 Y139.66 E1169.06233
G0 F9000 X115.335 Y139.66
G1 F1500 X118.969 Y143.293 E1169.23324
G0 F9000 X118.979 Y142.738
G1 F1500 X115.901 Y139.66 E1169.37802
G0 F9000 X116.467 Y139.66
G1 F1500 X119.045 Y142.238 E1169.49928
G0 F9000 X119.187 Y141.815
G1 F1500 X117.033 Y139.66 E1169.60062
G0 F9000 X117.598 Y139.66
G1 F1500 X119.356 Y141.418 E1169.68331
G0 F9000 X119.586 Y141.082
G1 F1500 X118.164 Y139.66 E1169.7502
G0 F9000 X118.73 Y139.66
G1 F1500 X119.837 Y140.767 E1169.80227
G0 F9000 X120.135 Y140.5
G1 F1500 X119.295 Y139.66 E1169.84178
G0 F9000 X119.861 Y139.66
G1 F1500 X120.463 Y140.262 E1169.8701
G0 F9000 X120.837 Y140.07
G1 F1500 X120.427 Y139.66 E1169.88938
G0 F9000 X120.992 Y139.66
G1 F1500 X121.238 Y139.905 E1169.90093
G1 F2700 E1164.90093
G0 F9000 X121.351 Y140.374
G0 X123.697 Y140.668
G0 X124.885 Y142.938
G0 X124.896 Y144.476
G0 X137.852 Y144.476
G0 X138.172 Y141.669
G0 X140.295 Y140.203
G0 X142.69 Y141.112
G0 X143.38 Y142.856
G0 X143.396 Y144.476
G0 X147.518 Y144.487
G0 X147.905 Y144.444
G0 X148.522 Y144.146
G0 X148.955 Y143.606
G0 X149.068 Y143.281
G0 X149.111 Y140.854
G0 X149.068 Y140.468
G0 X148.772 Y139.849
G0 X148.523 Y139.6
G0 X147.904 Y139.303
G0 X122.748 Y139.2
G1 F2700 E1169.90093
G0 F9000 X122.748 Y139.719
G1 F1500 X122.883 Y139.854 E1169.90728
G0 F9000 X123.255 Y139.66
G1 F1500 X123.985 Y140.39 E1169.94162
G0 F9000 X123.821 Y139.66
G1 F1500 X128.249 Y144.088 E1170.1499
G0 F9000 X128.814 Y144.088
G1 F1500 X124.386 Y139.66 E1170.35818
G0 F9000 X124.952 Y139.66
G1 F1500 X129.38 Y144.088 E1170.56646
G0 F9000 X129.946 Y144.088
G1 F1500 X125.518 Y139.66 E1170.77474
G0 F9000 X126.084 Y139.66
G1 F1500 X130.511 Y144.088 E1170.98299
G0 F9000 X131.077 Y144.088
G1 F1500 X126.649 Y139.66 E1171.19127
G0 F9000 X127.215 Y139.66
G1 F1500 X131.643 Y144.088 E1171.39955
G0 F9000 X132.208 Y144.088
G1 F1500 X127.781 Y139.66 E1171.60781
G0 F9000 X128.346 Y139.66
G1 F1500 X132.774 Y144.088 E1171.81609
G0 F9000 X133.34 Y144.088
G1 F1500 X128.912 Y139.66 E1172.02437
G0 F9000 X129.478 Y139.66
G1 F1500 X133.906 Y144.088 E1172.23265
G0 F9000 X134.471 Y144.088
G1 F1500 X130.043 Y139.66 E1172.44093
G0 F9000 X130.609 Y139.66
G1 F1500 X135.037 Y144.088 E1172.6492
G0 F9000 X135.603 Y144.088
G1 F1500 X131.175 Y139.66 E1172.85748
G0 F9000 X131.74 Y139.66
G1 F1500 X136.168 Y144.088 E1173.06576
G0 F9000 X136.734 Y144.088
G1 F1500 X132.306 Y139.66 E1173.27404
G0 F9000 X132.872 Y139.66
G1 F1500 X137.3 Y144.088 E1173.48232
G0 F9000 X137.467 Y143.689
G1 F1500 X133.437 Y139.66 E1173.67186
G0 F9000 X134.003 Y139.66
G1 F1500 X137.47 Y143.127 E1173.83494
G0 F9000 X137.499 Y142.59
G1 F1500 X134.569 Y139.66 E1173.97275
G0 F9000 X135.134 Y139.66
G1 F1500 X137.578 Y142.104 E1174.08771
G0 F9000 X137.732 Y141.692
G1 F1500 X135.7 Y139.66 E1174.18329
G0 F9000 X136.266 Y139.66
G1 F1500 X137.924 Y141.318 E1174.26128
G0 F9000 X138.154 Y140.982
G1 F1500 X136.832 Y139.66 E1174.32346
G0 F9000 X137.397 Y139.66
G1 F1500 X138.425 Y140.688 E1174.37181
G0 F9000 X138.724 Y140.422
G1 F1500 X137.963 Y139.66 E1174.40763
G0 F9000 X138.529 Y139.66
G1 F1500 X139.074 Y140.206 E1174.43329
G0 F9000 X139.448 Y140.014
G1 F1500 X139.094 Y139.66 E1174.44994
G0 F9000 X139.677 Y139.677
G1 F1500 X139.861 Y139.861 E1174.4586
G0 F9000 X139.978 Y140.344
G0 X142.197 Y140.668
G0 X143.38 Y142.856
G0 X143.396 Y144.476
G0 X147.518 Y144.487
G0 X147.905 Y144.444
G0 X148.522 Y144.146
G0 X148.955 Y143.606
G0 X149.068 Y143.281
G0 X149.111 Y140.854
G0 X149.068 Y140.468
G0 X148.772 Y139.849
G0 X148.523 Y139.6
G0 X147.904 Y139.303
G0 X141.398 Y139.2
G0 X141.398 Y139.701
G1 F1500 X141.652 Y139.955 E1174.47055
G0 F9000 X141.923 Y139.66
G1 F1500 X146.351 Y144.088 E1174.67883
G0 F9000 X146.916 Y144.088
G1 F1500 X142.488 Y139.66 E1174.8871
G0 F9000 X143.054 Y139.66
G1 F1500 X147.482 Y144.088 E1175.09538
G0 F9000 X147.959 Y143.999
G1 F1500 X143.62 Y139.66 E1175.29948
G0 F9000 X144.185 Y139.66
G1 F1500 X148.314 Y143.788 E1175.49367
G0 F9000 X148.565 Y143.474
G1 F1500 X144.751 Y139.66 E1175.67307
G0 F9000 X145.317 Y139.66
G1 F1500 X148.693 Y143.036 E1175.83186
G0 F9000 X148.712 Y142.49
G1 F1500 X145.882 Y139.66 E1175.96498
G0 F9000 X146.448 Y139.66
G1 F1500 X148.712 Y141.924 E1176.07147
G0 F9000 X148.712 Y141.358
G1 F1500 X147.014 Y139.66 E1176.15134
G0 F9000 X147.589 Y139.669
G1 F1500 X148.702 Y140.782 E1176.20369
G0 F9000 X149.159 Y140.733
G0 X149.068 Y143.281
G0 X148.773 Y143.893
G0 X148.522 Y144.146
G0 X147.905 Y144.444
G0 X145.785 Y144.548
G0 X145.785 Y144.088
G1 F1500 X143.589 Y141.892 E1176.30698
G0 F9000 X143.748 Y142.616
G1 F1500 X145.219 Y144.088 E1176.3762
G0 F9000 X144.654 Y144.088
G1 F1500 X143.777 Y143.212 E1176.41743
G0 F9000 X143.781 Y143.781
G1 F1500 X144.088 Y144.088 E1176.43187
G0 F9000 X144.088 Y144.548
G0 X143.075 Y144.548
G0 X143.074 Y142.923
G0 X143.006 Y142.363
G0 X142.797 Y141.811
G0 X142.46 Y141.324
G0 X142.018 Y140.932
G0 X141.494 Y140.657
G0 X140.92 Y140.516
G0 X140.33 Y140.516
G0 X139.756 Y140.657
G0 X139.232 Y140.932
G0 X138.79 Y141.324
G0 X138.453 Y141.811
G0 X138.244 Y142.363
G0 X138.176 Y142.923
G0 X138.175 Y144.548
G0 X127.683 Y144.548
G0 X127.683 Y144.088
G1 F1500 X124.607 Y141.012 E1176.57655
G0 F9000 X124.228 Y141.273
G0 X124.748 Y142.287
G0 X125.196 Y142.167
G1 F1500 X127.117 Y144.088 E1176.66691
G0 F9000 X126.552 Y144.088
G1 F1500 X125.271 Y142.807 E1176.72717
G0 F9000 X125.282 Y143.384
G1 F1500 X125.986 Y144.088 E1176.76028
G0 F9000 X125.42 Y144.088
G1 F1500 X125.284 Y143.951 E1176.7667
G1 F2700 E1171.7667
G0 F9000 X124.824 Y143.951
G0 X124.896 Y144.476
G0 X137.852 Y144.476
G0 X138.172 Y141.669
G0 X140.295 Y140.203
G0 X142.69 Y141.112
G0 X143.38 Y142.856
G0 X143.396 Y144.476
G0 X147.518 Y144.487
G0 X147.905 Y144.444
G0 X148.522 Y144.146
G0 X148.955 Y143.606
G0 X149.068 Y143.281
G0 X149.111 Y140.854
G0 X149.068 Y140.468
G0 X148.772 Y139.849
G0 X148.523 Y139.6
G0 X147.904 Y139.303
G0 X147.533 Y139.261
G0 X97.437 Y138.938
G0 X97.172 Y138.538
G1 F2700 E1176.7667
G0 F9000 X96.714 Y138.575
G1 F1500 X86.284 Y128.145 E1177.2573
G0 F9000 X86.284 Y127.579
G1 F1500 X96.712 Y138.007 E1177.7478
G0 F9000 X96.712 Y137.442
G1 F1500 X86.284 Y127.013 E1178.23832
G0 F9000 X86.284 Y126.448
G1 F1500 X96.712 Y136.876 E1178.72882
G0 F9000 X96.712 Y136.31
G1 F1500 X86.284 Y125.882 E1179.21932
G0 F9000 X86.284 Y125.316
G1 F1500 X96.712 Y135.745 E1179.70985
G0 F9000 X96.712 Y135.179
G1 F1500 X86.284 Y124.751 E1180.20035
G0 F9000 X86.284 Y124.185
G1 F1500 X96.712 Y134.613 E1180.69085
G0 F9000 X96.712 Y134.048
G1 F1500 X86.284 Y123.619 E1181.18138
G0 F9000 X86.284 Y123.054
G1 F1500 X96.712 Y133.482 E1181.67188
G0 F9000 X96.712 Y132.916
G1 F1500 X86.284 Y122.488 E1182.16238
G0 F9000 X86.284 Y121.922
G1 F1500 X92.91 Y128.548 E1182.47404
G0 F9000 X93.592 Y129.23
G1 F1500 X96.712 Y132.351 E1182.62082
G0 F9000 X96.712 Y131.785
G1 F1500 X94.742 Y129.814 E1182.71351
G0 F9000 X95.391 Y129.898
G1 F1500 X96.712 Y131.219 E1182.77565
G0 F9000 X96.712 Y130.654
G1 F1500 X95.961 Y129.902 E1182.81099
G0 F9000 X96.531 Y129.906
G1 F1500 X96.712 Y130.088 E1182.81953
G0 F9000 X97.173 Y130.088
G0 X97.1 Y129.52
G0 X94.938 Y129.131
G0 X94.386 Y128.922
G0 X93.992 Y128.649
G0 X92.93 Y127.447
G0 X92.48 Y127.553
G1 F1500 X86.284 Y121.356 E1183.111
G0 F9000 X86.284 Y120.791
G1 F1500 X92.384 Y126.89 E1183.3979
G0 F9000 X92.388 Y126.33
G1 F1500 X86.284 Y120.225 E1183.68503
G0 F9000 X86.284 Y119.659
G1 F1500 X92.498 Y125.873 E1183.97732
G0 F9000 X92.646 Y125.456
G1 F1500 X86.284 Y119.094 E1184.27657
G0 F9000 X86.284 Y118.528
G1 F1500 X92.842 Y125.086 E1184.58504
G0 F9000 X93.079 Y124.757
G1 F1500 X86.284 Y117.962 E1184.90465
G0 F9000 X86.284 Y117.397
G1 F1500 X93.351 Y124.464 E1185.23706
G0 F9000 X93.668 Y124.215
G1 F1500 X86.284 Y116.831 E1185.58439
G0 F9000 X86.284 Y116.265
G1 F1500 X94.001 Y123.982 E1185.94737
G0 F9000 X94.395 Y123.811
G1 F1500 X86.284 Y115.7 E1186.32889
G0 F9000 X86.284 Y115.134
G1 F1500 X94.815 Y123.665 E1186.73016
G0 F9000 X95.321 Y123.605
G1 F1500 X86.284 Y114.568 E1187.15523
G0 F9000 X86.284 Y114.003
G1 F1500 X95.872 Y123.59 E1187.6062
G0 F9000 X96.436 Y123.589
G1 F1500 X86.284 Y113.437 E1188.08372
G0 F9000 X86.284 Y112.871
G1 F1500 X96.712 Y123.3 E1188.57424
G0 F9000 X96.712 Y122.734
G1 F1500 X86.284 Y112.306 E1189.06474
G0 F9000 X86.284 Y111.74
G1 F1500 X96.712 Y122.168 E1189.55524
G0 F9000 X96.712 Y121.603
G1 F1500 X86.284 Y111.174 E1190.04577
G0 F9000 X86.284 Y110.608
G1 F1500 X96.712 Y121.037 E1190.53629
G0 F9000 X96.712 Y120.471
G1 F1500 X86.284 Y110.043 E1191.02679
G0 F9000 X86.284 Y109.477
G1 F1500 X96.712 Y119.906 E1191.51732
G0 F9000 X96.712 Y119.34
G1 F1500 X86.284 Y108.911 E1192.00784
G0 F9000 X86.284 Y108.346
G1 F1500 X96.712 Y118.774 E1192.49834
G0 F9000 X96.712 Y118.208
G1 F1500 X86.284 Y107.78 E1192.98885
G0 F9000 X86.284 Y107.214
G1 F1500 X96.712 Y117.643 E1193.47937
G0 F9000 X96.712 Y117.077
G1 F1500 X86.284 Y106.649 E1193.96987
G0 F9000 X86.284 Y106.083
G1 F1500 X96.712 Y116.511 E1194.46037
G0 F9000 X96.712 Y115.946
G1 F1500 X86.284 Y105.517 E1194.9509
G0 F9000 X86.284 Y104.952
G1 F1500 X96.712 Y115.38 E1195.4414
G0 F9000 X96.712 Y114.814
G1 F1500 X86.284 Y104.386 E1195.9319
G0 F9000 X86.284 Y103.82
G1 F1500 X96.712 Y114.249 E1196.42242
G0 F9000 X96.712 Y113.683
G1 F1500 X94.094 Y111.065 E1196.54557
G0 F9000 X94.938 Y111.342
G1 F1500 X96.712 Y113.117 E1196.62903
G0 F9000 X96.712 Y112.552
G1 F1500 X95.559 Y111.398 E1196.68329
G0 F9000 X96.129 Y111.403
G1 F1500 X96.712 Y111.986 E1196.71071
G0 F9000 X97.172 Y111.986
G0 X97.1 Y111.02
G0 X94.922 Y110.591
G0 X94.44 Y110.439
G0 X93.139 Y109.487
G0 X92.729 Y109.7
G1 F1500 X86.284 Y103.255 E1197.01387
G0 F9000 X86.284 Y102.689
G1 F1500 X92.429 Y108.834 E1197.30291
G0 F9000 X92.383 Y108.222
G1 F1500 X86.284 Y102.123 E1197.58979
G0 F9000 X86.284 Y101.558
G1 F1500 X92.421 Y107.694 E1197.87843
G0 F9000 X92.531 Y107.238
G1 F1500 X86.284 Y100.992 E1198.17225
G0 F9000 X86.284 Y100.426
G1 F1500 X92.705 Y106.847 E1198.47427
G0 F9000 X92.901 Y106.478
G1 F1500 X86.284 Y99.86 E1198.78554
G0 F9000 X86.284 Y99.295
G1 F1500 X93.159 Y106.17 E1199.10892
G0 F9000 X93.432 Y105.877
G1 F1500 X86.284 Y98.729 E1199.44514
G0 F9000 X86.284 Y98.163
G1 F1500 X93.766 Y105.645 E1199.79707
G0 F9000 X94.107 Y105.421
G1 F1500 X86.284 Y97.598 E1200.16504
G0 F9000 X86.284 Y97.032
G1 F1500 X94.517 Y105.265 E1200.55229
G0 F9000 X94.965 Y105.147
G1 F1500 X86.284 Y96.466 E1200.96062
G0 F9000 X86.284 Y95.901
G1 F1500 X95.474 Y105.091 E1201.39289
G0 F9000 X96.039 Y105.09
G1 F1500 X86.284 Y95.335 E1201.85173
G0 F9000 X86.284 Y94.769
G1 F1500 X96.603 Y105.088 E1202.33711
G0 F9000 X96.712 Y104.631
G1 F1500 X86.284 Y94.204 E1202.82758
G0 F9000 X86.284 Y93.638
G1 F1500 X96.712 Y104.066 E1203.31809
G0 F9000 X96.712 Y103.5
G1 F1500 X86.284 Y93.072 E1203.80859
G0 F9000 X86.284 Y92.507
G1 F1500 X96.712 Y102.934 E1204.29906
G0 F9000 X96.712 Y102.369
G1 F1500 X86.3 Y91.957 E1204.78881
G0 F9000 X86.43 Y91.521
G1 F1500 X96.712 Y101.803 E1205.27245
G0 F9000 X96.712 Y101.237
G1 F1500 X86.683 Y91.208 E1205.74418
G0 F9000 X87.035 Y90.995
G1 F1500 X96.712 Y100.671 E1206.19933
G0 F9000 X96.712 Y100.106
G1 F1500 X87.514 Y90.908 E1206.63198
G0 F9000 X88.08 Y90.908
G1 F1500 X96.712 Y99.54 E1207.038
G0 F9000 X96.712 Y98.974
G1 F1500 X88.646 Y90.908 E1207.4174
G0 F9000 X89.211 Y90.908
G1 F1500 X96.712 Y98.409 E1207.77023
G0 F9000 X96.712 Y97.843
G1 F1500 X89.777 Y90.908 E1208.09643
G0 F9000 X90.343 Y90.908
G1 F1500 X96.712 Y97.277 E1208.396
G0 F9000 X96.712 Y96.712
G1 F1500 X90.908 Y90.908 E1208.66901
G0 F9000 X91.474 Y90.908
G1 F1500 X96.759 Y96.193 E1208.9176
G0 F9000 X96.939 Y95.807
G1 F1500 X92.04 Y90.908 E1209.14803
G0 F9000 X92.606 Y90.908
G1 F1500 X97.236 Y95.539 E1209.36584
G0 F9000 X97.627 Y95.364
G1 F1500 X93.171 Y90.908 E1209.57543
G0 F9000 X93.737 Y90.908
G1 F1500 X98.173 Y95.345 E1209.78411
G0 F9000 X98.738 Y95.344
G1 F1500 X94.303 Y90.908 E1209.99274
G0 F9000 X94.868 Y90.908
G1 F1500 X99.303 Y95.343 E1210.20135
G0 F9000 X99.868 Y95.342
G1 F1500 X95.434 Y90.908 E1210.40991
G0 F9000 X96 Y90.908
G1 F1500 X100.432 Y95.341 E1210.61841
G0 F9000 X100.997 Y95.341
G1 F1500 X96.565 Y90.908 E1210.8269
G0 F9000 X97.131 Y90.908
G1 F1500 X101.562 Y95.34 E1211.03534
G0 F9000 X102.127 Y95.339
G1 F1500 X97.697 Y90.908 E1211.24374
G0 F9000 X98.262 Y90.908
G1 F1500 X100.78 Y93.426 E1211.36218
G0 F9000 X100.524 Y92.605
G1 F1500 X98.828 Y90.908 E1211.44198
G0 F9000 X99.394 Y90.908
G1 F1500 X100.466 Y91.981 E1211.49242
G0 F9000 X100.465 Y91.414
G1 F1500 X99.959 Y90.908 E1211.51622
G0 F9000 X99.959 Y90.448
G0 X100.852 Y90.52
G0 X101.244 Y92.637
G0 X101.453 Y93.189
G0 X102.435 Y94.459
G0 X102.221 Y94.868
G1 F1500 X102.673 Y95.319 E1211.53746
G1 F2700 E1206.53746
G0 F9000 X102.673 Y95.8
G0 X147.515 Y95.739
G0 X147.903 Y95.693
G0 X148.523 Y95.396
G0 X148.954 Y94.859
G0 X149.068 Y94.529
G0 X149.111 Y92.102
G0 X149.069 Y91.718
G0 X148.954 Y91.389
G0 X148.522 Y90.85
G0 X148.232 Y90.667
G0 X147.904 Y90.554
G0 X147.529 Y90.509
G0 X143.396 Y90.52
G0 X143.075 Y93.329
G0 X140.951 Y94.793
G0 X138.551 Y93.881
G0 X137.863 Y92.042
G0 X137.852 Y90.52
G0 X124.896 Y90.52
G0 X124.575 Y93.329
G0 X122.451 Y94.793
G0 X120.051 Y93.881
G0 X119.363 Y92.042
G0 X119.352 Y90.52
G0 X106.396 Y90.52
G0 X106.075 Y93.329
G0 X104.121 Y94.69
G1 F2700 E1211.53746
G0 F9000 X104.238 Y95.187
G1 F1500 X104.348 Y95.297 E1211.54263
G0 F9000 X104.653 Y95.037
G1 F1500 X104.956 Y95.339 E1211.55686
G0 F9000 X105.039 Y94.857
G1 F1500 X105.522 Y95.339 E1211.57956
G0 F9000 X106.087 Y95.339
G1 F1500 X105.413 Y94.665 E1211.61126
G0 F9000 X105.712 Y94.398
G1 F1500 X106.653 Y95.339 E1211.65552
G0 F9000 X107.219 Y95.339
G1 F1500 X106.004 Y94.124 E1211.71267
G0 F9000 X106.237 Y93.792
G1 F1500 X107.784 Y95.339 E1211.78544
G0 F9000 X108.35 Y95.339
G1 F1500 X106.457 Y93.446 E1211.87448
G0 F9000 X106.613 Y93.037
G1 F1500 X108.916 Y95.339 E1211.98278
G0 F9000 X109.481 Y95.339
G1 F1500 X106.724 Y92.582 E1212.11246
G0 F9000 X106.774 Y92.066
G1 F1500 X110.047 Y95.339 E1212.26642
G0 F9000 X110.613 Y95.339
G1 F1500 X106.778 Y91.505 E1212.44678
G0 F9000 X106.782 Y90.943
G1 F1500 X111.178 Y95.339 E1212.65355
G0 F9000 X111.744 Y95.339
G1 F1500 X107.313 Y90.908 E1212.86197
G0 F9000 X107.879 Y90.908
G1 F1500 X112.31 Y95.339 E1213.07039
G0 F9000 X112.875 Y95.339
G1 F1500 X108.445 Y90.908 E1213.27879
G0 F9000 X109.01 Y90.908
G1 F1500 X113.44 Y95.339 E1213.48719
G0 F9000 X114.006 Y95.339
G1 F1500 X109.576 Y90.908 E1213.69559
G0 F9000 X110.142 Y90.908
G1 F1500 X114.572 Y95.339 E1213.90398
G0 F9000 X115.137 Y95.339
G1 F1500 X110.707 Y90.908 E1214.11238
G0 F9000 X111.273 Y90.908
G1 F1500 X115.703 Y95.339 E1214.32078
G0 F9000 X116.269 Y95.339
G1 F1500 X111.839 Y90.908 E1214.52917
G0 F9000 X112.405 Y90.908
G1 F1500 X116.835 Y95.339 E1214.73757
G0 F9000 X117.4 Y95.339
G1 F1500 X112.97 Y90.908 E1214.94597
G0 F9000 X113.536 Y90.908
G1 F1500 X117.966 Y95.339 E1215.15437
G0 F9000 X118.532 Y95.339
G1 F1500 X114.102 Y90.908 E1215.36276
G0 F9000 X114.667 Y90.908
G1 F1500 X119.097 Y95.339 E1215.57116
G0 F9000 X119.663 Y95.339
G1 F1500 X115.233 Y90.908 E1215.77956
G0 F9000 X115.799 Y90.908
G1 F1500 X120.229 Y95.339 E1215.98795
G0 F9000 X120.794 Y95.339
G1 F1500 X116.364 Y90.908 E1216.19635
G0 F9000 X116.93 Y90.908
G1 F1500 X119.176 Y93.155 E1216.30202
G0 F9000 X119.004 Y92.417
G1 F1500 X117.496 Y90.908 E1216.37298
G0 F9000 X118.061 Y90.908
G1 F1500 X118.966 Y91.813 E1216.41554
G0 F9000 X118.965 Y91.246
G1 F1500 X118.627 Y90.908 E1216.43144
G0 F9000 X118.627 Y90.448
G0 X119.352 Y90.52
G0 X119.744 Y92.637
G0 X119.953 Y93.189
G0 X120.144 Y93.465
G0 X121.169 Y94.582
G0 X121.046 Y95.025
G1 F1500 X121.323 Y95.301 E1216.44445
G1 F2700 E1211.44445
G0 F9000 X121.323 Y95.8
G0 X147.515 Y95.739
G0 X147.903 Y95.693
G0 X148.523 Y95.396
G0 X148.954 Y94.859
G0 X149.068 Y94.529
G0 X149.111 Y92.102
G0 X149.069 Y91.718
G0 X148.954 Y91.389
G0 X148.522 Y90.85
G0 X148.232 Y90.667
G0 X147.904 Y90.554
G0 X147.529 Y90.509
G0 X143.396 Y90.52
G0 X143.075 Y93.329
G0 X140.951 Y94.793
G0 X138.551 Y93.881
G0 X137.863 Y92.042
G0 X137.852 Y90.52
G0 X124.896 Y90.52
G0 X124.575 Y93.329
G0 X122.748 Y94.66
G1 F2700 E1216.44445
G0 F9000 X122.862 Y95.143
G1 F1500 X123.037 Y95.319 E1216.4527
G0 F9000 X123.277 Y94.993
G1 F1500 X123.623 Y95.339 E1216.46898
G0 F9000 X123.65 Y94.8
G1 F1500 X124.189 Y95.339 E1216.49433
G0 F9000 X124.755 Y95.339
G1 F1500 X124.003 Y94.588 E1216.52968
G0 F9000 X124.301 Y94.32
G1 F1500 X125.321 Y95.339 E1216.57763
G0 F9000 X125.886 Y95.339
G1 F1500 X124.573 Y94.026 E1216.63939
G0 F9000 X124.806 Y93.694
G1 F1500 X126.452 Y95.339 E1216.71679
G0 F9000 X127.018 Y95.339
G1 F1500 X125.004 Y93.325 E1216.81152
G0 F9000 X125.159 Y92.915
G1 F1500 X127.583 Y95.339 E1216.92554
G0 F9000 X128.149 Y95.339
G1 F1500 X125.243 Y92.433 E1217.06223
G0 F9000 X125.275 Y91.9
G1 F1500 X128.715 Y95.339 E1217.22401
G0 F9000 X129.28 Y95.339
G1 F1500 X125.28 Y91.338 E1217.41219
G0 F9000 X125.415 Y90.908
G1 F1500 X129.846 Y95.339 E1217.62061
G0 F9000 X130.412 Y95.339
G1 F1500 X125.98 Y90.908 E1217.82905
G0 F9000 X126.546 Y90.908
G1 F1500 X130.977 Y95.339 E1218.03747
G0 F9000 X131.543 Y95.339
G1 F1500 X127.112 Y90.908 E1218.24589
G0 F9000 X127.677 Y90.908
G1 F1500 X132.109 Y95.339 E1218.45434
G0 F9000 X132.674 Y95.339
G1 F1500 X128.243 Y90.908 E1218.66276
G0 F9000 X128.809 Y90.908
G1 F1500 X133.24 Y95.339 E1218.87118
G0 F9000 X133.806 Y95.339
G1 F1500 X129.374 Y90.908 E1219.07962
G0 F9000 X129.94 Y90.908
G1 F1500 X134.372 Y95.339 E1219.28807
G0 F9000 X134.937 Y95.339
G1 F1500 X130.506 Y90.908 E1219.49649
G0 F9000 X131.071 Y90.908
G1 F1500 X135.503 Y95.339 E1219.70493
G0 F9000 X136.069 Y95.339
G1 F1500 X131.637 Y90.908 E1219.91337
G0 F9000 X132.203 Y90.908
G1 F1500 X136.634 Y95.339 E1220.1218
G0 F9000 X137.2 Y95.339
G1 F1500 X132.768 Y90.908 E1220.33024
G0 F9000 X133.334 Y90.908
G1 F1500 X137.766 Y95.339 E1220.53868
G0 F9000 X138.331 Y95.339
G1 F1500 X133.9 Y90.908 E1220.7471
G0 F9000 X134.466 Y90.908
G1 F1500 X138.897 Y95.339 E1220.95552
G0 F9000 X139.463 Y95.339
G1 F1500 X138.46 Y94.337 E1221.00268
G0 F9000 X138.192 Y94.069
G1 F1500 X135.031 Y90.908 E1221.15136
G0 F9000 X135.597 Y90.908
G1 F1500 X137.573 Y92.883 E1221.24428
G0 F9000 X137.483 Y92.228
G1 F1500 X136.163 Y90.908 E1221.30637
G0 F9000 X136.728 Y90.908
G1 F1500 X137.466 Y91.645 E1221.34106
G0 F9000 X137.464 Y91.078
G1 F1500 X137.294 Y90.908 E1221.34906
G0 F9000 X137.294 Y90.448
G0 X137.852 Y90.52
G0 X138.244 Y92.637
G0 X138.453 Y93.189
G0 X138.726 Y93.583
G0 X139.929 Y94.644
G0 X139.813 Y95.124
G1 F1500 X139.972 Y95.283 E1221.35654
G0 F9000 X139.972 Y95.8
G0 X147.515 Y95.739
G0 X147.903 Y95.693
G0 X148.523 Y95.396
G0 X148.954 Y94.859
G0 X149.068 Y94.529
G0 X149.111 Y92.102
G0 X149.069 Y91.718
G0 X148.954 Y91.389
G0 X148.522 Y90.85
G0 X148.232 Y90.667
G0 X147.904 Y90.554
G0 X147.529 Y90.509
G0 X143.396 Y90.52
G0 X143.107 Y93.048
G0 X141.374 Y94.63
G0 X141.484 Y95.098
G1 F1500 X141.725 Y95.339 E1221.36787
G0 F9000 X141.887 Y94.935
G1 F1500 X142.292 Y95.34 E1221.38692
G0 F9000 X142.857 Y95.34
G1 F1500 X142.261 Y94.743 E1221.41498
G0 F9000 X142.591 Y94.508
G1 F1500 X143.423 Y95.34 E1221.45412
G0 F9000 X143.989 Y95.34
G1 F1500 X142.889 Y94.24 E1221.50586
G0 F9000 X143.142 Y93.927
G1 F1500 X144.555 Y95.34 E1221.57232
G0 F9000 X145.12 Y95.34
G1 F1500 X143.375 Y93.595 E1221.6544
G0 F9000 X143.55 Y93.204
G1 F1500 X145.686 Y95.34 E1221.75487
G0 F9000 X146.252 Y95.34
G1 F1500 X143.7 Y92.788 E1221.87491
G0 F9000 X143.761 Y92.284
G1 F1500 X146.817 Y95.34 E1222.01865
G0 F9000 X147.383 Y95.34
G1 F1500 X143.776 Y91.733 E1222.18832
G0 F9000 X143.781 Y91.172
G1 F1500 X147.882 Y95.273 E1222.38121
G0 F9000 X148.261 Y95.087
G1 F1500 X144.083 Y90.908 E1222.57776
G0 F9000 X144.649 Y90.908
G1 F1500 X148.524 Y94.784 E1222.76005
G0 F9000 X148.683 Y94.378
G1 F1500 X145.214 Y90.908 E1222.92324
G0 F9000 X145.78 Y90.908
G1 F1500 X148.712 Y93.841 E1223.06118
G0 F9000 X148.712 Y93.275
G1 F1500 X146.346 Y90.908 E1223.17249
G0 F9000 X146.911 Y90.908
G1 F1500 X148.712 Y92.709 E1223.25721
G0 F9000 X148.712 Y92.144
G1 F1500 X147.477 Y90.908 E1223.31532
;TIME_ELAPSED:2007.997677
G1 F2700 E1218.31532
M140 S0
M107
G91 ;Relative positioning
G1 E-2 F2700 ;Retract a bit
G1 E-2 Z0.2 F2400 ;Retract and raise Z
G1 X5 Y5 F3000 ;Wipe out
G1 Z10 ;Raise Z more
G90 ;Absolute positioning

G1 X0 Y235 ;Present print
M106 S0 ;Turn-off fan
M104 S0 ;Turn-off hotend
M140 S0 ;Turn-off bed

M84 X Y E ;Disable all steppers but Z

M82 ;absolute extrusion mode
M104 S0
;End of Gcode
