ISO-10303-21;
HEADER;
FILE_DESCRIPTION(('FreeCAD Model'),'2;1');
FILE_NAME('Open CASCADE Shape Model','2026-06-11T19:18:25',('Author'),(
    ''),'Open CASCADE STEP processor 7.5','FreeCAD','Unknown');
FILE_SCHEMA(('AUTOMOTIVE_DESIGN { 1 0 10303 214 1 1 1 1 }'));
ENDSEC;
DATA;
#1 = APPLICATION_PROTOCOL_DEFINITION('international standard',
  'automotive_design',2000,#2);
#2 = APPLICATION_CONTEXT(
  'core data for automotive mechanical design processes');
#3 = SHAPE_DEFINITION_REPRESENTATION(#4,#10);
#4 = PRODUCT_DEFINITION_SHAPE('','',#5);
#5 = PRODUCT_DEFINITION('design','',#6,#9);
#6 = PRODUCT_DEFINITION_FORMATION('','',#7);
#7 = PRODUCT('Case','Case','',(#8));
#8 = PRODUCT_CONTEXT('',#2,'mechanical');
#9 = PRODUCT_DEFINITION_CONTEXT('part definition',#2,'design');
#10 = ADVANCED_BREP_SHAPE_REPRESENTATION('',(#11,#15),#15123);
#11 = AXIS2_PLACEMENT_3D('',#12,#13,#14);
#12 = CARTESIAN_POINT('',(0.,0.,0.));
#13 = DIRECTION('',(0.,0.,1.));
#14 = DIRECTION('',(1.,0.,-0.));
#15 = MANIFOLD_SOLID_BREP('',#16);
#16 = CLOSED_SHELL('',(#17,#3109,#3187,#3243,#3299,#3354,#3409,#3471,
    #3562,#3688,#3785,#3840,#3895,#3957,#4048,#4174,#4271,#4326,#4381,
    #4437,#4493,#4548,#4603,#4659,#4715,#4770,#4825,#4887,#4978,#5104,
    #5201,#5256,#5311,#5373,#5464,#5590,#5687,#5742,#5832,#5894,#5962,
    #6038,#6092,#6146,#6195,#6244,#6298,#6348,#6397,#6446,#6500,#6554,
    #6603,#6652,#6706,#6756,#6805,#6854,#6908,#6962,#7011,#7060,#7114,
    #7168,#7217,#7266,#7320,#7370,#7419,#7468,#7522,#7576,#7625,#7674,
    #7728,#7778,#7827,#7876,#7930,#7980,#8029,#8078,#8132,#8182,#8231,
    #8280,#8334,#8388,#8415,#8491,#8546,#8601,#8655,#8709,#8765,#8821,
    #8939,#9057,#9111,#9165,#9221,#9277,#9395,#9513,#9567,#9621,#9676,
    #9731,#9785,#9839,#9894,#9949,#10003,#10057,#10113,#10169,#10287,
    #10405,#10459,#10513,#10569,#10625,#10743,#10861,#10915,#10973,
    #11029,#11121,#11451,#11529,#11580,#11635,#11685,#11735,#11796,
    #11886,#11991,#12067,#12117,#12167,#12228,#12318,#12423,#12499,
    #12549,#12599,#12650,#12701,#12751,#12801,#12852,#12903,#12953,
    #13003,#13064,#13154,#13259,#13335,#13385,#13435,#13496,#13586,
    #13691,#13767,#13817,#13902,#13963,#14010,#14065,#14115,#14170,
    #14225,#14275,#14325,#14380,#14430,#14485,#14749,#14753,#14757,
    #14761,#14765,#14769,#14824,#14879,#14934,#14989,#15044,#15099,
    #15103,#15107,#15111,#15115,#15119));
#17 = ADVANCED_FACE('',(#18,#1667),#32,.T.);
#18 = FACE_BOUND('',#19,.T.);
#19 = EDGE_LOOP('',(#20,#55,#88,#116,#149,#232,#260,#293,#376,#404,#433,
    #461,#490,#518,#551,#634,#662,#695,#778,#806,#889,#922,#950,#1033,
    #1066,#1094,#1177,#1210,#1238,#1267,#1295,#1324,#1352,#1435,#1468,
    #1496,#1579,#1612,#1640));
#20 = ORIENTED_EDGE('',*,*,#21,.T.);
#21 = EDGE_CURVE('',#22,#24,#26,.T.);
#22 = VERTEX_POINT('',#23);
#23 = CARTESIAN_POINT('',(66.03125,13.715624999996,11.));
#24 = VERTEX_POINT('',#25);
#25 = CARTESIAN_POINT('',(66.03125,32.146874999956,11.));
#26 = SURFACE_CURVE('',#27,(#31,#43),.PCURVE_S1.);
#27 = LINE('',#28,#29);
#28 = CARTESIAN_POINT('',(66.03125,13.715624999996,11.));
#29 = VECTOR('',#30,1.);
#30 = DIRECTION('',(0.,1.,0.));
#31 = PCURVE('',#32,#37);
#32 = PLANE('',#33);
#33 = AXIS2_PLACEMENT_3D('',#34,#35,#36);
#34 = CARTESIAN_POINT('',(59.90379480473,50.52458888426,11.));
#35 = DIRECTION('',(0.,0.,1.));
#36 = DIRECTION('',(1.,0.,0.));
#37 = DEFINITIONAL_REPRESENTATION('',(#38),#42);
#38 = LINE('',#39,#40);
#39 = CARTESIAN_POINT('',(6.12745519527,-36.80896388426));
#40 = VECTOR('',#41,1.);
#41 = DIRECTION('',(0.,1.));
#42 = ( GEOMETRIC_REPRESENTATION_CONTEXT(2) 
PARAMETRIC_REPRESENTATION_CONTEXT() REPRESENTATION_CONTEXT('2D SPACE',''
  ) );
#43 = PCURVE('',#44,#49);
#44 = CYLINDRICAL_SURFACE('',#45,1.5);
#45 = AXIS2_PLACEMENT_3D('',#46,#47,#48);
#46 = CARTESIAN_POINT('',(66.03125,13.715624999996,9.5));
#47 = DIRECTION('',(0.,1.,0.));
#48 = DIRECTION('',(0.,0.,1.));
#49 = DEFINITIONAL_REPRESENTATION('',(#50),#54);
#50 = LINE('',#51,#52);
#51 = CARTESIAN_POINT('',(0.,0.));
#52 = VECTOR('',#53,1.);
#53 = DIRECTION('',(0.,1.));
#54 = ( GEOMETRIC_REPRESENTATION_CONTEXT(2) 
PARAMETRIC_REPRESENTATION_CONTEXT() REPRESENTATION_CONTEXT('2D SPACE',''
  ) );
#55 = ORIENTED_EDGE('',*,*,#56,.T.);
#56 = EDGE_CURVE('',#24,#57,#59,.T.);
#57 = VERTEX_POINT('',#58);
#58 = CARTESIAN_POINT('',(68.721875,34.837499999956,11.));
#59 = SURFACE_CURVE('',#60,(#65,#76),.PCURVE_S1.);
#60 = CIRCLE('',#61,2.690625);
#61 = AXIS2_PLACEMENT_3D('',#62,#63,#64);
#62 = CARTESIAN_POINT('',(68.721875,32.146874999956,11.));
#63 = DIRECTION('',(0.,0.,-1.));
#64 = DIRECTION('',(-1.,0.,0.));
#65 = PCURVE('',#32,#66);
#66 = DEFINITIONAL_REPRESENTATION('',(#67),#75);
#67 = ( BOUNDED_CURVE() B_SPLINE_CURVE(2,(#68,#69,#70,#71,#72,#73,#74),
.UNSPECIFIED.,.T.,.F.) B_SPLINE_CURVE_WITH_KNOTS((1,2,2,2,2,1),(
    -2.094395102393,0.,2.094395102393,4.188790204786,6.28318530718,
8.377580409573),.UNSPECIFIED.) CURVE() GEOMETRIC_REPRESENTATION_ITEM() 
RATIONAL_B_SPLINE_CURVE((1.,0.5,1.,0.5,1.,0.5,1.)) REPRESENTATION_ITEM(
  '') );
#68 = CARTESIAN_POINT('',(6.12745519527,-18.3777138843));
#69 = CARTESIAN_POINT('',(6.12745519527,-13.71741468018));
#70 = CARTESIAN_POINT('',(10.16339269527,-16.04756428224));
#71 = CARTESIAN_POINT('',(14.19933019527,-18.3777138843));
#72 = CARTESIAN_POINT('',(10.16339269527,-20.70786348636));
#73 = CARTESIAN_POINT('',(6.12745519527,-23.03801308841));
#74 = CARTESIAN_POINT('',(6.12745519527,-18.3777138843));
#75 = ( GEOMETRIC_REPRESENTATION_CONTEXT(2) 
PARAMETRIC_REPRESENTATION_CONTEXT() REPRESENTATION_CONTEXT('2D SPACE',''
  ) );
#76 = PCURVE('',#77,#82);
#77 = TOROIDAL_SURFACE('',#78,2.690625,1.5);
#78 = AXIS2_PLACEMENT_3D('',#79,#80,#81);
#79 = CARTESIAN_POINT('',(68.721875,32.146874999956,9.5));
#80 = DIRECTION('',(0.,0.,1.));
#81 = DIRECTION('',(-1.,0.,0.));
#82 = DEFINITIONAL_REPRESENTATION('',(#83),#87);
#83 = LINE('',#84,#85);
#84 = CARTESIAN_POINT('',(-0.,1.570796326795));
#85 = VECTOR('',#86,1.);
#86 = DIRECTION('',(-1.,0.));
#87 = ( GEOMETRIC_REPRESENTATION_CONTEXT(2) 
PARAMETRIC_REPRESENTATION_CONTEXT() REPRESENTATION_CONTEXT('2D SPACE',''
  ) );
#88 = ORIENTED_EDGE('',*,*,#89,.T.);
#89 = EDGE_CURVE('',#57,#90,#92,.T.);
#90 = VERTEX_POINT('',#91);
#91 = CARTESIAN_POINT('',(75.009375,34.837499999956,11.));
#92 = SURFACE_CURVE('',#93,(#97,#104),.PCURVE_S1.);
#93 = LINE('',#94,#95);
#94 = CARTESIAN_POINT('',(68.721875,34.837499999956,11.));
#95 = VECTOR('',#96,1.);
#96 = DIRECTION('',(1.,0.,0.));
#97 = PCURVE('',#32,#98);
#98 = DEFINITIONAL_REPRESENTATION('',(#99),#103);
#99 = LINE('',#100,#101);
#100 = CARTESIAN_POINT('',(8.81808019527,-15.6870888843));
#101 = VECTOR('',#102,1.);
#102 = DIRECTION('',(1.,0.));
#103 = ( GEOMETRIC_REPRESENTATION_CONTEXT(2) 
PARAMETRIC_REPRESENTATION_CONTEXT() REPRESENTATION_CONTEXT('2D SPACE',''
  ) );
#104 = PCURVE('',#105,#110);
#105 = CYLINDRICAL_SURFACE('',#106,1.5);
#106 = AXIS2_PLACEMENT_3D('',#107,#108,#109);
#107 = CARTESIAN_POINT('',(68.721875,34.837499999956,9.5));
#108 = DIRECTION('',(1.,0.,0.));
#109 = DIRECTION('',(0.,0.,1.));
#110 = DEFINITIONAL_REPRESENTATION('',(#111),#115);
#111 = LINE('',#112,#113);
#112 = CARTESIAN_POINT('',(0.,0.));
#113 = VECTOR('',#114,1.);
#114 = DIRECTION('',(0.,1.));
#115 = ( GEOMETRIC_REPRESENTATION_CONTEXT(2) 
PARAMETRIC_REPRESENTATION_CONTEXT() REPRESENTATION_CONTEXT('2D SPACE',''
  ) );
#116 = ORIENTED_EDGE('',*,*,#117,.T.);
#117 = EDGE_CURVE('',#90,#118,#120,.T.);
#118 = VERTEX_POINT('',#119);
#119 = CARTESIAN_POINT('',(77.68215445218,32.456249999962,11.));
#120 = SURFACE_CURVE('',#121,(#126,#137),.PCURVE_S1.);
#121 = CIRCLE('',#122,2.690625);
#122 = AXIS2_PLACEMENT_3D('',#123,#124,#125);
#123 = CARTESIAN_POINT('',(75.009375,32.146874999956,11.));
#124 = DIRECTION('',(0.,0.,-1.));
#125 = DIRECTION('',(0.,1.,0.));
#126 = PCURVE('',#32,#127);
#127 = DEFINITIONAL_REPRESENTATION('',(#128),#136);
#128 = ( BOUNDED_CURVE() B_SPLINE_CURVE(2,(#129,#130,#131,#132,#133,#134
,#135),.UNSPECIFIED.,.T.,.F.) B_SPLINE_CURVE_WITH_KNOTS((1,2,2,2,2,1),(
    -2.094395102393,0.,2.094395102393,4.188790204786,6.28318530718,
8.377580409573),.UNSPECIFIED.) CURVE() GEOMETRIC_REPRESENTATION_ITEM() 
RATIONAL_B_SPLINE_CURVE((1.,0.5,1.,0.5,1.,0.5,1.)) REPRESENTATION_ITEM(
  '') );
#129 = CARTESIAN_POINT('',(15.10558019527,-15.6870888843));
#130 = CARTESIAN_POINT('',(19.765879399385,-15.6870888843));
#131 = CARTESIAN_POINT('',(17.435729797328,-19.7230263843));
#132 = CARTESIAN_POINT('',(15.10558019527,-23.7589638843));
#133 = CARTESIAN_POINT('',(12.775430593213,-19.7230263843));
#134 = CARTESIAN_POINT('',(10.445280991155,-15.6870888843));
#135 = CARTESIAN_POINT('',(15.10558019527,-15.6870888843));
#136 = ( GEOMETRIC_REPRESENTATION_CONTEXT(2) 
PARAMETRIC_REPRESENTATION_CONTEXT() REPRESENTATION_CONTEXT('2D SPACE',''
  ) );
#137 = PCURVE('',#138,#143);
#138 = TOROIDAL_SURFACE('',#139,2.690625,1.5);
#139 = AXIS2_PLACEMENT_3D('',#140,#141,#142);
#140 = CARTESIAN_POINT('',(75.009375,32.146874999956,9.5));
#141 = DIRECTION('',(0.,0.,1.));
#142 = DIRECTION('',(0.,1.,0.));
#143 = DEFINITIONAL_REPRESENTATION('',(#144),#148);
#144 = LINE('',#145,#146);
#145 = CARTESIAN_POINT('',(-0.,1.570796326795));
#146 = VECTOR('',#147,1.);
#147 = DIRECTION('',(-1.,0.));
#148 = ( GEOMETRIC_REPRESENTATION_CONTEXT(2) 
PARAMETRIC_REPRESENTATION_CONTEXT() REPRESENTATION_CONTEXT('2D SPACE',''
  ) );
#149 = ORIENTED_EDGE('',*,*,#150,.T.);
#150 = EDGE_CURVE('',#118,#151,#153,.T.);
#151 = VERTEX_POINT('',#152);
#152 = CARTESIAN_POINT('',(80.354933922503,30.074999999967,11.));
#153 = SURFACE_CURVE('',#154,(#168,#185),.PCURVE_S1.);
#154 = ( BOUNDED_CURVE() B_SPLINE_CURVE(12,(#155,#156,#157,#158,#159,
    #160,#161,#162,#163,#164,#165,#166,#167),.UNSPECIFIED.,.F.,.F.) 
B_SPLINE_CURVE_WITH_KNOTS((13,13),(28.32200415027,34.421705519703),
.PIECEWISE_BEZIER_KNOTS.) CURVE() GEOMETRIC_REPRESENTATION_ITEM() 
RATIONAL_B_SPLINE_CURVE((1.,1.,1.,0.999999999999,1.000000000002,
    0.999999999996,1.000000000004,0.999999999996,1.000000000003,
0.999999999999,1.000000000001,1.,1.)) REPRESENTATION_ITEM('') );
#155 = CARTESIAN_POINT('',(77.682154450094,32.456250017983,11.));
#156 = CARTESIAN_POINT('',(77.717142082564,32.153981797654,11.));
#157 = CARTESIAN_POINT('',(77.790618788444,31.844771219954,11.));
#158 = CARTESIAN_POINT('',(77.907491372476,31.53532207099,11.));
#159 = CARTESIAN_POINT('',(78.064822512624,31.23724191683,
    10.999999999999));
#160 = CARTESIAN_POINT('',(78.276711493801,30.951321736851,
    11.000000000001));
#161 = CARTESIAN_POINT('',(78.511066725664,30.707028552302,
    10.999999999999));
#162 = CARTESIAN_POINT('',(78.799943985281,30.484570522452,
    11.000000000001));
#163 = CARTESIAN_POINT('',(79.096400850582,30.318969257548,11.));
#164 = CARTESIAN_POINT('',(79.415022868875,30.191782071122,11.));
#165 = CARTESIAN_POINT('',(79.73494428653,30.112603356188,11.));
#166 = CARTESIAN_POINT('',(80.050645672226,30.074999997915,11.));
#167 = CARTESIAN_POINT('',(80.354933922503,30.074999999967,11.));
#168 = PCURVE('',#32,#169);
#169 = DEFINITIONAL_REPRESENTATION('',(#170),#184);
#170 = ( BOUNDED_CURVE() B_SPLINE_CURVE(12,(#171,#172,#173,#174,#175,
    #176,#177,#178,#179,#180,#181,#182,#183),.UNSPECIFIED.,.F.,.F.) 
B_SPLINE_CURVE_WITH_KNOTS((13,13),(28.32200415027,34.421705519703),
.PIECEWISE_BEZIER_KNOTS.) CURVE() GEOMETRIC_REPRESENTATION_ITEM() 
RATIONAL_B_SPLINE_CURVE((1.,1.,1.,0.999999999999,1.000000000002,
    0.999999999996,1.000000000004,0.999999999996,1.000000000003,
0.999999999999,1.000000000001,1.,1.)) REPRESENTATION_ITEM('') );
#171 = CARTESIAN_POINT('',(17.778359645364,-18.06833886627));
#172 = CARTESIAN_POINT('',(17.813347277834,-18.3706070866));
#173 = CARTESIAN_POINT('',(17.886823983714,-18.6798176643));
#174 = CARTESIAN_POINT('',(18.003696567746,-18.98926681327));
#175 = CARTESIAN_POINT('',(18.161027707895,-19.28734696743));
#176 = CARTESIAN_POINT('',(18.372916689071,-19.5732671474));
#177 = CARTESIAN_POINT('',(18.607271920934,-19.81756033195));
#178 = CARTESIAN_POINT('',(18.896149180551,-20.0400183618));
#179 = CARTESIAN_POINT('',(19.192606045853,-20.20561962671));
#180 = CARTESIAN_POINT('',(19.511228064145,-20.33280681313));
#181 = CARTESIAN_POINT('',(19.8311494818,-20.41198552807));
#182 = CARTESIAN_POINT('',(20.146850867496,-20.44958888634));
#183 = CARTESIAN_POINT('',(20.451139117773,-20.44958888429));
#184 = ( GEOMETRIC_REPRESENTATION_CONTEXT(2) 
PARAMETRIC_REPRESENTATION_CONTEXT() REPRESENTATION_CONTEXT('2D SPACE',''
  ) );
#185 = PCURVE('',#186,#226);
#186 = ( BOUNDED_SURFACE() B_SPLINE_SURFACE(2,12,(
    (#187,#188,#189,#190,#191,#192,#193,#194,#195,#196,#197,#198,#199)
    ,(#200,#201,#202,#203,#204,#205,#206,#207,#208,#209,#210,#211,#212)
    ,(#213,#214,#215,#216,#217,#218,#219,#220,#221,#222,#223,#224,#225
)),.UNSPECIFIED.,.F.,.F.,.F.) B_SPLINE_SURFACE_WITH_KNOTS((3,3),(13,13),
  (0.,6.099701369433),(28.32200415027,34.421705519703),
.PIECEWISE_BEZIER_KNOTS.) GEOMETRIC_REPRESENTATION_ITEM() 
RATIONAL_B_SPLINE_SURFACE((
    (1.,1.,1.,0.999999999999,1.000000000002,0.999999999996
      ,1.000000000004,0.999999999996,1.000000000003,0.999999999999
      ,1.000000000001,1.,1.)
    ,(0.707106781187,0.707106781187,0.707106781187,0.707106781186
      ,0.707106781187,0.707106781185,0.707106781188,0.707106781185
      ,0.707106781188,0.707106781186,0.707106781187,0.707106781186
      ,0.707106781187)
    ,(1.,1.,1.,0.999999999999,1.000000000002,0.999999999996
      ,1.000000000004,0.999999999996,1.000000000003,0.999999999999
,1.000000000001,1.,1.))) REPRESENTATION_ITEM('') SURFACE() );
#187 = CARTESIAN_POINT('',(77.682154450094,32.456250017983,11.));
#188 = CARTESIAN_POINT('',(77.717142082564,32.153981797654,11.));
#189 = CARTESIAN_POINT('',(77.790618788444,31.844771219954,11.));
#190 = CARTESIAN_POINT('',(77.907491372476,31.53532207099,11.));
#191 = CARTESIAN_POINT('',(78.064822512624,31.23724191683,
    10.999999999999));
#192 = CARTESIAN_POINT('',(78.276711493801,30.951321736851,
    11.000000000001));
#193 = CARTESIAN_POINT('',(78.511066725664,30.707028552302,
    10.999999999999));
#194 = CARTESIAN_POINT('',(78.799943985281,30.484570522452,
    11.000000000001));
#195 = CARTESIAN_POINT('',(79.096400850582,30.318969257548,11.));
#196 = CARTESIAN_POINT('',(79.415022868875,30.191782071122,11.));
#197 = CARTESIAN_POINT('',(79.73494428653,30.112603356188,11.));
#198 = CARTESIAN_POINT('',(80.050645672226,30.074999997915,11.));
#199 = CARTESIAN_POINT('',(80.354933922503,30.074999999967,11.));
#200 = CARTESIAN_POINT('',(76.192103189641,32.283776132363,11.));
#201 = CARTESIAN_POINT('',(76.246595900954,31.812997953487,11.));
#202 = CARTESIAN_POINT('',(76.361200541164,31.331313161875,11.));
#203 = CARTESIAN_POINT('',(76.541968663837,30.850187649311,11.));
#204 = CARTESIAN_POINT('',(76.791556552249,30.382536278086,11.));
#205 = CARTESIAN_POINT('',(77.111686226967,29.945108366216,
    10.999999999999));
#206 = CARTESIAN_POINT('',(77.490586864571,29.552989129002,
    11.000000000001));
#207 = CARTESIAN_POINT('',(77.927812698318,29.217765512224,
    10.999999999999));
#208 = CARTESIAN_POINT('',(78.396763927749,28.952732240696,11.));
#209 = CARTESIAN_POINT('',(78.890751390078,28.7574737441,11.));
#210 = CARTESIAN_POINT('',(79.389294179325,28.633495720872,11.));
#211 = CARTESIAN_POINT('',(79.881006932381,28.574999999967,11.));
#212 = CARTESIAN_POINT('',(80.35493390436,28.574999999967,11.));
#213 = CARTESIAN_POINT('',(76.192103189641,32.283776132363,9.5));
#214 = CARTESIAN_POINT('',(76.246595900954,31.812997953487,9.5));
#215 = CARTESIAN_POINT('',(76.361200541165,31.331313161875,9.5));
#216 = CARTESIAN_POINT('',(76.541968663834,30.850187649311,
    9.499999999999));
#217 = CARTESIAN_POINT('',(76.791556552252,30.382536278085,
    9.500000000001));
#218 = CARTESIAN_POINT('',(77.111686226964,29.945108366216,
    9.499999999999));
#219 = CARTESIAN_POINT('',(77.490586864573,29.552989129002,
    9.500000000002));
#220 = CARTESIAN_POINT('',(77.927812698318,29.217765512223,
    9.499999999999));
#221 = CARTESIAN_POINT('',(78.396763927748,28.952732240697,
    9.500000000001));
#222 = CARTESIAN_POINT('',(78.890751390078,28.757473744099,9.5));
#223 = CARTESIAN_POINT('',(79.389294179325,28.633495720872,9.5));
#224 = CARTESIAN_POINT('',(79.881006932381,28.574999999967,9.5));
#225 = CARTESIAN_POINT('',(80.35493390436,28.574999999967,9.5));
#226 = DEFINITIONAL_REPRESENTATION('',(#227),#231);
#227 = LINE('',#228,#229);
#228 = CARTESIAN_POINT('',(0.,0.));
#229 = VECTOR('',#230,1.);
#230 = DIRECTION('',(0.,1.));
#231 = ( GEOMETRIC_REPRESENTATION_CONTEXT(2) 
PARAMETRIC_REPRESENTATION_CONTEXT() REPRESENTATION_CONTEXT('2D SPACE',''
  ) );
#232 = ORIENTED_EDGE('',*,*,#233,.T.);
#233 = EDGE_CURVE('',#151,#234,#236,.T.);
#234 = VERTEX_POINT('',#235);
#235 = CARTESIAN_POINT('',(94.059375,30.074999999967,11.));
#236 = SURFACE_CURVE('',#237,(#241,#248),.PCURVE_S1.);
#237 = LINE('',#238,#239);
#238 = CARTESIAN_POINT('',(80.35493390436,30.074999999967,11.));
#239 = VECTOR('',#240,1.);
#240 = DIRECTION('',(1.,0.,0.));
#241 = PCURVE('',#32,#242);
#242 = DEFINITIONAL_REPRESENTATION('',(#243),#247);
#243 = LINE('',#244,#245);
#244 = CARTESIAN_POINT('',(20.451139099631,-20.44958888429));
#245 = VECTOR('',#246,1.);
#246 = DIRECTION('',(1.,0.));
#247 = ( GEOMETRIC_REPRESENTATION_CONTEXT(2) 
PARAMETRIC_REPRESENTATION_CONTEXT() REPRESENTATION_CONTEXT('2D SPACE',''
  ) );
#248 = PCURVE('',#249,#254);
#249 = CYLINDRICAL_SURFACE('',#250,1.5);
#250 = AXIS2_PLACEMENT_3D('',#251,#252,#253);
#251 = CARTESIAN_POINT('',(80.35493390436,30.074999999967,9.5));
#252 = DIRECTION('',(1.,0.,0.));
#253 = DIRECTION('',(0.,0.,1.));
#254 = DEFINITIONAL_REPRESENTATION('',(#255),#259);
#255 = LINE('',#256,#257);
#256 = CARTESIAN_POINT('',(0.,0.));
#257 = VECTOR('',#258,1.);
#258 = DIRECTION('',(0.,1.));
#259 = ( GEOMETRIC_REPRESENTATION_CONTEXT(2) 
PARAMETRIC_REPRESENTATION_CONTEXT() REPRESENTATION_CONTEXT('2D SPACE',''
  ) );
#260 = ORIENTED_EDGE('',*,*,#261,.T.);
#261 = EDGE_CURVE('',#234,#262,#264,.T.);
#262 = VERTEX_POINT('',#263);
#263 = CARTESIAN_POINT('',(96.732154452179,27.693749999981,11.));
#264 = SURFACE_CURVE('',#265,(#270,#281),.PCURVE_S1.);
#265 = CIRCLE('',#266,2.690625);
#266 = AXIS2_PLACEMENT_3D('',#267,#268,#269);
#267 = CARTESIAN_POINT('',(94.059375,27.384374999967,11.));
#268 = DIRECTION('',(0.,0.,-1.));
#269 = DIRECTION('',(0.,1.,0.));
#270 = PCURVE('',#32,#271);
#271 = DEFINITIONAL_REPRESENTATION('',(#272),#280);
#272 = ( BOUNDED_CURVE() B_SPLINE_CURVE(2,(#273,#274,#275,#276,#277,#278
,#279),.UNSPECIFIED.,.T.,.F.) B_SPLINE_CURVE_WITH_KNOTS((1,2,2,2,2,1),(
    -2.094395102393,0.,2.094395102393,4.188790204786,6.28318530718,
8.377580409573),.UNSPECIFIED.) CURVE() GEOMETRIC_REPRESENTATION_ITEM() 
RATIONAL_B_SPLINE_CURVE((1.,0.5,1.,0.5,1.,0.5,1.)) REPRESENTATION_ITEM(
  '') );
#273 = CARTESIAN_POINT('',(34.15558019527,-20.44958888429));
#274 = CARTESIAN_POINT('',(38.815879399385,-20.44958888429));
#275 = CARTESIAN_POINT('',(36.485729797328,-24.48552638429));
#276 = CARTESIAN_POINT('',(34.15558019527,-28.52146388429));
#277 = CARTESIAN_POINT('',(31.825430593213,-24.48552638429));
#278 = CARTESIAN_POINT('',(29.495280991155,-20.44958888429));
#279 = CARTESIAN_POINT('',(34.15558019527,-20.44958888429));
#280 = ( GEOMETRIC_REPRESENTATION_CONTEXT(2) 
PARAMETRIC_REPRESENTATION_CONTEXT() REPRESENTATION_CONTEXT('2D SPACE',''
  ) );
#281 = PCURVE('',#282,#287);
#282 = TOROIDAL_SURFACE('',#283,2.690625,1.5);
#283 = AXIS2_PLACEMENT_3D('',#284,#285,#286);
#284 = CARTESIAN_POINT('',(94.059375,27.384374999967,9.5));
#285 = DIRECTION('',(0.,0.,1.));
#286 = DIRECTION('',(0.,1.,0.));
#287 = DEFINITIONAL_REPRESENTATION('',(#288),#292);
#288 = LINE('',#289,#290);
#289 = CARTESIAN_POINT('',(-0.,1.570796326795));
#290 = VECTOR('',#291,1.);
#291 = DIRECTION('',(-1.,0.));
#292 = ( GEOMETRIC_REPRESENTATION_CONTEXT(2) 
PARAMETRIC_REPRESENTATION_CONTEXT() REPRESENTATION_CONTEXT('2D SPACE',''
  ) );
#293 = ORIENTED_EDGE('',*,*,#294,.T.);
#294 = EDGE_CURVE('',#262,#295,#297,.T.);
#295 = VERTEX_POINT('',#296);
#296 = CARTESIAN_POINT('',(99.404933922501,25.312499999995,11.));
#297 = SURFACE_CURVE('',#298,(#312,#329),.PCURVE_S1.);
#298 = ( BOUNDED_CURVE() B_SPLINE_CURVE(12,(#299,#300,#301,#302,#303,
    #304,#305,#306,#307,#308,#309,#310,#311),.UNSPECIFIED.,.F.,.F.) 
B_SPLINE_CURVE_WITH_KNOTS((13,13),(49.859171389058,55.958872758477),
.PIECEWISE_BEZIER_KNOTS.) CURVE() GEOMETRIC_REPRESENTATION_ITEM() 
RATIONAL_B_SPLINE_CURVE((1.,1.,1.,1.,1.000000000001,0.999999999999,
    1.000000000001,0.999999999999,1.000000000001,1.,1.,1.,1.)) 
REPRESENTATION_ITEM('') );
#299 = CARTESIAN_POINT('',(96.732154450093,27.693750018003,11.));
#300 = CARTESIAN_POINT('',(96.767142082564,27.391481797672,11.));
#301 = CARTESIAN_POINT('',(96.840618788441,27.082271219982,11.));
#302 = CARTESIAN_POINT('',(96.9574913725,26.772822070999,11.000000000001
    ));
#303 = CARTESIAN_POINT('',(97.114822512541,26.474741916848,
    10.999999999999));
#304 = CARTESIAN_POINT('',(97.326711494039,26.188821736877,
    11.000000000001));
#305 = CARTESIAN_POINT('',(97.561066725241,25.944528552377,
    10.999999999998));
#306 = CARTESIAN_POINT('',(97.849943985775,25.722070522376,
    11.000000000001));
#307 = CARTESIAN_POINT('',(98.146400850232,25.556469257659,
    10.999999999999));
#308 = CARTESIAN_POINT('',(98.46502286903,25.429282071114,11.));
#309 = CARTESIAN_POINT('',(98.784944286493,25.350103356222,11.));
#310 = CARTESIAN_POINT('',(99.100645672227,25.312499997943,11.));
#311 = CARTESIAN_POINT('',(99.404933922501,25.312499999995,11.));
#312 = PCURVE('',#32,#313);
#313 = DEFINITIONAL_REPRESENTATION('',(#314),#328);
#314 = ( BOUNDED_CURVE() B_SPLINE_CURVE(12,(#315,#316,#317,#318,#319,
    #320,#321,#322,#323,#324,#325,#326,#327),.UNSPECIFIED.,.F.,.F.) 
B_SPLINE_CURVE_WITH_KNOTS((13,13),(49.859171389058,55.958872758477),
.PIECEWISE_BEZIER_KNOTS.) CURVE() GEOMETRIC_REPRESENTATION_ITEM() 
RATIONAL_B_SPLINE_CURVE((1.,1.,1.,1.,1.000000000001,0.999999999999,
    1.000000000001,0.999999999999,1.000000000001,1.,1.,1.,1.)) 
REPRESENTATION_ITEM('') );
#315 = CARTESIAN_POINT('',(36.828359645363,-22.83083886625));
#316 = CARTESIAN_POINT('',(36.863347277834,-23.13310708658));
#317 = CARTESIAN_POINT('',(36.936823983711,-23.44231766427));
#318 = CARTESIAN_POINT('',(37.05369656777,-23.75176681326));
#319 = CARTESIAN_POINT('',(37.211027707811,-24.04984696741));
#320 = CARTESIAN_POINT('',(37.422916689309,-24.33576714738));
#321 = CARTESIAN_POINT('',(37.657271920511,-24.58006033188));
#322 = CARTESIAN_POINT('',(37.946149181045,-24.80251836188));
#323 = CARTESIAN_POINT('',(38.242606045502,-24.9681196266));
#324 = CARTESIAN_POINT('',(38.5612280643,-25.09530681314));
#325 = CARTESIAN_POINT('',(38.881149481764,-25.17448552803));
#326 = CARTESIAN_POINT('',(39.196850867497,-25.21208888631));
#327 = CARTESIAN_POINT('',(39.501139117771,-25.21208888426));
#328 = ( GEOMETRIC_REPRESENTATION_CONTEXT(2) 
PARAMETRIC_REPRESENTATION_CONTEXT() REPRESENTATION_CONTEXT('2D SPACE',''
  ) );
#329 = PCURVE('',#330,#370);
#330 = ( BOUNDED_SURFACE() B_SPLINE_SURFACE(2,12,(
    (#331,#332,#333,#334,#335,#336,#337,#338,#339,#340,#341,#342,#343)
    ,(#344,#345,#346,#347,#348,#349,#350,#351,#352,#353,#354,#355,#356)
    ,(#357,#358,#359,#360,#361,#362,#363,#364,#365,#366,#367,#368,#369
)),.UNSPECIFIED.,.F.,.F.,.F.) B_SPLINE_SURFACE_WITH_KNOTS((3,3),(13,13),
  (0.,6.099701369419),(49.859171389058,55.958872758477),
.PIECEWISE_BEZIER_KNOTS.) GEOMETRIC_REPRESENTATION_ITEM() 
RATIONAL_B_SPLINE_SURFACE((
    (1.,1.,1.,1.,1.000000000001,0.999999999999,1.000000000001
      ,0.999999999999,1.000000000001,1.,1.,1.,1.)
    ,(0.707106781187,0.707106781187,0.707106781187,0.707106781186
      ,0.707106781187,0.707106781186,0.707106781187,0.707106781186
      ,0.707106781187,0.707106781186,0.707106781187,0.707106781187
      ,0.707106781187)
    ,(1.,1.,1.,1.,1.000000000001,0.999999999999,1.000000000001
,0.999999999999,1.000000000001,1.,1.,1.,1.
))) REPRESENTATION_ITEM('') SURFACE() );
#331 = CARTESIAN_POINT('',(96.732154450093,27.693750018003,11.));
#332 = CARTESIAN_POINT('',(96.767142082564,27.391481797672,11.));
#333 = CARTESIAN_POINT('',(96.840618788441,27.082271219982,11.));
#334 = CARTESIAN_POINT('',(96.9574913725,26.772822070999,11.000000000001
    ));
#335 = CARTESIAN_POINT('',(97.114822512541,26.474741916848,
    10.999999999999));
#336 = CARTESIAN_POINT('',(97.326711494039,26.188821736877,
    11.000000000001));
#337 = CARTESIAN_POINT('',(97.561066725241,25.944528552377,
    10.999999999998));
#338 = CARTESIAN_POINT('',(97.849943985775,25.722070522376,
    11.000000000001));
#339 = CARTESIAN_POINT('',(98.146400850232,25.556469257659,
    10.999999999999));
#340 = CARTESIAN_POINT('',(98.46502286903,25.429282071114,11.));
#341 = CARTESIAN_POINT('',(98.784944286493,25.350103356222,11.));
#342 = CARTESIAN_POINT('',(99.100645672227,25.312499997943,11.));
#343 = CARTESIAN_POINT('',(99.404933922501,25.312499999995,11.));
#344 = CARTESIAN_POINT('',(95.24210318964,27.521276132377,11.));
#345 = CARTESIAN_POINT('',(95.296595900955,27.050497953501,11.));
#346 = CARTESIAN_POINT('',(95.411200541166,26.56881316189,11.));
#347 = CARTESIAN_POINT('',(95.591968663844,26.087687649334,11.));
#348 = CARTESIAN_POINT('',(95.841556552233,25.620036278087,11.));
#349 = CARTESIAN_POINT('',(96.161686227037,25.182608366259,11.));
#350 = CARTESIAN_POINT('',(96.540586864451,24.790489129017,11.));
#351 = CARTESIAN_POINT('',(96.977812698474,24.455265512233,11.));
#352 = CARTESIAN_POINT('',(97.446763927639,24.190232240738,11.));
#353 = CARTESIAN_POINT('',(97.940751390134,23.994973744118,11.));
#354 = CARTESIAN_POINT('',(98.439294179314,23.870995720901,11.));
#355 = CARTESIAN_POINT('',(98.931006932382,23.812499999995,11.));
#356 = CARTESIAN_POINT('',(99.404933904358,23.812499999995,11.));
#357 = CARTESIAN_POINT('',(95.24210318964,27.521276132377,9.5));
#358 = CARTESIAN_POINT('',(95.296595900955,27.050497953501,9.5));
#359 = CARTESIAN_POINT('',(95.411200541166,26.56881316189,9.5));
#360 = CARTESIAN_POINT('',(95.591968663844,26.087687649333,9.5));
#361 = CARTESIAN_POINT('',(95.841556552233,25.620036278089,9.5));
#362 = CARTESIAN_POINT('',(96.161686227036,25.182608366256,
    9.499999999999));
#363 = CARTESIAN_POINT('',(96.540586864454,24.790489129021,
    9.500000000001));
#364 = CARTESIAN_POINT('',(96.97781269847,24.45526551223,9.499999999999)
  );
#365 = CARTESIAN_POINT('',(97.446763927642,24.19023224074,9.500000000001
    ));
#366 = CARTESIAN_POINT('',(97.940751390133,23.994973744117,9.5));
#367 = CARTESIAN_POINT('',(98.439294179314,23.870995720902,9.5));
#368 = CARTESIAN_POINT('',(98.931006932382,23.812499999995,9.5));
#369 = CARTESIAN_POINT('',(99.404933904358,23.812499999995,9.5));
#370 = DEFINITIONAL_REPRESENTATION('',(#371),#375);
#371 = LINE('',#372,#373);
#372 = CARTESIAN_POINT('',(0.,0.));
#373 = VECTOR('',#374,1.);
#374 = DIRECTION('',(0.,1.));
#375 = ( GEOMETRIC_REPRESENTATION_CONTEXT(2) 
PARAMETRIC_REPRESENTATION_CONTEXT() REPRESENTATION_CONTEXT('2D SPACE',''
  ) );
#376 = ORIENTED_EDGE('',*,*,#377,.T.);
#377 = EDGE_CURVE('',#295,#378,#380,.T.);
#378 = VERTEX_POINT('',#379);
#379 = CARTESIAN_POINT('',(120.490625,25.312499999995,11.));
#380 = SURFACE_CURVE('',#381,(#385,#392),.PCURVE_S1.);
#381 = LINE('',#382,#383);
#382 = CARTESIAN_POINT('',(99.404933904358,25.312499999995,11.));
#383 = VECTOR('',#384,1.);
#384 = DIRECTION('',(1.,0.,0.));
#385 = PCURVE('',#32,#386);
#386 = DEFINITIONAL_REPRESENTATION('',(#387),#391);
#387 = LINE('',#388,#389);
#388 = CARTESIAN_POINT('',(39.501139099629,-25.21208888426));
#389 = VECTOR('',#390,1.);
#390 = DIRECTION('',(1.,0.));
#391 = ( GEOMETRIC_REPRESENTATION_CONTEXT(2) 
PARAMETRIC_REPRESENTATION_CONTEXT() REPRESENTATION_CONTEXT('2D SPACE',''
  ) );
#392 = PCURVE('',#393,#398);
#393 = CYLINDRICAL_SURFACE('',#394,1.5);
#394 = AXIS2_PLACEMENT_3D('',#395,#396,#397);
#395 = CARTESIAN_POINT('',(99.404933904358,25.312499999995,9.5));
#396 = DIRECTION('',(1.,0.,0.));
#397 = DIRECTION('',(0.,0.,1.));
#398 = DEFINITIONAL_REPRESENTATION('',(#399),#403);
#399 = LINE('',#400,#401);
#400 = CARTESIAN_POINT('',(0.,0.));
#401 = VECTOR('',#402,1.);
#402 = DIRECTION('',(0.,1.));
#403 = ( GEOMETRIC_REPRESENTATION_CONTEXT(2) 
PARAMETRIC_REPRESENTATION_CONTEXT() REPRESENTATION_CONTEXT('2D SPACE',''
  ) );
#404 = ORIENTED_EDGE('',*,*,#405,.T.);
#405 = EDGE_CURVE('',#378,#406,#408,.T.);
#406 = VERTEX_POINT('',#407);
#407 = CARTESIAN_POINT('',(123.18125,28.003124999995,11.));
#408 = SURFACE_CURVE('',#409,(#414,#421),.PCURVE_S1.);
#409 = CIRCLE('',#410,2.690625);
#410 = AXIS2_PLACEMENT_3D('',#411,#412,#413);
#411 = CARTESIAN_POINT('',(120.490625,28.003124999995,11.));
#412 = DIRECTION('',(-0.,0.,1.));
#413 = DIRECTION('',(0.,-1.,0.));
#414 = PCURVE('',#32,#415);
#415 = DEFINITIONAL_REPRESENTATION('',(#416),#420);
#416 = CIRCLE('',#417,2.690625);
#417 = AXIS2_PLACEMENT_2D('',#418,#419);
#418 = CARTESIAN_POINT('',(60.58683019527,-22.52146388426));
#419 = DIRECTION('',(0.,-1.));
#420 = ( GEOMETRIC_REPRESENTATION_CONTEXT(2) 
PARAMETRIC_REPRESENTATION_CONTEXT() REPRESENTATION_CONTEXT('2D SPACE',''
  ) );
#421 = PCURVE('',#422,#427);
#422 = TOROIDAL_SURFACE('',#423,2.690625,1.5);
#423 = AXIS2_PLACEMENT_3D('',#424,#425,#426);
#424 = CARTESIAN_POINT('',(120.490625,28.003124999995,9.5));
#425 = DIRECTION('',(-0.,-0.,-1.));
#426 = DIRECTION('',(0.,-1.,0.));
#427 = DEFINITIONAL_REPRESENTATION('',(#428),#432);
#428 = LINE('',#429,#430);
#429 = CARTESIAN_POINT('',(-0.,4.712388980385));
#430 = VECTOR('',#431,1.);
#431 = DIRECTION('',(-1.,0.));
#432 = ( GEOMETRIC_REPRESENTATION_CONTEXT(2) 
PARAMETRIC_REPRESENTATION_CONTEXT() REPRESENTATION_CONTEXT('2D SPACE',''
  ) );
#433 = ORIENTED_EDGE('',*,*,#434,.T.);
#434 = EDGE_CURVE('',#406,#435,#437,.T.);
#435 = VERTEX_POINT('',#436);
#436 = CARTESIAN_POINT('',(123.18125,84.771874999995,11.));
#437 = SURFACE_CURVE('',#438,(#442,#449),.PCURVE_S1.);
#438 = LINE('',#439,#440);
#439 = CARTESIAN_POINT('',(123.18125,28.003124999995,11.));
#440 = VECTOR('',#441,1.);
#441 = DIRECTION('',(0.,1.,0.));
#442 = PCURVE('',#32,#443);
#443 = DEFINITIONAL_REPRESENTATION('',(#444),#448);
#444 = LINE('',#445,#446);
#445 = CARTESIAN_POINT('',(63.27745519527,-22.52146388426));
#446 = VECTOR('',#447,1.);
#447 = DIRECTION('',(0.,1.));
#448 = ( GEOMETRIC_REPRESENTATION_CONTEXT(2) 
PARAMETRIC_REPRESENTATION_CONTEXT() REPRESENTATION_CONTEXT('2D SPACE',''
  ) );
#449 = PCURVE('',#450,#455);
#450 = CYLINDRICAL_SURFACE('',#451,1.5);
#451 = AXIS2_PLACEMENT_3D('',#452,#453,#454);
#452 = CARTESIAN_POINT('',(123.18125,28.003124999995,9.5));
#453 = DIRECTION('',(0.,1.,0.));
#454 = DIRECTION('',(0.,0.,1.));
#455 = DEFINITIONAL_REPRESENTATION('',(#456),#460);
#456 = LINE('',#457,#458);
#457 = CARTESIAN_POINT('',(0.,0.));
#458 = VECTOR('',#459,1.);
#459 = DIRECTION('',(0.,1.));
#460 = ( GEOMETRIC_REPRESENTATION_CONTEXT(2) 
PARAMETRIC_REPRESENTATION_CONTEXT() REPRESENTATION_CONTEXT('2D SPACE',''
  ) );
#461 = ORIENTED_EDGE('',*,*,#462,.T.);
#462 = EDGE_CURVE('',#435,#463,#465,.T.);
#463 = VERTEX_POINT('',#464);
#464 = CARTESIAN_POINT('',(120.490625,87.462499999995,11.));
#465 = SURFACE_CURVE('',#466,(#471,#478),.PCURVE_S1.);
#466 = CIRCLE('',#467,2.690625);
#467 = AXIS2_PLACEMENT_3D('',#468,#469,#470);
#468 = CARTESIAN_POINT('',(120.490625,84.771874999995,11.));
#469 = DIRECTION('',(0.,0.,1.));
#470 = DIRECTION('',(1.,0.,0.));
#471 = PCURVE('',#32,#472);
#472 = DEFINITIONAL_REPRESENTATION('',(#473),#477);
#473 = CIRCLE('',#474,2.690625);
#474 = AXIS2_PLACEMENT_2D('',#475,#476);
#475 = CARTESIAN_POINT('',(60.58683019527,34.247286115734));
#476 = DIRECTION('',(1.,0.));
#477 = ( GEOMETRIC_REPRESENTATION_CONTEXT(2) 
PARAMETRIC_REPRESENTATION_CONTEXT() REPRESENTATION_CONTEXT('2D SPACE',''
  ) );
#478 = PCURVE('',#479,#484);
#479 = TOROIDAL_SURFACE('',#480,2.690625,1.5);
#480 = AXIS2_PLACEMENT_3D('',#481,#482,#483);
#481 = CARTESIAN_POINT('',(120.490625,84.771874999995,9.5));
#482 = DIRECTION('',(-0.,-0.,-1.));
#483 = DIRECTION('',(1.,0.,0.));
#484 = DEFINITIONAL_REPRESENTATION('',(#485),#489);
#485 = LINE('',#486,#487);
#486 = CARTESIAN_POINT('',(-0.,4.712388980385));
#487 = VECTOR('',#488,1.);
#488 = DIRECTION('',(-1.,0.));
#489 = ( GEOMETRIC_REPRESENTATION_CONTEXT(2) 
PARAMETRIC_REPRESENTATION_CONTEXT() REPRESENTATION_CONTEXT('2D SPACE',''
  ) );
#490 = ORIENTED_EDGE('',*,*,#491,.T.);
#491 = EDGE_CURVE('',#463,#492,#494,.T.);
#492 = VERTEX_POINT('',#493);
#493 = CARTESIAN_POINT('',(104.440625,87.462499999995,11.));
#494 = SURFACE_CURVE('',#495,(#499,#506),.PCURVE_S1.);
#495 = LINE('',#496,#497);
#496 = CARTESIAN_POINT('',(120.490625,87.462499999995,11.));
#497 = VECTOR('',#498,1.);
#498 = DIRECTION('',(-1.,0.,0.));
#499 = PCURVE('',#32,#500);
#500 = DEFINITIONAL_REPRESENTATION('',(#501),#505);
#501 = LINE('',#502,#503);
#502 = CARTESIAN_POINT('',(60.58683019527,36.937911115734));
#503 = VECTOR('',#504,1.);
#504 = DIRECTION('',(-1.,0.));
#505 = ( GEOMETRIC_REPRESENTATION_CONTEXT(2) 
PARAMETRIC_REPRESENTATION_CONTEXT() REPRESENTATION_CONTEXT('2D SPACE',''
  ) );
#506 = PCURVE('',#507,#512);
#507 = CYLINDRICAL_SURFACE('',#508,1.5);
#508 = AXIS2_PLACEMENT_3D('',#509,#510,#511);
#509 = CARTESIAN_POINT('',(120.490625,87.462499999995,9.5));
#510 = DIRECTION('',(-1.,0.,0.));
#511 = DIRECTION('',(0.,0.,1.));
#512 = DEFINITIONAL_REPRESENTATION('',(#513),#517);
#513 = LINE('',#514,#515);
#514 = CARTESIAN_POINT('',(0.,0.));
#515 = VECTOR('',#516,1.);
#516 = DIRECTION('',(0.,1.));
#517 = ( GEOMETRIC_REPRESENTATION_CONTEXT(2) 
PARAMETRIC_REPRESENTATION_CONTEXT() REPRESENTATION_CONTEXT('2D SPACE',''
  ) );
#518 = ORIENTED_EDGE('',*,*,#519,.T.);
#519 = EDGE_CURVE('',#492,#520,#522,.T.);
#520 = VERTEX_POINT('',#521);
#521 = CARTESIAN_POINT('',(101.76784554781,89.843749999995,11.));
#522 = SURFACE_CURVE('',#523,(#528,#539),.PCURVE_S1.);
#523 = CIRCLE('',#524,2.690625);
#524 = AXIS2_PLACEMENT_3D('',#525,#526,#527);
#525 = CARTESIAN_POINT('',(104.440625,90.153124999995,11.));
#526 = DIRECTION('',(-0.,-0.,-1.));
#527 = DIRECTION('',(0.,-1.,0.));
#528 = PCURVE('',#32,#529);
#529 = DEFINITIONAL_REPRESENTATION('',(#530),#538);
#530 = ( BOUNDED_CURVE() B_SPLINE_CURVE(2,(#531,#532,#533,#534,#535,#536
,#537),.UNSPECIFIED.,.T.,.F.) B_SPLINE_CURVE_WITH_KNOTS((1,2,2,2,2,1),(
    -2.094395102393,0.,2.094395102393,4.188790204786,6.28318530718,
8.377580409573),.UNSPECIFIED.) CURVE() GEOMETRIC_REPRESENTATION_ITEM() 
RATIONAL_B_SPLINE_CURVE((1.,0.5,1.,0.5,1.,0.5,1.)) REPRESENTATION_ITEM(
  '') );
#531 = CARTESIAN_POINT('',(44.53683019527,36.937911115734));
#532 = CARTESIAN_POINT('',(39.876530991155,36.937911115734));
#533 = CARTESIAN_POINT('',(42.206680593213,40.973848615734));
#534 = CARTESIAN_POINT('',(44.53683019527,45.009786115734));
#535 = CARTESIAN_POINT('',(46.866979797328,40.973848615734));
#536 = CARTESIAN_POINT('',(49.197129399385,36.937911115734));
#537 = CARTESIAN_POINT('',(44.53683019527,36.937911115734));
#538 = ( GEOMETRIC_REPRESENTATION_CONTEXT(2) 
PARAMETRIC_REPRESENTATION_CONTEXT() REPRESENTATION_CONTEXT('2D SPACE',''
  ) );
#539 = PCURVE('',#540,#545);
#540 = TOROIDAL_SURFACE('',#541,2.690625,1.5);
#541 = AXIS2_PLACEMENT_3D('',#542,#543,#544);
#542 = CARTESIAN_POINT('',(104.440625,90.153124999995,9.5));
#543 = DIRECTION('',(0.,0.,1.));
#544 = DIRECTION('',(0.,-1.,0.));
#545 = DEFINITIONAL_REPRESENTATION('',(#546),#550);
#546 = LINE('',#547,#548);
#547 = CARTESIAN_POINT('',(-0.,1.570796326795));
#548 = VECTOR('',#549,1.);
#549 = DIRECTION('',(-1.,0.));
#550 = ( GEOMETRIC_REPRESENTATION_CONTEXT(2) 
PARAMETRIC_REPRESENTATION_CONTEXT() REPRESENTATION_CONTEXT('2D SPACE',''
  ) );
#551 = ORIENTED_EDGE('',*,*,#552,.T.);
#552 = EDGE_CURVE('',#520,#553,#555,.T.);
#553 = VERTEX_POINT('',#554);
#554 = CARTESIAN_POINT('',(99.095066077496,92.224999999995,11.));
#555 = SURFACE_CURVE('',#556,(#570,#587),.PCURVE_S1.);
#556 = ( BOUNDED_CURVE() B_SPLINE_CURVE(12,(#557,#558,#559,#560,#561,
    #562,#563,#564,#565,#566,#567,#568,#569),.UNSPECIFIED.,.F.,.F.) 
B_SPLINE_CURVE_WITH_KNOTS((13,13),(164.76157534179,170.86127671123),
.PIECEWISE_BEZIER_KNOTS.) CURVE() GEOMETRIC_REPRESENTATION_ITEM() 
RATIONAL_B_SPLINE_CURVE((1.,1.,1.,1.000000000001,0.999999999999,
    1.000000000002,0.999999999999,1.000000000001,0.999999999999,1.,1.,1.
,1.)) REPRESENTATION_ITEM('') );
#557 = CARTESIAN_POINT('',(101.7678455499,89.843749981973,11.));
#558 = CARTESIAN_POINT('',(101.73285770435,90.146020043204,11.));
#559 = CARTESIAN_POINT('',(101.65941147999,90.455191544535,11.));
#560 = CARTESIAN_POINT('',(101.54233739206,90.764992620503,11.));
#561 = CARTESIAN_POINT('',(101.38546919577,91.062135610756,11.));
#562 = CARTESIAN_POINT('',(101.17311950345,91.34931108134,
    11.000000000001));
#563 = CARTESIAN_POINT('',(100.93866828725,91.592770680974,
    10.999999999999));
#564 = CARTESIAN_POINT('',(100.65062270119,91.815179026598,
    11.000000000001));
#565 = CARTESIAN_POINT('',(100.35322002944,91.981268641965,11.));
#566 = CARTESIAN_POINT('',(100.03519436501,92.108118015006,11.));
#567 = CARTESIAN_POINT('',(99.714959255266,92.187421716204,11.));
#568 = CARTESIAN_POINT('',(99.399352474576,92.225000002046,11.));
#569 = CARTESIAN_POINT('',(99.095066077496,92.224999999995,11.));
#570 = PCURVE('',#32,#571);
#571 = DEFINITIONAL_REPRESENTATION('',(#572),#586);
#572 = ( BOUNDED_CURVE() B_SPLINE_CURVE(12,(#573,#574,#575,#576,#577,
    #578,#579,#580,#581,#582,#583,#584,#585),.UNSPECIFIED.,.F.,.F.) 
B_SPLINE_CURVE_WITH_KNOTS((13,13),(164.76157534179,170.86127671123),
.PIECEWISE_BEZIER_KNOTS.) CURVE() GEOMETRIC_REPRESENTATION_ITEM() 
RATIONAL_B_SPLINE_CURVE((1.,1.,1.,1.000000000001,0.999999999999,
    1.000000000002,0.999999999999,1.000000000001,0.999999999999,1.,1.,1.
,1.)) REPRESENTATION_ITEM('') );
#573 = CARTESIAN_POINT('',(41.864050745175,39.319161097713));
#574 = CARTESIAN_POINT('',(41.829062899621,39.621431158944));
#575 = CARTESIAN_POINT('',(41.755616675261,39.930602660275));
#576 = CARTESIAN_POINT('',(41.638542587333,40.240403736243));
#577 = CARTESIAN_POINT('',(41.481674391047,40.537546726496));
#578 = CARTESIAN_POINT('',(41.26932469872,40.82472219708));
#579 = CARTESIAN_POINT('',(41.03487348252,41.068181796714));
#580 = CARTESIAN_POINT('',(40.746827896461,41.290590142337));
#581 = CARTESIAN_POINT('',(40.449425224714,41.456679757705));
#582 = CARTESIAN_POINT('',(40.131399560282,41.583529130746));
#583 = CARTESIAN_POINT('',(39.811164450536,41.662832831943));
#584 = CARTESIAN_POINT('',(39.495557669846,41.700411117786));
#585 = CARTESIAN_POINT('',(39.191271272766,41.700411115734));
#586 = ( GEOMETRIC_REPRESENTATION_CONTEXT(2) 
PARAMETRIC_REPRESENTATION_CONTEXT() REPRESENTATION_CONTEXT('2D SPACE',''
  ) );
#587 = PCURVE('',#588,#628);
#588 = ( BOUNDED_SURFACE() B_SPLINE_SURFACE(2,12,(
    (#589,#590,#591,#592,#593,#594,#595,#596,#597,#598,#599,#600,#601)
    ,(#602,#603,#604,#605,#606,#607,#608,#609,#610,#611,#612,#613,#614)
    ,(#615,#616,#617,#618,#619,#620,#621,#622,#623,#624,#625,#626,#627
)),.UNSPECIFIED.,.F.,.F.,.F.) B_SPLINE_SURFACE_WITH_KNOTS((3,3),(13,13),
  (0.,6.099701369441),(164.76157534179,170.86127671123),
.PIECEWISE_BEZIER_KNOTS.) GEOMETRIC_REPRESENTATION_ITEM() 
RATIONAL_B_SPLINE_SURFACE((
    (1.,1.,1.,1.000000000001,0.999999999999,1.000000000002
      ,0.999999999999,1.000000000001,0.999999999999,1.,1.,1.,1.)
    ,(0.707106781187,0.707106781187,0.707106781186,0.707106781188
      ,0.707106781185,0.707106781189,0.707106781184,0.707106781189
      ,0.707106781185,0.707106781187,0.707106781186,0.707106781187
      ,0.707106781187)
    ,(1.,1.,1.,1.000000000001,0.999999999999,1.000000000002
      ,0.999999999999,1.000000000001,0.999999999999,1.,1.,1.,1.
))) REPRESENTATION_ITEM('') SURFACE() );
#589 = CARTESIAN_POINT('',(101.7678455499,89.843749981973,11.));
#590 = CARTESIAN_POINT('',(101.73285770435,90.146020043204,11.));
#591 = CARTESIAN_POINT('',(101.65941147999,90.455191544535,11.));
#592 = CARTESIAN_POINT('',(101.54233739206,90.764992620503,11.));
#593 = CARTESIAN_POINT('',(101.38546919577,91.062135610756,11.));
#594 = CARTESIAN_POINT('',(101.17311950345,91.34931108134,
    11.000000000001));
#595 = CARTESIAN_POINT('',(100.93866828725,91.592770680974,
    10.999999999999));
#596 = CARTESIAN_POINT('',(100.65062270119,91.815179026598,
    11.000000000001));
#597 = CARTESIAN_POINT('',(100.35322002944,91.981268641965,11.));
#598 = CARTESIAN_POINT('',(100.03519436501,92.108118015006,11.));
#599 = CARTESIAN_POINT('',(99.714959255266,92.187421716204,11.));
#600 = CARTESIAN_POINT('',(99.399352474576,92.225000002046,11.));
#601 = CARTESIAN_POINT('',(99.095066077496,92.224999999995,11.));
#602 = CARTESIAN_POINT('',(103.25789681035,90.016223867591,11.));
#603 = CARTESIAN_POINT('',(103.20340346514,90.487007522888,11.));
#604 = CARTESIAN_POINT('',(103.08882929988,90.968691850193,11.));
#605 = CARTESIAN_POINT('',(102.90778454562,91.450089687862,
    10.999999999999));
#606 = CARTESIAN_POINT('',(102.65909954269,91.916664170008,
    11.000000000001));
#607 = CARTESIAN_POINT('',(102.33722880206,92.356244840127,
    10.999999999998));
#608 = CARTESIAN_POINT('',(101.96047791953,92.745616154222,
    11.000000000002));
#609 = CARTESIAN_POINT('',(101.52158811386,93.083055344383,
    10.999999999998));
#610 = CARTESIAN_POINT('',(101.05356849838,93.346882126866,
    11.000000000002));
#611 = CARTESIAN_POINT('',(100.55921671408,93.542650306588,
    10.999999999999));
#612 = CARTESIAN_POINT('',(100.06062436362,93.666495118529,11.));
#613 = CARTESIAN_POINT('',(99.568987554631,93.724999999995,11.));
#614 = CARTESIAN_POINT('',(99.095066095638,93.724999999995,11.));
#615 = CARTESIAN_POINT('',(103.25789681035,90.01622386759,9.5));
#616 = CARTESIAN_POINT('',(103.20340346514,90.487007522888,9.5));
#617 = CARTESIAN_POINT('',(103.08882929988,90.968691850193,9.5));
#618 = CARTESIAN_POINT('',(102.90778454562,91.45008968786,9.5));
#619 = CARTESIAN_POINT('',(102.65909954269,91.916664170012,9.5));
#620 = CARTESIAN_POINT('',(102.33722880206,92.356244840121,9.5));
#621 = CARTESIAN_POINT('',(101.96047791953,92.745616154229,9.5));
#622 = CARTESIAN_POINT('',(101.52158811386,93.083055344378,9.5));
#623 = CARTESIAN_POINT('',(101.05356849838,93.346882126868,9.5));
#624 = CARTESIAN_POINT('',(100.55921671408,93.542650306588,9.5));
#625 = CARTESIAN_POINT('',(100.06062436362,93.666495118528,9.5));
#626 = CARTESIAN_POINT('',(99.568987554631,93.724999999995,9.5));
#627 = CARTESIAN_POINT('',(99.095066095638,93.724999999995,9.5));
#628 = DEFINITIONAL_REPRESENTATION('',(#629),#633);
#629 = LINE('',#630,#631);
#630 = CARTESIAN_POINT('',(0.,0.));
#631 = VECTOR('',#632,1.);
#632 = DIRECTION('',(0.,1.));
#633 = ( GEOMETRIC_REPRESENTATION_CONTEXT(2) 
PARAMETRIC_REPRESENTATION_CONTEXT() REPRESENTATION_CONTEXT('2D SPACE',''
  ) );
#634 = ORIENTED_EDGE('',*,*,#635,.T.);
#635 = EDGE_CURVE('',#553,#636,#638,.T.);
#636 = VERTEX_POINT('',#637);
#637 = CARTESIAN_POINT('',(85.390625,92.224999999995,11.));
#638 = SURFACE_CURVE('',#639,(#643,#650),.PCURVE_S1.);
#639 = LINE('',#640,#641);
#640 = CARTESIAN_POINT('',(99.095066095638,92.224999999995,11.));
#641 = VECTOR('',#642,1.);
#642 = DIRECTION('',(-1.,0.,0.));
#643 = PCURVE('',#32,#644);
#644 = DEFINITIONAL_REPRESENTATION('',(#645),#649);
#645 = LINE('',#646,#647);
#646 = CARTESIAN_POINT('',(39.191271290908,41.700411115734));
#647 = VECTOR('',#648,1.);
#648 = DIRECTION('',(-1.,0.));
#649 = ( GEOMETRIC_REPRESENTATION_CONTEXT(2) 
PARAMETRIC_REPRESENTATION_CONTEXT() REPRESENTATION_CONTEXT('2D SPACE',''
  ) );
#650 = PCURVE('',#651,#656);
#651 = CYLINDRICAL_SURFACE('',#652,1.5);
#652 = AXIS2_PLACEMENT_3D('',#653,#654,#655);
#653 = CARTESIAN_POINT('',(99.095066095638,92.224999999995,9.5));
#654 = DIRECTION('',(-1.,0.,0.));
#655 = DIRECTION('',(0.,0.,1.));
#656 = DEFINITIONAL_REPRESENTATION('',(#657),#661);
#657 = LINE('',#658,#659);
#658 = CARTESIAN_POINT('',(0.,0.));
#659 = VECTOR('',#660,1.);
#660 = DIRECTION('',(0.,1.));
#661 = ( GEOMETRIC_REPRESENTATION_CONTEXT(2) 
PARAMETRIC_REPRESENTATION_CONTEXT() REPRESENTATION_CONTEXT('2D SPACE',''
  ) );
#662 = ORIENTED_EDGE('',*,*,#663,.T.);
#663 = EDGE_CURVE('',#636,#664,#666,.T.);
#664 = VERTEX_POINT('',#665);
#665 = CARTESIAN_POINT('',(82.717845547819,94.606249999994,11.));
#666 = SURFACE_CURVE('',#667,(#672,#683),.PCURVE_S1.);
#667 = CIRCLE('',#668,2.690625);
#668 = AXIS2_PLACEMENT_3D('',#669,#670,#671);
#669 = CARTESIAN_POINT('',(85.390625,94.915624999995,11.));
#670 = DIRECTION('',(-0.,-0.,-1.));
#671 = DIRECTION('',(0.,-1.,0.));
#672 = PCURVE('',#32,#673);
#673 = DEFINITIONAL_REPRESENTATION('',(#674),#682);
#674 = ( BOUNDED_CURVE() B_SPLINE_CURVE(2,(#675,#676,#677,#678,#679,#680
,#681),.UNSPECIFIED.,.T.,.F.) B_SPLINE_CURVE_WITH_KNOTS((1,2,2,2,2,1),(
    -2.094395102393,0.,2.094395102393,4.188790204786,6.28318530718,
8.377580409573),.UNSPECIFIED.) CURVE() GEOMETRIC_REPRESENTATION_ITEM() 
RATIONAL_B_SPLINE_CURVE((1.,0.5,1.,0.5,1.,0.5,1.)) REPRESENTATION_ITEM(
  '') );
#675 = CARTESIAN_POINT('',(25.48683019527,41.700411115734));
#676 = CARTESIAN_POINT('',(20.826530991155,41.700411115734));
#677 = CARTESIAN_POINT('',(23.156680593213,45.736348615734));
#678 = CARTESIAN_POINT('',(25.48683019527,49.772286115734));
#679 = CARTESIAN_POINT('',(27.816979797328,45.736348615734));
#680 = CARTESIAN_POINT('',(30.147129399385,41.700411115734));
#681 = CARTESIAN_POINT('',(25.48683019527,41.700411115734));
#682 = ( GEOMETRIC_REPRESENTATION_CONTEXT(2) 
PARAMETRIC_REPRESENTATION_CONTEXT() REPRESENTATION_CONTEXT('2D SPACE',''
  ) );
#683 = PCURVE('',#684,#689);
#684 = TOROIDAL_SURFACE('',#685,2.690625,1.5);
#685 = AXIS2_PLACEMENT_3D('',#686,#687,#688);
#686 = CARTESIAN_POINT('',(85.390625,94.915624999995,9.5));
#687 = DIRECTION('',(0.,0.,1.));
#688 = DIRECTION('',(0.,-1.,0.));
#689 = DEFINITIONAL_REPRESENTATION('',(#690),#694);
#690 = LINE('',#691,#692);
#691 = CARTESIAN_POINT('',(-0.,1.570796326795));
#692 = VECTOR('',#693,1.);
#693 = DIRECTION('',(-1.,0.));
#694 = ( GEOMETRIC_REPRESENTATION_CONTEXT(2) 
PARAMETRIC_REPRESENTATION_CONTEXT() REPRESENTATION_CONTEXT('2D SPACE',''
  ) );
#695 = ORIENTED_EDGE('',*,*,#696,.T.);
#696 = EDGE_CURVE('',#664,#697,#699,.T.);
#697 = VERTEX_POINT('',#698);
#698 = CARTESIAN_POINT('',(80.045066077496,96.987499999992,11.));
#699 = SURFACE_CURVE('',#700,(#714,#731),.PCURVE_S1.);
#700 = ( BOUNDED_CURVE() B_SPLINE_CURVE(12,(#701,#702,#703,#704,#705,
    #706,#707,#708,#709,#710,#711,#712,#713),.UNSPECIFIED.,.F.,.F.) 
B_SPLINE_CURVE_WITH_KNOTS((13,13),(186.29874258059,192.39844395003),
.PIECEWISE_BEZIER_KNOTS.) CURVE() GEOMETRIC_REPRESENTATION_ITEM() 
RATIONAL_B_SPLINE_CURVE((1.,1.,0.999999999999,1.000000000002,
    0.999999999997,1.000000000004,0.999999999996,1.000000000003,
0.999999999998,1.000000000001,1.,1.,1.)) REPRESENTATION_ITEM('') );
#701 = CARTESIAN_POINT('',(82.717845549905,94.606249981972,11.));
#702 = CARTESIAN_POINT('',(82.682857917436,94.908518202303,11.));
#703 = CARTESIAN_POINT('',(82.609381211564,95.217728779998,11.));
#704 = CARTESIAN_POINT('',(82.492508627463,95.527177928984,11.));
#705 = CARTESIAN_POINT('',(82.335177487606,95.825258083082,
    11.000000000001));
#706 = CARTESIAN_POINT('',(82.123288505643,96.11117826321,
    10.999999999999));
#707 = CARTESIAN_POINT('',(81.888933275256,96.355471447496,
    11.000000000001));
#708 = CARTESIAN_POINT('',(81.600056013638,96.577929477703,
    10.999999999999));
#709 = CARTESIAN_POINT('',(81.303599150274,96.74353074225,
    11.000000000001));
#710 = CARTESIAN_POINT('',(80.9849771307,96.870717928918,11.));
#711 = CARTESIAN_POINT('',(80.665055713561,96.949896643755,11.));
#712 = CARTESIAN_POINT('',(80.349354327771,96.987500002044,11.));
#713 = CARTESIAN_POINT('',(80.045066077496,96.987499999992,11.));
#714 = PCURVE('',#32,#715);
#715 = DEFINITIONAL_REPRESENTATION('',(#716),#730);
#716 = ( BOUNDED_CURVE() B_SPLINE_CURVE(12,(#717,#718,#719,#720,#721,
    #722,#723,#724,#725,#726,#727,#728,#729),.UNSPECIFIED.,.F.,.F.) 
B_SPLINE_CURVE_WITH_KNOTS((13,13),(186.29874258059,192.39844395003),
.PIECEWISE_BEZIER_KNOTS.) CURVE() GEOMETRIC_REPRESENTATION_ITEM() 
RATIONAL_B_SPLINE_CURVE((1.,1.,0.999999999999,1.000000000002,
    0.999999999997,1.000000000004,0.999999999996,1.000000000003,
0.999999999998,1.000000000001,1.,1.,1.)) REPRESENTATION_ITEM('') );
#717 = CARTESIAN_POINT('',(22.814050745175,44.081661097711));
#718 = CARTESIAN_POINT('',(22.779063112706,44.383929318042));
#719 = CARTESIAN_POINT('',(22.705586406834,44.693139895738));
#720 = CARTESIAN_POINT('',(22.588713822733,45.002589044724));
#721 = CARTESIAN_POINT('',(22.431382682876,45.300669198821));
#722 = CARTESIAN_POINT('',(22.219493700913,45.58658937895));
#723 = CARTESIAN_POINT('',(21.985138470526,45.830882563236));
#724 = CARTESIAN_POINT('',(21.696261208908,46.053340593443));
#725 = CARTESIAN_POINT('',(21.399804345544,46.218941857989));
#726 = CARTESIAN_POINT('',(21.081182325971,46.346129044657));
#727 = CARTESIAN_POINT('',(20.761260908831,46.425307759495));
#728 = CARTESIAN_POINT('',(20.445559523041,46.462911117784));
#729 = CARTESIAN_POINT('',(20.141271272767,46.462911115732));
#730 = ( GEOMETRIC_REPRESENTATION_CONTEXT(2) 
PARAMETRIC_REPRESENTATION_CONTEXT() REPRESENTATION_CONTEXT('2D SPACE',''
  ) );
#731 = PCURVE('',#732,#772);
#732 = ( BOUNDED_SURFACE() B_SPLINE_SURFACE(2,12,(
    (#733,#734,#735,#736,#737,#738,#739,#740,#741,#742,#743,#744,#745)
    ,(#746,#747,#748,#749,#750,#751,#752,#753,#754,#755,#756,#757,#758)
    ,(#759,#760,#761,#762,#763,#764,#765,#766,#767,#768,#769,#770,#771
)),.UNSPECIFIED.,.F.,.F.,.F.) B_SPLINE_SURFACE_WITH_KNOTS((3,3),(13,13),
  (0.,6.099701369439),(186.29874258059,192.39844395003),
.PIECEWISE_BEZIER_KNOTS.) GEOMETRIC_REPRESENTATION_ITEM() 
RATIONAL_B_SPLINE_SURFACE((
    (1.,1.,0.999999999999,1.000000000002,0.999999999997,1.000000000004
      ,0.999999999996,1.000000000003,0.999999999998,1.000000000001,1.,1.
      ,1.)
    ,(0.707106781187,0.707106781187,0.707106781186,0.707106781187
      ,0.707106781185,0.707106781188,0.707106781185,0.707106781188
      ,0.707106781186,0.707106781187,0.707106781186,0.707106781187
      ,0.707106781187)
    ,(1.,1.,0.999999999999,1.000000000002,0.999999999997,1.000000000004
      ,0.999999999996,1.000000000003,0.999999999998,1.000000000001,1.,1.
,1.))) REPRESENTATION_ITEM('') SURFACE() );
#733 = CARTESIAN_POINT('',(82.717845549905,94.606249981972,11.));
#734 = CARTESIAN_POINT('',(82.682857917436,94.908518202303,11.));
#735 = CARTESIAN_POINT('',(82.609381211564,95.217728779998,11.));
#736 = CARTESIAN_POINT('',(82.492508627463,95.527177928984,11.));
#737 = CARTESIAN_POINT('',(82.335177487606,95.825258083082,
    11.000000000001));
#738 = CARTESIAN_POINT('',(82.123288505643,96.11117826321,
    10.999999999999));
#739 = CARTESIAN_POINT('',(81.888933275256,96.355471447496,
    11.000000000001));
#740 = CARTESIAN_POINT('',(81.600056013638,96.577929477703,
    10.999999999999));
#741 = CARTESIAN_POINT('',(81.303599150274,96.74353074225,
    11.000000000001));
#742 = CARTESIAN_POINT('',(80.9849771307,96.870717928918,11.));
#743 = CARTESIAN_POINT('',(80.665055713561,96.949896643755,11.));
#744 = CARTESIAN_POINT('',(80.349354327771,96.987500002044,11.));
#745 = CARTESIAN_POINT('',(80.045066077496,96.987499999992,11.));
#746 = CARTESIAN_POINT('',(84.207896810359,94.77872386759,11.));
#747 = CARTESIAN_POINT('',(84.153404099046,95.249502046468,11.));
#748 = CARTESIAN_POINT('',(84.038799458839,95.73118683808,11.));
#749 = CARTESIAN_POINT('',(83.858031336147,96.212312350641,11.));
#750 = CARTESIAN_POINT('',(83.608443447821,96.679963721897,11.));
#751 = CARTESIAN_POINT('',(83.28831377284,97.117391633701,11.));
#752 = CARTESIAN_POINT('',(82.909413135789,97.50951087098,11.));
#753 = CARTESIAN_POINT('',(82.472187301225,97.844734487773,11.));
#754 = CARTESIAN_POINT('',(82.003236072602,98.109767759206,11.));
#755 = CARTESIAN_POINT('',(81.509248609768,98.305026255893,11.));
#756 = CARTESIAN_POINT('',(81.010705820689,98.429004279082,11.));
#757 = CARTESIAN_POINT('',(80.518993067616,98.487499999992,11.));
#758 = CARTESIAN_POINT('',(80.045066095639,98.487499999992,11.));
#759 = CARTESIAN_POINT('',(84.207896810359,94.77872386759,9.5));
#760 = CARTESIAN_POINT('',(84.153404099046,95.249502046468,9.5));
#761 = CARTESIAN_POINT('',(84.038799458839,95.73118683808,9.5));
#762 = CARTESIAN_POINT('',(83.858031336147,96.212312350642,
    9.500000000001));
#763 = CARTESIAN_POINT('',(83.608443447821,96.679963721896,
    9.499999999999));
#764 = CARTESIAN_POINT('',(83.288313772841,97.117391633702,
    9.500000000002));
#765 = CARTESIAN_POINT('',(82.909413135785,97.509510870979,
    9.499999999998));
#766 = CARTESIAN_POINT('',(82.472187301229,97.844734487775,
    9.500000000002));
#767 = CARTESIAN_POINT('',(82.003236072599,98.109767759205,
    9.499999999999));
#768 = CARTESIAN_POINT('',(81.50924860977,98.305026255894,9.500000000001
    ));
#769 = CARTESIAN_POINT('',(81.010705820689,98.429004279082,9.5));
#770 = CARTESIAN_POINT('',(80.518993067616,98.487499999992,9.5));
#771 = CARTESIAN_POINT('',(80.045066095639,98.487499999992,9.5));
#772 = DEFINITIONAL_REPRESENTATION('',(#773),#777);
#773 = LINE('',#774,#775);
#774 = CARTESIAN_POINT('',(0.,0.));
#775 = VECTOR('',#776,1.);
#776 = DIRECTION('',(0.,1.));
#777 = ( GEOMETRIC_REPRESENTATION_CONTEXT(2) 
PARAMETRIC_REPRESENTATION_CONTEXT() REPRESENTATION_CONTEXT('2D SPACE',''
  ) );
#778 = ORIENTED_EDGE('',*,*,#779,.T.);
#779 = EDGE_CURVE('',#697,#780,#782,.T.);
#780 = VERTEX_POINT('',#781);
#781 = CARTESIAN_POINT('',(61.304933904361,96.987499999992,11.));
#782 = SURFACE_CURVE('',#783,(#787,#794),.PCURVE_S1.);
#783 = LINE('',#784,#785);
#784 = CARTESIAN_POINT('',(80.045066095639,96.987499999992,11.));
#785 = VECTOR('',#786,1.);
#786 = DIRECTION('',(-1.,0.,0.));
#787 = PCURVE('',#32,#788);
#788 = DEFINITIONAL_REPRESENTATION('',(#789),#793);
#789 = LINE('',#790,#791);
#790 = CARTESIAN_POINT('',(20.141271290909,46.462911115732));
#791 = VECTOR('',#792,1.);
#792 = DIRECTION('',(-1.,0.));
#793 = ( GEOMETRIC_REPRESENTATION_CONTEXT(2) 
PARAMETRIC_REPRESENTATION_CONTEXT() REPRESENTATION_CONTEXT('2D SPACE',''
  ) );
#794 = PCURVE('',#795,#800);
#795 = CYLINDRICAL_SURFACE('',#796,1.5);
#796 = AXIS2_PLACEMENT_3D('',#797,#798,#799);
#797 = CARTESIAN_POINT('',(80.045066095639,96.987499999992,9.5));
#798 = DIRECTION('',(-1.,0.,0.));
#799 = DIRECTION('',(0.,0.,1.));
#800 = DEFINITIONAL_REPRESENTATION('',(#801),#805);
#801 = LINE('',#802,#803);
#802 = CARTESIAN_POINT('',(0.,0.));
#803 = VECTOR('',#804,1.);
#804 = DIRECTION('',(0.,1.));
#805 = ( GEOMETRIC_REPRESENTATION_CONTEXT(2) 
PARAMETRIC_REPRESENTATION_CONTEXT() REPRESENTATION_CONTEXT('2D SPACE',''
  ) );
#806 = ORIENTED_EDGE('',*,*,#807,.T.);
#807 = EDGE_CURVE('',#780,#808,#810,.T.);
#808 = VERTEX_POINT('',#809);
#809 = CARTESIAN_POINT('',(58.632154450095,94.606249981972,11.));
#810 = SURFACE_CURVE('',#811,(#825,#842),.PCURVE_S1.);
#811 = ( BOUNDED_CURVE() B_SPLINE_CURVE(12,(#812,#813,#814,#815,#816,
    #817,#818,#819,#820,#821,#822,#823,#824),.UNSPECIFIED.,.F.,.F.) 
B_SPLINE_CURVE_WITH_KNOTS((13,13),(211.1385761413,217.23827751074),
.PIECEWISE_BEZIER_KNOTS.) CURVE() GEOMETRIC_REPRESENTATION_ITEM() 
RATIONAL_B_SPLINE_CURVE((1.,1.,1.,1.,0.999999999999,1.000000000001,
0.999999999999,1.000000000001,1.,1.,1.,1.,1.)) REPRESENTATION_ITEM('') 
  );
#812 = CARTESIAN_POINT('',(61.304933922504,96.987499999992,11.));
#813 = CARTESIAN_POINT('',(61.000647525424,96.987500002044,11.));
#814 = CARTESIAN_POINT('',(60.685039243205,96.950064459298,11.));
#815 = CARTESIAN_POINT('',(60.364204202067,96.869548292692,11.));
#816 = CARTESIAN_POINT('',(60.050010721905,96.747534674893,11.));
#817 = CARTESIAN_POINT('',(59.741623363658,96.569926884609,11.));
#818 = CARTESIAN_POINT('',(59.472003682991,96.365215473095,11.));
#819 = CARTESIAN_POINT('',(59.217805251695,96.103832985988,11.));
#820 = CARTESIAN_POINT('',(59.019214961385,95.828383630122,11.));
#821 = CARTESIAN_POINT('',(58.856235361465,95.526499179444,11.));
#822 = CARTESIAN_POINT('',(58.740796409312,95.217803811079,11.));
#823 = CARTESIAN_POINT('',(58.667142295649,94.908520043206,11.));
#824 = CARTESIAN_POINT('',(58.632154450095,94.606249981972,11.));
#825 = PCURVE('',#32,#826);
#826 = DEFINITIONAL_REPRESENTATION('',(#827),#841);
#827 = ( BOUNDED_CURVE() B_SPLINE_CURVE(12,(#828,#829,#830,#831,#832,
    #833,#834,#835,#836,#837,#838,#839,#840),.UNSPECIFIED.,.F.,.F.) 
B_SPLINE_CURVE_WITH_KNOTS((13,13),(211.1385761413,217.23827751074),
.PIECEWISE_BEZIER_KNOTS.) CURVE() GEOMETRIC_REPRESENTATION_ITEM() 
RATIONAL_B_SPLINE_CURVE((1.,1.,1.,1.,0.999999999999,1.000000000001,
0.999999999999,1.000000000001,1.,1.,1.,1.,1.)) REPRESENTATION_ITEM('') 
  );
#828 = CARTESIAN_POINT('',(1.401139117774,46.462911115732));
#829 = CARTESIAN_POINT('',(1.096852720694,46.462911117784));
#830 = CARTESIAN_POINT('',(0.781244438475,46.425475575038));
#831 = CARTESIAN_POINT('',(0.460409397337,46.344959408432));
#832 = CARTESIAN_POINT('',(0.146215917175,46.222945790633));
#833 = CARTESIAN_POINT('',(-0.162171441072,46.045338000349));
#834 = CARTESIAN_POINT('',(-0.431791121739,45.840626588835));
#835 = CARTESIAN_POINT('',(-0.685989553035,45.579244101728));
#836 = CARTESIAN_POINT('',(-0.884579843344,45.303794745861));
#837 = CARTESIAN_POINT('',(-1.047559443265,45.001910295184));
#838 = CARTESIAN_POINT('',(-1.162998395418,44.693214926819));
#839 = CARTESIAN_POINT('',(-1.236652509081,44.383931158946));
#840 = CARTESIAN_POINT('',(-1.271640354635,44.081661097712));
#841 = ( GEOMETRIC_REPRESENTATION_CONTEXT(2) 
PARAMETRIC_REPRESENTATION_CONTEXT() REPRESENTATION_CONTEXT('2D SPACE',''
  ) );
#842 = PCURVE('',#843,#883);
#843 = ( BOUNDED_SURFACE() B_SPLINE_SURFACE(2,12,(
    (#844,#845,#846,#847,#848,#849,#850,#851,#852,#853,#854,#855,#856)
    ,(#857,#858,#859,#860,#861,#862,#863,#864,#865,#866,#867,#868,#869)
    ,(#870,#871,#872,#873,#874,#875,#876,#877,#878,#879,#880,#881,#882
)),.UNSPECIFIED.,.F.,.F.,.F.) B_SPLINE_SURFACE_WITH_KNOTS((3,3),(13,13),
  (0.,6.099701369439),(211.1385761413,217.23827751074),
.PIECEWISE_BEZIER_KNOTS.) GEOMETRIC_REPRESENTATION_ITEM() 
RATIONAL_B_SPLINE_SURFACE((
    (1.,1.,1.,1.,0.999999999999,1.000000000001,0.999999999999
      ,1.000000000001,1.,1.,1.,1.,1.)
    ,(0.707106781187,0.707106781187,0.707106781187,0.707106781186
      ,0.707106781187,0.707106781186,0.707106781187,0.707106781186
      ,0.707106781187,0.707106781186,0.707106781187,0.707106781187
      ,0.707106781187)
    ,(1.,1.,1.,1.,0.999999999999,1.000000000001,0.999999999999
,1.000000000001,1.,1.,1.,1.,1.))) REPRESENTATION_ITEM('') SURFACE() );
#844 = CARTESIAN_POINT('',(61.304933922504,96.987499999992,11.));
#845 = CARTESIAN_POINT('',(61.000647525424,96.987500002044,11.));
#846 = CARTESIAN_POINT('',(60.685039243205,96.950064459298,11.));
#847 = CARTESIAN_POINT('',(60.364204202067,96.869548292692,11.));
#848 = CARTESIAN_POINT('',(60.050010721905,96.747534674893,11.));
#849 = CARTESIAN_POINT('',(59.741623363658,96.569926884609,11.));
#850 = CARTESIAN_POINT('',(59.472003682991,96.365215473095,11.));
#851 = CARTESIAN_POINT('',(59.217805251695,96.103832985988,11.));
#852 = CARTESIAN_POINT('',(59.019214961385,95.828383630122,11.));
#853 = CARTESIAN_POINT('',(58.856235361465,95.526499179444,11.));
#854 = CARTESIAN_POINT('',(58.740796409312,95.217803811079,11.));
#855 = CARTESIAN_POINT('',(58.667142295649,94.908520043206,11.));
#856 = CARTESIAN_POINT('',(58.632154450095,94.606249981972,11.));
#857 = CARTESIAN_POINT('',(61.304933904361,98.487499999992,11.));
#858 = CARTESIAN_POINT('',(60.831012445369,98.487499999992,11.));
#859 = CARTESIAN_POINT('',(60.339344887081,98.429040833416,11.));
#860 = CARTESIAN_POINT('',(59.840625250631,98.304792705768,
    11.000000000001));
#861 = CARTESIAN_POINT('',(59.347377314228,98.110631967429,
    10.999999999998));
#862 = CARTESIAN_POINT('',(58.876041303973,97.842922139143,
    11.000000000003));
#863 = CARTESIAN_POINT('',(58.442955821999,97.511621438084,
    10.999999999997));
#864 = CARTESIAN_POINT('',(58.05968221933,97.115840376348,
    11.000000000003));
#865 = CARTESIAN_POINT('',(57.74248555735,96.680473671446,
    10.999999999998));
#866 = CARTESIAN_POINT('',(57.491722158895,96.212213901894,
    11.000000000001));
#867 = CARTESIAN_POINT('',(57.311242683559,95.731233006419,11.));
#868 = CARTESIAN_POINT('',(57.196596534851,95.249507522888,11.));
#869 = CARTESIAN_POINT('',(57.142103189641,94.77872386759,11.));
#870 = CARTESIAN_POINT('',(61.304933904361,98.487499999992,9.5));
#871 = CARTESIAN_POINT('',(60.831012445369,98.487499999992,9.5));
#872 = CARTESIAN_POINT('',(60.339344887081,98.429040833416,9.5));
#873 = CARTESIAN_POINT('',(59.840625250631,98.304792705767,
    9.500000000001));
#874 = CARTESIAN_POINT('',(59.347377314228,98.110631967434,
    9.499999999999));
#875 = CARTESIAN_POINT('',(58.876041303973,97.842922139135,
    9.500000000002));
#876 = CARTESIAN_POINT('',(58.442955821998,97.511621438093,
    9.499999999998));
#877 = CARTESIAN_POINT('',(58.059682219333,97.115840376343,
    9.500000000002));
#878 = CARTESIAN_POINT('',(57.742485557348,96.680473671448,
    9.499999999999));
#879 = CARTESIAN_POINT('',(57.491722158896,96.212213901894,
    9.500000000001));
#880 = CARTESIAN_POINT('',(57.311242683559,95.731233006419,9.5));
#881 = CARTESIAN_POINT('',(57.196596534851,95.249507522889,9.5));
#882 = CARTESIAN_POINT('',(57.142103189641,94.77872386759,9.5));
#883 = DEFINITIONAL_REPRESENTATION('',(#884),#888);
#884 = LINE('',#885,#886);
#885 = CARTESIAN_POINT('',(0.,0.));
#886 = VECTOR('',#887,1.);
#887 = DIRECTION('',(0.,1.));
#888 = ( GEOMETRIC_REPRESENTATION_CONTEXT(2) 
PARAMETRIC_REPRESENTATION_CONTEXT() REPRESENTATION_CONTEXT('2D SPACE',''
  ) );
#889 = ORIENTED_EDGE('',*,*,#890,.T.);
#890 = EDGE_CURVE('',#808,#891,#893,.T.);
#891 = VERTEX_POINT('',#892);
#892 = CARTESIAN_POINT('',(55.959375,92.224999999995,11.));
#893 = SURFACE_CURVE('',#894,(#899,#910),.PCURVE_S1.);
#894 = CIRCLE('',#895,2.690625);
#895 = AXIS2_PLACEMENT_3D('',#896,#897,#898);
#896 = CARTESIAN_POINT('',(55.959375,94.915624999995,11.));
#897 = DIRECTION('',(0.,-0.,-1.));
#898 = DIRECTION('',(0.99336750836,-0.114982578398,0.));
#899 = PCURVE('',#32,#900);
#900 = DEFINITIONAL_REPRESENTATION('',(#901),#909);
#901 = ( BOUNDED_CURVE() B_SPLINE_CURVE(2,(#902,#903,#904,#905,#906,#907
,#908),.UNSPECIFIED.,.T.,.F.) B_SPLINE_CURVE_WITH_KNOTS((1,2,2,2,2,1),(
    -2.094395102393,0.,2.094395102393,4.188790204786,6.28318530718,
8.377580409573),.UNSPECIFIED.) CURVE() GEOMETRIC_REPRESENTATION_ITEM() 
RATIONAL_B_SPLINE_CURVE((1.,0.5,1.,0.5,1.,0.5,1.)) REPRESENTATION_ITEM(
  '') );
#902 = CARTESIAN_POINT('',(-1.271640352549,44.081661115734));
#903 = CARTESIAN_POINT('',(-1.807493571143,39.452271307131));
#904 = CARTESIAN_POINT('',(-5.548736140117,42.231028711434));
#905 = CARTESIAN_POINT('',(-9.289978709091,45.009786115738));
#906 = CARTESIAN_POINT('',(-5.012882921523,46.860418520037));
#907 = CARTESIAN_POINT('',(-0.735787133955,48.711050924337));
#908 = CARTESIAN_POINT('',(-1.271640352549,44.081661115734));
#909 = ( GEOMETRIC_REPRESENTATION_CONTEXT(2) 
PARAMETRIC_REPRESENTATION_CONTEXT() REPRESENTATION_CONTEXT('2D SPACE',''
  ) );
#910 = PCURVE('',#911,#916);
#911 = TOROIDAL_SURFACE('',#912,2.690625,1.5);
#912 = AXIS2_PLACEMENT_3D('',#913,#914,#915);
#913 = CARTESIAN_POINT('',(55.959375,94.915624999995,9.5));
#914 = DIRECTION('',(0.,0.,1.));
#915 = DIRECTION('',(0.99336750836,-0.114982578398,0.));
#916 = DEFINITIONAL_REPRESENTATION('',(#917),#921);
#917 = LINE('',#918,#919);
#918 = CARTESIAN_POINT('',(-0.,1.570796326795));
#919 = VECTOR('',#920,1.);
#920 = DIRECTION('',(-1.,0.));
#921 = ( GEOMETRIC_REPRESENTATION_CONTEXT(2) 
PARAMETRIC_REPRESENTATION_CONTEXT() REPRESENTATION_CONTEXT('2D SPACE',''
  ) );
#922 = ORIENTED_EDGE('',*,*,#923,.T.);
#923 = EDGE_CURVE('',#891,#924,#926,.T.);
#924 = VERTEX_POINT('',#925);
#925 = CARTESIAN_POINT('',(42.254933904361,92.224999999995,11.));
#926 = SURFACE_CURVE('',#927,(#931,#938),.PCURVE_S1.);
#927 = LINE('',#928,#929);
#928 = CARTESIAN_POINT('',(55.959375,92.224999999995,11.));
#929 = VECTOR('',#930,1.);
#930 = DIRECTION('',(-1.,0.,0.));
#931 = PCURVE('',#32,#932);
#932 = DEFINITIONAL_REPRESENTATION('',(#933),#937);
#933 = LINE('',#934,#935);
#934 = CARTESIAN_POINT('',(-3.94441980473,41.700411115735));
#935 = VECTOR('',#936,1.);
#936 = DIRECTION('',(-1.,0.));
#937 = ( GEOMETRIC_REPRESENTATION_CONTEXT(2) 
PARAMETRIC_REPRESENTATION_CONTEXT() REPRESENTATION_CONTEXT('2D SPACE',''
  ) );
#938 = PCURVE('',#939,#944);
#939 = CYLINDRICAL_SURFACE('',#940,1.5);
#940 = AXIS2_PLACEMENT_3D('',#941,#942,#943);
#941 = CARTESIAN_POINT('',(55.959375,92.224999999995,9.5));
#942 = DIRECTION('',(-1.,0.,0.));
#943 = DIRECTION('',(0.,0.,1.));
#944 = DEFINITIONAL_REPRESENTATION('',(#945),#949);
#945 = LINE('',#946,#947);
#946 = CARTESIAN_POINT('',(0.,0.));
#947 = VECTOR('',#948,1.);
#948 = DIRECTION('',(0.,1.));
#949 = ( GEOMETRIC_REPRESENTATION_CONTEXT(2) 
PARAMETRIC_REPRESENTATION_CONTEXT() REPRESENTATION_CONTEXT('2D SPACE',''
  ) );
#950 = ORIENTED_EDGE('',*,*,#951,.T.);
#951 = EDGE_CURVE('',#924,#952,#954,.T.);
#952 = VERTEX_POINT('',#953);
#953 = CARTESIAN_POINT('',(39.582154450095,89.843749981975,11.));
#954 = SURFACE_CURVE('',#955,(#969,#986),.PCURVE_S1.);
#955 = ( BOUNDED_CURVE() B_SPLINE_CURVE(12,(#956,#957,#958,#959,#960,
    #961,#962,#963,#964,#965,#966,#967,#968),.UNSPECIFIED.,.F.,.F.) 
B_SPLINE_CURVE_WITH_KNOTS((13,13),(232.6757433801,238.77544474954),
.PIECEWISE_BEZIER_KNOTS.) CURVE() GEOMETRIC_REPRESENTATION_ITEM() 
RATIONAL_B_SPLINE_CURVE((1.,1.,0.999999999999,1.000000000003,
    0.999999999995,1.000000000007,0.999999999993,1.000000000006,
    0.999999999996,1.000000000002,0.999999999999,1.,1.)) 
REPRESENTATION_ITEM('') );
#956 = CARTESIAN_POINT('',(42.254933922503,92.224999999995,11.));
#957 = CARTESIAN_POINT('',(41.950647525425,92.225000002047,11.));
#958 = CARTESIAN_POINT('',(41.635039243198,92.187564459305,11.));
#959 = CARTESIAN_POINT('',(41.314204202074,92.107048292673,11.));
#960 = CARTESIAN_POINT('',(41.000010721926,91.985034674965,11.));
#961 = CARTESIAN_POINT('',(40.691623363566,91.807426884478,
    10.999999999999));
#962 = CARTESIAN_POINT('',(40.422003683143,91.602715473256,
    11.000000000001));
#963 = CARTESIAN_POINT('',(40.167805251554,91.341332985892,
    10.999999999999));
#964 = CARTESIAN_POINT('',(39.969214961452,91.065883630128,11.));
#965 = CARTESIAN_POINT('',(39.806235361452,90.763999179475,11.));
#966 = CARTESIAN_POINT('',(39.690796409312,90.455303811071,11.));
#967 = CARTESIAN_POINT('',(39.617142295649,90.14602004321,11.));
#968 = CARTESIAN_POINT('',(39.582154450095,89.843749981975,11.));
#969 = PCURVE('',#32,#970);
#970 = DEFINITIONAL_REPRESENTATION('',(#971),#985);
#971 = ( BOUNDED_CURVE() B_SPLINE_CURVE(12,(#972,#973,#974,#975,#976,
    #977,#978,#979,#980,#981,#982,#983,#984),.UNSPECIFIED.,.F.,.F.) 
B_SPLINE_CURVE_WITH_KNOTS((13,13),(232.6757433801,238.77544474954),
.PIECEWISE_BEZIER_KNOTS.) CURVE() GEOMETRIC_REPRESENTATION_ITEM() 
RATIONAL_B_SPLINE_CURVE((1.,1.,0.999999999999,1.000000000003,
    0.999999999995,1.000000000007,0.999999999993,1.000000000006,
    0.999999999996,1.000000000002,0.999999999999,1.,1.)) 
REPRESENTATION_ITEM('') );
#972 = CARTESIAN_POINT('',(-17.64886088222,41.700411115735));
#973 = CARTESIAN_POINT('',(-17.9531472793,41.700411117787));
#974 = CARTESIAN_POINT('',(-18.26875556153,41.662975575044));
#975 = CARTESIAN_POINT('',(-18.58959060265,41.582459408413));
#976 = CARTESIAN_POINT('',(-18.9037840828,41.460445790705));
#977 = CARTESIAN_POINT('',(-19.21217144116,41.282838000218));
#978 = CARTESIAN_POINT('',(-19.48179112158,41.078126588996));
#979 = CARTESIAN_POINT('',(-19.73598955317,40.816744101632));
#980 = CARTESIAN_POINT('',(-19.93457984327,40.541294745868));
#981 = CARTESIAN_POINT('',(-20.09755944327,40.239410295215));
#982 = CARTESIAN_POINT('',(-20.21299839541,39.930714926811));
#983 = CARTESIAN_POINT('',(-20.28665250908,39.62143115895));
#984 = CARTESIAN_POINT('',(-20.32164035463,39.319161097714));
#985 = ( GEOMETRIC_REPRESENTATION_CONTEXT(2) 
PARAMETRIC_REPRESENTATION_CONTEXT() REPRESENTATION_CONTEXT('2D SPACE',''
  ) );
#986 = PCURVE('',#987,#1027);
#987 = ( BOUNDED_SURFACE() B_SPLINE_SURFACE(2,12,(
    (#988,#989,#990,#991,#992,#993,#994,#995,#996,#997,#998,#999,#1000)
    ,(#1001,#1002,#1003,#1004,#1005,#1006,#1007,#1008,#1009,#1010,#1011
      ,#1012,#1013)
    ,(#1014,#1015,#1016,#1017,#1018,#1019,#1020,#1021,#1022,#1023,#1024
      ,#1025,#1026
)),.UNSPECIFIED.,.F.,.F.,.F.) B_SPLINE_SURFACE_WITH_KNOTS((3,3),(13,13),
  (0.,6.099701369439),(232.6757433801,238.77544474954),
.PIECEWISE_BEZIER_KNOTS.) GEOMETRIC_REPRESENTATION_ITEM() 
RATIONAL_B_SPLINE_SURFACE((
    (1.,1.,0.999999999999,1.000000000003,0.999999999995,1.000000000007
      ,0.999999999993,1.000000000006,0.999999999996,1.000000000002
      ,0.999999999999,1.,1.)
    ,(0.707106781187,0.707106781187,0.707106781186,0.707106781188
      ,0.707106781184,0.70710678119,0.707106781184,0.707106781189
      ,0.707106781185,0.707106781187,0.707106781186,0.707106781187
      ,0.707106781187)
    ,(1.,1.,0.999999999999,1.000000000003,0.999999999995,1.000000000007
      ,0.999999999993,1.000000000006,0.999999999996,1.000000000002
,0.999999999999,1.,1.))) REPRESENTATION_ITEM('') SURFACE() );
#988 = CARTESIAN_POINT('',(42.254933922503,92.224999999995,11.));
#989 = CARTESIAN_POINT('',(41.950647525425,92.225000002047,11.));
#990 = CARTESIAN_POINT('',(41.635039243198,92.187564459305,11.));
#991 = CARTESIAN_POINT('',(41.314204202074,92.107048292673,11.));
#992 = CARTESIAN_POINT('',(41.000010721926,91.985034674965,11.));
#993 = CARTESIAN_POINT('',(40.691623363566,91.807426884478,
    10.999999999999));
#994 = CARTESIAN_POINT('',(40.422003683143,91.602715473256,
    11.000000000001));
#995 = CARTESIAN_POINT('',(40.167805251554,91.341332985892,
    10.999999999999));
#996 = CARTESIAN_POINT('',(39.969214961452,91.065883630128,11.));
#997 = CARTESIAN_POINT('',(39.806235361452,90.763999179475,11.));
#998 = CARTESIAN_POINT('',(39.690796409312,90.455303811071,11.));
#999 = CARTESIAN_POINT('',(39.617142295649,90.14602004321,11.));
#1000 = CARTESIAN_POINT('',(39.582154450095,89.843749981975,11.));
#1001 = CARTESIAN_POINT('',(42.254933904361,93.724999999995,11.));
#1002 = CARTESIAN_POINT('',(41.781012445369,93.724999999995,11.));
#1003 = CARTESIAN_POINT('',(41.289344887082,93.66654083342,11.));
#1004 = CARTESIAN_POINT('',(40.790625250625,93.542292705763,
    11.000000000001));
#1005 = CARTESIAN_POINT('',(40.297377314242,93.348131967456,
    10.999999999999));
#1006 = CARTESIAN_POINT('',(39.826041303933,93.080422139096,
    11.000000000002));
#1007 = CARTESIAN_POINT('',(39.392955822061,92.749121438144,
    10.999999999998));
#1008 = CARTESIAN_POINT('',(39.009682219277,92.35334037632,
    11.000000000002));
#1009 = CARTESIAN_POINT('',(38.69248555737,91.917973671444,
    10.999999999999));
#1010 = CARTESIAN_POINT('',(38.441722158892,91.449713901905,
    11.000000000001));
#1011 = CARTESIAN_POINT('',(38.261242683559,90.96873300642,11.));
#1012 = CARTESIAN_POINT('',(38.146596534851,90.487007522892,11.));
#1013 = CARTESIAN_POINT('',(38.092103189641,90.016223867593,11.));
#1014 = CARTESIAN_POINT('',(42.254933904361,93.724999999995,9.5));
#1015 = CARTESIAN_POINT('',(41.781012445368,93.724999999995,9.5));
#1016 = CARTESIAN_POINT('',(41.289344887082,93.666540833421,9.5));
#1017 = CARTESIAN_POINT('',(40.790625250625,93.54229270576,9.5));
#1018 = CARTESIAN_POINT('',(40.297377314242,93.348131967464,
    9.499999999999));
#1019 = CARTESIAN_POINT('',(39.826041303934,93.080422139084,
    9.500000000001));
#1020 = CARTESIAN_POINT('',(39.392955822059,92.749121438157,
    9.499999999999));
#1021 = CARTESIAN_POINT('',(39.009682219279,92.353340376312,
    9.500000000001));
#1022 = CARTESIAN_POINT('',(38.692485557368,91.917973671447,9.5));
#1023 = CARTESIAN_POINT('',(38.441722158893,91.449713901905,9.5));
#1024 = CARTESIAN_POINT('',(38.261242683559,90.96873300642,9.5));
#1025 = CARTESIAN_POINT('',(38.146596534851,90.487007522892,9.5));
#1026 = CARTESIAN_POINT('',(38.092103189641,90.016223867593,9.5));
#1027 = DEFINITIONAL_REPRESENTATION('',(#1028),#1032);
#1028 = LINE('',#1029,#1030);
#1029 = CARTESIAN_POINT('',(0.,0.));
#1030 = VECTOR('',#1031,1.);
#1031 = DIRECTION('',(0.,1.));
#1032 = ( GEOMETRIC_REPRESENTATION_CONTEXT(2) 
PARAMETRIC_REPRESENTATION_CONTEXT() REPRESENTATION_CONTEXT('2D SPACE',''
  ) );
#1033 = ORIENTED_EDGE('',*,*,#1034,.T.);
#1034 = EDGE_CURVE('',#952,#1035,#1037,.T.);
#1035 = VERTEX_POINT('',#1036);
#1036 = CARTESIAN_POINT('',(36.909375,87.462499999998,11.));
#1037 = SURFACE_CURVE('',#1038,(#1043,#1054),.PCURVE_S1.);
#1038 = CIRCLE('',#1039,2.690625);
#1039 = AXIS2_PLACEMENT_3D('',#1040,#1041,#1042);
#1040 = CARTESIAN_POINT('',(36.909375,90.153124999998,11.));
#1041 = DIRECTION('',(0.,-0.,-1.));
#1042 = DIRECTION('',(0.99336750836,-0.114982578398,0.));
#1043 = PCURVE('',#32,#1044);
#1044 = DEFINITIONAL_REPRESENTATION('',(#1045),#1053);
#1045 = ( BOUNDED_CURVE() B_SPLINE_CURVE(2,(#1046,#1047,#1048,#1049,
#1050,#1051,#1052),.UNSPECIFIED.,.T.,.F.) B_SPLINE_CURVE_WITH_KNOTS((1,2
    ,2,2,2,1),(-2.094395102393,0.,2.094395102393,4.188790204786,
6.28318530718,8.377580409573),.UNSPECIFIED.) CURVE() 
GEOMETRIC_REPRESENTATION_ITEM() RATIONAL_B_SPLINE_CURVE((1.,0.5,1.,0.5,
1.,0.5,1.)) REPRESENTATION_ITEM('') );
#1046 = CARTESIAN_POINT('',(-20.32164035254,39.319161115736));
#1047 = CARTESIAN_POINT('',(-20.85749357114,34.689771307133));
#1048 = CARTESIAN_POINT('',(-24.59873614011,37.468528711437));
#1049 = CARTESIAN_POINT('',(-28.33997870909,40.24728611574));
#1050 = CARTESIAN_POINT('',(-24.06288292152,42.09791852004));
#1051 = CARTESIAN_POINT('',(-19.78578713395,43.948550924339));
#1052 = CARTESIAN_POINT('',(-20.32164035254,39.319161115736));
#1053 = ( GEOMETRIC_REPRESENTATION_CONTEXT(2) 
PARAMETRIC_REPRESENTATION_CONTEXT() REPRESENTATION_CONTEXT('2D SPACE',''
  ) );
#1054 = PCURVE('',#1055,#1060);
#1055 = TOROIDAL_SURFACE('',#1056,2.690625,1.5);
#1056 = AXIS2_PLACEMENT_3D('',#1057,#1058,#1059);
#1057 = CARTESIAN_POINT('',(36.909375,90.153124999998,9.5));
#1058 = DIRECTION('',(0.,0.,1.));
#1059 = DIRECTION('',(0.99336750836,-0.114982578398,0.));
#1060 = DEFINITIONAL_REPRESENTATION('',(#1061),#1065);
#1061 = LINE('',#1062,#1063);
#1062 = CARTESIAN_POINT('',(-0.,1.570796326795));
#1063 = VECTOR('',#1064,1.);
#1064 = DIRECTION('',(-1.,0.));
#1065 = ( GEOMETRIC_REPRESENTATION_CONTEXT(2) 
PARAMETRIC_REPRESENTATION_CONTEXT() REPRESENTATION_CONTEXT('2D SPACE',''
  ) );
#1066 = ORIENTED_EDGE('',*,*,#1067,.T.);
#1067 = EDGE_CURVE('',#1035,#1068,#1070,.T.);
#1068 = VERTEX_POINT('',#1069);
#1069 = CARTESIAN_POINT('',(23.204933904361,87.462499999998,11.));
#1070 = SURFACE_CURVE('',#1071,(#1075,#1082),.PCURVE_S1.);
#1071 = LINE('',#1072,#1073);
#1072 = CARTESIAN_POINT('',(36.909375,87.462499999998,11.));
#1073 = VECTOR('',#1074,1.);
#1074 = DIRECTION('',(-1.,0.,0.));
#1075 = PCURVE('',#32,#1076);
#1076 = DEFINITIONAL_REPRESENTATION('',(#1077),#1081);
#1077 = LINE('',#1078,#1079);
#1078 = CARTESIAN_POINT('',(-22.99441980473,36.937911115738));
#1079 = VECTOR('',#1080,1.);
#1080 = DIRECTION('',(-1.,0.));
#1081 = ( GEOMETRIC_REPRESENTATION_CONTEXT(2) 
PARAMETRIC_REPRESENTATION_CONTEXT() REPRESENTATION_CONTEXT('2D SPACE',''
  ) );
#1082 = PCURVE('',#1083,#1088);
#1083 = CYLINDRICAL_SURFACE('',#1084,1.5);
#1084 = AXIS2_PLACEMENT_3D('',#1085,#1086,#1087);
#1085 = CARTESIAN_POINT('',(36.909375,87.462499999998,9.5));
#1086 = DIRECTION('',(-1.,0.,0.));
#1087 = DIRECTION('',(0.,0.,1.));
#1088 = DEFINITIONAL_REPRESENTATION('',(#1089),#1093);
#1089 = LINE('',#1090,#1091);
#1090 = CARTESIAN_POINT('',(0.,0.));
#1091 = VECTOR('',#1092,1.);
#1092 = DIRECTION('',(0.,1.));
#1093 = ( GEOMETRIC_REPRESENTATION_CONTEXT(2) 
PARAMETRIC_REPRESENTATION_CONTEXT() REPRESENTATION_CONTEXT('2D SPACE',''
  ) );
#1094 = ORIENTED_EDGE('',*,*,#1095,.T.);
#1095 = EDGE_CURVE('',#1068,#1096,#1098,.T.);
#1096 = VERTEX_POINT('',#1097);
#1097 = CARTESIAN_POINT('',(20.532154450095,85.081249981977,11.));
#1098 = SURFACE_CURVE('',#1099,(#1113,#1130),.PCURVE_S1.);
#1099 = ( BOUNDED_CURVE() B_SPLINE_CURVE(12,(#1100,#1101,#1102,#1103,
    #1104,#1105,#1106,#1107,#1108,#1109,#1110,#1111,#1112),
.UNSPECIFIED.,.F.,.F.) B_SPLINE_CURVE_WITH_KNOTS((13,13),(254.2129106189
,260.31261198834),.PIECEWISE_BEZIER_KNOTS.) CURVE() 
GEOMETRIC_REPRESENTATION_ITEM() RATIONAL_B_SPLINE_CURVE((1.,1.,
    0.999999999999,1.000000000002,0.999999999996,1.000000000005,
    0.999999999994,1.000000000005,0.999999999997,1.000000000001,
0.999999999999,1.,1.)) REPRESENTATION_ITEM('') );
#1100 = CARTESIAN_POINT('',(23.204933922504,87.462499999998,11.));
#1101 = CARTESIAN_POINT('',(22.900645672227,87.46250000205,11.));
#1102 = CARTESIAN_POINT('',(22.585079712097,87.425090245589,11.));
#1103 = CARTESIAN_POINT('',(22.263871908351,87.344414376746,11.));
#1104 = CARTESIAN_POINT('',(21.950662608077,87.22275287593,11.));
#1105 = CARTESIAN_POINT('',(21.640975308153,87.044831764088,11.));
#1106 = CARTESIAN_POINT('',(21.372172651892,86.839929161058,
    10.999999999999));
#1107 = CARTESIAN_POINT('',(21.118119198335,86.579367114766,11.));
#1108 = CARTESIAN_POINT('',(20.918935048641,86.303034379648,11.));
#1109 = CARTESIAN_POINT('',(20.756359590412,86.001703484104,11.));
#1110 = CARTESIAN_POINT('',(20.640760412204,85.69271087552,11.));
#1111 = CARTESIAN_POINT('',(20.567142082564,85.383518202307,11.));
#1112 = CARTESIAN_POINT('',(20.532154450095,85.081249981977,11.));
#1113 = PCURVE('',#32,#1114);
#1114 = DEFINITIONAL_REPRESENTATION('',(#1115),#1129);
#1115 = ( BOUNDED_CURVE() B_SPLINE_CURVE(12,(#1116,#1117,#1118,#1119,
    #1120,#1121,#1122,#1123,#1124,#1125,#1126,#1127,#1128),
.UNSPECIFIED.,.F.,.F.) B_SPLINE_CURVE_WITH_KNOTS((13,13),(254.2129106189
,260.31261198834),.PIECEWISE_BEZIER_KNOTS.) CURVE() 
GEOMETRIC_REPRESENTATION_ITEM() RATIONAL_B_SPLINE_CURVE((1.,1.,
    0.999999999999,1.000000000002,0.999999999996,1.000000000005,
    0.999999999994,1.000000000005,0.999999999997,1.000000000001,
0.999999999999,1.,1.)) REPRESENTATION_ITEM('') );
#1116 = CARTESIAN_POINT('',(-36.69886088222,36.937911115738));
#1117 = CARTESIAN_POINT('',(-37.0031491325,36.937911117789));
#1118 = CARTESIAN_POINT('',(-37.31871509263,36.900501361329));
#1119 = CARTESIAN_POINT('',(-37.63992289637,36.819825492486));
#1120 = CARTESIAN_POINT('',(-37.95313219665,36.698163991669));
#1121 = CARTESIAN_POINT('',(-38.26281949657,36.520242879828));
#1122 = CARTESIAN_POINT('',(-38.53162215283,36.315340276798));
#1123 = CARTESIAN_POINT('',(-38.78567560639,36.054778230506));
#1124 = CARTESIAN_POINT('',(-38.98485975608,35.778445495388));
#1125 = CARTESIAN_POINT('',(-39.14743521431,35.477114599844));
#1126 = CARTESIAN_POINT('',(-39.26303439252,35.16812199126));
#1127 = CARTESIAN_POINT('',(-39.33665272216,34.858929318047));
#1128 = CARTESIAN_POINT('',(-39.37164035463,34.556661097717));
#1129 = ( GEOMETRIC_REPRESENTATION_CONTEXT(2) 
PARAMETRIC_REPRESENTATION_CONTEXT() REPRESENTATION_CONTEXT('2D SPACE',''
  ) );
#1130 = PCURVE('',#1131,#1171);
#1131 = ( BOUNDED_SURFACE() B_SPLINE_SURFACE(2,12,(
    (#1132,#1133,#1134,#1135,#1136,#1137,#1138,#1139,#1140,#1141,#1142
      ,#1143,#1144)
    ,(#1145,#1146,#1147,#1148,#1149,#1150,#1151,#1152,#1153,#1154,#1155
      ,#1156,#1157)
    ,(#1158,#1159,#1160,#1161,#1162,#1163,#1164,#1165,#1166,#1167,#1168
      ,#1169,#1170
)),.UNSPECIFIED.,.F.,.F.,.F.) B_SPLINE_SURFACE_WITH_KNOTS((3,3),(13,13),
  (0.,6.09970136944),(254.2129106189,260.31261198834),
.PIECEWISE_BEZIER_KNOTS.) GEOMETRIC_REPRESENTATION_ITEM() 
RATIONAL_B_SPLINE_SURFACE((
    (1.,1.,0.999999999999,1.000000000002,0.999999999996,1.000000000005
      ,0.999999999994,1.000000000005,0.999999999997,1.000000000001
      ,0.999999999999,1.,1.)
    ,(0.707106781187,0.707106781187,0.707106781186,0.707106781188
      ,0.707106781184,0.70710678119,0.707106781183,0.70710678119
      ,0.707106781185,0.707106781188,0.707106781186,0.707106781187
      ,0.707106781187)
    ,(1.,1.,0.999999999999,1.000000000002,0.999999999996,1.000000000005
      ,0.999999999994,1.000000000005,0.999999999997,1.000000000001
,0.999999999999,1.,1.))) REPRESENTATION_ITEM('') SURFACE() );
#1132 = CARTESIAN_POINT('',(23.204933922504,87.462499999998,11.));
#1133 = CARTESIAN_POINT('',(22.900645672227,87.46250000205,11.));
#1134 = CARTESIAN_POINT('',(22.585079712097,87.425090245589,11.));
#1135 = CARTESIAN_POINT('',(22.263871908351,87.344414376746,11.));
#1136 = CARTESIAN_POINT('',(21.950662608077,87.22275287593,11.));
#1137 = CARTESIAN_POINT('',(21.640975308153,87.044831764088,11.));
#1138 = CARTESIAN_POINT('',(21.372172651892,86.839929161058,
    10.999999999999));
#1139 = CARTESIAN_POINT('',(21.118119198335,86.579367114766,11.));
#1140 = CARTESIAN_POINT('',(20.918935048641,86.303034379648,11.));
#1141 = CARTESIAN_POINT('',(20.756359590412,86.001703484104,11.));
#1142 = CARTESIAN_POINT('',(20.640760412204,85.69271087552,11.));
#1143 = CARTESIAN_POINT('',(20.567142082564,85.383518202307,11.));
#1144 = CARTESIAN_POINT('',(20.532154450095,85.081249981977,11.));
#1145 = CARTESIAN_POINT('',(23.204933904361,88.962499999998,11.));
#1146 = CARTESIAN_POINT('',(22.731006932382,88.962499999998,11.));
#1147 = CARTESIAN_POINT('',(22.23934333944,88.90407105287,11.));
#1148 = CARTESIAN_POINT('',(21.74032137607,88.779579440931,11.));
#1149 = CARTESIAN_POINT('',(21.248247003064,88.586191776533,11.));
#1150 = CARTESIAN_POINT('',(20.774572319056,88.316999959052,11.));
#1151 = CARTESIAN_POINT('',(20.344463720839,87.987518792113,11.));
#1152 = CARTESIAN_POINT('',(19.958797910269,87.590339546895,11.));
#1153 = CARTESIAN_POINT('',(19.642906855472,87.155759551612,11.));
#1154 = CARTESIAN_POINT('',(19.391595263429,86.687196481378,11.));
#1155 = CARTESIAN_POINT('',(19.211242417225,86.20615103632,11.));
#1156 = CARTESIAN_POINT('',(19.096595900954,85.724502046473,11.));
#1157 = CARTESIAN_POINT('',(19.042103189641,85.253723867595,11.));
#1158 = CARTESIAN_POINT('',(23.204933904361,88.962499999998,9.5));
#1159 = CARTESIAN_POINT('',(22.731006932382,88.962499999998,9.5));
#1160 = CARTESIAN_POINT('',(22.23934333944,88.90407105287,9.5));
#1161 = CARTESIAN_POINT('',(21.74032137607,88.77957944093,9.5));
#1162 = CARTESIAN_POINT('',(21.248247003065,88.586191776537,9.5));
#1163 = CARTESIAN_POINT('',(20.774572319054,88.316999959044,
    9.500000000001));
#1164 = CARTESIAN_POINT('',(20.344463720841,87.987518792124,
    9.499999999999));
#1165 = CARTESIAN_POINT('',(19.958797910267,87.590339546886,
    9.500000000001));
#1166 = CARTESIAN_POINT('',(19.642906855474,87.155759551618,
    9.499999999999));
#1167 = CARTESIAN_POINT('',(19.391595263428,86.687196481376,
    9.500000000001));
#1168 = CARTESIAN_POINT('',(19.211242417226,86.20615103632,9.5));
#1169 = CARTESIAN_POINT('',(19.096595900954,85.724502046473,9.5));
#1170 = CARTESIAN_POINT('',(19.042103189641,85.253723867595,9.5));
#1171 = DEFINITIONAL_REPRESENTATION('',(#1172),#1176);
#1172 = LINE('',#1173,#1174);
#1173 = CARTESIAN_POINT('',(0.,0.));
#1174 = VECTOR('',#1175,1.);
#1175 = DIRECTION('',(0.,1.));
#1176 = ( GEOMETRIC_REPRESENTATION_CONTEXT(2) 
PARAMETRIC_REPRESENTATION_CONTEXT() REPRESENTATION_CONTEXT('2D SPACE',''
  ) );
#1177 = ORIENTED_EDGE('',*,*,#1178,.T.);
#1178 = EDGE_CURVE('',#1096,#1179,#1181,.T.);
#1179 = VERTEX_POINT('',#1180);
#1180 = CARTESIAN_POINT('',(17.859375,82.7,11.));
#1181 = SURFACE_CURVE('',#1182,(#1187,#1198),.PCURVE_S1.);
#1182 = CIRCLE('',#1183,2.690625);
#1183 = AXIS2_PLACEMENT_3D('',#1184,#1185,#1186);
#1184 = CARTESIAN_POINT('',(17.859375,85.390625,11.));
#1185 = DIRECTION('',(0.,-0.,-1.));
#1186 = DIRECTION('',(0.99336750836,-0.114982578398,0.));
#1187 = PCURVE('',#32,#1188);
#1188 = DEFINITIONAL_REPRESENTATION('',(#1189),#1197);
#1189 = ( BOUNDED_CURVE() B_SPLINE_CURVE(2,(#1190,#1191,#1192,#1193,
#1194,#1195,#1196),.UNSPECIFIED.,.T.,.F.) B_SPLINE_CURVE_WITH_KNOTS((1,2
    ,2,2,2,1),(-2.094395102393,0.,2.094395102393,4.188790204786,
6.28318530718,8.377580409573),.UNSPECIFIED.) CURVE() 
GEOMETRIC_REPRESENTATION_ITEM() RATIONAL_B_SPLINE_CURVE((1.,0.5,1.,0.5,
1.,0.5,1.)) REPRESENTATION_ITEM('') );
#1190 = CARTESIAN_POINT('',(-39.37164035254,34.556661115739));
#1191 = CARTESIAN_POINT('',(-39.90749357114,29.927271307136));
#1192 = CARTESIAN_POINT('',(-43.64873614011,32.706028711439));
#1193 = CARTESIAN_POINT('',(-47.38997870909,35.484786115742));
#1194 = CARTESIAN_POINT('',(-43.11288292152,37.335418520042));
#1195 = CARTESIAN_POINT('',(-38.83578713395,39.186050924342));
#1196 = CARTESIAN_POINT('',(-39.37164035254,34.556661115739));
#1197 = ( GEOMETRIC_REPRESENTATION_CONTEXT(2) 
PARAMETRIC_REPRESENTATION_CONTEXT() REPRESENTATION_CONTEXT('2D SPACE',''
  ) );
#1198 = PCURVE('',#1199,#1204);
#1199 = TOROIDAL_SURFACE('',#1200,2.690625,1.5);
#1200 = AXIS2_PLACEMENT_3D('',#1201,#1202,#1203);
#1201 = CARTESIAN_POINT('',(17.859375,85.390625,9.5));
#1202 = DIRECTION('',(0.,0.,1.));
#1203 = DIRECTION('',(0.99336750836,-0.114982578398,0.));
#1204 = DEFINITIONAL_REPRESENTATION('',(#1205),#1209);
#1205 = LINE('',#1206,#1207);
#1206 = CARTESIAN_POINT('',(-0.,1.570796326795));
#1207 = VECTOR('',#1208,1.);
#1208 = DIRECTION('',(-1.,0.));
#1209 = ( GEOMETRIC_REPRESENTATION_CONTEXT(2) 
PARAMETRIC_REPRESENTATION_CONTEXT() REPRESENTATION_CONTEXT('2D SPACE',''
  ) );
#1210 = ORIENTED_EDGE('',*,*,#1211,.T.);
#1211 = EDGE_CURVE('',#1179,#1212,#1214,.T.);
#1212 = VERTEX_POINT('',#1213);
#1213 = CARTESIAN_POINT('',(4.190625,82.7,11.));
#1214 = SURFACE_CURVE('',#1215,(#1219,#1226),.PCURVE_S1.);
#1215 = LINE('',#1216,#1217);
#1216 = CARTESIAN_POINT('',(17.859375,82.7,11.));
#1217 = VECTOR('',#1218,1.);
#1218 = DIRECTION('',(-1.,0.,0.));
#1219 = PCURVE('',#32,#1220);
#1220 = DEFINITIONAL_REPRESENTATION('',(#1221),#1225);
#1221 = LINE('',#1222,#1223);
#1222 = CARTESIAN_POINT('',(-42.04441980473,32.17541111574));
#1223 = VECTOR('',#1224,1.);
#1224 = DIRECTION('',(-1.,0.));
#1225 = ( GEOMETRIC_REPRESENTATION_CONTEXT(2) 
PARAMETRIC_REPRESENTATION_CONTEXT() REPRESENTATION_CONTEXT('2D SPACE',''
  ) );
#1226 = PCURVE('',#1227,#1232);
#1227 = CYLINDRICAL_SURFACE('',#1228,1.5);
#1228 = AXIS2_PLACEMENT_3D('',#1229,#1230,#1231);
#1229 = CARTESIAN_POINT('',(17.859375,82.7,9.5));
#1230 = DIRECTION('',(-1.,0.,0.));
#1231 = DIRECTION('',(0.,0.,1.));
#1232 = DEFINITIONAL_REPRESENTATION('',(#1233),#1237);
#1233 = LINE('',#1234,#1235);
#1234 = CARTESIAN_POINT('',(0.,0.));
#1235 = VECTOR('',#1236,1.);
#1236 = DIRECTION('',(0.,1.));
#1237 = ( GEOMETRIC_REPRESENTATION_CONTEXT(2) 
PARAMETRIC_REPRESENTATION_CONTEXT() REPRESENTATION_CONTEXT('2D SPACE',''
  ) );
#1238 = ORIENTED_EDGE('',*,*,#1239,.T.);
#1239 = EDGE_CURVE('',#1212,#1240,#1242,.T.);
#1240 = VERTEX_POINT('',#1241);
#1241 = CARTESIAN_POINT('',(1.5,80.009375,11.));
#1242 = SURFACE_CURVE('',#1243,(#1248,#1255),.PCURVE_S1.);
#1243 = CIRCLE('',#1244,2.690625);
#1244 = AXIS2_PLACEMENT_3D('',#1245,#1246,#1247);
#1245 = CARTESIAN_POINT('',(4.190625,80.009375,11.));
#1246 = DIRECTION('',(0.,-0.,1.));
#1247 = DIRECTION('',(2.1E-16,1.,0.));
#1248 = PCURVE('',#32,#1249);
#1249 = DEFINITIONAL_REPRESENTATION('',(#1250),#1254);
#1250 = CIRCLE('',#1251,2.690625);
#1251 = AXIS2_PLACEMENT_2D('',#1252,#1253);
#1252 = CARTESIAN_POINT('',(-55.71316980473,29.48478611574));
#1253 = DIRECTION('',(2.1E-16,1.));
#1254 = ( GEOMETRIC_REPRESENTATION_CONTEXT(2) 
PARAMETRIC_REPRESENTATION_CONTEXT() REPRESENTATION_CONTEXT('2D SPACE',''
  ) );
#1255 = PCURVE('',#1256,#1261);
#1256 = TOROIDAL_SURFACE('',#1257,2.690625,1.5);
#1257 = AXIS2_PLACEMENT_3D('',#1258,#1259,#1260);
#1258 = CARTESIAN_POINT('',(4.190625,80.009375,9.5));
#1259 = DIRECTION('',(-0.,-0.,-1.));
#1260 = DIRECTION('',(2.1E-16,1.,0.));
#1261 = DEFINITIONAL_REPRESENTATION('',(#1262),#1266);
#1262 = LINE('',#1263,#1264);
#1263 = CARTESIAN_POINT('',(-0.,4.712388980385));
#1264 = VECTOR('',#1265,1.);
#1265 = DIRECTION('',(-1.,0.));
#1266 = ( GEOMETRIC_REPRESENTATION_CONTEXT(2) 
PARAMETRIC_REPRESENTATION_CONTEXT() REPRESENTATION_CONTEXT('2D SPACE',''
  ) );
#1267 = ORIENTED_EDGE('',*,*,#1268,.T.);
#1268 = EDGE_CURVE('',#1240,#1269,#1271,.T.);
#1269 = VERTEX_POINT('',#1270);
#1270 = CARTESIAN_POINT('',(1.5,4.190625,11.));
#1271 = SURFACE_CURVE('',#1272,(#1276,#1283),.PCURVE_S1.);
#1272 = LINE('',#1273,#1274);
#1273 = CARTESIAN_POINT('',(1.5,80.009375,11.));
#1274 = VECTOR('',#1275,1.);
#1275 = DIRECTION('',(0.,-1.,0.));
#1276 = PCURVE('',#32,#1277);
#1277 = DEFINITIONAL_REPRESENTATION('',(#1278),#1282);
#1278 = LINE('',#1279,#1280);
#1279 = CARTESIAN_POINT('',(-58.40379480473,29.48478611574));
#1280 = VECTOR('',#1281,1.);
#1281 = DIRECTION('',(0.,-1.));
#1282 = ( GEOMETRIC_REPRESENTATION_CONTEXT(2) 
PARAMETRIC_REPRESENTATION_CONTEXT() REPRESENTATION_CONTEXT('2D SPACE',''
  ) );
#1283 = PCURVE('',#1284,#1289);
#1284 = CYLINDRICAL_SURFACE('',#1285,1.5);
#1285 = AXIS2_PLACEMENT_3D('',#1286,#1287,#1288);
#1286 = CARTESIAN_POINT('',(1.5,80.009375,9.5));
#1287 = DIRECTION('',(0.,-1.,0.));
#1288 = DIRECTION('',(0.,0.,1.));
#1289 = DEFINITIONAL_REPRESENTATION('',(#1290),#1294);
#1290 = LINE('',#1291,#1292);
#1291 = CARTESIAN_POINT('',(0.,0.));
#1292 = VECTOR('',#1293,1.);
#1293 = DIRECTION('',(0.,1.));
#1294 = ( GEOMETRIC_REPRESENTATION_CONTEXT(2) 
PARAMETRIC_REPRESENTATION_CONTEXT() REPRESENTATION_CONTEXT('2D SPACE',''
  ) );
#1295 = ORIENTED_EDGE('',*,*,#1296,.T.);
#1296 = EDGE_CURVE('',#1269,#1297,#1299,.T.);
#1297 = VERTEX_POINT('',#1298);
#1298 = CARTESIAN_POINT('',(4.190625,1.5,11.));
#1299 = SURFACE_CURVE('',#1300,(#1305,#1312),.PCURVE_S1.);
#1300 = CIRCLE('',#1301,2.690625);
#1301 = AXIS2_PLACEMENT_3D('',#1302,#1303,#1304);
#1302 = CARTESIAN_POINT('',(4.190625,4.190625,11.));
#1303 = DIRECTION('',(0.,0.,1.));
#1304 = DIRECTION('',(-1.,4.2E-16,0.));
#1305 = PCURVE('',#32,#1306);
#1306 = DEFINITIONAL_REPRESENTATION('',(#1307),#1311);
#1307 = CIRCLE('',#1308,2.690625);
#1308 = AXIS2_PLACEMENT_2D('',#1309,#1310);
#1309 = CARTESIAN_POINT('',(-55.71316980473,-46.33396388426));
#1310 = DIRECTION('',(-1.,4.2E-16));
#1311 = ( GEOMETRIC_REPRESENTATION_CONTEXT(2) 
PARAMETRIC_REPRESENTATION_CONTEXT() REPRESENTATION_CONTEXT('2D SPACE',''
  ) );
#1312 = PCURVE('',#1313,#1318);
#1313 = TOROIDAL_SURFACE('',#1314,2.690625,1.5);
#1314 = AXIS2_PLACEMENT_3D('',#1315,#1316,#1317);
#1315 = CARTESIAN_POINT('',(4.190625,4.190625,9.5));
#1316 = DIRECTION('',(-0.,-0.,-1.));
#1317 = DIRECTION('',(-1.,4.2E-16,0.));
#1318 = DEFINITIONAL_REPRESENTATION('',(#1319),#1323);
#1319 = LINE('',#1320,#1321);
#1320 = CARTESIAN_POINT('',(-0.,4.712388980385));
#1321 = VECTOR('',#1322,1.);
#1322 = DIRECTION('',(-1.,0.));
#1323 = ( GEOMETRIC_REPRESENTATION_CONTEXT(2) 
PARAMETRIC_REPRESENTATION_CONTEXT() REPRESENTATION_CONTEXT('2D SPACE',''
  ) );
#1324 = ORIENTED_EDGE('',*,*,#1325,.T.);
#1325 = EDGE_CURVE('',#1297,#1326,#1328,.T.);
#1326 = VERTEX_POINT('',#1327);
#1327 = CARTESIAN_POINT('',(22.895066095639,1.5,11.));
#1328 = SURFACE_CURVE('',#1329,(#1333,#1340),.PCURVE_S1.);
#1329 = LINE('',#1330,#1331);
#1330 = CARTESIAN_POINT('',(4.190625,1.5,11.));
#1331 = VECTOR('',#1332,1.);
#1332 = DIRECTION('',(1.,0.,0.));
#1333 = PCURVE('',#32,#1334);
#1334 = DEFINITIONAL_REPRESENTATION('',(#1335),#1339);
#1335 = LINE('',#1336,#1337);
#1336 = CARTESIAN_POINT('',(-55.71316980473,-49.02458888426));
#1337 = VECTOR('',#1338,1.);
#1338 = DIRECTION('',(1.,0.));
#1339 = ( GEOMETRIC_REPRESENTATION_CONTEXT(2) 
PARAMETRIC_REPRESENTATION_CONTEXT() REPRESENTATION_CONTEXT('2D SPACE',''
  ) );
#1340 = PCURVE('',#1341,#1346);
#1341 = CYLINDRICAL_SURFACE('',#1342,1.5);
#1342 = AXIS2_PLACEMENT_3D('',#1343,#1344,#1345);
#1343 = CARTESIAN_POINT('',(4.190625,1.5,9.5));
#1344 = DIRECTION('',(1.,0.,0.));
#1345 = DIRECTION('',(0.,0.,1.));
#1346 = DEFINITIONAL_REPRESENTATION('',(#1347),#1351);
#1347 = LINE('',#1348,#1349);
#1348 = CARTESIAN_POINT('',(0.,0.));
#1349 = VECTOR('',#1350,1.);
#1350 = DIRECTION('',(0.,1.));
#1351 = ( GEOMETRIC_REPRESENTATION_CONTEXT(2) 
PARAMETRIC_REPRESENTATION_CONTEXT() REPRESENTATION_CONTEXT('2D SPACE',''
  ) );
#1352 = ORIENTED_EDGE('',*,*,#1353,.T.);
#1353 = EDGE_CURVE('',#1326,#1354,#1356,.T.);
#1354 = VERTEX_POINT('',#1355);
#1355 = CARTESIAN_POINT('',(25.567845549905,3.881250018021,11.));
#1356 = SURFACE_CURVE('',#1357,(#1371,#1388),.PCURVE_S1.);
#1357 = ( BOUNDED_CURVE() B_SPLINE_CURVE(12,(#1358,#1359,#1360,#1361,
    #1362,#1363,#1364,#1365,#1366,#1367,#1368,#1369,#1370),
.UNSPECIFIED.,.F.,.F.) B_SPLINE_CURVE_WITH_KNOTS((13,13),(
383.40281457165,389.50251594109),.PIECEWISE_BEZIER_KNOTS.) CURVE() 
GEOMETRIC_REPRESENTATION_ITEM() RATIONAL_B_SPLINE_CURVE((1.,1.,1.,1.,1.,
1.,1.,1.,1.,1.,1.,1.,1.)) REPRESENTATION_ITEM('') );
#1358 = CARTESIAN_POINT('',(22.895066077497,1.5,11.));
#1359 = CARTESIAN_POINT('',(23.199352474576,1.499999997948,11.));
#1360 = CARTESIAN_POINT('',(23.514960756796,1.537435540692,11.));
#1361 = CARTESIAN_POINT('',(23.835795797941,1.617951707318,11.));
#1362 = CARTESIAN_POINT('',(24.149989278069,1.73996532504,11.));
#1363 = CARTESIAN_POINT('',(24.458376636403,1.917573115515,11.));
#1364 = CARTESIAN_POINT('',(24.727996316913,2.122284526694,11.));
#1365 = CARTESIAN_POINT('',(24.982194748416,2.383667014218,11.));
#1366 = CARTESIAN_POINT('',(25.180785038544,2.659116369738,11.));
#1367 = CARTESIAN_POINT('',(25.343764638562,2.9610008206,11.));
#1368 = CARTESIAN_POINT('',(25.459203590683,3.269696188905,11.));
#1369 = CARTESIAN_POINT('',(25.532857704351,3.578979956786,11.));
#1370 = CARTESIAN_POINT('',(25.567845549905,3.881250018021,11.));
#1371 = PCURVE('',#32,#1372);
#1372 = DEFINITIONAL_REPRESENTATION('',(#1373),#1387);
#1373 = ( BOUNDED_CURVE() B_SPLINE_CURVE(12,(#1374,#1375,#1376,#1377,
    #1378,#1379,#1380,#1381,#1382,#1383,#1384,#1385,#1386),
.UNSPECIFIED.,.F.,.F.) B_SPLINE_CURVE_WITH_KNOTS((13,13),(
383.40281457165,389.50251594109),.PIECEWISE_BEZIER_KNOTS.) CURVE() 
GEOMETRIC_REPRESENTATION_ITEM() RATIONAL_B_SPLINE_CURVE((1.,1.,1.,1.,1.,
1.,1.,1.,1.,1.,1.,1.,1.)) REPRESENTATION_ITEM('') );
#1374 = CARTESIAN_POINT('',(-37.00872872723,-49.02458888426));
#1375 = CARTESIAN_POINT('',(-36.70444233015,-49.02458888631));
#1376 = CARTESIAN_POINT('',(-36.38883404793,-48.98715334356));
#1377 = CARTESIAN_POINT('',(-36.06799900678,-48.90663717694));
#1378 = CARTESIAN_POINT('',(-35.75380552666,-48.78462355922));
#1379 = CARTESIAN_POINT('',(-35.44541816832,-48.60701576874));
#1380 = CARTESIAN_POINT('',(-35.17579848781,-48.40230435756));
#1381 = CARTESIAN_POINT('',(-34.92160005631,-48.14092187004));
#1382 = CARTESIAN_POINT('',(-34.72300976618,-47.86547251452));
#1383 = CARTESIAN_POINT('',(-34.56003016616,-47.56358806366));
#1384 = CARTESIAN_POINT('',(-34.44459121404,-47.25489269535));
#1385 = CARTESIAN_POINT('',(-34.37093710037,-46.94560892747));
#1386 = CARTESIAN_POINT('',(-34.33594925482,-46.64333886624));
#1387 = ( GEOMETRIC_REPRESENTATION_CONTEXT(2) 
PARAMETRIC_REPRESENTATION_CONTEXT() REPRESENTATION_CONTEXT('2D SPACE',''
  ) );
#1388 = PCURVE('',#1389,#1429);
#1389 = ( BOUNDED_SURFACE() B_SPLINE_SURFACE(2,12,(
    (#1390,#1391,#1392,#1393,#1394,#1395,#1396,#1397,#1398,#1399,#1400
      ,#1401,#1402)
    ,(#1403,#1404,#1405,#1406,#1407,#1408,#1409,#1410,#1411,#1412,#1413
      ,#1414,#1415)
    ,(#1416,#1417,#1418,#1419,#1420,#1421,#1422,#1423,#1424,#1425,#1426
      ,#1427,#1428
)),.UNSPECIFIED.,.F.,.F.,.F.) B_SPLINE_SURFACE_WITH_KNOTS((3,3),(13,13),
  (0.,6.099701369439),(383.40281457165,389.50251594109),
.PIECEWISE_BEZIER_KNOTS.) GEOMETRIC_REPRESENTATION_ITEM() 
RATIONAL_B_SPLINE_SURFACE((
    (1.,1.,1.,1.,1.,1.,1.,1.,1.,1.,1.,1.,1.)
    ,(0.707106781187,0.707106781187,0.707106781186,0.707106781187
      ,0.707106781186,0.707106781187,0.707106781186,0.707106781187
      ,0.707106781187,0.707106781187,0.707106781187,0.707106781187
      ,0.707106781187)
,(1.,1.,1.,1.,1.,1.,1.,1.,1.,1.,1.,1.,1.
))) REPRESENTATION_ITEM('') SURFACE() );
#1390 = CARTESIAN_POINT('',(22.895066077497,1.5,11.));
#1391 = CARTESIAN_POINT('',(23.199352474576,1.499999997948,11.));
#1392 = CARTESIAN_POINT('',(23.514960756796,1.537435540692,11.));
#1393 = CARTESIAN_POINT('',(23.835795797941,1.617951707318,11.));
#1394 = CARTESIAN_POINT('',(24.149989278069,1.73996532504,11.));
#1395 = CARTESIAN_POINT('',(24.458376636403,1.917573115515,11.));
#1396 = CARTESIAN_POINT('',(24.727996316913,2.122284526694,11.));
#1397 = CARTESIAN_POINT('',(24.982194748416,2.383667014218,11.));
#1398 = CARTESIAN_POINT('',(25.180785038544,2.659116369738,11.));
#1399 = CARTESIAN_POINT('',(25.343764638562,2.9610008206,11.));
#1400 = CARTESIAN_POINT('',(25.459203590683,3.269696188905,11.));
#1401 = CARTESIAN_POINT('',(25.532857704351,3.578979956786,11.));
#1402 = CARTESIAN_POINT('',(25.567845549905,3.881250018021,11.));
#1403 = CARTESIAN_POINT('',(22.895066095639,2.2E-16,11.));
#1404 = CARTESIAN_POINT('',(23.368987554631,1.688E-14,11.));
#1405 = CARTESIAN_POINT('',(23.860655112919,5.845916657481E-02,11.));
#1406 = CARTESIAN_POINT('',(24.359374749375,0.182707294234,11.));
#1407 = CARTESIAN_POINT('',(24.852622685762,0.376868032532,11.));
#1408 = CARTESIAN_POINT('',(25.323958696049,0.644577860918,
    11.000000000001));
#1409 = CARTESIAN_POINT('',(25.757044177965,0.975878561808,
    10.999999999999));
#1410 = CARTESIAN_POINT('',(26.140317780717,1.371659623745,
    11.000000000001));
#1411 = CARTESIAN_POINT('',(26.457514442623,1.807026328492,11.));
#1412 = CARTESIAN_POINT('',(26.708277841116,2.27528609812,11.));
#1413 = CARTESIAN_POINT('',(26.888757316439,2.756266993572,11.));
#1414 = CARTESIAN_POINT('',(27.003403465149,3.237992477105,11.));
#1415 = CARTESIAN_POINT('',(27.057896810359,3.708776132402,11.));
#1416 = CARTESIAN_POINT('',(22.895066095639,0.,9.5));
#1417 = CARTESIAN_POINT('',(23.368987554631,-5.529E-14,9.5));
#1418 = CARTESIAN_POINT('',(23.860655112919,5.845916657514E-02,9.5));
#1419 = CARTESIAN_POINT('',(24.359374749375,0.182707294233,9.5));
#1420 = CARTESIAN_POINT('',(24.852622685762,0.376868032534,9.5));
#1421 = CARTESIAN_POINT('',(25.323958696048,0.644577860915,
    9.500000000001));
#1422 = CARTESIAN_POINT('',(25.757044177967,0.975878561811,
    9.499999999999));
#1423 = CARTESIAN_POINT('',(26.140317780716,1.371659623743,
    9.500000000001));
#1424 = CARTESIAN_POINT('',(26.457514442624,1.807026328494,9.5));
#1425 = CARTESIAN_POINT('',(26.708277841116,2.275286098119,9.5));
#1426 = CARTESIAN_POINT('',(26.888757316439,2.756266993573,9.5));
#1427 = CARTESIAN_POINT('',(27.003403465149,3.237992477105,9.5));
#1428 = CARTESIAN_POINT('',(27.057896810359,3.708776132402,9.5));
#1429 = DEFINITIONAL_REPRESENTATION('',(#1430),#1434);
#1430 = LINE('',#1431,#1432);
#1431 = CARTESIAN_POINT('',(0.,0.));
#1432 = VECTOR('',#1433,1.);
#1433 = DIRECTION('',(0.,1.));
#1434 = ( GEOMETRIC_REPRESENTATION_CONTEXT(2) 
PARAMETRIC_REPRESENTATION_CONTEXT() REPRESENTATION_CONTEXT('2D SPACE',''
  ) );
#1435 = ORIENTED_EDGE('',*,*,#1436,.T.);
#1436 = EDGE_CURVE('',#1354,#1437,#1439,.T.);
#1437 = VERTEX_POINT('',#1438);
#1438 = CARTESIAN_POINT('',(28.240625,6.262499999998,11.));
#1439 = SURFACE_CURVE('',#1440,(#1445,#1456),.PCURVE_S1.);
#1440 = CIRCLE('',#1441,2.690625);
#1441 = AXIS2_PLACEMENT_3D('',#1442,#1443,#1444);
#1442 = CARTESIAN_POINT('',(28.240625,3.571874999998,11.));
#1443 = DIRECTION('',(0.,0.,-1.));
#1444 = DIRECTION('',(-0.99336750836,0.114982578398,0.));
#1445 = PCURVE('',#32,#1446);
#1446 = DEFINITIONAL_REPRESENTATION('',(#1447),#1455);
#1447 = ( BOUNDED_CURVE() B_SPLINE_CURVE(2,(#1448,#1449,#1450,#1451,
#1452,#1453,#1454),.UNSPECIFIED.,.T.,.F.) B_SPLINE_CURVE_WITH_KNOTS((1,2
    ,2,2,2,1),(-2.094395102393,0.,2.094395102393,4.188790204786,
6.28318530718,8.377580409573),.UNSPECIFIED.) CURVE() 
GEOMETRIC_REPRESENTATION_ITEM() RATIONAL_B_SPLINE_CURVE((1.,0.5,1.,0.5,
1.,0.5,1.)) REPRESENTATION_ITEM('') );
#1448 = CARTESIAN_POINT('',(-34.33594925691,-46.64333888426));
#1449 = CARTESIAN_POINT('',(-33.80009603831,-42.01394907565));
#1450 = CARTESIAN_POINT('',(-30.05885346934,-44.79270647996));
#1451 = CARTESIAN_POINT('',(-26.31761090036,-47.57146388426));
#1452 = CARTESIAN_POINT('',(-30.59470668793,-49.42209628856));
#1453 = CARTESIAN_POINT('',(-34.8718024755,-51.27272869286));
#1454 = CARTESIAN_POINT('',(-34.33594925691,-46.64333888426));
#1455 = ( GEOMETRIC_REPRESENTATION_CONTEXT(2) 
PARAMETRIC_REPRESENTATION_CONTEXT() REPRESENTATION_CONTEXT('2D SPACE',''
  ) );
#1456 = PCURVE('',#1457,#1462);
#1457 = TOROIDAL_SURFACE('',#1458,2.690625,1.5);
#1458 = AXIS2_PLACEMENT_3D('',#1459,#1460,#1461);
#1459 = CARTESIAN_POINT('',(28.240625,3.571874999998,9.5));
#1460 = DIRECTION('',(0.,0.,1.));
#1461 = DIRECTION('',(-0.99336750836,0.114982578398,0.));
#1462 = DEFINITIONAL_REPRESENTATION('',(#1463),#1467);
#1463 = LINE('',#1464,#1465);
#1464 = CARTESIAN_POINT('',(-0.,1.570796326795));
#1465 = VECTOR('',#1466,1.);
#1466 = DIRECTION('',(-1.,0.));
#1467 = ( GEOMETRIC_REPRESENTATION_CONTEXT(2) 
PARAMETRIC_REPRESENTATION_CONTEXT() REPRESENTATION_CONTEXT('2D SPACE',''
  ) );
#1468 = ORIENTED_EDGE('',*,*,#1469,.T.);
#1469 = EDGE_CURVE('',#1437,#1470,#1472,.T.);
#1470 = VERTEX_POINT('',#1471);
#1471 = CARTESIAN_POINT('',(41.945066095639,6.262499999998,11.));
#1472 = SURFACE_CURVE('',#1473,(#1477,#1484),.PCURVE_S1.);
#1473 = LINE('',#1474,#1475);
#1474 = CARTESIAN_POINT('',(28.240625,6.262499999998,11.));
#1475 = VECTOR('',#1476,1.);
#1476 = DIRECTION('',(1.,0.,0.));
#1477 = PCURVE('',#32,#1478);
#1478 = DEFINITIONAL_REPRESENTATION('',(#1479),#1483);
#1479 = LINE('',#1480,#1481);
#1480 = CARTESIAN_POINT('',(-31.66316980473,-44.26208888426));
#1481 = VECTOR('',#1482,1.);
#1482 = DIRECTION('',(1.,0.));
#1483 = ( GEOMETRIC_REPRESENTATION_CONTEXT(2) 
PARAMETRIC_REPRESENTATION_CONTEXT() REPRESENTATION_CONTEXT('2D SPACE',''
  ) );
#1484 = PCURVE('',#1485,#1490);
#1485 = CYLINDRICAL_SURFACE('',#1486,1.5);
#1486 = AXIS2_PLACEMENT_3D('',#1487,#1488,#1489);
#1487 = CARTESIAN_POINT('',(28.240625,6.262499999998,9.5));
#1488 = DIRECTION('',(1.,0.,0.));
#1489 = DIRECTION('',(0.,0.,1.));
#1490 = DEFINITIONAL_REPRESENTATION('',(#1491),#1495);
#1491 = LINE('',#1492,#1493);
#1492 = CARTESIAN_POINT('',(0.,0.));
#1493 = VECTOR('',#1494,1.);
#1494 = DIRECTION('',(0.,1.));
#1495 = ( GEOMETRIC_REPRESENTATION_CONTEXT(2) 
PARAMETRIC_REPRESENTATION_CONTEXT() REPRESENTATION_CONTEXT('2D SPACE',''
  ) );
#1496 = ORIENTED_EDGE('',*,*,#1497,.T.);
#1497 = EDGE_CURVE('',#1470,#1498,#1500,.T.);
#1498 = VERTEX_POINT('',#1499);
#1499 = CARTESIAN_POINT('',(44.617845549905,8.643750018019,11.));
#1500 = SURFACE_CURVE('',#1501,(#1515,#1532),.PCURVE_S1.);
#1501 = ( BOUNDED_CURVE() B_SPLINE_CURVE(12,(#1502,#1503,#1504,#1505,
    #1506,#1507,#1508,#1509,#1510,#1511,#1512,#1513,#1514),
.UNSPECIFIED.,.F.,.F.) B_SPLINE_CURVE_WITH_KNOTS((13,13),(
404.93998181045,411.03968317989),.PIECEWISE_BEZIER_KNOTS.) CURVE() 
GEOMETRIC_REPRESENTATION_ITEM() RATIONAL_B_SPLINE_CURVE((1.,1.,
    0.999999999999,1.000000000002,0.999999999997,1.000000000004,
    0.999999999996,1.000000000004,0.999999999998,1.000000000001,1.,1.,1.
)) REPRESENTATION_ITEM('') );
#1502 = CARTESIAN_POINT('',(41.945066077496,6.262499999998,11.));
#1503 = CARTESIAN_POINT('',(42.249352474576,6.262499997946,11.));
#1504 = CARTESIAN_POINT('',(42.564960756795,6.299935540692,11.));
#1505 = CARTESIAN_POINT('',(42.885795797933,6.380451707291,11.));
#1506 = CARTESIAN_POINT('',(43.1999892781,6.502465325126,11.));
#1507 = CARTESIAN_POINT('',(43.50837663633,6.680073115306,11.));
#1508 = CARTESIAN_POINT('',(43.777996317017,6.884784527027,11.));
#1509 = CARTESIAN_POINT('',(44.032194748296,7.146167013823,11.));
#1510 = CARTESIAN_POINT('',(44.23078503864,7.421616370048,11.));
#1511 = CARTESIAN_POINT('',(44.393764638512,7.723500820442,11.));
#1512 = CARTESIAN_POINT('',(44.509203590694,8.032196188934,11.));
#1513 = CARTESIAN_POINT('',(44.582857704351,8.341479956785,11.));
#1514 = CARTESIAN_POINT('',(44.617845549905,8.643750018019,11.));
#1515 = PCURVE('',#32,#1516);
#1516 = DEFINITIONAL_REPRESENTATION('',(#1517),#1531);
#1517 = ( BOUNDED_CURVE() B_SPLINE_CURVE(12,(#1518,#1519,#1520,#1521,
    #1522,#1523,#1524,#1525,#1526,#1527,#1528,#1529,#1530),
.UNSPECIFIED.,.F.,.F.) B_SPLINE_CURVE_WITH_KNOTS((13,13),(
404.93998181045,411.03968317989),.PIECEWISE_BEZIER_KNOTS.) CURVE() 
GEOMETRIC_REPRESENTATION_ITEM() RATIONAL_B_SPLINE_CURVE((1.,1.,
    0.999999999999,1.000000000002,0.999999999997,1.000000000004,
    0.999999999996,1.000000000004,0.999999999998,1.000000000001,1.,1.,1.
)) REPRESENTATION_ITEM('') );
#1518 = CARTESIAN_POINT('',(-17.95872872723,-44.26208888426));
#1519 = CARTESIAN_POINT('',(-17.65444233015,-44.26208888631));
#1520 = CARTESIAN_POINT('',(-17.33883404793,-44.22465334356));
#1521 = CARTESIAN_POINT('',(-17.01799900679,-44.14413717696));
#1522 = CARTESIAN_POINT('',(-16.70380552662,-44.02212355913));
#1523 = CARTESIAN_POINT('',(-16.3954181684,-43.84451576895));
#1524 = CARTESIAN_POINT('',(-16.12579848771,-43.63980435723));
#1525 = CARTESIAN_POINT('',(-15.87160005643,-43.37842187043));
#1526 = CARTESIAN_POINT('',(-15.67300976609,-43.10297251421));
#1527 = CARTESIAN_POINT('',(-15.51003016621,-42.80108806381));
#1528 = CARTESIAN_POINT('',(-15.39459121403,-42.49239269532));
#1529 = CARTESIAN_POINT('',(-15.32093710037,-42.18310892747));
#1530 = CARTESIAN_POINT('',(-15.28594925482,-41.88083886624));
#1531 = ( GEOMETRIC_REPRESENTATION_CONTEXT(2) 
PARAMETRIC_REPRESENTATION_CONTEXT() REPRESENTATION_CONTEXT('2D SPACE',''
  ) );
#1532 = PCURVE('',#1533,#1573);
#1533 = ( BOUNDED_SURFACE() B_SPLINE_SURFACE(2,12,(
    (#1534,#1535,#1536,#1537,#1538,#1539,#1540,#1541,#1542,#1543,#1544
      ,#1545,#1546)
    ,(#1547,#1548,#1549,#1550,#1551,#1552,#1553,#1554,#1555,#1556,#1557
      ,#1558,#1559)
    ,(#1560,#1561,#1562,#1563,#1564,#1565,#1566,#1567,#1568,#1569,#1570
      ,#1571,#1572
)),.UNSPECIFIED.,.F.,.F.,.F.) B_SPLINE_SURFACE_WITH_KNOTS((3,3),(13,13),
  (0.,6.09970136944),(404.93998181045,411.03968317989),
.PIECEWISE_BEZIER_KNOTS.) GEOMETRIC_REPRESENTATION_ITEM() 
RATIONAL_B_SPLINE_SURFACE((
    (1.,1.,0.999999999999,1.000000000002,0.999999999997,1.000000000004
      ,0.999999999996,1.000000000004,0.999999999998,1.000000000001,1.,1.
      ,1.)
    ,(0.707106781187,0.707106781187,0.707106781186,0.707106781188
      ,0.707106781184,0.70710678119,0.707106781183,0.707106781189
      ,0.707106781185,0.707106781188,0.707106781186,0.707106781187
      ,0.707106781187)
    ,(1.,1.,0.999999999999,1.000000000002,0.999999999997,1.000000000004
      ,0.999999999996,1.000000000004,0.999999999998,1.000000000001,1.,1.
,1.))) REPRESENTATION_ITEM('') SURFACE() );
#1534 = CARTESIAN_POINT('',(41.945066077496,6.262499999998,11.));
#1535 = CARTESIAN_POINT('',(42.249352474576,6.262499997946,11.));
#1536 = CARTESIAN_POINT('',(42.564960756795,6.299935540692,11.));
#1537 = CARTESIAN_POINT('',(42.885795797933,6.380451707291,11.));
#1538 = CARTESIAN_POINT('',(43.1999892781,6.502465325126,11.));
#1539 = CARTESIAN_POINT('',(43.50837663633,6.680073115306,11.));
#1540 = CARTESIAN_POINT('',(43.777996317017,6.884784527027,11.));
#1541 = CARTESIAN_POINT('',(44.032194748296,7.146167013823,11.));
#1542 = CARTESIAN_POINT('',(44.23078503864,7.421616370048,11.));
#1543 = CARTESIAN_POINT('',(44.393764638512,7.723500820442,11.));
#1544 = CARTESIAN_POINT('',(44.509203590694,8.032196188934,11.));
#1545 = CARTESIAN_POINT('',(44.582857704351,8.341479956785,11.));
#1546 = CARTESIAN_POINT('',(44.617845549905,8.643750018019,11.));
#1547 = CARTESIAN_POINT('',(41.945066095639,4.762499999998,11.));
#1548 = CARTESIAN_POINT('',(42.418987554631,4.762499999998,11.));
#1549 = CARTESIAN_POINT('',(42.910655112917,4.820959166573,11.));
#1550 = CARTESIAN_POINT('',(43.409374749376,4.945207294225,
    11.000000000001));
#1551 = CARTESIAN_POINT('',(43.902622685756,5.139368032559,
    10.999999999998));
#1552 = CARTESIAN_POINT('',(44.37395869605,5.407077860836,
    11.000000000002));
#1553 = CARTESIAN_POINT('',(44.807044177979,5.738378561949,
    10.999999999997));
#1554 = CARTESIAN_POINT('',(45.19031778067,6.134159623562,
    11.000000000002));
#1555 = CARTESIAN_POINT('',(45.507514442669,6.569526328624,
    10.999999999998));
#1556 = CARTESIAN_POINT('',(45.758277841091,7.03778609806,
    11.000000000001));
#1557 = CARTESIAN_POINT('',(45.938757316443,7.518766993574,11.));
#1558 = CARTESIAN_POINT('',(46.053403465149,8.000492477102,11.));
#1559 = CARTESIAN_POINT('',(46.107896810359,8.471276132401,11.));
#1560 = CARTESIAN_POINT('',(41.945066095639,4.762499999998,9.5));
#1561 = CARTESIAN_POINT('',(42.418987554631,4.762499999998,9.5));
#1562 = CARTESIAN_POINT('',(42.910655112917,4.820959166573,9.5));
#1563 = CARTESIAN_POINT('',(43.409374749377,4.945207294224,9.5));
#1564 = CARTESIAN_POINT('',(43.902622685755,5.13936803256,9.5));
#1565 = CARTESIAN_POINT('',(44.373958696052,5.407077860834,
    9.500000000001));
#1566 = CARTESIAN_POINT('',(44.807044177978,5.738378561951,9.5));
#1567 = CARTESIAN_POINT('',(45.190317780672,6.134159623561,9.5));
#1568 = CARTESIAN_POINT('',(45.507514442668,6.569526328625,9.5));
#1569 = CARTESIAN_POINT('',(45.758277841092,7.03778609806,9.5));
#1570 = CARTESIAN_POINT('',(45.938757316443,7.518766993574,9.5));
#1571 = CARTESIAN_POINT('',(46.053403465149,8.000492477102,9.5));
#1572 = CARTESIAN_POINT('',(46.107896810359,8.471276132401,9.5));
#1573 = DEFINITIONAL_REPRESENTATION('',(#1574),#1578);
#1574 = LINE('',#1575,#1576);
#1575 = CARTESIAN_POINT('',(0.,0.));
#1576 = VECTOR('',#1577,1.);
#1577 = DIRECTION('',(0.,1.));
#1578 = ( GEOMETRIC_REPRESENTATION_CONTEXT(2) 
PARAMETRIC_REPRESENTATION_CONTEXT() REPRESENTATION_CONTEXT('2D SPACE',''
  ) );
#1579 = ORIENTED_EDGE('',*,*,#1580,.T.);
#1580 = EDGE_CURVE('',#1498,#1581,#1583,.T.);
#1581 = VERTEX_POINT('',#1582);
#1582 = CARTESIAN_POINT('',(47.290625,11.024999999996,11.));
#1583 = SURFACE_CURVE('',#1584,(#1589,#1600),.PCURVE_S1.);
#1584 = CIRCLE('',#1585,2.690625);
#1585 = AXIS2_PLACEMENT_3D('',#1586,#1587,#1588);
#1586 = CARTESIAN_POINT('',(47.290625,8.334374999996,11.));
#1587 = DIRECTION('',(0.,0.,-1.));
#1588 = DIRECTION('',(-0.99336750836,0.114982578397,0.));
#1589 = PCURVE('',#32,#1590);
#1590 = DEFINITIONAL_REPRESENTATION('',(#1591),#1599);
#1591 = ( BOUNDED_CURVE() B_SPLINE_CURVE(2,(#1592,#1593,#1594,#1595,
#1596,#1597,#1598),.UNSPECIFIED.,.T.,.F.) B_SPLINE_CURVE_WITH_KNOTS((1,2
    ,2,2,2,1),(-2.094395102393,0.,2.094395102393,4.188790204786,
6.28318530718,8.377580409573),.UNSPECIFIED.) CURVE() 
GEOMETRIC_REPRESENTATION_ITEM() RATIONAL_B_SPLINE_CURVE((1.,0.5,1.,0.5,
1.,0.5,1.)) REPRESENTATION_ITEM('') );
#1592 = CARTESIAN_POINT('',(-15.28594925691,-41.88083888426));
#1593 = CARTESIAN_POINT('',(-14.75009603831,-37.25144907566));
#1594 = CARTESIAN_POINT('',(-11.00885346934,-40.03020647996));
#1595 = CARTESIAN_POINT('',(-7.267610900368,-42.80896388426));
#1596 = CARTESIAN_POINT('',(-11.54470668793,-44.65959628856));
#1597 = CARTESIAN_POINT('',(-15.8218024755,-46.51022869286));
#1598 = CARTESIAN_POINT('',(-15.28594925691,-41.88083888426));
#1599 = ( GEOMETRIC_REPRESENTATION_CONTEXT(2) 
PARAMETRIC_REPRESENTATION_CONTEXT() REPRESENTATION_CONTEXT('2D SPACE',''
  ) );
#1600 = PCURVE('',#1601,#1606);
#1601 = TOROIDAL_SURFACE('',#1602,2.690625,1.5);
#1602 = AXIS2_PLACEMENT_3D('',#1603,#1604,#1605);
#1603 = CARTESIAN_POINT('',(47.290625,8.334374999996,9.5));
#1604 = DIRECTION('',(0.,0.,1.));
#1605 = DIRECTION('',(-0.99336750836,0.114982578397,0.));
#1606 = DEFINITIONAL_REPRESENTATION('',(#1607),#1611);
#1607 = LINE('',#1608,#1609);
#1608 = CARTESIAN_POINT('',(-0.,1.570796326795));
#1609 = VECTOR('',#1610,1.);
#1610 = DIRECTION('',(-1.,0.));
#1611 = ( GEOMETRIC_REPRESENTATION_CONTEXT(2) 
PARAMETRIC_REPRESENTATION_CONTEXT() REPRESENTATION_CONTEXT('2D SPACE',''
  ) );
#1612 = ORIENTED_EDGE('',*,*,#1613,.T.);
#1613 = EDGE_CURVE('',#1581,#1614,#1616,.T.);
#1614 = VERTEX_POINT('',#1615);
#1615 = CARTESIAN_POINT('',(63.340625,11.024999999996,11.));
#1616 = SURFACE_CURVE('',#1617,(#1621,#1628),.PCURVE_S1.);
#1617 = LINE('',#1618,#1619);
#1618 = CARTESIAN_POINT('',(47.290625,11.024999999996,11.));
#1619 = VECTOR('',#1620,1.);
#1620 = DIRECTION('',(1.,0.,0.));
#1621 = PCURVE('',#32,#1622);
#1622 = DEFINITIONAL_REPRESENTATION('',(#1623),#1627);
#1623 = LINE('',#1624,#1625);
#1624 = CARTESIAN_POINT('',(-12.61316980473,-39.49958888426));
#1625 = VECTOR('',#1626,1.);
#1626 = DIRECTION('',(1.,0.));
#1627 = ( GEOMETRIC_REPRESENTATION_CONTEXT(2) 
PARAMETRIC_REPRESENTATION_CONTEXT() REPRESENTATION_CONTEXT('2D SPACE',''
  ) );
#1628 = PCURVE('',#1629,#1634);
#1629 = CYLINDRICAL_SURFACE('',#1630,1.5);
#1630 = AXIS2_PLACEMENT_3D('',#1631,#1632,#1633);
#1631 = CARTESIAN_POINT('',(47.290625,11.024999999996,9.5));
#1632 = DIRECTION('',(1.,0.,0.));
#1633 = DIRECTION('',(0.,0.,1.));
#1634 = DEFINITIONAL_REPRESENTATION('',(#1635),#1639);
#1635 = LINE('',#1636,#1637);
#1636 = CARTESIAN_POINT('',(0.,0.));
#1637 = VECTOR('',#1638,1.);
#1638 = DIRECTION('',(0.,1.));
#1639 = ( GEOMETRIC_REPRESENTATION_CONTEXT(2) 
PARAMETRIC_REPRESENTATION_CONTEXT() REPRESENTATION_CONTEXT('2D SPACE',''
  ) );
#1640 = ORIENTED_EDGE('',*,*,#1641,.T.);
#1641 = EDGE_CURVE('',#1614,#22,#1642,.T.);
#1642 = SURFACE_CURVE('',#1643,(#1648,#1655),.PCURVE_S1.);
#1643 = CIRCLE('',#1644,2.690625);
#1644 = AXIS2_PLACEMENT_3D('',#1645,#1646,#1647);
#1645 = CARTESIAN_POINT('',(63.340625,13.715624999996,11.));
#1646 = DIRECTION('',(-0.,0.,1.));
#1647 = DIRECTION('',(0.,-1.,0.));
#1648 = PCURVE('',#32,#1649);
#1649 = DEFINITIONAL_REPRESENTATION('',(#1650),#1654);
#1650 = CIRCLE('',#1651,2.690625);
#1651 = AXIS2_PLACEMENT_2D('',#1652,#1653);
#1652 = CARTESIAN_POINT('',(3.43683019527,-36.80896388426));
#1653 = DIRECTION('',(0.,-1.));
#1654 = ( GEOMETRIC_REPRESENTATION_CONTEXT(2) 
PARAMETRIC_REPRESENTATION_CONTEXT() REPRESENTATION_CONTEXT('2D SPACE',''
  ) );
#1655 = PCURVE('',#1656,#1661);
#1656 = TOROIDAL_SURFACE('',#1657,2.690625,1.5);
#1657 = AXIS2_PLACEMENT_3D('',#1658,#1659,#1660);
#1658 = CARTESIAN_POINT('',(63.340625,13.715624999996,9.5));
#1659 = DIRECTION('',(-0.,-0.,-1.));
#1660 = DIRECTION('',(0.,-1.,0.));
#1661 = DEFINITIONAL_REPRESENTATION('',(#1662),#1666);
#1662 = LINE('',#1663,#1664);
#1663 = CARTESIAN_POINT('',(-0.,4.712388980385));
#1664 = VECTOR('',#1665,1.);
#1665 = DIRECTION('',(-1.,0.));
#1666 = ( GEOMETRIC_REPRESENTATION_CONTEXT(2) 
PARAMETRIC_REPRESENTATION_CONTEXT() REPRESENTATION_CONTEXT('2D SPACE',''
  ) );
#1667 = FACE_BOUND('',#1668,.T.);
#1668 = EDGE_LOOP('',(#1669,#1699,#1732,#1760,#1793,#1821,#1854,#1882,
    #1915,#1943,#1976,#2004,#2037,#2065,#2098,#2126,#2159,#2187,#2220,
    #2248,#2281,#2309,#2342,#2370,#2403,#2431,#2464,#2492,#2521,#2549,
    #2578,#2606,#2635,#2663,#2696,#2724,#2753,#2781,#2814,#2842,#2875,
    #2903,#2932,#2960,#2993,#3021,#3050,#3078));
#1669 = ORIENTED_EDGE('',*,*,#1670,.F.);
#1670 = EDGE_CURVE('',#1671,#1673,#1675,.T.);
#1671 = VERTEX_POINT('',#1672);
#1672 = CARTESIAN_POINT('',(24.05,5.38125,11.));
#1673 = VERTEX_POINT('',#1674);
#1674 = CARTESIAN_POINT('',(24.05,6.571875,11.));
#1675 = SURFACE_CURVE('',#1676,(#1680,#1687),.PCURVE_S1.);
#1676 = LINE('',#1677,#1678);
#1677 = CARTESIAN_POINT('',(24.05,3.,11.));
#1678 = VECTOR('',#1679,1.);
#1679 = DIRECTION('',(0.,1.,0.));
#1680 = PCURVE('',#32,#1681);
#1681 = DEFINITIONAL_REPRESENTATION('',(#1682),#1686);
#1682 = LINE('',#1683,#1684);
#1683 = CARTESIAN_POINT('',(-35.85379480473,-47.52458888426));
#1684 = VECTOR('',#1685,1.);
#1685 = DIRECTION('',(0.,1.));
#1686 = ( GEOMETRIC_REPRESENTATION_CONTEXT(2) 
PARAMETRIC_REPRESENTATION_CONTEXT() REPRESENTATION_CONTEXT('2D SPACE',''
  ) );
#1687 = PCURVE('',#1688,#1693);
#1688 = PLANE('',#1689);
#1689 = AXIS2_PLACEMENT_3D('',#1690,#1691,#1692);
#1690 = CARTESIAN_POINT('',(24.05,3.,11.));
#1691 = DIRECTION('',(1.,0.,0.));
#1692 = DIRECTION('',(0.,1.,0.));
#1693 = DEFINITIONAL_REPRESENTATION('',(#1694),#1698);
#1694 = LINE('',#1695,#1696);
#1695 = CARTESIAN_POINT('',(0.,0.));
#1696 = VECTOR('',#1697,1.);
#1697 = DIRECTION('',(1.,0.));
#1698 = ( GEOMETRIC_REPRESENTATION_CONTEXT(2) 
PARAMETRIC_REPRESENTATION_CONTEXT() REPRESENTATION_CONTEXT('2D SPACE',''
  ) );
#1699 = ORIENTED_EDGE('',*,*,#1700,.T.);
#1700 = EDGE_CURVE('',#1671,#1701,#1703,.T.);
#1701 = VERTEX_POINT('',#1702);
#1702 = CARTESIAN_POINT('',(21.66875,3.,11.));
#1703 = SURFACE_CURVE('',#1704,(#1709,#1720),.PCURVE_S1.);
#1704 = CIRCLE('',#1705,2.38125);
#1705 = AXIS2_PLACEMENT_3D('',#1706,#1707,#1708);
#1706 = CARTESIAN_POINT('',(21.66875,5.38125,11.));
#1707 = DIRECTION('',(0.,0.,-1.));
#1708 = DIRECTION('',(0.,1.,0.));
#1709 = PCURVE('',#32,#1710);
#1710 = DEFINITIONAL_REPRESENTATION('',(#1711),#1719);
#1711 = ( BOUNDED_CURVE() B_SPLINE_CURVE(2,(#1712,#1713,#1714,#1715,
#1716,#1717,#1718),.UNSPECIFIED.,.T.,.F.) B_SPLINE_CURVE_WITH_KNOTS((1,2
    ,2,2,2,1),(-2.094395102393,0.,2.094395102393,4.188790204786,
6.28318530718,8.377580409573),.UNSPECIFIED.) CURVE() 
GEOMETRIC_REPRESENTATION_ITEM() RATIONAL_B_SPLINE_CURVE((1.,0.5,1.,0.5,
1.,0.5,1.)) REPRESENTATION_ITEM('') );
#1712 = CARTESIAN_POINT('',(-38.23504480473,-42.76208888426));
#1713 = CARTESIAN_POINT('',(-34.1105988192,-42.76208888426));
#1714 = CARTESIAN_POINT('',(-36.17282181196,-46.33396388426));
#1715 = CARTESIAN_POINT('',(-38.23504480473,-49.90583888426));
#1716 = CARTESIAN_POINT('',(-40.29726779749,-46.33396388426));
#1717 = CARTESIAN_POINT('',(-42.35949079025,-42.76208888426));
#1718 = CARTESIAN_POINT('',(-38.23504480473,-42.76208888426));
#1719 = ( GEOMETRIC_REPRESENTATION_CONTEXT(2) 
PARAMETRIC_REPRESENTATION_CONTEXT() REPRESENTATION_CONTEXT('2D SPACE',''
  ) );
#1720 = PCURVE('',#1721,#1726);
#1721 = CYLINDRICAL_SURFACE('',#1722,2.38125);
#1722 = AXIS2_PLACEMENT_3D('',#1723,#1724,#1725);
#1723 = CARTESIAN_POINT('',(21.66875,5.38125,11.));
#1724 = DIRECTION('',(-0.,-0.,-1.));
#1725 = DIRECTION('',(1.,0.,0.));
#1726 = DEFINITIONAL_REPRESENTATION('',(#1727),#1731);
#1727 = LINE('',#1728,#1729);
#1728 = CARTESIAN_POINT('',(-1.570796326795,0.));
#1729 = VECTOR('',#1730,1.);
#1730 = DIRECTION('',(1.,0.));
#1731 = ( GEOMETRIC_REPRESENTATION_CONTEXT(2) 
PARAMETRIC_REPRESENTATION_CONTEXT() REPRESENTATION_CONTEXT('2D SPACE',''
  ) );
#1732 = ORIENTED_EDGE('',*,*,#1733,.F.);
#1733 = EDGE_CURVE('',#1734,#1701,#1736,.T.);
#1734 = VERTEX_POINT('',#1735);
#1735 = CARTESIAN_POINT('',(5.38125,3.,11.));
#1736 = SURFACE_CURVE('',#1737,(#1741,#1748),.PCURVE_S1.);
#1737 = LINE('',#1738,#1739);
#1738 = CARTESIAN_POINT('',(3.,3.,11.));
#1739 = VECTOR('',#1740,1.);
#1740 = DIRECTION('',(1.,0.,0.));
#1741 = PCURVE('',#32,#1742);
#1742 = DEFINITIONAL_REPRESENTATION('',(#1743),#1747);
#1743 = LINE('',#1744,#1745);
#1744 = CARTESIAN_POINT('',(-56.90379480473,-47.52458888426));
#1745 = VECTOR('',#1746,1.);
#1746 = DIRECTION('',(1.,0.));
#1747 = ( GEOMETRIC_REPRESENTATION_CONTEXT(2) 
PARAMETRIC_REPRESENTATION_CONTEXT() REPRESENTATION_CONTEXT('2D SPACE',''
  ) );
#1748 = PCURVE('',#1749,#1754);
#1749 = PLANE('',#1750);
#1750 = AXIS2_PLACEMENT_3D('',#1751,#1752,#1753);
#1751 = CARTESIAN_POINT('',(3.,3.,11.));
#1752 = DIRECTION('',(0.,-1.,0.));
#1753 = DIRECTION('',(1.,0.,0.));
#1754 = DEFINITIONAL_REPRESENTATION('',(#1755),#1759);
#1755 = LINE('',#1756,#1757);
#1756 = CARTESIAN_POINT('',(0.,0.));
#1757 = VECTOR('',#1758,1.);
#1758 = DIRECTION('',(1.,0.));
#1759 = ( GEOMETRIC_REPRESENTATION_CONTEXT(2) 
PARAMETRIC_REPRESENTATION_CONTEXT() REPRESENTATION_CONTEXT('2D SPACE',''
  ) );
#1760 = ORIENTED_EDGE('',*,*,#1761,.T.);
#1761 = EDGE_CURVE('',#1734,#1762,#1764,.T.);
#1762 = VERTEX_POINT('',#1763);
#1763 = CARTESIAN_POINT('',(3.,5.38125,11.));
#1764 = SURFACE_CURVE('',#1765,(#1770,#1781),.PCURVE_S1.);
#1765 = CIRCLE('',#1766,2.38125);
#1766 = AXIS2_PLACEMENT_3D('',#1767,#1768,#1769);
#1767 = CARTESIAN_POINT('',(5.38125,5.38125,11.));
#1768 = DIRECTION('',(0.,0.,-1.));
#1769 = DIRECTION('',(0.,1.,0.));
#1770 = PCURVE('',#32,#1771);
#1771 = DEFINITIONAL_REPRESENTATION('',(#1772),#1780);
#1772 = ( BOUNDED_CURVE() B_SPLINE_CURVE(2,(#1773,#1774,#1775,#1776,
#1777,#1778,#1779),.UNSPECIFIED.,.T.,.F.) B_SPLINE_CURVE_WITH_KNOTS((1,2
    ,2,2,2,1),(-2.094395102393,0.,2.094395102393,4.188790204786,
6.28318530718,8.377580409573),.UNSPECIFIED.) CURVE() 
GEOMETRIC_REPRESENTATION_ITEM() RATIONAL_B_SPLINE_CURVE((1.,0.5,1.,0.5,
1.,0.5,1.)) REPRESENTATION_ITEM('') );
#1773 = CARTESIAN_POINT('',(-54.52254480473,-42.76208888426));
#1774 = CARTESIAN_POINT('',(-50.3980988192,-42.76208888426));
#1775 = CARTESIAN_POINT('',(-52.46032181196,-46.33396388426));
#1776 = CARTESIAN_POINT('',(-54.52254480473,-49.90583888426));
#1777 = CARTESIAN_POINT('',(-56.58476779749,-46.33396388426));
#1778 = CARTESIAN_POINT('',(-58.64699079025,-42.76208888426));
#1779 = CARTESIAN_POINT('',(-54.52254480473,-42.76208888426));
#1780 = ( GEOMETRIC_REPRESENTATION_CONTEXT(2) 
PARAMETRIC_REPRESENTATION_CONTEXT() REPRESENTATION_CONTEXT('2D SPACE',''
  ) );
#1781 = PCURVE('',#1782,#1787);
#1782 = CYLINDRICAL_SURFACE('',#1783,2.38125);
#1783 = AXIS2_PLACEMENT_3D('',#1784,#1785,#1786);
#1784 = CARTESIAN_POINT('',(5.38125,5.38125,11.));
#1785 = DIRECTION('',(-0.,-0.,-1.));
#1786 = DIRECTION('',(0.,-1.,0.));
#1787 = DEFINITIONAL_REPRESENTATION('',(#1788),#1792);
#1788 = LINE('',#1789,#1790);
#1789 = CARTESIAN_POINT('',(-3.14159265359,0.));
#1790 = VECTOR('',#1791,1.);
#1791 = DIRECTION('',(1.,0.));
#1792 = ( GEOMETRIC_REPRESENTATION_CONTEXT(2) 
PARAMETRIC_REPRESENTATION_CONTEXT() REPRESENTATION_CONTEXT('2D SPACE',''
  ) );
#1793 = ORIENTED_EDGE('',*,*,#1794,.F.);
#1794 = EDGE_CURVE('',#1795,#1762,#1797,.T.);
#1795 = VERTEX_POINT('',#1796);
#1796 = CARTESIAN_POINT('',(3.,78.81875,11.));
#1797 = SURFACE_CURVE('',#1798,(#1802,#1809),.PCURVE_S1.);
#1798 = LINE('',#1799,#1800);
#1799 = CARTESIAN_POINT('',(3.,81.2,11.));
#1800 = VECTOR('',#1801,1.);
#1801 = DIRECTION('',(0.,-1.,0.));
#1802 = PCURVE('',#32,#1803);
#1803 = DEFINITIONAL_REPRESENTATION('',(#1804),#1808);
#1804 = LINE('',#1805,#1806);
#1805 = CARTESIAN_POINT('',(-56.90379480473,30.67541111574));
#1806 = VECTOR('',#1807,1.);
#1807 = DIRECTION('',(0.,-1.));
#1808 = ( GEOMETRIC_REPRESENTATION_CONTEXT(2) 
PARAMETRIC_REPRESENTATION_CONTEXT() REPRESENTATION_CONTEXT('2D SPACE',''
  ) );
#1809 = PCURVE('',#1810,#1815);
#1810 = PLANE('',#1811);
#1811 = AXIS2_PLACEMENT_3D('',#1812,#1813,#1814);
#1812 = CARTESIAN_POINT('',(3.,81.2,11.));
#1813 = DIRECTION('',(-1.,0.,0.));
#1814 = DIRECTION('',(0.,-1.,0.));
#1815 = DEFINITIONAL_REPRESENTATION('',(#1816),#1820);
#1816 = LINE('',#1817,#1818);
#1817 = CARTESIAN_POINT('',(0.,0.));
#1818 = VECTOR('',#1819,1.);
#1819 = DIRECTION('',(1.,0.));
#1820 = ( GEOMETRIC_REPRESENTATION_CONTEXT(2) 
PARAMETRIC_REPRESENTATION_CONTEXT() REPRESENTATION_CONTEXT('2D SPACE',''
  ) );
#1821 = ORIENTED_EDGE('',*,*,#1822,.T.);
#1822 = EDGE_CURVE('',#1795,#1823,#1825,.T.);
#1823 = VERTEX_POINT('',#1824);
#1824 = CARTESIAN_POINT('',(5.38125,81.2,11.));
#1825 = SURFACE_CURVE('',#1826,(#1831,#1842),.PCURVE_S1.);
#1826 = CIRCLE('',#1827,2.38125);
#1827 = AXIS2_PLACEMENT_3D('',#1828,#1829,#1830);
#1828 = CARTESIAN_POINT('',(5.38125,78.81875,11.));
#1829 = DIRECTION('',(0.,0.,-1.));
#1830 = DIRECTION('',(0.,1.,0.));
#1831 = PCURVE('',#32,#1832);
#1832 = DEFINITIONAL_REPRESENTATION('',(#1833),#1841);
#1833 = ( BOUNDED_CURVE() B_SPLINE_CURVE(2,(#1834,#1835,#1836,#1837,
#1838,#1839,#1840),.UNSPECIFIED.,.T.,.F.) B_SPLINE_CURVE_WITH_KNOTS((1,2
    ,2,2,2,1),(-2.094395102393,0.,2.094395102393,4.188790204786,
6.28318530718,8.377580409573),.UNSPECIFIED.) CURVE() 
GEOMETRIC_REPRESENTATION_ITEM() RATIONAL_B_SPLINE_CURVE((1.,0.5,1.,0.5,
1.,0.5,1.)) REPRESENTATION_ITEM('') );
#1834 = CARTESIAN_POINT('',(-54.52254480473,30.67541111574));
#1835 = CARTESIAN_POINT('',(-50.3980988192,30.67541111574));
#1836 = CARTESIAN_POINT('',(-52.46032181196,27.10353611574));
#1837 = CARTESIAN_POINT('',(-54.52254480473,23.53166111574));
#1838 = CARTESIAN_POINT('',(-56.58476779749,27.10353611574));
#1839 = CARTESIAN_POINT('',(-58.64699079025,30.67541111574));
#1840 = CARTESIAN_POINT('',(-54.52254480473,30.67541111574));
#1841 = ( GEOMETRIC_REPRESENTATION_CONTEXT(2) 
PARAMETRIC_REPRESENTATION_CONTEXT() REPRESENTATION_CONTEXT('2D SPACE',''
  ) );
#1842 = PCURVE('',#1843,#1848);
#1843 = CYLINDRICAL_SURFACE('',#1844,2.38125);
#1844 = AXIS2_PLACEMENT_3D('',#1845,#1846,#1847);
#1845 = CARTESIAN_POINT('',(5.38125,78.81875,11.));
#1846 = DIRECTION('',(-0.,-0.,-1.));
#1847 = DIRECTION('',(-1.,0.,0.));
#1848 = DEFINITIONAL_REPRESENTATION('',(#1849),#1853);
#1849 = LINE('',#1850,#1851);
#1850 = CARTESIAN_POINT('',(-4.712388980385,0.));
#1851 = VECTOR('',#1852,1.);
#1852 = DIRECTION('',(1.,0.));
#1853 = ( GEOMETRIC_REPRESENTATION_CONTEXT(2) 
PARAMETRIC_REPRESENTATION_CONTEXT() REPRESENTATION_CONTEXT('2D SPACE',''
  ) );
#1854 = ORIENTED_EDGE('',*,*,#1855,.F.);
#1855 = EDGE_CURVE('',#1856,#1823,#1858,.T.);
#1856 = VERTEX_POINT('',#1857);
#1857 = CARTESIAN_POINT('',(20.859375,81.2,11.));
#1858 = SURFACE_CURVE('',#1859,(#1863,#1870),.PCURVE_S1.);
#1859 = LINE('',#1860,#1861);
#1860 = CARTESIAN_POINT('',(22.05,81.2,11.));
#1861 = VECTOR('',#1862,1.);
#1862 = DIRECTION('',(-1.,0.,0.));
#1863 = PCURVE('',#32,#1864);
#1864 = DEFINITIONAL_REPRESENTATION('',(#1865),#1869);
#1865 = LINE('',#1866,#1867);
#1866 = CARTESIAN_POINT('',(-37.85379480473,30.67541111574));
#1867 = VECTOR('',#1868,1.);
#1868 = DIRECTION('',(-1.,0.));
#1869 = ( GEOMETRIC_REPRESENTATION_CONTEXT(2) 
PARAMETRIC_REPRESENTATION_CONTEXT() REPRESENTATION_CONTEXT('2D SPACE',''
  ) );
#1870 = PCURVE('',#1871,#1876);
#1871 = PLANE('',#1872);
#1872 = AXIS2_PLACEMENT_3D('',#1873,#1874,#1875);
#1873 = CARTESIAN_POINT('',(22.05,81.2,11.));
#1874 = DIRECTION('',(0.,1.,0.));
#1875 = DIRECTION('',(-1.,0.,0.));
#1876 = DEFINITIONAL_REPRESENTATION('',(#1877),#1881);
#1877 = LINE('',#1878,#1879);
#1878 = CARTESIAN_POINT('',(0.,0.));
#1879 = VECTOR('',#1880,1.);
#1880 = DIRECTION('',(1.,0.));
#1881 = ( GEOMETRIC_REPRESENTATION_CONTEXT(2) 
PARAMETRIC_REPRESENTATION_CONTEXT() REPRESENTATION_CONTEXT('2D SPACE',''
  ) );
#1882 = ORIENTED_EDGE('',*,*,#1883,.F.);
#1883 = EDGE_CURVE('',#1884,#1856,#1886,.T.);
#1884 = VERTEX_POINT('',#1885);
#1885 = CARTESIAN_POINT('',(22.05,82.390625,11.));
#1886 = SURFACE_CURVE('',#1887,(#1892,#1903),.PCURVE_S1.);
#1887 = CIRCLE('',#1888,1.190625);
#1888 = AXIS2_PLACEMENT_3D('',#1889,#1890,#1891);
#1889 = CARTESIAN_POINT('',(20.859375,82.390625,11.));
#1890 = DIRECTION('',(0.,0.,-1.));
#1891 = DIRECTION('',(0.,1.,0.));
#1892 = PCURVE('',#32,#1893);
#1893 = DEFINITIONAL_REPRESENTATION('',(#1894),#1902);
#1894 = ( BOUNDED_CURVE() B_SPLINE_CURVE(2,(#1895,#1896,#1897,#1898,
#1899,#1900,#1901),.UNSPECIFIED.,.T.,.F.) B_SPLINE_CURVE_WITH_KNOTS((1,2
    ,2,2,2,1),(-2.094395102393,0.,2.094395102393,4.188790204786,
6.28318530718,8.377580409573),.UNSPECIFIED.) CURVE() 
GEOMETRIC_REPRESENTATION_ITEM() RATIONAL_B_SPLINE_CURVE((1.,0.5,1.,0.5,
1.,0.5,1.)) REPRESENTATION_ITEM('') );
#1895 = CARTESIAN_POINT('',(-39.04441980473,33.05666111574));
#1896 = CARTESIAN_POINT('',(-36.98219681196,33.05666111574));
#1897 = CARTESIAN_POINT('',(-38.01330830834,31.27072361574));
#1898 = CARTESIAN_POINT('',(-39.04441980473,29.48478611574));
#1899 = CARTESIAN_POINT('',(-40.07553130111,31.27072361574));
#1900 = CARTESIAN_POINT('',(-41.10664279749,33.05666111574));
#1901 = CARTESIAN_POINT('',(-39.04441980473,33.05666111574));
#1902 = ( GEOMETRIC_REPRESENTATION_CONTEXT(2) 
PARAMETRIC_REPRESENTATION_CONTEXT() REPRESENTATION_CONTEXT('2D SPACE',''
  ) );
#1903 = PCURVE('',#1904,#1909);
#1904 = CYLINDRICAL_SURFACE('',#1905,1.190625);
#1905 = AXIS2_PLACEMENT_3D('',#1906,#1907,#1908);
#1906 = CARTESIAN_POINT('',(20.859375,82.390625,11.));
#1907 = DIRECTION('',(-0.,-0.,-1.));
#1908 = DIRECTION('',(1.,0.,0.));
#1909 = DEFINITIONAL_REPRESENTATION('',(#1910),#1914);
#1910 = LINE('',#1911,#1912);
#1911 = CARTESIAN_POINT('',(-1.570796326795,0.));
#1912 = VECTOR('',#1913,1.);
#1913 = DIRECTION('',(1.,0.));
#1914 = ( GEOMETRIC_REPRESENTATION_CONTEXT(2) 
PARAMETRIC_REPRESENTATION_CONTEXT() REPRESENTATION_CONTEXT('2D SPACE',''
  ) );
#1915 = ORIENTED_EDGE('',*,*,#1916,.F.);
#1916 = EDGE_CURVE('',#1917,#1884,#1919,.T.);
#1917 = VERTEX_POINT('',#1918);
#1918 = CARTESIAN_POINT('',(22.05,83.58125,11.));
#1919 = SURFACE_CURVE('',#1920,(#1924,#1931),.PCURVE_S1.);
#1920 = LINE('',#1921,#1922);
#1921 = CARTESIAN_POINT('',(22.05,85.9625,11.));
#1922 = VECTOR('',#1923,1.);
#1923 = DIRECTION('',(0.,-1.,0.));
#1924 = PCURVE('',#32,#1925);
#1925 = DEFINITIONAL_REPRESENTATION('',(#1926),#1930);
#1926 = LINE('',#1927,#1928);
#1927 = CARTESIAN_POINT('',(-37.85379480473,35.43791111574));
#1928 = VECTOR('',#1929,1.);
#1929 = DIRECTION('',(0.,-1.));
#1930 = ( GEOMETRIC_REPRESENTATION_CONTEXT(2) 
PARAMETRIC_REPRESENTATION_CONTEXT() REPRESENTATION_CONTEXT('2D SPACE',''
  ) );
#1931 = PCURVE('',#1932,#1937);
#1932 = PLANE('',#1933);
#1933 = AXIS2_PLACEMENT_3D('',#1934,#1935,#1936);
#1934 = CARTESIAN_POINT('',(22.05,85.9625,11.));
#1935 = DIRECTION('',(-1.,0.,0.));
#1936 = DIRECTION('',(0.,-1.,0.));
#1937 = DEFINITIONAL_REPRESENTATION('',(#1938),#1942);
#1938 = LINE('',#1939,#1940);
#1939 = CARTESIAN_POINT('',(0.,0.));
#1940 = VECTOR('',#1941,1.);
#1941 = DIRECTION('',(1.,0.));
#1942 = ( GEOMETRIC_REPRESENTATION_CONTEXT(2) 
PARAMETRIC_REPRESENTATION_CONTEXT() REPRESENTATION_CONTEXT('2D SPACE',''
  ) );
#1943 = ORIENTED_EDGE('',*,*,#1944,.T.);
#1944 = EDGE_CURVE('',#1917,#1945,#1947,.T.);
#1945 = VERTEX_POINT('',#1946);
#1946 = CARTESIAN_POINT('',(24.43125,85.9625,11.));
#1947 = SURFACE_CURVE('',#1948,(#1953,#1964),.PCURVE_S1.);
#1948 = CIRCLE('',#1949,2.38125);
#1949 = AXIS2_PLACEMENT_3D('',#1950,#1951,#1952);
#1950 = CARTESIAN_POINT('',(24.43125,83.58125,11.));
#1951 = DIRECTION('',(0.,0.,-1.));
#1952 = DIRECTION('',(0.,1.,0.));
#1953 = PCURVE('',#32,#1954);
#1954 = DEFINITIONAL_REPRESENTATION('',(#1955),#1963);
#1955 = ( BOUNDED_CURVE() B_SPLINE_CURVE(2,(#1956,#1957,#1958,#1959,
#1960,#1961,#1962),.UNSPECIFIED.,.T.,.F.) B_SPLINE_CURVE_WITH_KNOTS((1,2
    ,2,2,2,1),(-2.094395102393,0.,2.094395102393,4.188790204786,
6.28318530718,8.377580409573),.UNSPECIFIED.) CURVE() 
GEOMETRIC_REPRESENTATION_ITEM() RATIONAL_B_SPLINE_CURVE((1.,0.5,1.,0.5,
1.,0.5,1.)) REPRESENTATION_ITEM('') );
#1956 = CARTESIAN_POINT('',(-35.47254480473,35.43791111574));
#1957 = CARTESIAN_POINT('',(-31.3480988192,35.43791111574));
#1958 = CARTESIAN_POINT('',(-33.41032181196,31.86603611574));
#1959 = CARTESIAN_POINT('',(-35.47254480473,28.29416111574));
#1960 = CARTESIAN_POINT('',(-37.53476779749,31.86603611574));
#1961 = CARTESIAN_POINT('',(-39.59699079025,35.43791111574));
#1962 = CARTESIAN_POINT('',(-35.47254480473,35.43791111574));
#1963 = ( GEOMETRIC_REPRESENTATION_CONTEXT(2) 
PARAMETRIC_REPRESENTATION_CONTEXT() REPRESENTATION_CONTEXT('2D SPACE',''
  ) );
#1964 = PCURVE('',#1965,#1970);
#1965 = CYLINDRICAL_SURFACE('',#1966,2.38125);
#1966 = AXIS2_PLACEMENT_3D('',#1967,#1968,#1969);
#1967 = CARTESIAN_POINT('',(24.43125,83.58125,11.));
#1968 = DIRECTION('',(-0.,-0.,-1.));
#1969 = DIRECTION('',(-1.,0.,0.));
#1970 = DEFINITIONAL_REPRESENTATION('',(#1971),#1975);
#1971 = LINE('',#1972,#1973);
#1972 = CARTESIAN_POINT('',(-4.712388980385,0.));
#1973 = VECTOR('',#1974,1.);
#1974 = DIRECTION('',(1.,0.));
#1975 = ( GEOMETRIC_REPRESENTATION_CONTEXT(2) 
PARAMETRIC_REPRESENTATION_CONTEXT() REPRESENTATION_CONTEXT('2D SPACE',''
  ) );
#1976 = ORIENTED_EDGE('',*,*,#1977,.F.);
#1977 = EDGE_CURVE('',#1978,#1945,#1980,.T.);
#1978 = VERTEX_POINT('',#1979);
#1979 = CARTESIAN_POINT('',(39.909375,85.9625,11.));
#1980 = SURFACE_CURVE('',#1981,(#1985,#1992),.PCURVE_S1.);
#1981 = LINE('',#1982,#1983);
#1982 = CARTESIAN_POINT('',(41.1,85.9625,11.));
#1983 = VECTOR('',#1984,1.);
#1984 = DIRECTION('',(-1.,0.,0.));
#1985 = PCURVE('',#32,#1986);
#1986 = DEFINITIONAL_REPRESENTATION('',(#1987),#1991);
#1987 = LINE('',#1988,#1989);
#1988 = CARTESIAN_POINT('',(-18.80379480473,35.43791111574));
#1989 = VECTOR('',#1990,1.);
#1990 = DIRECTION('',(-1.,0.));
#1991 = ( GEOMETRIC_REPRESENTATION_CONTEXT(2) 
PARAMETRIC_REPRESENTATION_CONTEXT() REPRESENTATION_CONTEXT('2D SPACE',''
  ) );
#1992 = PCURVE('',#1993,#1998);
#1993 = PLANE('',#1994);
#1994 = AXIS2_PLACEMENT_3D('',#1995,#1996,#1997);
#1995 = CARTESIAN_POINT('',(41.1,85.9625,11.));
#1996 = DIRECTION('',(0.,1.,0.));
#1997 = DIRECTION('',(-1.,0.,0.));
#1998 = DEFINITIONAL_REPRESENTATION('',(#1999),#2003);
#1999 = LINE('',#2000,#2001);
#2000 = CARTESIAN_POINT('',(0.,0.));
#2001 = VECTOR('',#2002,1.);
#2002 = DIRECTION('',(1.,0.));
#2003 = ( GEOMETRIC_REPRESENTATION_CONTEXT(2) 
PARAMETRIC_REPRESENTATION_CONTEXT() REPRESENTATION_CONTEXT('2D SPACE',''
  ) );
#2004 = ORIENTED_EDGE('',*,*,#2005,.F.);
#2005 = EDGE_CURVE('',#2006,#1978,#2008,.T.);
#2006 = VERTEX_POINT('',#2007);
#2007 = CARTESIAN_POINT('',(41.1,87.153125,11.));
#2008 = SURFACE_CURVE('',#2009,(#2014,#2025),.PCURVE_S1.);
#2009 = CIRCLE('',#2010,1.190625);
#2010 = AXIS2_PLACEMENT_3D('',#2011,#2012,#2013);
#2011 = CARTESIAN_POINT('',(39.909375,87.153125,11.));
#2012 = DIRECTION('',(0.,0.,-1.));
#2013 = DIRECTION('',(0.,1.,0.));
#2014 = PCURVE('',#32,#2015);
#2015 = DEFINITIONAL_REPRESENTATION('',(#2016),#2024);
#2016 = ( BOUNDED_CURVE() B_SPLINE_CURVE(2,(#2017,#2018,#2019,#2020,
#2021,#2022,#2023),.UNSPECIFIED.,.T.,.F.) B_SPLINE_CURVE_WITH_KNOTS((1,2
    ,2,2,2,1),(-2.094395102393,0.,2.094395102393,4.188790204786,
6.28318530718,8.377580409573),.UNSPECIFIED.) CURVE() 
GEOMETRIC_REPRESENTATION_ITEM() RATIONAL_B_SPLINE_CURVE((1.,0.5,1.,0.5,
1.,0.5,1.)) REPRESENTATION_ITEM('') );
#2017 = CARTESIAN_POINT('',(-19.99441980473,37.81916111574));
#2018 = CARTESIAN_POINT('',(-17.93219681196,37.81916111574));
#2019 = CARTESIAN_POINT('',(-18.96330830834,36.03322361574));
#2020 = CARTESIAN_POINT('',(-19.99441980473,34.24728611574));
#2021 = CARTESIAN_POINT('',(-21.02553130111,36.03322361574));
#2022 = CARTESIAN_POINT('',(-22.05664279749,37.81916111574));
#2023 = CARTESIAN_POINT('',(-19.99441980473,37.81916111574));
#2024 = ( GEOMETRIC_REPRESENTATION_CONTEXT(2) 
PARAMETRIC_REPRESENTATION_CONTEXT() REPRESENTATION_CONTEXT('2D SPACE',''
  ) );
#2025 = PCURVE('',#2026,#2031);
#2026 = CYLINDRICAL_SURFACE('',#2027,1.190625);
#2027 = AXIS2_PLACEMENT_3D('',#2028,#2029,#2030);
#2028 = CARTESIAN_POINT('',(39.909375,87.153125,11.));
#2029 = DIRECTION('',(-0.,-0.,-1.));
#2030 = DIRECTION('',(1.,0.,0.));
#2031 = DEFINITIONAL_REPRESENTATION('',(#2032),#2036);
#2032 = LINE('',#2033,#2034);
#2033 = CARTESIAN_POINT('',(-1.570796326795,0.));
#2034 = VECTOR('',#2035,1.);
#2035 = DIRECTION('',(1.,0.));
#2036 = ( GEOMETRIC_REPRESENTATION_CONTEXT(2) 
PARAMETRIC_REPRESENTATION_CONTEXT() REPRESENTATION_CONTEXT('2D SPACE',''
  ) );
#2037 = ORIENTED_EDGE('',*,*,#2038,.F.);
#2038 = EDGE_CURVE('',#2039,#2006,#2041,.T.);
#2039 = VERTEX_POINT('',#2040);
#2040 = CARTESIAN_POINT('',(41.1,88.34375,11.));
#2041 = SURFACE_CURVE('',#2042,(#2046,#2053),.PCURVE_S1.);
#2042 = LINE('',#2043,#2044);
#2043 = CARTESIAN_POINT('',(41.1,90.725,11.));
#2044 = VECTOR('',#2045,1.);
#2045 = DIRECTION('',(0.,-1.,0.));
#2046 = PCURVE('',#32,#2047);
#2047 = DEFINITIONAL_REPRESENTATION('',(#2048),#2052);
#2048 = LINE('',#2049,#2050);
#2049 = CARTESIAN_POINT('',(-18.80379480473,40.20041111574));
#2050 = VECTOR('',#2051,1.);
#2051 = DIRECTION('',(0.,-1.));
#2052 = ( GEOMETRIC_REPRESENTATION_CONTEXT(2) 
PARAMETRIC_REPRESENTATION_CONTEXT() REPRESENTATION_CONTEXT('2D SPACE',''
  ) );
#2053 = PCURVE('',#2054,#2059);
#2054 = PLANE('',#2055);
#2055 = AXIS2_PLACEMENT_3D('',#2056,#2057,#2058);
#2056 = CARTESIAN_POINT('',(41.1,90.725,11.));
#2057 = DIRECTION('',(-1.,0.,0.));
#2058 = DIRECTION('',(0.,-1.,0.));
#2059 = DEFINITIONAL_REPRESENTATION('',(#2060),#2064);
#2060 = LINE('',#2061,#2062);
#2061 = CARTESIAN_POINT('',(0.,0.));
#2062 = VECTOR('',#2063,1.);
#2063 = DIRECTION('',(1.,0.));
#2064 = ( GEOMETRIC_REPRESENTATION_CONTEXT(2) 
PARAMETRIC_REPRESENTATION_CONTEXT() REPRESENTATION_CONTEXT('2D SPACE',''
  ) );
#2065 = ORIENTED_EDGE('',*,*,#2066,.T.);
#2066 = EDGE_CURVE('',#2039,#2067,#2069,.T.);
#2067 = VERTEX_POINT('',#2068);
#2068 = CARTESIAN_POINT('',(43.48125,90.725,11.));
#2069 = SURFACE_CURVE('',#2070,(#2075,#2086),.PCURVE_S1.);
#2070 = CIRCLE('',#2071,2.38125);
#2071 = AXIS2_PLACEMENT_3D('',#2072,#2073,#2074);
#2072 = CARTESIAN_POINT('',(43.48125,88.34375,11.));
#2073 = DIRECTION('',(0.,0.,-1.));
#2074 = DIRECTION('',(0.,1.,0.));
#2075 = PCURVE('',#32,#2076);
#2076 = DEFINITIONAL_REPRESENTATION('',(#2077),#2085);
#2077 = ( BOUNDED_CURVE() B_SPLINE_CURVE(2,(#2078,#2079,#2080,#2081,
#2082,#2083,#2084),.UNSPECIFIED.,.T.,.F.) B_SPLINE_CURVE_WITH_KNOTS((1,2
    ,2,2,2,1),(-2.094395102393,0.,2.094395102393,4.188790204786,
6.28318530718,8.377580409573),.UNSPECIFIED.) CURVE() 
GEOMETRIC_REPRESENTATION_ITEM() RATIONAL_B_SPLINE_CURVE((1.,0.5,1.,0.5,
1.,0.5,1.)) REPRESENTATION_ITEM('') );
#2078 = CARTESIAN_POINT('',(-16.42254480473,40.20041111574));
#2079 = CARTESIAN_POINT('',(-12.2980988192,40.20041111574));
#2080 = CARTESIAN_POINT('',(-14.36032181196,36.62853611574));
#2081 = CARTESIAN_POINT('',(-16.42254480473,33.05666111574));
#2082 = CARTESIAN_POINT('',(-18.48476779749,36.62853611574));
#2083 = CARTESIAN_POINT('',(-20.54699079025,40.20041111574));
#2084 = CARTESIAN_POINT('',(-16.42254480473,40.20041111574));
#2085 = ( GEOMETRIC_REPRESENTATION_CONTEXT(2) 
PARAMETRIC_REPRESENTATION_CONTEXT() REPRESENTATION_CONTEXT('2D SPACE',''
  ) );
#2086 = PCURVE('',#2087,#2092);
#2087 = CYLINDRICAL_SURFACE('',#2088,2.38125);
#2088 = AXIS2_PLACEMENT_3D('',#2089,#2090,#2091);
#2089 = CARTESIAN_POINT('',(43.48125,88.34375,11.));
#2090 = DIRECTION('',(-0.,-0.,-1.));
#2091 = DIRECTION('',(-1.,0.,0.));
#2092 = DEFINITIONAL_REPRESENTATION('',(#2093),#2097);
#2093 = LINE('',#2094,#2095);
#2094 = CARTESIAN_POINT('',(-4.712388980385,0.));
#2095 = VECTOR('',#2096,1.);
#2096 = DIRECTION('',(1.,0.));
#2097 = ( GEOMETRIC_REPRESENTATION_CONTEXT(2) 
PARAMETRIC_REPRESENTATION_CONTEXT() REPRESENTATION_CONTEXT('2D SPACE',''
  ) );
#2098 = ORIENTED_EDGE('',*,*,#2099,.F.);
#2099 = EDGE_CURVE('',#2100,#2067,#2102,.T.);
#2100 = VERTEX_POINT('',#2101);
#2101 = CARTESIAN_POINT('',(58.959375,90.725,11.));
#2102 = SURFACE_CURVE('',#2103,(#2107,#2114),.PCURVE_S1.);
#2103 = LINE('',#2104,#2105);
#2104 = CARTESIAN_POINT('',(60.15,90.725,11.));
#2105 = VECTOR('',#2106,1.);
#2106 = DIRECTION('',(-1.,0.,0.));
#2107 = PCURVE('',#32,#2108);
#2108 = DEFINITIONAL_REPRESENTATION('',(#2109),#2113);
#2109 = LINE('',#2110,#2111);
#2110 = CARTESIAN_POINT('',(0.24620519527,40.20041111574));
#2111 = VECTOR('',#2112,1.);
#2112 = DIRECTION('',(-1.,0.));
#2113 = ( GEOMETRIC_REPRESENTATION_CONTEXT(2) 
PARAMETRIC_REPRESENTATION_CONTEXT() REPRESENTATION_CONTEXT('2D SPACE',''
  ) );
#2114 = PCURVE('',#2115,#2120);
#2115 = PLANE('',#2116);
#2116 = AXIS2_PLACEMENT_3D('',#2117,#2118,#2119);
#2117 = CARTESIAN_POINT('',(60.15,90.725,11.));
#2118 = DIRECTION('',(0.,1.,0.));
#2119 = DIRECTION('',(-1.,0.,0.));
#2120 = DEFINITIONAL_REPRESENTATION('',(#2121),#2125);
#2121 = LINE('',#2122,#2123);
#2122 = CARTESIAN_POINT('',(0.,0.));
#2123 = VECTOR('',#2124,1.);
#2124 = DIRECTION('',(1.,0.));
#2125 = ( GEOMETRIC_REPRESENTATION_CONTEXT(2) 
PARAMETRIC_REPRESENTATION_CONTEXT() REPRESENTATION_CONTEXT('2D SPACE',''
  ) );
#2126 = ORIENTED_EDGE('',*,*,#2127,.F.);
#2127 = EDGE_CURVE('',#2128,#2100,#2130,.T.);
#2128 = VERTEX_POINT('',#2129);
#2129 = CARTESIAN_POINT('',(60.15,91.915625,11.));
#2130 = SURFACE_CURVE('',#2131,(#2136,#2147),.PCURVE_S1.);
#2131 = CIRCLE('',#2132,1.190625);
#2132 = AXIS2_PLACEMENT_3D('',#2133,#2134,#2135);
#2133 = CARTESIAN_POINT('',(58.959375,91.915625,11.));
#2134 = DIRECTION('',(0.,0.,-1.));
#2135 = DIRECTION('',(0.,1.,0.));
#2136 = PCURVE('',#32,#2137);
#2137 = DEFINITIONAL_REPRESENTATION('',(#2138),#2146);
#2138 = ( BOUNDED_CURVE() B_SPLINE_CURVE(2,(#2139,#2140,#2141,#2142,
#2143,#2144,#2145),.UNSPECIFIED.,.T.,.F.) B_SPLINE_CURVE_WITH_KNOTS((1,2
    ,2,2,2,1),(-2.094395102393,0.,2.094395102393,4.188790204786,
6.28318530718,8.377580409573),.UNSPECIFIED.) CURVE() 
GEOMETRIC_REPRESENTATION_ITEM() RATIONAL_B_SPLINE_CURVE((1.,0.5,1.,0.5,
1.,0.5,1.)) REPRESENTATION_ITEM('') );
#2139 = CARTESIAN_POINT('',(-0.94441980473,42.58166111574));
#2140 = CARTESIAN_POINT('',(1.117803188032,42.58166111574));
#2141 = CARTESIAN_POINT('',(8.669169165095E-02,40.79572361574));
#2142 = CARTESIAN_POINT('',(-0.94441980473,39.00978611574));
#2143 = CARTESIAN_POINT('',(-1.975531301111,40.79572361574));
#2144 = CARTESIAN_POINT('',(-3.006642797492,42.58166111574));
#2145 = CARTESIAN_POINT('',(-0.94441980473,42.58166111574));
#2146 = ( GEOMETRIC_REPRESENTATION_CONTEXT(2) 
PARAMETRIC_REPRESENTATION_CONTEXT() REPRESENTATION_CONTEXT('2D SPACE',''
  ) );
#2147 = PCURVE('',#2148,#2153);
#2148 = CYLINDRICAL_SURFACE('',#2149,1.190625);
#2149 = AXIS2_PLACEMENT_3D('',#2150,#2151,#2152);
#2150 = CARTESIAN_POINT('',(58.959375,91.915625,11.));
#2151 = DIRECTION('',(-0.,-0.,-1.));
#2152 = DIRECTION('',(1.,0.,0.));
#2153 = DEFINITIONAL_REPRESENTATION('',(#2154),#2158);
#2154 = LINE('',#2155,#2156);
#2155 = CARTESIAN_POINT('',(-1.570796326795,0.));
#2156 = VECTOR('',#2157,1.);
#2157 = DIRECTION('',(1.,0.));
#2158 = ( GEOMETRIC_REPRESENTATION_CONTEXT(2) 
PARAMETRIC_REPRESENTATION_CONTEXT() REPRESENTATION_CONTEXT('2D SPACE',''
  ) );
#2159 = ORIENTED_EDGE('',*,*,#2160,.F.);
#2160 = EDGE_CURVE('',#2161,#2128,#2163,.T.);
#2161 = VERTEX_POINT('',#2162);
#2162 = CARTESIAN_POINT('',(60.15,93.10625,11.));
#2163 = SURFACE_CURVE('',#2164,(#2168,#2175),.PCURVE_S1.);
#2164 = LINE('',#2165,#2166);
#2165 = CARTESIAN_POINT('',(60.15,95.4875,11.));
#2166 = VECTOR('',#2167,1.);
#2167 = DIRECTION('',(0.,-1.,0.));
#2168 = PCURVE('',#32,#2169);
#2169 = DEFINITIONAL_REPRESENTATION('',(#2170),#2174);
#2170 = LINE('',#2171,#2172);
#2171 = CARTESIAN_POINT('',(0.24620519527,44.96291111574));
#2172 = VECTOR('',#2173,1.);
#2173 = DIRECTION('',(0.,-1.));
#2174 = ( GEOMETRIC_REPRESENTATION_CONTEXT(2) 
PARAMETRIC_REPRESENTATION_CONTEXT() REPRESENTATION_CONTEXT('2D SPACE',''
  ) );
#2175 = PCURVE('',#2176,#2181);
#2176 = PLANE('',#2177);
#2177 = AXIS2_PLACEMENT_3D('',#2178,#2179,#2180);
#2178 = CARTESIAN_POINT('',(60.15,95.4875,11.));
#2179 = DIRECTION('',(-1.,0.,0.));
#2180 = DIRECTION('',(0.,-1.,0.));
#2181 = DEFINITIONAL_REPRESENTATION('',(#2182),#2186);
#2182 = LINE('',#2183,#2184);
#2183 = CARTESIAN_POINT('',(0.,0.));
#2184 = VECTOR('',#2185,1.);
#2185 = DIRECTION('',(1.,0.));
#2186 = ( GEOMETRIC_REPRESENTATION_CONTEXT(2) 
PARAMETRIC_REPRESENTATION_CONTEXT() REPRESENTATION_CONTEXT('2D SPACE',''
  ) );
#2187 = ORIENTED_EDGE('',*,*,#2188,.T.);
#2188 = EDGE_CURVE('',#2161,#2189,#2191,.T.);
#2189 = VERTEX_POINT('',#2190);
#2190 = CARTESIAN_POINT('',(62.53125,95.4875,11.));
#2191 = SURFACE_CURVE('',#2192,(#2197,#2208),.PCURVE_S1.);
#2192 = CIRCLE('',#2193,2.38125);
#2193 = AXIS2_PLACEMENT_3D('',#2194,#2195,#2196);
#2194 = CARTESIAN_POINT('',(62.53125,93.10625,11.));
#2195 = DIRECTION('',(0.,0.,-1.));
#2196 = DIRECTION('',(0.,1.,0.));
#2197 = PCURVE('',#32,#2198);
#2198 = DEFINITIONAL_REPRESENTATION('',(#2199),#2207);
#2199 = ( BOUNDED_CURVE() B_SPLINE_CURVE(2,(#2200,#2201,#2202,#2203,
#2204,#2205,#2206),.UNSPECIFIED.,.T.,.F.) B_SPLINE_CURVE_WITH_KNOTS((1,2
    ,2,2,2,1),(-2.094395102393,0.,2.094395102393,4.188790204786,
6.28318530718,8.377580409573),.UNSPECIFIED.) CURVE() 
GEOMETRIC_REPRESENTATION_ITEM() RATIONAL_B_SPLINE_CURVE((1.,0.5,1.,0.5,
1.,0.5,1.)) REPRESENTATION_ITEM('') );
#2200 = CARTESIAN_POINT('',(2.62745519527,44.96291111574));
#2201 = CARTESIAN_POINT('',(6.751901180793,44.96291111574));
#2202 = CARTESIAN_POINT('',(4.689678188032,41.39103611574));
#2203 = CARTESIAN_POINT('',(2.62745519527,37.81916111574));
#2204 = CARTESIAN_POINT('',(0.565232202508,41.39103611574));
#2205 = CARTESIAN_POINT('',(-1.496990790253,44.96291111574));
#2206 = CARTESIAN_POINT('',(2.62745519527,44.96291111574));
#2207 = ( GEOMETRIC_REPRESENTATION_CONTEXT(2) 
PARAMETRIC_REPRESENTATION_CONTEXT() REPRESENTATION_CONTEXT('2D SPACE',''
  ) );
#2208 = PCURVE('',#2209,#2214);
#2209 = CYLINDRICAL_SURFACE('',#2210,2.38125);
#2210 = AXIS2_PLACEMENT_3D('',#2211,#2212,#2213);
#2211 = CARTESIAN_POINT('',(62.53125,93.10625,11.));
#2212 = DIRECTION('',(-0.,-0.,-1.));
#2213 = DIRECTION('',(-1.,0.,0.));
#2214 = DEFINITIONAL_REPRESENTATION('',(#2215),#2219);
#2215 = LINE('',#2216,#2217);
#2216 = CARTESIAN_POINT('',(-4.712388980385,0.));
#2217 = VECTOR('',#2218,1.);
#2218 = DIRECTION('',(1.,0.));
#2219 = ( GEOMETRIC_REPRESENTATION_CONTEXT(2) 
PARAMETRIC_REPRESENTATION_CONTEXT() REPRESENTATION_CONTEXT('2D SPACE',''
  ) );
#2220 = ORIENTED_EDGE('',*,*,#2221,.F.);
#2221 = EDGE_CURVE('',#2222,#2189,#2224,.T.);
#2222 = VERTEX_POINT('',#2223);
#2223 = CARTESIAN_POINT('',(78.81875,95.4875,11.));
#2224 = SURFACE_CURVE('',#2225,(#2229,#2236),.PCURVE_S1.);
#2225 = LINE('',#2226,#2227);
#2226 = CARTESIAN_POINT('',(81.2,95.4875,11.));
#2227 = VECTOR('',#2228,1.);
#2228 = DIRECTION('',(-1.,0.,0.));
#2229 = PCURVE('',#32,#2230);
#2230 = DEFINITIONAL_REPRESENTATION('',(#2231),#2235);
#2231 = LINE('',#2232,#2233);
#2232 = CARTESIAN_POINT('',(21.29620519527,44.96291111574));
#2233 = VECTOR('',#2234,1.);
#2234 = DIRECTION('',(-1.,0.));
#2235 = ( GEOMETRIC_REPRESENTATION_CONTEXT(2) 
PARAMETRIC_REPRESENTATION_CONTEXT() REPRESENTATION_CONTEXT('2D SPACE',''
  ) );
#2236 = PCURVE('',#2237,#2242);
#2237 = PLANE('',#2238);
#2238 = AXIS2_PLACEMENT_3D('',#2239,#2240,#2241);
#2239 = CARTESIAN_POINT('',(81.2,95.4875,11.));
#2240 = DIRECTION('',(0.,1.,0.));
#2241 = DIRECTION('',(-1.,0.,0.));
#2242 = DEFINITIONAL_REPRESENTATION('',(#2243),#2247);
#2243 = LINE('',#2244,#2245);
#2244 = CARTESIAN_POINT('',(0.,0.));
#2245 = VECTOR('',#2246,1.);
#2246 = DIRECTION('',(1.,0.));
#2247 = ( GEOMETRIC_REPRESENTATION_CONTEXT(2) 
PARAMETRIC_REPRESENTATION_CONTEXT() REPRESENTATION_CONTEXT('2D SPACE',''
  ) );
#2248 = ORIENTED_EDGE('',*,*,#2249,.T.);
#2249 = EDGE_CURVE('',#2222,#2250,#2252,.T.);
#2250 = VERTEX_POINT('',#2251);
#2251 = CARTESIAN_POINT('',(81.2,93.10625,11.));
#2252 = SURFACE_CURVE('',#2253,(#2258,#2269),.PCURVE_S1.);
#2253 = CIRCLE('',#2254,2.38125);
#2254 = AXIS2_PLACEMENT_3D('',#2255,#2256,#2257);
#2255 = CARTESIAN_POINT('',(78.81875,93.10625,11.));
#2256 = DIRECTION('',(0.,0.,-1.));
#2257 = DIRECTION('',(0.,1.,0.));
#2258 = PCURVE('',#32,#2259);
#2259 = DEFINITIONAL_REPRESENTATION('',(#2260),#2268);
#2260 = ( BOUNDED_CURVE() B_SPLINE_CURVE(2,(#2261,#2262,#2263,#2264,
#2265,#2266,#2267),.UNSPECIFIED.,.T.,.F.) B_SPLINE_CURVE_WITH_KNOTS((1,2
    ,2,2,2,1),(-2.094395102393,0.,2.094395102393,4.188790204786,
6.28318530718,8.377580409573),.UNSPECIFIED.) CURVE() 
GEOMETRIC_REPRESENTATION_ITEM() RATIONAL_B_SPLINE_CURVE((1.,0.5,1.,0.5,
1.,0.5,1.)) REPRESENTATION_ITEM('') );
#2261 = CARTESIAN_POINT('',(18.91495519527,44.96291111574));
#2262 = CARTESIAN_POINT('',(23.039401180793,44.96291111574));
#2263 = CARTESIAN_POINT('',(20.977178188032,41.39103611574));
#2264 = CARTESIAN_POINT('',(18.91495519527,37.81916111574));
#2265 = CARTESIAN_POINT('',(16.852732202508,41.39103611574));
#2266 = CARTESIAN_POINT('',(14.790509209747,44.96291111574));
#2267 = CARTESIAN_POINT('',(18.91495519527,44.96291111574));
#2268 = ( GEOMETRIC_REPRESENTATION_CONTEXT(2) 
PARAMETRIC_REPRESENTATION_CONTEXT() REPRESENTATION_CONTEXT('2D SPACE',''
  ) );
#2269 = PCURVE('',#2270,#2275);
#2270 = CYLINDRICAL_SURFACE('',#2271,2.38125);
#2271 = AXIS2_PLACEMENT_3D('',#2272,#2273,#2274);
#2272 = CARTESIAN_POINT('',(78.81875,93.10625,11.));
#2273 = DIRECTION('',(-0.,-0.,-1.));
#2274 = DIRECTION('',(0.,1.,0.));
#2275 = DEFINITIONAL_REPRESENTATION('',(#2276),#2280);
#2276 = LINE('',#2277,#2278);
#2277 = CARTESIAN_POINT('',(0.,0.));
#2278 = VECTOR('',#2279,1.);
#2279 = DIRECTION('',(1.,0.));
#2280 = ( GEOMETRIC_REPRESENTATION_CONTEXT(2) 
PARAMETRIC_REPRESENTATION_CONTEXT() REPRESENTATION_CONTEXT('2D SPACE',''
  ) );
#2281 = ORIENTED_EDGE('',*,*,#2282,.F.);
#2282 = EDGE_CURVE('',#2283,#2250,#2285,.T.);
#2283 = VERTEX_POINT('',#2284);
#2284 = CARTESIAN_POINT('',(81.2,91.915625,11.));
#2285 = SURFACE_CURVE('',#2286,(#2290,#2297),.PCURVE_S1.);
#2286 = LINE('',#2287,#2288);
#2287 = CARTESIAN_POINT('',(81.2,90.725,11.));
#2288 = VECTOR('',#2289,1.);
#2289 = DIRECTION('',(0.,1.,0.));
#2290 = PCURVE('',#32,#2291);
#2291 = DEFINITIONAL_REPRESENTATION('',(#2292),#2296);
#2292 = LINE('',#2293,#2294);
#2293 = CARTESIAN_POINT('',(21.29620519527,40.20041111574));
#2294 = VECTOR('',#2295,1.);
#2295 = DIRECTION('',(0.,1.));
#2296 = ( GEOMETRIC_REPRESENTATION_CONTEXT(2) 
PARAMETRIC_REPRESENTATION_CONTEXT() REPRESENTATION_CONTEXT('2D SPACE',''
  ) );
#2297 = PCURVE('',#2298,#2303);
#2298 = PLANE('',#2299);
#2299 = AXIS2_PLACEMENT_3D('',#2300,#2301,#2302);
#2300 = CARTESIAN_POINT('',(81.2,90.725,11.));
#2301 = DIRECTION('',(1.,0.,0.));
#2302 = DIRECTION('',(0.,1.,0.));
#2303 = DEFINITIONAL_REPRESENTATION('',(#2304),#2308);
#2304 = LINE('',#2305,#2306);
#2305 = CARTESIAN_POINT('',(0.,0.));
#2306 = VECTOR('',#2307,1.);
#2307 = DIRECTION('',(1.,0.));
#2308 = ( GEOMETRIC_REPRESENTATION_CONTEXT(2) 
PARAMETRIC_REPRESENTATION_CONTEXT() REPRESENTATION_CONTEXT('2D SPACE',''
  ) );
#2309 = ORIENTED_EDGE('',*,*,#2310,.F.);
#2310 = EDGE_CURVE('',#2311,#2283,#2313,.T.);
#2311 = VERTEX_POINT('',#2312);
#2312 = CARTESIAN_POINT('',(82.390625,90.725,11.));
#2313 = SURFACE_CURVE('',#2314,(#2319,#2330),.PCURVE_S1.);
#2314 = CIRCLE('',#2315,1.190625);
#2315 = AXIS2_PLACEMENT_3D('',#2316,#2317,#2318);
#2316 = CARTESIAN_POINT('',(82.390625,91.915625,11.));
#2317 = DIRECTION('',(0.,0.,-1.));
#2318 = DIRECTION('',(0.,1.,0.));
#2319 = PCURVE('',#32,#2320);
#2320 = DEFINITIONAL_REPRESENTATION('',(#2321),#2329);
#2321 = ( BOUNDED_CURVE() B_SPLINE_CURVE(2,(#2322,#2323,#2324,#2325,
#2326,#2327,#2328),.UNSPECIFIED.,.T.,.F.) B_SPLINE_CURVE_WITH_KNOTS((1,2
    ,2,2,2,1),(-2.094395102393,0.,2.094395102393,4.188790204786,
6.28318530718,8.377580409573),.UNSPECIFIED.) CURVE() 
GEOMETRIC_REPRESENTATION_ITEM() RATIONAL_B_SPLINE_CURVE((1.,0.5,1.,0.5,
1.,0.5,1.)) REPRESENTATION_ITEM('') );
#2322 = CARTESIAN_POINT('',(22.48683019527,42.58166111574));
#2323 = CARTESIAN_POINT('',(24.549053188032,42.58166111574));
#2324 = CARTESIAN_POINT('',(23.517941691651,40.79572361574));
#2325 = CARTESIAN_POINT('',(22.48683019527,39.00978611574));
#2326 = CARTESIAN_POINT('',(21.455718698889,40.79572361574));
#2327 = CARTESIAN_POINT('',(20.424607202508,42.58166111574));
#2328 = CARTESIAN_POINT('',(22.48683019527,42.58166111574));
#2329 = ( GEOMETRIC_REPRESENTATION_CONTEXT(2) 
PARAMETRIC_REPRESENTATION_CONTEXT() REPRESENTATION_CONTEXT('2D SPACE',''
  ) );
#2330 = PCURVE('',#2331,#2336);
#2331 = CYLINDRICAL_SURFACE('',#2332,1.190625);
#2332 = AXIS2_PLACEMENT_3D('',#2333,#2334,#2335);
#2333 = CARTESIAN_POINT('',(82.390625,91.915625,11.));
#2334 = DIRECTION('',(-0.,-0.,-1.));
#2335 = DIRECTION('',(0.,-1.,0.));
#2336 = DEFINITIONAL_REPRESENTATION('',(#2337),#2341);
#2337 = LINE('',#2338,#2339);
#2338 = CARTESIAN_POINT('',(-3.14159265359,0.));
#2339 = VECTOR('',#2340,1.);
#2340 = DIRECTION('',(1.,0.));
#2341 = ( GEOMETRIC_REPRESENTATION_CONTEXT(2) 
PARAMETRIC_REPRESENTATION_CONTEXT() REPRESENTATION_CONTEXT('2D SPACE',''
  ) );
#2342 = ORIENTED_EDGE('',*,*,#2343,.F.);
#2343 = EDGE_CURVE('',#2344,#2311,#2346,.T.);
#2344 = VERTEX_POINT('',#2345);
#2345 = CARTESIAN_POINT('',(97.86875,90.725,11.));
#2346 = SURFACE_CURVE('',#2347,(#2351,#2358),.PCURVE_S1.);
#2347 = LINE('',#2348,#2349);
#2348 = CARTESIAN_POINT('',(100.25,90.725,11.));
#2349 = VECTOR('',#2350,1.);
#2350 = DIRECTION('',(-1.,0.,0.));
#2351 = PCURVE('',#32,#2352);
#2352 = DEFINITIONAL_REPRESENTATION('',(#2353),#2357);
#2353 = LINE('',#2354,#2355);
#2354 = CARTESIAN_POINT('',(40.34620519527,40.20041111574));
#2355 = VECTOR('',#2356,1.);
#2356 = DIRECTION('',(-1.,0.));
#2357 = ( GEOMETRIC_REPRESENTATION_CONTEXT(2) 
PARAMETRIC_REPRESENTATION_CONTEXT() REPRESENTATION_CONTEXT('2D SPACE',''
  ) );
#2358 = PCURVE('',#2359,#2364);
#2359 = PLANE('',#2360);
#2360 = AXIS2_PLACEMENT_3D('',#2361,#2362,#2363);
#2361 = CARTESIAN_POINT('',(100.25,90.725,11.));
#2362 = DIRECTION('',(0.,1.,0.));
#2363 = DIRECTION('',(-1.,0.,0.));
#2364 = DEFINITIONAL_REPRESENTATION('',(#2365),#2369);
#2365 = LINE('',#2366,#2367);
#2366 = CARTESIAN_POINT('',(0.,0.));
#2367 = VECTOR('',#2368,1.);
#2368 = DIRECTION('',(1.,0.));
#2369 = ( GEOMETRIC_REPRESENTATION_CONTEXT(2) 
PARAMETRIC_REPRESENTATION_CONTEXT() REPRESENTATION_CONTEXT('2D SPACE',''
  ) );
#2370 = ORIENTED_EDGE('',*,*,#2371,.T.);
#2371 = EDGE_CURVE('',#2344,#2372,#2374,.T.);
#2372 = VERTEX_POINT('',#2373);
#2373 = CARTESIAN_POINT('',(100.25,88.34375,11.));
#2374 = SURFACE_CURVE('',#2375,(#2380,#2391),.PCURVE_S1.);
#2375 = CIRCLE('',#2376,2.38125);
#2376 = AXIS2_PLACEMENT_3D('',#2377,#2378,#2379);
#2377 = CARTESIAN_POINT('',(97.86875,88.34375,11.));
#2378 = DIRECTION('',(0.,0.,-1.));
#2379 = DIRECTION('',(0.,1.,0.));
#2380 = PCURVE('',#32,#2381);
#2381 = DEFINITIONAL_REPRESENTATION('',(#2382),#2390);
#2382 = ( BOUNDED_CURVE() B_SPLINE_CURVE(2,(#2383,#2384,#2385,#2386,
#2387,#2388,#2389),.UNSPECIFIED.,.T.,.F.) B_SPLINE_CURVE_WITH_KNOTS((1,2
    ,2,2,2,1),(-2.094395102393,0.,2.094395102393,4.188790204786,
6.28318530718,8.377580409573),.UNSPECIFIED.) CURVE() 
GEOMETRIC_REPRESENTATION_ITEM() RATIONAL_B_SPLINE_CURVE((1.,0.5,1.,0.5,
1.,0.5,1.)) REPRESENTATION_ITEM('') );
#2383 = CARTESIAN_POINT('',(37.96495519527,40.20041111574));
#2384 = CARTESIAN_POINT('',(42.089401180793,40.20041111574));
#2385 = CARTESIAN_POINT('',(40.027178188032,36.62853611574));
#2386 = CARTESIAN_POINT('',(37.96495519527,33.05666111574));
#2387 = CARTESIAN_POINT('',(35.902732202508,36.62853611574));
#2388 = CARTESIAN_POINT('',(33.840509209747,40.20041111574));
#2389 = CARTESIAN_POINT('',(37.96495519527,40.20041111574));
#2390 = ( GEOMETRIC_REPRESENTATION_CONTEXT(2) 
PARAMETRIC_REPRESENTATION_CONTEXT() REPRESENTATION_CONTEXT('2D SPACE',''
  ) );
#2391 = PCURVE('',#2392,#2397);
#2392 = CYLINDRICAL_SURFACE('',#2393,2.38125);
#2393 = AXIS2_PLACEMENT_3D('',#2394,#2395,#2396);
#2394 = CARTESIAN_POINT('',(97.86875,88.34375,11.));
#2395 = DIRECTION('',(-0.,-0.,-1.));
#2396 = DIRECTION('',(0.,1.,0.));
#2397 = DEFINITIONAL_REPRESENTATION('',(#2398),#2402);
#2398 = LINE('',#2399,#2400);
#2399 = CARTESIAN_POINT('',(0.,0.));
#2400 = VECTOR('',#2401,1.);
#2401 = DIRECTION('',(1.,0.));
#2402 = ( GEOMETRIC_REPRESENTATION_CONTEXT(2) 
PARAMETRIC_REPRESENTATION_CONTEXT() REPRESENTATION_CONTEXT('2D SPACE',''
  ) );
#2403 = ORIENTED_EDGE('',*,*,#2404,.F.);
#2404 = EDGE_CURVE('',#2405,#2372,#2407,.T.);
#2405 = VERTEX_POINT('',#2406);
#2406 = CARTESIAN_POINT('',(100.25,87.153125,11.));
#2407 = SURFACE_CURVE('',#2408,(#2412,#2419),.PCURVE_S1.);
#2408 = LINE('',#2409,#2410);
#2409 = CARTESIAN_POINT('',(100.25,85.9625,11.));
#2410 = VECTOR('',#2411,1.);
#2411 = DIRECTION('',(0.,1.,0.));
#2412 = PCURVE('',#32,#2413);
#2413 = DEFINITIONAL_REPRESENTATION('',(#2414),#2418);
#2414 = LINE('',#2415,#2416);
#2415 = CARTESIAN_POINT('',(40.34620519527,35.43791111574));
#2416 = VECTOR('',#2417,1.);
#2417 = DIRECTION('',(0.,1.));
#2418 = ( GEOMETRIC_REPRESENTATION_CONTEXT(2) 
PARAMETRIC_REPRESENTATION_CONTEXT() REPRESENTATION_CONTEXT('2D SPACE',''
  ) );
#2419 = PCURVE('',#2420,#2425);
#2420 = PLANE('',#2421);
#2421 = AXIS2_PLACEMENT_3D('',#2422,#2423,#2424);
#2422 = CARTESIAN_POINT('',(100.25,85.9625,11.));
#2423 = DIRECTION('',(1.,0.,0.));
#2424 = DIRECTION('',(0.,1.,0.));
#2425 = DEFINITIONAL_REPRESENTATION('',(#2426),#2430);
#2426 = LINE('',#2427,#2428);
#2427 = CARTESIAN_POINT('',(0.,0.));
#2428 = VECTOR('',#2429,1.);
#2429 = DIRECTION('',(1.,0.));
#2430 = ( GEOMETRIC_REPRESENTATION_CONTEXT(2) 
PARAMETRIC_REPRESENTATION_CONTEXT() REPRESENTATION_CONTEXT('2D SPACE',''
  ) );
#2431 = ORIENTED_EDGE('',*,*,#2432,.F.);
#2432 = EDGE_CURVE('',#2433,#2405,#2435,.T.);
#2433 = VERTEX_POINT('',#2434);
#2434 = CARTESIAN_POINT('',(101.440625,85.9625,11.));
#2435 = SURFACE_CURVE('',#2436,(#2441,#2452),.PCURVE_S1.);
#2436 = CIRCLE('',#2437,1.190625);
#2437 = AXIS2_PLACEMENT_3D('',#2438,#2439,#2440);
#2438 = CARTESIAN_POINT('',(101.440625,87.153125,11.));
#2439 = DIRECTION('',(0.,0.,-1.));
#2440 = DIRECTION('',(0.,1.,0.));
#2441 = PCURVE('',#32,#2442);
#2442 = DEFINITIONAL_REPRESENTATION('',(#2443),#2451);
#2443 = ( BOUNDED_CURVE() B_SPLINE_CURVE(2,(#2444,#2445,#2446,#2447,
#2448,#2449,#2450),.UNSPECIFIED.,.T.,.F.) B_SPLINE_CURVE_WITH_KNOTS((1,2
    ,2,2,2,1),(-2.094395102393,0.,2.094395102393,4.188790204786,
6.28318530718,8.377580409573),.UNSPECIFIED.) CURVE() 
GEOMETRIC_REPRESENTATION_ITEM() RATIONAL_B_SPLINE_CURVE((1.,0.5,1.,0.5,
1.,0.5,1.)) REPRESENTATION_ITEM('') );
#2444 = CARTESIAN_POINT('',(41.53683019527,37.81916111574));
#2445 = CARTESIAN_POINT('',(43.599053188032,37.81916111574));
#2446 = CARTESIAN_POINT('',(42.567941691651,36.03322361574));
#2447 = CARTESIAN_POINT('',(41.53683019527,34.24728611574));
#2448 = CARTESIAN_POINT('',(40.505718698889,36.03322361574));
#2449 = CARTESIAN_POINT('',(39.474607202508,37.81916111574));
#2450 = CARTESIAN_POINT('',(41.53683019527,37.81916111574));
#2451 = ( GEOMETRIC_REPRESENTATION_CONTEXT(2) 
PARAMETRIC_REPRESENTATION_CONTEXT() REPRESENTATION_CONTEXT('2D SPACE',''
  ) );
#2452 = PCURVE('',#2453,#2458);
#2453 = CYLINDRICAL_SURFACE('',#2454,1.190625);
#2454 = AXIS2_PLACEMENT_3D('',#2455,#2456,#2457);
#2455 = CARTESIAN_POINT('',(101.440625,87.153125,11.));
#2456 = DIRECTION('',(-0.,-0.,-1.));
#2457 = DIRECTION('',(0.,-1.,0.));
#2458 = DEFINITIONAL_REPRESENTATION('',(#2459),#2463);
#2459 = LINE('',#2460,#2461);
#2460 = CARTESIAN_POINT('',(-3.14159265359,0.));
#2461 = VECTOR('',#2462,1.);
#2462 = DIRECTION('',(1.,0.));
#2463 = ( GEOMETRIC_REPRESENTATION_CONTEXT(2) 
PARAMETRIC_REPRESENTATION_CONTEXT() REPRESENTATION_CONTEXT('2D SPACE',''
  ) );
#2464 = ORIENTED_EDGE('',*,*,#2465,.F.);
#2465 = EDGE_CURVE('',#2466,#2433,#2468,.T.);
#2466 = VERTEX_POINT('',#2467);
#2467 = CARTESIAN_POINT('',(119.3,85.9625,11.));
#2468 = SURFACE_CURVE('',#2469,(#2473,#2480),.PCURVE_S1.);
#2469 = LINE('',#2470,#2471);
#2470 = CARTESIAN_POINT('',(121.68125,85.9625,11.));
#2471 = VECTOR('',#2472,1.);
#2472 = DIRECTION('',(-1.,0.,0.));
#2473 = PCURVE('',#32,#2474);
#2474 = DEFINITIONAL_REPRESENTATION('',(#2475),#2479);
#2475 = LINE('',#2476,#2477);
#2476 = CARTESIAN_POINT('',(61.77745519527,35.43791111574));
#2477 = VECTOR('',#2478,1.);
#2478 = DIRECTION('',(-1.,0.));
#2479 = ( GEOMETRIC_REPRESENTATION_CONTEXT(2) 
PARAMETRIC_REPRESENTATION_CONTEXT() REPRESENTATION_CONTEXT('2D SPACE',''
  ) );
#2480 = PCURVE('',#2481,#2486);
#2481 = PLANE('',#2482);
#2482 = AXIS2_PLACEMENT_3D('',#2483,#2484,#2485);
#2483 = CARTESIAN_POINT('',(121.68125,85.9625,11.));
#2484 = DIRECTION('',(0.,1.,0.));
#2485 = DIRECTION('',(-1.,0.,0.));
#2486 = DEFINITIONAL_REPRESENTATION('',(#2487),#2491);
#2487 = LINE('',#2488,#2489);
#2488 = CARTESIAN_POINT('',(0.,0.));
#2489 = VECTOR('',#2490,1.);
#2490 = DIRECTION('',(1.,0.));
#2491 = ( GEOMETRIC_REPRESENTATION_CONTEXT(2) 
PARAMETRIC_REPRESENTATION_CONTEXT() REPRESENTATION_CONTEXT('2D SPACE',''
  ) );
#2492 = ORIENTED_EDGE('',*,*,#2493,.F.);
#2493 = EDGE_CURVE('',#2494,#2466,#2496,.T.);
#2494 = VERTEX_POINT('',#2495);
#2495 = CARTESIAN_POINT('',(121.68125,83.58125,11.));
#2496 = SURFACE_CURVE('',#2497,(#2502,#2509),.PCURVE_S1.);
#2497 = CIRCLE('',#2498,2.38125);
#2498 = AXIS2_PLACEMENT_3D('',#2499,#2500,#2501);
#2499 = CARTESIAN_POINT('',(119.3,83.58125,11.));
#2500 = DIRECTION('',(0.,-0.,1.));
#2501 = DIRECTION('',(0.,1.,0.));
#2502 = PCURVE('',#32,#2503);
#2503 = DEFINITIONAL_REPRESENTATION('',(#2504),#2508);
#2504 = CIRCLE('',#2505,2.38125);
#2505 = AXIS2_PLACEMENT_2D('',#2506,#2507);
#2506 = CARTESIAN_POINT('',(59.39620519527,33.05666111574));
#2507 = DIRECTION('',(0.,1.));
#2508 = ( GEOMETRIC_REPRESENTATION_CONTEXT(2) 
PARAMETRIC_REPRESENTATION_CONTEXT() REPRESENTATION_CONTEXT('2D SPACE',''
  ) );
#2509 = PCURVE('',#2510,#2515);
#2510 = CYLINDRICAL_SURFACE('',#2511,2.38125);
#2511 = AXIS2_PLACEMENT_3D('',#2512,#2513,#2514);
#2512 = CARTESIAN_POINT('',(119.3,83.58125,11.));
#2513 = DIRECTION('',(-0.,-0.,-1.));
#2514 = DIRECTION('',(1.,0.,0.));
#2515 = DEFINITIONAL_REPRESENTATION('',(#2516),#2520);
#2516 = LINE('',#2517,#2518);
#2517 = CARTESIAN_POINT('',(4.712388980385,-0.));
#2518 = VECTOR('',#2519,1.);
#2519 = DIRECTION('',(-1.,0.));
#2520 = ( GEOMETRIC_REPRESENTATION_CONTEXT(2) 
PARAMETRIC_REPRESENTATION_CONTEXT() REPRESENTATION_CONTEXT('2D SPACE',''
  ) );
#2521 = ORIENTED_EDGE('',*,*,#2522,.F.);
#2522 = EDGE_CURVE('',#2523,#2494,#2525,.T.);
#2523 = VERTEX_POINT('',#2524);
#2524 = CARTESIAN_POINT('',(121.68125,29.19375,11.));
#2525 = SURFACE_CURVE('',#2526,(#2530,#2537),.PCURVE_S1.);
#2526 = LINE('',#2527,#2528);
#2527 = CARTESIAN_POINT('',(121.68125,26.8125,11.));
#2528 = VECTOR('',#2529,1.);
#2529 = DIRECTION('',(0.,1.,0.));
#2530 = PCURVE('',#32,#2531);
#2531 = DEFINITIONAL_REPRESENTATION('',(#2532),#2536);
#2532 = LINE('',#2533,#2534);
#2533 = CARTESIAN_POINT('',(61.77745519527,-23.71208888426));
#2534 = VECTOR('',#2535,1.);
#2535 = DIRECTION('',(0.,1.));
#2536 = ( GEOMETRIC_REPRESENTATION_CONTEXT(2) 
PARAMETRIC_REPRESENTATION_CONTEXT() REPRESENTATION_CONTEXT('2D SPACE',''
  ) );
#2537 = PCURVE('',#2538,#2543);
#2538 = PLANE('',#2539);
#2539 = AXIS2_PLACEMENT_3D('',#2540,#2541,#2542);
#2540 = CARTESIAN_POINT('',(121.68125,26.8125,11.));
#2541 = DIRECTION('',(1.,0.,0.));
#2542 = DIRECTION('',(0.,1.,0.));
#2543 = DEFINITIONAL_REPRESENTATION('',(#2544),#2548);
#2544 = LINE('',#2545,#2546);
#2545 = CARTESIAN_POINT('',(0.,0.));
#2546 = VECTOR('',#2547,1.);
#2547 = DIRECTION('',(1.,0.));
#2548 = ( GEOMETRIC_REPRESENTATION_CONTEXT(2) 
PARAMETRIC_REPRESENTATION_CONTEXT() REPRESENTATION_CONTEXT('2D SPACE',''
  ) );
#2549 = ORIENTED_EDGE('',*,*,#2550,.F.);
#2550 = EDGE_CURVE('',#2551,#2523,#2553,.T.);
#2551 = VERTEX_POINT('',#2552);
#2552 = CARTESIAN_POINT('',(119.3,26.8125,11.));
#2553 = SURFACE_CURVE('',#2554,(#2559,#2566),.PCURVE_S1.);
#2554 = CIRCLE('',#2555,2.38125);
#2555 = AXIS2_PLACEMENT_3D('',#2556,#2557,#2558);
#2556 = CARTESIAN_POINT('',(119.3,29.19375,11.));
#2557 = DIRECTION('',(0.,-0.,1.));
#2558 = DIRECTION('',(0.,1.,0.));
#2559 = PCURVE('',#32,#2560);
#2560 = DEFINITIONAL_REPRESENTATION('',(#2561),#2565);
#2561 = CIRCLE('',#2562,2.38125);
#2562 = AXIS2_PLACEMENT_2D('',#2563,#2564);
#2563 = CARTESIAN_POINT('',(59.39620519527,-21.33083888426));
#2564 = DIRECTION('',(0.,1.));
#2565 = ( GEOMETRIC_REPRESENTATION_CONTEXT(2) 
PARAMETRIC_REPRESENTATION_CONTEXT() REPRESENTATION_CONTEXT('2D SPACE',''
  ) );
#2566 = PCURVE('',#2567,#2572);
#2567 = CYLINDRICAL_SURFACE('',#2568,2.38125);
#2568 = AXIS2_PLACEMENT_3D('',#2569,#2570,#2571);
#2569 = CARTESIAN_POINT('',(119.3,29.19375,11.));
#2570 = DIRECTION('',(-0.,-0.,-1.));
#2571 = DIRECTION('',(0.,-1.,0.));
#2572 = DEFINITIONAL_REPRESENTATION('',(#2573),#2577);
#2573 = LINE('',#2574,#2575);
#2574 = CARTESIAN_POINT('',(3.14159265359,-0.));
#2575 = VECTOR('',#2576,1.);
#2576 = DIRECTION('',(-1.,0.));
#2577 = ( GEOMETRIC_REPRESENTATION_CONTEXT(2) 
PARAMETRIC_REPRESENTATION_CONTEXT() REPRESENTATION_CONTEXT('2D SPACE',''
  ) );
#2578 = ORIENTED_EDGE('',*,*,#2579,.F.);
#2579 = EDGE_CURVE('',#2580,#2551,#2582,.T.);
#2580 = VERTEX_POINT('',#2581);
#2581 = CARTESIAN_POINT('',(100.63125,26.8125,11.));
#2582 = SURFACE_CURVE('',#2583,(#2587,#2594),.PCURVE_S1.);
#2583 = LINE('',#2584,#2585);
#2584 = CARTESIAN_POINT('',(98.25,26.8125,11.));
#2585 = VECTOR('',#2586,1.);
#2586 = DIRECTION('',(1.,0.,0.));
#2587 = PCURVE('',#32,#2588);
#2588 = DEFINITIONAL_REPRESENTATION('',(#2589),#2593);
#2589 = LINE('',#2590,#2591);
#2590 = CARTESIAN_POINT('',(38.34620519527,-23.71208888426));
#2591 = VECTOR('',#2592,1.);
#2592 = DIRECTION('',(1.,0.));
#2593 = ( GEOMETRIC_REPRESENTATION_CONTEXT(2) 
PARAMETRIC_REPRESENTATION_CONTEXT() REPRESENTATION_CONTEXT('2D SPACE',''
  ) );
#2594 = PCURVE('',#2595,#2600);
#2595 = PLANE('',#2596);
#2596 = AXIS2_PLACEMENT_3D('',#2597,#2598,#2599);
#2597 = CARTESIAN_POINT('',(98.25,26.8125,11.));
#2598 = DIRECTION('',(0.,-1.,0.));
#2599 = DIRECTION('',(1.,0.,0.));
#2600 = DEFINITIONAL_REPRESENTATION('',(#2601),#2605);
#2601 = LINE('',#2602,#2603);
#2602 = CARTESIAN_POINT('',(0.,0.));
#2603 = VECTOR('',#2604,1.);
#2604 = DIRECTION('',(1.,0.));
#2605 = ( GEOMETRIC_REPRESENTATION_CONTEXT(2) 
PARAMETRIC_REPRESENTATION_CONTEXT() REPRESENTATION_CONTEXT('2D SPACE',''
  ) );
#2606 = ORIENTED_EDGE('',*,*,#2607,.F.);
#2607 = EDGE_CURVE('',#2608,#2580,#2610,.T.);
#2608 = VERTEX_POINT('',#2609);
#2609 = CARTESIAN_POINT('',(98.25,29.19375,11.));
#2610 = SURFACE_CURVE('',#2611,(#2616,#2623),.PCURVE_S1.);
#2611 = CIRCLE('',#2612,2.38125);
#2612 = AXIS2_PLACEMENT_3D('',#2613,#2614,#2615);
#2613 = CARTESIAN_POINT('',(100.63125,29.19375,11.));
#2614 = DIRECTION('',(0.,-0.,1.));
#2615 = DIRECTION('',(0.,1.,0.));
#2616 = PCURVE('',#32,#2617);
#2617 = DEFINITIONAL_REPRESENTATION('',(#2618),#2622);
#2618 = CIRCLE('',#2619,2.38125);
#2619 = AXIS2_PLACEMENT_2D('',#2620,#2621);
#2620 = CARTESIAN_POINT('',(40.72745519527,-21.33083888426));
#2621 = DIRECTION('',(0.,1.));
#2622 = ( GEOMETRIC_REPRESENTATION_CONTEXT(2) 
PARAMETRIC_REPRESENTATION_CONTEXT() REPRESENTATION_CONTEXT('2D SPACE',''
  ) );
#2623 = PCURVE('',#2624,#2629);
#2624 = CYLINDRICAL_SURFACE('',#2625,2.38125);
#2625 = AXIS2_PLACEMENT_3D('',#2626,#2627,#2628);
#2626 = CARTESIAN_POINT('',(100.63125,29.19375,11.));
#2627 = DIRECTION('',(-0.,-0.,-1.));
#2628 = DIRECTION('',(-1.,0.,0.));
#2629 = DEFINITIONAL_REPRESENTATION('',(#2630),#2634);
#2630 = LINE('',#2631,#2632);
#2631 = CARTESIAN_POINT('',(1.570796326795,-0.));
#2632 = VECTOR('',#2633,1.);
#2633 = DIRECTION('',(-1.,0.));
#2634 = ( GEOMETRIC_REPRESENTATION_CONTEXT(2) 
PARAMETRIC_REPRESENTATION_CONTEXT() REPRESENTATION_CONTEXT('2D SPACE',''
  ) );
#2635 = ORIENTED_EDGE('',*,*,#2636,.F.);
#2636 = EDGE_CURVE('',#2637,#2608,#2639,.T.);
#2637 = VERTEX_POINT('',#2638);
#2638 = CARTESIAN_POINT('',(98.25,30.384375,11.));
#2639 = SURFACE_CURVE('',#2640,(#2644,#2651),.PCURVE_S1.);
#2640 = LINE('',#2641,#2642);
#2641 = CARTESIAN_POINT('',(98.25,31.575,11.));
#2642 = VECTOR('',#2643,1.);
#2643 = DIRECTION('',(0.,-1.,0.));
#2644 = PCURVE('',#32,#2645);
#2645 = DEFINITIONAL_REPRESENTATION('',(#2646),#2650);
#2646 = LINE('',#2647,#2648);
#2647 = CARTESIAN_POINT('',(38.34620519527,-18.94958888426));
#2648 = VECTOR('',#2649,1.);
#2649 = DIRECTION('',(0.,-1.));
#2650 = ( GEOMETRIC_REPRESENTATION_CONTEXT(2) 
PARAMETRIC_REPRESENTATION_CONTEXT() REPRESENTATION_CONTEXT('2D SPACE',''
  ) );
#2651 = PCURVE('',#2652,#2657);
#2652 = PLANE('',#2653);
#2653 = AXIS2_PLACEMENT_3D('',#2654,#2655,#2656);
#2654 = CARTESIAN_POINT('',(98.25,31.575,11.));
#2655 = DIRECTION('',(-1.,0.,0.));
#2656 = DIRECTION('',(0.,-1.,0.));
#2657 = DEFINITIONAL_REPRESENTATION('',(#2658),#2662);
#2658 = LINE('',#2659,#2660);
#2659 = CARTESIAN_POINT('',(0.,0.));
#2660 = VECTOR('',#2661,1.);
#2661 = DIRECTION('',(1.,0.));
#2662 = ( GEOMETRIC_REPRESENTATION_CONTEXT(2) 
PARAMETRIC_REPRESENTATION_CONTEXT() REPRESENTATION_CONTEXT('2D SPACE',''
  ) );
#2663 = ORIENTED_EDGE('',*,*,#2664,.F.);
#2664 = EDGE_CURVE('',#2665,#2637,#2667,.T.);
#2665 = VERTEX_POINT('',#2666);
#2666 = CARTESIAN_POINT('',(97.059375,31.575,11.));
#2667 = SURFACE_CURVE('',#2668,(#2673,#2684),.PCURVE_S1.);
#2668 = CIRCLE('',#2669,1.190625);
#2669 = AXIS2_PLACEMENT_3D('',#2670,#2671,#2672);
#2670 = CARTESIAN_POINT('',(97.059375,30.384375,11.));
#2671 = DIRECTION('',(0.,0.,-1.));
#2672 = DIRECTION('',(0.,1.,0.));
#2673 = PCURVE('',#32,#2674);
#2674 = DEFINITIONAL_REPRESENTATION('',(#2675),#2683);
#2675 = ( BOUNDED_CURVE() B_SPLINE_CURVE(2,(#2676,#2677,#2678,#2679,
#2680,#2681,#2682),.UNSPECIFIED.,.T.,.F.) B_SPLINE_CURVE_WITH_KNOTS((1,2
    ,2,2,2,1),(-2.094395102393,0.,2.094395102393,4.188790204786,
6.28318530718,8.377580409573),.UNSPECIFIED.) CURVE() 
GEOMETRIC_REPRESENTATION_ITEM() RATIONAL_B_SPLINE_CURVE((1.,0.5,1.,0.5,
1.,0.5,1.)) REPRESENTATION_ITEM('') );
#2676 = CARTESIAN_POINT('',(37.15558019527,-18.94958888426));
#2677 = CARTESIAN_POINT('',(39.217803188032,-18.94958888426));
#2678 = CARTESIAN_POINT('',(38.186691691651,-20.73552638426));
#2679 = CARTESIAN_POINT('',(37.15558019527,-22.52146388426));
#2680 = CARTESIAN_POINT('',(36.124468698889,-20.73552638426));
#2681 = CARTESIAN_POINT('',(35.093357202508,-18.94958888426));
#2682 = CARTESIAN_POINT('',(37.15558019527,-18.94958888426));
#2683 = ( GEOMETRIC_REPRESENTATION_CONTEXT(2) 
PARAMETRIC_REPRESENTATION_CONTEXT() REPRESENTATION_CONTEXT('2D SPACE',''
  ) );
#2684 = PCURVE('',#2685,#2690);
#2685 = CYLINDRICAL_SURFACE('',#2686,1.190625);
#2686 = AXIS2_PLACEMENT_3D('',#2687,#2688,#2689);
#2687 = CARTESIAN_POINT('',(97.059375,30.384375,11.));
#2688 = DIRECTION('',(-0.,-0.,-1.));
#2689 = DIRECTION('',(0.,1.,0.));
#2690 = DEFINITIONAL_REPRESENTATION('',(#2691),#2695);
#2691 = LINE('',#2692,#2693);
#2692 = CARTESIAN_POINT('',(0.,0.));
#2693 = VECTOR('',#2694,1.);
#2694 = DIRECTION('',(1.,0.));
#2695 = ( GEOMETRIC_REPRESENTATION_CONTEXT(2) 
PARAMETRIC_REPRESENTATION_CONTEXT() REPRESENTATION_CONTEXT('2D SPACE',''
  ) );
#2696 = ORIENTED_EDGE('',*,*,#2697,.F.);
#2697 = EDGE_CURVE('',#2698,#2665,#2700,.T.);
#2698 = VERTEX_POINT('',#2699);
#2699 = CARTESIAN_POINT('',(81.58125,31.575,11.));
#2700 = SURFACE_CURVE('',#2701,(#2705,#2712),.PCURVE_S1.);
#2701 = LINE('',#2702,#2703);
#2702 = CARTESIAN_POINT('',(79.2,31.575,11.));
#2703 = VECTOR('',#2704,1.);
#2704 = DIRECTION('',(1.,0.,0.));
#2705 = PCURVE('',#32,#2706);
#2706 = DEFINITIONAL_REPRESENTATION('',(#2707),#2711);
#2707 = LINE('',#2708,#2709);
#2708 = CARTESIAN_POINT('',(19.29620519527,-18.94958888426));
#2709 = VECTOR('',#2710,1.);
#2710 = DIRECTION('',(1.,0.));
#2711 = ( GEOMETRIC_REPRESENTATION_CONTEXT(2) 
PARAMETRIC_REPRESENTATION_CONTEXT() REPRESENTATION_CONTEXT('2D SPACE',''
  ) );
#2712 = PCURVE('',#2713,#2718);
#2713 = PLANE('',#2714);
#2714 = AXIS2_PLACEMENT_3D('',#2715,#2716,#2717);
#2715 = CARTESIAN_POINT('',(79.2,31.575,11.));
#2716 = DIRECTION('',(0.,-1.,0.));
#2717 = DIRECTION('',(1.,0.,0.));
#2718 = DEFINITIONAL_REPRESENTATION('',(#2719),#2723);
#2719 = LINE('',#2720,#2721);
#2720 = CARTESIAN_POINT('',(0.,0.));
#2721 = VECTOR('',#2722,1.);
#2722 = DIRECTION('',(1.,0.));
#2723 = ( GEOMETRIC_REPRESENTATION_CONTEXT(2) 
PARAMETRIC_REPRESENTATION_CONTEXT() REPRESENTATION_CONTEXT('2D SPACE',''
  ) );
#2724 = ORIENTED_EDGE('',*,*,#2725,.F.);
#2725 = EDGE_CURVE('',#2726,#2698,#2728,.T.);
#2726 = VERTEX_POINT('',#2727);
#2727 = CARTESIAN_POINT('',(79.2,33.95625,11.));
#2728 = SURFACE_CURVE('',#2729,(#2734,#2741),.PCURVE_S1.);
#2729 = CIRCLE('',#2730,2.38125);
#2730 = AXIS2_PLACEMENT_3D('',#2731,#2732,#2733);
#2731 = CARTESIAN_POINT('',(81.58125,33.95625,11.));
#2732 = DIRECTION('',(0.,-0.,1.));
#2733 = DIRECTION('',(0.,1.,0.));
#2734 = PCURVE('',#32,#2735);
#2735 = DEFINITIONAL_REPRESENTATION('',(#2736),#2740);
#2736 = CIRCLE('',#2737,2.38125);
#2737 = AXIS2_PLACEMENT_2D('',#2738,#2739);
#2738 = CARTESIAN_POINT('',(21.67745519527,-16.56833888426));
#2739 = DIRECTION('',(0.,1.));
#2740 = ( GEOMETRIC_REPRESENTATION_CONTEXT(2) 
PARAMETRIC_REPRESENTATION_CONTEXT() REPRESENTATION_CONTEXT('2D SPACE',''
  ) );
#2741 = PCURVE('',#2742,#2747);
#2742 = CYLINDRICAL_SURFACE('',#2743,2.38125);
#2743 = AXIS2_PLACEMENT_3D('',#2744,#2745,#2746);
#2744 = CARTESIAN_POINT('',(81.58125,33.95625,11.));
#2745 = DIRECTION('',(-0.,-0.,-1.));
#2746 = DIRECTION('',(-1.,0.,0.));
#2747 = DEFINITIONAL_REPRESENTATION('',(#2748),#2752);
#2748 = LINE('',#2749,#2750);
#2749 = CARTESIAN_POINT('',(1.570796326795,-0.));
#2750 = VECTOR('',#2751,1.);
#2751 = DIRECTION('',(-1.,0.));
#2752 = ( GEOMETRIC_REPRESENTATION_CONTEXT(2) 
PARAMETRIC_REPRESENTATION_CONTEXT() REPRESENTATION_CONTEXT('2D SPACE',''
  ) );
#2753 = ORIENTED_EDGE('',*,*,#2754,.F.);
#2754 = EDGE_CURVE('',#2755,#2726,#2757,.T.);
#2755 = VERTEX_POINT('',#2756);
#2756 = CARTESIAN_POINT('',(79.2,35.146875,11.));
#2757 = SURFACE_CURVE('',#2758,(#2762,#2769),.PCURVE_S1.);
#2758 = LINE('',#2759,#2760);
#2759 = CARTESIAN_POINT('',(79.2,36.3375,11.));
#2760 = VECTOR('',#2761,1.);
#2761 = DIRECTION('',(0.,-1.,0.));
#2762 = PCURVE('',#32,#2763);
#2763 = DEFINITIONAL_REPRESENTATION('',(#2764),#2768);
#2764 = LINE('',#2765,#2766);
#2765 = CARTESIAN_POINT('',(19.29620519527,-14.18708888426));
#2766 = VECTOR('',#2767,1.);
#2767 = DIRECTION('',(0.,-1.));
#2768 = ( GEOMETRIC_REPRESENTATION_CONTEXT(2) 
PARAMETRIC_REPRESENTATION_CONTEXT() REPRESENTATION_CONTEXT('2D SPACE',''
  ) );
#2769 = PCURVE('',#2770,#2775);
#2770 = PLANE('',#2771);
#2771 = AXIS2_PLACEMENT_3D('',#2772,#2773,#2774);
#2772 = CARTESIAN_POINT('',(79.2,36.3375,11.));
#2773 = DIRECTION('',(-1.,0.,0.));
#2774 = DIRECTION('',(0.,-1.,0.));
#2775 = DEFINITIONAL_REPRESENTATION('',(#2776),#2780);
#2776 = LINE('',#2777,#2778);
#2777 = CARTESIAN_POINT('',(0.,0.));
#2778 = VECTOR('',#2779,1.);
#2779 = DIRECTION('',(1.,0.));
#2780 = ( GEOMETRIC_REPRESENTATION_CONTEXT(2) 
PARAMETRIC_REPRESENTATION_CONTEXT() REPRESENTATION_CONTEXT('2D SPACE',''
  ) );
#2781 = ORIENTED_EDGE('',*,*,#2782,.F.);
#2782 = EDGE_CURVE('',#2783,#2755,#2785,.T.);
#2783 = VERTEX_POINT('',#2784);
#2784 = CARTESIAN_POINT('',(78.009375,36.3375,11.));
#2785 = SURFACE_CURVE('',#2786,(#2791,#2802),.PCURVE_S1.);
#2786 = CIRCLE('',#2787,1.190625);
#2787 = AXIS2_PLACEMENT_3D('',#2788,#2789,#2790);
#2788 = CARTESIAN_POINT('',(78.009375,35.146875,11.));
#2789 = DIRECTION('',(0.,0.,-1.));
#2790 = DIRECTION('',(0.,1.,0.));
#2791 = PCURVE('',#32,#2792);
#2792 = DEFINITIONAL_REPRESENTATION('',(#2793),#2801);
#2793 = ( BOUNDED_CURVE() B_SPLINE_CURVE(2,(#2794,#2795,#2796,#2797,
#2798,#2799,#2800),.UNSPECIFIED.,.T.,.F.) B_SPLINE_CURVE_WITH_KNOTS((1,2
    ,2,2,2,1),(-2.094395102393,0.,2.094395102393,4.188790204786,
6.28318530718,8.377580409573),.UNSPECIFIED.) CURVE() 
GEOMETRIC_REPRESENTATION_ITEM() RATIONAL_B_SPLINE_CURVE((1.,0.5,1.,0.5,
1.,0.5,1.)) REPRESENTATION_ITEM('') );
#2794 = CARTESIAN_POINT('',(18.10558019527,-14.18708888426));
#2795 = CARTESIAN_POINT('',(20.167803188032,-14.18708888426));
#2796 = CARTESIAN_POINT('',(19.136691691651,-15.97302638426));
#2797 = CARTESIAN_POINT('',(18.10558019527,-17.75896388426));
#2798 = CARTESIAN_POINT('',(17.074468698889,-15.97302638426));
#2799 = CARTESIAN_POINT('',(16.043357202508,-14.18708888426));
#2800 = CARTESIAN_POINT('',(18.10558019527,-14.18708888426));
#2801 = ( GEOMETRIC_REPRESENTATION_CONTEXT(2) 
PARAMETRIC_REPRESENTATION_CONTEXT() REPRESENTATION_CONTEXT('2D SPACE',''
  ) );
#2802 = PCURVE('',#2803,#2808);
#2803 = CYLINDRICAL_SURFACE('',#2804,1.190625);
#2804 = AXIS2_PLACEMENT_3D('',#2805,#2806,#2807);
#2805 = CARTESIAN_POINT('',(78.009375,35.146875,11.));
#2806 = DIRECTION('',(-0.,-0.,-1.));
#2807 = DIRECTION('',(0.,1.,0.));
#2808 = DEFINITIONAL_REPRESENTATION('',(#2809),#2813);
#2809 = LINE('',#2810,#2811);
#2810 = CARTESIAN_POINT('',(0.,0.));
#2811 = VECTOR('',#2812,1.);
#2812 = DIRECTION('',(1.,0.));
#2813 = ( GEOMETRIC_REPRESENTATION_CONTEXT(2) 
PARAMETRIC_REPRESENTATION_CONTEXT() REPRESENTATION_CONTEXT('2D SPACE',''
  ) );
#2814 = ORIENTED_EDGE('',*,*,#2815,.F.);
#2815 = EDGE_CURVE('',#2816,#2783,#2818,.T.);
#2816 = VERTEX_POINT('',#2817);
#2817 = CARTESIAN_POINT('',(65.721875,36.3375,11.));
#2818 = SURFACE_CURVE('',#2819,(#2823,#2830),.PCURVE_S1.);
#2819 = LINE('',#2820,#2821);
#2820 = CARTESIAN_POINT('',(64.53125,36.3375,11.));
#2821 = VECTOR('',#2822,1.);
#2822 = DIRECTION('',(1.,0.,0.));
#2823 = PCURVE('',#32,#2824);
#2824 = DEFINITIONAL_REPRESENTATION('',(#2825),#2829);
#2825 = LINE('',#2826,#2827);
#2826 = CARTESIAN_POINT('',(4.62745519527,-14.18708888426));
#2827 = VECTOR('',#2828,1.);
#2828 = DIRECTION('',(1.,0.));
#2829 = ( GEOMETRIC_REPRESENTATION_CONTEXT(2) 
PARAMETRIC_REPRESENTATION_CONTEXT() REPRESENTATION_CONTEXT('2D SPACE',''
  ) );
#2830 = PCURVE('',#2831,#2836);
#2831 = PLANE('',#2832);
#2832 = AXIS2_PLACEMENT_3D('',#2833,#2834,#2835);
#2833 = CARTESIAN_POINT('',(64.53125,36.3375,11.));
#2834 = DIRECTION('',(0.,-1.,0.));
#2835 = DIRECTION('',(1.,0.,0.));
#2836 = DEFINITIONAL_REPRESENTATION('',(#2837),#2841);
#2837 = LINE('',#2838,#2839);
#2838 = CARTESIAN_POINT('',(0.,0.));
#2839 = VECTOR('',#2840,1.);
#2840 = DIRECTION('',(1.,0.));
#2841 = ( GEOMETRIC_REPRESENTATION_CONTEXT(2) 
PARAMETRIC_REPRESENTATION_CONTEXT() REPRESENTATION_CONTEXT('2D SPACE',''
  ) );
#2842 = ORIENTED_EDGE('',*,*,#2843,.F.);
#2843 = EDGE_CURVE('',#2844,#2816,#2846,.T.);
#2844 = VERTEX_POINT('',#2845);
#2845 = CARTESIAN_POINT('',(64.53125,35.146875,11.));
#2846 = SURFACE_CURVE('',#2847,(#2852,#2863),.PCURVE_S1.);
#2847 = CIRCLE('',#2848,1.190625);
#2848 = AXIS2_PLACEMENT_3D('',#2849,#2850,#2851);
#2849 = CARTESIAN_POINT('',(65.721875,35.146875,11.));
#2850 = DIRECTION('',(0.,0.,-1.));
#2851 = DIRECTION('',(0.,1.,0.));
#2852 = PCURVE('',#32,#2853);
#2853 = DEFINITIONAL_REPRESENTATION('',(#2854),#2862);
#2854 = ( BOUNDED_CURVE() B_SPLINE_CURVE(2,(#2855,#2856,#2857,#2858,
#2859,#2860,#2861),.UNSPECIFIED.,.T.,.F.) B_SPLINE_CURVE_WITH_KNOTS((1,2
    ,2,2,2,1),(-2.094395102393,0.,2.094395102393,4.188790204786,
6.28318530718,8.377580409573),.UNSPECIFIED.) CURVE() 
GEOMETRIC_REPRESENTATION_ITEM() RATIONAL_B_SPLINE_CURVE((1.,0.5,1.,0.5,
1.,0.5,1.)) REPRESENTATION_ITEM('') );
#2855 = CARTESIAN_POINT('',(5.81808019527,-14.18708888426));
#2856 = CARTESIAN_POINT('',(7.880303188032,-14.18708888426));
#2857 = CARTESIAN_POINT('',(6.849191691651,-15.97302638426));
#2858 = CARTESIAN_POINT('',(5.81808019527,-17.75896388426));
#2859 = CARTESIAN_POINT('',(4.786968698889,-15.97302638426));
#2860 = CARTESIAN_POINT('',(3.755857202508,-14.18708888426));
#2861 = CARTESIAN_POINT('',(5.81808019527,-14.18708888426));
#2862 = ( GEOMETRIC_REPRESENTATION_CONTEXT(2) 
PARAMETRIC_REPRESENTATION_CONTEXT() REPRESENTATION_CONTEXT('2D SPACE',''
  ) );
#2863 = PCURVE('',#2864,#2869);
#2864 = CYLINDRICAL_SURFACE('',#2865,1.190625);
#2865 = AXIS2_PLACEMENT_3D('',#2866,#2867,#2868);
#2866 = CARTESIAN_POINT('',(65.721875,35.146875,11.));
#2867 = DIRECTION('',(-0.,-0.,-1.));
#2868 = DIRECTION('',(-1.,0.,0.));
#2869 = DEFINITIONAL_REPRESENTATION('',(#2870),#2874);
#2870 = LINE('',#2871,#2872);
#2871 = CARTESIAN_POINT('',(-4.712388980385,0.));
#2872 = VECTOR('',#2873,1.);
#2873 = DIRECTION('',(1.,0.));
#2874 = ( GEOMETRIC_REPRESENTATION_CONTEXT(2) 
PARAMETRIC_REPRESENTATION_CONTEXT() REPRESENTATION_CONTEXT('2D SPACE',''
  ) );
#2875 = ORIENTED_EDGE('',*,*,#2876,.F.);
#2876 = EDGE_CURVE('',#2877,#2844,#2879,.T.);
#2877 = VERTEX_POINT('',#2878);
#2878 = CARTESIAN_POINT('',(64.53125,14.90625,11.));
#2879 = SURFACE_CURVE('',#2880,(#2884,#2891),.PCURVE_S1.);
#2880 = LINE('',#2881,#2882);
#2881 = CARTESIAN_POINT('',(64.53125,12.525,11.));
#2882 = VECTOR('',#2883,1.);
#2883 = DIRECTION('',(0.,1.,0.));
#2884 = PCURVE('',#32,#2885);
#2885 = DEFINITIONAL_REPRESENTATION('',(#2886),#2890);
#2886 = LINE('',#2887,#2888);
#2887 = CARTESIAN_POINT('',(4.62745519527,-37.99958888426));
#2888 = VECTOR('',#2889,1.);
#2889 = DIRECTION('',(0.,1.));
#2890 = ( GEOMETRIC_REPRESENTATION_CONTEXT(2) 
PARAMETRIC_REPRESENTATION_CONTEXT() REPRESENTATION_CONTEXT('2D SPACE',''
  ) );
#2891 = PCURVE('',#2892,#2897);
#2892 = PLANE('',#2893);
#2893 = AXIS2_PLACEMENT_3D('',#2894,#2895,#2896);
#2894 = CARTESIAN_POINT('',(64.53125,12.525,11.));
#2895 = DIRECTION('',(1.,0.,0.));
#2896 = DIRECTION('',(0.,1.,0.));
#2897 = DEFINITIONAL_REPRESENTATION('',(#2898),#2902);
#2898 = LINE('',#2899,#2900);
#2899 = CARTESIAN_POINT('',(0.,0.));
#2900 = VECTOR('',#2901,1.);
#2901 = DIRECTION('',(1.,0.));
#2902 = ( GEOMETRIC_REPRESENTATION_CONTEXT(2) 
PARAMETRIC_REPRESENTATION_CONTEXT() REPRESENTATION_CONTEXT('2D SPACE',''
  ) );
#2903 = ORIENTED_EDGE('',*,*,#2904,.F.);
#2904 = EDGE_CURVE('',#2905,#2877,#2907,.T.);
#2905 = VERTEX_POINT('',#2906);
#2906 = CARTESIAN_POINT('',(62.15,12.525,11.));
#2907 = SURFACE_CURVE('',#2908,(#2913,#2920),.PCURVE_S1.);
#2908 = CIRCLE('',#2909,2.38125);
#2909 = AXIS2_PLACEMENT_3D('',#2910,#2911,#2912);
#2910 = CARTESIAN_POINT('',(62.15,14.90625,11.));
#2911 = DIRECTION('',(0.,-0.,1.));
#2912 = DIRECTION('',(0.,1.,0.));
#2913 = PCURVE('',#32,#2914);
#2914 = DEFINITIONAL_REPRESENTATION('',(#2915),#2919);
#2915 = CIRCLE('',#2916,2.38125);
#2916 = AXIS2_PLACEMENT_2D('',#2917,#2918);
#2917 = CARTESIAN_POINT('',(2.24620519527,-35.61833888426));
#2918 = DIRECTION('',(0.,1.));
#2919 = ( GEOMETRIC_REPRESENTATION_CONTEXT(2) 
PARAMETRIC_REPRESENTATION_CONTEXT() REPRESENTATION_CONTEXT('2D SPACE',''
  ) );
#2920 = PCURVE('',#2921,#2926);
#2921 = CYLINDRICAL_SURFACE('',#2922,2.38125);
#2922 = AXIS2_PLACEMENT_3D('',#2923,#2924,#2925);
#2923 = CARTESIAN_POINT('',(62.15,14.90625,11.));
#2924 = DIRECTION('',(-0.,-0.,-1.));
#2925 = DIRECTION('',(0.,-1.,0.));
#2926 = DEFINITIONAL_REPRESENTATION('',(#2927),#2931);
#2927 = LINE('',#2928,#2929);
#2928 = CARTESIAN_POINT('',(3.14159265359,-0.));
#2929 = VECTOR('',#2930,1.);
#2930 = DIRECTION('',(-1.,0.));
#2931 = ( GEOMETRIC_REPRESENTATION_CONTEXT(2) 
PARAMETRIC_REPRESENTATION_CONTEXT() REPRESENTATION_CONTEXT('2D SPACE',''
  ) );
#2932 = ORIENTED_EDGE('',*,*,#2933,.F.);
#2933 = EDGE_CURVE('',#2934,#2905,#2936,.T.);
#2934 = VERTEX_POINT('',#2935);
#2935 = CARTESIAN_POINT('',(44.290625,12.525,11.));
#2936 = SURFACE_CURVE('',#2937,(#2941,#2948),.PCURVE_S1.);
#2937 = LINE('',#2938,#2939);
#2938 = CARTESIAN_POINT('',(43.1,12.525,11.));
#2939 = VECTOR('',#2940,1.);
#2940 = DIRECTION('',(1.,0.,0.));
#2941 = PCURVE('',#32,#2942);
#2942 = DEFINITIONAL_REPRESENTATION('',(#2943),#2947);
#2943 = LINE('',#2944,#2945);
#2944 = CARTESIAN_POINT('',(-16.80379480473,-37.99958888426));
#2945 = VECTOR('',#2946,1.);
#2946 = DIRECTION('',(1.,0.));
#2947 = ( GEOMETRIC_REPRESENTATION_CONTEXT(2) 
PARAMETRIC_REPRESENTATION_CONTEXT() REPRESENTATION_CONTEXT('2D SPACE',''
  ) );
#2948 = PCURVE('',#2949,#2954);
#2949 = PLANE('',#2950);
#2950 = AXIS2_PLACEMENT_3D('',#2951,#2952,#2953);
#2951 = CARTESIAN_POINT('',(43.1,12.525,11.));
#2952 = DIRECTION('',(0.,-1.,0.));
#2953 = DIRECTION('',(1.,0.,0.));
#2954 = DEFINITIONAL_REPRESENTATION('',(#2955),#2959);
#2955 = LINE('',#2956,#2957);
#2956 = CARTESIAN_POINT('',(0.,0.));
#2957 = VECTOR('',#2958,1.);
#2958 = DIRECTION('',(1.,0.));
#2959 = ( GEOMETRIC_REPRESENTATION_CONTEXT(2) 
PARAMETRIC_REPRESENTATION_CONTEXT() REPRESENTATION_CONTEXT('2D SPACE',''
  ) );
#2960 = ORIENTED_EDGE('',*,*,#2961,.F.);
#2961 = EDGE_CURVE('',#2962,#2934,#2964,.T.);
#2962 = VERTEX_POINT('',#2963);
#2963 = CARTESIAN_POINT('',(43.1,11.334375,11.));
#2964 = SURFACE_CURVE('',#2965,(#2970,#2981),.PCURVE_S1.);
#2965 = CIRCLE('',#2966,1.190625);
#2966 = AXIS2_PLACEMENT_3D('',#2967,#2968,#2969);
#2967 = CARTESIAN_POINT('',(44.290625,11.334375,11.));
#2968 = DIRECTION('',(0.,0.,-1.));
#2969 = DIRECTION('',(0.,1.,0.));
#2970 = PCURVE('',#32,#2971);
#2971 = DEFINITIONAL_REPRESENTATION('',(#2972),#2980);
#2972 = ( BOUNDED_CURVE() B_SPLINE_CURVE(2,(#2973,#2974,#2975,#2976,
#2977,#2978,#2979),.UNSPECIFIED.,.T.,.F.) B_SPLINE_CURVE_WITH_KNOTS((1,2
    ,2,2,2,1),(-2.094395102393,0.,2.094395102393,4.188790204786,
6.28318530718,8.377580409573),.UNSPECIFIED.) CURVE() 
GEOMETRIC_REPRESENTATION_ITEM() RATIONAL_B_SPLINE_CURVE((1.,0.5,1.,0.5,
1.,0.5,1.)) REPRESENTATION_ITEM('') );
#2973 = CARTESIAN_POINT('',(-15.61316980473,-37.99958888426));
#2974 = CARTESIAN_POINT('',(-13.55094681196,-37.99958888426));
#2975 = CARTESIAN_POINT('',(-14.58205830834,-39.78552638426));
#2976 = CARTESIAN_POINT('',(-15.61316980473,-41.57146388426));
#2977 = CARTESIAN_POINT('',(-16.64428130111,-39.78552638426));
#2978 = CARTESIAN_POINT('',(-17.67539279749,-37.99958888426));
#2979 = CARTESIAN_POINT('',(-15.61316980473,-37.99958888426));
#2980 = ( GEOMETRIC_REPRESENTATION_CONTEXT(2) 
PARAMETRIC_REPRESENTATION_CONTEXT() REPRESENTATION_CONTEXT('2D SPACE',''
  ) );
#2981 = PCURVE('',#2982,#2987);
#2982 = CYLINDRICAL_SURFACE('',#2983,1.190625);
#2983 = AXIS2_PLACEMENT_3D('',#2984,#2985,#2986);
#2984 = CARTESIAN_POINT('',(44.290625,11.334375,11.));
#2985 = DIRECTION('',(-0.,-0.,-1.));
#2986 = DIRECTION('',(-1.,0.,0.));
#2987 = DEFINITIONAL_REPRESENTATION('',(#2988),#2992);
#2988 = LINE('',#2989,#2990);
#2989 = CARTESIAN_POINT('',(-4.712388980385,0.));
#2990 = VECTOR('',#2991,1.);
#2991 = DIRECTION('',(1.,0.));
#2992 = ( GEOMETRIC_REPRESENTATION_CONTEXT(2) 
PARAMETRIC_REPRESENTATION_CONTEXT() REPRESENTATION_CONTEXT('2D SPACE',''
  ) );
#2993 = ORIENTED_EDGE('',*,*,#2994,.F.);
#2994 = EDGE_CURVE('',#2995,#2962,#2997,.T.);
#2995 = VERTEX_POINT('',#2996);
#2996 = CARTESIAN_POINT('',(43.1,10.14375,11.));
#2997 = SURFACE_CURVE('',#2998,(#3002,#3009),.PCURVE_S1.);
#2998 = LINE('',#2999,#3000);
#2999 = CARTESIAN_POINT('',(43.1,7.7625,11.));
#3000 = VECTOR('',#3001,1.);
#3001 = DIRECTION('',(0.,1.,0.));
#3002 = PCURVE('',#32,#3003);
#3003 = DEFINITIONAL_REPRESENTATION('',(#3004),#3008);
#3004 = LINE('',#3005,#3006);
#3005 = CARTESIAN_POINT('',(-16.80379480473,-42.76208888426));
#3006 = VECTOR('',#3007,1.);
#3007 = DIRECTION('',(0.,1.));
#3008 = ( GEOMETRIC_REPRESENTATION_CONTEXT(2) 
PARAMETRIC_REPRESENTATION_CONTEXT() REPRESENTATION_CONTEXT('2D SPACE',''
  ) );
#3009 = PCURVE('',#3010,#3015);
#3010 = PLANE('',#3011);
#3011 = AXIS2_PLACEMENT_3D('',#3012,#3013,#3014);
#3012 = CARTESIAN_POINT('',(43.1,7.7625,11.));
#3013 = DIRECTION('',(1.,0.,0.));
#3014 = DIRECTION('',(0.,1.,0.));
#3015 = DEFINITIONAL_REPRESENTATION('',(#3016),#3020);
#3016 = LINE('',#3017,#3018);
#3017 = CARTESIAN_POINT('',(0.,0.));
#3018 = VECTOR('',#3019,1.);
#3019 = DIRECTION('',(1.,0.));
#3020 = ( GEOMETRIC_REPRESENTATION_CONTEXT(2) 
PARAMETRIC_REPRESENTATION_CONTEXT() REPRESENTATION_CONTEXT('2D SPACE',''
  ) );
#3021 = ORIENTED_EDGE('',*,*,#3022,.F.);
#3022 = EDGE_CURVE('',#3023,#2995,#3025,.T.);
#3023 = VERTEX_POINT('',#3024);
#3024 = CARTESIAN_POINT('',(40.71875,7.7625,11.));
#3025 = SURFACE_CURVE('',#3026,(#3031,#3038),.PCURVE_S1.);
#3026 = CIRCLE('',#3027,2.38125);
#3027 = AXIS2_PLACEMENT_3D('',#3028,#3029,#3030);
#3028 = CARTESIAN_POINT('',(40.71875,10.14375,11.));
#3029 = DIRECTION('',(0.,-0.,1.));
#3030 = DIRECTION('',(0.,1.,0.));
#3031 = PCURVE('',#32,#3032);
#3032 = DEFINITIONAL_REPRESENTATION('',(#3033),#3037);
#3033 = CIRCLE('',#3034,2.38125);
#3034 = AXIS2_PLACEMENT_2D('',#3035,#3036);
#3035 = CARTESIAN_POINT('',(-19.18504480473,-40.38083888426));
#3036 = DIRECTION('',(0.,1.));
#3037 = ( GEOMETRIC_REPRESENTATION_CONTEXT(2) 
PARAMETRIC_REPRESENTATION_CONTEXT() REPRESENTATION_CONTEXT('2D SPACE',''
  ) );
#3038 = PCURVE('',#3039,#3044);
#3039 = CYLINDRICAL_SURFACE('',#3040,2.38125);
#3040 = AXIS2_PLACEMENT_3D('',#3041,#3042,#3043);
#3041 = CARTESIAN_POINT('',(40.71875,10.14375,11.));
#3042 = DIRECTION('',(-0.,-0.,-1.));
#3043 = DIRECTION('',(0.,-1.,0.));
#3044 = DEFINITIONAL_REPRESENTATION('',(#3045),#3049);
#3045 = LINE('',#3046,#3047);
#3046 = CARTESIAN_POINT('',(3.14159265359,-0.));
#3047 = VECTOR('',#3048,1.);
#3048 = DIRECTION('',(-1.,0.));
#3049 = ( GEOMETRIC_REPRESENTATION_CONTEXT(2) 
PARAMETRIC_REPRESENTATION_CONTEXT() REPRESENTATION_CONTEXT('2D SPACE',''
  ) );
#3050 = ORIENTED_EDGE('',*,*,#3051,.F.);
#3051 = EDGE_CURVE('',#3052,#3023,#3054,.T.);
#3052 = VERTEX_POINT('',#3053);
#3053 = CARTESIAN_POINT('',(25.240625,7.7625,11.));
#3054 = SURFACE_CURVE('',#3055,(#3059,#3066),.PCURVE_S1.);
#3055 = LINE('',#3056,#3057);
#3056 = CARTESIAN_POINT('',(24.05,7.7625,11.));
#3057 = VECTOR('',#3058,1.);
#3058 = DIRECTION('',(1.,0.,0.));
#3059 = PCURVE('',#32,#3060);
#3060 = DEFINITIONAL_REPRESENTATION('',(#3061),#3065);
#3061 = LINE('',#3062,#3063);
#3062 = CARTESIAN_POINT('',(-35.85379480473,-42.76208888426));
#3063 = VECTOR('',#3064,1.);
#3064 = DIRECTION('',(1.,0.));
#3065 = ( GEOMETRIC_REPRESENTATION_CONTEXT(2) 
PARAMETRIC_REPRESENTATION_CONTEXT() REPRESENTATION_CONTEXT('2D SPACE',''
  ) );
#3066 = PCURVE('',#3067,#3072);
#3067 = PLANE('',#3068);
#3068 = AXIS2_PLACEMENT_3D('',#3069,#3070,#3071);
#3069 = CARTESIAN_POINT('',(24.05,7.7625,11.));
#3070 = DIRECTION('',(0.,-1.,0.));
#3071 = DIRECTION('',(1.,0.,0.));
#3072 = DEFINITIONAL_REPRESENTATION('',(#3073),#3077);
#3073 = LINE('',#3074,#3075);
#3074 = CARTESIAN_POINT('',(0.,0.));
#3075 = VECTOR('',#3076,1.);
#3076 = DIRECTION('',(1.,0.));
#3077 = ( GEOMETRIC_REPRESENTATION_CONTEXT(2) 
PARAMETRIC_REPRESENTATION_CONTEXT() REPRESENTATION_CONTEXT('2D SPACE',''
  ) );
#3078 = ORIENTED_EDGE('',*,*,#3079,.F.);
#3079 = EDGE_CURVE('',#1673,#3052,#3080,.T.);
#3080 = SURFACE_CURVE('',#3081,(#3086,#3097),.PCURVE_S1.);
#3081 = CIRCLE('',#3082,1.190625);
#3082 = AXIS2_PLACEMENT_3D('',#3083,#3084,#3085);
#3083 = CARTESIAN_POINT('',(25.240625,6.571875,11.));
#3084 = DIRECTION('',(0.,0.,-1.));
#3085 = DIRECTION('',(0.,1.,0.));
#3086 = PCURVE('',#32,#3087);
#3087 = DEFINITIONAL_REPRESENTATION('',(#3088),#3096);
#3088 = ( BOUNDED_CURVE() B_SPLINE_CURVE(2,(#3089,#3090,#3091,#3092,
#3093,#3094,#3095),.UNSPECIFIED.,.T.,.F.) B_SPLINE_CURVE_WITH_KNOTS((1,2
    ,2,2,2,1),(-2.094395102393,0.,2.094395102393,4.188790204786,
6.28318530718,8.377580409573),.UNSPECIFIED.) CURVE() 
GEOMETRIC_REPRESENTATION_ITEM() RATIONAL_B_SPLINE_CURVE((1.,0.5,1.,0.5,
1.,0.5,1.)) REPRESENTATION_ITEM('') );
#3089 = CARTESIAN_POINT('',(-34.66316980473,-42.76208888426));
#3090 = CARTESIAN_POINT('',(-32.60094681196,-42.76208888426));
#3091 = CARTESIAN_POINT('',(-33.63205830834,-44.54802638426));
#3092 = CARTESIAN_POINT('',(-34.66316980473,-46.33396388426));
#3093 = CARTESIAN_POINT('',(-35.69428130111,-44.54802638426));
#3094 = CARTESIAN_POINT('',(-36.72539279749,-42.76208888426));
#3095 = CARTESIAN_POINT('',(-34.66316980473,-42.76208888426));
#3096 = ( GEOMETRIC_REPRESENTATION_CONTEXT(2) 
PARAMETRIC_REPRESENTATION_CONTEXT() REPRESENTATION_CONTEXT('2D SPACE',''
  ) );
#3097 = PCURVE('',#3098,#3103);
#3098 = CYLINDRICAL_SURFACE('',#3099,1.190625);
#3099 = AXIS2_PLACEMENT_3D('',#3100,#3101,#3102);
#3100 = CARTESIAN_POINT('',(25.240625,6.571875,11.));
#3101 = DIRECTION('',(-0.,-0.,-1.));
#3102 = DIRECTION('',(-1.,0.,0.));
#3103 = DEFINITIONAL_REPRESENTATION('',(#3104),#3108);
#3104 = LINE('',#3105,#3106);
#3105 = CARTESIAN_POINT('',(-4.712388980385,0.));
#3106 = VECTOR('',#3107,1.);
#3107 = DIRECTION('',(1.,0.));
#3108 = ( GEOMETRIC_REPRESENTATION_CONTEXT(2) 
PARAMETRIC_REPRESENTATION_CONTEXT() REPRESENTATION_CONTEXT('2D SPACE',''
  ) );
#3109 = ADVANCED_FACE('',(#3110),#44,.T.);
#3110 = FACE_BOUND('',#3111,.T.);
#3111 = EDGE_LOOP('',(#3112,#3136,#3164,#3186));
#3112 = ORIENTED_EDGE('',*,*,#3113,.T.);
#3113 = EDGE_CURVE('',#22,#3114,#3116,.T.);
#3114 = VERTEX_POINT('',#3115);
#3115 = CARTESIAN_POINT('',(67.53125,13.715624999996,9.5));
#3116 = SURFACE_CURVE('',#3117,(#3122,#3129),.PCURVE_S1.);
#3117 = CIRCLE('',#3118,1.5);
#3118 = AXIS2_PLACEMENT_3D('',#3119,#3120,#3121);
#3119 = CARTESIAN_POINT('',(66.03125,13.715624999996,9.5));
#3120 = DIRECTION('',(0.,1.,0.));
#3121 = DIRECTION('',(0.,0.,1.));
#3122 = PCURVE('',#44,#3123);
#3123 = DEFINITIONAL_REPRESENTATION('',(#3124),#3128);
#3124 = LINE('',#3125,#3126);
#3125 = CARTESIAN_POINT('',(0.,5.33E-15));
#3126 = VECTOR('',#3127,1.);
#3127 = DIRECTION('',(1.,0.));
#3128 = ( GEOMETRIC_REPRESENTATION_CONTEXT(2) 
PARAMETRIC_REPRESENTATION_CONTEXT() REPRESENTATION_CONTEXT('2D SPACE',''
  ) );
#3129 = PCURVE('',#1656,#3130);
#3130 = DEFINITIONAL_REPRESENTATION('',(#3131),#3135);
#3131 = LINE('',#3132,#3133);
#3132 = CARTESIAN_POINT('',(-1.570796326795,4.712388980385));
#3133 = VECTOR('',#3134,1.);
#3134 = DIRECTION('',(-0.,1.));
#3135 = ( GEOMETRIC_REPRESENTATION_CONTEXT(2) 
PARAMETRIC_REPRESENTATION_CONTEXT() REPRESENTATION_CONTEXT('2D SPACE',''
  ) );
#3136 = ORIENTED_EDGE('',*,*,#3137,.T.);
#3137 = EDGE_CURVE('',#3114,#3138,#3140,.T.);
#3138 = VERTEX_POINT('',#3139);
#3139 = CARTESIAN_POINT('',(67.53125,32.146874999956,9.5));
#3140 = SURFACE_CURVE('',#3141,(#3145,#3152),.PCURVE_S1.);
#3141 = LINE('',#3142,#3143);
#3142 = CARTESIAN_POINT('',(67.53125,13.715624999996,9.5));
#3143 = VECTOR('',#3144,1.);
#3144 = DIRECTION('',(0.,1.,0.));
#3145 = PCURVE('',#44,#3146);
#3146 = DEFINITIONAL_REPRESENTATION('',(#3147),#3151);
#3147 = LINE('',#3148,#3149);
#3148 = CARTESIAN_POINT('',(1.570796326795,0.));
#3149 = VECTOR('',#3150,1.);
#3150 = DIRECTION('',(0.,1.));
#3151 = ( GEOMETRIC_REPRESENTATION_CONTEXT(2) 
PARAMETRIC_REPRESENTATION_CONTEXT() REPRESENTATION_CONTEXT('2D SPACE',''
  ) );
#3152 = PCURVE('',#3153,#3158);
#3153 = PLANE('',#3154);
#3154 = AXIS2_PLACEMENT_3D('',#3155,#3156,#3157);
#3155 = CARTESIAN_POINT('',(67.53125,9.524999999996,0.));
#3156 = DIRECTION('',(-1.,0.,0.));
#3157 = DIRECTION('',(0.,1.,0.));
#3158 = DEFINITIONAL_REPRESENTATION('',(#3159),#3163);
#3159 = LINE('',#3160,#3161);
#3160 = CARTESIAN_POINT('',(4.190625,-9.5));
#3161 = VECTOR('',#3162,1.);
#3162 = DIRECTION('',(1.,0.));
#3163 = ( GEOMETRIC_REPRESENTATION_CONTEXT(2) 
PARAMETRIC_REPRESENTATION_CONTEXT() REPRESENTATION_CONTEXT('2D SPACE',''
  ) );
#3164 = ORIENTED_EDGE('',*,*,#3165,.F.);
#3165 = EDGE_CURVE('',#24,#3138,#3166,.T.);
#3166 = SURFACE_CURVE('',#3167,(#3172,#3179),.PCURVE_S1.);
#3167 = CIRCLE('',#3168,1.5);
#3168 = AXIS2_PLACEMENT_3D('',#3169,#3170,#3171);
#3169 = CARTESIAN_POINT('',(66.03125,32.146874999956,9.5));
#3170 = DIRECTION('',(0.,1.,0.));
#3171 = DIRECTION('',(0.,0.,1.));
#3172 = PCURVE('',#44,#3173);
#3173 = DEFINITIONAL_REPRESENTATION('',(#3174),#3178);
#3174 = LINE('',#3175,#3176);
#3175 = CARTESIAN_POINT('',(0.,18.43124999996));
#3176 = VECTOR('',#3177,1.);
#3177 = DIRECTION('',(1.,0.));
#3178 = ( GEOMETRIC_REPRESENTATION_CONTEXT(2) 
PARAMETRIC_REPRESENTATION_CONTEXT() REPRESENTATION_CONTEXT('2D SPACE',''
  ) );
#3179 = PCURVE('',#77,#3180);
#3180 = DEFINITIONAL_REPRESENTATION('',(#3181),#3185);
#3181 = LINE('',#3182,#3183);
#3182 = CARTESIAN_POINT('',(-0.,1.570796326795));
#3183 = VECTOR('',#3184,1.);
#3184 = DIRECTION('',(-0.,1.));
#3185 = ( GEOMETRIC_REPRESENTATION_CONTEXT(2) 
PARAMETRIC_REPRESENTATION_CONTEXT() REPRESENTATION_CONTEXT('2D SPACE',''
  ) );
#3186 = ORIENTED_EDGE('',*,*,#21,.F.);
#3187 = ADVANCED_FACE('',(#3188),#1656,.T.);
#3188 = FACE_BOUND('',#3189,.F.);
#3189 = EDGE_LOOP('',(#3190,#3214,#3215,#3216));
#3190 = ORIENTED_EDGE('',*,*,#3191,.F.);
#3191 = EDGE_CURVE('',#1614,#3192,#3194,.T.);
#3192 = VERTEX_POINT('',#3193);
#3193 = CARTESIAN_POINT('',(63.340625,9.524999999996,9.5));
#3194 = SURFACE_CURVE('',#3195,(#3200,#3207),.PCURVE_S1.);
#3195 = CIRCLE('',#3196,1.5);
#3196 = AXIS2_PLACEMENT_3D('',#3197,#3198,#3199);
#3197 = CARTESIAN_POINT('',(63.340625,11.024999999996,9.5));
#3198 = DIRECTION('',(1.,0.,-0.));
#3199 = DIRECTION('',(0.,0.,1.));
#3200 = PCURVE('',#1656,#3201);
#3201 = DEFINITIONAL_REPRESENTATION('',(#3202),#3206);
#3202 = LINE('',#3203,#3204);
#3203 = CARTESIAN_POINT('',(-0.,4.712388980385));
#3204 = VECTOR('',#3205,1.);
#3205 = DIRECTION('',(-0.,1.));
#3206 = ( GEOMETRIC_REPRESENTATION_CONTEXT(2) 
PARAMETRIC_REPRESENTATION_CONTEXT() REPRESENTATION_CONTEXT('2D SPACE',''
  ) );
#3207 = PCURVE('',#1629,#3208);
#3208 = DEFINITIONAL_REPRESENTATION('',(#3209),#3213);
#3209 = LINE('',#3210,#3211);
#3210 = CARTESIAN_POINT('',(0.,16.05));
#3211 = VECTOR('',#3212,1.);
#3212 = DIRECTION('',(1.,0.));
#3213 = ( GEOMETRIC_REPRESENTATION_CONTEXT(2) 
PARAMETRIC_REPRESENTATION_CONTEXT() REPRESENTATION_CONTEXT('2D SPACE',''
  ) );
#3214 = ORIENTED_EDGE('',*,*,#1641,.T.);
#3215 = ORIENTED_EDGE('',*,*,#3113,.T.);
#3216 = ORIENTED_EDGE('',*,*,#3217,.F.);
#3217 = EDGE_CURVE('',#3192,#3114,#3218,.T.);
#3218 = SURFACE_CURVE('',#3219,(#3224,#3231),.PCURVE_S1.);
#3219 = CIRCLE('',#3220,4.190625);
#3220 = AXIS2_PLACEMENT_3D('',#3221,#3222,#3223);
#3221 = CARTESIAN_POINT('',(63.340625,13.715624999996,9.5));
#3222 = DIRECTION('',(-0.,0.,1.));
#3223 = DIRECTION('',(0.,-1.,0.));
#3224 = PCURVE('',#1656,#3225);
#3225 = DEFINITIONAL_REPRESENTATION('',(#3226),#3230);
#3226 = LINE('',#3227,#3228);
#3227 = CARTESIAN_POINT('',(-0.,6.28318530718));
#3228 = VECTOR('',#3229,1.);
#3229 = DIRECTION('',(-1.,0.));
#3230 = ( GEOMETRIC_REPRESENTATION_CONTEXT(2) 
PARAMETRIC_REPRESENTATION_CONTEXT() REPRESENTATION_CONTEXT('2D SPACE',''
  ) );
#3231 = PCURVE('',#3232,#3237);
#3232 = CYLINDRICAL_SURFACE('',#3233,4.190625);
#3233 = AXIS2_PLACEMENT_3D('',#3234,#3235,#3236);
#3234 = CARTESIAN_POINT('',(63.340625,13.715624999996,0.));
#3235 = DIRECTION('',(0.,0.,1.));
#3236 = DIRECTION('',(0.,-1.,0.));
#3237 = DEFINITIONAL_REPRESENTATION('',(#3238),#3242);
#3238 = LINE('',#3239,#3240);
#3239 = CARTESIAN_POINT('',(0.,9.5));
#3240 = VECTOR('',#3241,1.);
#3241 = DIRECTION('',(1.,0.));
#3242 = ( GEOMETRIC_REPRESENTATION_CONTEXT(2) 
PARAMETRIC_REPRESENTATION_CONTEXT() REPRESENTATION_CONTEXT('2D SPACE',''
  ) );
#3243 = ADVANCED_FACE('',(#3244),#77,.T.);
#3244 = FACE_BOUND('',#3245,.F.);
#3245 = EDGE_LOOP('',(#3246,#3247,#3248,#3272));
#3246 = ORIENTED_EDGE('',*,*,#3165,.F.);
#3247 = ORIENTED_EDGE('',*,*,#56,.T.);
#3248 = ORIENTED_EDGE('',*,*,#3249,.T.);
#3249 = EDGE_CURVE('',#57,#3250,#3252,.T.);
#3250 = VERTEX_POINT('',#3251);
#3251 = CARTESIAN_POINT('',(68.721875,33.337499999956,9.5));
#3252 = SURFACE_CURVE('',#3253,(#3258,#3265),.PCURVE_S1.);
#3253 = CIRCLE('',#3254,1.5);
#3254 = AXIS2_PLACEMENT_3D('',#3255,#3256,#3257);
#3255 = CARTESIAN_POINT('',(68.721875,34.837499999956,9.5));
#3256 = DIRECTION('',(1.,6.E-17,-0.));
#3257 = DIRECTION('',(-6.E-17,1.,0.));
#3258 = PCURVE('',#77,#3259);
#3259 = DEFINITIONAL_REPRESENTATION('',(#3260),#3264);
#3260 = LINE('',#3261,#3262);
#3261 = CARTESIAN_POINT('',(-1.570796326795,0.));
#3262 = VECTOR('',#3263,1.);
#3263 = DIRECTION('',(-0.,1.));
#3264 = ( GEOMETRIC_REPRESENTATION_CONTEXT(2) 
PARAMETRIC_REPRESENTATION_CONTEXT() REPRESENTATION_CONTEXT('2D SPACE',''
  ) );
#3265 = PCURVE('',#105,#3266);
#3266 = DEFINITIONAL_REPRESENTATION('',(#3267),#3271);
#3267 = LINE('',#3268,#3269);
#3268 = CARTESIAN_POINT('',(-1.570796326795,0.));
#3269 = VECTOR('',#3270,1.);
#3270 = DIRECTION('',(1.,0.));
#3271 = ( GEOMETRIC_REPRESENTATION_CONTEXT(2) 
PARAMETRIC_REPRESENTATION_CONTEXT() REPRESENTATION_CONTEXT('2D SPACE',''
  ) );
#3272 = ORIENTED_EDGE('',*,*,#3273,.F.);
#3273 = EDGE_CURVE('',#3138,#3250,#3274,.T.);
#3274 = SURFACE_CURVE('',#3275,(#3280,#3287),.PCURVE_S1.);
#3275 = CIRCLE('',#3276,1.190625);
#3276 = AXIS2_PLACEMENT_3D('',#3277,#3278,#3279);
#3277 = CARTESIAN_POINT('',(68.721875,32.146874999956,9.5));
#3278 = DIRECTION('',(0.,0.,-1.));
#3279 = DIRECTION('',(-1.,0.,0.));
#3280 = PCURVE('',#77,#3281);
#3281 = DEFINITIONAL_REPRESENTATION('',(#3282),#3286);
#3282 = LINE('',#3283,#3284);
#3283 = CARTESIAN_POINT('',(-0.,3.14159265359));
#3284 = VECTOR('',#3285,1.);
#3285 = DIRECTION('',(-1.,0.));
#3286 = ( GEOMETRIC_REPRESENTATION_CONTEXT(2) 
PARAMETRIC_REPRESENTATION_CONTEXT() REPRESENTATION_CONTEXT('2D SPACE',''
  ) );
#3287 = PCURVE('',#3288,#3293);
#3288 = CYLINDRICAL_SURFACE('',#3289,1.190625);
#3289 = AXIS2_PLACEMENT_3D('',#3290,#3291,#3292);
#3290 = CARTESIAN_POINT('',(68.721875,32.146874999956,0.));
#3291 = DIRECTION('',(0.,0.,1.));
#3292 = DIRECTION('',(-1.,0.,0.));
#3293 = DEFINITIONAL_REPRESENTATION('',(#3294),#3298);
#3294 = LINE('',#3295,#3296);
#3295 = CARTESIAN_POINT('',(-0.,9.5));
#3296 = VECTOR('',#3297,1.);
#3297 = DIRECTION('',(-1.,0.));
#3298 = ( GEOMETRIC_REPRESENTATION_CONTEXT(2) 
PARAMETRIC_REPRESENTATION_CONTEXT() REPRESENTATION_CONTEXT('2D SPACE',''
  ) );
#3299 = ADVANCED_FACE('',(#3300),#1629,.T.);
#3300 = FACE_BOUND('',#3301,.T.);
#3301 = EDGE_LOOP('',(#3302,#3326,#3352,#3353));
#3302 = ORIENTED_EDGE('',*,*,#3303,.T.);
#3303 = EDGE_CURVE('',#1581,#3304,#3306,.T.);
#3304 = VERTEX_POINT('',#3305);
#3305 = CARTESIAN_POINT('',(47.290625,9.524999999996,9.5));
#3306 = SURFACE_CURVE('',#3307,(#3312,#3319),.PCURVE_S1.);
#3307 = CIRCLE('',#3308,1.5);
#3308 = AXIS2_PLACEMENT_3D('',#3309,#3310,#3311);
#3309 = CARTESIAN_POINT('',(47.290625,11.024999999996,9.5));
#3310 = DIRECTION('',(1.,1.4E-16,-0.));
#3311 = DIRECTION('',(-1.4E-16,1.,0.));
#3312 = PCURVE('',#1629,#3313);
#3313 = DEFINITIONAL_REPRESENTATION('',(#3314),#3318);
#3314 = LINE('',#3315,#3316);
#3315 = CARTESIAN_POINT('',(-1.570796326795,0.));
#3316 = VECTOR('',#3317,1.);
#3317 = DIRECTION('',(1.,0.));
#3318 = ( GEOMETRIC_REPRESENTATION_CONTEXT(2) 
PARAMETRIC_REPRESENTATION_CONTEXT() REPRESENTATION_CONTEXT('2D SPACE',''
  ) );
#3319 = PCURVE('',#1601,#3320);
#3320 = DEFINITIONAL_REPRESENTATION('',(#3321),#3325);
#3321 = LINE('',#3322,#3323);
#3322 = CARTESIAN_POINT('',(-1.455558865068,0.));
#3323 = VECTOR('',#3324,1.);
#3324 = DIRECTION('',(-0.,1.));
#3325 = ( GEOMETRIC_REPRESENTATION_CONTEXT(2) 
PARAMETRIC_REPRESENTATION_CONTEXT() REPRESENTATION_CONTEXT('2D SPACE',''
  ) );
#3326 = ORIENTED_EDGE('',*,*,#3327,.T.);
#3327 = EDGE_CURVE('',#3304,#3192,#3328,.T.);
#3328 = SURFACE_CURVE('',#3329,(#3333,#3340),.PCURVE_S1.);
#3329 = LINE('',#3330,#3331);
#3330 = CARTESIAN_POINT('',(47.290625,9.524999999996,9.5));
#3331 = VECTOR('',#3332,1.);
#3332 = DIRECTION('',(1.,0.,0.));
#3333 = PCURVE('',#1629,#3334);
#3334 = DEFINITIONAL_REPRESENTATION('',(#3335),#3339);
#3335 = LINE('',#3336,#3337);
#3336 = CARTESIAN_POINT('',(1.570796326795,0.));
#3337 = VECTOR('',#3338,1.);
#3338 = DIRECTION('',(0.,1.));
#3339 = ( GEOMETRIC_REPRESENTATION_CONTEXT(2) 
PARAMETRIC_REPRESENTATION_CONTEXT() REPRESENTATION_CONTEXT('2D SPACE',''
  ) );
#3340 = PCURVE('',#3341,#3346);
#3341 = PLANE('',#3342);
#3342 = AXIS2_PLACEMENT_3D('',#3343,#3344,#3345);
#3343 = CARTESIAN_POINT('',(46.1,9.524999999996,0.));
#3344 = DIRECTION('',(0.,1.,0.));
#3345 = DIRECTION('',(1.,0.,0.));
#3346 = DEFINITIONAL_REPRESENTATION('',(#3347),#3351);
#3347 = LINE('',#3348,#3349);
#3348 = CARTESIAN_POINT('',(1.190625,-9.5));
#3349 = VECTOR('',#3350,1.);
#3350 = DIRECTION('',(1.,0.));
#3351 = ( GEOMETRIC_REPRESENTATION_CONTEXT(2) 
PARAMETRIC_REPRESENTATION_CONTEXT() REPRESENTATION_CONTEXT('2D SPACE',''
  ) );
#3352 = ORIENTED_EDGE('',*,*,#3191,.F.);
#3353 = ORIENTED_EDGE('',*,*,#1613,.F.);
#3354 = ADVANCED_FACE('',(#3355),#105,.T.);
#3355 = FACE_BOUND('',#3356,.T.);
#3356 = EDGE_LOOP('',(#3357,#3358,#3386,#3408));
#3357 = ORIENTED_EDGE('',*,*,#3249,.T.);
#3358 = ORIENTED_EDGE('',*,*,#3359,.T.);
#3359 = EDGE_CURVE('',#3250,#3360,#3362,.T.);
#3360 = VERTEX_POINT('',#3361);
#3361 = CARTESIAN_POINT('',(75.009375,33.337499999956,9.5));
#3362 = SURFACE_CURVE('',#3363,(#3367,#3374),.PCURVE_S1.);
#3363 = LINE('',#3364,#3365);
#3364 = CARTESIAN_POINT('',(68.721875,33.337499999956,9.5));
#3365 = VECTOR('',#3366,1.);
#3366 = DIRECTION('',(1.,0.,0.));
#3367 = PCURVE('',#105,#3368);
#3368 = DEFINITIONAL_REPRESENTATION('',(#3369),#3373);
#3369 = LINE('',#3370,#3371);
#3370 = CARTESIAN_POINT('',(1.570796326795,0.));
#3371 = VECTOR('',#3372,1.);
#3372 = DIRECTION('',(0.,1.));
#3373 = ( GEOMETRIC_REPRESENTATION_CONTEXT(2) 
PARAMETRIC_REPRESENTATION_CONTEXT() REPRESENTATION_CONTEXT('2D SPACE',''
  ) );
#3374 = PCURVE('',#3375,#3380);
#3375 = PLANE('',#3376);
#3376 = AXIS2_PLACEMENT_3D('',#3377,#3378,#3379);
#3377 = CARTESIAN_POINT('',(67.53125,33.337499999956,0.));
#3378 = DIRECTION('',(0.,1.,0.));
#3379 = DIRECTION('',(1.,0.,0.));
#3380 = DEFINITIONAL_REPRESENTATION('',(#3381),#3385);
#3381 = LINE('',#3382,#3383);
#3382 = CARTESIAN_POINT('',(1.190625,-9.5));
#3383 = VECTOR('',#3384,1.);
#3384 = DIRECTION('',(1.,0.));
#3385 = ( GEOMETRIC_REPRESENTATION_CONTEXT(2) 
PARAMETRIC_REPRESENTATION_CONTEXT() REPRESENTATION_CONTEXT('2D SPACE',''
  ) );
#3386 = ORIENTED_EDGE('',*,*,#3387,.F.);
#3387 = EDGE_CURVE('',#90,#3360,#3388,.T.);
#3388 = SURFACE_CURVE('',#3389,(#3394,#3401),.PCURVE_S1.);
#3389 = CIRCLE('',#3390,1.5);
#3390 = AXIS2_PLACEMENT_3D('',#3391,#3392,#3393);
#3391 = CARTESIAN_POINT('',(75.009375,34.837499999956,9.5));
#3392 = DIRECTION('',(1.,0.,-0.));
#3393 = DIRECTION('',(0.,0.,1.));
#3394 = PCURVE('',#105,#3395);
#3395 = DEFINITIONAL_REPRESENTATION('',(#3396),#3400);
#3396 = LINE('',#3397,#3398);
#3397 = CARTESIAN_POINT('',(0.,6.2875));
#3398 = VECTOR('',#3399,1.);
#3399 = DIRECTION('',(1.,0.));
#3400 = ( GEOMETRIC_REPRESENTATION_CONTEXT(2) 
PARAMETRIC_REPRESENTATION_CONTEXT() REPRESENTATION_CONTEXT('2D SPACE',''
  ) );
#3401 = PCURVE('',#138,#3402);
#3402 = DEFINITIONAL_REPRESENTATION('',(#3403),#3407);
#3403 = LINE('',#3404,#3405);
#3404 = CARTESIAN_POINT('',(-0.,1.570796326795));
#3405 = VECTOR('',#3406,1.);
#3406 = DIRECTION('',(-0.,1.));
#3407 = ( GEOMETRIC_REPRESENTATION_CONTEXT(2) 
PARAMETRIC_REPRESENTATION_CONTEXT() REPRESENTATION_CONTEXT('2D SPACE',''
  ) );
#3408 = ORIENTED_EDGE('',*,*,#89,.F.);
#3409 = ADVANCED_FACE('',(#3410),#1601,.T.);
#3410 = FACE_BOUND('',#3411,.F.);
#3411 = EDGE_LOOP('',(#3412,#3442,#3443,#3444));
#3412 = ORIENTED_EDGE('',*,*,#3413,.F.);
#3413 = EDGE_CURVE('',#1498,#3414,#3416,.T.);
#3414 = VERTEX_POINT('',#3415);
#3415 = CARTESIAN_POINT('',(46.107896810359,8.471276132401,9.5));
#3416 = SURFACE_CURVE('',#3417,(#3421,#3435),.PCURVE_S1.);
#3417 = ( BOUNDED_CURVE() B_SPLINE_CURVE(2,(#3418,#3419,#3420),
.UNSPECIFIED.,.F.,.F.) B_SPLINE_CURVE_WITH_KNOTS((3,3),(0.,6.09970136944
),.PIECEWISE_BEZIER_KNOTS.) CURVE() GEOMETRIC_REPRESENTATION_ITEM() 
RATIONAL_B_SPLINE_CURVE((1.,0.707106781187,1.)) REPRESENTATION_ITEM('') 
  );
#3418 = CARTESIAN_POINT('',(44.617845549905,8.643750018019,11.));
#3419 = CARTESIAN_POINT('',(46.107896810359,8.471276132401,11.));
#3420 = CARTESIAN_POINT('',(46.107896810359,8.471276132401,9.5));
#3421 = PCURVE('',#1601,#3422);
#3422 = DEFINITIONAL_REPRESENTATION('',(#3423),#3434);
#3423 = B_SPLINE_CURVE_WITH_KNOTS('',9,(#3424,#3425,#3426,#3427,#3428,
    #3429,#3430,#3431,#3432,#3433),.UNSPECIFIED.,.F.,.F.,(10,10),(0.,
    6.09970136944),.PIECEWISE_BEZIER_KNOTS.);
#3424 = CARTESIAN_POINT('',(1.05E-15,1.570796326795));
#3425 = CARTESIAN_POINT('',(1.05E-15,1.727931167059));
#3426 = CARTESIAN_POINT('',(1.05E-15,1.896571043616));
#3427 = CARTESIAN_POINT('',(1.05E-15,2.075362713665));
#3428 = CARTESIAN_POINT('',(1.05E-15,2.261541178407));
#3429 = CARTESIAN_POINT('',(1.05E-15,2.450847801977));
#3430 = CARTESIAN_POINT('',(1.05E-15,2.63702626672));
#3431 = CARTESIAN_POINT('',(1.05E-15,2.815817936769));
#3432 = CARTESIAN_POINT('',(1.05E-15,2.984457813326));
#3433 = CARTESIAN_POINT('',(1.05E-15,3.14159265359));
#3434 = ( GEOMETRIC_REPRESENTATION_CONTEXT(2) 
PARAMETRIC_REPRESENTATION_CONTEXT() REPRESENTATION_CONTEXT('2D SPACE',''
  ) );
#3435 = PCURVE('',#1533,#3436);
#3436 = DEFINITIONAL_REPRESENTATION('',(#3437),#3441);
#3437 = LINE('',#3438,#3439);
#3438 = CARTESIAN_POINT('',(0.,411.03968317989));
#3439 = VECTOR('',#3440,1.);
#3440 = DIRECTION('',(1.,0.));
#3441 = ( GEOMETRIC_REPRESENTATION_CONTEXT(2) 
PARAMETRIC_REPRESENTATION_CONTEXT() REPRESENTATION_CONTEXT('2D SPACE',''
  ) );
#3442 = ORIENTED_EDGE('',*,*,#1580,.T.);
#3443 = ORIENTED_EDGE('',*,*,#3303,.T.);
#3444 = ORIENTED_EDGE('',*,*,#3445,.F.);
#3445 = EDGE_CURVE('',#3414,#3304,#3446,.T.);
#3446 = SURFACE_CURVE('',#3447,(#3452,#3459),.PCURVE_S1.);
#3447 = CIRCLE('',#3448,1.190625);
#3448 = AXIS2_PLACEMENT_3D('',#3449,#3450,#3451);
#3449 = CARTESIAN_POINT('',(47.290625,8.334374999996,9.5));
#3450 = DIRECTION('',(0.,0.,-1.));
#3451 = DIRECTION('',(-0.99336750836,0.114982578397,0.));
#3452 = PCURVE('',#1601,#3453);
#3453 = DEFINITIONAL_REPRESENTATION('',(#3454),#3458);
#3454 = LINE('',#3455,#3456);
#3455 = CARTESIAN_POINT('',(-0.,3.14159265359));
#3456 = VECTOR('',#3457,1.);
#3457 = DIRECTION('',(-1.,0.));
#3458 = ( GEOMETRIC_REPRESENTATION_CONTEXT(2) 
PARAMETRIC_REPRESENTATION_CONTEXT() REPRESENTATION_CONTEXT('2D SPACE',''
  ) );
#3459 = PCURVE('',#3460,#3465);
#3460 = CYLINDRICAL_SURFACE('',#3461,1.190625);
#3461 = AXIS2_PLACEMENT_3D('',#3462,#3463,#3464);
#3462 = CARTESIAN_POINT('',(47.290625,8.334374999996,0.));
#3463 = DIRECTION('',(0.,0.,1.));
#3464 = DIRECTION('',(-1.,0.,0.));
#3465 = DEFINITIONAL_REPRESENTATION('',(#3466),#3470);
#3466 = LINE('',#3467,#3468);
#3467 = CARTESIAN_POINT('',(-0.115237461727,9.5));
#3468 = VECTOR('',#3469,1.);
#3469 = DIRECTION('',(-1.,0.));
#3470 = ( GEOMETRIC_REPRESENTATION_CONTEXT(2) 
PARAMETRIC_REPRESENTATION_CONTEXT() REPRESENTATION_CONTEXT('2D SPACE',''
  ) );
#3471 = ADVANCED_FACE('',(#3472),#138,.T.);
#3472 = FACE_BOUND('',#3473,.F.);
#3473 = EDGE_LOOP('',(#3474,#3475,#3476,#3535));
#3474 = ORIENTED_EDGE('',*,*,#3387,.F.);
#3475 = ORIENTED_EDGE('',*,*,#117,.T.);
#3476 = ORIENTED_EDGE('',*,*,#3477,.T.);
#3477 = EDGE_CURVE('',#118,#3478,#3480,.T.);
#3478 = VERTEX_POINT('',#3479);
#3479 = CARTESIAN_POINT('',(76.192103189641,32.283776132363,9.5));
#3480 = SURFACE_CURVE('',#3481,(#3486,#3493),.PCURVE_S1.);
#3481 = CIRCLE('',#3482,1.5);
#3482 = AXIS2_PLACEMENT_3D('',#3483,#3484,#3485);
#3483 = CARTESIAN_POINT('',(77.68215445218,32.456249999962,9.5));
#3484 = DIRECTION('',(0.114982578399,-0.99336750836,0.));
#3485 = DIRECTION('',(0.99336750836,0.114982578399,0.));
#3486 = PCURVE('',#138,#3487);
#3487 = DEFINITIONAL_REPRESENTATION('',(#3488),#3492);
#3488 = LINE('',#3489,#3490);
#3489 = CARTESIAN_POINT('',(-1.455558865066,0.));
#3490 = VECTOR('',#3491,1.);
#3491 = DIRECTION('',(-0.,1.));
#3492 = ( GEOMETRIC_REPRESENTATION_CONTEXT(2) 
PARAMETRIC_REPRESENTATION_CONTEXT() REPRESENTATION_CONTEXT('2D SPACE',''
  ) );
#3493 = PCURVE('',#186,#3494);
#3494 = DEFINITIONAL_REPRESENTATION('',(#3495),#3534);
#3495 = B_SPLINE_CURVE_WITH_KNOTS('',7,(#3496,#3497,#3498,#3499,#3500,
    #3501,#3502,#3503,#3504,#3505,#3506,#3507,#3508,#3509,#3510,#3511,
    #3512,#3513,#3514,#3515,#3516,#3517,#3518,#3519,#3520,#3521,#3522,
    #3523,#3524,#3525,#3526,#3527,#3528,#3529,#3530,#3531,#3532,#3533),
  .UNSPECIFIED.,.F.,.F.,(8,6,6,6,6,6,8),(1.570796326795,1.767145867644,
    1.963495408494,2.356194490192,2.748893571891,2.94524311274,
    3.14159265359),.UNSPECIFIED.);
#3496 = CARTESIAN_POINT('',(-6.E-17,28.32200415027));
#3497 = CARTESIAN_POINT('',(0.120983299742,28.32200415027));
#3498 = CARTESIAN_POINT('',(0.240327058118,28.322004150269));
#3499 = CARTESIAN_POINT('',(0.358147156157,28.32200415027));
#3500 = CARTESIAN_POINT('',(0.474557218411,28.322004150269));
#3501 = CARTESIAN_POINT('',(0.589655867302,28.32200415027));
#3502 = CARTESIAN_POINT('',(0.703543722202,28.322004150269));
#3503 = CARTESIAN_POINT('',(0.929079942094,28.32200415027));
#3504 = CARTESIAN_POINT('',(1.04072865382,28.322004150269));
#3505 = CARTESIAN_POINT('',(1.151350342793,28.32200415027));
#3506 = CARTESIAN_POINT('',(1.261032599059,28.322004150269));
#3507 = CARTESIAN_POINT('',(1.369858886396,28.32200415027));
#3508 = CARTESIAN_POINT('',(1.477909201469,28.322004150269));
#3509 = CARTESIAN_POINT('',(1.799963796015,28.32200415027));
#3510 = CARTESIAN_POINT('',(2.011871703708,28.322004150269));
#3511 = CARTESIAN_POINT('',(2.221601660654,28.32200415027));
#3512 = CARTESIAN_POINT('',(2.429725675775,28.322004150269));
#3513 = CARTESIAN_POINT('',(2.636787840962,28.32200415027));
#3514 = CARTESIAN_POINT('',(2.843319268129,28.322004150269));
#3515 = CARTESIAN_POINT('',(3.256382101305,28.32200415027));
#3516 = CARTESIAN_POINT('',(3.462913528471,28.322004150269));
#3517 = CARTESIAN_POINT('',(3.669975693658,28.32200415027));
#3518 = CARTESIAN_POINT('',(3.87809970878,28.322004150269));
#3519 = CARTESIAN_POINT('',(4.087829665725,28.32200415027));
#3520 = CARTESIAN_POINT('',(4.299737573418,28.322004150269));
#3521 = CARTESIAN_POINT('',(4.621792167964,28.32200415027));
#3522 = CARTESIAN_POINT('',(4.729842483037,28.32200415027));
#3523 = CARTESIAN_POINT('',(4.838668770375,28.322004150269));
#3524 = CARTESIAN_POINT('',(4.94835102664,28.32200415027));
#3525 = CARTESIAN_POINT('',(5.058972715613,28.322004150269));
#3526 = CARTESIAN_POINT('',(5.170621427339,28.32200415027));
#3527 = CARTESIAN_POINT('',(5.396157647232,28.322004150269));
#3528 = CARTESIAN_POINT('',(5.510045502131,28.32200415027));
#3529 = CARTESIAN_POINT('',(5.625144151022,28.322004150269));
#3530 = CARTESIAN_POINT('',(5.741554213276,28.32200415027));
#3531 = CARTESIAN_POINT('',(5.859374311315,28.322004150269));
#3532 = CARTESIAN_POINT('',(5.978718069692,28.32200415027));
#3533 = CARTESIAN_POINT('',(6.099701369433,28.32200415027));
#3534 = ( GEOMETRIC_REPRESENTATION_CONTEXT(2) 
PARAMETRIC_REPRESENTATION_CONTEXT() REPRESENTATION_CONTEXT('2D SPACE',''
  ) );
#3535 = ORIENTED_EDGE('',*,*,#3536,.F.);
#3536 = EDGE_CURVE('',#3360,#3478,#3537,.T.);
#3537 = SURFACE_CURVE('',#3538,(#3543,#3550),.PCURVE_S1.);
#3538 = CIRCLE('',#3539,1.190625);
#3539 = AXIS2_PLACEMENT_3D('',#3540,#3541,#3542);
#3540 = CARTESIAN_POINT('',(75.009375,32.146874999956,9.5));
#3541 = DIRECTION('',(0.,0.,-1.));
#3542 = DIRECTION('',(0.,1.,0.));
#3543 = PCURVE('',#138,#3544);
#3544 = DEFINITIONAL_REPRESENTATION('',(#3545),#3549);
#3545 = LINE('',#3546,#3547);
#3546 = CARTESIAN_POINT('',(-0.,3.14159265359));
#3547 = VECTOR('',#3548,1.);
#3548 = DIRECTION('',(-1.,0.));
#3549 = ( GEOMETRIC_REPRESENTATION_CONTEXT(2) 
PARAMETRIC_REPRESENTATION_CONTEXT() REPRESENTATION_CONTEXT('2D SPACE',''
  ) );
#3550 = PCURVE('',#3551,#3556);
#3551 = CYLINDRICAL_SURFACE('',#3552,1.190625);
#3552 = AXIS2_PLACEMENT_3D('',#3553,#3554,#3555);
#3553 = CARTESIAN_POINT('',(75.009375,32.146874999956,0.));
#3554 = DIRECTION('',(0.,0.,1.));
#3555 = DIRECTION('',(0.,1.,0.));
#3556 = DEFINITIONAL_REPRESENTATION('',(#3557),#3561);
#3557 = LINE('',#3558,#3559);
#3558 = CARTESIAN_POINT('',(-0.,9.5));
#3559 = VECTOR('',#3560,1.);
#3560 = DIRECTION('',(-1.,0.));
#3561 = ( GEOMETRIC_REPRESENTATION_CONTEXT(2) 
PARAMETRIC_REPRESENTATION_CONTEXT() REPRESENTATION_CONTEXT('2D SPACE',''
  ) );
#3562 = ADVANCED_FACE('',(#3563),#1533,.T.);
#3563 = FACE_BOUND('',#3564,.T.);
#3564 = EDGE_LOOP('',(#3565,#3624,#3686,#3687));
#3565 = ORIENTED_EDGE('',*,*,#3566,.T.);
#3566 = EDGE_CURVE('',#1470,#3567,#3569,.T.);
#3567 = VERTEX_POINT('',#3568);
#3568 = CARTESIAN_POINT('',(41.945066095639,4.762499999998,9.5));
#3569 = SURFACE_CURVE('',#3570,(#3575,#3617),.PCURVE_S1.);
#3570 = CIRCLE('',#3571,1.5);
#3571 = AXIS2_PLACEMENT_3D('',#3572,#3573,#3574);
#3572 = CARTESIAN_POINT('',(41.945066095639,6.262499999998,9.5));
#3573 = DIRECTION('',(1.,0.,-0.));
#3574 = DIRECTION('',(0.,0.,1.));
#3575 = PCURVE('',#1533,#3576);
#3576 = DEFINITIONAL_REPRESENTATION('',(#3577),#3616);
#3577 = B_SPLINE_CURVE_WITH_KNOTS('',7,(#3578,#3579,#3580,#3581,#3582,
    #3583,#3584,#3585,#3586,#3587,#3588,#3589,#3590,#3591,#3592,#3593,
    #3594,#3595,#3596,#3597,#3598,#3599,#3600,#3601,#3602,#3603,#3604,
    #3605,#3606,#3607,#3608,#3609,#3610,#3611,#3612,#3613,#3614,#3615),
  .UNSPECIFIED.,.F.,.F.,(8,6,6,6,6,6,8),(0.,0.196349540849,
    0.392699081699,0.785398163397,1.178097245096,1.374446785946,
    1.570796326795),.UNSPECIFIED.);
#3578 = CARTESIAN_POINT('',(6.E-17,404.93998181045));
#3579 = CARTESIAN_POINT('',(0.120983299742,404.93998181045));
#3580 = CARTESIAN_POINT('',(0.240327058118,404.93998181045));
#3581 = CARTESIAN_POINT('',(0.358147156157,404.93998181045));
#3582 = CARTESIAN_POINT('',(0.474557218412,404.93998181044));
#3583 = CARTESIAN_POINT('',(0.589655867303,404.93998181045));
#3584 = CARTESIAN_POINT('',(0.703543722202,404.93998181045));
#3585 = CARTESIAN_POINT('',(0.929079942095,404.93998181045));
#3586 = CARTESIAN_POINT('',(1.040728653821,404.93998181045));
#3587 = CARTESIAN_POINT('',(1.151350342794,404.93998181045));
#3588 = CARTESIAN_POINT('',(1.26103259906,404.93998181045));
#3589 = CARTESIAN_POINT('',(1.369858886397,404.93998181045));
#3590 = CARTESIAN_POINT('',(1.477909201471,404.93998181045));
#3591 = CARTESIAN_POINT('',(1.799963796017,404.93998181045));
#3592 = CARTESIAN_POINT('',(2.011871703711,404.93998181044));
#3593 = CARTESIAN_POINT('',(2.221601660656,404.93998181046));
#3594 = CARTESIAN_POINT('',(2.429725675778,404.93998181044));
#3595 = CARTESIAN_POINT('',(2.636787840965,404.93998181045));
#3596 = CARTESIAN_POINT('',(2.843319268132,404.93998181045));
#3597 = CARTESIAN_POINT('',(3.256382101308,404.93998181045));
#3598 = CARTESIAN_POINT('',(3.462913528476,404.93998181045));
#3599 = CARTESIAN_POINT('',(3.669975693662,404.93998181044));
#3600 = CARTESIAN_POINT('',(3.878099708784,404.93998181046));
#3601 = CARTESIAN_POINT('',(4.087829665729,404.93998181044));
#3602 = CARTESIAN_POINT('',(4.299737573423,404.93998181045));
#3603 = CARTESIAN_POINT('',(4.621792167969,404.93998181045));
#3604 = CARTESIAN_POINT('',(4.729842483043,404.93998181045));
#3605 = CARTESIAN_POINT('',(4.83866877038,404.93998181045));
#3606 = CARTESIAN_POINT('',(4.948351026646,404.93998181044));
#3607 = CARTESIAN_POINT('',(5.058972715619,404.93998181045));
#3608 = CARTESIAN_POINT('',(5.170621427345,404.93998181045));
#3609 = CARTESIAN_POINT('',(5.396157647238,404.93998181045));
#3610 = CARTESIAN_POINT('',(5.510045502138,404.93998181045));
#3611 = CARTESIAN_POINT('',(5.625144151029,404.93998181045));
#3612 = CARTESIAN_POINT('',(5.741554213283,404.93998181045));
#3613 = CARTESIAN_POINT('',(5.859374311322,404.93998181045));
#3614 = CARTESIAN_POINT('',(5.978718069699,404.93998181045));
#3615 = CARTESIAN_POINT('',(6.09970136944,404.93998181045));
#3616 = ( GEOMETRIC_REPRESENTATION_CONTEXT(2) 
PARAMETRIC_REPRESENTATION_CONTEXT() REPRESENTATION_CONTEXT('2D SPACE',''
  ) );
#3617 = PCURVE('',#1485,#3618);
#3618 = DEFINITIONAL_REPRESENTATION('',(#3619),#3623);
#3619 = LINE('',#3620,#3621);
#3620 = CARTESIAN_POINT('',(0.,13.704441095638));
#3621 = VECTOR('',#3622,1.);
#3622 = DIRECTION('',(1.,0.));
#3623 = ( GEOMETRIC_REPRESENTATION_CONTEXT(2) 
PARAMETRIC_REPRESENTATION_CONTEXT() REPRESENTATION_CONTEXT('2D SPACE',''
  ) );
#3624 = ORIENTED_EDGE('',*,*,#3625,.T.);
#3625 = EDGE_CURVE('',#3567,#3414,#3626,.T.);
#3626 = SURFACE_CURVE('',#3627,(#3641,#3648),.PCURVE_S1.);
#3627 = ( BOUNDED_CURVE() B_SPLINE_CURVE(12,(#3628,#3629,#3630,#3631,
    #3632,#3633,#3634,#3635,#3636,#3637,#3638,#3639,#3640),
.UNSPECIFIED.,.F.,.F.) B_SPLINE_CURVE_WITH_KNOTS((13,13),(
404.93998181045,411.03968317989),.PIECEWISE_BEZIER_KNOTS.) CURVE() 
GEOMETRIC_REPRESENTATION_ITEM() RATIONAL_B_SPLINE_CURVE((1.,1.,
    0.999999999999,1.000000000002,0.999999999997,1.000000000004,
    0.999999999996,1.000000000004,0.999999999998,1.000000000001,1.,1.,1.
)) REPRESENTATION_ITEM('') );
#3628 = CARTESIAN_POINT('',(41.945066095639,4.762499999998,9.5));
#3629 = CARTESIAN_POINT('',(42.418987554631,4.762499999998,9.5));
#3630 = CARTESIAN_POINT('',(42.910655112917,4.820959166573,9.5));
#3631 = CARTESIAN_POINT('',(43.409374749377,4.945207294224,9.5));
#3632 = CARTESIAN_POINT('',(43.902622685755,5.13936803256,9.5));
#3633 = CARTESIAN_POINT('',(44.373958696052,5.407077860834,
    9.500000000001));
#3634 = CARTESIAN_POINT('',(44.807044177978,5.738378561951,9.5));
#3635 = CARTESIAN_POINT('',(45.190317780672,6.134159623561,9.5));
#3636 = CARTESIAN_POINT('',(45.507514442668,6.569526328625,9.5));
#3637 = CARTESIAN_POINT('',(45.758277841092,7.03778609806,9.5));
#3638 = CARTESIAN_POINT('',(45.938757316443,7.518766993574,9.5));
#3639 = CARTESIAN_POINT('',(46.053403465149,8.000492477102,9.5));
#3640 = CARTESIAN_POINT('',(46.107896810359,8.471276132401,9.5));
#3641 = PCURVE('',#1533,#3642);
#3642 = DEFINITIONAL_REPRESENTATION('',(#3643),#3647);
#3643 = LINE('',#3644,#3645);
#3644 = CARTESIAN_POINT('',(6.09970136944,0.));
#3645 = VECTOR('',#3646,1.);
#3646 = DIRECTION('',(0.,1.));
#3647 = ( GEOMETRIC_REPRESENTATION_CONTEXT(2) 
PARAMETRIC_REPRESENTATION_CONTEXT() REPRESENTATION_CONTEXT('2D SPACE',''
  ) );
#3648 = PCURVE('',#3649,#3665);
#3649 = ( BOUNDED_SURFACE() B_SPLINE_SURFACE(2,2,(
    (#3650,#3651,#3652,#3653,#3654)
    ,(#3655,#3656,#3657,#3658,#3659)
    ,(#3660,#3661,#3662,#3663,#3664
)),.UNSPECIFIED.,.F.,.F.,.F.) B_SPLINE_SURFACE_WITH_KNOTS((3,3),(3,1,1,3
    ),(0.,11.),(-0.6732,2.295E-14,11.,11.6732),.UNSPECIFIED.) 
GEOMETRIC_REPRESENTATION_ITEM() RATIONAL_B_SPLINE_SURFACE((
    (1.,1.,1.,1.,1.)
    ,(0.746653392947,0.746653392947,0.746653392947,0.746653392947
      ,0.746653392947)
,(1.,1.,1.,1.,1.))) REPRESENTATION_ITEM('') SURFACE() );
#3650 = CARTESIAN_POINT('',(41.945066095639,4.762499999998,-0.6732));
#3651 = CARTESIAN_POINT('',(41.945066095639,4.762499999998,-0.3366));
#3652 = CARTESIAN_POINT('',(41.945066095639,4.762499999998,5.5));
#3653 = CARTESIAN_POINT('',(41.945066095639,4.762499999998,11.3366));
#3654 = CARTESIAN_POINT('',(41.945066095639,4.762499999998,11.6732));
#3655 = CARTESIAN_POINT('',(45.678604892903,4.762499999998,-0.6732));
#3656 = CARTESIAN_POINT('',(45.678604892903,4.762499999998,-0.3366));
#3657 = CARTESIAN_POINT('',(45.678604892903,4.762499999998,5.5));
#3658 = CARTESIAN_POINT('',(45.678604892903,4.762499999998,11.3366));
#3659 = CARTESIAN_POINT('',(45.678604892903,4.762499999998,11.6732));
#3660 = CARTESIAN_POINT('',(46.107896810359,8.471276132401,-0.6732));
#3661 = CARTESIAN_POINT('',(46.107896810359,8.471276132401,-0.3366));
#3662 = CARTESIAN_POINT('',(46.107896810359,8.471276132401,5.5));
#3663 = CARTESIAN_POINT('',(46.107896810359,8.471276132401,11.3366));
#3664 = CARTESIAN_POINT('',(46.107896810359,8.471276132401,11.6732));
#3665 = DEFINITIONAL_REPRESENTATION('',(#3666),#3685);
#3666 = B_SPLINE_CURVE_WITH_KNOTS('',9,(#3667,#3668,#3669,#3670,#3671,
    #3672,#3673,#3674,#3675,#3676,#3677,#3678,#3679,#3680,#3681,#3682,
    #3683,#3684),.UNSPECIFIED.,.F.,.F.,(10,8,10),(404.93998181045,
    407.98983249517,411.03968317989),.UNSPECIFIED.);
#3667 = CARTESIAN_POINT('',(1.223E-14,9.5));
#3668 = CARTESIAN_POINT('',(0.623358796864,9.500000000001));
#3669 = CARTESIAN_POINT('',(1.242624053559,9.499999999998));
#3670 = CARTESIAN_POINT('',(1.857946962245,9.500000000001));
#3671 = CARTESIAN_POINT('',(2.469973631279,9.500000000001));
#3672 = CARTESIAN_POINT('',(3.079070176984,9.499999999998));
#3673 = CARTESIAN_POINT('',(3.685805733908,9.500000000001));
#3674 = CARTESIAN_POINT('',(4.291056831123,9.499999999999));
#3675 = CARTESIAN_POINT('',(4.895541008428,9.5));
#3676 = CARTESIAN_POINT('',(6.104522936787,9.5));
#3677 = CARTESIAN_POINT('',(6.709022160957,9.500000000001));
#3678 = CARTESIAN_POINT('',(7.314251021149,9.499999999999));
#3679 = CARTESIAN_POINT('',(7.921089453887,9.500000000002));
#3680 = CARTESIAN_POINT('',(8.529874744955,9.499999999997));
#3681 = CARTESIAN_POINT('',(9.142078716875,9.500000000002));
#3682 = CARTESIAN_POINT('',(9.757326810376,9.499999999998));
#3683 = CARTESIAN_POINT('',(10.376633951791,9.500000000001));
#3684 = CARTESIAN_POINT('',(11.,9.5));
#3685 = ( GEOMETRIC_REPRESENTATION_CONTEXT(2) 
PARAMETRIC_REPRESENTATION_CONTEXT() REPRESENTATION_CONTEXT('2D SPACE',''
  ) );
#3686 = ORIENTED_EDGE('',*,*,#3413,.F.);
#3687 = ORIENTED_EDGE('',*,*,#1497,.F.);
#3688 = ADVANCED_FACE('',(#3689),#186,.T.);
#3689 = FACE_BOUND('',#3690,.T.);
#3690 = EDGE_LOOP('',(#3691,#3692,#3756,#3784));
#3691 = ORIENTED_EDGE('',*,*,#3477,.T.);
#3692 = ORIENTED_EDGE('',*,*,#3693,.T.);
#3693 = EDGE_CURVE('',#3478,#3694,#3696,.T.);
#3694 = VERTEX_POINT('',#3695);
#3695 = CARTESIAN_POINT('',(80.35493390436,28.574999999967,9.5));
#3696 = SURFACE_CURVE('',#3697,(#3711,#3718),.PCURVE_S1.);
#3697 = ( BOUNDED_CURVE() B_SPLINE_CURVE(12,(#3698,#3699,#3700,#3701,
    #3702,#3703,#3704,#3705,#3706,#3707,#3708,#3709,#3710),
.UNSPECIFIED.,.F.,.F.) B_SPLINE_CURVE_WITH_KNOTS((13,13),(28.32200415027
,34.421705519703),.PIECEWISE_BEZIER_KNOTS.) CURVE() 
GEOMETRIC_REPRESENTATION_ITEM() RATIONAL_B_SPLINE_CURVE((1.,1.,1.,
    0.999999999999,1.000000000002,0.999999999996,1.000000000004,
    0.999999999996,1.000000000003,0.999999999999,1.000000000001,1.,1.)) 
REPRESENTATION_ITEM('') );
#3698 = CARTESIAN_POINT('',(76.192103189641,32.283776132363,9.5));
#3699 = CARTESIAN_POINT('',(76.246595900954,31.812997953487,9.5));
#3700 = CARTESIAN_POINT('',(76.361200541165,31.331313161875,9.5));
#3701 = CARTESIAN_POINT('',(76.541968663834,30.850187649311,
    9.499999999999));
#3702 = CARTESIAN_POINT('',(76.791556552252,30.382536278085,
    9.500000000001));
#3703 = CARTESIAN_POINT('',(77.111686226964,29.945108366216,
    9.499999999999));
#3704 = CARTESIAN_POINT('',(77.490586864573,29.552989129002,
    9.500000000002));
#3705 = CARTESIAN_POINT('',(77.927812698318,29.217765512223,
    9.499999999999));
#3706 = CARTESIAN_POINT('',(78.396763927748,28.952732240697,
    9.500000000001));
#3707 = CARTESIAN_POINT('',(78.890751390078,28.757473744099,9.5));
#3708 = CARTESIAN_POINT('',(79.389294179325,28.633495720872,9.5));
#3709 = CARTESIAN_POINT('',(79.881006932381,28.574999999967,9.5));
#3710 = CARTESIAN_POINT('',(80.35493390436,28.574999999967,9.5));
#3711 = PCURVE('',#186,#3712);
#3712 = DEFINITIONAL_REPRESENTATION('',(#3713),#3717);
#3713 = LINE('',#3714,#3715);
#3714 = CARTESIAN_POINT('',(6.099701369433,0.));
#3715 = VECTOR('',#3716,1.);
#3716 = DIRECTION('',(0.,1.));
#3717 = ( GEOMETRIC_REPRESENTATION_CONTEXT(2) 
PARAMETRIC_REPRESENTATION_CONTEXT() REPRESENTATION_CONTEXT('2D SPACE',''
  ) );
#3718 = PCURVE('',#3719,#3735);
#3719 = ( BOUNDED_SURFACE() B_SPLINE_SURFACE(2,2,(
    (#3720,#3721,#3722,#3723,#3724)
    ,(#3725,#3726,#3727,#3728,#3729)
    ,(#3730,#3731,#3732,#3733,#3734
)),.UNSPECIFIED.,.F.,.F.,.F.) B_SPLINE_SURFACE_WITH_KNOTS((3,3),(3,1,1,3
    ),(0.,11.),(-0.6732,2.458E-14,11.,11.6732),.UNSPECIFIED.) 
GEOMETRIC_REPRESENTATION_ITEM() RATIONAL_B_SPLINE_SURFACE((
    (1.,1.,1.,1.,1.)
    ,(0.746653392947,0.746653392947,0.746653392947,0.746653392947
      ,0.746653392947)
,(1.,1.,1.,1.,1.))) REPRESENTATION_ITEM('') SURFACE() );
#3720 = CARTESIAN_POINT('',(76.192103189641,32.283776132363,-0.6732));
#3721 = CARTESIAN_POINT('',(76.192103189641,32.283776132363,-0.3366));
#3722 = CARTESIAN_POINT('',(76.192103189641,32.283776132363,5.5));
#3723 = CARTESIAN_POINT('',(76.192103189641,32.283776132363,11.3366));
#3724 = CARTESIAN_POINT('',(76.192103189641,32.283776132363,11.6732));
#3725 = CARTESIAN_POINT('',(76.621395107103,28.574999999967,-0.6732));
#3726 = CARTESIAN_POINT('',(76.621395107103,28.574999999967,-0.3366));
#3727 = CARTESIAN_POINT('',(76.621395107103,28.574999999967,5.5));
#3728 = CARTESIAN_POINT('',(76.621395107103,28.574999999967,11.3366));
#3729 = CARTESIAN_POINT('',(76.621395107103,28.574999999967,11.6732));
#3730 = CARTESIAN_POINT('',(80.35493390436,28.574999999967,-0.6732));
#3731 = CARTESIAN_POINT('',(80.35493390436,28.574999999967,-0.3366));
#3732 = CARTESIAN_POINT('',(80.35493390436,28.574999999967,5.5));
#3733 = CARTESIAN_POINT('',(80.35493390436,28.574999999967,11.3366));
#3734 = CARTESIAN_POINT('',(80.35493390436,28.574999999967,11.6732));
#3735 = DEFINITIONAL_REPRESENTATION('',(#3736),#3755);
#3736 = B_SPLINE_CURVE_WITH_KNOTS('',9,(#3737,#3738,#3739,#3740,#3741,
    #3742,#3743,#3744,#3745,#3746,#3747,#3748,#3749,#3750,#3751,#3752,
    #3753,#3754),.UNSPECIFIED.,.F.,.F.,(10,8,10),(28.32200415027,
    31.371854834986,34.421705519703),.UNSPECIFIED.);
#3737 = CARTESIAN_POINT('',(-1.65E-15,9.5));
#3738 = CARTESIAN_POINT('',(0.623358796863,9.5));
#3739 = CARTESIAN_POINT('',(1.242624053558,9.500000000001));
#3740 = CARTESIAN_POINT('',(1.857946962244,9.5));
#3741 = CARTESIAN_POINT('',(2.469973631275,9.499999999999));
#3742 = CARTESIAN_POINT('',(3.07907017698,9.500000000002));
#3743 = CARTESIAN_POINT('',(3.685805733904,9.499999999999));
#3744 = CARTESIAN_POINT('',(4.291056831121,9.500000000001));
#3745 = CARTESIAN_POINT('',(4.895541008424,9.5));
#3746 = CARTESIAN_POINT('',(6.104522936782,9.5));
#3747 = CARTESIAN_POINT('',(6.709022160951,9.499999999999));
#3748 = CARTESIAN_POINT('',(7.314251021148,9.500000000002));
#3749 = CARTESIAN_POINT('',(7.921089453878,9.499999999997));
#3750 = CARTESIAN_POINT('',(8.529874744973,9.500000000004));
#3751 = CARTESIAN_POINT('',(9.142078716841,9.499999999996));
#3752 = CARTESIAN_POINT('',(9.757326810384,9.500000000003));
#3753 = CARTESIAN_POINT('',(10.376633951788,9.499999999999));
#3754 = CARTESIAN_POINT('',(11.,9.5));
#3755 = ( GEOMETRIC_REPRESENTATION_CONTEXT(2) 
PARAMETRIC_REPRESENTATION_CONTEXT() REPRESENTATION_CONTEXT('2D SPACE',''
  ) );
#3756 = ORIENTED_EDGE('',*,*,#3757,.F.);
#3757 = EDGE_CURVE('',#151,#3694,#3758,.T.);
#3758 = SURFACE_CURVE('',#3759,(#3763,#3770),.PCURVE_S1.);
#3759 = ( BOUNDED_CURVE() B_SPLINE_CURVE(2,(#3760,#3761,#3762),
.UNSPECIFIED.,.F.,.F.) B_SPLINE_CURVE_WITH_KNOTS((3,3),(0.,
6.099701369433),.PIECEWISE_BEZIER_KNOTS.) CURVE() 
GEOMETRIC_REPRESENTATION_ITEM() RATIONAL_B_SPLINE_CURVE((1.,
0.707106781187,1.)) REPRESENTATION_ITEM('') );
#3760 = CARTESIAN_POINT('',(80.354933922503,30.074999999967,11.));
#3761 = CARTESIAN_POINT('',(80.35493390436,28.574999999967,11.));
#3762 = CARTESIAN_POINT('',(80.35493390436,28.574999999967,9.5));
#3763 = PCURVE('',#186,#3764);
#3764 = DEFINITIONAL_REPRESENTATION('',(#3765),#3769);
#3765 = LINE('',#3766,#3767);
#3766 = CARTESIAN_POINT('',(0.,34.421705519703));
#3767 = VECTOR('',#3768,1.);
#3768 = DIRECTION('',(1.,0.));
#3769 = ( GEOMETRIC_REPRESENTATION_CONTEXT(2) 
PARAMETRIC_REPRESENTATION_CONTEXT() REPRESENTATION_CONTEXT('2D SPACE',''
  ) );
#3770 = PCURVE('',#249,#3771);
#3771 = DEFINITIONAL_REPRESENTATION('',(#3772),#3783);
#3772 = B_SPLINE_CURVE_WITH_KNOTS('',9,(#3773,#3774,#3775,#3776,#3777,
    #3778,#3779,#3780,#3781,#3782),.UNSPECIFIED.,.F.,.F.,(10,10),(0.,
    6.099701369433),.PIECEWISE_BEZIER_KNOTS.);
#3773 = CARTESIAN_POINT('',(-2.2E-16,1.243E-14));
#3774 = CARTESIAN_POINT('',(0.157134840264,1.243E-14));
#3775 = CARTESIAN_POINT('',(0.325774716821,1.243E-14));
#3776 = CARTESIAN_POINT('',(0.50456638687,1.243E-14));
#3777 = CARTESIAN_POINT('',(0.690744851612,1.243E-14));
#3778 = CARTESIAN_POINT('',(0.880051475183,1.243E-14));
#3779 = CARTESIAN_POINT('',(1.066229939925,1.243E-14));
#3780 = CARTESIAN_POINT('',(1.245021609974,1.243E-14));
#3781 = CARTESIAN_POINT('',(1.413661486531,1.243E-14));
#3782 = CARTESIAN_POINT('',(1.570796326795,1.243E-14));
#3783 = ( GEOMETRIC_REPRESENTATION_CONTEXT(2) 
PARAMETRIC_REPRESENTATION_CONTEXT() REPRESENTATION_CONTEXT('2D SPACE',''
  ) );
#3784 = ORIENTED_EDGE('',*,*,#150,.F.);
#3785 = ADVANCED_FACE('',(#3786),#1485,.T.);
#3786 = FACE_BOUND('',#3787,.T.);
#3787 = EDGE_LOOP('',(#3788,#3812,#3838,#3839));
#3788 = ORIENTED_EDGE('',*,*,#3789,.T.);
#3789 = EDGE_CURVE('',#1437,#3790,#3792,.T.);
#3790 = VERTEX_POINT('',#3791);
#3791 = CARTESIAN_POINT('',(28.240625,4.762499999998,9.5));
#3792 = SURFACE_CURVE('',#3793,(#3798,#3805),.PCURVE_S1.);
#3793 = CIRCLE('',#3794,1.5);
#3794 = AXIS2_PLACEMENT_3D('',#3795,#3796,#3797);
#3795 = CARTESIAN_POINT('',(28.240625,6.262499999998,9.5));
#3796 = DIRECTION('',(1.,-1.48E-15,0.));
#3797 = DIRECTION('',(1.48E-15,1.,0.));
#3798 = PCURVE('',#1485,#3799);
#3799 = DEFINITIONAL_REPRESENTATION('',(#3800),#3804);
#3800 = LINE('',#3801,#3802);
#3801 = CARTESIAN_POINT('',(-1.570796326795,-3.55E-15));
#3802 = VECTOR('',#3803,1.);
#3803 = DIRECTION('',(1.,0.));
#3804 = ( GEOMETRIC_REPRESENTATION_CONTEXT(2) 
PARAMETRIC_REPRESENTATION_CONTEXT() REPRESENTATION_CONTEXT('2D SPACE',''
  ) );
#3805 = PCURVE('',#1457,#3806);
#3806 = DEFINITIONAL_REPRESENTATION('',(#3807),#3811);
#3807 = LINE('',#3808,#3809);
#3808 = CARTESIAN_POINT('',(-1.455558865068,0.));
#3809 = VECTOR('',#3810,1.);
#3810 = DIRECTION('',(-0.,1.));
#3811 = ( GEOMETRIC_REPRESENTATION_CONTEXT(2) 
PARAMETRIC_REPRESENTATION_CONTEXT() REPRESENTATION_CONTEXT('2D SPACE',''
  ) );
#3812 = ORIENTED_EDGE('',*,*,#3813,.T.);
#3813 = EDGE_CURVE('',#3790,#3567,#3814,.T.);
#3814 = SURFACE_CURVE('',#3815,(#3819,#3826),.PCURVE_S1.);
#3815 = LINE('',#3816,#3817);
#3816 = CARTESIAN_POINT('',(28.240625,4.762499999998,9.5));
#3817 = VECTOR('',#3818,1.);
#3818 = DIRECTION('',(1.,0.,0.));
#3819 = PCURVE('',#1485,#3820);
#3820 = DEFINITIONAL_REPRESENTATION('',(#3821),#3825);
#3821 = LINE('',#3822,#3823);
#3822 = CARTESIAN_POINT('',(1.570796326795,0.));
#3823 = VECTOR('',#3824,1.);
#3824 = DIRECTION('',(0.,1.));
#3825 = ( GEOMETRIC_REPRESENTATION_CONTEXT(2) 
PARAMETRIC_REPRESENTATION_CONTEXT() REPRESENTATION_CONTEXT('2D SPACE',''
  ) );
#3826 = PCURVE('',#3827,#3832);
#3827 = PLANE('',#3828);
#3828 = AXIS2_PLACEMENT_3D('',#3829,#3830,#3831);
#3829 = CARTESIAN_POINT('',(27.05,4.762499999998,0.));
#3830 = DIRECTION('',(0.,1.,0.));
#3831 = DIRECTION('',(1.,0.,0.));
#3832 = DEFINITIONAL_REPRESENTATION('',(#3833),#3837);
#3833 = LINE('',#3834,#3835);
#3834 = CARTESIAN_POINT('',(1.190625,-9.5));
#3835 = VECTOR('',#3836,1.);
#3836 = DIRECTION('',(1.,0.));
#3837 = ( GEOMETRIC_REPRESENTATION_CONTEXT(2) 
PARAMETRIC_REPRESENTATION_CONTEXT() REPRESENTATION_CONTEXT('2D SPACE',''
  ) );
#3838 = ORIENTED_EDGE('',*,*,#3566,.F.);
#3839 = ORIENTED_EDGE('',*,*,#1469,.F.);
#3840 = ADVANCED_FACE('',(#3841),#249,.T.);
#3841 = FACE_BOUND('',#3842,.T.);
#3842 = EDGE_LOOP('',(#3843,#3844,#3872,#3894));
#3843 = ORIENTED_EDGE('',*,*,#3757,.T.);
#3844 = ORIENTED_EDGE('',*,*,#3845,.T.);
#3845 = EDGE_CURVE('',#3694,#3846,#3848,.T.);
#3846 = VERTEX_POINT('',#3847);
#3847 = CARTESIAN_POINT('',(94.059375,28.574999999967,9.5));
#3848 = SURFACE_CURVE('',#3849,(#3853,#3860),.PCURVE_S1.);
#3849 = LINE('',#3850,#3851);
#3850 = CARTESIAN_POINT('',(80.35493390436,28.574999999967,9.5));
#3851 = VECTOR('',#3852,1.);
#3852 = DIRECTION('',(1.,0.,0.));
#3853 = PCURVE('',#249,#3854);
#3854 = DEFINITIONAL_REPRESENTATION('',(#3855),#3859);
#3855 = LINE('',#3856,#3857);
#3856 = CARTESIAN_POINT('',(1.570796326795,0.));
#3857 = VECTOR('',#3858,1.);
#3858 = DIRECTION('',(0.,1.));
#3859 = ( GEOMETRIC_REPRESENTATION_CONTEXT(2) 
PARAMETRIC_REPRESENTATION_CONTEXT() REPRESENTATION_CONTEXT('2D SPACE',''
  ) );
#3860 = PCURVE('',#3861,#3866);
#3861 = PLANE('',#3862);
#3862 = AXIS2_PLACEMENT_3D('',#3863,#3864,#3865);
#3863 = CARTESIAN_POINT('',(76.2,28.574999999967,0.));
#3864 = DIRECTION('',(0.,1.,0.));
#3865 = DIRECTION('',(1.,0.,0.));
#3866 = DEFINITIONAL_REPRESENTATION('',(#3867),#3871);
#3867 = LINE('',#3868,#3869);
#3868 = CARTESIAN_POINT('',(4.15493390436,-9.5));
#3869 = VECTOR('',#3870,1.);
#3870 = DIRECTION('',(1.,0.));
#3871 = ( GEOMETRIC_REPRESENTATION_CONTEXT(2) 
PARAMETRIC_REPRESENTATION_CONTEXT() REPRESENTATION_CONTEXT('2D SPACE',''
  ) );
#3872 = ORIENTED_EDGE('',*,*,#3873,.F.);
#3873 = EDGE_CURVE('',#234,#3846,#3874,.T.);
#3874 = SURFACE_CURVE('',#3875,(#3880,#3887),.PCURVE_S1.);
#3875 = CIRCLE('',#3876,1.5);
#3876 = AXIS2_PLACEMENT_3D('',#3877,#3878,#3879);
#3877 = CARTESIAN_POINT('',(94.059375,30.074999999967,9.5));
#3878 = DIRECTION('',(1.,0.,-0.));
#3879 = DIRECTION('',(0.,0.,1.));
#3880 = PCURVE('',#249,#3881);
#3881 = DEFINITIONAL_REPRESENTATION('',(#3882),#3886);
#3882 = LINE('',#3883,#3884);
#3883 = CARTESIAN_POINT('',(0.,13.70444109564));
#3884 = VECTOR('',#3885,1.);
#3885 = DIRECTION('',(1.,0.));
#3886 = ( GEOMETRIC_REPRESENTATION_CONTEXT(2) 
PARAMETRIC_REPRESENTATION_CONTEXT() REPRESENTATION_CONTEXT('2D SPACE',''
  ) );
#3887 = PCURVE('',#282,#3888);
#3888 = DEFINITIONAL_REPRESENTATION('',(#3889),#3893);
#3889 = LINE('',#3890,#3891);
#3890 = CARTESIAN_POINT('',(-0.,1.570796326795));
#3891 = VECTOR('',#3892,1.);
#3892 = DIRECTION('',(-0.,1.));
#3893 = ( GEOMETRIC_REPRESENTATION_CONTEXT(2) 
PARAMETRIC_REPRESENTATION_CONTEXT() REPRESENTATION_CONTEXT('2D SPACE',''
  ) );
#3894 = ORIENTED_EDGE('',*,*,#233,.F.);
#3895 = ADVANCED_FACE('',(#3896),#1457,.T.);
#3896 = FACE_BOUND('',#3897,.F.);
#3897 = EDGE_LOOP('',(#3898,#3928,#3929,#3930));
#3898 = ORIENTED_EDGE('',*,*,#3899,.F.);
#3899 = EDGE_CURVE('',#1354,#3900,#3902,.T.);
#3900 = VERTEX_POINT('',#3901);
#3901 = CARTESIAN_POINT('',(27.057896810359,3.708776132402,9.5));
#3902 = SURFACE_CURVE('',#3903,(#3907,#3921),.PCURVE_S1.);
#3903 = ( BOUNDED_CURVE() B_SPLINE_CURVE(2,(#3904,#3905,#3906),
.UNSPECIFIED.,.F.,.F.) B_SPLINE_CURVE_WITH_KNOTS((3,3),(0.,
6.099701369439),.PIECEWISE_BEZIER_KNOTS.) CURVE() 
GEOMETRIC_REPRESENTATION_ITEM() RATIONAL_B_SPLINE_CURVE((1.,
0.707106781187,1.)) REPRESENTATION_ITEM('') );
#3904 = CARTESIAN_POINT('',(25.567845549905,3.881250018021,11.));
#3905 = CARTESIAN_POINT('',(27.057896810359,3.708776132402,11.));
#3906 = CARTESIAN_POINT('',(27.057896810359,3.708776132402,9.5));
#3907 = PCURVE('',#1457,#3908);
#3908 = DEFINITIONAL_REPRESENTATION('',(#3909),#3920);
#3909 = B_SPLINE_CURVE_WITH_KNOTS('',9,(#3910,#3911,#3912,#3913,#3914,
    #3915,#3916,#3917,#3918,#3919),.UNSPECIFIED.,.F.,.F.,(10,10),(0.,
    6.099701369439),.PIECEWISE_BEZIER_KNOTS.);
#3910 = CARTESIAN_POINT('',(1.35E-15,1.570796326795));
#3911 = CARTESIAN_POINT('',(1.35E-15,1.727931167059));
#3912 = CARTESIAN_POINT('',(1.35E-15,1.896571043616));
#3913 = CARTESIAN_POINT('',(1.35E-15,2.075362713665));
#3914 = CARTESIAN_POINT('',(1.35E-15,2.261541178407));
#3915 = CARTESIAN_POINT('',(1.35E-15,2.450847801978));
#3916 = CARTESIAN_POINT('',(1.35E-15,2.63702626672));
#3917 = CARTESIAN_POINT('',(1.35E-15,2.815817936769));
#3918 = CARTESIAN_POINT('',(1.35E-15,2.984457813326));
#3919 = CARTESIAN_POINT('',(1.35E-15,3.14159265359));
#3920 = ( GEOMETRIC_REPRESENTATION_CONTEXT(2) 
PARAMETRIC_REPRESENTATION_CONTEXT() REPRESENTATION_CONTEXT('2D SPACE',''
  ) );
#3921 = PCURVE('',#1389,#3922);
#3922 = DEFINITIONAL_REPRESENTATION('',(#3923),#3927);
#3923 = LINE('',#3924,#3925);
#3924 = CARTESIAN_POINT('',(0.,389.50251594109));
#3925 = VECTOR('',#3926,1.);
#3926 = DIRECTION('',(1.,0.));
#3927 = ( GEOMETRIC_REPRESENTATION_CONTEXT(2) 
PARAMETRIC_REPRESENTATION_CONTEXT() REPRESENTATION_CONTEXT('2D SPACE',''
  ) );
#3928 = ORIENTED_EDGE('',*,*,#1436,.T.);
#3929 = ORIENTED_EDGE('',*,*,#3789,.T.);
#3930 = ORIENTED_EDGE('',*,*,#3931,.F.);
#3931 = EDGE_CURVE('',#3900,#3790,#3932,.T.);
#3932 = SURFACE_CURVE('',#3933,(#3938,#3945),.PCURVE_S1.);
#3933 = CIRCLE('',#3934,1.190625);
#3934 = AXIS2_PLACEMENT_3D('',#3935,#3936,#3937);
#3935 = CARTESIAN_POINT('',(28.240625,3.571874999998,9.5));
#3936 = DIRECTION('',(0.,0.,-1.));
#3937 = DIRECTION('',(-0.99336750836,0.114982578398,0.));
#3938 = PCURVE('',#1457,#3939);
#3939 = DEFINITIONAL_REPRESENTATION('',(#3940),#3944);
#3940 = LINE('',#3941,#3942);
#3941 = CARTESIAN_POINT('',(-0.,3.14159265359));
#3942 = VECTOR('',#3943,1.);
#3943 = DIRECTION('',(-1.,0.));
#3944 = ( GEOMETRIC_REPRESENTATION_CONTEXT(2) 
PARAMETRIC_REPRESENTATION_CONTEXT() REPRESENTATION_CONTEXT('2D SPACE',''
  ) );
#3945 = PCURVE('',#3946,#3951);
#3946 = CYLINDRICAL_SURFACE('',#3947,1.190625);
#3947 = AXIS2_PLACEMENT_3D('',#3948,#3949,#3950);
#3948 = CARTESIAN_POINT('',(28.240625,3.571874999998,0.));
#3949 = DIRECTION('',(0.,0.,1.));
#3950 = DIRECTION('',(-1.,0.,0.));
#3951 = DEFINITIONAL_REPRESENTATION('',(#3952),#3956);
#3952 = LINE('',#3953,#3954);
#3953 = CARTESIAN_POINT('',(-0.115237461727,9.5));
#3954 = VECTOR('',#3955,1.);
#3955 = DIRECTION('',(-1.,0.));
#3956 = ( GEOMETRIC_REPRESENTATION_CONTEXT(2) 
PARAMETRIC_REPRESENTATION_CONTEXT() REPRESENTATION_CONTEXT('2D SPACE',''
  ) );
#3957 = ADVANCED_FACE('',(#3958),#282,.T.);
#3958 = FACE_BOUND('',#3959,.F.);
#3959 = EDGE_LOOP('',(#3960,#3961,#3962,#4021));
#3960 = ORIENTED_EDGE('',*,*,#3873,.F.);
#3961 = ORIENTED_EDGE('',*,*,#261,.T.);
#3962 = ORIENTED_EDGE('',*,*,#3963,.T.);
#3963 = EDGE_CURVE('',#262,#3964,#3966,.T.);
#3964 = VERTEX_POINT('',#3965);
#3965 = CARTESIAN_POINT('',(95.24210318964,27.521276132377,9.5));
#3966 = SURFACE_CURVE('',#3967,(#3972,#3979),.PCURVE_S1.);
#3967 = CIRCLE('',#3968,1.5);
#3968 = AXIS2_PLACEMENT_3D('',#3969,#3970,#3971);
#3969 = CARTESIAN_POINT('',(96.732154452179,27.693749999981,9.5));
#3970 = DIRECTION('',(0.114982578402,-0.993367508359,0.));
#3971 = DIRECTION('',(0.993367508359,0.114982578402,0.));
#3972 = PCURVE('',#282,#3973);
#3973 = DEFINITIONAL_REPRESENTATION('',(#3974),#3978);
#3974 = LINE('',#3975,#3976);
#3975 = CARTESIAN_POINT('',(-1.455558865063,0.));
#3976 = VECTOR('',#3977,1.);
#3977 = DIRECTION('',(-0.,1.));
#3978 = ( GEOMETRIC_REPRESENTATION_CONTEXT(2) 
PARAMETRIC_REPRESENTATION_CONTEXT() REPRESENTATION_CONTEXT('2D SPACE',''
  ) );
#3979 = PCURVE('',#330,#3980);
#3980 = DEFINITIONAL_REPRESENTATION('',(#3981),#4020);
#3981 = B_SPLINE_CURVE_WITH_KNOTS('',7,(#3982,#3983,#3984,#3985,#3986,
    #3987,#3988,#3989,#3990,#3991,#3992,#3993,#3994,#3995,#3996,#3997,
    #3998,#3999,#4000,#4001,#4002,#4003,#4004,#4005,#4006,#4007,#4008,
    #4009,#4010,#4011,#4012,#4013,#4014,#4015,#4016,#4017,#4018,#4019),
  .UNSPECIFIED.,.F.,.F.,(8,6,6,6,6,6,8),(1.570796326795,1.767145867644,
    1.963495408494,2.356194490192,2.748893571891,2.94524311274,
    3.14159265359),.UNSPECIFIED.);
#3982 = CARTESIAN_POINT('',(8.3E-16,49.859171389058));
#3983 = CARTESIAN_POINT('',(0.120983299741,49.859171389058));
#3984 = CARTESIAN_POINT('',(0.240327058117,49.859171389057));
#3985 = CARTESIAN_POINT('',(0.358147156156,49.859171389058));
#3986 = CARTESIAN_POINT('',(0.47455721841,49.859171389057));
#3987 = CARTESIAN_POINT('',(0.5896558673,49.859171389058));
#3988 = CARTESIAN_POINT('',(0.7035437222,49.859171389057));
#3989 = CARTESIAN_POINT('',(0.929079942092,49.859171389058));
#3990 = CARTESIAN_POINT('',(1.040728653818,49.859171389057));
#3991 = CARTESIAN_POINT('',(1.15135034279,49.859171389059));
#3992 = CARTESIAN_POINT('',(1.261032599056,49.859171389057));
#3993 = CARTESIAN_POINT('',(1.369858886393,49.859171389058));
#3994 = CARTESIAN_POINT('',(1.477909201466,49.859171389057));
#3995 = CARTESIAN_POINT('',(1.799963796011,49.859171389058));
#3996 = CARTESIAN_POINT('',(2.011871703704,49.859171389057));
#3997 = CARTESIAN_POINT('',(2.221601660648,49.859171389059));
#3998 = CARTESIAN_POINT('',(2.429725675769,49.859171389056));
#3999 = CARTESIAN_POINT('',(2.636787840956,49.859171389058));
#4000 = CARTESIAN_POINT('',(2.843319268122,49.859171389057));
#4001 = CARTESIAN_POINT('',(3.256382101297,49.859171389058));
#4002 = CARTESIAN_POINT('',(3.462913528464,49.859171389057));
#4003 = CARTESIAN_POINT('',(3.66997569365,49.859171389059));
#4004 = CARTESIAN_POINT('',(3.878099708771,49.859171389056));
#4005 = CARTESIAN_POINT('',(4.087829665716,49.859171389058));
#4006 = CARTESIAN_POINT('',(4.299737573408,49.859171389057));
#4007 = CARTESIAN_POINT('',(4.621792167953,49.859171389058));
#4008 = CARTESIAN_POINT('',(4.729842483027,49.859171389057));
#4009 = CARTESIAN_POINT('',(4.838668770363,49.859171389058));
#4010 = CARTESIAN_POINT('',(4.948351026629,49.859171389057));
#4011 = CARTESIAN_POINT('',(5.058972715601,49.859171389058));
#4012 = CARTESIAN_POINT('',(5.170621427327,49.859171389058));
#4013 = CARTESIAN_POINT('',(5.396157647219,49.859171389058));
#4014 = CARTESIAN_POINT('',(5.510045502119,49.859171389058));
#4015 = CARTESIAN_POINT('',(5.625144151009,49.859171389058));
#4016 = CARTESIAN_POINT('',(5.741554213263,49.859171389057));
#4017 = CARTESIAN_POINT('',(5.859374311302,49.859171389058));
#4018 = CARTESIAN_POINT('',(5.978718069678,49.859171389057));
#4019 = CARTESIAN_POINT('',(6.099701369419,49.859171389058));
#4020 = ( GEOMETRIC_REPRESENTATION_CONTEXT(2) 
PARAMETRIC_REPRESENTATION_CONTEXT() REPRESENTATION_CONTEXT('2D SPACE',''
  ) );
#4021 = ORIENTED_EDGE('',*,*,#4022,.F.);
#4022 = EDGE_CURVE('',#3846,#3964,#4023,.T.);
#4023 = SURFACE_CURVE('',#4024,(#4029,#4036),.PCURVE_S1.);
#4024 = CIRCLE('',#4025,1.190625);
#4025 = AXIS2_PLACEMENT_3D('',#4026,#4027,#4028);
#4026 = CARTESIAN_POINT('',(94.059375,27.384374999967,9.5));
#4027 = DIRECTION('',(0.,0.,-1.));
#4028 = DIRECTION('',(0.,1.,0.));
#4029 = PCURVE('',#282,#4030);
#4030 = DEFINITIONAL_REPRESENTATION('',(#4031),#4035);
#4031 = LINE('',#4032,#4033);
#4032 = CARTESIAN_POINT('',(-0.,3.14159265359));
#4033 = VECTOR('',#4034,1.);
#4034 = DIRECTION('',(-1.,0.));
#4035 = ( GEOMETRIC_REPRESENTATION_CONTEXT(2) 
PARAMETRIC_REPRESENTATION_CONTEXT() REPRESENTATION_CONTEXT('2D SPACE',''
  ) );
#4036 = PCURVE('',#4037,#4042);
#4037 = CYLINDRICAL_SURFACE('',#4038,1.190625);
#4038 = AXIS2_PLACEMENT_3D('',#4039,#4040,#4041);
#4039 = CARTESIAN_POINT('',(94.059375,27.384374999967,0.));
#4040 = DIRECTION('',(0.,0.,1.));
#4041 = DIRECTION('',(0.,1.,0.));
#4042 = DEFINITIONAL_REPRESENTATION('',(#4043),#4047);
#4043 = LINE('',#4044,#4045);
#4044 = CARTESIAN_POINT('',(-0.,9.5));
#4045 = VECTOR('',#4046,1.);
#4046 = DIRECTION('',(-1.,0.));
#4047 = ( GEOMETRIC_REPRESENTATION_CONTEXT(2) 
PARAMETRIC_REPRESENTATION_CONTEXT() REPRESENTATION_CONTEXT('2D SPACE',''
  ) );
#4048 = ADVANCED_FACE('',(#4049),#1389,.T.);
#4049 = FACE_BOUND('',#4050,.T.);
#4050 = EDGE_LOOP('',(#4051,#4110,#4172,#4173));
#4051 = ORIENTED_EDGE('',*,*,#4052,.T.);
#4052 = EDGE_CURVE('',#1326,#4053,#4055,.T.);
#4053 = VERTEX_POINT('',#4054);
#4054 = CARTESIAN_POINT('',(22.895066095639,0.,9.5));
#4055 = SURFACE_CURVE('',#4056,(#4061,#4103),.PCURVE_S1.);
#4056 = CIRCLE('',#4057,1.5);
#4057 = AXIS2_PLACEMENT_3D('',#4058,#4059,#4060);
#4058 = CARTESIAN_POINT('',(22.895066095639,1.5,9.5));
#4059 = DIRECTION('',(1.,0.,-0.));
#4060 = DIRECTION('',(0.,0.,1.));
#4061 = PCURVE('',#1389,#4062);
#4062 = DEFINITIONAL_REPRESENTATION('',(#4063),#4102);
#4063 = B_SPLINE_CURVE_WITH_KNOTS('',7,(#4064,#4065,#4066,#4067,#4068,
    #4069,#4070,#4071,#4072,#4073,#4074,#4075,#4076,#4077,#4078,#4079,
    #4080,#4081,#4082,#4083,#4084,#4085,#4086,#4087,#4088,#4089,#4090,
    #4091,#4092,#4093,#4094,#4095,#4096,#4097,#4098,#4099,#4100,#4101),
  .UNSPECIFIED.,.F.,.F.,(8,6,6,6,6,6,8),(0.,0.196349540849,
    0.392699081699,0.785398163397,1.178097245096,1.374446785946,
    1.570796326795),.UNSPECIFIED.);
#4064 = CARTESIAN_POINT('',(-6.E-17,383.40281457165));
#4065 = CARTESIAN_POINT('',(0.120983299742,383.40281457165));
#4066 = CARTESIAN_POINT('',(0.240327058118,383.40281457165));
#4067 = CARTESIAN_POINT('',(0.358147156157,383.40281457165));
#4068 = CARTESIAN_POINT('',(0.474557218412,383.40281457165));
#4069 = CARTESIAN_POINT('',(0.589655867302,383.40281457165));
#4070 = CARTESIAN_POINT('',(0.703543722202,383.40281457165));
#4071 = CARTESIAN_POINT('',(0.929079942095,383.40281457165));
#4072 = CARTESIAN_POINT('',(1.040728653821,383.40281457165));
#4073 = CARTESIAN_POINT('',(1.151350342794,383.40281457165));
#4074 = CARTESIAN_POINT('',(1.26103259906,383.40281457164));
#4075 = CARTESIAN_POINT('',(1.369858886397,383.40281457165));
#4076 = CARTESIAN_POINT('',(1.477909201471,383.40281457165));
#4077 = CARTESIAN_POINT('',(1.799963796017,383.40281457165));
#4078 = CARTESIAN_POINT('',(2.01187170371,383.40281457164));
#4079 = CARTESIAN_POINT('',(2.221601660656,383.40281457166));
#4080 = CARTESIAN_POINT('',(2.429725675778,383.40281457164));
#4081 = CARTESIAN_POINT('',(2.636787840964,383.40281457165));
#4082 = CARTESIAN_POINT('',(2.843319268131,383.40281457165));
#4083 = CARTESIAN_POINT('',(3.256382101308,383.40281457165));
#4084 = CARTESIAN_POINT('',(3.462913528475,383.40281457166));
#4085 = CARTESIAN_POINT('',(3.669975693662,383.40281457163));
#4086 = CARTESIAN_POINT('',(3.878099708784,383.40281457166));
#4087 = CARTESIAN_POINT('',(4.087829665729,383.40281457164));
#4088 = CARTESIAN_POINT('',(4.299737573422,383.40281457165));
#4089 = CARTESIAN_POINT('',(4.621792167968,383.40281457165));
#4090 = CARTESIAN_POINT('',(4.729842483042,383.40281457165));
#4091 = CARTESIAN_POINT('',(4.83866877038,383.40281457166));
#4092 = CARTESIAN_POINT('',(4.948351026645,383.40281457164));
#4093 = CARTESIAN_POINT('',(5.058972715618,383.40281457165));
#4094 = CARTESIAN_POINT('',(5.170621427344,383.40281457165));
#4095 = CARTESIAN_POINT('',(5.396157647237,383.40281457165));
#4096 = CARTESIAN_POINT('',(5.510045502137,383.40281457165));
#4097 = CARTESIAN_POINT('',(5.625144151028,383.40281457165));
#4098 = CARTESIAN_POINT('',(5.741554213282,383.40281457165));
#4099 = CARTESIAN_POINT('',(5.859374311321,383.40281457165));
#4100 = CARTESIAN_POINT('',(5.978718069698,383.40281457165));
#4101 = CARTESIAN_POINT('',(6.099701369439,383.40281457165));
#4102 = ( GEOMETRIC_REPRESENTATION_CONTEXT(2) 
PARAMETRIC_REPRESENTATION_CONTEXT() REPRESENTATION_CONTEXT('2D SPACE',''
  ) );
#4103 = PCURVE('',#1341,#4104);
#4104 = DEFINITIONAL_REPRESENTATION('',(#4105),#4109);
#4105 = LINE('',#4106,#4107);
#4106 = CARTESIAN_POINT('',(0.,18.704441095639));
#4107 = VECTOR('',#4108,1.);
#4108 = DIRECTION('',(1.,0.));
#4109 = ( GEOMETRIC_REPRESENTATION_CONTEXT(2) 
PARAMETRIC_REPRESENTATION_CONTEXT() REPRESENTATION_CONTEXT('2D SPACE',''
  ) );
#4110 = ORIENTED_EDGE('',*,*,#4111,.T.);
#4111 = EDGE_CURVE('',#4053,#3900,#4112,.T.);
#4112 = SURFACE_CURVE('',#4113,(#4127,#4134),.PCURVE_S1.);
#4113 = ( BOUNDED_CURVE() B_SPLINE_CURVE(12,(#4114,#4115,#4116,#4117,
    #4118,#4119,#4120,#4121,#4122,#4123,#4124,#4125,#4126),
.UNSPECIFIED.,.F.,.F.) B_SPLINE_CURVE_WITH_KNOTS((13,13),(
383.40281457165,389.50251594109),.PIECEWISE_BEZIER_KNOTS.) CURVE() 
GEOMETRIC_REPRESENTATION_ITEM() RATIONAL_B_SPLINE_CURVE((1.,1.,1.,1.,1.,
1.,1.,1.,1.,1.,1.,1.,1.)) REPRESENTATION_ITEM('') );
#4114 = CARTESIAN_POINT('',(22.895066095639,0.,9.5));
#4115 = CARTESIAN_POINT('',(23.368987554631,-5.529E-14,9.5));
#4116 = CARTESIAN_POINT('',(23.860655112919,5.845916657514E-02,9.5));
#4117 = CARTESIAN_POINT('',(24.359374749375,0.182707294233,9.5));
#4118 = CARTESIAN_POINT('',(24.852622685762,0.376868032534,9.5));
#4119 = CARTESIAN_POINT('',(25.323958696048,0.644577860915,
    9.500000000001));
#4120 = CARTESIAN_POINT('',(25.757044177967,0.975878561811,
    9.499999999999));
#4121 = CARTESIAN_POINT('',(26.140317780716,1.371659623743,
    9.500000000001));
#4122 = CARTESIAN_POINT('',(26.457514442624,1.807026328494,9.5));
#4123 = CARTESIAN_POINT('',(26.708277841116,2.275286098119,9.5));
#4124 = CARTESIAN_POINT('',(26.888757316439,2.756266993573,9.5));
#4125 = CARTESIAN_POINT('',(27.003403465149,3.237992477105,9.5));
#4126 = CARTESIAN_POINT('',(27.057896810359,3.708776132402,9.5));
#4127 = PCURVE('',#1389,#4128);
#4128 = DEFINITIONAL_REPRESENTATION('',(#4129),#4133);
#4129 = LINE('',#4130,#4131);
#4130 = CARTESIAN_POINT('',(6.099701369439,0.));
#4131 = VECTOR('',#4132,1.);
#4132 = DIRECTION('',(0.,1.));
#4133 = ( GEOMETRIC_REPRESENTATION_CONTEXT(2) 
PARAMETRIC_REPRESENTATION_CONTEXT() REPRESENTATION_CONTEXT('2D SPACE',''
  ) );
#4134 = PCURVE('',#4135,#4151);
#4135 = ( BOUNDED_SURFACE() B_SPLINE_SURFACE(2,2,(
    (#4136,#4137,#4138,#4139,#4140)
    ,(#4141,#4142,#4143,#4144,#4145)
    ,(#4146,#4147,#4148,#4149,#4150
)),.UNSPECIFIED.,.F.,.F.,.F.) B_SPLINE_SURFACE_WITH_KNOTS((3,3),(3,1,1,3
    ),(0.,11.),(-0.6732,2.201E-14,11.,11.6732),.UNSPECIFIED.) 
GEOMETRIC_REPRESENTATION_ITEM() RATIONAL_B_SPLINE_SURFACE((
    (1.,1.,1.,1.,1.)
    ,(0.746653392947,0.746653392947,0.746653392947,0.746653392947
      ,0.746653392947)
,(1.,1.,1.,1.,1.))) REPRESENTATION_ITEM('') SURFACE() );
#4136 = CARTESIAN_POINT('',(27.057896810359,3.708776132402,-0.6732));
#4137 = CARTESIAN_POINT('',(27.057896810359,3.708776132402,-0.3366));
#4138 = CARTESIAN_POINT('',(27.057896810359,3.708776132402,5.5));
#4139 = CARTESIAN_POINT('',(27.057896810359,3.708776132402,11.3366));
#4140 = CARTESIAN_POINT('',(27.057896810359,3.708776132402,11.6732));
#4141 = CARTESIAN_POINT('',(26.628604892902,2.2E-16,-0.6732));
#4142 = CARTESIAN_POINT('',(26.628604892902,2.2E-16,-0.3366));
#4143 = CARTESIAN_POINT('',(26.628604892902,2.2E-16,5.5));
#4144 = CARTESIAN_POINT('',(26.628604892902,2.2E-16,11.3366));
#4145 = CARTESIAN_POINT('',(26.628604892902,2.2E-16,11.6732));
#4146 = CARTESIAN_POINT('',(22.895066095639,0.,-0.6732));
#4147 = CARTESIAN_POINT('',(22.895066095639,0.,-0.3366));
#4148 = CARTESIAN_POINT('',(22.895066095639,0.,5.5));
#4149 = CARTESIAN_POINT('',(22.895066095639,0.,11.3366));
#4150 = CARTESIAN_POINT('',(22.895066095639,0.,11.6732));
#4151 = DEFINITIONAL_REPRESENTATION('',(#4152),#4171);
#4152 = B_SPLINE_CURVE_WITH_KNOTS('',9,(#4153,#4154,#4155,#4156,#4157,
    #4158,#4159,#4160,#4161,#4162,#4163,#4164,#4165,#4166,#4167,#4168,
    #4169,#4170),.UNSPECIFIED.,.F.,.F.,(10,8,10),(383.40281457165,
    386.45266525637,389.50251594109),.UNSPECIFIED.);
#4153 = CARTESIAN_POINT('',(11.,9.5));
#4154 = CARTESIAN_POINT('',(10.376641203136,9.5));
#4155 = CARTESIAN_POINT('',(9.757375946439,9.499999999999));
#4156 = CARTESIAN_POINT('',(9.142053037755,9.500000000001));
#4157 = CARTESIAN_POINT('',(8.530026368719,9.5));
#4158 = CARTESIAN_POINT('',(7.920929823013,9.5));
#4159 = CARTESIAN_POINT('',(7.314194266092,9.5));
#4160 = CARTESIAN_POINT('',(6.708943168873,9.5));
#4161 = CARTESIAN_POINT('',(6.104458991567,9.5));
#4162 = CARTESIAN_POINT('',(4.895477063207,9.5));
#4163 = CARTESIAN_POINT('',(4.290977839038,9.5));
#4164 = CARTESIAN_POINT('',(3.685748978846,9.499999999999));
#4165 = CARTESIAN_POINT('',(3.078910546106,9.500000000002));
#4166 = CARTESIAN_POINT('',(2.470125255057,9.499999999999));
#4167 = CARTESIAN_POINT('',(1.857921283098,9.500000000001));
#4168 = CARTESIAN_POINT('',(1.242673189623,9.5));
#4169 = CARTESIAN_POINT('',(0.623366048209,9.5));
#4170 = CARTESIAN_POINT('',(-1.89E-15,9.5));
#4171 = ( GEOMETRIC_REPRESENTATION_CONTEXT(2) 
PARAMETRIC_REPRESENTATION_CONTEXT() REPRESENTATION_CONTEXT('2D SPACE',''
  ) );
#4172 = ORIENTED_EDGE('',*,*,#3899,.F.);
#4173 = ORIENTED_EDGE('',*,*,#1353,.F.);
#4174 = ADVANCED_FACE('',(#4175),#330,.T.);
#4175 = FACE_BOUND('',#4176,.T.);
#4176 = EDGE_LOOP('',(#4177,#4178,#4242,#4270));
#4177 = ORIENTED_EDGE('',*,*,#3963,.T.);
#4178 = ORIENTED_EDGE('',*,*,#4179,.T.);
#4179 = EDGE_CURVE('',#3964,#4180,#4182,.T.);
#4180 = VERTEX_POINT('',#4181);
#4181 = CARTESIAN_POINT('',(99.404933904358,23.812499999995,9.5));
#4182 = SURFACE_CURVE('',#4183,(#4197,#4204),.PCURVE_S1.);
#4183 = ( BOUNDED_CURVE() B_SPLINE_CURVE(12,(#4184,#4185,#4186,#4187,
    #4188,#4189,#4190,#4191,#4192,#4193,#4194,#4195,#4196),
.UNSPECIFIED.,.F.,.F.) B_SPLINE_CURVE_WITH_KNOTS((13,13),(
49.859171389058,55.958872758477),.PIECEWISE_BEZIER_KNOTS.) CURVE() 
GEOMETRIC_REPRESENTATION_ITEM() RATIONAL_B_SPLINE_CURVE((1.,1.,1.,1.,
    1.000000000001,0.999999999999,1.000000000001,0.999999999999,
1.000000000001,1.,1.,1.,1.)) REPRESENTATION_ITEM('') );
#4184 = CARTESIAN_POINT('',(95.24210318964,27.521276132377,9.5));
#4185 = CARTESIAN_POINT('',(95.296595900955,27.050497953501,9.5));
#4186 = CARTESIAN_POINT('',(95.411200541166,26.56881316189,9.5));
#4187 = CARTESIAN_POINT('',(95.591968663844,26.087687649333,9.5));
#4188 = CARTESIAN_POINT('',(95.841556552233,25.620036278089,9.5));
#4189 = CARTESIAN_POINT('',(96.161686227036,25.182608366256,
    9.499999999999));
#4190 = CARTESIAN_POINT('',(96.540586864454,24.790489129021,
    9.500000000001));
#4191 = CARTESIAN_POINT('',(96.97781269847,24.45526551223,9.499999999999
    ));
#4192 = CARTESIAN_POINT('',(97.446763927642,24.19023224074,
    9.500000000001));
#4193 = CARTESIAN_POINT('',(97.940751390133,23.994973744117,9.5));
#4194 = CARTESIAN_POINT('',(98.439294179314,23.870995720902,9.5));
#4195 = CARTESIAN_POINT('',(98.931006932382,23.812499999995,9.5));
#4196 = CARTESIAN_POINT('',(99.404933904358,23.812499999995,9.5));
#4197 = PCURVE('',#330,#4198);
#4198 = DEFINITIONAL_REPRESENTATION('',(#4199),#4203);
#4199 = LINE('',#4200,#4201);
#4200 = CARTESIAN_POINT('',(6.099701369419,0.));
#4201 = VECTOR('',#4202,1.);
#4202 = DIRECTION('',(0.,1.));
#4203 = ( GEOMETRIC_REPRESENTATION_CONTEXT(2) 
PARAMETRIC_REPRESENTATION_CONTEXT() REPRESENTATION_CONTEXT('2D SPACE',''
  ) );
#4204 = PCURVE('',#4205,#4221);
#4205 = ( BOUNDED_SURFACE() B_SPLINE_SURFACE(2,2,(
    (#4206,#4207,#4208,#4209,#4210)
    ,(#4211,#4212,#4213,#4214,#4215)
    ,(#4216,#4217,#4218,#4219,#4220
)),.UNSPECIFIED.,.F.,.F.,.F.) B_SPLINE_SURFACE_WITH_KNOTS((3,3),(3,1,1,3
    ),(0.,11.),(-0.6732,2.44E-14,11.,11.6732),.UNSPECIFIED.) 
GEOMETRIC_REPRESENTATION_ITEM() RATIONAL_B_SPLINE_SURFACE((
    (1.,1.,1.,1.,1.)
    ,(0.746653392948,0.746653392948,0.746653392948,0.746653392948
      ,0.746653392948)
,(1.,1.,1.,1.,1.))) REPRESENTATION_ITEM('') SURFACE() );
#4206 = CARTESIAN_POINT('',(95.24210318964,27.521276132377,-0.6732));
#4207 = CARTESIAN_POINT('',(95.24210318964,27.521276132377,-0.3366));
#4208 = CARTESIAN_POINT('',(95.24210318964,27.521276132377,5.5));
#4209 = CARTESIAN_POINT('',(95.24210318964,27.521276132377,11.3366));
#4210 = CARTESIAN_POINT('',(95.24210318964,27.521276132377,11.6732));
#4211 = CARTESIAN_POINT('',(95.671395107113,23.812499999995,-0.6732));
#4212 = CARTESIAN_POINT('',(95.671395107113,23.812499999995,-0.3366));
#4213 = CARTESIAN_POINT('',(95.671395107113,23.812499999995,5.5));
#4214 = CARTESIAN_POINT('',(95.671395107113,23.812499999995,11.3366));
#4215 = CARTESIAN_POINT('',(95.671395107113,23.812499999995,11.6732));
#4216 = CARTESIAN_POINT('',(99.404933904358,23.812499999995,-0.6732));
#4217 = CARTESIAN_POINT('',(99.404933904358,23.812499999995,-0.3366));
#4218 = CARTESIAN_POINT('',(99.404933904358,23.812499999995,5.5));
#4219 = CARTESIAN_POINT('',(99.404933904358,23.812499999995,11.3366));
#4220 = CARTESIAN_POINT('',(99.404933904358,23.812499999995,11.6732));
#4221 = DEFINITIONAL_REPRESENTATION('',(#4222),#4241);
#4222 = B_SPLINE_CURVE_WITH_KNOTS('',9,(#4223,#4224,#4225,#4226,#4227,
    #4228,#4229,#4230,#4231,#4232,#4233,#4234,#4235,#4236,#4237,#4238,
    #4239,#4240),.UNSPECIFIED.,.F.,.F.,(10,8,10),(49.859171389058,
    52.909022073767,55.958872758477),.UNSPECIFIED.);
#4223 = CARTESIAN_POINT('',(7.E-16,9.5));
#4224 = CARTESIAN_POINT('',(0.623358796864,9.5));
#4225 = CARTESIAN_POINT('',(1.242624053559,9.499999999999));
#4226 = CARTESIAN_POINT('',(1.857946962244,9.500000000001));
#4227 = CARTESIAN_POINT('',(2.469973631278,9.499999999999));
#4228 = CARTESIAN_POINT('',(3.079070176983,9.500000000001));
#4229 = CARTESIAN_POINT('',(3.685805733906,9.5));
#4230 = CARTESIAN_POINT('',(4.291056831123,9.5));
#4231 = CARTESIAN_POINT('',(4.895541008427,9.5));
#4232 = CARTESIAN_POINT('',(6.104522936787,9.5));
#4233 = CARTESIAN_POINT('',(6.709022160957,9.5));
#4234 = CARTESIAN_POINT('',(7.31425102115,9.5));
#4235 = CARTESIAN_POINT('',(7.921089453889,9.5));
#4236 = CARTESIAN_POINT('',(8.52987474496,9.5));
#4237 = CARTESIAN_POINT('',(9.142078716863,9.5));
#4238 = CARTESIAN_POINT('',(9.757326810377,9.5));
#4239 = CARTESIAN_POINT('',(10.376633951791,9.5));
#4240 = CARTESIAN_POINT('',(11.,9.5));
#4241 = ( GEOMETRIC_REPRESENTATION_CONTEXT(2) 
PARAMETRIC_REPRESENTATION_CONTEXT() REPRESENTATION_CONTEXT('2D SPACE',''
  ) );
#4242 = ORIENTED_EDGE('',*,*,#4243,.F.);
#4243 = EDGE_CURVE('',#295,#4180,#4244,.T.);
#4244 = SURFACE_CURVE('',#4245,(#4249,#4256),.PCURVE_S1.);
#4245 = ( BOUNDED_CURVE() B_SPLINE_CURVE(2,(#4246,#4247,#4248),
.UNSPECIFIED.,.F.,.F.) B_SPLINE_CURVE_WITH_KNOTS((3,3),(0.,
6.099701369419),.PIECEWISE_BEZIER_KNOTS.) CURVE() 
GEOMETRIC_REPRESENTATION_ITEM() RATIONAL_B_SPLINE_CURVE((1.,
0.707106781187,1.)) REPRESENTATION_ITEM('') );
#4246 = CARTESIAN_POINT('',(99.404933922501,25.312499999995,11.));
#4247 = CARTESIAN_POINT('',(99.404933904358,23.812499999995,11.));
#4248 = CARTESIAN_POINT('',(99.404933904358,23.812499999995,9.5));
#4249 = PCURVE('',#330,#4250);
#4250 = DEFINITIONAL_REPRESENTATION('',(#4251),#4255);
#4251 = LINE('',#4252,#4253);
#4252 = CARTESIAN_POINT('',(0.,55.958872758477));
#4253 = VECTOR('',#4254,1.);
#4254 = DIRECTION('',(1.,0.));
#4255 = ( GEOMETRIC_REPRESENTATION_CONTEXT(2) 
PARAMETRIC_REPRESENTATION_CONTEXT() REPRESENTATION_CONTEXT('2D SPACE',''
  ) );
#4256 = PCURVE('',#393,#4257);
#4257 = DEFINITIONAL_REPRESENTATION('',(#4258),#4269);
#4258 = B_SPLINE_CURVE_WITH_KNOTS('',9,(#4259,#4260,#4261,#4262,#4263,
    #4264,#4265,#4266,#4267,#4268),.UNSPECIFIED.,.F.,.F.,(10,10),(0.,
    6.099701369419),.PIECEWISE_BEZIER_KNOTS.);
#4259 = CARTESIAN_POINT('',(-1.1E-16,-5.33E-15));
#4260 = CARTESIAN_POINT('',(0.157134840264,-5.33E-15));
#4261 = CARTESIAN_POINT('',(0.325774716821,-5.33E-15));
#4262 = CARTESIAN_POINT('',(0.50456638687,-5.33E-15));
#4263 = CARTESIAN_POINT('',(0.690744851612,-5.33E-15));
#4264 = CARTESIAN_POINT('',(0.880051475183,-5.33E-15));
#4265 = CARTESIAN_POINT('',(1.066229939925,-5.33E-15));
#4266 = CARTESIAN_POINT('',(1.245021609974,-5.33E-15));
#4267 = CARTESIAN_POINT('',(1.413661486531,-5.33E-15));
#4268 = CARTESIAN_POINT('',(1.570796326795,-5.33E-15));
#4269 = ( GEOMETRIC_REPRESENTATION_CONTEXT(2) 
PARAMETRIC_REPRESENTATION_CONTEXT() REPRESENTATION_CONTEXT('2D SPACE',''
  ) );
#4270 = ORIENTED_EDGE('',*,*,#294,.F.);
#4271 = ADVANCED_FACE('',(#4272),#1341,.T.);
#4272 = FACE_BOUND('',#4273,.T.);
#4273 = EDGE_LOOP('',(#4274,#4298,#4324,#4325));
#4274 = ORIENTED_EDGE('',*,*,#4275,.T.);
#4275 = EDGE_CURVE('',#1297,#4276,#4278,.T.);
#4276 = VERTEX_POINT('',#4277);
#4277 = CARTESIAN_POINT('',(4.190625,-3.E-15,9.5));
#4278 = SURFACE_CURVE('',#4279,(#4284,#4291),.PCURVE_S1.);
#4279 = CIRCLE('',#4280,1.5);
#4280 = AXIS2_PLACEMENT_3D('',#4281,#4282,#4283);
#4281 = CARTESIAN_POINT('',(4.190625,1.5,9.5));
#4282 = DIRECTION('',(1.,-4.9E-16,0.));
#4283 = DIRECTION('',(-4.9E-16,-1.,0.));
#4284 = PCURVE('',#1341,#4285);
#4285 = DEFINITIONAL_REPRESENTATION('',(#4286),#4290);
#4286 = LINE('',#4287,#4288);
#4287 = CARTESIAN_POINT('',(-4.712388980385,1.78E-15));
#4288 = VECTOR('',#4289,1.);
#4289 = DIRECTION('',(1.,0.));
#4290 = ( GEOMETRIC_REPRESENTATION_CONTEXT(2) 
PARAMETRIC_REPRESENTATION_CONTEXT() REPRESENTATION_CONTEXT('2D SPACE',''
  ) );
#4291 = PCURVE('',#1313,#4292);
#4292 = DEFINITIONAL_REPRESENTATION('',(#4293),#4297);
#4293 = LINE('',#4294,#4295);
#4294 = CARTESIAN_POINT('',(-1.570796326795,0.));
#4295 = VECTOR('',#4296,1.);
#4296 = DIRECTION('',(-0.,1.));
#4297 = ( GEOMETRIC_REPRESENTATION_CONTEXT(2) 
PARAMETRIC_REPRESENTATION_CONTEXT() REPRESENTATION_CONTEXT('2D SPACE',''
  ) );
#4298 = ORIENTED_EDGE('',*,*,#4299,.T.);
#4299 = EDGE_CURVE('',#4276,#4053,#4300,.T.);
#4300 = SURFACE_CURVE('',#4301,(#4305,#4312),.PCURVE_S1.);
#4301 = LINE('',#4302,#4303);
#4302 = CARTESIAN_POINT('',(4.190625,-2.2E-16,9.5));
#4303 = VECTOR('',#4304,1.);
#4304 = DIRECTION('',(1.,0.,0.));
#4305 = PCURVE('',#1341,#4306);
#4306 = DEFINITIONAL_REPRESENTATION('',(#4307),#4311);
#4307 = LINE('',#4308,#4309);
#4308 = CARTESIAN_POINT('',(1.570796326795,0.));
#4309 = VECTOR('',#4310,1.);
#4310 = DIRECTION('',(0.,1.));
#4311 = ( GEOMETRIC_REPRESENTATION_CONTEXT(2) 
PARAMETRIC_REPRESENTATION_CONTEXT() REPRESENTATION_CONTEXT('2D SPACE',''
  ) );
#4312 = PCURVE('',#4313,#4318);
#4313 = PLANE('',#4314);
#4314 = AXIS2_PLACEMENT_3D('',#4315,#4316,#4317);
#4315 = CARTESIAN_POINT('',(0.,0.,0.));
#4316 = DIRECTION('',(0.,1.,0.));
#4317 = DIRECTION('',(1.,0.,0.));
#4318 = DEFINITIONAL_REPRESENTATION('',(#4319),#4323);
#4319 = LINE('',#4320,#4321);
#4320 = CARTESIAN_POINT('',(4.190625,-9.5));
#4321 = VECTOR('',#4322,1.);
#4322 = DIRECTION('',(1.,0.));
#4323 = ( GEOMETRIC_REPRESENTATION_CONTEXT(2) 
PARAMETRIC_REPRESENTATION_CONTEXT() REPRESENTATION_CONTEXT('2D SPACE',''
  ) );
#4324 = ORIENTED_EDGE('',*,*,#4052,.F.);
#4325 = ORIENTED_EDGE('',*,*,#1325,.F.);
#4326 = ADVANCED_FACE('',(#4327),#393,.T.);
#4327 = FACE_BOUND('',#4328,.T.);
#4328 = EDGE_LOOP('',(#4329,#4330,#4358,#4380));
#4329 = ORIENTED_EDGE('',*,*,#4243,.T.);
#4330 = ORIENTED_EDGE('',*,*,#4331,.T.);
#4331 = EDGE_CURVE('',#4180,#4332,#4334,.T.);
#4332 = VERTEX_POINT('',#4333);
#4333 = CARTESIAN_POINT('',(120.490625,23.812499999995,9.5));
#4334 = SURFACE_CURVE('',#4335,(#4339,#4346),.PCURVE_S1.);
#4335 = LINE('',#4336,#4337);
#4336 = CARTESIAN_POINT('',(99.404933904358,23.812499999995,9.5));
#4337 = VECTOR('',#4338,1.);
#4338 = DIRECTION('',(1.,0.,0.));
#4339 = PCURVE('',#393,#4340);
#4340 = DEFINITIONAL_REPRESENTATION('',(#4341),#4345);
#4341 = LINE('',#4342,#4343);
#4342 = CARTESIAN_POINT('',(1.570796326795,0.));
#4343 = VECTOR('',#4344,1.);
#4344 = DIRECTION('',(0.,1.));
#4345 = ( GEOMETRIC_REPRESENTATION_CONTEXT(2) 
PARAMETRIC_REPRESENTATION_CONTEXT() REPRESENTATION_CONTEXT('2D SPACE',''
  ) );
#4346 = PCURVE('',#4347,#4352);
#4347 = PLANE('',#4348);
#4348 = AXIS2_PLACEMENT_3D('',#4349,#4350,#4351);
#4349 = CARTESIAN_POINT('',(95.25,23.812499999995,0.));
#4350 = DIRECTION('',(0.,1.,0.));
#4351 = DIRECTION('',(1.,0.,0.));
#4352 = DEFINITIONAL_REPRESENTATION('',(#4353),#4357);
#4353 = LINE('',#4354,#4355);
#4354 = CARTESIAN_POINT('',(4.154933904358,-9.5));
#4355 = VECTOR('',#4356,1.);
#4356 = DIRECTION('',(1.,0.));
#4357 = ( GEOMETRIC_REPRESENTATION_CONTEXT(2) 
PARAMETRIC_REPRESENTATION_CONTEXT() REPRESENTATION_CONTEXT('2D SPACE',''
  ) );
#4358 = ORIENTED_EDGE('',*,*,#4359,.F.);
#4359 = EDGE_CURVE('',#378,#4332,#4360,.T.);
#4360 = SURFACE_CURVE('',#4361,(#4366,#4373),.PCURVE_S1.);
#4361 = CIRCLE('',#4362,1.5);
#4362 = AXIS2_PLACEMENT_3D('',#4363,#4364,#4365);
#4363 = CARTESIAN_POINT('',(120.490625,25.312499999995,9.5));
#4364 = DIRECTION('',(1.,0.,-0.));
#4365 = DIRECTION('',(0.,0.,1.));
#4366 = PCURVE('',#393,#4367);
#4367 = DEFINITIONAL_REPRESENTATION('',(#4368),#4372);
#4368 = LINE('',#4369,#4370);
#4369 = CARTESIAN_POINT('',(0.,21.085691095642));
#4370 = VECTOR('',#4371,1.);
#4371 = DIRECTION('',(1.,0.));
#4372 = ( GEOMETRIC_REPRESENTATION_CONTEXT(2) 
PARAMETRIC_REPRESENTATION_CONTEXT() REPRESENTATION_CONTEXT('2D SPACE',''
  ) );
#4373 = PCURVE('',#422,#4374);
#4374 = DEFINITIONAL_REPRESENTATION('',(#4375),#4379);
#4375 = LINE('',#4376,#4377);
#4376 = CARTESIAN_POINT('',(-0.,4.712388980385));
#4377 = VECTOR('',#4378,1.);
#4378 = DIRECTION('',(-0.,1.));
#4379 = ( GEOMETRIC_REPRESENTATION_CONTEXT(2) 
PARAMETRIC_REPRESENTATION_CONTEXT() REPRESENTATION_CONTEXT('2D SPACE',''
  ) );
#4380 = ORIENTED_EDGE('',*,*,#377,.F.);
#4381 = ADVANCED_FACE('',(#4382),#1313,.T.);
#4382 = FACE_BOUND('',#4383,.F.);
#4383 = EDGE_LOOP('',(#4384,#4408,#4409,#4410));
#4384 = ORIENTED_EDGE('',*,*,#4385,.F.);
#4385 = EDGE_CURVE('',#1269,#4386,#4388,.T.);
#4386 = VERTEX_POINT('',#4387);
#4387 = CARTESIAN_POINT('',(0.,4.190625,9.5));
#4388 = SURFACE_CURVE('',#4389,(#4394,#4401),.PCURVE_S1.);
#4389 = CIRCLE('',#4390,1.5);
#4390 = AXIS2_PLACEMENT_3D('',#4391,#4392,#4393);
#4391 = CARTESIAN_POINT('',(1.5,4.190625,9.5));
#4392 = DIRECTION('',(0.,-1.,0.));
#4393 = DIRECTION('',(0.,0.,1.));
#4394 = PCURVE('',#1313,#4395);
#4395 = DEFINITIONAL_REPRESENTATION('',(#4396),#4400);
#4396 = LINE('',#4397,#4398);
#4397 = CARTESIAN_POINT('',(-0.,4.712388980385));
#4398 = VECTOR('',#4399,1.);
#4399 = DIRECTION('',(-0.,1.));
#4400 = ( GEOMETRIC_REPRESENTATION_CONTEXT(2) 
PARAMETRIC_REPRESENTATION_CONTEXT() REPRESENTATION_CONTEXT('2D SPACE',''
  ) );
#4401 = PCURVE('',#1284,#4402);
#4402 = DEFINITIONAL_REPRESENTATION('',(#4403),#4407);
#4403 = LINE('',#4404,#4405);
#4404 = CARTESIAN_POINT('',(0.,75.81875));
#4405 = VECTOR('',#4406,1.);
#4406 = DIRECTION('',(1.,0.));
#4407 = ( GEOMETRIC_REPRESENTATION_CONTEXT(2) 
PARAMETRIC_REPRESENTATION_CONTEXT() REPRESENTATION_CONTEXT('2D SPACE',''
  ) );
#4408 = ORIENTED_EDGE('',*,*,#1296,.T.);
#4409 = ORIENTED_EDGE('',*,*,#4275,.T.);
#4410 = ORIENTED_EDGE('',*,*,#4411,.F.);
#4411 = EDGE_CURVE('',#4386,#4276,#4412,.T.);
#4412 = SURFACE_CURVE('',#4413,(#4418,#4425),.PCURVE_S1.);
#4413 = CIRCLE('',#4414,4.190625);
#4414 = AXIS2_PLACEMENT_3D('',#4415,#4416,#4417);
#4415 = CARTESIAN_POINT('',(4.190625,4.190625,9.5));
#4416 = DIRECTION('',(0.,0.,1.));
#4417 = DIRECTION('',(-1.,4.2E-16,0.));
#4418 = PCURVE('',#1313,#4419);
#4419 = DEFINITIONAL_REPRESENTATION('',(#4420),#4424);
#4420 = LINE('',#4421,#4422);
#4421 = CARTESIAN_POINT('',(-0.,6.28318530718));
#4422 = VECTOR('',#4423,1.);
#4423 = DIRECTION('',(-1.,0.));
#4424 = ( GEOMETRIC_REPRESENTATION_CONTEXT(2) 
PARAMETRIC_REPRESENTATION_CONTEXT() REPRESENTATION_CONTEXT('2D SPACE',''
  ) );
#4425 = PCURVE('',#4426,#4431);
#4426 = CYLINDRICAL_SURFACE('',#4427,4.190625);
#4427 = AXIS2_PLACEMENT_3D('',#4428,#4429,#4430);
#4428 = CARTESIAN_POINT('',(4.190625,4.190625,0.));
#4429 = DIRECTION('',(0.,0.,1.));
#4430 = DIRECTION('',(0.,-1.,0.));
#4431 = DEFINITIONAL_REPRESENTATION('',(#4432),#4436);
#4432 = LINE('',#4433,#4434);
#4433 = CARTESIAN_POINT('',(-1.570796326795,9.5));
#4434 = VECTOR('',#4435,1.);
#4435 = DIRECTION('',(1.,-0.));
#4436 = ( GEOMETRIC_REPRESENTATION_CONTEXT(2) 
PARAMETRIC_REPRESENTATION_CONTEXT() REPRESENTATION_CONTEXT('2D SPACE',''
  ) );
#4437 = ADVANCED_FACE('',(#4438),#422,.T.);
#4438 = FACE_BOUND('',#4439,.F.);
#4439 = EDGE_LOOP('',(#4440,#4441,#4442,#4466));
#4440 = ORIENTED_EDGE('',*,*,#4359,.F.);
#4441 = ORIENTED_EDGE('',*,*,#405,.T.);
#4442 = ORIENTED_EDGE('',*,*,#4443,.T.);
#4443 = EDGE_CURVE('',#406,#4444,#4446,.T.);
#4444 = VERTEX_POINT('',#4445);
#4445 = CARTESIAN_POINT('',(124.68125,28.003124999995,9.5));
#4446 = SURFACE_CURVE('',#4447,(#4452,#4459),.PCURVE_S1.);
#4447 = CIRCLE('',#4448,1.5);
#4448 = AXIS2_PLACEMENT_3D('',#4449,#4450,#4451);
#4449 = CARTESIAN_POINT('',(123.18125,28.003124999995,9.5));
#4450 = DIRECTION('',(6.E-17,1.,0.));
#4451 = DIRECTION('',(1.,-6.E-17,0.));
#4452 = PCURVE('',#422,#4453);
#4453 = DEFINITIONAL_REPRESENTATION('',(#4454),#4458);
#4454 = LINE('',#4455,#4456);
#4455 = CARTESIAN_POINT('',(-1.570796326795,0.));
#4456 = VECTOR('',#4457,1.);
#4457 = DIRECTION('',(-0.,1.));
#4458 = ( GEOMETRIC_REPRESENTATION_CONTEXT(2) 
PARAMETRIC_REPRESENTATION_CONTEXT() REPRESENTATION_CONTEXT('2D SPACE',''
  ) );
#4459 = PCURVE('',#450,#4460);
#4460 = DEFINITIONAL_REPRESENTATION('',(#4461),#4465);
#4461 = LINE('',#4462,#4463);
#4462 = CARTESIAN_POINT('',(-4.712388980385,0.));
#4463 = VECTOR('',#4464,1.);
#4464 = DIRECTION('',(1.,0.));
#4465 = ( GEOMETRIC_REPRESENTATION_CONTEXT(2) 
PARAMETRIC_REPRESENTATION_CONTEXT() REPRESENTATION_CONTEXT('2D SPACE',''
  ) );
#4466 = ORIENTED_EDGE('',*,*,#4467,.F.);
#4467 = EDGE_CURVE('',#4332,#4444,#4468,.T.);
#4468 = SURFACE_CURVE('',#4469,(#4474,#4481),.PCURVE_S1.);
#4469 = CIRCLE('',#4470,4.190625);
#4470 = AXIS2_PLACEMENT_3D('',#4471,#4472,#4473);
#4471 = CARTESIAN_POINT('',(120.490625,28.003124999995,9.5));
#4472 = DIRECTION('',(-0.,0.,1.));
#4473 = DIRECTION('',(0.,-1.,0.));
#4474 = PCURVE('',#422,#4475);
#4475 = DEFINITIONAL_REPRESENTATION('',(#4476),#4480);
#4476 = LINE('',#4477,#4478);
#4477 = CARTESIAN_POINT('',(-0.,6.28318530718));
#4478 = VECTOR('',#4479,1.);
#4479 = DIRECTION('',(-1.,0.));
#4480 = ( GEOMETRIC_REPRESENTATION_CONTEXT(2) 
PARAMETRIC_REPRESENTATION_CONTEXT() REPRESENTATION_CONTEXT('2D SPACE',''
  ) );
#4481 = PCURVE('',#4482,#4487);
#4482 = CYLINDRICAL_SURFACE('',#4483,4.190625);
#4483 = AXIS2_PLACEMENT_3D('',#4484,#4485,#4486);
#4484 = CARTESIAN_POINT('',(120.490625,28.003124999995,0.));
#4485 = DIRECTION('',(0.,0.,1.));
#4486 = DIRECTION('',(0.,-1.,0.));
#4487 = DEFINITIONAL_REPRESENTATION('',(#4488),#4492);
#4488 = LINE('',#4489,#4490);
#4489 = CARTESIAN_POINT('',(0.,9.5));
#4490 = VECTOR('',#4491,1.);
#4491 = DIRECTION('',(1.,0.));
#4492 = ( GEOMETRIC_REPRESENTATION_CONTEXT(2) 
PARAMETRIC_REPRESENTATION_CONTEXT() REPRESENTATION_CONTEXT('2D SPACE',''
  ) );
#4493 = ADVANCED_FACE('',(#4494),#1284,.T.);
#4494 = FACE_BOUND('',#4495,.T.);
#4495 = EDGE_LOOP('',(#4496,#4520,#4546,#4547));
#4496 = ORIENTED_EDGE('',*,*,#4497,.T.);
#4497 = EDGE_CURVE('',#1240,#4498,#4500,.T.);
#4498 = VERTEX_POINT('',#4499);
#4499 = CARTESIAN_POINT('',(-3.E-15,80.009375,9.5));
#4500 = SURFACE_CURVE('',#4501,(#4506,#4513),.PCURVE_S1.);
#4501 = CIRCLE('',#4502,1.5);
#4502 = AXIS2_PLACEMENT_3D('',#4503,#4504,#4505);
#4503 = CARTESIAN_POINT('',(1.5,80.009375,9.5));
#4504 = DIRECTION('',(-5.E-16,-1.,-0.));
#4505 = DIRECTION('',(-1.,5.E-16,0.));
#4506 = PCURVE('',#1284,#4507);
#4507 = DEFINITIONAL_REPRESENTATION('',(#4508),#4512);
#4508 = LINE('',#4509,#4510);
#4509 = CARTESIAN_POINT('',(-4.712388980385,0.));
#4510 = VECTOR('',#4511,1.);
#4511 = DIRECTION('',(1.,0.));
#4512 = ( GEOMETRIC_REPRESENTATION_CONTEXT(2) 
PARAMETRIC_REPRESENTATION_CONTEXT() REPRESENTATION_CONTEXT('2D SPACE',''
  ) );
#4513 = PCURVE('',#1256,#4514);
#4514 = DEFINITIONAL_REPRESENTATION('',(#4515),#4519);
#4515 = LINE('',#4516,#4517);
#4516 = CARTESIAN_POINT('',(-1.570796326795,0.));
#4517 = VECTOR('',#4518,1.);
#4518 = DIRECTION('',(-0.,1.));
#4519 = ( GEOMETRIC_REPRESENTATION_CONTEXT(2) 
PARAMETRIC_REPRESENTATION_CONTEXT() REPRESENTATION_CONTEXT('2D SPACE',''
  ) );
#4520 = ORIENTED_EDGE('',*,*,#4521,.T.);
#4521 = EDGE_CURVE('',#4498,#4386,#4522,.T.);
#4522 = SURFACE_CURVE('',#4523,(#4527,#4534),.PCURVE_S1.);
#4523 = LINE('',#4524,#4525);
#4524 = CARTESIAN_POINT('',(-2.2E-16,80.009375,9.5));
#4525 = VECTOR('',#4526,1.);
#4526 = DIRECTION('',(0.,-1.,0.));
#4527 = PCURVE('',#1284,#4528);
#4528 = DEFINITIONAL_REPRESENTATION('',(#4529),#4533);
#4529 = LINE('',#4530,#4531);
#4530 = CARTESIAN_POINT('',(1.570796326795,0.));
#4531 = VECTOR('',#4532,1.);
#4532 = DIRECTION('',(0.,1.));
#4533 = ( GEOMETRIC_REPRESENTATION_CONTEXT(2) 
PARAMETRIC_REPRESENTATION_CONTEXT() REPRESENTATION_CONTEXT('2D SPACE',''
  ) );
#4534 = PCURVE('',#4535,#4540);
#4535 = PLANE('',#4536);
#4536 = AXIS2_PLACEMENT_3D('',#4537,#4538,#4539);
#4537 = CARTESIAN_POINT('',(0.,84.2,0.));
#4538 = DIRECTION('',(1.,0.,0.));
#4539 = DIRECTION('',(0.,-1.,0.));
#4540 = DEFINITIONAL_REPRESENTATION('',(#4541),#4545);
#4541 = LINE('',#4542,#4543);
#4542 = CARTESIAN_POINT('',(4.190625,-9.5));
#4543 = VECTOR('',#4544,1.);
#4544 = DIRECTION('',(1.,0.));
#4545 = ( GEOMETRIC_REPRESENTATION_CONTEXT(2) 
PARAMETRIC_REPRESENTATION_CONTEXT() REPRESENTATION_CONTEXT('2D SPACE',''
  ) );
#4546 = ORIENTED_EDGE('',*,*,#4385,.F.);
#4547 = ORIENTED_EDGE('',*,*,#1268,.F.);
#4548 = ADVANCED_FACE('',(#4549),#450,.T.);
#4549 = FACE_BOUND('',#4550,.T.);
#4550 = EDGE_LOOP('',(#4551,#4552,#4580,#4602));
#4551 = ORIENTED_EDGE('',*,*,#4443,.T.);
#4552 = ORIENTED_EDGE('',*,*,#4553,.T.);
#4553 = EDGE_CURVE('',#4444,#4554,#4556,.T.);
#4554 = VERTEX_POINT('',#4555);
#4555 = CARTESIAN_POINT('',(124.68125,84.771874999995,9.5));
#4556 = SURFACE_CURVE('',#4557,(#4561,#4568),.PCURVE_S1.);
#4557 = LINE('',#4558,#4559);
#4558 = CARTESIAN_POINT('',(124.68125,28.003124999995,9.5));
#4559 = VECTOR('',#4560,1.);
#4560 = DIRECTION('',(0.,1.,0.));
#4561 = PCURVE('',#450,#4562);
#4562 = DEFINITIONAL_REPRESENTATION('',(#4563),#4567);
#4563 = LINE('',#4564,#4565);
#4564 = CARTESIAN_POINT('',(1.570796326795,0.));
#4565 = VECTOR('',#4566,1.);
#4566 = DIRECTION('',(0.,1.));
#4567 = ( GEOMETRIC_REPRESENTATION_CONTEXT(2) 
PARAMETRIC_REPRESENTATION_CONTEXT() REPRESENTATION_CONTEXT('2D SPACE',''
  ) );
#4568 = PCURVE('',#4569,#4574);
#4569 = PLANE('',#4570);
#4570 = AXIS2_PLACEMENT_3D('',#4571,#4572,#4573);
#4571 = CARTESIAN_POINT('',(124.68125,23.812499999995,0.));
#4572 = DIRECTION('',(-1.,0.,0.));
#4573 = DIRECTION('',(0.,1.,0.));
#4574 = DEFINITIONAL_REPRESENTATION('',(#4575),#4579);
#4575 = LINE('',#4576,#4577);
#4576 = CARTESIAN_POINT('',(4.190625,-9.5));
#4577 = VECTOR('',#4578,1.);
#4578 = DIRECTION('',(1.,0.));
#4579 = ( GEOMETRIC_REPRESENTATION_CONTEXT(2) 
PARAMETRIC_REPRESENTATION_CONTEXT() REPRESENTATION_CONTEXT('2D SPACE',''
  ) );
#4580 = ORIENTED_EDGE('',*,*,#4581,.F.);
#4581 = EDGE_CURVE('',#435,#4554,#4582,.T.);
#4582 = SURFACE_CURVE('',#4583,(#4588,#4595),.PCURVE_S1.);
#4583 = CIRCLE('',#4584,1.5);
#4584 = AXIS2_PLACEMENT_3D('',#4585,#4586,#4587);
#4585 = CARTESIAN_POINT('',(123.18125,84.771874999995,9.5));
#4586 = DIRECTION('',(0.,1.,0.));
#4587 = DIRECTION('',(0.,0.,1.));
#4588 = PCURVE('',#450,#4589);
#4589 = DEFINITIONAL_REPRESENTATION('',(#4590),#4594);
#4590 = LINE('',#4591,#4592);
#4591 = CARTESIAN_POINT('',(0.,56.76875));
#4592 = VECTOR('',#4593,1.);
#4593 = DIRECTION('',(1.,0.));
#4594 = ( GEOMETRIC_REPRESENTATION_CONTEXT(2) 
PARAMETRIC_REPRESENTATION_CONTEXT() REPRESENTATION_CONTEXT('2D SPACE',''
  ) );
#4595 = PCURVE('',#479,#4596);
#4596 = DEFINITIONAL_REPRESENTATION('',(#4597),#4601);
#4597 = LINE('',#4598,#4599);
#4598 = CARTESIAN_POINT('',(-0.,4.712388980385));
#4599 = VECTOR('',#4600,1.);
#4600 = DIRECTION('',(-0.,1.));
#4601 = ( GEOMETRIC_REPRESENTATION_CONTEXT(2) 
PARAMETRIC_REPRESENTATION_CONTEXT() REPRESENTATION_CONTEXT('2D SPACE',''
  ) );
#4602 = ORIENTED_EDGE('',*,*,#434,.F.);
#4603 = ADVANCED_FACE('',(#4604),#1256,.T.);
#4604 = FACE_BOUND('',#4605,.F.);
#4605 = EDGE_LOOP('',(#4606,#4630,#4631,#4632));
#4606 = ORIENTED_EDGE('',*,*,#4607,.F.);
#4607 = EDGE_CURVE('',#1212,#4608,#4610,.T.);
#4608 = VERTEX_POINT('',#4609);
#4609 = CARTESIAN_POINT('',(4.190625,84.2,9.5));
#4610 = SURFACE_CURVE('',#4611,(#4616,#4623),.PCURVE_S1.);
#4611 = CIRCLE('',#4612,1.5);
#4612 = AXIS2_PLACEMENT_3D('',#4613,#4614,#4615);
#4613 = CARTESIAN_POINT('',(4.190625,82.7,9.5));
#4614 = DIRECTION('',(-1.,0.,0.));
#4615 = DIRECTION('',(0.,0.,1.));
#4616 = PCURVE('',#1256,#4617);
#4617 = DEFINITIONAL_REPRESENTATION('',(#4618),#4622);
#4618 = LINE('',#4619,#4620);
#4619 = CARTESIAN_POINT('',(2.2E-16,4.712388980385));
#4620 = VECTOR('',#4621,1.);
#4621 = DIRECTION('',(-0.,1.));
#4622 = ( GEOMETRIC_REPRESENTATION_CONTEXT(2) 
PARAMETRIC_REPRESENTATION_CONTEXT() REPRESENTATION_CONTEXT('2D SPACE',''
  ) );
#4623 = PCURVE('',#1227,#4624);
#4624 = DEFINITIONAL_REPRESENTATION('',(#4625),#4629);
#4625 = LINE('',#4626,#4627);
#4626 = CARTESIAN_POINT('',(0.,13.66875));
#4627 = VECTOR('',#4628,1.);
#4628 = DIRECTION('',(1.,0.));
#4629 = ( GEOMETRIC_REPRESENTATION_CONTEXT(2) 
PARAMETRIC_REPRESENTATION_CONTEXT() REPRESENTATION_CONTEXT('2D SPACE',''
  ) );
#4630 = ORIENTED_EDGE('',*,*,#1239,.T.);
#4631 = ORIENTED_EDGE('',*,*,#4497,.T.);
#4632 = ORIENTED_EDGE('',*,*,#4633,.F.);
#4633 = EDGE_CURVE('',#4608,#4498,#4634,.T.);
#4634 = SURFACE_CURVE('',#4635,(#4640,#4647),.PCURVE_S1.);
#4635 = CIRCLE('',#4636,4.190625);
#4636 = AXIS2_PLACEMENT_3D('',#4637,#4638,#4639);
#4637 = CARTESIAN_POINT('',(4.190625,80.009375,9.5));
#4638 = DIRECTION('',(0.,-0.,1.));
#4639 = DIRECTION('',(2.1E-16,1.,0.));
#4640 = PCURVE('',#1256,#4641);
#4641 = DEFINITIONAL_REPRESENTATION('',(#4642),#4646);
#4642 = LINE('',#4643,#4644);
#4643 = CARTESIAN_POINT('',(-0.,6.28318530718));
#4644 = VECTOR('',#4645,1.);
#4645 = DIRECTION('',(-1.,0.));
#4646 = ( GEOMETRIC_REPRESENTATION_CONTEXT(2) 
PARAMETRIC_REPRESENTATION_CONTEXT() REPRESENTATION_CONTEXT('2D SPACE',''
  ) );
#4647 = PCURVE('',#4648,#4653);
#4648 = CYLINDRICAL_SURFACE('',#4649,4.190625);
#4649 = AXIS2_PLACEMENT_3D('',#4650,#4651,#4652);
#4650 = CARTESIAN_POINT('',(4.190625,80.009375,0.));
#4651 = DIRECTION('',(0.,0.,1.));
#4652 = DIRECTION('',(-1.,0.,0.));
#4653 = DEFINITIONAL_REPRESENTATION('',(#4654),#4658);
#4654 = LINE('',#4655,#4656);
#4655 = CARTESIAN_POINT('',(-1.570796326795,9.5));
#4656 = VECTOR('',#4657,1.);
#4657 = DIRECTION('',(1.,-0.));
#4658 = ( GEOMETRIC_REPRESENTATION_CONTEXT(2) 
PARAMETRIC_REPRESENTATION_CONTEXT() REPRESENTATION_CONTEXT('2D SPACE',''
  ) );
#4659 = ADVANCED_FACE('',(#4660),#479,.T.);
#4660 = FACE_BOUND('',#4661,.F.);
#4661 = EDGE_LOOP('',(#4662,#4663,#4664,#4688));
#4662 = ORIENTED_EDGE('',*,*,#4581,.F.);
#4663 = ORIENTED_EDGE('',*,*,#462,.T.);
#4664 = ORIENTED_EDGE('',*,*,#4665,.T.);
#4665 = EDGE_CURVE('',#463,#4666,#4668,.T.);
#4666 = VERTEX_POINT('',#4667);
#4667 = CARTESIAN_POINT('',(120.490625,88.962499999995,9.5));
#4668 = SURFACE_CURVE('',#4669,(#4674,#4681),.PCURVE_S1.);
#4669 = CIRCLE('',#4670,1.5);
#4670 = AXIS2_PLACEMENT_3D('',#4671,#4672,#4673);
#4671 = CARTESIAN_POINT('',(120.490625,87.462499999995,9.5));
#4672 = DIRECTION('',(-1.,6.E-17,0.));
#4673 = DIRECTION('',(6.E-17,1.,0.));
#4674 = PCURVE('',#479,#4675);
#4675 = DEFINITIONAL_REPRESENTATION('',(#4676),#4680);
#4676 = LINE('',#4677,#4678);
#4677 = CARTESIAN_POINT('',(-1.570796326795,0.));
#4678 = VECTOR('',#4679,1.);
#4679 = DIRECTION('',(-0.,1.));
#4680 = ( GEOMETRIC_REPRESENTATION_CONTEXT(2) 
PARAMETRIC_REPRESENTATION_CONTEXT() REPRESENTATION_CONTEXT('2D SPACE',''
  ) );
#4681 = PCURVE('',#507,#4682);
#4682 = DEFINITIONAL_REPRESENTATION('',(#4683),#4687);
#4683 = LINE('',#4684,#4685);
#4684 = CARTESIAN_POINT('',(-4.712388980385,0.));
#4685 = VECTOR('',#4686,1.);
#4686 = DIRECTION('',(1.,0.));
#4687 = ( GEOMETRIC_REPRESENTATION_CONTEXT(2) 
PARAMETRIC_REPRESENTATION_CONTEXT() REPRESENTATION_CONTEXT('2D SPACE',''
  ) );
#4688 = ORIENTED_EDGE('',*,*,#4689,.F.);
#4689 = EDGE_CURVE('',#4554,#4666,#4690,.T.);
#4690 = SURFACE_CURVE('',#4691,(#4696,#4703),.PCURVE_S1.);
#4691 = CIRCLE('',#4692,4.190625);
#4692 = AXIS2_PLACEMENT_3D('',#4693,#4694,#4695);
#4693 = CARTESIAN_POINT('',(120.490625,84.771874999995,9.5));
#4694 = DIRECTION('',(0.,0.,1.));
#4695 = DIRECTION('',(1.,0.,0.));
#4696 = PCURVE('',#479,#4697);
#4697 = DEFINITIONAL_REPRESENTATION('',(#4698),#4702);
#4698 = LINE('',#4699,#4700);
#4699 = CARTESIAN_POINT('',(-0.,6.28318530718));
#4700 = VECTOR('',#4701,1.);
#4701 = DIRECTION('',(-1.,0.));
#4702 = ( GEOMETRIC_REPRESENTATION_CONTEXT(2) 
PARAMETRIC_REPRESENTATION_CONTEXT() REPRESENTATION_CONTEXT('2D SPACE',''
  ) );
#4703 = PCURVE('',#4704,#4709);
#4704 = CYLINDRICAL_SURFACE('',#4705,4.190625);
#4705 = AXIS2_PLACEMENT_3D('',#4706,#4707,#4708);
#4706 = CARTESIAN_POINT('',(120.490625,84.771874999995,0.));
#4707 = DIRECTION('',(0.,0.,1.));
#4708 = DIRECTION('',(1.,0.,0.));
#4709 = DEFINITIONAL_REPRESENTATION('',(#4710),#4714);
#4710 = LINE('',#4711,#4712);
#4711 = CARTESIAN_POINT('',(0.,9.5));
#4712 = VECTOR('',#4713,1.);
#4713 = DIRECTION('',(1.,0.));
#4714 = ( GEOMETRIC_REPRESENTATION_CONTEXT(2) 
PARAMETRIC_REPRESENTATION_CONTEXT() REPRESENTATION_CONTEXT('2D SPACE',''
  ) );
#4715 = ADVANCED_FACE('',(#4716),#1227,.T.);
#4716 = FACE_BOUND('',#4717,.T.);
#4717 = EDGE_LOOP('',(#4718,#4742,#4768,#4769));
#4718 = ORIENTED_EDGE('',*,*,#4719,.T.);
#4719 = EDGE_CURVE('',#1179,#4720,#4722,.T.);
#4720 = VERTEX_POINT('',#4721);
#4721 = CARTESIAN_POINT('',(17.859375,84.2,9.5));
#4722 = SURFACE_CURVE('',#4723,(#4728,#4735),.PCURVE_S1.);
#4723 = CIRCLE('',#4724,1.5);
#4724 = AXIS2_PLACEMENT_3D('',#4725,#4726,#4727);
#4725 = CARTESIAN_POINT('',(17.859375,82.7,9.5));
#4726 = DIRECTION('',(-1.,-4.E-17,0.));
#4727 = DIRECTION('',(4.E-17,-1.,0.));
#4728 = PCURVE('',#1227,#4729);
#4729 = DEFINITIONAL_REPRESENTATION('',(#4730),#4734);
#4730 = LINE('',#4731,#4732);
#4731 = CARTESIAN_POINT('',(-1.570796326795,3.55E-15));
#4732 = VECTOR('',#4733,1.);
#4733 = DIRECTION('',(1.,0.));
#4734 = ( GEOMETRIC_REPRESENTATION_CONTEXT(2) 
PARAMETRIC_REPRESENTATION_CONTEXT() REPRESENTATION_CONTEXT('2D SPACE',''
  ) );
#4735 = PCURVE('',#1199,#4736);
#4736 = DEFINITIONAL_REPRESENTATION('',(#4737),#4741);
#4737 = LINE('',#4738,#4739);
#4738 = CARTESIAN_POINT('',(-1.455558865068,0.));
#4739 = VECTOR('',#4740,1.);
#4740 = DIRECTION('',(-0.,1.));
#4741 = ( GEOMETRIC_REPRESENTATION_CONTEXT(2) 
PARAMETRIC_REPRESENTATION_CONTEXT() REPRESENTATION_CONTEXT('2D SPACE',''
  ) );
#4742 = ORIENTED_EDGE('',*,*,#4743,.T.);
#4743 = EDGE_CURVE('',#4720,#4608,#4744,.T.);
#4744 = SURFACE_CURVE('',#4745,(#4749,#4756),.PCURVE_S1.);
#4745 = LINE('',#4746,#4747);
#4746 = CARTESIAN_POINT('',(17.859375,84.2,9.5));
#4747 = VECTOR('',#4748,1.);
#4748 = DIRECTION('',(-1.,0.,0.));
#4749 = PCURVE('',#1227,#4750);
#4750 = DEFINITIONAL_REPRESENTATION('',(#4751),#4755);
#4751 = LINE('',#4752,#4753);
#4752 = CARTESIAN_POINT('',(1.570796326795,0.));
#4753 = VECTOR('',#4754,1.);
#4754 = DIRECTION('',(0.,1.));
#4755 = ( GEOMETRIC_REPRESENTATION_CONTEXT(2) 
PARAMETRIC_REPRESENTATION_CONTEXT() REPRESENTATION_CONTEXT('2D SPACE',''
  ) );
#4756 = PCURVE('',#4757,#4762);
#4757 = PLANE('',#4758);
#4758 = AXIS2_PLACEMENT_3D('',#4759,#4760,#4761);
#4759 = CARTESIAN_POINT('',(19.05,84.2,0.));
#4760 = DIRECTION('',(0.,-1.,0.));
#4761 = DIRECTION('',(-1.,0.,0.));
#4762 = DEFINITIONAL_REPRESENTATION('',(#4763),#4767);
#4763 = LINE('',#4764,#4765);
#4764 = CARTESIAN_POINT('',(1.190625,-9.5));
#4765 = VECTOR('',#4766,1.);
#4766 = DIRECTION('',(1.,0.));
#4767 = ( GEOMETRIC_REPRESENTATION_CONTEXT(2) 
PARAMETRIC_REPRESENTATION_CONTEXT() REPRESENTATION_CONTEXT('2D SPACE',''
  ) );
#4768 = ORIENTED_EDGE('',*,*,#4607,.F.);
#4769 = ORIENTED_EDGE('',*,*,#1211,.F.);
#4770 = ADVANCED_FACE('',(#4771),#507,.T.);
#4771 = FACE_BOUND('',#4772,.T.);
#4772 = EDGE_LOOP('',(#4773,#4774,#4802,#4824));
#4773 = ORIENTED_EDGE('',*,*,#4665,.T.);
#4774 = ORIENTED_EDGE('',*,*,#4775,.T.);
#4775 = EDGE_CURVE('',#4666,#4776,#4778,.T.);
#4776 = VERTEX_POINT('',#4777);
#4777 = CARTESIAN_POINT('',(104.440625,88.962499999995,9.5));
#4778 = SURFACE_CURVE('',#4779,(#4783,#4790),.PCURVE_S1.);
#4779 = LINE('',#4780,#4781);
#4780 = CARTESIAN_POINT('',(120.490625,88.962499999995,9.5));
#4781 = VECTOR('',#4782,1.);
#4782 = DIRECTION('',(-1.,0.,0.));
#4783 = PCURVE('',#507,#4784);
#4784 = DEFINITIONAL_REPRESENTATION('',(#4785),#4789);
#4785 = LINE('',#4786,#4787);
#4786 = CARTESIAN_POINT('',(1.570796326795,0.));
#4787 = VECTOR('',#4788,1.);
#4788 = DIRECTION('',(0.,1.));
#4789 = ( GEOMETRIC_REPRESENTATION_CONTEXT(2) 
PARAMETRIC_REPRESENTATION_CONTEXT() REPRESENTATION_CONTEXT('2D SPACE',''
  ) );
#4790 = PCURVE('',#4791,#4796);
#4791 = PLANE('',#4792);
#4792 = AXIS2_PLACEMENT_3D('',#4793,#4794,#4795);
#4793 = CARTESIAN_POINT('',(124.68125,88.962499999995,0.));
#4794 = DIRECTION('',(0.,-1.,0.));
#4795 = DIRECTION('',(-1.,0.,0.));
#4796 = DEFINITIONAL_REPRESENTATION('',(#4797),#4801);
#4797 = LINE('',#4798,#4799);
#4798 = CARTESIAN_POINT('',(4.190625,-9.5));
#4799 = VECTOR('',#4800,1.);
#4800 = DIRECTION('',(1.,0.));
#4801 = ( GEOMETRIC_REPRESENTATION_CONTEXT(2) 
PARAMETRIC_REPRESENTATION_CONTEXT() REPRESENTATION_CONTEXT('2D SPACE',''
  ) );
#4802 = ORIENTED_EDGE('',*,*,#4803,.F.);
#4803 = EDGE_CURVE('',#492,#4776,#4804,.T.);
#4804 = SURFACE_CURVE('',#4805,(#4810,#4817),.PCURVE_S1.);
#4805 = CIRCLE('',#4806,1.5);
#4806 = AXIS2_PLACEMENT_3D('',#4807,#4808,#4809);
#4807 = CARTESIAN_POINT('',(104.440625,87.462499999995,9.5));
#4808 = DIRECTION('',(-1.,0.,0.));
#4809 = DIRECTION('',(0.,0.,1.));
#4810 = PCURVE('',#507,#4811);
#4811 = DEFINITIONAL_REPRESENTATION('',(#4812),#4816);
#4812 = LINE('',#4813,#4814);
#4813 = CARTESIAN_POINT('',(0.,16.05));
#4814 = VECTOR('',#4815,1.);
#4815 = DIRECTION('',(1.,0.));
#4816 = ( GEOMETRIC_REPRESENTATION_CONTEXT(2) 
PARAMETRIC_REPRESENTATION_CONTEXT() REPRESENTATION_CONTEXT('2D SPACE',''
  ) );
#4817 = PCURVE('',#540,#4818);
#4818 = DEFINITIONAL_REPRESENTATION('',(#4819),#4823);
#4819 = LINE('',#4820,#4821);
#4820 = CARTESIAN_POINT('',(-0.,1.570796326795));
#4821 = VECTOR('',#4822,1.);
#4822 = DIRECTION('',(-0.,1.));
#4823 = ( GEOMETRIC_REPRESENTATION_CONTEXT(2) 
PARAMETRIC_REPRESENTATION_CONTEXT() REPRESENTATION_CONTEXT('2D SPACE',''
  ) );
#4824 = ORIENTED_EDGE('',*,*,#491,.F.);
#4825 = ADVANCED_FACE('',(#4826),#1199,.T.);
#4826 = FACE_BOUND('',#4827,.F.);
#4827 = EDGE_LOOP('',(#4828,#4858,#4859,#4860));
#4828 = ORIENTED_EDGE('',*,*,#4829,.F.);
#4829 = EDGE_CURVE('',#1096,#4830,#4832,.T.);
#4830 = VERTEX_POINT('',#4831);
#4831 = CARTESIAN_POINT('',(19.042103189641,85.253723867595,9.5));
#4832 = SURFACE_CURVE('',#4833,(#4837,#4851),.PCURVE_S1.);
#4833 = ( BOUNDED_CURVE() B_SPLINE_CURVE(2,(#4834,#4835,#4836),
.UNSPECIFIED.,.F.,.F.) B_SPLINE_CURVE_WITH_KNOTS((3,3),(0.,6.09970136944
),.PIECEWISE_BEZIER_KNOTS.) CURVE() GEOMETRIC_REPRESENTATION_ITEM() 
RATIONAL_B_SPLINE_CURVE((1.,0.707106781187,1.)) REPRESENTATION_ITEM('') 
  );
#4834 = CARTESIAN_POINT('',(20.532154450095,85.081249981977,11.));
#4835 = CARTESIAN_POINT('',(19.042103189641,85.253723867595,11.));
#4836 = CARTESIAN_POINT('',(19.042103189641,85.253723867595,9.5));
#4837 = PCURVE('',#1199,#4838);
#4838 = DEFINITIONAL_REPRESENTATION('',(#4839),#4850);
#4839 = B_SPLINE_CURVE_WITH_KNOTS('',9,(#4840,#4841,#4842,#4843,#4844,
    #4845,#4846,#4847,#4848,#4849),.UNSPECIFIED.,.F.,.F.,(10,10),(0.,
    6.09970136944),.PIECEWISE_BEZIER_KNOTS.);
#4840 = CARTESIAN_POINT('',(2.2E-16,1.570796326795));
#4841 = CARTESIAN_POINT('',(2.2E-16,1.727931167059));
#4842 = CARTESIAN_POINT('',(2.2E-16,1.896571043616));
#4843 = CARTESIAN_POINT('',(2.2E-16,2.075362713665));
#4844 = CARTESIAN_POINT('',(2.2E-16,2.261541178407));
#4845 = CARTESIAN_POINT('',(2.2E-16,2.450847801977));
#4846 = CARTESIAN_POINT('',(2.2E-16,2.63702626672));
#4847 = CARTESIAN_POINT('',(2.2E-16,2.815817936769));
#4848 = CARTESIAN_POINT('',(2.2E-16,2.984457813326));
#4849 = CARTESIAN_POINT('',(2.2E-16,3.14159265359));
#4850 = ( GEOMETRIC_REPRESENTATION_CONTEXT(2) 
PARAMETRIC_REPRESENTATION_CONTEXT() REPRESENTATION_CONTEXT('2D SPACE',''
  ) );
#4851 = PCURVE('',#1131,#4852);
#4852 = DEFINITIONAL_REPRESENTATION('',(#4853),#4857);
#4853 = LINE('',#4854,#4855);
#4854 = CARTESIAN_POINT('',(0.,260.31261198834));
#4855 = VECTOR('',#4856,1.);
#4856 = DIRECTION('',(1.,0.));
#4857 = ( GEOMETRIC_REPRESENTATION_CONTEXT(2) 
PARAMETRIC_REPRESENTATION_CONTEXT() REPRESENTATION_CONTEXT('2D SPACE',''
  ) );
#4858 = ORIENTED_EDGE('',*,*,#1178,.T.);
#4859 = ORIENTED_EDGE('',*,*,#4719,.T.);
#4860 = ORIENTED_EDGE('',*,*,#4861,.F.);
#4861 = EDGE_CURVE('',#4830,#4720,#4862,.T.);
#4862 = SURFACE_CURVE('',#4863,(#4868,#4875),.PCURVE_S1.);
#4863 = CIRCLE('',#4864,1.190625);
#4864 = AXIS2_PLACEMENT_3D('',#4865,#4866,#4867);
#4865 = CARTESIAN_POINT('',(17.859375,85.390625,9.5));
#4866 = DIRECTION('',(0.,-0.,-1.));
#4867 = DIRECTION('',(0.99336750836,-0.114982578398,0.));
#4868 = PCURVE('',#1199,#4869);
#4869 = DEFINITIONAL_REPRESENTATION('',(#4870),#4874);
#4870 = LINE('',#4871,#4872);
#4871 = CARTESIAN_POINT('',(-0.,3.14159265359));
#4872 = VECTOR('',#4873,1.);
#4873 = DIRECTION('',(-1.,0.));
#4874 = ( GEOMETRIC_REPRESENTATION_CONTEXT(2) 
PARAMETRIC_REPRESENTATION_CONTEXT() REPRESENTATION_CONTEXT('2D SPACE',''
  ) );
#4875 = PCURVE('',#4876,#4881);
#4876 = CYLINDRICAL_SURFACE('',#4877,1.190625);
#4877 = AXIS2_PLACEMENT_3D('',#4878,#4879,#4880);
#4878 = CARTESIAN_POINT('',(17.859375,85.390625,0.));
#4879 = DIRECTION('',(0.,0.,1.));
#4880 = DIRECTION('',(0.,-1.,0.));
#4881 = DEFINITIONAL_REPRESENTATION('',(#4882),#4886);
#4882 = LINE('',#4883,#4884);
#4883 = CARTESIAN_POINT('',(1.455558865068,9.5));
#4884 = VECTOR('',#4885,1.);
#4885 = DIRECTION('',(-1.,-0.));
#4886 = ( GEOMETRIC_REPRESENTATION_CONTEXT(2) 
PARAMETRIC_REPRESENTATION_CONTEXT() REPRESENTATION_CONTEXT('2D SPACE',''
  ) );
#4887 = ADVANCED_FACE('',(#4888),#540,.T.);
#4888 = FACE_BOUND('',#4889,.F.);
#4889 = EDGE_LOOP('',(#4890,#4891,#4892,#4951));
#4890 = ORIENTED_EDGE('',*,*,#4803,.F.);
#4891 = ORIENTED_EDGE('',*,*,#519,.T.);
#4892 = ORIENTED_EDGE('',*,*,#4893,.T.);
#4893 = EDGE_CURVE('',#520,#4894,#4896,.T.);
#4894 = VERTEX_POINT('',#4895);
#4895 = CARTESIAN_POINT('',(103.25789681035,90.01622386759,9.5));
#4896 = SURFACE_CURVE('',#4897,(#4902,#4909),.PCURVE_S1.);
#4897 = CIRCLE('',#4898,1.5);
#4898 = AXIS2_PLACEMENT_3D('',#4899,#4900,#4901);
#4899 = CARTESIAN_POINT('',(101.76784554781,89.843749999995,9.5));
#4900 = DIRECTION('',(-0.114982578397,0.99336750836,0.));
#4901 = DIRECTION('',(-0.99336750836,-0.114982578397,0.));
#4902 = PCURVE('',#540,#4903);
#4903 = DEFINITIONAL_REPRESENTATION('',(#4904),#4908);
#4904 = LINE('',#4905,#4906);
#4905 = CARTESIAN_POINT('',(-1.455558865068,0.));
#4906 = VECTOR('',#4907,1.);
#4907 = DIRECTION('',(-0.,1.));
#4908 = ( GEOMETRIC_REPRESENTATION_CONTEXT(2) 
PARAMETRIC_REPRESENTATION_CONTEXT() REPRESENTATION_CONTEXT('2D SPACE',''
  ) );
#4909 = PCURVE('',#588,#4910);
#4910 = DEFINITIONAL_REPRESENTATION('',(#4911),#4950);
#4911 = B_SPLINE_CURVE_WITH_KNOTS('',7,(#4912,#4913,#4914,#4915,#4916,
    #4917,#4918,#4919,#4920,#4921,#4922,#4923,#4924,#4925,#4926,#4927,
    #4928,#4929,#4930,#4931,#4932,#4933,#4934,#4935,#4936,#4937,#4938,
    #4939,#4940,#4941,#4942,#4943,#4944,#4945,#4946,#4947,#4948,#4949),
  .UNSPECIFIED.,.F.,.F.,(8,6,6,6,6,6,8),(1.570796326795,1.767145867644,
    1.963495408494,2.356194490192,2.748893571891,2.94524311274,
    3.14159265359),.UNSPECIFIED.);
#4912 = CARTESIAN_POINT('',(8.9E-16,164.76157534179));
#4913 = CARTESIAN_POINT('',(0.120983299742,164.76157534179));
#4914 = CARTESIAN_POINT('',(0.240327058118,164.76157534178));
#4915 = CARTESIAN_POINT('',(0.358147156157,164.76157534179));
#4916 = CARTESIAN_POINT('',(0.474557218412,164.76157534178));
#4917 = CARTESIAN_POINT('',(0.589655867302,164.76157534179));
#4918 = CARTESIAN_POINT('',(0.703543722202,164.76157534178));
#4919 = CARTESIAN_POINT('',(0.929079942095,164.76157534179));
#4920 = CARTESIAN_POINT('',(1.040728653821,164.76157534178));
#4921 = CARTESIAN_POINT('',(1.151350342794,164.76157534179));
#4922 = CARTESIAN_POINT('',(1.26103259906,164.76157534178));
#4923 = CARTESIAN_POINT('',(1.369858886398,164.76157534179));
#4924 = CARTESIAN_POINT('',(1.477909201471,164.76157534178));
#4925 = CARTESIAN_POINT('',(1.799963796017,164.76157534179));
#4926 = CARTESIAN_POINT('',(2.011871703711,164.76157534178));
#4927 = CARTESIAN_POINT('',(2.221601660656,164.76157534179));
#4928 = CARTESIAN_POINT('',(2.429725675778,164.76157534178));
#4929 = CARTESIAN_POINT('',(2.636787840965,164.76157534179));
#4930 = CARTESIAN_POINT('',(2.843319268132,164.76157534178));
#4931 = CARTESIAN_POINT('',(3.256382101309,164.76157534179));
#4932 = CARTESIAN_POINT('',(3.462913528476,164.76157534178));
#4933 = CARTESIAN_POINT('',(3.669975693663,164.76157534179));
#4934 = CARTESIAN_POINT('',(3.878099708785,164.76157534178));
#4935 = CARTESIAN_POINT('',(4.08782966573,164.76157534179));
#4936 = CARTESIAN_POINT('',(4.299737573424,164.76157534178));
#4937 = CARTESIAN_POINT('',(4.62179216797,164.76157534179));
#4938 = CARTESIAN_POINT('',(4.729842483044,164.76157534179));
#4939 = CARTESIAN_POINT('',(4.838668770381,164.76157534179));
#4940 = CARTESIAN_POINT('',(4.948351026647,164.76157534178));
#4941 = CARTESIAN_POINT('',(5.05897271562,164.76157534179));
#4942 = CARTESIAN_POINT('',(5.170621427346,164.76157534179));
#4943 = CARTESIAN_POINT('',(5.396157647239,164.76157534179));
#4944 = CARTESIAN_POINT('',(5.510045502139,164.76157534179));
#4945 = CARTESIAN_POINT('',(5.625144151029,164.76157534178));
#4946 = CARTESIAN_POINT('',(5.741554213284,164.76157534179));
#4947 = CARTESIAN_POINT('',(5.859374311323,164.76157534178));
#4948 = CARTESIAN_POINT('',(5.978718069699,164.76157534179));
#4949 = CARTESIAN_POINT('',(6.099701369441,164.76157534179));
#4950 = ( GEOMETRIC_REPRESENTATION_CONTEXT(2) 
PARAMETRIC_REPRESENTATION_CONTEXT() REPRESENTATION_CONTEXT('2D SPACE',''
  ) );
#4951 = ORIENTED_EDGE('',*,*,#4952,.F.);
#4952 = EDGE_CURVE('',#4776,#4894,#4953,.T.);
#4953 = SURFACE_CURVE('',#4954,(#4959,#4966),.PCURVE_S1.);
#4954 = CIRCLE('',#4955,1.190625);
#4955 = AXIS2_PLACEMENT_3D('',#4956,#4957,#4958);
#4956 = CARTESIAN_POINT('',(104.440625,90.153124999995,9.5));
#4957 = DIRECTION('',(-0.,-0.,-1.));
#4958 = DIRECTION('',(0.,-1.,0.));
#4959 = PCURVE('',#540,#4960);
#4960 = DEFINITIONAL_REPRESENTATION('',(#4961),#4965);
#4961 = LINE('',#4962,#4963);
#4962 = CARTESIAN_POINT('',(-0.,3.14159265359));
#4963 = VECTOR('',#4964,1.);
#4964 = DIRECTION('',(-1.,0.));
#4965 = ( GEOMETRIC_REPRESENTATION_CONTEXT(2) 
PARAMETRIC_REPRESENTATION_CONTEXT() REPRESENTATION_CONTEXT('2D SPACE',''
  ) );
#4966 = PCURVE('',#4967,#4972);
#4967 = CYLINDRICAL_SURFACE('',#4968,1.190625);
#4968 = AXIS2_PLACEMENT_3D('',#4969,#4970,#4971);
#4969 = CARTESIAN_POINT('',(104.440625,90.153124999995,0.));
#4970 = DIRECTION('',(0.,0.,1.));
#4971 = DIRECTION('',(-1.,0.,0.));
#4972 = DEFINITIONAL_REPRESENTATION('',(#4973),#4977);
#4973 = LINE('',#4974,#4975);
#4974 = CARTESIAN_POINT('',(1.570796326795,9.5));
#4975 = VECTOR('',#4976,1.);
#4976 = DIRECTION('',(-1.,-0.));
#4977 = ( GEOMETRIC_REPRESENTATION_CONTEXT(2) 
PARAMETRIC_REPRESENTATION_CONTEXT() REPRESENTATION_CONTEXT('2D SPACE',''
  ) );
#4978 = ADVANCED_FACE('',(#4979),#1131,.T.);
#4979 = FACE_BOUND('',#4980,.T.);
#4980 = EDGE_LOOP('',(#4981,#5040,#5102,#5103));
#4981 = ORIENTED_EDGE('',*,*,#4982,.T.);
#4982 = EDGE_CURVE('',#1068,#4983,#4985,.T.);
#4983 = VERTEX_POINT('',#4984);
#4984 = CARTESIAN_POINT('',(23.204933904361,88.962499999998,9.5));
#4985 = SURFACE_CURVE('',#4986,(#4991,#5033),.PCURVE_S1.);
#4986 = CIRCLE('',#4987,1.5);
#4987 = AXIS2_PLACEMENT_3D('',#4988,#4989,#4990);
#4988 = CARTESIAN_POINT('',(23.204933904361,87.462499999998,9.5));
#4989 = DIRECTION('',(-1.,0.,0.));
#4990 = DIRECTION('',(0.,0.,1.));
#4991 = PCURVE('',#1131,#4992);
#4992 = DEFINITIONAL_REPRESENTATION('',(#4993),#5032);
#4993 = B_SPLINE_CURVE_WITH_KNOTS('',7,(#4994,#4995,#4996,#4997,#4998,
    #4999,#5000,#5001,#5002,#5003,#5004,#5005,#5006,#5007,#5008,#5009,
    #5010,#5011,#5012,#5013,#5014,#5015,#5016,#5017,#5018,#5019,#5020,
    #5021,#5022,#5023,#5024,#5025,#5026,#5027,#5028,#5029,#5030,#5031),
  .UNSPECIFIED.,.F.,.F.,(8,6,6,6,6,6,8),(0.,0.196349540849,
    0.392699081699,0.785398163397,1.178097245096,1.374446785946,
    1.570796326795),.UNSPECIFIED.);
#4994 = CARTESIAN_POINT('',(-6.E-17,254.2129106189));
#4995 = CARTESIAN_POINT('',(0.120983299742,254.2129106189));
#4996 = CARTESIAN_POINT('',(0.240327058118,254.2129106189));
#4997 = CARTESIAN_POINT('',(0.358147156157,254.2129106189));
#4998 = CARTESIAN_POINT('',(0.474557218412,254.2129106189));
#4999 = CARTESIAN_POINT('',(0.589655867302,254.2129106189));
#5000 = CARTESIAN_POINT('',(0.703543722202,254.2129106189));
#5001 = CARTESIAN_POINT('',(0.929079942095,254.2129106189));
#5002 = CARTESIAN_POINT('',(1.040728653821,254.2129106189));
#5003 = CARTESIAN_POINT('',(1.151350342794,254.2129106189));
#5004 = CARTESIAN_POINT('',(1.26103259906,254.2129106189));
#5005 = CARTESIAN_POINT('',(1.369858886397,254.2129106189));
#5006 = CARTESIAN_POINT('',(1.477909201471,254.2129106189));
#5007 = CARTESIAN_POINT('',(1.799963796017,254.2129106189));
#5008 = CARTESIAN_POINT('',(2.01187170371,254.2129106189));
#5009 = CARTESIAN_POINT('',(2.221601660656,254.21291061891));
#5010 = CARTESIAN_POINT('',(2.429725675778,254.21291061889));
#5011 = CARTESIAN_POINT('',(2.636787840965,254.2129106189));
#5012 = CARTESIAN_POINT('',(2.843319268131,254.2129106189));
#5013 = CARTESIAN_POINT('',(3.256382101308,254.2129106189));
#5014 = CARTESIAN_POINT('',(3.462913528475,254.2129106189));
#5015 = CARTESIAN_POINT('',(3.669975693662,254.21291061889));
#5016 = CARTESIAN_POINT('',(3.878099708784,254.21291061891));
#5017 = CARTESIAN_POINT('',(4.087829665729,254.2129106189));
#5018 = CARTESIAN_POINT('',(4.299737573422,254.2129106189));
#5019 = CARTESIAN_POINT('',(4.621792167969,254.2129106189));
#5020 = CARTESIAN_POINT('',(4.729842483042,254.2129106189));
#5021 = CARTESIAN_POINT('',(4.83866877038,254.21291061891));
#5022 = CARTESIAN_POINT('',(4.948351026645,254.21291061889));
#5023 = CARTESIAN_POINT('',(5.058972715618,254.2129106189));
#5024 = CARTESIAN_POINT('',(5.170621427344,254.2129106189));
#5025 = CARTESIAN_POINT('',(5.396157647237,254.2129106189));
#5026 = CARTESIAN_POINT('',(5.510045502137,254.2129106189));
#5027 = CARTESIAN_POINT('',(5.625144151028,254.2129106189));
#5028 = CARTESIAN_POINT('',(5.741554213282,254.2129106189));
#5029 = CARTESIAN_POINT('',(5.859374311321,254.2129106189));
#5030 = CARTESIAN_POINT('',(5.978718069698,254.2129106189));
#5031 = CARTESIAN_POINT('',(6.09970136944,254.2129106189));
#5032 = ( GEOMETRIC_REPRESENTATION_CONTEXT(2) 
PARAMETRIC_REPRESENTATION_CONTEXT() REPRESENTATION_CONTEXT('2D SPACE',''
  ) );
#5033 = PCURVE('',#1083,#5034);
#5034 = DEFINITIONAL_REPRESENTATION('',(#5035),#5039);
#5035 = LINE('',#5036,#5037);
#5036 = CARTESIAN_POINT('',(0.,13.704441095639));
#5037 = VECTOR('',#5038,1.);
#5038 = DIRECTION('',(1.,0.));
#5039 = ( GEOMETRIC_REPRESENTATION_CONTEXT(2) 
PARAMETRIC_REPRESENTATION_CONTEXT() REPRESENTATION_CONTEXT('2D SPACE',''
  ) );
#5040 = ORIENTED_EDGE('',*,*,#5041,.T.);
#5041 = EDGE_CURVE('',#4983,#4830,#5042,.T.);
#5042 = SURFACE_CURVE('',#5043,(#5057,#5064),.PCURVE_S1.);
#5043 = ( BOUNDED_CURVE() B_SPLINE_CURVE(12,(#5044,#5045,#5046,#5047,
    #5048,#5049,#5050,#5051,#5052,#5053,#5054,#5055,#5056),
.UNSPECIFIED.,.F.,.F.) B_SPLINE_CURVE_WITH_KNOTS((13,13),(254.2129106189
,260.31261198834),.PIECEWISE_BEZIER_KNOTS.) CURVE() 
GEOMETRIC_REPRESENTATION_ITEM() RATIONAL_B_SPLINE_CURVE((1.,1.,
    0.999999999999,1.000000000002,0.999999999996,1.000000000005,
    0.999999999994,1.000000000005,0.999999999997,1.000000000001,
0.999999999999,1.,1.)) REPRESENTATION_ITEM('') );
#5044 = CARTESIAN_POINT('',(23.204933904361,88.962499999998,9.5));
#5045 = CARTESIAN_POINT('',(22.731006932382,88.962499999998,9.5));
#5046 = CARTESIAN_POINT('',(22.23934333944,88.90407105287,9.5));
#5047 = CARTESIAN_POINT('',(21.74032137607,88.77957944093,9.5));
#5048 = CARTESIAN_POINT('',(21.248247003065,88.586191776537,9.5));
#5049 = CARTESIAN_POINT('',(20.774572319054,88.316999959044,
    9.500000000001));
#5050 = CARTESIAN_POINT('',(20.344463720841,87.987518792124,
    9.499999999999));
#5051 = CARTESIAN_POINT('',(19.958797910267,87.590339546886,
    9.500000000001));
#5052 = CARTESIAN_POINT('',(19.642906855474,87.155759551618,
    9.499999999999));
#5053 = CARTESIAN_POINT('',(19.391595263428,86.687196481376,
    9.500000000001));
#5054 = CARTESIAN_POINT('',(19.211242417226,86.20615103632,9.5));
#5055 = CARTESIAN_POINT('',(19.096595900954,85.724502046473,9.5));
#5056 = CARTESIAN_POINT('',(19.042103189641,85.253723867595,9.5));
#5057 = PCURVE('',#1131,#5058);
#5058 = DEFINITIONAL_REPRESENTATION('',(#5059),#5063);
#5059 = LINE('',#5060,#5061);
#5060 = CARTESIAN_POINT('',(6.09970136944,0.));
#5061 = VECTOR('',#5062,1.);
#5062 = DIRECTION('',(0.,1.));
#5063 = ( GEOMETRIC_REPRESENTATION_CONTEXT(2) 
PARAMETRIC_REPRESENTATION_CONTEXT() REPRESENTATION_CONTEXT('2D SPACE',''
  ) );
#5064 = PCURVE('',#5065,#5081);
#5065 = ( BOUNDED_SURFACE() B_SPLINE_SURFACE(2,2,(
    (#5066,#5067,#5068,#5069,#5070)
    ,(#5071,#5072,#5073,#5074,#5075)
    ,(#5076,#5077,#5078,#5079,#5080
)),.UNSPECIFIED.,.F.,.F.,.F.) B_SPLINE_SURFACE_WITH_KNOTS((3,3),(3,1,1,3
    ),(0.,11.),(-0.6732,1.636E-14,11.,11.6732),.UNSPECIFIED.) 
GEOMETRIC_REPRESENTATION_ITEM() RATIONAL_B_SPLINE_SURFACE((
    (1.,1.,1.,1.,1.)
    ,(0.746653392947,0.746653392947,0.746653392947,0.746653392947
      ,0.746653392947)
,(1.,1.,1.,1.,1.))) REPRESENTATION_ITEM('') SURFACE() );
#5066 = CARTESIAN_POINT('',(19.042103189641,85.253723867595,-0.6732));
#5067 = CARTESIAN_POINT('',(19.042103189641,85.253723867595,-0.3366));
#5068 = CARTESIAN_POINT('',(19.042103189641,85.253723867595,5.5));
#5069 = CARTESIAN_POINT('',(19.042103189641,85.253723867595,11.3366));
#5070 = CARTESIAN_POINT('',(19.042103189641,85.253723867595,11.6732));
#5071 = CARTESIAN_POINT('',(19.471395107098,88.962499999998,-0.6732));
#5072 = CARTESIAN_POINT('',(19.471395107098,88.962499999998,-0.3366));
#5073 = CARTESIAN_POINT('',(19.471395107098,88.962499999998,5.5));
#5074 = CARTESIAN_POINT('',(19.471395107098,88.962499999998,11.3366));
#5075 = CARTESIAN_POINT('',(19.471395107098,88.962499999998,11.6732));
#5076 = CARTESIAN_POINT('',(23.204933904361,88.962499999998,-0.6732));
#5077 = CARTESIAN_POINT('',(23.204933904361,88.962499999998,-0.3366));
#5078 = CARTESIAN_POINT('',(23.204933904361,88.962499999998,5.5));
#5079 = CARTESIAN_POINT('',(23.204933904361,88.962499999998,11.3366));
#5080 = CARTESIAN_POINT('',(23.204933904361,88.962499999998,11.6732));
#5081 = DEFINITIONAL_REPRESENTATION('',(#5082),#5101);
#5082 = B_SPLINE_CURVE_WITH_KNOTS('',9,(#5083,#5084,#5085,#5086,#5087,
    #5088,#5089,#5090,#5091,#5092,#5093,#5094,#5095,#5096,#5097,#5098,
    #5099,#5100),.UNSPECIFIED.,.F.,.F.,(10,8,10),(254.2129106189,
    257.26276130362,260.31261198834),.UNSPECIFIED.);
#5083 = CARTESIAN_POINT('',(11.,9.5));
#5084 = CARTESIAN_POINT('',(10.376633951788,9.500000000001));
#5085 = CARTESIAN_POINT('',(9.757362612687,9.499999999999));
#5086 = CARTESIAN_POINT('',(9.141899818195,9.500000000001));
#5087 = CARTESIAN_POINT('',(8.530126317964,9.500000000001));
#5088 = CARTESIAN_POINT('',(7.920863897689,9.499999999999));
#5089 = CARTESIAN_POINT('',(7.31417225141,9.500000000001));
#5090 = CARTESIAN_POINT('',(6.708935879073,9.499999999999));
#5091 = CARTESIAN_POINT('',(6.104481087727,9.5));
#5092 = CARTESIAN_POINT('',(4.895538406562,9.5));
#5093 = CARTESIAN_POINT('',(4.291048022639,9.500000000001));
#5094 = CARTESIAN_POINT('',(3.685819850499,9.499999999997));
#5095 = CARTESIAN_POINT('',(3.078909947823,9.500000000004));
#5096 = CARTESIAN_POINT('',(2.470171122697,9.499999999996));
#5097 = CARTESIAN_POINT('',(1.857854406866,9.500000000003));
#5098 = CARTESIAN_POINT('',(1.242593862629,9.499999999998));
#5099 = CARTESIAN_POINT('',(0.623358796864,9.500000000001));
#5100 = CARTESIAN_POINT('',(-2.8E-16,9.5));
#5101 = ( GEOMETRIC_REPRESENTATION_CONTEXT(2) 
PARAMETRIC_REPRESENTATION_CONTEXT() REPRESENTATION_CONTEXT('2D SPACE',''
  ) );
#5102 = ORIENTED_EDGE('',*,*,#4829,.F.);
#5103 = ORIENTED_EDGE('',*,*,#1095,.F.);
#5104 = ADVANCED_FACE('',(#5105),#588,.T.);
#5105 = FACE_BOUND('',#5106,.T.);
#5106 = EDGE_LOOP('',(#5107,#5108,#5172,#5200));
#5107 = ORIENTED_EDGE('',*,*,#4893,.T.);
#5108 = ORIENTED_EDGE('',*,*,#5109,.T.);
#5109 = EDGE_CURVE('',#4894,#5110,#5112,.T.);
#5110 = VERTEX_POINT('',#5111);
#5111 = CARTESIAN_POINT('',(99.095066095638,93.724999999995,9.5));
#5112 = SURFACE_CURVE('',#5113,(#5127,#5134),.PCURVE_S1.);
#5113 = ( BOUNDED_CURVE() B_SPLINE_CURVE(12,(#5114,#5115,#5116,#5117,
    #5118,#5119,#5120,#5121,#5122,#5123,#5124,#5125,#5126),
.UNSPECIFIED.,.F.,.F.) B_SPLINE_CURVE_WITH_KNOTS((13,13),(
164.76157534179,170.86127671123),.PIECEWISE_BEZIER_KNOTS.) CURVE() 
GEOMETRIC_REPRESENTATION_ITEM() RATIONAL_B_SPLINE_CURVE((1.,1.,1.,
    1.000000000001,0.999999999999,1.000000000002,0.999999999999,
1.000000000001,0.999999999999,1.,1.,1.,1.)) REPRESENTATION_ITEM('') );
#5114 = CARTESIAN_POINT('',(103.25789681035,90.01622386759,9.5));
#5115 = CARTESIAN_POINT('',(103.20340346514,90.487007522888,9.5));
#5116 = CARTESIAN_POINT('',(103.08882929988,90.968691850193,9.5));
#5117 = CARTESIAN_POINT('',(102.90778454562,91.45008968786,9.5));
#5118 = CARTESIAN_POINT('',(102.65909954269,91.916664170012,9.5));
#5119 = CARTESIAN_POINT('',(102.33722880206,92.356244840121,9.5));
#5120 = CARTESIAN_POINT('',(101.96047791953,92.745616154229,9.5));
#5121 = CARTESIAN_POINT('',(101.52158811386,93.083055344378,9.5));
#5122 = CARTESIAN_POINT('',(101.05356849838,93.346882126868,9.5));
#5123 = CARTESIAN_POINT('',(100.55921671408,93.542650306588,9.5));
#5124 = CARTESIAN_POINT('',(100.06062436362,93.666495118528,9.5));
#5125 = CARTESIAN_POINT('',(99.568987554631,93.724999999995,9.5));
#5126 = CARTESIAN_POINT('',(99.095066095638,93.724999999995,9.5));
#5127 = PCURVE('',#588,#5128);
#5128 = DEFINITIONAL_REPRESENTATION('',(#5129),#5133);
#5129 = LINE('',#5130,#5131);
#5130 = CARTESIAN_POINT('',(6.099701369441,0.));
#5131 = VECTOR('',#5132,1.);
#5132 = DIRECTION('',(0.,1.));
#5133 = ( GEOMETRIC_REPRESENTATION_CONTEXT(2) 
PARAMETRIC_REPRESENTATION_CONTEXT() REPRESENTATION_CONTEXT('2D SPACE',''
  ) );
#5134 = PCURVE('',#5135,#5151);
#5135 = ( BOUNDED_SURFACE() B_SPLINE_SURFACE(2,2,(
    (#5136,#5137,#5138,#5139,#5140)
    ,(#5141,#5142,#5143,#5144,#5145)
    ,(#5146,#5147,#5148,#5149,#5150
)),.UNSPECIFIED.,.F.,.F.,.F.) B_SPLINE_SURFACE_WITH_KNOTS((3,3),(3,1,1,3
    ),(0.,11.),(-0.6732,1.975E-14,11.,11.6732),.UNSPECIFIED.) 
GEOMETRIC_REPRESENTATION_ITEM() RATIONAL_B_SPLINE_SURFACE((
    (1.,1.,1.,1.,1.)
    ,(0.746653392947,0.746653392947,0.746653392947,0.746653392947
      ,0.746653392947)
,(1.,1.,1.,1.,1.))) REPRESENTATION_ITEM('') SURFACE() );
#5136 = CARTESIAN_POINT('',(99.095066095638,93.724999999995,-0.6732));
#5137 = CARTESIAN_POINT('',(99.095066095638,93.724999999995,-0.3366));
#5138 = CARTESIAN_POINT('',(99.095066095638,93.724999999995,5.5));
#5139 = CARTESIAN_POINT('',(99.095066095638,93.724999999995,11.3366));
#5140 = CARTESIAN_POINT('',(99.095066095638,93.724999999995,11.6732));
#5141 = CARTESIAN_POINT('',(102.8286048929,93.724999999995,-0.6732));
#5142 = CARTESIAN_POINT('',(102.8286048929,93.724999999995,-0.3366));
#5143 = CARTESIAN_POINT('',(102.8286048929,93.724999999995,5.5));
#5144 = CARTESIAN_POINT('',(102.8286048929,93.724999999995,11.3366));
#5145 = CARTESIAN_POINT('',(102.8286048929,93.724999999995,11.6732));
#5146 = CARTESIAN_POINT('',(103.25789681035,90.01622386759,-0.6732));
#5147 = CARTESIAN_POINT('',(103.25789681035,90.01622386759,-0.3366));
#5148 = CARTESIAN_POINT('',(103.25789681035,90.01622386759,5.5));
#5149 = CARTESIAN_POINT('',(103.25789681035,90.01622386759,11.3366));
#5150 = CARTESIAN_POINT('',(103.25789681035,90.01622386759,11.6732));
#5151 = DEFINITIONAL_REPRESENTATION('',(#5152),#5171);
#5152 = B_SPLINE_CURVE_WITH_KNOTS('',9,(#5153,#5154,#5155,#5156,#5157,
    #5158,#5159,#5160,#5161,#5162,#5163,#5164,#5165,#5166,#5167,#5168,
    #5169,#5170),.UNSPECIFIED.,.F.,.F.,(10,8,10),(164.76157534179,
    167.81142602651,170.86127671123),.UNSPECIFIED.);
#5153 = CARTESIAN_POINT('',(11.,9.5));
#5154 = CARTESIAN_POINT('',(10.376633951792,9.500000000001));
#5155 = CARTESIAN_POINT('',(9.757362612665,9.499999999998));
#5156 = CARTESIAN_POINT('',(9.141899818266,9.500000000002));
#5157 = CARTESIAN_POINT('',(8.530126317872,9.499999999999));
#5158 = CARTESIAN_POINT('',(7.920863897747,9.5));
#5159 = CARTESIAN_POINT('',(7.314172251416,9.5));
#5160 = CARTESIAN_POINT('',(6.708935879096,9.5));
#5161 = CARTESIAN_POINT('',(6.104481087739,9.5));
#5162 = CARTESIAN_POINT('',(4.895538406563,9.5));
#5163 = CARTESIAN_POINT('',(4.291048022638,9.5));
#5164 = CARTESIAN_POINT('',(3.6858198505,9.5));
#5165 = CARTESIAN_POINT('',(3.078909947844,9.5));
#5166 = CARTESIAN_POINT('',(2.470171122679,9.499999999999));
#5167 = CARTESIAN_POINT('',(1.857854406875,9.500000000001));
#5168 = CARTESIAN_POINT('',(1.24259386263,9.499999999999));
#5169 = CARTESIAN_POINT('',(0.623358796865,9.5));
#5170 = CARTESIAN_POINT('',(-4.4E-16,9.5));
#5171 = ( GEOMETRIC_REPRESENTATION_CONTEXT(2) 
PARAMETRIC_REPRESENTATION_CONTEXT() REPRESENTATION_CONTEXT('2D SPACE',''
  ) );
#5172 = ORIENTED_EDGE('',*,*,#5173,.F.);
#5173 = EDGE_CURVE('',#553,#5110,#5174,.T.);
#5174 = SURFACE_CURVE('',#5175,(#5179,#5186),.PCURVE_S1.);
#5175 = ( BOUNDED_CURVE() B_SPLINE_CURVE(2,(#5176,#5177,#5178),
.UNSPECIFIED.,.F.,.F.) B_SPLINE_CURVE_WITH_KNOTS((3,3),(0.,
6.099701369441),.PIECEWISE_BEZIER_KNOTS.) CURVE() 
GEOMETRIC_REPRESENTATION_ITEM() RATIONAL_B_SPLINE_CURVE((1.,
0.707106781187,1.)) REPRESENTATION_ITEM('') );
#5176 = CARTESIAN_POINT('',(99.095066077496,92.224999999995,11.));
#5177 = CARTESIAN_POINT('',(99.095066095638,93.724999999995,11.));
#5178 = CARTESIAN_POINT('',(99.095066095638,93.724999999995,9.5));
#5179 = PCURVE('',#588,#5180);
#5180 = DEFINITIONAL_REPRESENTATION('',(#5181),#5185);
#5181 = LINE('',#5182,#5183);
#5182 = CARTESIAN_POINT('',(0.,170.86127671123));
#5183 = VECTOR('',#5184,1.);
#5184 = DIRECTION('',(1.,0.));
#5185 = ( GEOMETRIC_REPRESENTATION_CONTEXT(2) 
PARAMETRIC_REPRESENTATION_CONTEXT() REPRESENTATION_CONTEXT('2D SPACE',''
  ) );
#5186 = PCURVE('',#651,#5187);
#5187 = DEFINITIONAL_REPRESENTATION('',(#5188),#5199);
#5188 = B_SPLINE_CURVE_WITH_KNOTS('',9,(#5189,#5190,#5191,#5192,#5193,
    #5194,#5195,#5196,#5197,#5198),.UNSPECIFIED.,.F.,.F.,(10,10),(0.,
    6.099701369441),.PIECEWISE_BEZIER_KNOTS.);
#5189 = CARTESIAN_POINT('',(1.1E-16,-4.44E-15));
#5190 = CARTESIAN_POINT('',(0.157134840264,-4.44E-15));
#5191 = CARTESIAN_POINT('',(0.325774716821,-4.44E-15));
#5192 = CARTESIAN_POINT('',(0.50456638687,-4.44E-15));
#5193 = CARTESIAN_POINT('',(0.690744851612,-4.44E-15));
#5194 = CARTESIAN_POINT('',(0.880051475183,-4.44E-15));
#5195 = CARTESIAN_POINT('',(1.066229939925,-4.44E-15));
#5196 = CARTESIAN_POINT('',(1.245021609974,-4.44E-15));
#5197 = CARTESIAN_POINT('',(1.413661486531,-4.44E-15));
#5198 = CARTESIAN_POINT('',(1.570796326795,-4.44E-15));
#5199 = ( GEOMETRIC_REPRESENTATION_CONTEXT(2) 
PARAMETRIC_REPRESENTATION_CONTEXT() REPRESENTATION_CONTEXT('2D SPACE',''
  ) );
#5200 = ORIENTED_EDGE('',*,*,#552,.F.);
#5201 = ADVANCED_FACE('',(#5202),#1083,.T.);
#5202 = FACE_BOUND('',#5203,.T.);
#5203 = EDGE_LOOP('',(#5204,#5228,#5254,#5255));
#5204 = ORIENTED_EDGE('',*,*,#5205,.T.);
#5205 = EDGE_CURVE('',#1035,#5206,#5208,.T.);
#5206 = VERTEX_POINT('',#5207);
#5207 = CARTESIAN_POINT('',(36.909375,88.962499999998,9.5));
#5208 = SURFACE_CURVE('',#5209,(#5214,#5221),.PCURVE_S1.);
#5209 = CIRCLE('',#5210,1.5);
#5210 = AXIS2_PLACEMENT_3D('',#5211,#5212,#5213);
#5211 = CARTESIAN_POINT('',(36.909375,87.462499999998,9.5));
#5212 = DIRECTION('',(-1.,-6.7E-16,0.));
#5213 = DIRECTION('',(6.7E-16,-1.,0.));
#5214 = PCURVE('',#1083,#5215);
#5215 = DEFINITIONAL_REPRESENTATION('',(#5216),#5220);
#5216 = LINE('',#5217,#5218);
#5217 = CARTESIAN_POINT('',(-1.570796326795,0.));
#5218 = VECTOR('',#5219,1.);
#5219 = DIRECTION('',(1.,0.));
#5220 = ( GEOMETRIC_REPRESENTATION_CONTEXT(2) 
PARAMETRIC_REPRESENTATION_CONTEXT() REPRESENTATION_CONTEXT('2D SPACE',''
  ) );
#5221 = PCURVE('',#1055,#5222);
#5222 = DEFINITIONAL_REPRESENTATION('',(#5223),#5227);
#5223 = LINE('',#5224,#5225);
#5224 = CARTESIAN_POINT('',(-1.455558865068,0.));
#5225 = VECTOR('',#5226,1.);
#5226 = DIRECTION('',(-0.,1.));
#5227 = ( GEOMETRIC_REPRESENTATION_CONTEXT(2) 
PARAMETRIC_REPRESENTATION_CONTEXT() REPRESENTATION_CONTEXT('2D SPACE',''
  ) );
#5228 = ORIENTED_EDGE('',*,*,#5229,.T.);
#5229 = EDGE_CURVE('',#5206,#4983,#5230,.T.);
#5230 = SURFACE_CURVE('',#5231,(#5235,#5242),.PCURVE_S1.);
#5231 = LINE('',#5232,#5233);
#5232 = CARTESIAN_POINT('',(36.909375,88.962499999998,9.5));
#5233 = VECTOR('',#5234,1.);
#5234 = DIRECTION('',(-1.,0.,0.));
#5235 = PCURVE('',#1083,#5236);
#5236 = DEFINITIONAL_REPRESENTATION('',(#5237),#5241);
#5237 = LINE('',#5238,#5239);
#5238 = CARTESIAN_POINT('',(1.570796326795,0.));
#5239 = VECTOR('',#5240,1.);
#5240 = DIRECTION('',(0.,1.));
#5241 = ( GEOMETRIC_REPRESENTATION_CONTEXT(2) 
PARAMETRIC_REPRESENTATION_CONTEXT() REPRESENTATION_CONTEXT('2D SPACE',''
  ) );
#5242 = PCURVE('',#5243,#5248);
#5243 = PLANE('',#5244);
#5244 = AXIS2_PLACEMENT_3D('',#5245,#5246,#5247);
#5245 = CARTESIAN_POINT('',(38.1,88.962499999998,0.));
#5246 = DIRECTION('',(0.,-1.,0.));
#5247 = DIRECTION('',(-1.,0.,0.));
#5248 = DEFINITIONAL_REPRESENTATION('',(#5249),#5253);
#5249 = LINE('',#5250,#5251);
#5250 = CARTESIAN_POINT('',(1.190625,-9.5));
#5251 = VECTOR('',#5252,1.);
#5252 = DIRECTION('',(1.,0.));
#5253 = ( GEOMETRIC_REPRESENTATION_CONTEXT(2) 
PARAMETRIC_REPRESENTATION_CONTEXT() REPRESENTATION_CONTEXT('2D SPACE',''
  ) );
#5254 = ORIENTED_EDGE('',*,*,#4982,.F.);
#5255 = ORIENTED_EDGE('',*,*,#1067,.F.);
#5256 = ADVANCED_FACE('',(#5257),#651,.T.);
#5257 = FACE_BOUND('',#5258,.T.);
#5258 = EDGE_LOOP('',(#5259,#5260,#5288,#5310));
#5259 = ORIENTED_EDGE('',*,*,#5173,.T.);
#5260 = ORIENTED_EDGE('',*,*,#5261,.T.);
#5261 = EDGE_CURVE('',#5110,#5262,#5264,.T.);
#5262 = VERTEX_POINT('',#5263);
#5263 = CARTESIAN_POINT('',(85.390625,93.724999999995,9.5));
#5264 = SURFACE_CURVE('',#5265,(#5269,#5276),.PCURVE_S1.);
#5265 = LINE('',#5266,#5267);
#5266 = CARTESIAN_POINT('',(99.095066095638,93.724999999995,9.5));
#5267 = VECTOR('',#5268,1.);
#5268 = DIRECTION('',(-1.,0.,0.));
#5269 = PCURVE('',#651,#5270);
#5270 = DEFINITIONAL_REPRESENTATION('',(#5271),#5275);
#5271 = LINE('',#5272,#5273);
#5272 = CARTESIAN_POINT('',(1.570796326795,0.));
#5273 = VECTOR('',#5274,1.);
#5274 = DIRECTION('',(0.,1.));
#5275 = ( GEOMETRIC_REPRESENTATION_CONTEXT(2) 
PARAMETRIC_REPRESENTATION_CONTEXT() REPRESENTATION_CONTEXT('2D SPACE',''
  ) );
#5276 = PCURVE('',#5277,#5282);
#5277 = PLANE('',#5278);
#5278 = AXIS2_PLACEMENT_3D('',#5279,#5280,#5281);
#5279 = CARTESIAN_POINT('',(103.25,93.724999999995,0.));
#5280 = DIRECTION('',(0.,-1.,0.));
#5281 = DIRECTION('',(-1.,0.,0.));
#5282 = DEFINITIONAL_REPRESENTATION('',(#5283),#5287);
#5283 = LINE('',#5284,#5285);
#5284 = CARTESIAN_POINT('',(4.154933904362,-9.5));
#5285 = VECTOR('',#5286,1.);
#5286 = DIRECTION('',(1.,0.));
#5287 = ( GEOMETRIC_REPRESENTATION_CONTEXT(2) 
PARAMETRIC_REPRESENTATION_CONTEXT() REPRESENTATION_CONTEXT('2D SPACE',''
  ) );
#5288 = ORIENTED_EDGE('',*,*,#5289,.F.);
#5289 = EDGE_CURVE('',#636,#5262,#5290,.T.);
#5290 = SURFACE_CURVE('',#5291,(#5296,#5303),.PCURVE_S1.);
#5291 = CIRCLE('',#5292,1.5);
#5292 = AXIS2_PLACEMENT_3D('',#5293,#5294,#5295);
#5293 = CARTESIAN_POINT('',(85.390625,92.224999999995,9.5));
#5294 = DIRECTION('',(-1.,0.,0.));
#5295 = DIRECTION('',(0.,0.,1.));
#5296 = PCURVE('',#651,#5297);
#5297 = DEFINITIONAL_REPRESENTATION('',(#5298),#5302);
#5298 = LINE('',#5299,#5300);
#5299 = CARTESIAN_POINT('',(0.,13.704441095638));
#5300 = VECTOR('',#5301,1.);
#5301 = DIRECTION('',(1.,0.));
#5302 = ( GEOMETRIC_REPRESENTATION_CONTEXT(2) 
PARAMETRIC_REPRESENTATION_CONTEXT() REPRESENTATION_CONTEXT('2D SPACE',''
  ) );
#5303 = PCURVE('',#684,#5304);
#5304 = DEFINITIONAL_REPRESENTATION('',(#5305),#5309);
#5305 = LINE('',#5306,#5307);
#5306 = CARTESIAN_POINT('',(-0.,1.570796326795));
#5307 = VECTOR('',#5308,1.);
#5308 = DIRECTION('',(-0.,1.));
#5309 = ( GEOMETRIC_REPRESENTATION_CONTEXT(2) 
PARAMETRIC_REPRESENTATION_CONTEXT() REPRESENTATION_CONTEXT('2D SPACE',''
  ) );
#5310 = ORIENTED_EDGE('',*,*,#635,.F.);
#5311 = ADVANCED_FACE('',(#5312),#1055,.T.);
#5312 = FACE_BOUND('',#5313,.F.);
#5313 = EDGE_LOOP('',(#5314,#5344,#5345,#5346));
#5314 = ORIENTED_EDGE('',*,*,#5315,.F.);
#5315 = EDGE_CURVE('',#952,#5316,#5318,.T.);
#5316 = VERTEX_POINT('',#5317);
#5317 = CARTESIAN_POINT('',(38.092103189641,90.016223867593,9.5));
#5318 = SURFACE_CURVE('',#5319,(#5323,#5337),.PCURVE_S1.);
#5319 = ( BOUNDED_CURVE() B_SPLINE_CURVE(2,(#5320,#5321,#5322),
.UNSPECIFIED.,.F.,.F.) B_SPLINE_CURVE_WITH_KNOTS((3,3),(0.,
6.099701369439),.PIECEWISE_BEZIER_KNOTS.) CURVE() 
GEOMETRIC_REPRESENTATION_ITEM() RATIONAL_B_SPLINE_CURVE((1.,
0.707106781187,1.)) REPRESENTATION_ITEM('') );
#5320 = CARTESIAN_POINT('',(39.582154450095,89.843749981975,11.));
#5321 = CARTESIAN_POINT('',(38.092103189641,90.016223867593,11.));
#5322 = CARTESIAN_POINT('',(38.092103189641,90.016223867593,9.5));
#5323 = PCURVE('',#1055,#5324);
#5324 = DEFINITIONAL_REPRESENTATION('',(#5325),#5336);
#5325 = B_SPLINE_CURVE_WITH_KNOTS('',9,(#5326,#5327,#5328,#5329,#5330,
    #5331,#5332,#5333,#5334,#5335),.UNSPECIFIED.,.F.,.F.,(10,10),(0.,
    6.099701369439),.PIECEWISE_BEZIER_KNOTS.);
#5326 = CARTESIAN_POINT('',(0.,1.570796326795));
#5327 = CARTESIAN_POINT('',(0.,1.727931167059));
#5328 = CARTESIAN_POINT('',(0.,1.896571043616));
#5329 = CARTESIAN_POINT('',(0.,2.075362713665));
#5330 = CARTESIAN_POINT('',(0.,2.261541178406));
#5331 = CARTESIAN_POINT('',(0.,2.450847801978));
#5332 = CARTESIAN_POINT('',(0.,2.63702626672));
#5333 = CARTESIAN_POINT('',(0.,2.815817936769));
#5334 = CARTESIAN_POINT('',(0.,2.984457813326));
#5335 = CARTESIAN_POINT('',(0.,3.14159265359));
#5336 = ( GEOMETRIC_REPRESENTATION_CONTEXT(2) 
PARAMETRIC_REPRESENTATION_CONTEXT() REPRESENTATION_CONTEXT('2D SPACE',''
  ) );
#5337 = PCURVE('',#987,#5338);
#5338 = DEFINITIONAL_REPRESENTATION('',(#5339),#5343);
#5339 = LINE('',#5340,#5341);
#5340 = CARTESIAN_POINT('',(0.,238.77544474954));
#5341 = VECTOR('',#5342,1.);
#5342 = DIRECTION('',(1.,0.));
#5343 = ( GEOMETRIC_REPRESENTATION_CONTEXT(2) 
PARAMETRIC_REPRESENTATION_CONTEXT() REPRESENTATION_CONTEXT('2D SPACE',''
  ) );
#5344 = ORIENTED_EDGE('',*,*,#1034,.T.);
#5345 = ORIENTED_EDGE('',*,*,#5205,.T.);
#5346 = ORIENTED_EDGE('',*,*,#5347,.F.);
#5347 = EDGE_CURVE('',#5316,#5206,#5348,.T.);
#5348 = SURFACE_CURVE('',#5349,(#5354,#5361),.PCURVE_S1.);
#5349 = CIRCLE('',#5350,1.190625);
#5350 = AXIS2_PLACEMENT_3D('',#5351,#5352,#5353);
#5351 = CARTESIAN_POINT('',(36.909375,90.153124999998,9.5));
#5352 = DIRECTION('',(0.,-0.,-1.));
#5353 = DIRECTION('',(0.99336750836,-0.114982578398,0.));
#5354 = PCURVE('',#1055,#5355);
#5355 = DEFINITIONAL_REPRESENTATION('',(#5356),#5360);
#5356 = LINE('',#5357,#5358);
#5357 = CARTESIAN_POINT('',(-0.,3.14159265359));
#5358 = VECTOR('',#5359,1.);
#5359 = DIRECTION('',(-1.,0.));
#5360 = ( GEOMETRIC_REPRESENTATION_CONTEXT(2) 
PARAMETRIC_REPRESENTATION_CONTEXT() REPRESENTATION_CONTEXT('2D SPACE',''
  ) );
#5361 = PCURVE('',#5362,#5367);
#5362 = CYLINDRICAL_SURFACE('',#5363,1.190625);
#5363 = AXIS2_PLACEMENT_3D('',#5364,#5365,#5366);
#5364 = CARTESIAN_POINT('',(36.909375,90.153124999998,0.));
#5365 = DIRECTION('',(0.,0.,1.));
#5366 = DIRECTION('',(0.,-1.,0.));
#5367 = DEFINITIONAL_REPRESENTATION('',(#5368),#5372);
#5368 = LINE('',#5369,#5370);
#5369 = CARTESIAN_POINT('',(1.455558865068,9.5));
#5370 = VECTOR('',#5371,1.);
#5371 = DIRECTION('',(-1.,-0.));
#5372 = ( GEOMETRIC_REPRESENTATION_CONTEXT(2) 
PARAMETRIC_REPRESENTATION_CONTEXT() REPRESENTATION_CONTEXT('2D SPACE',''
  ) );
#5373 = ADVANCED_FACE('',(#5374),#684,.T.);
#5374 = FACE_BOUND('',#5375,.F.);
#5375 = EDGE_LOOP('',(#5376,#5377,#5378,#5437));
#5376 = ORIENTED_EDGE('',*,*,#5289,.F.);
#5377 = ORIENTED_EDGE('',*,*,#663,.T.);
#5378 = ORIENTED_EDGE('',*,*,#5379,.T.);
#5379 = EDGE_CURVE('',#664,#5380,#5382,.T.);
#5380 = VERTEX_POINT('',#5381);
#5381 = CARTESIAN_POINT('',(84.207896810359,94.77872386759,9.5));
#5382 = SURFACE_CURVE('',#5383,(#5388,#5395),.PCURVE_S1.);
#5383 = CIRCLE('',#5384,1.5);
#5384 = AXIS2_PLACEMENT_3D('',#5385,#5386,#5387);
#5385 = CARTESIAN_POINT('',(82.717845547819,94.606249999994,9.5));
#5386 = DIRECTION('',(-0.114982578398,0.99336750836,0.));
#5387 = DIRECTION('',(-0.99336750836,-0.114982578398,0.));
#5388 = PCURVE('',#684,#5389);
#5389 = DEFINITIONAL_REPRESENTATION('',(#5390),#5394);
#5390 = LINE('',#5391,#5392);
#5391 = CARTESIAN_POINT('',(-1.455558865068,0.));
#5392 = VECTOR('',#5393,1.);
#5393 = DIRECTION('',(-0.,1.));
#5394 = ( GEOMETRIC_REPRESENTATION_CONTEXT(2) 
PARAMETRIC_REPRESENTATION_CONTEXT() REPRESENTATION_CONTEXT('2D SPACE',''
  ) );
#5395 = PCURVE('',#732,#5396);
#5396 = DEFINITIONAL_REPRESENTATION('',(#5397),#5436);
#5397 = B_SPLINE_CURVE_WITH_KNOTS('',7,(#5398,#5399,#5400,#5401,#5402,
    #5403,#5404,#5405,#5406,#5407,#5408,#5409,#5410,#5411,#5412,#5413,
    #5414,#5415,#5416,#5417,#5418,#5419,#5420,#5421,#5422,#5423,#5424,
    #5425,#5426,#5427,#5428,#5429,#5430,#5431,#5432,#5433,#5434,#5435),
  .UNSPECIFIED.,.F.,.F.,(8,6,6,6,6,6,8),(1.570796326795,1.767145867644,
    1.963495408494,2.356194490192,2.748893571891,2.94524311274,
    3.14159265359),.UNSPECIFIED.);
#5398 = CARTESIAN_POINT('',(-6.E-17,186.29874258059));
#5399 = CARTESIAN_POINT('',(0.120983299742,186.29874258059));
#5400 = CARTESIAN_POINT('',(0.240327058118,186.29874258059));
#5401 = CARTESIAN_POINT('',(0.358147156157,186.29874258059));
#5402 = CARTESIAN_POINT('',(0.474557218412,186.29874258059));
#5403 = CARTESIAN_POINT('',(0.589655867302,186.29874258059));
#5404 = CARTESIAN_POINT('',(0.703543722202,186.29874258059));
#5405 = CARTESIAN_POINT('',(0.929079942095,186.29874258059));
#5406 = CARTESIAN_POINT('',(1.040728653821,186.29874258058));
#5407 = CARTESIAN_POINT('',(1.151350342794,186.29874258059));
#5408 = CARTESIAN_POINT('',(1.26103259906,186.29874258058));
#5409 = CARTESIAN_POINT('',(1.369858886397,186.29874258059));
#5410 = CARTESIAN_POINT('',(1.477909201471,186.29874258059));
#5411 = CARTESIAN_POINT('',(1.799963796017,186.29874258059));
#5412 = CARTESIAN_POINT('',(2.01187170371,186.29874258058));
#5413 = CARTESIAN_POINT('',(2.221601660656,186.29874258059));
#5414 = CARTESIAN_POINT('',(2.429725675778,186.29874258058));
#5415 = CARTESIAN_POINT('',(2.636787840964,186.29874258059));
#5416 = CARTESIAN_POINT('',(2.843319268131,186.29874258059));
#5417 = CARTESIAN_POINT('',(3.256382101308,186.29874258059));
#5418 = CARTESIAN_POINT('',(3.462913528475,186.29874258058));
#5419 = CARTESIAN_POINT('',(3.669975693662,186.29874258059));
#5420 = CARTESIAN_POINT('',(3.878099708783,186.29874258058));
#5421 = CARTESIAN_POINT('',(4.087829665729,186.29874258059));
#5422 = CARTESIAN_POINT('',(4.299737573422,186.29874258059));
#5423 = CARTESIAN_POINT('',(4.621792167968,186.29874258059));
#5424 = CARTESIAN_POINT('',(4.729842483042,186.29874258059));
#5425 = CARTESIAN_POINT('',(4.838668770379,186.29874258059));
#5426 = CARTESIAN_POINT('',(4.948351026645,186.29874258058));
#5427 = CARTESIAN_POINT('',(5.058972715618,186.29874258059));
#5428 = CARTESIAN_POINT('',(5.170621427344,186.29874258059));
#5429 = CARTESIAN_POINT('',(5.396157647237,186.29874258059));
#5430 = CARTESIAN_POINT('',(5.510045502137,186.29874258059));
#5431 = CARTESIAN_POINT('',(5.625144151028,186.29874258059));
#5432 = CARTESIAN_POINT('',(5.741554213282,186.29874258059));
#5433 = CARTESIAN_POINT('',(5.859374311321,186.29874258059));
#5434 = CARTESIAN_POINT('',(5.978718069698,186.29874258059));
#5435 = CARTESIAN_POINT('',(6.099701369439,186.29874258059));
#5436 = ( GEOMETRIC_REPRESENTATION_CONTEXT(2) 
PARAMETRIC_REPRESENTATION_CONTEXT() REPRESENTATION_CONTEXT('2D SPACE',''
  ) );
#5437 = ORIENTED_EDGE('',*,*,#5438,.F.);
#5438 = EDGE_CURVE('',#5262,#5380,#5439,.T.);
#5439 = SURFACE_CURVE('',#5440,(#5445,#5452),.PCURVE_S1.);
#5440 = CIRCLE('',#5441,1.190625);
#5441 = AXIS2_PLACEMENT_3D('',#5442,#5443,#5444);
#5442 = CARTESIAN_POINT('',(85.390625,94.915624999995,9.5));
#5443 = DIRECTION('',(-0.,-0.,-1.));
#5444 = DIRECTION('',(0.,-1.,0.));
#5445 = PCURVE('',#684,#5446);
#5446 = DEFINITIONAL_REPRESENTATION('',(#5447),#5451);
#5447 = LINE('',#5448,#5449);
#5448 = CARTESIAN_POINT('',(-0.,3.14159265359));
#5449 = VECTOR('',#5450,1.);
#5450 = DIRECTION('',(-1.,0.));
#5451 = ( GEOMETRIC_REPRESENTATION_CONTEXT(2) 
PARAMETRIC_REPRESENTATION_CONTEXT() REPRESENTATION_CONTEXT('2D SPACE',''
  ) );
#5452 = PCURVE('',#5453,#5458);
#5453 = CYLINDRICAL_SURFACE('',#5454,1.190625);
#5454 = AXIS2_PLACEMENT_3D('',#5455,#5456,#5457);
#5455 = CARTESIAN_POINT('',(85.390625,94.915624999995,0.));
#5456 = DIRECTION('',(0.,0.,1.));
#5457 = DIRECTION('',(-1.,0.,0.));
#5458 = DEFINITIONAL_REPRESENTATION('',(#5459),#5463);
#5459 = LINE('',#5460,#5461);
#5460 = CARTESIAN_POINT('',(1.570796326795,9.5));
#5461 = VECTOR('',#5462,1.);
#5462 = DIRECTION('',(-1.,-0.));
#5463 = ( GEOMETRIC_REPRESENTATION_CONTEXT(2) 
PARAMETRIC_REPRESENTATION_CONTEXT() REPRESENTATION_CONTEXT('2D SPACE',''
  ) );
#5464 = ADVANCED_FACE('',(#5465),#987,.T.);
#5465 = FACE_BOUND('',#5466,.T.);
#5466 = EDGE_LOOP('',(#5467,#5526,#5588,#5589));
#5467 = ORIENTED_EDGE('',*,*,#5468,.T.);
#5468 = EDGE_CURVE('',#924,#5469,#5471,.T.);
#5469 = VERTEX_POINT('',#5470);
#5470 = CARTESIAN_POINT('',(42.254933904361,93.724999999995,9.5));
#5471 = SURFACE_CURVE('',#5472,(#5477,#5519),.PCURVE_S1.);
#5472 = CIRCLE('',#5473,1.5);
#5473 = AXIS2_PLACEMENT_3D('',#5474,#5475,#5476);
#5474 = CARTESIAN_POINT('',(42.254933904361,92.224999999995,9.5));
#5475 = DIRECTION('',(-1.,0.,0.));
#5476 = DIRECTION('',(0.,0.,1.));
#5477 = PCURVE('',#987,#5478);
#5478 = DEFINITIONAL_REPRESENTATION('',(#5479),#5518);
#5479 = B_SPLINE_CURVE_WITH_KNOTS('',7,(#5480,#5481,#5482,#5483,#5484,
    #5485,#5486,#5487,#5488,#5489,#5490,#5491,#5492,#5493,#5494,#5495,
    #5496,#5497,#5498,#5499,#5500,#5501,#5502,#5503,#5504,#5505,#5506,
    #5507,#5508,#5509,#5510,#5511,#5512,#5513,#5514,#5515,#5516,#5517),
  .UNSPECIFIED.,.F.,.F.,(8,6,6,6,6,6,8),(0.,0.196349540849,
    0.392699081699,0.785398163397,1.178097245096,1.374446785946,
    1.570796326795),.UNSPECIFIED.);
#5480 = CARTESIAN_POINT('',(-5.E-16,232.6757433801));
#5481 = CARTESIAN_POINT('',(0.120983299742,232.6757433801));
#5482 = CARTESIAN_POINT('',(0.240327058118,232.6757433801));
#5483 = CARTESIAN_POINT('',(0.358147156158,232.67574338011));
#5484 = CARTESIAN_POINT('',(0.474557218412,232.6757433801));
#5485 = CARTESIAN_POINT('',(0.589655867302,232.6757433801));
#5486 = CARTESIAN_POINT('',(0.703543722202,232.6757433801));
#5487 = CARTESIAN_POINT('',(0.929079942095,232.6757433801));
#5488 = CARTESIAN_POINT('',(1.040728653821,232.6757433801));
#5489 = CARTESIAN_POINT('',(1.151350342794,232.6757433801));
#5490 = CARTESIAN_POINT('',(1.26103259906,232.6757433801));
#5491 = CARTESIAN_POINT('',(1.369858886397,232.6757433801));
#5492 = CARTESIAN_POINT('',(1.477909201471,232.6757433801));
#5493 = CARTESIAN_POINT('',(1.799963796017,232.6757433801));
#5494 = CARTESIAN_POINT('',(2.01187170371,232.6757433801));
#5495 = CARTESIAN_POINT('',(2.221601660656,232.67574338011));
#5496 = CARTESIAN_POINT('',(2.429725675778,232.6757433801));
#5497 = CARTESIAN_POINT('',(2.636787840964,232.6757433801));
#5498 = CARTESIAN_POINT('',(2.843319268131,232.6757433801));
#5499 = CARTESIAN_POINT('',(3.256382101308,232.6757433801));
#5500 = CARTESIAN_POINT('',(3.462913528475,232.67574338011));
#5501 = CARTESIAN_POINT('',(3.669975693661,232.67574338009));
#5502 = CARTESIAN_POINT('',(3.878099708784,232.67574338011));
#5503 = CARTESIAN_POINT('',(4.087829665729,232.6757433801));
#5504 = CARTESIAN_POINT('',(4.299737573422,232.6757433801));
#5505 = CARTESIAN_POINT('',(4.621792167968,232.6757433801));
#5506 = CARTESIAN_POINT('',(4.729842483042,232.6757433801));
#5507 = CARTESIAN_POINT('',(4.838668770379,232.67574338011));
#5508 = CARTESIAN_POINT('',(4.948351026645,232.6757433801));
#5509 = CARTESIAN_POINT('',(5.058972715618,232.6757433801));
#5510 = CARTESIAN_POINT('',(5.170621427344,232.6757433801));
#5511 = CARTESIAN_POINT('',(5.396157647237,232.6757433801));
#5512 = CARTESIAN_POINT('',(5.510045502137,232.6757433801));
#5513 = CARTESIAN_POINT('',(5.625144151028,232.6757433801));
#5514 = CARTESIAN_POINT('',(5.741554213282,232.6757433801));
#5515 = CARTESIAN_POINT('',(5.859374311321,232.6757433801));
#5516 = CARTESIAN_POINT('',(5.978718069697,232.6757433801));
#5517 = CARTESIAN_POINT('',(6.099701369439,232.6757433801));
#5518 = ( GEOMETRIC_REPRESENTATION_CONTEXT(2) 
PARAMETRIC_REPRESENTATION_CONTEXT() REPRESENTATION_CONTEXT('2D SPACE',''
  ) );
#5519 = PCURVE('',#939,#5520);
#5520 = DEFINITIONAL_REPRESENTATION('',(#5521),#5525);
#5521 = LINE('',#5522,#5523);
#5522 = CARTESIAN_POINT('',(0.,13.704441095639));
#5523 = VECTOR('',#5524,1.);
#5524 = DIRECTION('',(1.,0.));
#5525 = ( GEOMETRIC_REPRESENTATION_CONTEXT(2) 
PARAMETRIC_REPRESENTATION_CONTEXT() REPRESENTATION_CONTEXT('2D SPACE',''
  ) );
#5526 = ORIENTED_EDGE('',*,*,#5527,.T.);
#5527 = EDGE_CURVE('',#5469,#5316,#5528,.T.);
#5528 = SURFACE_CURVE('',#5529,(#5543,#5550),.PCURVE_S1.);
#5529 = ( BOUNDED_CURVE() B_SPLINE_CURVE(12,(#5530,#5531,#5532,#5533,
    #5534,#5535,#5536,#5537,#5538,#5539,#5540,#5541,#5542),
.UNSPECIFIED.,.F.,.F.) B_SPLINE_CURVE_WITH_KNOTS((13,13),(232.6757433801
,238.77544474954),.PIECEWISE_BEZIER_KNOTS.) CURVE() 
GEOMETRIC_REPRESENTATION_ITEM() RATIONAL_B_SPLINE_CURVE((1.,1.,
    0.999999999999,1.000000000003,0.999999999995,1.000000000007,
    0.999999999993,1.000000000006,0.999999999996,1.000000000002,
0.999999999999,1.,1.)) REPRESENTATION_ITEM('') );
#5530 = CARTESIAN_POINT('',(42.254933904361,93.724999999995,9.5));
#5531 = CARTESIAN_POINT('',(41.781012445368,93.724999999995,9.5));
#5532 = CARTESIAN_POINT('',(41.289344887082,93.666540833421,9.5));
#5533 = CARTESIAN_POINT('',(40.790625250625,93.54229270576,9.5));
#5534 = CARTESIAN_POINT('',(40.297377314242,93.348131967464,
    9.499999999999));
#5535 = CARTESIAN_POINT('',(39.826041303934,93.080422139084,
    9.500000000001));
#5536 = CARTESIAN_POINT('',(39.392955822059,92.749121438157,
    9.499999999999));
#5537 = CARTESIAN_POINT('',(39.009682219279,92.353340376312,
    9.500000000001));
#5538 = CARTESIAN_POINT('',(38.692485557368,91.917973671447,9.5));
#5539 = CARTESIAN_POINT('',(38.441722158893,91.449713901905,9.5));
#5540 = CARTESIAN_POINT('',(38.261242683559,90.96873300642,9.5));
#5541 = CARTESIAN_POINT('',(38.146596534851,90.487007522892,9.5));
#5542 = CARTESIAN_POINT('',(38.092103189641,90.016223867593,9.5));
#5543 = PCURVE('',#987,#5544);
#5544 = DEFINITIONAL_REPRESENTATION('',(#5545),#5549);
#5545 = LINE('',#5546,#5547);
#5546 = CARTESIAN_POINT('',(6.099701369439,0.));
#5547 = VECTOR('',#5548,1.);
#5548 = DIRECTION('',(0.,1.));
#5549 = ( GEOMETRIC_REPRESENTATION_CONTEXT(2) 
PARAMETRIC_REPRESENTATION_CONTEXT() REPRESENTATION_CONTEXT('2D SPACE',''
  ) );
#5550 = PCURVE('',#5551,#5567);
#5551 = ( BOUNDED_SURFACE() B_SPLINE_SURFACE(2,2,(
    (#5552,#5553,#5554,#5555,#5556)
    ,(#5557,#5558,#5559,#5560,#5561)
    ,(#5562,#5563,#5564,#5565,#5566
)),.UNSPECIFIED.,.F.,.F.,.F.) B_SPLINE_SURFACE_WITH_KNOTS((3,3),(3,1,1,3
    ),(0.,11.),(-0.6732,2.198E-14,11.,11.6732),.UNSPECIFIED.) 
GEOMETRIC_REPRESENTATION_ITEM() RATIONAL_B_SPLINE_SURFACE((
    (1.,1.,1.,1.,1.)
    ,(0.746653392947,0.746653392947,0.746653392947,0.746653392947
      ,0.746653392947)
,(1.,1.,1.,1.,1.))) REPRESENTATION_ITEM('') SURFACE() );
#5552 = CARTESIAN_POINT('',(38.092103189641,90.016223867593,-0.6732));
#5553 = CARTESIAN_POINT('',(38.092103189641,90.016223867593,-0.3366));
#5554 = CARTESIAN_POINT('',(38.092103189641,90.016223867593,5.5));
#5555 = CARTESIAN_POINT('',(38.092103189641,90.016223867593,11.3366));
#5556 = CARTESIAN_POINT('',(38.092103189641,90.016223867593,11.6732));
#5557 = CARTESIAN_POINT('',(38.521395107098,93.724999999995,-0.6732));
#5558 = CARTESIAN_POINT('',(38.521395107098,93.724999999995,-0.3366));
#5559 = CARTESIAN_POINT('',(38.521395107098,93.724999999995,5.5));
#5560 = CARTESIAN_POINT('',(38.521395107098,93.724999999995,11.3366));
#5561 = CARTESIAN_POINT('',(38.521395107098,93.724999999995,11.6732));
#5562 = CARTESIAN_POINT('',(42.254933904361,93.724999999995,-0.6732));
#5563 = CARTESIAN_POINT('',(42.254933904361,93.724999999995,-0.3366));
#5564 = CARTESIAN_POINT('',(42.254933904361,93.724999999995,5.5));
#5565 = CARTESIAN_POINT('',(42.254933904361,93.724999999995,11.3366));
#5566 = CARTESIAN_POINT('',(42.254933904361,93.724999999995,11.6732));
#5567 = DEFINITIONAL_REPRESENTATION('',(#5568),#5587);
#5568 = B_SPLINE_CURVE_WITH_KNOTS('',9,(#5569,#5570,#5571,#5572,#5573,
    #5574,#5575,#5576,#5577,#5578,#5579,#5580,#5581,#5582,#5583,#5584,
    #5585,#5586),.UNSPECIFIED.,.F.,.F.,(10,8,10),(232.6757433801,
    235.72559406482,238.77544474954),.UNSPECIFIED.);
#5569 = CARTESIAN_POINT('',(11.,9.5));
#5570 = CARTESIAN_POINT('',(10.376641203135,9.500000000001));
#5571 = CARTESIAN_POINT('',(9.757375946441,9.499999999998));
#5572 = CARTESIAN_POINT('',(9.142053037753,9.500000000001));
#5573 = CARTESIAN_POINT('',(8.530026368721,9.500000000002));
#5574 = CARTESIAN_POINT('',(7.920929823013,9.499999999998));
#5575 = CARTESIAN_POINT('',(7.31419426609,9.500000000002));
#5576 = CARTESIAN_POINT('',(6.708943168874,9.499999999999));
#5577 = CARTESIAN_POINT('',(6.10445899157,9.5));
#5578 = CARTESIAN_POINT('',(4.895477063211,9.5));
#5579 = CARTESIAN_POINT('',(4.29097783904,9.5));
#5580 = CARTESIAN_POINT('',(3.685748978851,9.499999999999));
#5581 = CARTESIAN_POINT('',(3.078910546105,9.500000000001));
#5582 = CARTESIAN_POINT('',(2.470125255055,9.499999999998));
#5583 = CARTESIAN_POINT('',(1.857921283112,9.500000000002));
#5584 = CARTESIAN_POINT('',(1.242673189621,9.499999999998));
#5585 = CARTESIAN_POINT('',(0.62336604821,9.500000000001));
#5586 = CARTESIAN_POINT('',(-1.332E-14,9.5));
#5587 = ( GEOMETRIC_REPRESENTATION_CONTEXT(2) 
PARAMETRIC_REPRESENTATION_CONTEXT() REPRESENTATION_CONTEXT('2D SPACE',''
  ) );
#5588 = ORIENTED_EDGE('',*,*,#5315,.F.);
#5589 = ORIENTED_EDGE('',*,*,#951,.F.);
#5590 = ADVANCED_FACE('',(#5591),#732,.T.);
#5591 = FACE_BOUND('',#5592,.T.);
#5592 = EDGE_LOOP('',(#5593,#5594,#5658,#5686));
#5593 = ORIENTED_EDGE('',*,*,#5379,.T.);
#5594 = ORIENTED_EDGE('',*,*,#5595,.T.);
#5595 = EDGE_CURVE('',#5380,#5596,#5598,.T.);
#5596 = VERTEX_POINT('',#5597);
#5597 = CARTESIAN_POINT('',(80.045066095639,98.487499999992,9.5));
#5598 = SURFACE_CURVE('',#5599,(#5613,#5620),.PCURVE_S1.);
#5599 = ( BOUNDED_CURVE() B_SPLINE_CURVE(12,(#5600,#5601,#5602,#5603,
    #5604,#5605,#5606,#5607,#5608,#5609,#5610,#5611,#5612),
.UNSPECIFIED.,.F.,.F.) B_SPLINE_CURVE_WITH_KNOTS((13,13),(
186.29874258059,192.39844395003),.PIECEWISE_BEZIER_KNOTS.) CURVE() 
GEOMETRIC_REPRESENTATION_ITEM() RATIONAL_B_SPLINE_CURVE((1.,1.,
    0.999999999999,1.000000000002,0.999999999997,1.000000000004,
    0.999999999996,1.000000000003,0.999999999998,1.000000000001,1.,1.,1.
)) REPRESENTATION_ITEM('') );
#5600 = CARTESIAN_POINT('',(84.207896810359,94.77872386759,9.5));
#5601 = CARTESIAN_POINT('',(84.153404099046,95.249502046468,9.5));
#5602 = CARTESIAN_POINT('',(84.038799458839,95.73118683808,9.5));
#5603 = CARTESIAN_POINT('',(83.858031336147,96.212312350642,
    9.500000000001));
#5604 = CARTESIAN_POINT('',(83.608443447821,96.679963721896,
    9.499999999999));
#5605 = CARTESIAN_POINT('',(83.288313772841,97.117391633702,
    9.500000000002));
#5606 = CARTESIAN_POINT('',(82.909413135785,97.509510870979,
    9.499999999998));
#5607 = CARTESIAN_POINT('',(82.472187301229,97.844734487775,
    9.500000000002));
#5608 = CARTESIAN_POINT('',(82.003236072599,98.109767759205,
    9.499999999999));
#5609 = CARTESIAN_POINT('',(81.50924860977,98.305026255894,
    9.500000000001));
#5610 = CARTESIAN_POINT('',(81.010705820689,98.429004279082,9.5));
#5611 = CARTESIAN_POINT('',(80.518993067616,98.487499999992,9.5));
#5612 = CARTESIAN_POINT('',(80.045066095639,98.487499999992,9.5));
#5613 = PCURVE('',#732,#5614);
#5614 = DEFINITIONAL_REPRESENTATION('',(#5615),#5619);
#5615 = LINE('',#5616,#5617);
#5616 = CARTESIAN_POINT('',(6.099701369439,0.));
#5617 = VECTOR('',#5618,1.);
#5618 = DIRECTION('',(0.,1.));
#5619 = ( GEOMETRIC_REPRESENTATION_CONTEXT(2) 
PARAMETRIC_REPRESENTATION_CONTEXT() REPRESENTATION_CONTEXT('2D SPACE',''
  ) );
#5620 = PCURVE('',#5621,#5637);
#5621 = ( BOUNDED_SURFACE() B_SPLINE_SURFACE(2,2,(
    (#5622,#5623,#5624,#5625,#5626)
    ,(#5627,#5628,#5629,#5630,#5631)
    ,(#5632,#5633,#5634,#5635,#5636
)),.UNSPECIFIED.,.F.,.F.,.F.) B_SPLINE_SURFACE_WITH_KNOTS((3,3),(3,1,1,3
    ),(0.,11.),(-0.6732,2.065E-14,11.,11.6732),.UNSPECIFIED.) 
GEOMETRIC_REPRESENTATION_ITEM() RATIONAL_B_SPLINE_SURFACE((
    (1.,1.,1.,1.,1.)
    ,(0.746653392947,0.746653392947,0.746653392947,0.746653392947
      ,0.746653392947)
,(1.,1.,1.,1.,1.))) REPRESENTATION_ITEM('') SURFACE() );
#5622 = CARTESIAN_POINT('',(80.045066095639,98.487499999992,-0.6732));
#5623 = CARTESIAN_POINT('',(80.045066095639,98.487499999992,-0.3366));
#5624 = CARTESIAN_POINT('',(80.045066095639,98.487499999992,5.5));
#5625 = CARTESIAN_POINT('',(80.045066095639,98.487499999992,11.3366));
#5626 = CARTESIAN_POINT('',(80.045066095639,98.487499999992,11.6732));
#5627 = CARTESIAN_POINT('',(83.778604892902,98.487499999992,-0.6732));
#5628 = CARTESIAN_POINT('',(83.778604892902,98.487499999992,-0.3366));
#5629 = CARTESIAN_POINT('',(83.778604892902,98.487499999992,5.5));
#5630 = CARTESIAN_POINT('',(83.778604892902,98.487499999992,11.3366));
#5631 = CARTESIAN_POINT('',(83.778604892902,98.487499999992,11.6732));
#5632 = CARTESIAN_POINT('',(84.207896810359,94.77872386759,-0.6732));
#5633 = CARTESIAN_POINT('',(84.207896810359,94.77872386759,-0.3366));
#5634 = CARTESIAN_POINT('',(84.207896810359,94.77872386759,5.5));
#5635 = CARTESIAN_POINT('',(84.207896810359,94.77872386759,11.3366));
#5636 = CARTESIAN_POINT('',(84.207896810359,94.77872386759,11.6732));
#5637 = DEFINITIONAL_REPRESENTATION('',(#5638),#5657);
#5638 = B_SPLINE_CURVE_WITH_KNOTS('',9,(#5639,#5640,#5641,#5642,#5643,
    #5644,#5645,#5646,#5647,#5648,#5649,#5650,#5651,#5652,#5653,#5654,
    #5655,#5656),.UNSPECIFIED.,.F.,.F.,(10,8,10),(186.29874258059,
    189.34859326531,192.39844395003),.UNSPECIFIED.);
#5639 = CARTESIAN_POINT('',(11.,9.5));
#5640 = CARTESIAN_POINT('',(10.376641203135,9.500000000001));
#5641 = CARTESIAN_POINT('',(9.757375946441,9.499999999999));
#5642 = CARTESIAN_POINT('',(9.142053037753,9.500000000001));
#5643 = CARTESIAN_POINT('',(8.530026368718,9.5));
#5644 = CARTESIAN_POINT('',(7.920929823016,9.499999999999));
#5645 = CARTESIAN_POINT('',(7.314194266091,9.500000000001));
#5646 = CARTESIAN_POINT('',(6.708943168874,9.5));
#5647 = CARTESIAN_POINT('',(6.104458991568,9.5));
#5648 = CARTESIAN_POINT('',(4.895477063207,9.5));
#5649 = CARTESIAN_POINT('',(4.290977839037,9.500000000001));
#5650 = CARTESIAN_POINT('',(3.685748978848,9.499999999998));
#5651 = CARTESIAN_POINT('',(3.078910546105,9.500000000003));
#5652 = CARTESIAN_POINT('',(2.470125255064,9.499999999997));
#5653 = CARTESIAN_POINT('',(1.857921283087,9.500000000002));
#5654 = CARTESIAN_POINT('',(1.242673189624,9.499999999999));
#5655 = CARTESIAN_POINT('',(0.623366048209,9.5));
#5656 = CARTESIAN_POINT('',(3.6E-16,9.5));
#5657 = ( GEOMETRIC_REPRESENTATION_CONTEXT(2) 
PARAMETRIC_REPRESENTATION_CONTEXT() REPRESENTATION_CONTEXT('2D SPACE',''
  ) );
#5658 = ORIENTED_EDGE('',*,*,#5659,.F.);
#5659 = EDGE_CURVE('',#697,#5596,#5660,.T.);
#5660 = SURFACE_CURVE('',#5661,(#5665,#5672),.PCURVE_S1.);
#5661 = ( BOUNDED_CURVE() B_SPLINE_CURVE(2,(#5662,#5663,#5664),
.UNSPECIFIED.,.F.,.F.) B_SPLINE_CURVE_WITH_KNOTS((3,3),(0.,
6.099701369439),.PIECEWISE_BEZIER_KNOTS.) CURVE() 
GEOMETRIC_REPRESENTATION_ITEM() RATIONAL_B_SPLINE_CURVE((1.,
0.707106781187,1.)) REPRESENTATION_ITEM('') );
#5662 = CARTESIAN_POINT('',(80.045066077496,96.987499999992,11.));
#5663 = CARTESIAN_POINT('',(80.045066095639,98.487499999992,11.));
#5664 = CARTESIAN_POINT('',(80.045066095639,98.487499999992,9.5));
#5665 = PCURVE('',#732,#5666);
#5666 = DEFINITIONAL_REPRESENTATION('',(#5667),#5671);
#5667 = LINE('',#5668,#5669);
#5668 = CARTESIAN_POINT('',(0.,192.39844395003));
#5669 = VECTOR('',#5670,1.);
#5670 = DIRECTION('',(1.,0.));
#5671 = ( GEOMETRIC_REPRESENTATION_CONTEXT(2) 
PARAMETRIC_REPRESENTATION_CONTEXT() REPRESENTATION_CONTEXT('2D SPACE',''
  ) );
#5672 = PCURVE('',#795,#5673);
#5673 = DEFINITIONAL_REPRESENTATION('',(#5674),#5685);
#5674 = B_SPLINE_CURVE_WITH_KNOTS('',9,(#5675,#5676,#5677,#5678,#5679,
    #5680,#5681,#5682,#5683,#5684),.UNSPECIFIED.,.F.,.F.,(10,10),(0.,
    6.099701369439),.PIECEWISE_BEZIER_KNOTS.);
#5675 = CARTESIAN_POINT('',(-2.2E-16,6.22E-15));
#5676 = CARTESIAN_POINT('',(0.157134840264,6.22E-15));
#5677 = CARTESIAN_POINT('',(0.325774716821,6.22E-15));
#5678 = CARTESIAN_POINT('',(0.50456638687,6.22E-15));
#5679 = CARTESIAN_POINT('',(0.690744851612,6.22E-15));
#5680 = CARTESIAN_POINT('',(0.880051475183,6.22E-15));
#5681 = CARTESIAN_POINT('',(1.066229939925,6.22E-15));
#5682 = CARTESIAN_POINT('',(1.245021609974,6.22E-15));
#5683 = CARTESIAN_POINT('',(1.413661486531,6.22E-15));
#5684 = CARTESIAN_POINT('',(1.570796326795,6.22E-15));
#5685 = ( GEOMETRIC_REPRESENTATION_CONTEXT(2) 
PARAMETRIC_REPRESENTATION_CONTEXT() REPRESENTATION_CONTEXT('2D SPACE',''
  ) );
#5686 = ORIENTED_EDGE('',*,*,#696,.F.);
#5687 = ADVANCED_FACE('',(#5688),#939,.T.);
#5688 = FACE_BOUND('',#5689,.T.);
#5689 = EDGE_LOOP('',(#5690,#5714,#5740,#5741));
#5690 = ORIENTED_EDGE('',*,*,#5691,.T.);
#5691 = EDGE_CURVE('',#891,#5692,#5694,.T.);
#5692 = VERTEX_POINT('',#5693);
#5693 = CARTESIAN_POINT('',(55.959375,93.724999999995,9.5));
#5694 = SURFACE_CURVE('',#5695,(#5700,#5707),.PCURVE_S1.);
#5695 = CIRCLE('',#5696,1.5);
#5696 = AXIS2_PLACEMENT_3D('',#5697,#5698,#5699);
#5697 = CARTESIAN_POINT('',(55.959375,92.224999999995,9.5));
#5698 = DIRECTION('',(-1.,-4.25E-15,0.));
#5699 = DIRECTION('',(4.25E-15,-1.,0.));
#5700 = PCURVE('',#939,#5701);
#5701 = DEFINITIONAL_REPRESENTATION('',(#5702),#5706);
#5702 = LINE('',#5703,#5704);
#5703 = CARTESIAN_POINT('',(-1.570796326795,0.));
#5704 = VECTOR('',#5705,1.);
#5705 = DIRECTION('',(1.,0.));
#5706 = ( GEOMETRIC_REPRESENTATION_CONTEXT(2) 
PARAMETRIC_REPRESENTATION_CONTEXT() REPRESENTATION_CONTEXT('2D SPACE',''
  ) );
#5707 = PCURVE('',#911,#5708);
#5708 = DEFINITIONAL_REPRESENTATION('',(#5709),#5713);
#5709 = LINE('',#5710,#5711);
#5710 = CARTESIAN_POINT('',(-1.455558865068,0.));
#5711 = VECTOR('',#5712,1.);
#5712 = DIRECTION('',(-0.,1.));
#5713 = ( GEOMETRIC_REPRESENTATION_CONTEXT(2) 
PARAMETRIC_REPRESENTATION_CONTEXT() REPRESENTATION_CONTEXT('2D SPACE',''
  ) );
#5714 = ORIENTED_EDGE('',*,*,#5715,.T.);
#5715 = EDGE_CURVE('',#5692,#5469,#5716,.T.);
#5716 = SURFACE_CURVE('',#5717,(#5721,#5728),.PCURVE_S1.);
#5717 = LINE('',#5718,#5719);
#5718 = CARTESIAN_POINT('',(55.959375,93.724999999995,9.5));
#5719 = VECTOR('',#5720,1.);
#5720 = DIRECTION('',(-1.,0.,0.));
#5721 = PCURVE('',#939,#5722);
#5722 = DEFINITIONAL_REPRESENTATION('',(#5723),#5727);
#5723 = LINE('',#5724,#5725);
#5724 = CARTESIAN_POINT('',(1.570796326795,0.));
#5725 = VECTOR('',#5726,1.);
#5726 = DIRECTION('',(0.,1.));
#5727 = ( GEOMETRIC_REPRESENTATION_CONTEXT(2) 
PARAMETRIC_REPRESENTATION_CONTEXT() REPRESENTATION_CONTEXT('2D SPACE',''
  ) );
#5728 = PCURVE('',#5729,#5734);
#5729 = PLANE('',#5730);
#5730 = AXIS2_PLACEMENT_3D('',#5731,#5732,#5733);
#5731 = CARTESIAN_POINT('',(57.15,93.724999999995,0.));
#5732 = DIRECTION('',(0.,-1.,0.));
#5733 = DIRECTION('',(-1.,0.,0.));
#5734 = DEFINITIONAL_REPRESENTATION('',(#5735),#5739);
#5735 = LINE('',#5736,#5737);
#5736 = CARTESIAN_POINT('',(1.190625,-9.5));
#5737 = VECTOR('',#5738,1.);
#5738 = DIRECTION('',(1.,0.));
#5739 = ( GEOMETRIC_REPRESENTATION_CONTEXT(2) 
PARAMETRIC_REPRESENTATION_CONTEXT() REPRESENTATION_CONTEXT('2D SPACE',''
  ) );
#5740 = ORIENTED_EDGE('',*,*,#5468,.F.);
#5741 = ORIENTED_EDGE('',*,*,#923,.F.);
#5742 = ADVANCED_FACE('',(#5743),#795,.T.);
#5743 = FACE_BOUND('',#5744,.T.);
#5744 = EDGE_LOOP('',(#5745,#5746,#5774,#5831));
#5745 = ORIENTED_EDGE('',*,*,#5659,.T.);
#5746 = ORIENTED_EDGE('',*,*,#5747,.T.);
#5747 = EDGE_CURVE('',#5596,#5748,#5750,.T.);
#5748 = VERTEX_POINT('',#5749);
#5749 = CARTESIAN_POINT('',(61.304933904361,98.487499999992,9.5));
#5750 = SURFACE_CURVE('',#5751,(#5755,#5762),.PCURVE_S1.);
#5751 = LINE('',#5752,#5753);
#5752 = CARTESIAN_POINT('',(80.045066095639,98.487499999992,9.5));
#5753 = VECTOR('',#5754,1.);
#5754 = DIRECTION('',(-1.,0.,0.));
#5755 = PCURVE('',#795,#5756);
#5756 = DEFINITIONAL_REPRESENTATION('',(#5757),#5761);
#5757 = LINE('',#5758,#5759);
#5758 = CARTESIAN_POINT('',(1.570796326795,0.));
#5759 = VECTOR('',#5760,1.);
#5760 = DIRECTION('',(0.,1.));
#5761 = ( GEOMETRIC_REPRESENTATION_CONTEXT(2) 
PARAMETRIC_REPRESENTATION_CONTEXT() REPRESENTATION_CONTEXT('2D SPACE',''
  ) );
#5762 = PCURVE('',#5763,#5768);
#5763 = PLANE('',#5764);
#5764 = AXIS2_PLACEMENT_3D('',#5765,#5766,#5767);
#5765 = CARTESIAN_POINT('',(84.2,98.487499999992,0.));
#5766 = DIRECTION('',(0.,-1.,0.));
#5767 = DIRECTION('',(-1.,0.,0.));
#5768 = DEFINITIONAL_REPRESENTATION('',(#5769),#5773);
#5769 = LINE('',#5770,#5771);
#5770 = CARTESIAN_POINT('',(4.154933904361,-9.5));
#5771 = VECTOR('',#5772,1.);
#5772 = DIRECTION('',(1.,0.));
#5773 = ( GEOMETRIC_REPRESENTATION_CONTEXT(2) 
PARAMETRIC_REPRESENTATION_CONTEXT() REPRESENTATION_CONTEXT('2D SPACE',''
  ) );
#5774 = ORIENTED_EDGE('',*,*,#5775,.F.);
#5775 = EDGE_CURVE('',#780,#5748,#5776,.T.);
#5776 = SURFACE_CURVE('',#5777,(#5782,#5789),.PCURVE_S1.);
#5777 = CIRCLE('',#5778,1.5);
#5778 = AXIS2_PLACEMENT_3D('',#5779,#5780,#5781);
#5779 = CARTESIAN_POINT('',(61.304933904361,96.987499999992,9.5));
#5780 = DIRECTION('',(-1.,0.,0.));
#5781 = DIRECTION('',(0.,0.,1.));
#5782 = PCURVE('',#795,#5783);
#5783 = DEFINITIONAL_REPRESENTATION('',(#5784),#5788);
#5784 = LINE('',#5785,#5786);
#5785 = CARTESIAN_POINT('',(0.,18.740132191277));
#5786 = VECTOR('',#5787,1.);
#5787 = DIRECTION('',(1.,0.));
#5788 = ( GEOMETRIC_REPRESENTATION_CONTEXT(2) 
PARAMETRIC_REPRESENTATION_CONTEXT() REPRESENTATION_CONTEXT('2D SPACE',''
  ) );
#5789 = PCURVE('',#843,#5790);
#5790 = DEFINITIONAL_REPRESENTATION('',(#5791),#5830);
#5791 = B_SPLINE_CURVE_WITH_KNOTS('',7,(#5792,#5793,#5794,#5795,#5796,
    #5797,#5798,#5799,#5800,#5801,#5802,#5803,#5804,#5805,#5806,#5807,
    #5808,#5809,#5810,#5811,#5812,#5813,#5814,#5815,#5816,#5817,#5818,
    #5819,#5820,#5821,#5822,#5823,#5824,#5825,#5826,#5827,#5828,#5829),
  .UNSPECIFIED.,.F.,.F.,(8,6,6,6,6,6,8),(0.,0.196349540849,
    0.392699081699,0.785398163397,1.178097245096,1.374446785946,
    1.570796326795),.UNSPECIFIED.);
#5792 = CARTESIAN_POINT('',(4.4E-16,211.1385761413));
#5793 = CARTESIAN_POINT('',(0.120983299742,211.1385761413));
#5794 = CARTESIAN_POINT('',(0.240327058118,211.1385761413));
#5795 = CARTESIAN_POINT('',(0.358147156157,211.1385761413));
#5796 = CARTESIAN_POINT('',(0.474557218411,211.1385761413));
#5797 = CARTESIAN_POINT('',(0.589655867302,211.1385761413));
#5798 = CARTESIAN_POINT('',(0.703543722202,211.1385761413));
#5799 = CARTESIAN_POINT('',(0.929079942095,211.1385761413));
#5800 = CARTESIAN_POINT('',(1.040728653821,211.1385761413));
#5801 = CARTESIAN_POINT('',(1.151350342794,211.1385761413));
#5802 = CARTESIAN_POINT('',(1.26103259906,211.1385761413));
#5803 = CARTESIAN_POINT('',(1.369858886397,211.1385761413));
#5804 = CARTESIAN_POINT('',(1.477909201471,211.1385761413));
#5805 = CARTESIAN_POINT('',(1.799963796017,211.1385761413));
#5806 = CARTESIAN_POINT('',(2.01187170371,211.1385761413));
#5807 = CARTESIAN_POINT('',(2.221601660656,211.13857614131));
#5808 = CARTESIAN_POINT('',(2.429725675777,211.1385761413));
#5809 = CARTESIAN_POINT('',(2.636787840964,211.13857614131));
#5810 = CARTESIAN_POINT('',(2.843319268131,211.1385761413));
#5811 = CARTESIAN_POINT('',(3.256382101308,211.1385761413));
#5812 = CARTESIAN_POINT('',(3.462913528475,211.13857614131));
#5813 = CARTESIAN_POINT('',(3.669975693661,211.1385761413));
#5814 = CARTESIAN_POINT('',(3.878099708783,211.13857614131));
#5815 = CARTESIAN_POINT('',(4.087829665729,211.1385761413));
#5816 = CARTESIAN_POINT('',(4.299737573422,211.1385761413));
#5817 = CARTESIAN_POINT('',(4.621792167968,211.1385761413));
#5818 = CARTESIAN_POINT('',(4.729842483042,211.1385761413));
#5819 = CARTESIAN_POINT('',(4.838668770379,211.13857614131));
#5820 = CARTESIAN_POINT('',(4.948351026645,211.1385761413));
#5821 = CARTESIAN_POINT('',(5.058972715618,211.1385761413));
#5822 = CARTESIAN_POINT('',(5.170621427344,211.1385761413));
#5823 = CARTESIAN_POINT('',(5.396157647237,211.1385761413));
#5824 = CARTESIAN_POINT('',(5.510045502137,211.1385761413));
#5825 = CARTESIAN_POINT('',(5.625144151027,211.1385761413));
#5826 = CARTESIAN_POINT('',(5.741554213282,211.1385761413));
#5827 = CARTESIAN_POINT('',(5.859374311321,211.1385761413));
#5828 = CARTESIAN_POINT('',(5.978718069697,211.1385761413));
#5829 = CARTESIAN_POINT('',(6.099701369439,211.1385761413));
#5830 = ( GEOMETRIC_REPRESENTATION_CONTEXT(2) 
PARAMETRIC_REPRESENTATION_CONTEXT() REPRESENTATION_CONTEXT('2D SPACE',''
  ) );
#5831 = ORIENTED_EDGE('',*,*,#779,.F.);
#5832 = ADVANCED_FACE('',(#5833),#911,.T.);
#5833 = FACE_BOUND('',#5834,.F.);
#5834 = EDGE_LOOP('',(#5835,#5865,#5866,#5867));
#5835 = ORIENTED_EDGE('',*,*,#5836,.F.);
#5836 = EDGE_CURVE('',#808,#5837,#5839,.T.);
#5837 = VERTEX_POINT('',#5838);
#5838 = CARTESIAN_POINT('',(57.142103189641,94.77872386759,9.5));
#5839 = SURFACE_CURVE('',#5840,(#5844,#5858),.PCURVE_S1.);
#5840 = ( BOUNDED_CURVE() B_SPLINE_CURVE(2,(#5841,#5842,#5843),
.UNSPECIFIED.,.F.,.F.) B_SPLINE_CURVE_WITH_KNOTS((3,3),(0.,
6.099701369439),.PIECEWISE_BEZIER_KNOTS.) CURVE() 
GEOMETRIC_REPRESENTATION_ITEM() RATIONAL_B_SPLINE_CURVE((1.,
0.707106781187,1.)) REPRESENTATION_ITEM('') );
#5841 = CARTESIAN_POINT('',(58.632154450095,94.606249981972,11.));
#5842 = CARTESIAN_POINT('',(57.142103189641,94.77872386759,11.));
#5843 = CARTESIAN_POINT('',(57.142103189641,94.77872386759,9.5));
#5844 = PCURVE('',#911,#5845);
#5845 = DEFINITIONAL_REPRESENTATION('',(#5846),#5857);
#5846 = B_SPLINE_CURVE_WITH_KNOTS('',9,(#5847,#5848,#5849,#5850,#5851,
    #5852,#5853,#5854,#5855,#5856),.UNSPECIFIED.,.F.,.F.,(10,10),(0.,
    6.099701369439),.PIECEWISE_BEZIER_KNOTS.);
#5847 = CARTESIAN_POINT('',(0.,1.570796326795));
#5848 = CARTESIAN_POINT('',(0.,1.727931167059));
#5849 = CARTESIAN_POINT('',(0.,1.896571043616));
#5850 = CARTESIAN_POINT('',(0.,2.075362713665));
#5851 = CARTESIAN_POINT('',(0.,2.261541178407));
#5852 = CARTESIAN_POINT('',(0.,2.450847801978));
#5853 = CARTESIAN_POINT('',(0.,2.63702626672));
#5854 = CARTESIAN_POINT('',(0.,2.815817936769));
#5855 = CARTESIAN_POINT('',(0.,2.984457813326));
#5856 = CARTESIAN_POINT('',(0.,3.14159265359));
#5857 = ( GEOMETRIC_REPRESENTATION_CONTEXT(2) 
PARAMETRIC_REPRESENTATION_CONTEXT() REPRESENTATION_CONTEXT('2D SPACE',''
  ) );
#5858 = PCURVE('',#843,#5859);
#5859 = DEFINITIONAL_REPRESENTATION('',(#5860),#5864);
#5860 = LINE('',#5861,#5862);
#5861 = CARTESIAN_POINT('',(0.,217.23827751074));
#5862 = VECTOR('',#5863,1.);
#5863 = DIRECTION('',(1.,0.));
#5864 = ( GEOMETRIC_REPRESENTATION_CONTEXT(2) 
PARAMETRIC_REPRESENTATION_CONTEXT() REPRESENTATION_CONTEXT('2D SPACE',''
  ) );
#5865 = ORIENTED_EDGE('',*,*,#890,.T.);
#5866 = ORIENTED_EDGE('',*,*,#5691,.T.);
#5867 = ORIENTED_EDGE('',*,*,#5868,.F.);
#5868 = EDGE_CURVE('',#5837,#5692,#5869,.T.);
#5869 = SURFACE_CURVE('',#5870,(#5875,#5882),.PCURVE_S1.);
#5870 = CIRCLE('',#5871,1.190625);
#5871 = AXIS2_PLACEMENT_3D('',#5872,#5873,#5874);
#5872 = CARTESIAN_POINT('',(55.959375,94.915624999995,9.5));
#5873 = DIRECTION('',(0.,-0.,-1.));
#5874 = DIRECTION('',(0.99336750836,-0.114982578398,0.));
#5875 = PCURVE('',#911,#5876);
#5876 = DEFINITIONAL_REPRESENTATION('',(#5877),#5881);
#5877 = LINE('',#5878,#5879);
#5878 = CARTESIAN_POINT('',(-0.,3.14159265359));
#5879 = VECTOR('',#5880,1.);
#5880 = DIRECTION('',(-1.,0.));
#5881 = ( GEOMETRIC_REPRESENTATION_CONTEXT(2) 
PARAMETRIC_REPRESENTATION_CONTEXT() REPRESENTATION_CONTEXT('2D SPACE',''
  ) );
#5882 = PCURVE('',#5883,#5888);
#5883 = CYLINDRICAL_SURFACE('',#5884,1.190625);
#5884 = AXIS2_PLACEMENT_3D('',#5885,#5886,#5887);
#5885 = CARTESIAN_POINT('',(55.959375,94.915624999995,0.));
#5886 = DIRECTION('',(0.,0.,1.));
#5887 = DIRECTION('',(0.,-1.,0.));
#5888 = DEFINITIONAL_REPRESENTATION('',(#5889),#5893);
#5889 = LINE('',#5890,#5891);
#5890 = CARTESIAN_POINT('',(1.455558865068,9.5));
#5891 = VECTOR('',#5892,1.);
#5892 = DIRECTION('',(-1.,-0.));
#5893 = ( GEOMETRIC_REPRESENTATION_CONTEXT(2) 
PARAMETRIC_REPRESENTATION_CONTEXT() REPRESENTATION_CONTEXT('2D SPACE',''
  ) );
#5894 = ADVANCED_FACE('',(#5895),#843,.T.);
#5895 = FACE_BOUND('',#5896,.T.);
#5896 = EDGE_LOOP('',(#5897,#5898,#5960,#5961));
#5897 = ORIENTED_EDGE('',*,*,#5775,.T.);
#5898 = ORIENTED_EDGE('',*,*,#5899,.T.);
#5899 = EDGE_CURVE('',#5748,#5837,#5900,.T.);
#5900 = SURFACE_CURVE('',#5901,(#5915,#5922),.PCURVE_S1.);
#5901 = ( BOUNDED_CURVE() B_SPLINE_CURVE(12,(#5902,#5903,#5904,#5905,
    #5906,#5907,#5908,#5909,#5910,#5911,#5912,#5913,#5914),
.UNSPECIFIED.,.F.,.F.) B_SPLINE_CURVE_WITH_KNOTS((13,13),(211.1385761413
,217.23827751074),.PIECEWISE_BEZIER_KNOTS.) CURVE() 
GEOMETRIC_REPRESENTATION_ITEM() RATIONAL_B_SPLINE_CURVE((1.,1.,1.,1.,
    0.999999999999,1.000000000001,0.999999999999,1.000000000001,1.,1.,1.
,1.,1.)) REPRESENTATION_ITEM('') );
#5902 = CARTESIAN_POINT('',(61.304933904361,98.487499999992,9.5));
#5903 = CARTESIAN_POINT('',(60.831012445369,98.487499999992,9.5));
#5904 = CARTESIAN_POINT('',(60.339344887081,98.429040833416,9.5));
#5905 = CARTESIAN_POINT('',(59.840625250631,98.304792705767,
    9.500000000001));
#5906 = CARTESIAN_POINT('',(59.347377314228,98.110631967434,
    9.499999999999));
#5907 = CARTESIAN_POINT('',(58.876041303973,97.842922139135,
    9.500000000002));
#5908 = CARTESIAN_POINT('',(58.442955821998,97.511621438093,
    9.499999999998));
#5909 = CARTESIAN_POINT('',(58.059682219333,97.115840376343,
    9.500000000002));
#5910 = CARTESIAN_POINT('',(57.742485557348,96.680473671448,
    9.499999999999));
#5911 = CARTESIAN_POINT('',(57.491722158896,96.212213901894,
    9.500000000001));
#5912 = CARTESIAN_POINT('',(57.311242683559,95.731233006419,9.5));
#5913 = CARTESIAN_POINT('',(57.196596534851,95.249507522889,9.5));
#5914 = CARTESIAN_POINT('',(57.142103189641,94.77872386759,9.5));
#5915 = PCURVE('',#843,#5916);
#5916 = DEFINITIONAL_REPRESENTATION('',(#5917),#5921);
#5917 = LINE('',#5918,#5919);
#5918 = CARTESIAN_POINT('',(6.099701369439,0.));
#5919 = VECTOR('',#5920,1.);
#5920 = DIRECTION('',(0.,1.));
#5921 = ( GEOMETRIC_REPRESENTATION_CONTEXT(2) 
PARAMETRIC_REPRESENTATION_CONTEXT() REPRESENTATION_CONTEXT('2D SPACE',''
  ) );
#5922 = PCURVE('',#5923,#5939);
#5923 = ( BOUNDED_SURFACE() B_SPLINE_SURFACE(2,2,(
    (#5924,#5925,#5926,#5927,#5928)
    ,(#5929,#5930,#5931,#5932,#5933)
    ,(#5934,#5935,#5936,#5937,#5938
)),.UNSPECIFIED.,.F.,.F.,.F.) B_SPLINE_SURFACE_WITH_KNOTS((3,3),(3,1,1,3
    ),(0.,11.),(-0.6732,2.076E-14,11.,11.6732),.UNSPECIFIED.) 
GEOMETRIC_REPRESENTATION_ITEM() RATIONAL_B_SPLINE_SURFACE((
    (1.,1.,1.,1.,1.)
    ,(0.746653392947,0.746653392947,0.746653392947,0.746653392947
      ,0.746653392947)
,(1.,1.,1.,1.,1.))) REPRESENTATION_ITEM('') SURFACE() );
#5924 = CARTESIAN_POINT('',(57.142103189641,94.77872386759,-0.6732));
#5925 = CARTESIAN_POINT('',(57.142103189641,94.77872386759,-0.3366));
#5926 = CARTESIAN_POINT('',(57.142103189641,94.77872386759,5.5));
#5927 = CARTESIAN_POINT('',(57.142103189641,94.77872386759,11.3366));
#5928 = CARTESIAN_POINT('',(57.142103189641,94.77872386759,11.6732));
#5929 = CARTESIAN_POINT('',(57.571395107098,98.487499999992,-0.6732));
#5930 = CARTESIAN_POINT('',(57.571395107098,98.487499999992,-0.3366));
#5931 = CARTESIAN_POINT('',(57.571395107098,98.487499999992,5.5));
#5932 = CARTESIAN_POINT('',(57.571395107098,98.487499999992,11.3366));
#5933 = CARTESIAN_POINT('',(57.571395107098,98.487499999992,11.6732));
#5934 = CARTESIAN_POINT('',(61.304933904361,98.487499999992,-0.6732));
#5935 = CARTESIAN_POINT('',(61.304933904361,98.487499999992,-0.3366));
#5936 = CARTESIAN_POINT('',(61.304933904361,98.487499999992,5.5));
#5937 = CARTESIAN_POINT('',(61.304933904361,98.487499999992,11.3366));
#5938 = CARTESIAN_POINT('',(61.304933904361,98.487499999992,11.6732));
#5939 = DEFINITIONAL_REPRESENTATION('',(#5940),#5959);
#5940 = B_SPLINE_CURVE_WITH_KNOTS('',9,(#5941,#5942,#5943,#5944,#5945,
    #5946,#5947,#5948,#5949,#5950,#5951,#5952,#5953,#5954,#5955,#5956,
    #5957,#5958),.UNSPECIFIED.,.F.,.F.,(10,8,10),(211.1385761413,
    214.18842682602,217.23827751074),.UNSPECIFIED.);
#5941 = CARTESIAN_POINT('',(11.,9.5));
#5942 = CARTESIAN_POINT('',(10.376641203136,9.5));
#5943 = CARTESIAN_POINT('',(9.757375946441,9.5));
#5944 = CARTESIAN_POINT('',(9.142053037755,9.5));
#5945 = CARTESIAN_POINT('',(8.530026368721,9.500000000001));
#5946 = CARTESIAN_POINT('',(7.920929823015,9.499999999999));
#5947 = CARTESIAN_POINT('',(7.314194266092,9.500000000001));
#5948 = CARTESIAN_POINT('',(6.708943168874,9.5));
#5949 = CARTESIAN_POINT('',(6.10445899157,9.5));
#5950 = CARTESIAN_POINT('',(4.895477063212,9.5));
#5951 = CARTESIAN_POINT('',(4.290977839043,9.5));
#5952 = CARTESIAN_POINT('',(3.685748978855,9.5));
#5953 = CARTESIAN_POINT('',(3.078910546108,9.500000000001));
#5954 = CARTESIAN_POINT('',(2.470125255056,9.499999999999));
#5955 = CARTESIAN_POINT('',(1.857921283106,9.500000000001));
#5956 = CARTESIAN_POINT('',(1.242673189623,9.5));
#5957 = CARTESIAN_POINT('',(0.623366048209,9.5));
#5958 = CARTESIAN_POINT('',(8.E-17,9.5));
#5959 = ( GEOMETRIC_REPRESENTATION_CONTEXT(2) 
PARAMETRIC_REPRESENTATION_CONTEXT() REPRESENTATION_CONTEXT('2D SPACE',''
  ) );
#5960 = ORIENTED_EDGE('',*,*,#5836,.F.);
#5961 = ORIENTED_EDGE('',*,*,#807,.F.);
#5962 = ADVANCED_FACE('',(#5963),#1688,.F.);
#5963 = FACE_BOUND('',#5964,.F.);
#5964 = EDGE_LOOP('',(#5965,#5966,#5989,#6017));
#5965 = ORIENTED_EDGE('',*,*,#1670,.F.);
#5966 = ORIENTED_EDGE('',*,*,#5967,.T.);
#5967 = EDGE_CURVE('',#1671,#5968,#5970,.T.);
#5968 = VERTEX_POINT('',#5969);
#5969 = CARTESIAN_POINT('',(24.05,5.38125,3.));
#5970 = SURFACE_CURVE('',#5971,(#5975,#5982),.PCURVE_S1.);
#5971 = LINE('',#5972,#5973);
#5972 = CARTESIAN_POINT('',(24.05,5.38125,11.));
#5973 = VECTOR('',#5974,1.);
#5974 = DIRECTION('',(-0.,-0.,-1.));
#5975 = PCURVE('',#1688,#5976);
#5976 = DEFINITIONAL_REPRESENTATION('',(#5977),#5981);
#5977 = LINE('',#5978,#5979);
#5978 = CARTESIAN_POINT('',(2.38125,0.));
#5979 = VECTOR('',#5980,1.);
#5980 = DIRECTION('',(0.,-1.));
#5981 = ( GEOMETRIC_REPRESENTATION_CONTEXT(2) 
PARAMETRIC_REPRESENTATION_CONTEXT() REPRESENTATION_CONTEXT('2D SPACE',''
  ) );
#5982 = PCURVE('',#1721,#5983);
#5983 = DEFINITIONAL_REPRESENTATION('',(#5984),#5988);
#5984 = LINE('',#5985,#5986);
#5985 = CARTESIAN_POINT('',(0.,0.));
#5986 = VECTOR('',#5987,1.);
#5987 = DIRECTION('',(0.,1.));
#5988 = ( GEOMETRIC_REPRESENTATION_CONTEXT(2) 
PARAMETRIC_REPRESENTATION_CONTEXT() REPRESENTATION_CONTEXT('2D SPACE',''
  ) );
#5989 = ORIENTED_EDGE('',*,*,#5990,.T.);
#5990 = EDGE_CURVE('',#5968,#5991,#5993,.T.);
#5991 = VERTEX_POINT('',#5992);
#5992 = CARTESIAN_POINT('',(24.05,6.571875,3.));
#5993 = SURFACE_CURVE('',#5994,(#5998,#6005),.PCURVE_S1.);
#5994 = LINE('',#5995,#5996);
#5995 = CARTESIAN_POINT('',(24.05,3.,3.));
#5996 = VECTOR('',#5997,1.);
#5997 = DIRECTION('',(0.,1.,0.));
#5998 = PCURVE('',#1688,#5999);
#5999 = DEFINITIONAL_REPRESENTATION('',(#6000),#6004);
#6000 = LINE('',#6001,#6002);
#6001 = CARTESIAN_POINT('',(0.,-8.));
#6002 = VECTOR('',#6003,1.);
#6003 = DIRECTION('',(1.,0.));
#6004 = ( GEOMETRIC_REPRESENTATION_CONTEXT(2) 
PARAMETRIC_REPRESENTATION_CONTEXT() REPRESENTATION_CONTEXT('2D SPACE',''
  ) );
#6005 = PCURVE('',#6006,#6011);
#6006 = PLANE('',#6007);
#6007 = AXIS2_PLACEMENT_3D('',#6008,#6009,#6010);
#6008 = CARTESIAN_POINT('',(59.771294621364,50.853189339016,3.));
#6009 = DIRECTION('',(0.,0.,1.));
#6010 = DIRECTION('',(1.,0.,0.));
#6011 = DEFINITIONAL_REPRESENTATION('',(#6012),#6016);
#6012 = LINE('',#6013,#6014);
#6013 = CARTESIAN_POINT('',(-35.72129462136,-47.85318933901));
#6014 = VECTOR('',#6015,1.);
#6015 = DIRECTION('',(0.,1.));
#6016 = ( GEOMETRIC_REPRESENTATION_CONTEXT(2) 
PARAMETRIC_REPRESENTATION_CONTEXT() REPRESENTATION_CONTEXT('2D SPACE',''
  ) );
#6017 = ORIENTED_EDGE('',*,*,#6018,.F.);
#6018 = EDGE_CURVE('',#1673,#5991,#6019,.T.);
#6019 = SURFACE_CURVE('',#6020,(#6024,#6031),.PCURVE_S1.);
#6020 = LINE('',#6021,#6022);
#6021 = CARTESIAN_POINT('',(24.05,6.571875,11.));
#6022 = VECTOR('',#6023,1.);
#6023 = DIRECTION('',(-0.,-0.,-1.));
#6024 = PCURVE('',#1688,#6025);
#6025 = DEFINITIONAL_REPRESENTATION('',(#6026),#6030);
#6026 = LINE('',#6027,#6028);
#6027 = CARTESIAN_POINT('',(3.571875,0.));
#6028 = VECTOR('',#6029,1.);
#6029 = DIRECTION('',(0.,-1.));
#6030 = ( GEOMETRIC_REPRESENTATION_CONTEXT(2) 
PARAMETRIC_REPRESENTATION_CONTEXT() REPRESENTATION_CONTEXT('2D SPACE',''
  ) );
#6031 = PCURVE('',#3098,#6032);
#6032 = DEFINITIONAL_REPRESENTATION('',(#6033),#6037);
#6033 = LINE('',#6034,#6035);
#6034 = CARTESIAN_POINT('',(0.,0.));
#6035 = VECTOR('',#6036,1.);
#6036 = DIRECTION('',(0.,1.));
#6037 = ( GEOMETRIC_REPRESENTATION_CONTEXT(2) 
PARAMETRIC_REPRESENTATION_CONTEXT() REPRESENTATION_CONTEXT('2D SPACE',''
  ) );
#6038 = ADVANCED_FACE('',(#6039),#1721,.F.);
#6039 = FACE_BOUND('',#6040,.F.);
#6040 = EDGE_LOOP('',(#6041,#6042,#6065,#6091));
#6041 = ORIENTED_EDGE('',*,*,#1700,.T.);
#6042 = ORIENTED_EDGE('',*,*,#6043,.T.);
#6043 = EDGE_CURVE('',#1701,#6044,#6046,.T.);
#6044 = VERTEX_POINT('',#6045);
#6045 = CARTESIAN_POINT('',(21.66875,3.,3.));
#6046 = SURFACE_CURVE('',#6047,(#6051,#6058),.PCURVE_S1.);
#6047 = LINE('',#6048,#6049);
#6048 = CARTESIAN_POINT('',(21.66875,3.,11.));
#6049 = VECTOR('',#6050,1.);
#6050 = DIRECTION('',(-0.,-0.,-1.));
#6051 = PCURVE('',#1721,#6052);
#6052 = DEFINITIONAL_REPRESENTATION('',(#6053),#6057);
#6053 = LINE('',#6054,#6055);
#6054 = CARTESIAN_POINT('',(1.570796326795,0.));
#6055 = VECTOR('',#6056,1.);
#6056 = DIRECTION('',(0.,1.));
#6057 = ( GEOMETRIC_REPRESENTATION_CONTEXT(2) 
PARAMETRIC_REPRESENTATION_CONTEXT() REPRESENTATION_CONTEXT('2D SPACE',''
  ) );
#6058 = PCURVE('',#1749,#6059);
#6059 = DEFINITIONAL_REPRESENTATION('',(#6060),#6064);
#6060 = LINE('',#6061,#6062);
#6061 = CARTESIAN_POINT('',(18.66875,0.));
#6062 = VECTOR('',#6063,1.);
#6063 = DIRECTION('',(0.,-1.));
#6064 = ( GEOMETRIC_REPRESENTATION_CONTEXT(2) 
PARAMETRIC_REPRESENTATION_CONTEXT() REPRESENTATION_CONTEXT('2D SPACE',''
  ) );
#6065 = ORIENTED_EDGE('',*,*,#6066,.F.);
#6066 = EDGE_CURVE('',#5968,#6044,#6067,.T.);
#6067 = SURFACE_CURVE('',#6068,(#6073,#6080),.PCURVE_S1.);
#6068 = CIRCLE('',#6069,2.38125);
#6069 = AXIS2_PLACEMENT_3D('',#6070,#6071,#6072);
#6070 = CARTESIAN_POINT('',(21.66875,5.38125,3.));
#6071 = DIRECTION('',(0.,0.,-1.));
#6072 = DIRECTION('',(0.,1.,0.));
#6073 = PCURVE('',#1721,#6074);
#6074 = DEFINITIONAL_REPRESENTATION('',(#6075),#6079);
#6075 = LINE('',#6076,#6077);
#6076 = CARTESIAN_POINT('',(-1.570796326795,8.));
#6077 = VECTOR('',#6078,1.);
#6078 = DIRECTION('',(1.,0.));
#6079 = ( GEOMETRIC_REPRESENTATION_CONTEXT(2) 
PARAMETRIC_REPRESENTATION_CONTEXT() REPRESENTATION_CONTEXT('2D SPACE',''
  ) );
#6080 = PCURVE('',#6006,#6081);
#6081 = DEFINITIONAL_REPRESENTATION('',(#6082),#6090);
#6082 = ( BOUNDED_CURVE() B_SPLINE_CURVE(2,(#6083,#6084,#6085,#6086,
#6087,#6088,#6089),.UNSPECIFIED.,.T.,.F.) B_SPLINE_CURVE_WITH_KNOTS((1,2
    ,2,2,2,1),(-2.094395102393,0.,2.094395102393,4.188790204786,
6.28318530718,8.377580409573),.UNSPECIFIED.) CURVE() 
GEOMETRIC_REPRESENTATION_ITEM() RATIONAL_B_SPLINE_CURVE((1.,0.5,1.,0.5,
1.,0.5,1.)) REPRESENTATION_ITEM('') );
#6083 = CARTESIAN_POINT('',(-38.10254462136,-43.09068933901));
#6084 = CARTESIAN_POINT('',(-33.97809863584,-43.09068933901));
#6085 = CARTESIAN_POINT('',(-36.0403216286,-46.66256433901));
#6086 = CARTESIAN_POINT('',(-38.10254462136,-50.23443933901));
#6087 = CARTESIAN_POINT('',(-40.16476761412,-46.66256433901));
#6088 = CARTESIAN_POINT('',(-42.22699060688,-43.09068933901));
#6089 = CARTESIAN_POINT('',(-38.10254462136,-43.09068933901));
#6090 = ( GEOMETRIC_REPRESENTATION_CONTEXT(2) 
PARAMETRIC_REPRESENTATION_CONTEXT() REPRESENTATION_CONTEXT('2D SPACE',''
  ) );
#6091 = ORIENTED_EDGE('',*,*,#5967,.F.);
#6092 = ADVANCED_FACE('',(#6093),#3098,.T.);
#6093 = FACE_BOUND('',#6094,.T.);
#6094 = EDGE_LOOP('',(#6095,#6096,#6119,#6145));
#6095 = ORIENTED_EDGE('',*,*,#3079,.T.);
#6096 = ORIENTED_EDGE('',*,*,#6097,.T.);
#6097 = EDGE_CURVE('',#3052,#6098,#6100,.T.);
#6098 = VERTEX_POINT('',#6099);
#6099 = CARTESIAN_POINT('',(25.240625,7.7625,3.));
#6100 = SURFACE_CURVE('',#6101,(#6105,#6112),.PCURVE_S1.);
#6101 = LINE('',#6102,#6103);
#6102 = CARTESIAN_POINT('',(25.240625,7.7625,11.));
#6103 = VECTOR('',#6104,1.);
#6104 = DIRECTION('',(-0.,-0.,-1.));
#6105 = PCURVE('',#3098,#6106);
#6106 = DEFINITIONAL_REPRESENTATION('',(#6107),#6111);
#6107 = LINE('',#6108,#6109);
#6108 = CARTESIAN_POINT('',(1.570796326795,0.));
#6109 = VECTOR('',#6110,1.);
#6110 = DIRECTION('',(0.,1.));
#6111 = ( GEOMETRIC_REPRESENTATION_CONTEXT(2) 
PARAMETRIC_REPRESENTATION_CONTEXT() REPRESENTATION_CONTEXT('2D SPACE',''
  ) );
#6112 = PCURVE('',#3067,#6113);
#6113 = DEFINITIONAL_REPRESENTATION('',(#6114),#6118);
#6114 = LINE('',#6115,#6116);
#6115 = CARTESIAN_POINT('',(1.190625,0.));
#6116 = VECTOR('',#6117,1.);
#6117 = DIRECTION('',(0.,-1.));
#6118 = ( GEOMETRIC_REPRESENTATION_CONTEXT(2) 
PARAMETRIC_REPRESENTATION_CONTEXT() REPRESENTATION_CONTEXT('2D SPACE',''
  ) );
#6119 = ORIENTED_EDGE('',*,*,#6120,.F.);
#6120 = EDGE_CURVE('',#5991,#6098,#6121,.T.);
#6121 = SURFACE_CURVE('',#6122,(#6127,#6134),.PCURVE_S1.);
#6122 = CIRCLE('',#6123,1.190625);
#6123 = AXIS2_PLACEMENT_3D('',#6124,#6125,#6126);
#6124 = CARTESIAN_POINT('',(25.240625,6.571875,3.));
#6125 = DIRECTION('',(0.,0.,-1.));
#6126 = DIRECTION('',(0.,1.,0.));
#6127 = PCURVE('',#3098,#6128);
#6128 = DEFINITIONAL_REPRESENTATION('',(#6129),#6133);
#6129 = LINE('',#6130,#6131);
#6130 = CARTESIAN_POINT('',(-4.712388980385,8.));
#6131 = VECTOR('',#6132,1.);
#6132 = DIRECTION('',(1.,0.));
#6133 = ( GEOMETRIC_REPRESENTATION_CONTEXT(2) 
PARAMETRIC_REPRESENTATION_CONTEXT() REPRESENTATION_CONTEXT('2D SPACE',''
  ) );
#6134 = PCURVE('',#6006,#6135);
#6135 = DEFINITIONAL_REPRESENTATION('',(#6136),#6144);
#6136 = ( BOUNDED_CURVE() B_SPLINE_CURVE(2,(#6137,#6138,#6139,#6140,
#6141,#6142,#6143),.UNSPECIFIED.,.T.,.F.) B_SPLINE_CURVE_WITH_KNOTS((1,2
    ,2,2,2,1),(-2.094395102393,0.,2.094395102393,4.188790204786,
6.28318530718,8.377580409573),.UNSPECIFIED.) CURVE() 
GEOMETRIC_REPRESENTATION_ITEM() RATIONAL_B_SPLINE_CURVE((1.,0.5,1.,0.5,
1.,0.5,1.)) REPRESENTATION_ITEM('') );
#6137 = CARTESIAN_POINT('',(-34.53066962136,-43.09068933901));
#6138 = CARTESIAN_POINT('',(-32.4684466286,-43.09068933901));
#6139 = CARTESIAN_POINT('',(-33.49955812498,-44.87662683901));
#6140 = CARTESIAN_POINT('',(-34.53066962136,-46.66256433901));
#6141 = CARTESIAN_POINT('',(-35.56178111774,-44.87662683901));
#6142 = CARTESIAN_POINT('',(-36.59289261412,-43.09068933901));
#6143 = CARTESIAN_POINT('',(-34.53066962136,-43.09068933901));
#6144 = ( GEOMETRIC_REPRESENTATION_CONTEXT(2) 
PARAMETRIC_REPRESENTATION_CONTEXT() REPRESENTATION_CONTEXT('2D SPACE',''
  ) );
#6145 = ORIENTED_EDGE('',*,*,#6018,.F.);
#6146 = ADVANCED_FACE('',(#6147),#1749,.F.);
#6147 = FACE_BOUND('',#6148,.F.);
#6148 = EDGE_LOOP('',(#6149,#6150,#6173,#6194));
#6149 = ORIENTED_EDGE('',*,*,#1733,.F.);
#6150 = ORIENTED_EDGE('',*,*,#6151,.T.);
#6151 = EDGE_CURVE('',#1734,#6152,#6154,.T.);
#6152 = VERTEX_POINT('',#6153);
#6153 = CARTESIAN_POINT('',(5.38125,3.,3.));
#6154 = SURFACE_CURVE('',#6155,(#6159,#6166),.PCURVE_S1.);
#6155 = LINE('',#6156,#6157);
#6156 = CARTESIAN_POINT('',(5.38125,3.,11.));
#6157 = VECTOR('',#6158,1.);
#6158 = DIRECTION('',(-0.,-0.,-1.));
#6159 = PCURVE('',#1749,#6160);
#6160 = DEFINITIONAL_REPRESENTATION('',(#6161),#6165);
#6161 = LINE('',#6162,#6163);
#6162 = CARTESIAN_POINT('',(2.38125,0.));
#6163 = VECTOR('',#6164,1.);
#6164 = DIRECTION('',(0.,-1.));
#6165 = ( GEOMETRIC_REPRESENTATION_CONTEXT(2) 
PARAMETRIC_REPRESENTATION_CONTEXT() REPRESENTATION_CONTEXT('2D SPACE',''
  ) );
#6166 = PCURVE('',#1782,#6167);
#6167 = DEFINITIONAL_REPRESENTATION('',(#6168),#6172);
#6168 = LINE('',#6169,#6170);
#6169 = CARTESIAN_POINT('',(0.,0.));
#6170 = VECTOR('',#6171,1.);
#6171 = DIRECTION('',(0.,1.));
#6172 = ( GEOMETRIC_REPRESENTATION_CONTEXT(2) 
PARAMETRIC_REPRESENTATION_CONTEXT() REPRESENTATION_CONTEXT('2D SPACE',''
  ) );
#6173 = ORIENTED_EDGE('',*,*,#6174,.T.);
#6174 = EDGE_CURVE('',#6152,#6044,#6175,.T.);
#6175 = SURFACE_CURVE('',#6176,(#6180,#6187),.PCURVE_S1.);
#6176 = LINE('',#6177,#6178);
#6177 = CARTESIAN_POINT('',(3.,3.,3.));
#6178 = VECTOR('',#6179,1.);
#6179 = DIRECTION('',(1.,0.,0.));
#6180 = PCURVE('',#1749,#6181);
#6181 = DEFINITIONAL_REPRESENTATION('',(#6182),#6186);
#6182 = LINE('',#6183,#6184);
#6183 = CARTESIAN_POINT('',(0.,-8.));
#6184 = VECTOR('',#6185,1.);
#6185 = DIRECTION('',(1.,0.));
#6186 = ( GEOMETRIC_REPRESENTATION_CONTEXT(2) 
PARAMETRIC_REPRESENTATION_CONTEXT() REPRESENTATION_CONTEXT('2D SPACE',''
  ) );
#6187 = PCURVE('',#6006,#6188);
#6188 = DEFINITIONAL_REPRESENTATION('',(#6189),#6193);
#6189 = LINE('',#6190,#6191);
#6190 = CARTESIAN_POINT('',(-56.77129462136,-47.85318933901));
#6191 = VECTOR('',#6192,1.);
#6192 = DIRECTION('',(1.,0.));
#6193 = ( GEOMETRIC_REPRESENTATION_CONTEXT(2) 
PARAMETRIC_REPRESENTATION_CONTEXT() REPRESENTATION_CONTEXT('2D SPACE',''
  ) );
#6194 = ORIENTED_EDGE('',*,*,#6043,.F.);
#6195 = ADVANCED_FACE('',(#6196),#3067,.F.);
#6196 = FACE_BOUND('',#6197,.F.);
#6197 = EDGE_LOOP('',(#6198,#6199,#6200,#6223));
#6198 = ORIENTED_EDGE('',*,*,#3051,.F.);
#6199 = ORIENTED_EDGE('',*,*,#6097,.T.);
#6200 = ORIENTED_EDGE('',*,*,#6201,.T.);
#6201 = EDGE_CURVE('',#6098,#6202,#6204,.T.);
#6202 = VERTEX_POINT('',#6203);
#6203 = CARTESIAN_POINT('',(40.71875,7.7625,3.));
#6204 = SURFACE_CURVE('',#6205,(#6209,#6216),.PCURVE_S1.);
#6205 = LINE('',#6206,#6207);
#6206 = CARTESIAN_POINT('',(24.05,7.7625,3.));
#6207 = VECTOR('',#6208,1.);
#6208 = DIRECTION('',(1.,0.,0.));
#6209 = PCURVE('',#3067,#6210);
#6210 = DEFINITIONAL_REPRESENTATION('',(#6211),#6215);
#6211 = LINE('',#6212,#6213);
#6212 = CARTESIAN_POINT('',(0.,-8.));
#6213 = VECTOR('',#6214,1.);
#6214 = DIRECTION('',(1.,0.));
#6215 = ( GEOMETRIC_REPRESENTATION_CONTEXT(2) 
PARAMETRIC_REPRESENTATION_CONTEXT() REPRESENTATION_CONTEXT('2D SPACE',''
  ) );
#6216 = PCURVE('',#6006,#6217);
#6217 = DEFINITIONAL_REPRESENTATION('',(#6218),#6222);
#6218 = LINE('',#6219,#6220);
#6219 = CARTESIAN_POINT('',(-35.72129462136,-43.09068933901));
#6220 = VECTOR('',#6221,1.);
#6221 = DIRECTION('',(1.,0.));
#6222 = ( GEOMETRIC_REPRESENTATION_CONTEXT(2) 
PARAMETRIC_REPRESENTATION_CONTEXT() REPRESENTATION_CONTEXT('2D SPACE',''
  ) );
#6223 = ORIENTED_EDGE('',*,*,#6224,.F.);
#6224 = EDGE_CURVE('',#3023,#6202,#6225,.T.);
#6225 = SURFACE_CURVE('',#6226,(#6230,#6237),.PCURVE_S1.);
#6226 = LINE('',#6227,#6228);
#6227 = CARTESIAN_POINT('',(40.71875,7.7625,11.));
#6228 = VECTOR('',#6229,1.);
#6229 = DIRECTION('',(-0.,-0.,-1.));
#6230 = PCURVE('',#3067,#6231);
#6231 = DEFINITIONAL_REPRESENTATION('',(#6232),#6236);
#6232 = LINE('',#6233,#6234);
#6233 = CARTESIAN_POINT('',(16.66875,0.));
#6234 = VECTOR('',#6235,1.);
#6235 = DIRECTION('',(0.,-1.));
#6236 = ( GEOMETRIC_REPRESENTATION_CONTEXT(2) 
PARAMETRIC_REPRESENTATION_CONTEXT() REPRESENTATION_CONTEXT('2D SPACE',''
  ) );
#6237 = PCURVE('',#3039,#6238);
#6238 = DEFINITIONAL_REPRESENTATION('',(#6239),#6243);
#6239 = LINE('',#6240,#6241);
#6240 = CARTESIAN_POINT('',(-0.,0.));
#6241 = VECTOR('',#6242,1.);
#6242 = DIRECTION('',(-0.,1.));
#6243 = ( GEOMETRIC_REPRESENTATION_CONTEXT(2) 
PARAMETRIC_REPRESENTATION_CONTEXT() REPRESENTATION_CONTEXT('2D SPACE',''
  ) );
#6244 = ADVANCED_FACE('',(#6245),#1782,.F.);
#6245 = FACE_BOUND('',#6246,.F.);
#6246 = EDGE_LOOP('',(#6247,#6248,#6271,#6297));
#6247 = ORIENTED_EDGE('',*,*,#1761,.T.);
#6248 = ORIENTED_EDGE('',*,*,#6249,.T.);
#6249 = EDGE_CURVE('',#1762,#6250,#6252,.T.);
#6250 = VERTEX_POINT('',#6251);
#6251 = CARTESIAN_POINT('',(3.,5.38125,3.));
#6252 = SURFACE_CURVE('',#6253,(#6257,#6264),.PCURVE_S1.);
#6253 = LINE('',#6254,#6255);
#6254 = CARTESIAN_POINT('',(3.,5.38125,11.));
#6255 = VECTOR('',#6256,1.);
#6256 = DIRECTION('',(-0.,-0.,-1.));
#6257 = PCURVE('',#1782,#6258);
#6258 = DEFINITIONAL_REPRESENTATION('',(#6259),#6263);
#6259 = LINE('',#6260,#6261);
#6260 = CARTESIAN_POINT('',(1.570796326795,0.));
#6261 = VECTOR('',#6262,1.);
#6262 = DIRECTION('',(0.,1.));
#6263 = ( GEOMETRIC_REPRESENTATION_CONTEXT(2) 
PARAMETRIC_REPRESENTATION_CONTEXT() REPRESENTATION_CONTEXT('2D SPACE',''
  ) );
#6264 = PCURVE('',#1810,#6265);
#6265 = DEFINITIONAL_REPRESENTATION('',(#6266),#6270);
#6266 = LINE('',#6267,#6268);
#6267 = CARTESIAN_POINT('',(75.81875,0.));
#6268 = VECTOR('',#6269,1.);
#6269 = DIRECTION('',(0.,-1.));
#6270 = ( GEOMETRIC_REPRESENTATION_CONTEXT(2) 
PARAMETRIC_REPRESENTATION_CONTEXT() REPRESENTATION_CONTEXT('2D SPACE',''
  ) );
#6271 = ORIENTED_EDGE('',*,*,#6272,.F.);
#6272 = EDGE_CURVE('',#6152,#6250,#6273,.T.);
#6273 = SURFACE_CURVE('',#6274,(#6279,#6286),.PCURVE_S1.);
#6274 = CIRCLE('',#6275,2.38125);
#6275 = AXIS2_PLACEMENT_3D('',#6276,#6277,#6278);
#6276 = CARTESIAN_POINT('',(5.38125,5.38125,3.));
#6277 = DIRECTION('',(0.,0.,-1.));
#6278 = DIRECTION('',(0.,1.,0.));
#6279 = PCURVE('',#1782,#6280);
#6280 = DEFINITIONAL_REPRESENTATION('',(#6281),#6285);
#6281 = LINE('',#6282,#6283);
#6282 = CARTESIAN_POINT('',(-3.14159265359,8.));
#6283 = VECTOR('',#6284,1.);
#6284 = DIRECTION('',(1.,0.));
#6285 = ( GEOMETRIC_REPRESENTATION_CONTEXT(2) 
PARAMETRIC_REPRESENTATION_CONTEXT() REPRESENTATION_CONTEXT('2D SPACE',''
  ) );
#6286 = PCURVE('',#6006,#6287);
#6287 = DEFINITIONAL_REPRESENTATION('',(#6288),#6296);
#6288 = ( BOUNDED_CURVE() B_SPLINE_CURVE(2,(#6289,#6290,#6291,#6292,
#6293,#6294,#6295),.UNSPECIFIED.,.T.,.F.) B_SPLINE_CURVE_WITH_KNOTS((1,2
    ,2,2,2,1),(-2.094395102393,0.,2.094395102393,4.188790204786,
6.28318530718,8.377580409573),.UNSPECIFIED.) CURVE() 
GEOMETRIC_REPRESENTATION_ITEM() RATIONAL_B_SPLINE_CURVE((1.,0.5,1.,0.5,
1.,0.5,1.)) REPRESENTATION_ITEM('') );
#6289 = CARTESIAN_POINT('',(-54.39004462136,-43.09068933901));
#6290 = CARTESIAN_POINT('',(-50.26559863584,-43.09068933901));
#6291 = CARTESIAN_POINT('',(-52.3278216286,-46.66256433901));
#6292 = CARTESIAN_POINT('',(-54.39004462136,-50.23443933901));
#6293 = CARTESIAN_POINT('',(-56.45226761412,-46.66256433901));
#6294 = CARTESIAN_POINT('',(-58.51449060688,-43.09068933901));
#6295 = CARTESIAN_POINT('',(-54.39004462136,-43.09068933901));
#6296 = ( GEOMETRIC_REPRESENTATION_CONTEXT(2) 
PARAMETRIC_REPRESENTATION_CONTEXT() REPRESENTATION_CONTEXT('2D SPACE',''
  ) );
#6297 = ORIENTED_EDGE('',*,*,#6151,.F.);
#6298 = ADVANCED_FACE('',(#6299),#3039,.F.);
#6299 = FACE_BOUND('',#6300,.T.);
#6300 = EDGE_LOOP('',(#6301,#6302,#6325,#6347));
#6301 = ORIENTED_EDGE('',*,*,#3022,.T.);
#6302 = ORIENTED_EDGE('',*,*,#6303,.T.);
#6303 = EDGE_CURVE('',#2995,#6304,#6306,.T.);
#6304 = VERTEX_POINT('',#6305);
#6305 = CARTESIAN_POINT('',(43.1,10.14375,3.));
#6306 = SURFACE_CURVE('',#6307,(#6311,#6318),.PCURVE_S1.);
#6307 = LINE('',#6308,#6309);
#6308 = CARTESIAN_POINT('',(43.1,10.14375,11.));
#6309 = VECTOR('',#6310,1.);
#6310 = DIRECTION('',(-0.,-0.,-1.));
#6311 = PCURVE('',#3039,#6312);
#6312 = DEFINITIONAL_REPRESENTATION('',(#6313),#6317);
#6313 = LINE('',#6314,#6315);
#6314 = CARTESIAN_POINT('',(-1.570796326795,0.));
#6315 = VECTOR('',#6316,1.);
#6316 = DIRECTION('',(-0.,1.));
#6317 = ( GEOMETRIC_REPRESENTATION_CONTEXT(2) 
PARAMETRIC_REPRESENTATION_CONTEXT() REPRESENTATION_CONTEXT('2D SPACE',''
  ) );
#6318 = PCURVE('',#3010,#6319);
#6319 = DEFINITIONAL_REPRESENTATION('',(#6320),#6324);
#6320 = LINE('',#6321,#6322);
#6321 = CARTESIAN_POINT('',(2.38125,0.));
#6322 = VECTOR('',#6323,1.);
#6323 = DIRECTION('',(0.,-1.));
#6324 = ( GEOMETRIC_REPRESENTATION_CONTEXT(2) 
PARAMETRIC_REPRESENTATION_CONTEXT() REPRESENTATION_CONTEXT('2D SPACE',''
  ) );
#6325 = ORIENTED_EDGE('',*,*,#6326,.F.);
#6326 = EDGE_CURVE('',#6202,#6304,#6327,.T.);
#6327 = SURFACE_CURVE('',#6328,(#6333,#6340),.PCURVE_S1.);
#6328 = CIRCLE('',#6329,2.38125);
#6329 = AXIS2_PLACEMENT_3D('',#6330,#6331,#6332);
#6330 = CARTESIAN_POINT('',(40.71875,10.14375,3.));
#6331 = DIRECTION('',(0.,-0.,1.));
#6332 = DIRECTION('',(0.,1.,0.));
#6333 = PCURVE('',#3039,#6334);
#6334 = DEFINITIONAL_REPRESENTATION('',(#6335),#6339);
#6335 = LINE('',#6336,#6337);
#6336 = CARTESIAN_POINT('',(3.14159265359,8.));
#6337 = VECTOR('',#6338,1.);
#6338 = DIRECTION('',(-1.,0.));
#6339 = ( GEOMETRIC_REPRESENTATION_CONTEXT(2) 
PARAMETRIC_REPRESENTATION_CONTEXT() REPRESENTATION_CONTEXT('2D SPACE',''
  ) );
#6340 = PCURVE('',#6006,#6341);
#6341 = DEFINITIONAL_REPRESENTATION('',(#6342),#6346);
#6342 = CIRCLE('',#6343,2.38125);
#6343 = AXIS2_PLACEMENT_2D('',#6344,#6345);
#6344 = CARTESIAN_POINT('',(-19.05254462136,-40.70943933901));
#6345 = DIRECTION('',(0.,1.));
#6346 = ( GEOMETRIC_REPRESENTATION_CONTEXT(2) 
PARAMETRIC_REPRESENTATION_CONTEXT() REPRESENTATION_CONTEXT('2D SPACE',''
  ) );
#6347 = ORIENTED_EDGE('',*,*,#6224,.F.);
#6348 = ADVANCED_FACE('',(#6349),#1810,.F.);
#6349 = FACE_BOUND('',#6350,.F.);
#6350 = EDGE_LOOP('',(#6351,#6352,#6375,#6396));
#6351 = ORIENTED_EDGE('',*,*,#1794,.F.);
#6352 = ORIENTED_EDGE('',*,*,#6353,.T.);
#6353 = EDGE_CURVE('',#1795,#6354,#6356,.T.);
#6354 = VERTEX_POINT('',#6355);
#6355 = CARTESIAN_POINT('',(3.,78.81875,3.));
#6356 = SURFACE_CURVE('',#6357,(#6361,#6368),.PCURVE_S1.);
#6357 = LINE('',#6358,#6359);
#6358 = CARTESIAN_POINT('',(3.,78.81875,11.));
#6359 = VECTOR('',#6360,1.);
#6360 = DIRECTION('',(-0.,-0.,-1.));
#6361 = PCURVE('',#1810,#6362);
#6362 = DEFINITIONAL_REPRESENTATION('',(#6363),#6367);
#6363 = LINE('',#6364,#6365);
#6364 = CARTESIAN_POINT('',(2.38125,0.));
#6365 = VECTOR('',#6366,1.);
#6366 = DIRECTION('',(0.,-1.));
#6367 = ( GEOMETRIC_REPRESENTATION_CONTEXT(2) 
PARAMETRIC_REPRESENTATION_CONTEXT() REPRESENTATION_CONTEXT('2D SPACE',''
  ) );
#6368 = PCURVE('',#1843,#6369);
#6369 = DEFINITIONAL_REPRESENTATION('',(#6370),#6374);
#6370 = LINE('',#6371,#6372);
#6371 = CARTESIAN_POINT('',(0.,0.));
#6372 = VECTOR('',#6373,1.);
#6373 = DIRECTION('',(0.,1.));
#6374 = ( GEOMETRIC_REPRESENTATION_CONTEXT(2) 
PARAMETRIC_REPRESENTATION_CONTEXT() REPRESENTATION_CONTEXT('2D SPACE',''
  ) );
#6375 = ORIENTED_EDGE('',*,*,#6376,.T.);
#6376 = EDGE_CURVE('',#6354,#6250,#6377,.T.);
#6377 = SURFACE_CURVE('',#6378,(#6382,#6389),.PCURVE_S1.);
#6378 = LINE('',#6379,#6380);
#6379 = CARTESIAN_POINT('',(3.,81.2,3.));
#6380 = VECTOR('',#6381,1.);
#6381 = DIRECTION('',(0.,-1.,0.));
#6382 = PCURVE('',#1810,#6383);
#6383 = DEFINITIONAL_REPRESENTATION('',(#6384),#6388);
#6384 = LINE('',#6385,#6386);
#6385 = CARTESIAN_POINT('',(0.,-8.));
#6386 = VECTOR('',#6387,1.);
#6387 = DIRECTION('',(1.,0.));
#6388 = ( GEOMETRIC_REPRESENTATION_CONTEXT(2) 
PARAMETRIC_REPRESENTATION_CONTEXT() REPRESENTATION_CONTEXT('2D SPACE',''
  ) );
#6389 = PCURVE('',#6006,#6390);
#6390 = DEFINITIONAL_REPRESENTATION('',(#6391),#6395);
#6391 = LINE('',#6392,#6393);
#6392 = CARTESIAN_POINT('',(-56.77129462136,30.346810660984));
#6393 = VECTOR('',#6394,1.);
#6394 = DIRECTION('',(0.,-1.));
#6395 = ( GEOMETRIC_REPRESENTATION_CONTEXT(2) 
PARAMETRIC_REPRESENTATION_CONTEXT() REPRESENTATION_CONTEXT('2D SPACE',''
  ) );
#6396 = ORIENTED_EDGE('',*,*,#6249,.F.);
#6397 = ADVANCED_FACE('',(#6398),#3010,.F.);
#6398 = FACE_BOUND('',#6399,.F.);
#6399 = EDGE_LOOP('',(#6400,#6401,#6402,#6425));
#6400 = ORIENTED_EDGE('',*,*,#2994,.F.);
#6401 = ORIENTED_EDGE('',*,*,#6303,.T.);
#6402 = ORIENTED_EDGE('',*,*,#6403,.T.);
#6403 = EDGE_CURVE('',#6304,#6404,#6406,.T.);
#6404 = VERTEX_POINT('',#6405);
#6405 = CARTESIAN_POINT('',(43.1,11.334375,3.));
#6406 = SURFACE_CURVE('',#6407,(#6411,#6418),.PCURVE_S1.);
#6407 = LINE('',#6408,#6409);
#6408 = CARTESIAN_POINT('',(43.1,7.7625,3.));
#6409 = VECTOR('',#6410,1.);
#6410 = DIRECTION('',(0.,1.,0.));
#6411 = PCURVE('',#3010,#6412);
#6412 = DEFINITIONAL_REPRESENTATION('',(#6413),#6417);
#6413 = LINE('',#6414,#6415);
#6414 = CARTESIAN_POINT('',(0.,-8.));
#6415 = VECTOR('',#6416,1.);
#6416 = DIRECTION('',(1.,0.));
#6417 = ( GEOMETRIC_REPRESENTATION_CONTEXT(2) 
PARAMETRIC_REPRESENTATION_CONTEXT() REPRESENTATION_CONTEXT('2D SPACE',''
  ) );
#6418 = PCURVE('',#6006,#6419);
#6419 = DEFINITIONAL_REPRESENTATION('',(#6420),#6424);
#6420 = LINE('',#6421,#6422);
#6421 = CARTESIAN_POINT('',(-16.67129462136,-43.09068933901));
#6422 = VECTOR('',#6423,1.);
#6423 = DIRECTION('',(0.,1.));
#6424 = ( GEOMETRIC_REPRESENTATION_CONTEXT(2) 
PARAMETRIC_REPRESENTATION_CONTEXT() REPRESENTATION_CONTEXT('2D SPACE',''
  ) );
#6425 = ORIENTED_EDGE('',*,*,#6426,.F.);
#6426 = EDGE_CURVE('',#2962,#6404,#6427,.T.);
#6427 = SURFACE_CURVE('',#6428,(#6432,#6439),.PCURVE_S1.);
#6428 = LINE('',#6429,#6430);
#6429 = CARTESIAN_POINT('',(43.1,11.334375,11.));
#6430 = VECTOR('',#6431,1.);
#6431 = DIRECTION('',(-0.,-0.,-1.));
#6432 = PCURVE('',#3010,#6433);
#6433 = DEFINITIONAL_REPRESENTATION('',(#6434),#6438);
#6434 = LINE('',#6435,#6436);
#6435 = CARTESIAN_POINT('',(3.571875,0.));
#6436 = VECTOR('',#6437,1.);
#6437 = DIRECTION('',(0.,-1.));
#6438 = ( GEOMETRIC_REPRESENTATION_CONTEXT(2) 
PARAMETRIC_REPRESENTATION_CONTEXT() REPRESENTATION_CONTEXT('2D SPACE',''
  ) );
#6439 = PCURVE('',#2982,#6440);
#6440 = DEFINITIONAL_REPRESENTATION('',(#6441),#6445);
#6441 = LINE('',#6442,#6443);
#6442 = CARTESIAN_POINT('',(0.,0.));
#6443 = VECTOR('',#6444,1.);
#6444 = DIRECTION('',(0.,1.));
#6445 = ( GEOMETRIC_REPRESENTATION_CONTEXT(2) 
PARAMETRIC_REPRESENTATION_CONTEXT() REPRESENTATION_CONTEXT('2D SPACE',''
  ) );
#6446 = ADVANCED_FACE('',(#6447),#1843,.F.);
#6447 = FACE_BOUND('',#6448,.F.);
#6448 = EDGE_LOOP('',(#6449,#6450,#6473,#6499));
#6449 = ORIENTED_EDGE('',*,*,#1822,.T.);
#6450 = ORIENTED_EDGE('',*,*,#6451,.T.);
#6451 = EDGE_CURVE('',#1823,#6452,#6454,.T.);
#6452 = VERTEX_POINT('',#6453);
#6453 = CARTESIAN_POINT('',(5.38125,81.2,3.));
#6454 = SURFACE_CURVE('',#6455,(#6459,#6466),.PCURVE_S1.);
#6455 = LINE('',#6456,#6457);
#6456 = CARTESIAN_POINT('',(5.38125,81.2,11.));
#6457 = VECTOR('',#6458,1.);
#6458 = DIRECTION('',(-0.,-0.,-1.));
#6459 = PCURVE('',#1843,#6460);
#6460 = DEFINITIONAL_REPRESENTATION('',(#6461),#6465);
#6461 = LINE('',#6462,#6463);
#6462 = CARTESIAN_POINT('',(1.570796326795,0.));
#6463 = VECTOR('',#6464,1.);
#6464 = DIRECTION('',(0.,1.));
#6465 = ( GEOMETRIC_REPRESENTATION_CONTEXT(2) 
PARAMETRIC_REPRESENTATION_CONTEXT() REPRESENTATION_CONTEXT('2D SPACE',''
  ) );
#6466 = PCURVE('',#1871,#6467);
#6467 = DEFINITIONAL_REPRESENTATION('',(#6468),#6472);
#6468 = LINE('',#6469,#6470);
#6469 = CARTESIAN_POINT('',(16.66875,0.));
#6470 = VECTOR('',#6471,1.);
#6471 = DIRECTION('',(0.,-1.));
#6472 = ( GEOMETRIC_REPRESENTATION_CONTEXT(2) 
PARAMETRIC_REPRESENTATION_CONTEXT() REPRESENTATION_CONTEXT('2D SPACE',''
  ) );
#6473 = ORIENTED_EDGE('',*,*,#6474,.F.);
#6474 = EDGE_CURVE('',#6354,#6452,#6475,.T.);
#6475 = SURFACE_CURVE('',#6476,(#6481,#6488),.PCURVE_S1.);
#6476 = CIRCLE('',#6477,2.38125);
#6477 = AXIS2_PLACEMENT_3D('',#6478,#6479,#6480);
#6478 = CARTESIAN_POINT('',(5.38125,78.81875,3.));
#6479 = DIRECTION('',(0.,0.,-1.));
#6480 = DIRECTION('',(0.,1.,0.));
#6481 = PCURVE('',#1843,#6482);
#6482 = DEFINITIONAL_REPRESENTATION('',(#6483),#6487);
#6483 = LINE('',#6484,#6485);
#6484 = CARTESIAN_POINT('',(-4.712388980385,8.));
#6485 = VECTOR('',#6486,1.);
#6486 = DIRECTION('',(1.,0.));
#6487 = ( GEOMETRIC_REPRESENTATION_CONTEXT(2) 
PARAMETRIC_REPRESENTATION_CONTEXT() REPRESENTATION_CONTEXT('2D SPACE',''
  ) );
#6488 = PCURVE('',#6006,#6489);
#6489 = DEFINITIONAL_REPRESENTATION('',(#6490),#6498);
#6490 = ( BOUNDED_CURVE() B_SPLINE_CURVE(2,(#6491,#6492,#6493,#6494,
#6495,#6496,#6497),.UNSPECIFIED.,.T.,.F.) B_SPLINE_CURVE_WITH_KNOTS((1,2
    ,2,2,2,1),(-2.094395102393,0.,2.094395102393,4.188790204786,
6.28318530718,8.377580409573),.UNSPECIFIED.) CURVE() 
GEOMETRIC_REPRESENTATION_ITEM() RATIONAL_B_SPLINE_CURVE((1.,0.5,1.,0.5,
1.,0.5,1.)) REPRESENTATION_ITEM('') );
#6491 = CARTESIAN_POINT('',(-54.39004462136,30.346810660984));
#6492 = CARTESIAN_POINT('',(-50.26559863584,30.346810660984));
#6493 = CARTESIAN_POINT('',(-52.3278216286,26.774935660984));
#6494 = CARTESIAN_POINT('',(-54.39004462136,23.203060660984));
#6495 = CARTESIAN_POINT('',(-56.45226761412,26.774935660984));
#6496 = CARTESIAN_POINT('',(-58.51449060688,30.346810660984));
#6497 = CARTESIAN_POINT('',(-54.39004462136,30.346810660984));
#6498 = ( GEOMETRIC_REPRESENTATION_CONTEXT(2) 
PARAMETRIC_REPRESENTATION_CONTEXT() REPRESENTATION_CONTEXT('2D SPACE',''
  ) );
#6499 = ORIENTED_EDGE('',*,*,#6353,.F.);
#6500 = ADVANCED_FACE('',(#6501),#2982,.T.);
#6501 = FACE_BOUND('',#6502,.T.);
#6502 = EDGE_LOOP('',(#6503,#6504,#6527,#6553));
#6503 = ORIENTED_EDGE('',*,*,#2961,.T.);
#6504 = ORIENTED_EDGE('',*,*,#6505,.T.);
#6505 = EDGE_CURVE('',#2934,#6506,#6508,.T.);
#6506 = VERTEX_POINT('',#6507);
#6507 = CARTESIAN_POINT('',(44.290625,12.525,3.));
#6508 = SURFACE_CURVE('',#6509,(#6513,#6520),.PCURVE_S1.);
#6509 = LINE('',#6510,#6511);
#6510 = CARTESIAN_POINT('',(44.290625,12.525,11.));
#6511 = VECTOR('',#6512,1.);
#6512 = DIRECTION('',(-0.,-0.,-1.));
#6513 = PCURVE('',#2982,#6514);
#6514 = DEFINITIONAL_REPRESENTATION('',(#6515),#6519);
#6515 = LINE('',#6516,#6517);
#6516 = CARTESIAN_POINT('',(1.570796326795,0.));
#6517 = VECTOR('',#6518,1.);
#6518 = DIRECTION('',(0.,1.));
#6519 = ( GEOMETRIC_REPRESENTATION_CONTEXT(2) 
PARAMETRIC_REPRESENTATION_CONTEXT() REPRESENTATION_CONTEXT('2D SPACE',''
  ) );
#6520 = PCURVE('',#2949,#6521);
#6521 = DEFINITIONAL_REPRESENTATION('',(#6522),#6526);
#6522 = LINE('',#6523,#6524);
#6523 = CARTESIAN_POINT('',(1.190625,0.));
#6524 = VECTOR('',#6525,1.);
#6525 = DIRECTION('',(0.,-1.));
#6526 = ( GEOMETRIC_REPRESENTATION_CONTEXT(2) 
PARAMETRIC_REPRESENTATION_CONTEXT() REPRESENTATION_CONTEXT('2D SPACE',''
  ) );
#6527 = ORIENTED_EDGE('',*,*,#6528,.F.);
#6528 = EDGE_CURVE('',#6404,#6506,#6529,.T.);
#6529 = SURFACE_CURVE('',#6530,(#6535,#6542),.PCURVE_S1.);
#6530 = CIRCLE('',#6531,1.190625);
#6531 = AXIS2_PLACEMENT_3D('',#6532,#6533,#6534);
#6532 = CARTESIAN_POINT('',(44.290625,11.334375,3.));
#6533 = DIRECTION('',(0.,0.,-1.));
#6534 = DIRECTION('',(0.,1.,0.));
#6535 = PCURVE('',#2982,#6536);
#6536 = DEFINITIONAL_REPRESENTATION('',(#6537),#6541);
#6537 = LINE('',#6538,#6539);
#6538 = CARTESIAN_POINT('',(-4.712388980385,8.));
#6539 = VECTOR('',#6540,1.);
#6540 = DIRECTION('',(1.,0.));
#6541 = ( GEOMETRIC_REPRESENTATION_CONTEXT(2) 
PARAMETRIC_REPRESENTATION_CONTEXT() REPRESENTATION_CONTEXT('2D SPACE',''
  ) );
#6542 = PCURVE('',#6006,#6543);
#6543 = DEFINITIONAL_REPRESENTATION('',(#6544),#6552);
#6544 = ( BOUNDED_CURVE() B_SPLINE_CURVE(2,(#6545,#6546,#6547,#6548,
#6549,#6550,#6551),.UNSPECIFIED.,.T.,.F.) B_SPLINE_CURVE_WITH_KNOTS((1,2
    ,2,2,2,1),(-2.094395102393,0.,2.094395102393,4.188790204786,
6.28318530718,8.377580409573),.UNSPECIFIED.) CURVE() 
GEOMETRIC_REPRESENTATION_ITEM() RATIONAL_B_SPLINE_CURVE((1.,0.5,1.,0.5,
1.,0.5,1.)) REPRESENTATION_ITEM('') );
#6545 = CARTESIAN_POINT('',(-15.48066962136,-38.32818933901));
#6546 = CARTESIAN_POINT('',(-13.4184466286,-38.32818933901));
#6547 = CARTESIAN_POINT('',(-14.44955812498,-40.11412683901));
#6548 = CARTESIAN_POINT('',(-15.48066962136,-41.90006433901));
#6549 = CARTESIAN_POINT('',(-16.51178111774,-40.11412683901));
#6550 = CARTESIAN_POINT('',(-17.54289261412,-38.32818933901));
#6551 = CARTESIAN_POINT('',(-15.48066962136,-38.32818933901));
#6552 = ( GEOMETRIC_REPRESENTATION_CONTEXT(2) 
PARAMETRIC_REPRESENTATION_CONTEXT() REPRESENTATION_CONTEXT('2D SPACE',''
  ) );
#6553 = ORIENTED_EDGE('',*,*,#6426,.F.);
#6554 = ADVANCED_FACE('',(#6555),#1871,.F.);
#6555 = FACE_BOUND('',#6556,.F.);
#6556 = EDGE_LOOP('',(#6557,#6558,#6581,#6602));
#6557 = ORIENTED_EDGE('',*,*,#1855,.F.);
#6558 = ORIENTED_EDGE('',*,*,#6559,.T.);
#6559 = EDGE_CURVE('',#1856,#6560,#6562,.T.);
#6560 = VERTEX_POINT('',#6561);
#6561 = CARTESIAN_POINT('',(20.859375,81.2,3.));
#6562 = SURFACE_CURVE('',#6563,(#6567,#6574),.PCURVE_S1.);
#6563 = LINE('',#6564,#6565);
#6564 = CARTESIAN_POINT('',(20.859375,81.2,11.));
#6565 = VECTOR('',#6566,1.);
#6566 = DIRECTION('',(-0.,-0.,-1.));
#6567 = PCURVE('',#1871,#6568);
#6568 = DEFINITIONAL_REPRESENTATION('',(#6569),#6573);
#6569 = LINE('',#6570,#6571);
#6570 = CARTESIAN_POINT('',(1.190625,0.));
#6571 = VECTOR('',#6572,1.);
#6572 = DIRECTION('',(0.,-1.));
#6573 = ( GEOMETRIC_REPRESENTATION_CONTEXT(2) 
PARAMETRIC_REPRESENTATION_CONTEXT() REPRESENTATION_CONTEXT('2D SPACE',''
  ) );
#6574 = PCURVE('',#1904,#6575);
#6575 = DEFINITIONAL_REPRESENTATION('',(#6576),#6580);
#6576 = LINE('',#6577,#6578);
#6577 = CARTESIAN_POINT('',(1.570796326795,0.));
#6578 = VECTOR('',#6579,1.);
#6579 = DIRECTION('',(0.,1.));
#6580 = ( GEOMETRIC_REPRESENTATION_CONTEXT(2) 
PARAMETRIC_REPRESENTATION_CONTEXT() REPRESENTATION_CONTEXT('2D SPACE',''
  ) );
#6581 = ORIENTED_EDGE('',*,*,#6582,.T.);
#6582 = EDGE_CURVE('',#6560,#6452,#6583,.T.);
#6583 = SURFACE_CURVE('',#6584,(#6588,#6595),.PCURVE_S1.);
#6584 = LINE('',#6585,#6586);
#6585 = CARTESIAN_POINT('',(22.05,81.2,3.));
#6586 = VECTOR('',#6587,1.);
#6587 = DIRECTION('',(-1.,0.,0.));
#6588 = PCURVE('',#1871,#6589);
#6589 = DEFINITIONAL_REPRESENTATION('',(#6590),#6594);
#6590 = LINE('',#6591,#6592);
#6591 = CARTESIAN_POINT('',(0.,-8.));
#6592 = VECTOR('',#6593,1.);
#6593 = DIRECTION('',(1.,0.));
#6594 = ( GEOMETRIC_REPRESENTATION_CONTEXT(2) 
PARAMETRIC_REPRESENTATION_CONTEXT() REPRESENTATION_CONTEXT('2D SPACE',''
  ) );
#6595 = PCURVE('',#6006,#6596);
#6596 = DEFINITIONAL_REPRESENTATION('',(#6597),#6601);
#6597 = LINE('',#6598,#6599);
#6598 = CARTESIAN_POINT('',(-37.72129462136,30.346810660984));
#6599 = VECTOR('',#6600,1.);
#6600 = DIRECTION('',(-1.,0.));
#6601 = ( GEOMETRIC_REPRESENTATION_CONTEXT(2) 
PARAMETRIC_REPRESENTATION_CONTEXT() REPRESENTATION_CONTEXT('2D SPACE',''
  ) );
#6602 = ORIENTED_EDGE('',*,*,#6451,.F.);
#6603 = ADVANCED_FACE('',(#6604),#2949,.F.);
#6604 = FACE_BOUND('',#6605,.F.);
#6605 = EDGE_LOOP('',(#6606,#6607,#6608,#6631));
#6606 = ORIENTED_EDGE('',*,*,#2933,.F.);
#6607 = ORIENTED_EDGE('',*,*,#6505,.T.);
#6608 = ORIENTED_EDGE('',*,*,#6609,.T.);
#6609 = EDGE_CURVE('',#6506,#6610,#6612,.T.);
#6610 = VERTEX_POINT('',#6611);
#6611 = CARTESIAN_POINT('',(62.15,12.525,3.));
#6612 = SURFACE_CURVE('',#6613,(#6617,#6624),.PCURVE_S1.);
#6613 = LINE('',#6614,#6615);
#6614 = CARTESIAN_POINT('',(43.1,12.525,3.));
#6615 = VECTOR('',#6616,1.);
#6616 = DIRECTION('',(1.,0.,0.));
#6617 = PCURVE('',#2949,#6618);
#6618 = DEFINITIONAL_REPRESENTATION('',(#6619),#6623);
#6619 = LINE('',#6620,#6621);
#6620 = CARTESIAN_POINT('',(0.,-8.));
#6621 = VECTOR('',#6622,1.);
#6622 = DIRECTION('',(1.,0.));
#6623 = ( GEOMETRIC_REPRESENTATION_CONTEXT(2) 
PARAMETRIC_REPRESENTATION_CONTEXT() REPRESENTATION_CONTEXT('2D SPACE',''
  ) );
#6624 = PCURVE('',#6006,#6625);
#6625 = DEFINITIONAL_REPRESENTATION('',(#6626),#6630);
#6626 = LINE('',#6627,#6628);
#6627 = CARTESIAN_POINT('',(-16.67129462136,-38.32818933901));
#6628 = VECTOR('',#6629,1.);
#6629 = DIRECTION('',(1.,0.));
#6630 = ( GEOMETRIC_REPRESENTATION_CONTEXT(2) 
PARAMETRIC_REPRESENTATION_CONTEXT() REPRESENTATION_CONTEXT('2D SPACE',''
  ) );
#6631 = ORIENTED_EDGE('',*,*,#6632,.F.);
#6632 = EDGE_CURVE('',#2905,#6610,#6633,.T.);
#6633 = SURFACE_CURVE('',#6634,(#6638,#6645),.PCURVE_S1.);
#6634 = LINE('',#6635,#6636);
#6635 = CARTESIAN_POINT('',(62.15,12.525,11.));
#6636 = VECTOR('',#6637,1.);
#6637 = DIRECTION('',(-0.,-0.,-1.));
#6638 = PCURVE('',#2949,#6639);
#6639 = DEFINITIONAL_REPRESENTATION('',(#6640),#6644);
#6640 = LINE('',#6641,#6642);
#6641 = CARTESIAN_POINT('',(19.05,0.));
#6642 = VECTOR('',#6643,1.);
#6643 = DIRECTION('',(0.,-1.));
#6644 = ( GEOMETRIC_REPRESENTATION_CONTEXT(2) 
PARAMETRIC_REPRESENTATION_CONTEXT() REPRESENTATION_CONTEXT('2D SPACE',''
  ) );
#6645 = PCURVE('',#2921,#6646);
#6646 = DEFINITIONAL_REPRESENTATION('',(#6647),#6651);
#6647 = LINE('',#6648,#6649);
#6648 = CARTESIAN_POINT('',(-0.,0.));
#6649 = VECTOR('',#6650,1.);
#6650 = DIRECTION('',(-0.,1.));
#6651 = ( GEOMETRIC_REPRESENTATION_CONTEXT(2) 
PARAMETRIC_REPRESENTATION_CONTEXT() REPRESENTATION_CONTEXT('2D SPACE',''
  ) );
#6652 = ADVANCED_FACE('',(#6653),#1904,.T.);
#6653 = FACE_BOUND('',#6654,.T.);
#6654 = EDGE_LOOP('',(#6655,#6656,#6657,#6685));
#6655 = ORIENTED_EDGE('',*,*,#1883,.T.);
#6656 = ORIENTED_EDGE('',*,*,#6559,.T.);
#6657 = ORIENTED_EDGE('',*,*,#6658,.F.);
#6658 = EDGE_CURVE('',#6659,#6560,#6661,.T.);
#6659 = VERTEX_POINT('',#6660);
#6660 = CARTESIAN_POINT('',(22.05,82.390625,3.));
#6661 = SURFACE_CURVE('',#6662,(#6667,#6674),.PCURVE_S1.);
#6662 = CIRCLE('',#6663,1.190625);
#6663 = AXIS2_PLACEMENT_3D('',#6664,#6665,#6666);
#6664 = CARTESIAN_POINT('',(20.859375,82.390625,3.));
#6665 = DIRECTION('',(0.,0.,-1.));
#6666 = DIRECTION('',(0.,1.,0.));
#6667 = PCURVE('',#1904,#6668);
#6668 = DEFINITIONAL_REPRESENTATION('',(#6669),#6673);
#6669 = LINE('',#6670,#6671);
#6670 = CARTESIAN_POINT('',(-1.570796326795,8.));
#6671 = VECTOR('',#6672,1.);
#6672 = DIRECTION('',(1.,0.));
#6673 = ( GEOMETRIC_REPRESENTATION_CONTEXT(2) 
PARAMETRIC_REPRESENTATION_CONTEXT() REPRESENTATION_CONTEXT('2D SPACE',''
  ) );
#6674 = PCURVE('',#6006,#6675);
#6675 = DEFINITIONAL_REPRESENTATION('',(#6676),#6684);
#6676 = ( BOUNDED_CURVE() B_SPLINE_CURVE(2,(#6677,#6678,#6679,#6680,
#6681,#6682,#6683),.UNSPECIFIED.,.T.,.F.) B_SPLINE_CURVE_WITH_KNOTS((1,2
    ,2,2,2,1),(-2.094395102393,0.,2.094395102393,4.188790204786,
6.28318530718,8.377580409573),.UNSPECIFIED.) CURVE() 
GEOMETRIC_REPRESENTATION_ITEM() RATIONAL_B_SPLINE_CURVE((1.,0.5,1.,0.5,
1.,0.5,1.)) REPRESENTATION_ITEM('') );
#6677 = CARTESIAN_POINT('',(-38.91191962136,32.728060660984));
#6678 = CARTESIAN_POINT('',(-36.8496966286,32.728060660984));
#6679 = CARTESIAN_POINT('',(-37.88080812498,30.942123160984));
#6680 = CARTESIAN_POINT('',(-38.91191962136,29.156185660984));
#6681 = CARTESIAN_POINT('',(-39.94303111774,30.942123160984));
#6682 = CARTESIAN_POINT('',(-40.97414261412,32.728060660984));
#6683 = CARTESIAN_POINT('',(-38.91191962136,32.728060660984));
#6684 = ( GEOMETRIC_REPRESENTATION_CONTEXT(2) 
PARAMETRIC_REPRESENTATION_CONTEXT() REPRESENTATION_CONTEXT('2D SPACE',''
  ) );
#6685 = ORIENTED_EDGE('',*,*,#6686,.F.);
#6686 = EDGE_CURVE('',#1884,#6659,#6687,.T.);
#6687 = SURFACE_CURVE('',#6688,(#6692,#6699),.PCURVE_S1.);
#6688 = LINE('',#6689,#6690);
#6689 = CARTESIAN_POINT('',(22.05,82.390625,11.));
#6690 = VECTOR('',#6691,1.);
#6691 = DIRECTION('',(-0.,-0.,-1.));
#6692 = PCURVE('',#1904,#6693);
#6693 = DEFINITIONAL_REPRESENTATION('',(#6694),#6698);
#6694 = LINE('',#6695,#6696);
#6695 = CARTESIAN_POINT('',(0.,0.));
#6696 = VECTOR('',#6697,1.);
#6697 = DIRECTION('',(0.,1.));
#6698 = ( GEOMETRIC_REPRESENTATION_CONTEXT(2) 
PARAMETRIC_REPRESENTATION_CONTEXT() REPRESENTATION_CONTEXT('2D SPACE',''
  ) );
#6699 = PCURVE('',#1932,#6700);
#6700 = DEFINITIONAL_REPRESENTATION('',(#6701),#6705);
#6701 = LINE('',#6702,#6703);
#6702 = CARTESIAN_POINT('',(3.571875,0.));
#6703 = VECTOR('',#6704,1.);
#6704 = DIRECTION('',(0.,-1.));
#6705 = ( GEOMETRIC_REPRESENTATION_CONTEXT(2) 
PARAMETRIC_REPRESENTATION_CONTEXT() REPRESENTATION_CONTEXT('2D SPACE',''
  ) );
#6706 = ADVANCED_FACE('',(#6707),#2921,.F.);
#6707 = FACE_BOUND('',#6708,.T.);
#6708 = EDGE_LOOP('',(#6709,#6710,#6733,#6755));
#6709 = ORIENTED_EDGE('',*,*,#2904,.T.);
#6710 = ORIENTED_EDGE('',*,*,#6711,.T.);
#6711 = EDGE_CURVE('',#2877,#6712,#6714,.T.);
#6712 = VERTEX_POINT('',#6713);
#6713 = CARTESIAN_POINT('',(64.53125,14.90625,3.));
#6714 = SURFACE_CURVE('',#6715,(#6719,#6726),.PCURVE_S1.);
#6715 = LINE('',#6716,#6717);
#6716 = CARTESIAN_POINT('',(64.53125,14.90625,11.));
#6717 = VECTOR('',#6718,1.);
#6718 = DIRECTION('',(-0.,-0.,-1.));
#6719 = PCURVE('',#2921,#6720);
#6720 = DEFINITIONAL_REPRESENTATION('',(#6721),#6725);
#6721 = LINE('',#6722,#6723);
#6722 = CARTESIAN_POINT('',(-1.570796326795,0.));
#6723 = VECTOR('',#6724,1.);
#6724 = DIRECTION('',(-0.,1.));
#6725 = ( GEOMETRIC_REPRESENTATION_CONTEXT(2) 
PARAMETRIC_REPRESENTATION_CONTEXT() REPRESENTATION_CONTEXT('2D SPACE',''
  ) );
#6726 = PCURVE('',#2892,#6727);
#6727 = DEFINITIONAL_REPRESENTATION('',(#6728),#6732);
#6728 = LINE('',#6729,#6730);
#6729 = CARTESIAN_POINT('',(2.38125,0.));
#6730 = VECTOR('',#6731,1.);
#6731 = DIRECTION('',(0.,-1.));
#6732 = ( GEOMETRIC_REPRESENTATION_CONTEXT(2) 
PARAMETRIC_REPRESENTATION_CONTEXT() REPRESENTATION_CONTEXT('2D SPACE',''
  ) );
#6733 = ORIENTED_EDGE('',*,*,#6734,.F.);
#6734 = EDGE_CURVE('',#6610,#6712,#6735,.T.);
#6735 = SURFACE_CURVE('',#6736,(#6741,#6748),.PCURVE_S1.);
#6736 = CIRCLE('',#6737,2.38125);
#6737 = AXIS2_PLACEMENT_3D('',#6738,#6739,#6740);
#6738 = CARTESIAN_POINT('',(62.15,14.90625,3.));
#6739 = DIRECTION('',(0.,-0.,1.));
#6740 = DIRECTION('',(0.,1.,0.));
#6741 = PCURVE('',#2921,#6742);
#6742 = DEFINITIONAL_REPRESENTATION('',(#6743),#6747);
#6743 = LINE('',#6744,#6745);
#6744 = CARTESIAN_POINT('',(3.14159265359,8.));
#6745 = VECTOR('',#6746,1.);
#6746 = DIRECTION('',(-1.,0.));
#6747 = ( GEOMETRIC_REPRESENTATION_CONTEXT(2) 
PARAMETRIC_REPRESENTATION_CONTEXT() REPRESENTATION_CONTEXT('2D SPACE',''
  ) );
#6748 = PCURVE('',#6006,#6749);
#6749 = DEFINITIONAL_REPRESENTATION('',(#6750),#6754);
#6750 = CIRCLE('',#6751,2.38125);
#6751 = AXIS2_PLACEMENT_2D('',#6752,#6753);
#6752 = CARTESIAN_POINT('',(2.378705378636,-35.94693933901));
#6753 = DIRECTION('',(0.,1.));
#6754 = ( GEOMETRIC_REPRESENTATION_CONTEXT(2) 
PARAMETRIC_REPRESENTATION_CONTEXT() REPRESENTATION_CONTEXT('2D SPACE',''
  ) );
#6755 = ORIENTED_EDGE('',*,*,#6632,.F.);
#6756 = ADVANCED_FACE('',(#6757),#1932,.F.);
#6757 = FACE_BOUND('',#6758,.F.);
#6758 = EDGE_LOOP('',(#6759,#6760,#6783,#6804));
#6759 = ORIENTED_EDGE('',*,*,#1916,.F.);
#6760 = ORIENTED_EDGE('',*,*,#6761,.T.);
#6761 = EDGE_CURVE('',#1917,#6762,#6764,.T.);
#6762 = VERTEX_POINT('',#6763);
#6763 = CARTESIAN_POINT('',(22.05,83.58125,3.));
#6764 = SURFACE_CURVE('',#6765,(#6769,#6776),.PCURVE_S1.);
#6765 = LINE('',#6766,#6767);
#6766 = CARTESIAN_POINT('',(22.05,83.58125,11.));
#6767 = VECTOR('',#6768,1.);
#6768 = DIRECTION('',(-0.,-0.,-1.));
#6769 = PCURVE('',#1932,#6770);
#6770 = DEFINITIONAL_REPRESENTATION('',(#6771),#6775);
#6771 = LINE('',#6772,#6773);
#6772 = CARTESIAN_POINT('',(2.38125,0.));
#6773 = VECTOR('',#6774,1.);
#6774 = DIRECTION('',(0.,-1.));
#6775 = ( GEOMETRIC_REPRESENTATION_CONTEXT(2) 
PARAMETRIC_REPRESENTATION_CONTEXT() REPRESENTATION_CONTEXT('2D SPACE',''
  ) );
#6776 = PCURVE('',#1965,#6777);
#6777 = DEFINITIONAL_REPRESENTATION('',(#6778),#6782);
#6778 = LINE('',#6779,#6780);
#6779 = CARTESIAN_POINT('',(0.,0.));
#6780 = VECTOR('',#6781,1.);
#6781 = DIRECTION('',(0.,1.));
#6782 = ( GEOMETRIC_REPRESENTATION_CONTEXT(2) 
PARAMETRIC_REPRESENTATION_CONTEXT() REPRESENTATION_CONTEXT('2D SPACE',''
  ) );
#6783 = ORIENTED_EDGE('',*,*,#6784,.T.);
#6784 = EDGE_CURVE('',#6762,#6659,#6785,.T.);
#6785 = SURFACE_CURVE('',#6786,(#6790,#6797),.PCURVE_S1.);
#6786 = LINE('',#6787,#6788);
#6787 = CARTESIAN_POINT('',(22.05,85.9625,3.));
#6788 = VECTOR('',#6789,1.);
#6789 = DIRECTION('',(0.,-1.,0.));
#6790 = PCURVE('',#1932,#6791);
#6791 = DEFINITIONAL_REPRESENTATION('',(#6792),#6796);
#6792 = LINE('',#6793,#6794);
#6793 = CARTESIAN_POINT('',(0.,-8.));
#6794 = VECTOR('',#6795,1.);
#6795 = DIRECTION('',(1.,0.));
#6796 = ( GEOMETRIC_REPRESENTATION_CONTEXT(2) 
PARAMETRIC_REPRESENTATION_CONTEXT() REPRESENTATION_CONTEXT('2D SPACE',''
  ) );
#6797 = PCURVE('',#6006,#6798);
#6798 = DEFINITIONAL_REPRESENTATION('',(#6799),#6803);
#6799 = LINE('',#6800,#6801);
#6800 = CARTESIAN_POINT('',(-37.72129462136,35.109310660984));
#6801 = VECTOR('',#6802,1.);
#6802 = DIRECTION('',(0.,-1.));
#6803 = ( GEOMETRIC_REPRESENTATION_CONTEXT(2) 
PARAMETRIC_REPRESENTATION_CONTEXT() REPRESENTATION_CONTEXT('2D SPACE',''
  ) );
#6804 = ORIENTED_EDGE('',*,*,#6686,.F.);
#6805 = ADVANCED_FACE('',(#6806),#2892,.F.);
#6806 = FACE_BOUND('',#6807,.F.);
#6807 = EDGE_LOOP('',(#6808,#6809,#6810,#6833));
#6808 = ORIENTED_EDGE('',*,*,#2876,.F.);
#6809 = ORIENTED_EDGE('',*,*,#6711,.T.);
#6810 = ORIENTED_EDGE('',*,*,#6811,.T.);
#6811 = EDGE_CURVE('',#6712,#6812,#6814,.T.);
#6812 = VERTEX_POINT('',#6813);
#6813 = CARTESIAN_POINT('',(64.53125,35.146875,3.));
#6814 = SURFACE_CURVE('',#6815,(#6819,#6826),.PCURVE_S1.);
#6815 = LINE('',#6816,#6817);
#6816 = CARTESIAN_POINT('',(64.53125,12.525,3.));
#6817 = VECTOR('',#6818,1.);
#6818 = DIRECTION('',(0.,1.,0.));
#6819 = PCURVE('',#2892,#6820);
#6820 = DEFINITIONAL_REPRESENTATION('',(#6821),#6825);
#6821 = LINE('',#6822,#6823);
#6822 = CARTESIAN_POINT('',(0.,-8.));
#6823 = VECTOR('',#6824,1.);
#6824 = DIRECTION('',(1.,0.));
#6825 = ( GEOMETRIC_REPRESENTATION_CONTEXT(2) 
PARAMETRIC_REPRESENTATION_CONTEXT() REPRESENTATION_CONTEXT('2D SPACE',''
  ) );
#6826 = PCURVE('',#6006,#6827);
#6827 = DEFINITIONAL_REPRESENTATION('',(#6828),#6832);
#6828 = LINE('',#6829,#6830);
#6829 = CARTESIAN_POINT('',(4.759955378636,-38.32818933901));
#6830 = VECTOR('',#6831,1.);
#6831 = DIRECTION('',(0.,1.));
#6832 = ( GEOMETRIC_REPRESENTATION_CONTEXT(2) 
PARAMETRIC_REPRESENTATION_CONTEXT() REPRESENTATION_CONTEXT('2D SPACE',''
  ) );
#6833 = ORIENTED_EDGE('',*,*,#6834,.F.);
#6834 = EDGE_CURVE('',#2844,#6812,#6835,.T.);
#6835 = SURFACE_CURVE('',#6836,(#6840,#6847),.PCURVE_S1.);
#6836 = LINE('',#6837,#6838);
#6837 = CARTESIAN_POINT('',(64.53125,35.146875,11.));
#6838 = VECTOR('',#6839,1.);
#6839 = DIRECTION('',(-0.,-0.,-1.));
#6840 = PCURVE('',#2892,#6841);
#6841 = DEFINITIONAL_REPRESENTATION('',(#6842),#6846);
#6842 = LINE('',#6843,#6844);
#6843 = CARTESIAN_POINT('',(22.621875,0.));
#6844 = VECTOR('',#6845,1.);
#6845 = DIRECTION('',(0.,-1.));
#6846 = ( GEOMETRIC_REPRESENTATION_CONTEXT(2) 
PARAMETRIC_REPRESENTATION_CONTEXT() REPRESENTATION_CONTEXT('2D SPACE',''
  ) );
#6847 = PCURVE('',#2864,#6848);
#6848 = DEFINITIONAL_REPRESENTATION('',(#6849),#6853);
#6849 = LINE('',#6850,#6851);
#6850 = CARTESIAN_POINT('',(0.,0.));
#6851 = VECTOR('',#6852,1.);
#6852 = DIRECTION('',(0.,1.));
#6853 = ( GEOMETRIC_REPRESENTATION_CONTEXT(2) 
PARAMETRIC_REPRESENTATION_CONTEXT() REPRESENTATION_CONTEXT('2D SPACE',''
  ) );
#6854 = ADVANCED_FACE('',(#6855),#1965,.F.);
#6855 = FACE_BOUND('',#6856,.F.);
#6856 = EDGE_LOOP('',(#6857,#6858,#6881,#6907));
#6857 = ORIENTED_EDGE('',*,*,#1944,.T.);
#6858 = ORIENTED_EDGE('',*,*,#6859,.T.);
#6859 = EDGE_CURVE('',#1945,#6860,#6862,.T.);
#6860 = VERTEX_POINT('',#6861);
#6861 = CARTESIAN_POINT('',(24.43125,85.9625,3.));
#6862 = SURFACE_CURVE('',#6863,(#6867,#6874),.PCURVE_S1.);
#6863 = LINE('',#6864,#6865);
#6864 = CARTESIAN_POINT('',(24.43125,85.9625,11.));
#6865 = VECTOR('',#6866,1.);
#6866 = DIRECTION('',(-0.,-0.,-1.));
#6867 = PCURVE('',#1965,#6868);
#6868 = DEFINITIONAL_REPRESENTATION('',(#6869),#6873);
#6869 = LINE('',#6870,#6871);
#6870 = CARTESIAN_POINT('',(1.570796326795,0.));
#6871 = VECTOR('',#6872,1.);
#6872 = DIRECTION('',(0.,1.));
#6873 = ( GEOMETRIC_REPRESENTATION_CONTEXT(2) 
PARAMETRIC_REPRESENTATION_CONTEXT() REPRESENTATION_CONTEXT('2D SPACE',''
  ) );
#6874 = PCURVE('',#1993,#6875);
#6875 = DEFINITIONAL_REPRESENTATION('',(#6876),#6880);
#6876 = LINE('',#6877,#6878);
#6877 = CARTESIAN_POINT('',(16.66875,0.));
#6878 = VECTOR('',#6879,1.);
#6879 = DIRECTION('',(0.,-1.));
#6880 = ( GEOMETRIC_REPRESENTATION_CONTEXT(2) 
PARAMETRIC_REPRESENTATION_CONTEXT() REPRESENTATION_CONTEXT('2D SPACE',''
  ) );
#6881 = ORIENTED_EDGE('',*,*,#6882,.F.);
#6882 = EDGE_CURVE('',#6762,#6860,#6883,.T.);
#6883 = SURFACE_CURVE('',#6884,(#6889,#6896),.PCURVE_S1.);
#6884 = CIRCLE('',#6885,2.38125);
#6885 = AXIS2_PLACEMENT_3D('',#6886,#6887,#6888);
#6886 = CARTESIAN_POINT('',(24.43125,83.58125,3.));
#6887 = DIRECTION('',(0.,0.,-1.));
#6888 = DIRECTION('',(0.,1.,0.));
#6889 = PCURVE('',#1965,#6890);
#6890 = DEFINITIONAL_REPRESENTATION('',(#6891),#6895);
#6891 = LINE('',#6892,#6893);
#6892 = CARTESIAN_POINT('',(-4.712388980385,8.));
#6893 = VECTOR('',#6894,1.);
#6894 = DIRECTION('',(1.,0.));
#6895 = ( GEOMETRIC_REPRESENTATION_CONTEXT(2) 
PARAMETRIC_REPRESENTATION_CONTEXT() REPRESENTATION_CONTEXT('2D SPACE',''
  ) );
#6896 = PCURVE('',#6006,#6897);
#6897 = DEFINITIONAL_REPRESENTATION('',(#6898),#6906);
#6898 = ( BOUNDED_CURVE() B_SPLINE_CURVE(2,(#6899,#6900,#6901,#6902,
#6903,#6904,#6905),.UNSPECIFIED.,.T.,.F.) B_SPLINE_CURVE_WITH_KNOTS((1,2
    ,2,2,2,1),(-2.094395102393,0.,2.094395102393,4.188790204786,
6.28318530718,8.377580409573),.UNSPECIFIED.) CURVE() 
GEOMETRIC_REPRESENTATION_ITEM() RATIONAL_B_SPLINE_CURVE((1.,0.5,1.,0.5,
1.,0.5,1.)) REPRESENTATION_ITEM('') );
#6899 = CARTESIAN_POINT('',(-35.34004462136,35.109310660984));
#6900 = CARTESIAN_POINT('',(-31.21559863584,35.109310660984));
#6901 = CARTESIAN_POINT('',(-33.2778216286,31.537435660984));
#6902 = CARTESIAN_POINT('',(-35.34004462136,27.965560660984));
#6903 = CARTESIAN_POINT('',(-37.40226761412,31.537435660984));
#6904 = CARTESIAN_POINT('',(-39.46449060688,35.109310660984));
#6905 = CARTESIAN_POINT('',(-35.34004462136,35.109310660984));
#6906 = ( GEOMETRIC_REPRESENTATION_CONTEXT(2) 
PARAMETRIC_REPRESENTATION_CONTEXT() REPRESENTATION_CONTEXT('2D SPACE',''
  ) );
#6907 = ORIENTED_EDGE('',*,*,#6761,.F.);
#6908 = ADVANCED_FACE('',(#6909),#2864,.T.);
#6909 = FACE_BOUND('',#6910,.T.);
#6910 = EDGE_LOOP('',(#6911,#6912,#6935,#6961));
#6911 = ORIENTED_EDGE('',*,*,#2843,.T.);
#6912 = ORIENTED_EDGE('',*,*,#6913,.T.);
#6913 = EDGE_CURVE('',#2816,#6914,#6916,.T.);
#6914 = VERTEX_POINT('',#6915);
#6915 = CARTESIAN_POINT('',(65.721875,36.3375,3.));
#6916 = SURFACE_CURVE('',#6917,(#6921,#6928),.PCURVE_S1.);
#6917 = LINE('',#6918,#6919);
#6918 = CARTESIAN_POINT('',(65.721875,36.3375,11.));
#6919 = VECTOR('',#6920,1.);
#6920 = DIRECTION('',(-0.,-0.,-1.));
#6921 = PCURVE('',#2864,#6922);
#6922 = DEFINITIONAL_REPRESENTATION('',(#6923),#6927);
#6923 = LINE('',#6924,#6925);
#6924 = CARTESIAN_POINT('',(1.570796326795,0.));
#6925 = VECTOR('',#6926,1.);
#6926 = DIRECTION('',(0.,1.));
#6927 = ( GEOMETRIC_REPRESENTATION_CONTEXT(2) 
PARAMETRIC_REPRESENTATION_CONTEXT() REPRESENTATION_CONTEXT('2D SPACE',''
  ) );
#6928 = PCURVE('',#2831,#6929);
#6929 = DEFINITIONAL_REPRESENTATION('',(#6930),#6934);
#6930 = LINE('',#6931,#6932);
#6931 = CARTESIAN_POINT('',(1.190625,0.));
#6932 = VECTOR('',#6933,1.);
#6933 = DIRECTION('',(0.,-1.));
#6934 = ( GEOMETRIC_REPRESENTATION_CONTEXT(2) 
PARAMETRIC_REPRESENTATION_CONTEXT() REPRESENTATION_CONTEXT('2D SPACE',''
  ) );
#6935 = ORIENTED_EDGE('',*,*,#6936,.F.);
#6936 = EDGE_CURVE('',#6812,#6914,#6937,.T.);
#6937 = SURFACE_CURVE('',#6938,(#6943,#6950),.PCURVE_S1.);
#6938 = CIRCLE('',#6939,1.190625);
#6939 = AXIS2_PLACEMENT_3D('',#6940,#6941,#6942);
#6940 = CARTESIAN_POINT('',(65.721875,35.146875,3.));
#6941 = DIRECTION('',(0.,0.,-1.));
#6942 = DIRECTION('',(0.,1.,0.));
#6943 = PCURVE('',#2864,#6944);
#6944 = DEFINITIONAL_REPRESENTATION('',(#6945),#6949);
#6945 = LINE('',#6946,#6947);
#6946 = CARTESIAN_POINT('',(-4.712388980385,8.));
#6947 = VECTOR('',#6948,1.);
#6948 = DIRECTION('',(1.,0.));
#6949 = ( GEOMETRIC_REPRESENTATION_CONTEXT(2) 
PARAMETRIC_REPRESENTATION_CONTEXT() REPRESENTATION_CONTEXT('2D SPACE',''
  ) );
#6950 = PCURVE('',#6006,#6951);
#6951 = DEFINITIONAL_REPRESENTATION('',(#6952),#6960);
#6952 = ( BOUNDED_CURVE() B_SPLINE_CURVE(2,(#6953,#6954,#6955,#6956,
#6957,#6958,#6959),.UNSPECIFIED.,.T.,.F.) B_SPLINE_CURVE_WITH_KNOTS((1,2
    ,2,2,2,1),(-2.094395102393,0.,2.094395102393,4.188790204786,
6.28318530718,8.377580409573),.UNSPECIFIED.) CURVE() 
GEOMETRIC_REPRESENTATION_ITEM() RATIONAL_B_SPLINE_CURVE((1.,0.5,1.,0.5,
1.,0.5,1.)) REPRESENTATION_ITEM('') );
#6953 = CARTESIAN_POINT('',(5.950580378636,-14.51568933901));
#6954 = CARTESIAN_POINT('',(8.012803371397,-14.51568933901));
#6955 = CARTESIAN_POINT('',(6.981691875016,-16.30162683901));
#6956 = CARTESIAN_POINT('',(5.950580378636,-18.08756433901));
#6957 = CARTESIAN_POINT('',(4.919468882255,-16.30162683901));
#6958 = CARTESIAN_POINT('',(3.888357385874,-14.51568933901));
#6959 = CARTESIAN_POINT('',(5.950580378636,-14.51568933901));
#6960 = ( GEOMETRIC_REPRESENTATION_CONTEXT(2) 
PARAMETRIC_REPRESENTATION_CONTEXT() REPRESENTATION_CONTEXT('2D SPACE',''
  ) );
#6961 = ORIENTED_EDGE('',*,*,#6834,.F.);
#6962 = ADVANCED_FACE('',(#6963),#1993,.F.);
#6963 = FACE_BOUND('',#6964,.F.);
#6964 = EDGE_LOOP('',(#6965,#6966,#6989,#7010));
#6965 = ORIENTED_EDGE('',*,*,#1977,.F.);
#6966 = ORIENTED_EDGE('',*,*,#6967,.T.);
#6967 = EDGE_CURVE('',#1978,#6968,#6970,.T.);
#6968 = VERTEX_POINT('',#6969);
#6969 = CARTESIAN_POINT('',(39.909375,85.9625,3.));
#6970 = SURFACE_CURVE('',#6971,(#6975,#6982),.PCURVE_S1.);
#6971 = LINE('',#6972,#6973);
#6972 = CARTESIAN_POINT('',(39.909375,85.9625,11.));
#6973 = VECTOR('',#6974,1.);
#6974 = DIRECTION('',(-0.,-0.,-1.));
#6975 = PCURVE('',#1993,#6976);
#6976 = DEFINITIONAL_REPRESENTATION('',(#6977),#6981);
#6977 = LINE('',#6978,#6979);
#6978 = CARTESIAN_POINT('',(1.190625,0.));
#6979 = VECTOR('',#6980,1.);
#6980 = DIRECTION('',(0.,-1.));
#6981 = ( GEOMETRIC_REPRESENTATION_CONTEXT(2) 
PARAMETRIC_REPRESENTATION_CONTEXT() REPRESENTATION_CONTEXT('2D SPACE',''
  ) );
#6982 = PCURVE('',#2026,#6983);
#6983 = DEFINITIONAL_REPRESENTATION('',(#6984),#6988);
#6984 = LINE('',#6985,#6986);
#6985 = CARTESIAN_POINT('',(1.570796326795,0.));
#6986 = VECTOR('',#6987,1.);
#6987 = DIRECTION('',(0.,1.));
#6988 = ( GEOMETRIC_REPRESENTATION_CONTEXT(2) 
PARAMETRIC_REPRESENTATION_CONTEXT() REPRESENTATION_CONTEXT('2D SPACE',''
  ) );
#6989 = ORIENTED_EDGE('',*,*,#6990,.T.);
#6990 = EDGE_CURVE('',#6968,#6860,#6991,.T.);
#6991 = SURFACE_CURVE('',#6992,(#6996,#7003),.PCURVE_S1.);
#6992 = LINE('',#6993,#6994);
#6993 = CARTESIAN_POINT('',(41.1,85.9625,3.));
#6994 = VECTOR('',#6995,1.);
#6995 = DIRECTION('',(-1.,0.,0.));
#6996 = PCURVE('',#1993,#6997);
#6997 = DEFINITIONAL_REPRESENTATION('',(#6998),#7002);
#6998 = LINE('',#6999,#7000);
#6999 = CARTESIAN_POINT('',(0.,-8.));
#7000 = VECTOR('',#7001,1.);
#7001 = DIRECTION('',(1.,0.));
#7002 = ( GEOMETRIC_REPRESENTATION_CONTEXT(2) 
PARAMETRIC_REPRESENTATION_CONTEXT() REPRESENTATION_CONTEXT('2D SPACE',''
  ) );
#7003 = PCURVE('',#6006,#7004);
#7004 = DEFINITIONAL_REPRESENTATION('',(#7005),#7009);
#7005 = LINE('',#7006,#7007);
#7006 = CARTESIAN_POINT('',(-18.67129462136,35.109310660984));
#7007 = VECTOR('',#7008,1.);
#7008 = DIRECTION('',(-1.,0.));
#7009 = ( GEOMETRIC_REPRESENTATION_CONTEXT(2) 
PARAMETRIC_REPRESENTATION_CONTEXT() REPRESENTATION_CONTEXT('2D SPACE',''
  ) );
#7010 = ORIENTED_EDGE('',*,*,#6859,.F.);
#7011 = ADVANCED_FACE('',(#7012),#2831,.F.);
#7012 = FACE_BOUND('',#7013,.F.);
#7013 = EDGE_LOOP('',(#7014,#7015,#7016,#7039));
#7014 = ORIENTED_EDGE('',*,*,#2815,.F.);
#7015 = ORIENTED_EDGE('',*,*,#6913,.T.);
#7016 = ORIENTED_EDGE('',*,*,#7017,.T.);
#7017 = EDGE_CURVE('',#6914,#7018,#7020,.T.);
#7018 = VERTEX_POINT('',#7019);
#7019 = CARTESIAN_POINT('',(78.009375,36.3375,3.));
#7020 = SURFACE_CURVE('',#7021,(#7025,#7032),.PCURVE_S1.);
#7021 = LINE('',#7022,#7023);
#7022 = CARTESIAN_POINT('',(64.53125,36.3375,3.));
#7023 = VECTOR('',#7024,1.);
#7024 = DIRECTION('',(1.,0.,0.));
#7025 = PCURVE('',#2831,#7026);
#7026 = DEFINITIONAL_REPRESENTATION('',(#7027),#7031);
#7027 = LINE('',#7028,#7029);
#7028 = CARTESIAN_POINT('',(0.,-8.));
#7029 = VECTOR('',#7030,1.);
#7030 = DIRECTION('',(1.,0.));
#7031 = ( GEOMETRIC_REPRESENTATION_CONTEXT(2) 
PARAMETRIC_REPRESENTATION_CONTEXT() REPRESENTATION_CONTEXT('2D SPACE',''
  ) );
#7032 = PCURVE('',#6006,#7033);
#7033 = DEFINITIONAL_REPRESENTATION('',(#7034),#7038);
#7034 = LINE('',#7035,#7036);
#7035 = CARTESIAN_POINT('',(4.759955378636,-14.51568933901));
#7036 = VECTOR('',#7037,1.);
#7037 = DIRECTION('',(1.,0.));
#7038 = ( GEOMETRIC_REPRESENTATION_CONTEXT(2) 
PARAMETRIC_REPRESENTATION_CONTEXT() REPRESENTATION_CONTEXT('2D SPACE',''
  ) );
#7039 = ORIENTED_EDGE('',*,*,#7040,.F.);
#7040 = EDGE_CURVE('',#2783,#7018,#7041,.T.);
#7041 = SURFACE_CURVE('',#7042,(#7046,#7053),.PCURVE_S1.);
#7042 = LINE('',#7043,#7044);
#7043 = CARTESIAN_POINT('',(78.009375,36.3375,11.));
#7044 = VECTOR('',#7045,1.);
#7045 = DIRECTION('',(-0.,-0.,-1.));
#7046 = PCURVE('',#2831,#7047);
#7047 = DEFINITIONAL_REPRESENTATION('',(#7048),#7052);
#7048 = LINE('',#7049,#7050);
#7049 = CARTESIAN_POINT('',(13.478125,0.));
#7050 = VECTOR('',#7051,1.);
#7051 = DIRECTION('',(0.,-1.));
#7052 = ( GEOMETRIC_REPRESENTATION_CONTEXT(2) 
PARAMETRIC_REPRESENTATION_CONTEXT() REPRESENTATION_CONTEXT('2D SPACE',''
  ) );
#7053 = PCURVE('',#2803,#7054);
#7054 = DEFINITIONAL_REPRESENTATION('',(#7055),#7059);
#7055 = LINE('',#7056,#7057);
#7056 = CARTESIAN_POINT('',(0.,0.));
#7057 = VECTOR('',#7058,1.);
#7058 = DIRECTION('',(0.,1.));
#7059 = ( GEOMETRIC_REPRESENTATION_CONTEXT(2) 
PARAMETRIC_REPRESENTATION_CONTEXT() REPRESENTATION_CONTEXT('2D SPACE',''
  ) );
#7060 = ADVANCED_FACE('',(#7061),#2026,.T.);
#7061 = FACE_BOUND('',#7062,.T.);
#7062 = EDGE_LOOP('',(#7063,#7064,#7065,#7093));
#7063 = ORIENTED_EDGE('',*,*,#2005,.T.);
#7064 = ORIENTED_EDGE('',*,*,#6967,.T.);
#7065 = ORIENTED_EDGE('',*,*,#7066,.F.);
#7066 = EDGE_CURVE('',#7067,#6968,#7069,.T.);
#7067 = VERTEX_POINT('',#7068);
#7068 = CARTESIAN_POINT('',(41.1,87.153125,3.));
#7069 = SURFACE_CURVE('',#7070,(#7075,#7082),.PCURVE_S1.);
#7070 = CIRCLE('',#7071,1.190625);
#7071 = AXIS2_PLACEMENT_3D('',#7072,#7073,#7074);
#7072 = CARTESIAN_POINT('',(39.909375,87.153125,3.));
#7073 = DIRECTION('',(0.,0.,-1.));
#7074 = DIRECTION('',(0.,1.,0.));
#7075 = PCURVE('',#2026,#7076);
#7076 = DEFINITIONAL_REPRESENTATION('',(#7077),#7081);
#7077 = LINE('',#7078,#7079);
#7078 = CARTESIAN_POINT('',(-1.570796326795,8.));
#7079 = VECTOR('',#7080,1.);
#7080 = DIRECTION('',(1.,0.));
#7081 = ( GEOMETRIC_REPRESENTATION_CONTEXT(2) 
PARAMETRIC_REPRESENTATION_CONTEXT() REPRESENTATION_CONTEXT('2D SPACE',''
  ) );
#7082 = PCURVE('',#6006,#7083);
#7083 = DEFINITIONAL_REPRESENTATION('',(#7084),#7092);
#7084 = ( BOUNDED_CURVE() B_SPLINE_CURVE(2,(#7085,#7086,#7087,#7088,
#7089,#7090,#7091),.UNSPECIFIED.,.T.,.F.) B_SPLINE_CURVE_WITH_KNOTS((1,2
    ,2,2,2,1),(-2.094395102393,0.,2.094395102393,4.188790204786,
6.28318530718,8.377580409573),.UNSPECIFIED.) CURVE() 
GEOMETRIC_REPRESENTATION_ITEM() RATIONAL_B_SPLINE_CURVE((1.,0.5,1.,0.5,
1.,0.5,1.)) REPRESENTATION_ITEM('') );
#7085 = CARTESIAN_POINT('',(-19.86191962136,37.490560660984));
#7086 = CARTESIAN_POINT('',(-17.7996966286,37.490560660984));
#7087 = CARTESIAN_POINT('',(-18.83080812498,35.704623160984));
#7088 = CARTESIAN_POINT('',(-19.86191962136,33.918685660984));
#7089 = CARTESIAN_POINT('',(-20.89303111774,35.704623160984));
#7090 = CARTESIAN_POINT('',(-21.92414261412,37.490560660984));
#7091 = CARTESIAN_POINT('',(-19.86191962136,37.490560660984));
#7092 = ( GEOMETRIC_REPRESENTATION_CONTEXT(2) 
PARAMETRIC_REPRESENTATION_CONTEXT() REPRESENTATION_CONTEXT('2D SPACE',''
  ) );
#7093 = ORIENTED_EDGE('',*,*,#7094,.F.);
#7094 = EDGE_CURVE('',#2006,#7067,#7095,.T.);
#7095 = SURFACE_CURVE('',#7096,(#7100,#7107),.PCURVE_S1.);
#7096 = LINE('',#7097,#7098);
#7097 = CARTESIAN_POINT('',(41.1,87.153125,11.));
#7098 = VECTOR('',#7099,1.);
#7099 = DIRECTION('',(-0.,-0.,-1.));
#7100 = PCURVE('',#2026,#7101);
#7101 = DEFINITIONAL_REPRESENTATION('',(#7102),#7106);
#7102 = LINE('',#7103,#7104);
#7103 = CARTESIAN_POINT('',(0.,0.));
#7104 = VECTOR('',#7105,1.);
#7105 = DIRECTION('',(0.,1.));
#7106 = ( GEOMETRIC_REPRESENTATION_CONTEXT(2) 
PARAMETRIC_REPRESENTATION_CONTEXT() REPRESENTATION_CONTEXT('2D SPACE',''
  ) );
#7107 = PCURVE('',#2054,#7108);
#7108 = DEFINITIONAL_REPRESENTATION('',(#7109),#7113);
#7109 = LINE('',#7110,#7111);
#7110 = CARTESIAN_POINT('',(3.571875,0.));
#7111 = VECTOR('',#7112,1.);
#7112 = DIRECTION('',(0.,-1.));
#7113 = ( GEOMETRIC_REPRESENTATION_CONTEXT(2) 
PARAMETRIC_REPRESENTATION_CONTEXT() REPRESENTATION_CONTEXT('2D SPACE',''
  ) );
#7114 = ADVANCED_FACE('',(#7115),#2803,.T.);
#7115 = FACE_BOUND('',#7116,.T.);
#7116 = EDGE_LOOP('',(#7117,#7118,#7141,#7167));
#7117 = ORIENTED_EDGE('',*,*,#2782,.T.);
#7118 = ORIENTED_EDGE('',*,*,#7119,.T.);
#7119 = EDGE_CURVE('',#2755,#7120,#7122,.T.);
#7120 = VERTEX_POINT('',#7121);
#7121 = CARTESIAN_POINT('',(79.2,35.146875,3.));
#7122 = SURFACE_CURVE('',#7123,(#7127,#7134),.PCURVE_S1.);
#7123 = LINE('',#7124,#7125);
#7124 = CARTESIAN_POINT('',(79.2,35.146875,11.));
#7125 = VECTOR('',#7126,1.);
#7126 = DIRECTION('',(-0.,-0.,-1.));
#7127 = PCURVE('',#2803,#7128);
#7128 = DEFINITIONAL_REPRESENTATION('',(#7129),#7133);
#7129 = LINE('',#7130,#7131);
#7130 = CARTESIAN_POINT('',(1.570796326795,0.));
#7131 = VECTOR('',#7132,1.);
#7132 = DIRECTION('',(0.,1.));
#7133 = ( GEOMETRIC_REPRESENTATION_CONTEXT(2) 
PARAMETRIC_REPRESENTATION_CONTEXT() REPRESENTATION_CONTEXT('2D SPACE',''
  ) );
#7134 = PCURVE('',#2770,#7135);
#7135 = DEFINITIONAL_REPRESENTATION('',(#7136),#7140);
#7136 = LINE('',#7137,#7138);
#7137 = CARTESIAN_POINT('',(1.190625,0.));
#7138 = VECTOR('',#7139,1.);
#7139 = DIRECTION('',(0.,-1.));
#7140 = ( GEOMETRIC_REPRESENTATION_CONTEXT(2) 
PARAMETRIC_REPRESENTATION_CONTEXT() REPRESENTATION_CONTEXT('2D SPACE',''
  ) );
#7141 = ORIENTED_EDGE('',*,*,#7142,.F.);
#7142 = EDGE_CURVE('',#7018,#7120,#7143,.T.);
#7143 = SURFACE_CURVE('',#7144,(#7149,#7156),.PCURVE_S1.);
#7144 = CIRCLE('',#7145,1.190625);
#7145 = AXIS2_PLACEMENT_3D('',#7146,#7147,#7148);
#7146 = CARTESIAN_POINT('',(78.009375,35.146875,3.));
#7147 = DIRECTION('',(0.,0.,-1.));
#7148 = DIRECTION('',(0.,1.,0.));
#7149 = PCURVE('',#2803,#7150);
#7150 = DEFINITIONAL_REPRESENTATION('',(#7151),#7155);
#7151 = LINE('',#7152,#7153);
#7152 = CARTESIAN_POINT('',(0.,8.));
#7153 = VECTOR('',#7154,1.);
#7154 = DIRECTION('',(1.,0.));
#7155 = ( GEOMETRIC_REPRESENTATION_CONTEXT(2) 
PARAMETRIC_REPRESENTATION_CONTEXT() REPRESENTATION_CONTEXT('2D SPACE',''
  ) );
#7156 = PCURVE('',#6006,#7157);
#7157 = DEFINITIONAL_REPRESENTATION('',(#7158),#7166);
#7158 = ( BOUNDED_CURVE() B_SPLINE_CURVE(2,(#7159,#7160,#7161,#7162,
#7163,#7164,#7165),.UNSPECIFIED.,.T.,.F.) B_SPLINE_CURVE_WITH_KNOTS((1,2
    ,2,2,2,1),(-2.094395102393,0.,2.094395102393,4.188790204786,
6.28318530718,8.377580409573),.UNSPECIFIED.) CURVE() 
GEOMETRIC_REPRESENTATION_ITEM() RATIONAL_B_SPLINE_CURVE((1.,0.5,1.,0.5,
1.,0.5,1.)) REPRESENTATION_ITEM('') );
#7159 = CARTESIAN_POINT('',(18.238080378636,-14.51568933901));
#7160 = CARTESIAN_POINT('',(20.300303371397,-14.51568933901));
#7161 = CARTESIAN_POINT('',(19.269191875016,-16.30162683901));
#7162 = CARTESIAN_POINT('',(18.238080378636,-18.08756433901));
#7163 = CARTESIAN_POINT('',(17.206968882255,-16.30162683901));
#7164 = CARTESIAN_POINT('',(16.175857385874,-14.51568933901));
#7165 = CARTESIAN_POINT('',(18.238080378636,-14.51568933901));
#7166 = ( GEOMETRIC_REPRESENTATION_CONTEXT(2) 
PARAMETRIC_REPRESENTATION_CONTEXT() REPRESENTATION_CONTEXT('2D SPACE',''
  ) );
#7167 = ORIENTED_EDGE('',*,*,#7040,.F.);
#7168 = ADVANCED_FACE('',(#7169),#2054,.F.);
#7169 = FACE_BOUND('',#7170,.F.);
#7170 = EDGE_LOOP('',(#7171,#7172,#7195,#7216));
#7171 = ORIENTED_EDGE('',*,*,#2038,.F.);
#7172 = ORIENTED_EDGE('',*,*,#7173,.T.);
#7173 = EDGE_CURVE('',#2039,#7174,#7176,.T.);
#7174 = VERTEX_POINT('',#7175);
#7175 = CARTESIAN_POINT('',(41.1,88.34375,3.));
#7176 = SURFACE_CURVE('',#7177,(#7181,#7188),.PCURVE_S1.);
#7177 = LINE('',#7178,#7179);
#7178 = CARTESIAN_POINT('',(41.1,88.34375,11.));
#7179 = VECTOR('',#7180,1.);
#7180 = DIRECTION('',(-0.,-0.,-1.));
#7181 = PCURVE('',#2054,#7182);
#7182 = DEFINITIONAL_REPRESENTATION('',(#7183),#7187);
#7183 = LINE('',#7184,#7185);
#7184 = CARTESIAN_POINT('',(2.38125,0.));
#7185 = VECTOR('',#7186,1.);
#7186 = DIRECTION('',(0.,-1.));
#7187 = ( GEOMETRIC_REPRESENTATION_CONTEXT(2) 
PARAMETRIC_REPRESENTATION_CONTEXT() REPRESENTATION_CONTEXT('2D SPACE',''
  ) );
#7188 = PCURVE('',#2087,#7189);
#7189 = DEFINITIONAL_REPRESENTATION('',(#7190),#7194);
#7190 = LINE('',#7191,#7192);
#7191 = CARTESIAN_POINT('',(0.,0.));
#7192 = VECTOR('',#7193,1.);
#7193 = DIRECTION('',(0.,1.));
#7194 = ( GEOMETRIC_REPRESENTATION_CONTEXT(2) 
PARAMETRIC_REPRESENTATION_CONTEXT() REPRESENTATION_CONTEXT('2D SPACE',''
  ) );
#7195 = ORIENTED_EDGE('',*,*,#7196,.T.);
#7196 = EDGE_CURVE('',#7174,#7067,#7197,.T.);
#7197 = SURFACE_CURVE('',#7198,(#7202,#7209),.PCURVE_S1.);
#7198 = LINE('',#7199,#7200);
#7199 = CARTESIAN_POINT('',(41.1,90.725,3.));
#7200 = VECTOR('',#7201,1.);
#7201 = DIRECTION('',(0.,-1.,0.));
#7202 = PCURVE('',#2054,#7203);
#7203 = DEFINITIONAL_REPRESENTATION('',(#7204),#7208);
#7204 = LINE('',#7205,#7206);
#7205 = CARTESIAN_POINT('',(0.,-8.));
#7206 = VECTOR('',#7207,1.);
#7207 = DIRECTION('',(1.,0.));
#7208 = ( GEOMETRIC_REPRESENTATION_CONTEXT(2) 
PARAMETRIC_REPRESENTATION_CONTEXT() REPRESENTATION_CONTEXT('2D SPACE',''
  ) );
#7209 = PCURVE('',#6006,#7210);
#7210 = DEFINITIONAL_REPRESENTATION('',(#7211),#7215);
#7211 = LINE('',#7212,#7213);
#7212 = CARTESIAN_POINT('',(-18.67129462136,39.871810660984));
#7213 = VECTOR('',#7214,1.);
#7214 = DIRECTION('',(0.,-1.));
#7215 = ( GEOMETRIC_REPRESENTATION_CONTEXT(2) 
PARAMETRIC_REPRESENTATION_CONTEXT() REPRESENTATION_CONTEXT('2D SPACE',''
  ) );
#7216 = ORIENTED_EDGE('',*,*,#7094,.F.);
#7217 = ADVANCED_FACE('',(#7218),#2770,.F.);
#7218 = FACE_BOUND('',#7219,.F.);
#7219 = EDGE_LOOP('',(#7220,#7221,#7222,#7245));
#7220 = ORIENTED_EDGE('',*,*,#2754,.F.);
#7221 = ORIENTED_EDGE('',*,*,#7119,.T.);
#7222 = ORIENTED_EDGE('',*,*,#7223,.T.);
#7223 = EDGE_CURVE('',#7120,#7224,#7226,.T.);
#7224 = VERTEX_POINT('',#7225);
#7225 = CARTESIAN_POINT('',(79.2,33.95625,3.));
#7226 = SURFACE_CURVE('',#7227,(#7231,#7238),.PCURVE_S1.);
#7227 = LINE('',#7228,#7229);
#7228 = CARTESIAN_POINT('',(79.2,36.3375,3.));
#7229 = VECTOR('',#7230,1.);
#7230 = DIRECTION('',(0.,-1.,0.));
#7231 = PCURVE('',#2770,#7232);
#7232 = DEFINITIONAL_REPRESENTATION('',(#7233),#7237);
#7233 = LINE('',#7234,#7235);
#7234 = CARTESIAN_POINT('',(0.,-8.));
#7235 = VECTOR('',#7236,1.);
#7236 = DIRECTION('',(1.,0.));
#7237 = ( GEOMETRIC_REPRESENTATION_CONTEXT(2) 
PARAMETRIC_REPRESENTATION_CONTEXT() REPRESENTATION_CONTEXT('2D SPACE',''
  ) );
#7238 = PCURVE('',#6006,#7239);
#7239 = DEFINITIONAL_REPRESENTATION('',(#7240),#7244);
#7240 = LINE('',#7241,#7242);
#7241 = CARTESIAN_POINT('',(19.428705378636,-14.51568933901));
#7242 = VECTOR('',#7243,1.);
#7243 = DIRECTION('',(0.,-1.));
#7244 = ( GEOMETRIC_REPRESENTATION_CONTEXT(2) 
PARAMETRIC_REPRESENTATION_CONTEXT() REPRESENTATION_CONTEXT('2D SPACE',''
  ) );
#7245 = ORIENTED_EDGE('',*,*,#7246,.F.);
#7246 = EDGE_CURVE('',#2726,#7224,#7247,.T.);
#7247 = SURFACE_CURVE('',#7248,(#7252,#7259),.PCURVE_S1.);
#7248 = LINE('',#7249,#7250);
#7249 = CARTESIAN_POINT('',(79.2,33.95625,11.));
#7250 = VECTOR('',#7251,1.);
#7251 = DIRECTION('',(-0.,-0.,-1.));
#7252 = PCURVE('',#2770,#7253);
#7253 = DEFINITIONAL_REPRESENTATION('',(#7254),#7258);
#7254 = LINE('',#7255,#7256);
#7255 = CARTESIAN_POINT('',(2.38125,0.));
#7256 = VECTOR('',#7257,1.);
#7257 = DIRECTION('',(0.,-1.));
#7258 = ( GEOMETRIC_REPRESENTATION_CONTEXT(2) 
PARAMETRIC_REPRESENTATION_CONTEXT() REPRESENTATION_CONTEXT('2D SPACE',''
  ) );
#7259 = PCURVE('',#2742,#7260);
#7260 = DEFINITIONAL_REPRESENTATION('',(#7261),#7265);
#7261 = LINE('',#7262,#7263);
#7262 = CARTESIAN_POINT('',(-0.,0.));
#7263 = VECTOR('',#7264,1.);
#7264 = DIRECTION('',(-0.,1.));
#7265 = ( GEOMETRIC_REPRESENTATION_CONTEXT(2) 
PARAMETRIC_REPRESENTATION_CONTEXT() REPRESENTATION_CONTEXT('2D SPACE',''
  ) );
#7266 = ADVANCED_FACE('',(#7267),#2087,.F.);
#7267 = FACE_BOUND('',#7268,.F.);
#7268 = EDGE_LOOP('',(#7269,#7270,#7293,#7319));
#7269 = ORIENTED_EDGE('',*,*,#2066,.T.);
#7270 = ORIENTED_EDGE('',*,*,#7271,.T.);
#7271 = EDGE_CURVE('',#2067,#7272,#7274,.T.);
#7272 = VERTEX_POINT('',#7273);
#7273 = CARTESIAN_POINT('',(43.48125,90.725,3.));
#7274 = SURFACE_CURVE('',#7275,(#7279,#7286),.PCURVE_S1.);
#7275 = LINE('',#7276,#7277);
#7276 = CARTESIAN_POINT('',(43.48125,90.725,11.));
#7277 = VECTOR('',#7278,1.);
#7278 = DIRECTION('',(-0.,-0.,-1.));
#7279 = PCURVE('',#2087,#7280);
#7280 = DEFINITIONAL_REPRESENTATION('',(#7281),#7285);
#7281 = LINE('',#7282,#7283);
#7282 = CARTESIAN_POINT('',(1.570796326795,0.));
#7283 = VECTOR('',#7284,1.);
#7284 = DIRECTION('',(0.,1.));
#7285 = ( GEOMETRIC_REPRESENTATION_CONTEXT(2) 
PARAMETRIC_REPRESENTATION_CONTEXT() REPRESENTATION_CONTEXT('2D SPACE',''
  ) );
#7286 = PCURVE('',#2115,#7287);
#7287 = DEFINITIONAL_REPRESENTATION('',(#7288),#7292);
#7288 = LINE('',#7289,#7290);
#7289 = CARTESIAN_POINT('',(16.66875,0.));
#7290 = VECTOR('',#7291,1.);
#7291 = DIRECTION('',(0.,-1.));
#7292 = ( GEOMETRIC_REPRESENTATION_CONTEXT(2) 
PARAMETRIC_REPRESENTATION_CONTEXT() REPRESENTATION_CONTEXT('2D SPACE',''
  ) );
#7293 = ORIENTED_EDGE('',*,*,#7294,.F.);
#7294 = EDGE_CURVE('',#7174,#7272,#7295,.T.);
#7295 = SURFACE_CURVE('',#7296,(#7301,#7308),.PCURVE_S1.);
#7296 = CIRCLE('',#7297,2.38125);
#7297 = AXIS2_PLACEMENT_3D('',#7298,#7299,#7300);
#7298 = CARTESIAN_POINT('',(43.48125,88.34375,3.));
#7299 = DIRECTION('',(0.,0.,-1.));
#7300 = DIRECTION('',(0.,1.,0.));
#7301 = PCURVE('',#2087,#7302);
#7302 = DEFINITIONAL_REPRESENTATION('',(#7303),#7307);
#7303 = LINE('',#7304,#7305);
#7304 = CARTESIAN_POINT('',(-4.712388980385,8.));
#7305 = VECTOR('',#7306,1.);
#7306 = DIRECTION('',(1.,0.));
#7307 = ( GEOMETRIC_REPRESENTATION_CONTEXT(2) 
PARAMETRIC_REPRESENTATION_CONTEXT() REPRESENTATION_CONTEXT('2D SPACE',''
  ) );
#7308 = PCURVE('',#6006,#7309);
#7309 = DEFINITIONAL_REPRESENTATION('',(#7310),#7318);
#7310 = ( BOUNDED_CURVE() B_SPLINE_CURVE(2,(#7311,#7312,#7313,#7314,
#7315,#7316,#7317),.UNSPECIFIED.,.T.,.F.) B_SPLINE_CURVE_WITH_KNOTS((1,2
    ,2,2,2,1),(-2.094395102393,0.,2.094395102393,4.188790204786,
6.28318530718,8.377580409573),.UNSPECIFIED.) CURVE() 
GEOMETRIC_REPRESENTATION_ITEM() RATIONAL_B_SPLINE_CURVE((1.,0.5,1.,0.5,
1.,0.5,1.)) REPRESENTATION_ITEM('') );
#7311 = CARTESIAN_POINT('',(-16.29004462136,39.871810660984));
#7312 = CARTESIAN_POINT('',(-12.16559863584,39.871810660984));
#7313 = CARTESIAN_POINT('',(-14.2278216286,36.299935660984));
#7314 = CARTESIAN_POINT('',(-16.29004462136,32.728060660984));
#7315 = CARTESIAN_POINT('',(-18.35226761412,36.299935660984));
#7316 = CARTESIAN_POINT('',(-20.41449060688,39.871810660984));
#7317 = CARTESIAN_POINT('',(-16.29004462136,39.871810660984));
#7318 = ( GEOMETRIC_REPRESENTATION_CONTEXT(2) 
PARAMETRIC_REPRESENTATION_CONTEXT() REPRESENTATION_CONTEXT('2D SPACE',''
  ) );
#7319 = ORIENTED_EDGE('',*,*,#7173,.F.);
#7320 = ADVANCED_FACE('',(#7321),#2742,.F.);
#7321 = FACE_BOUND('',#7322,.T.);
#7322 = EDGE_LOOP('',(#7323,#7324,#7347,#7369));
#7323 = ORIENTED_EDGE('',*,*,#2725,.T.);
#7324 = ORIENTED_EDGE('',*,*,#7325,.T.);
#7325 = EDGE_CURVE('',#2698,#7326,#7328,.T.);
#7326 = VERTEX_POINT('',#7327);
#7327 = CARTESIAN_POINT('',(81.58125,31.575,3.));
#7328 = SURFACE_CURVE('',#7329,(#7333,#7340),.PCURVE_S1.);
#7329 = LINE('',#7330,#7331);
#7330 = CARTESIAN_POINT('',(81.58125,31.575,11.));
#7331 = VECTOR('',#7332,1.);
#7332 = DIRECTION('',(-0.,-0.,-1.));
#7333 = PCURVE('',#2742,#7334);
#7334 = DEFINITIONAL_REPRESENTATION('',(#7335),#7339);
#7335 = LINE('',#7336,#7337);
#7336 = CARTESIAN_POINT('',(-1.570796326795,0.));
#7337 = VECTOR('',#7338,1.);
#7338 = DIRECTION('',(-0.,1.));
#7339 = ( GEOMETRIC_REPRESENTATION_CONTEXT(2) 
PARAMETRIC_REPRESENTATION_CONTEXT() REPRESENTATION_CONTEXT('2D SPACE',''
  ) );
#7340 = PCURVE('',#2713,#7341);
#7341 = DEFINITIONAL_REPRESENTATION('',(#7342),#7346);
#7342 = LINE('',#7343,#7344);
#7343 = CARTESIAN_POINT('',(2.38125,0.));
#7344 = VECTOR('',#7345,1.);
#7345 = DIRECTION('',(0.,-1.));
#7346 = ( GEOMETRIC_REPRESENTATION_CONTEXT(2) 
PARAMETRIC_REPRESENTATION_CONTEXT() REPRESENTATION_CONTEXT('2D SPACE',''
  ) );
#7347 = ORIENTED_EDGE('',*,*,#7348,.F.);
#7348 = EDGE_CURVE('',#7224,#7326,#7349,.T.);
#7349 = SURFACE_CURVE('',#7350,(#7355,#7362),.PCURVE_S1.);
#7350 = CIRCLE('',#7351,2.38125);
#7351 = AXIS2_PLACEMENT_3D('',#7352,#7353,#7354);
#7352 = CARTESIAN_POINT('',(81.58125,33.95625,3.));
#7353 = DIRECTION('',(0.,-0.,1.));
#7354 = DIRECTION('',(0.,1.,0.));
#7355 = PCURVE('',#2742,#7356);
#7356 = DEFINITIONAL_REPRESENTATION('',(#7357),#7361);
#7357 = LINE('',#7358,#7359);
#7358 = CARTESIAN_POINT('',(1.570796326795,8.));
#7359 = VECTOR('',#7360,1.);
#7360 = DIRECTION('',(-1.,0.));
#7361 = ( GEOMETRIC_REPRESENTATION_CONTEXT(2) 
PARAMETRIC_REPRESENTATION_CONTEXT() REPRESENTATION_CONTEXT('2D SPACE',''
  ) );
#7362 = PCURVE('',#6006,#7363);
#7363 = DEFINITIONAL_REPRESENTATION('',(#7364),#7368);
#7364 = CIRCLE('',#7365,2.38125);
#7365 = AXIS2_PLACEMENT_2D('',#7366,#7367);
#7366 = CARTESIAN_POINT('',(21.809955378636,-16.89693933901));
#7367 = DIRECTION('',(0.,1.));
#7368 = ( GEOMETRIC_REPRESENTATION_CONTEXT(2) 
PARAMETRIC_REPRESENTATION_CONTEXT() REPRESENTATION_CONTEXT('2D SPACE',''
  ) );
#7369 = ORIENTED_EDGE('',*,*,#7246,.F.);
#7370 = ADVANCED_FACE('',(#7371),#2115,.F.);
#7371 = FACE_BOUND('',#7372,.F.);
#7372 = EDGE_LOOP('',(#7373,#7374,#7397,#7418));
#7373 = ORIENTED_EDGE('',*,*,#2099,.F.);
#7374 = ORIENTED_EDGE('',*,*,#7375,.T.);
#7375 = EDGE_CURVE('',#2100,#7376,#7378,.T.);
#7376 = VERTEX_POINT('',#7377);
#7377 = CARTESIAN_POINT('',(58.959375,90.725,3.));
#7378 = SURFACE_CURVE('',#7379,(#7383,#7390),.PCURVE_S1.);
#7379 = LINE('',#7380,#7381);
#7380 = CARTESIAN_POINT('',(58.959375,90.725,11.));
#7381 = VECTOR('',#7382,1.);
#7382 = DIRECTION('',(-0.,-0.,-1.));
#7383 = PCURVE('',#2115,#7384);
#7384 = DEFINITIONAL_REPRESENTATION('',(#7385),#7389);
#7385 = LINE('',#7386,#7387);
#7386 = CARTESIAN_POINT('',(1.190625,0.));
#7387 = VECTOR('',#7388,1.);
#7388 = DIRECTION('',(0.,-1.));
#7389 = ( GEOMETRIC_REPRESENTATION_CONTEXT(2) 
PARAMETRIC_REPRESENTATION_CONTEXT() REPRESENTATION_CONTEXT('2D SPACE',''
  ) );
#7390 = PCURVE('',#2148,#7391);
#7391 = DEFINITIONAL_REPRESENTATION('',(#7392),#7396);
#7392 = LINE('',#7393,#7394);
#7393 = CARTESIAN_POINT('',(1.570796326795,0.));
#7394 = VECTOR('',#7395,1.);
#7395 = DIRECTION('',(0.,1.));
#7396 = ( GEOMETRIC_REPRESENTATION_CONTEXT(2) 
PARAMETRIC_REPRESENTATION_CONTEXT() REPRESENTATION_CONTEXT('2D SPACE',''
  ) );
#7397 = ORIENTED_EDGE('',*,*,#7398,.T.);
#7398 = EDGE_CURVE('',#7376,#7272,#7399,.T.);
#7399 = SURFACE_CURVE('',#7400,(#7404,#7411),.PCURVE_S1.);
#7400 = LINE('',#7401,#7402);
#7401 = CARTESIAN_POINT('',(60.15,90.725,3.));
#7402 = VECTOR('',#7403,1.);
#7403 = DIRECTION('',(-1.,0.,0.));
#7404 = PCURVE('',#2115,#7405);
#7405 = DEFINITIONAL_REPRESENTATION('',(#7406),#7410);
#7406 = LINE('',#7407,#7408);
#7407 = CARTESIAN_POINT('',(0.,-8.));
#7408 = VECTOR('',#7409,1.);
#7409 = DIRECTION('',(1.,0.));
#7410 = ( GEOMETRIC_REPRESENTATION_CONTEXT(2) 
PARAMETRIC_REPRESENTATION_CONTEXT() REPRESENTATION_CONTEXT('2D SPACE',''
  ) );
#7411 = PCURVE('',#6006,#7412);
#7412 = DEFINITIONAL_REPRESENTATION('',(#7413),#7417);
#7413 = LINE('',#7414,#7415);
#7414 = CARTESIAN_POINT('',(0.378705378636,39.871810660984));
#7415 = VECTOR('',#7416,1.);
#7416 = DIRECTION('',(-1.,0.));
#7417 = ( GEOMETRIC_REPRESENTATION_CONTEXT(2) 
PARAMETRIC_REPRESENTATION_CONTEXT() REPRESENTATION_CONTEXT('2D SPACE',''
  ) );
#7418 = ORIENTED_EDGE('',*,*,#7271,.F.);
#7419 = ADVANCED_FACE('',(#7420),#2713,.F.);
#7420 = FACE_BOUND('',#7421,.F.);
#7421 = EDGE_LOOP('',(#7422,#7423,#7424,#7447));
#7422 = ORIENTED_EDGE('',*,*,#2697,.F.);
#7423 = ORIENTED_EDGE('',*,*,#7325,.T.);
#7424 = ORIENTED_EDGE('',*,*,#7425,.T.);
#7425 = EDGE_CURVE('',#7326,#7426,#7428,.T.);
#7426 = VERTEX_POINT('',#7427);
#7427 = CARTESIAN_POINT('',(97.059375,31.575,3.));
#7428 = SURFACE_CURVE('',#7429,(#7433,#7440),.PCURVE_S1.);
#7429 = LINE('',#7430,#7431);
#7430 = CARTESIAN_POINT('',(79.2,31.575,3.));
#7431 = VECTOR('',#7432,1.);
#7432 = DIRECTION('',(1.,0.,0.));
#7433 = PCURVE('',#2713,#7434);
#7434 = DEFINITIONAL_REPRESENTATION('',(#7435),#7439);
#7435 = LINE('',#7436,#7437);
#7436 = CARTESIAN_POINT('',(0.,-8.));
#7437 = VECTOR('',#7438,1.);
#7438 = DIRECTION('',(1.,0.));
#7439 = ( GEOMETRIC_REPRESENTATION_CONTEXT(2) 
PARAMETRIC_REPRESENTATION_CONTEXT() REPRESENTATION_CONTEXT('2D SPACE',''
  ) );
#7440 = PCURVE('',#6006,#7441);
#7441 = DEFINITIONAL_REPRESENTATION('',(#7442),#7446);
#7442 = LINE('',#7443,#7444);
#7443 = CARTESIAN_POINT('',(19.428705378636,-19.27818933901));
#7444 = VECTOR('',#7445,1.);
#7445 = DIRECTION('',(1.,0.));
#7446 = ( GEOMETRIC_REPRESENTATION_CONTEXT(2) 
PARAMETRIC_REPRESENTATION_CONTEXT() REPRESENTATION_CONTEXT('2D SPACE',''
  ) );
#7447 = ORIENTED_EDGE('',*,*,#7448,.F.);
#7448 = EDGE_CURVE('',#2665,#7426,#7449,.T.);
#7449 = SURFACE_CURVE('',#7450,(#7454,#7461),.PCURVE_S1.);
#7450 = LINE('',#7451,#7452);
#7451 = CARTESIAN_POINT('',(97.059375,31.575,11.));
#7452 = VECTOR('',#7453,1.);
#7453 = DIRECTION('',(-0.,-0.,-1.));
#7454 = PCURVE('',#2713,#7455);
#7455 = DEFINITIONAL_REPRESENTATION('',(#7456),#7460);
#7456 = LINE('',#7457,#7458);
#7457 = CARTESIAN_POINT('',(17.859375,0.));
#7458 = VECTOR('',#7459,1.);
#7459 = DIRECTION('',(0.,-1.));
#7460 = ( GEOMETRIC_REPRESENTATION_CONTEXT(2) 
PARAMETRIC_REPRESENTATION_CONTEXT() REPRESENTATION_CONTEXT('2D SPACE',''
  ) );
#7461 = PCURVE('',#2685,#7462);
#7462 = DEFINITIONAL_REPRESENTATION('',(#7463),#7467);
#7463 = LINE('',#7464,#7465);
#7464 = CARTESIAN_POINT('',(0.,0.));
#7465 = VECTOR('',#7466,1.);
#7466 = DIRECTION('',(0.,1.));
#7467 = ( GEOMETRIC_REPRESENTATION_CONTEXT(2) 
PARAMETRIC_REPRESENTATION_CONTEXT() REPRESENTATION_CONTEXT('2D SPACE',''
  ) );
#7468 = ADVANCED_FACE('',(#7469),#2148,.T.);
#7469 = FACE_BOUND('',#7470,.T.);
#7470 = EDGE_LOOP('',(#7471,#7472,#7473,#7501));
#7471 = ORIENTED_EDGE('',*,*,#2127,.T.);
#7472 = ORIENTED_EDGE('',*,*,#7375,.T.);
#7473 = ORIENTED_EDGE('',*,*,#7474,.F.);
#7474 = EDGE_CURVE('',#7475,#7376,#7477,.T.);
#7475 = VERTEX_POINT('',#7476);
#7476 = CARTESIAN_POINT('',(60.15,91.915625,3.));
#7477 = SURFACE_CURVE('',#7478,(#7483,#7490),.PCURVE_S1.);
#7478 = CIRCLE('',#7479,1.190625);
#7479 = AXIS2_PLACEMENT_3D('',#7480,#7481,#7482);
#7480 = CARTESIAN_POINT('',(58.959375,91.915625,3.));
#7481 = DIRECTION('',(0.,0.,-1.));
#7482 = DIRECTION('',(0.,1.,0.));
#7483 = PCURVE('',#2148,#7484);
#7484 = DEFINITIONAL_REPRESENTATION('',(#7485),#7489);
#7485 = LINE('',#7486,#7487);
#7486 = CARTESIAN_POINT('',(-1.570796326795,8.));
#7487 = VECTOR('',#7488,1.);
#7488 = DIRECTION('',(1.,0.));
#7489 = ( GEOMETRIC_REPRESENTATION_CONTEXT(2) 
PARAMETRIC_REPRESENTATION_CONTEXT() REPRESENTATION_CONTEXT('2D SPACE',''
  ) );
#7490 = PCURVE('',#6006,#7491);
#7491 = DEFINITIONAL_REPRESENTATION('',(#7492),#7500);
#7492 = ( BOUNDED_CURVE() B_SPLINE_CURVE(2,(#7493,#7494,#7495,#7496,
#7497,#7498,#7499),.UNSPECIFIED.,.T.,.F.) B_SPLINE_CURVE_WITH_KNOTS((1,2
    ,2,2,2,1),(-2.094395102393,0.,2.094395102393,4.188790204786,
6.28318530718,8.377580409573),.UNSPECIFIED.) CURVE() 
GEOMETRIC_REPRESENTATION_ITEM() RATIONAL_B_SPLINE_CURVE((1.,0.5,1.,0.5,
1.,0.5,1.)) REPRESENTATION_ITEM('') );
#7493 = CARTESIAN_POINT('',(-0.811919621364,42.253060660984));
#7494 = CARTESIAN_POINT('',(1.250303371397,42.253060660984));
#7495 = CARTESIAN_POINT('',(0.219191875016,40.467123160984));
#7496 = CARTESIAN_POINT('',(-0.811919621364,38.681185660984));
#7497 = CARTESIAN_POINT('',(-1.843031117745,40.467123160984));
#7498 = CARTESIAN_POINT('',(-2.874142614126,42.253060660984));
#7499 = CARTESIAN_POINT('',(-0.811919621364,42.253060660984));
#7500 = ( GEOMETRIC_REPRESENTATION_CONTEXT(2) 
PARAMETRIC_REPRESENTATION_CONTEXT() REPRESENTATION_CONTEXT('2D SPACE',''
  ) );
#7501 = ORIENTED_EDGE('',*,*,#7502,.F.);
#7502 = EDGE_CURVE('',#2128,#7475,#7503,.T.);
#7503 = SURFACE_CURVE('',#7504,(#7508,#7515),.PCURVE_S1.);
#7504 = LINE('',#7505,#7506);
#7505 = CARTESIAN_POINT('',(60.15,91.915625,11.));
#7506 = VECTOR('',#7507,1.);
#7507 = DIRECTION('',(-0.,-0.,-1.));
#7508 = PCURVE('',#2148,#7509);
#7509 = DEFINITIONAL_REPRESENTATION('',(#7510),#7514);
#7510 = LINE('',#7511,#7512);
#7511 = CARTESIAN_POINT('',(0.,0.));
#7512 = VECTOR('',#7513,1.);
#7513 = DIRECTION('',(0.,1.));
#7514 = ( GEOMETRIC_REPRESENTATION_CONTEXT(2) 
PARAMETRIC_REPRESENTATION_CONTEXT() REPRESENTATION_CONTEXT('2D SPACE',''
  ) );
#7515 = PCURVE('',#2176,#7516);
#7516 = DEFINITIONAL_REPRESENTATION('',(#7517),#7521);
#7517 = LINE('',#7518,#7519);
#7518 = CARTESIAN_POINT('',(3.571875,0.));
#7519 = VECTOR('',#7520,1.);
#7520 = DIRECTION('',(0.,-1.));
#7521 = ( GEOMETRIC_REPRESENTATION_CONTEXT(2) 
PARAMETRIC_REPRESENTATION_CONTEXT() REPRESENTATION_CONTEXT('2D SPACE',''
  ) );
#7522 = ADVANCED_FACE('',(#7523),#2685,.T.);
#7523 = FACE_BOUND('',#7524,.T.);
#7524 = EDGE_LOOP('',(#7525,#7526,#7549,#7575));
#7525 = ORIENTED_EDGE('',*,*,#2664,.T.);
#7526 = ORIENTED_EDGE('',*,*,#7527,.T.);
#7527 = EDGE_CURVE('',#2637,#7528,#7530,.T.);
#7528 = VERTEX_POINT('',#7529);
#7529 = CARTESIAN_POINT('',(98.25,30.384375,3.));
#7530 = SURFACE_CURVE('',#7531,(#7535,#7542),.PCURVE_S1.);
#7531 = LINE('',#7532,#7533);
#7532 = CARTESIAN_POINT('',(98.25,30.384375,11.));
#7533 = VECTOR('',#7534,1.);
#7534 = DIRECTION('',(-0.,-0.,-1.));
#7535 = PCURVE('',#2685,#7536);
#7536 = DEFINITIONAL_REPRESENTATION('',(#7537),#7541);
#7537 = LINE('',#7538,#7539);
#7538 = CARTESIAN_POINT('',(1.570796326795,0.));
#7539 = VECTOR('',#7540,1.);
#7540 = DIRECTION('',(0.,1.));
#7541 = ( GEOMETRIC_REPRESENTATION_CONTEXT(2) 
PARAMETRIC_REPRESENTATION_CONTEXT() REPRESENTATION_CONTEXT('2D SPACE',''
  ) );
#7542 = PCURVE('',#2652,#7543);
#7543 = DEFINITIONAL_REPRESENTATION('',(#7544),#7548);
#7544 = LINE('',#7545,#7546);
#7545 = CARTESIAN_POINT('',(1.190625,0.));
#7546 = VECTOR('',#7547,1.);
#7547 = DIRECTION('',(0.,-1.));
#7548 = ( GEOMETRIC_REPRESENTATION_CONTEXT(2) 
PARAMETRIC_REPRESENTATION_CONTEXT() REPRESENTATION_CONTEXT('2D SPACE',''
  ) );
#7549 = ORIENTED_EDGE('',*,*,#7550,.F.);
#7550 = EDGE_CURVE('',#7426,#7528,#7551,.T.);
#7551 = SURFACE_CURVE('',#7552,(#7557,#7564),.PCURVE_S1.);
#7552 = CIRCLE('',#7553,1.190625);
#7553 = AXIS2_PLACEMENT_3D('',#7554,#7555,#7556);
#7554 = CARTESIAN_POINT('',(97.059375,30.384375,3.));
#7555 = DIRECTION('',(0.,0.,-1.));
#7556 = DIRECTION('',(0.,1.,0.));
#7557 = PCURVE('',#2685,#7558);
#7558 = DEFINITIONAL_REPRESENTATION('',(#7559),#7563);
#7559 = LINE('',#7560,#7561);
#7560 = CARTESIAN_POINT('',(0.,8.));
#7561 = VECTOR('',#7562,1.);
#7562 = DIRECTION('',(1.,0.));
#7563 = ( GEOMETRIC_REPRESENTATION_CONTEXT(2) 
PARAMETRIC_REPRESENTATION_CONTEXT() REPRESENTATION_CONTEXT('2D SPACE',''
  ) );
#7564 = PCURVE('',#6006,#7565);
#7565 = DEFINITIONAL_REPRESENTATION('',(#7566),#7574);
#7566 = ( BOUNDED_CURVE() B_SPLINE_CURVE(2,(#7567,#7568,#7569,#7570,
#7571,#7572,#7573),.UNSPECIFIED.,.T.,.F.) B_SPLINE_CURVE_WITH_KNOTS((1,2
    ,2,2,2,1),(-2.094395102393,0.,2.094395102393,4.188790204786,
6.28318530718,8.377580409573),.UNSPECIFIED.) CURVE() 
GEOMETRIC_REPRESENTATION_ITEM() RATIONAL_B_SPLINE_CURVE((1.,0.5,1.,0.5,
1.,0.5,1.)) REPRESENTATION_ITEM('') );
#7567 = CARTESIAN_POINT('',(37.288080378636,-19.27818933901));
#7568 = CARTESIAN_POINT('',(39.350303371397,-19.27818933901));
#7569 = CARTESIAN_POINT('',(38.319191875016,-21.06412683901));
#7570 = CARTESIAN_POINT('',(37.288080378636,-22.85006433901));
#7571 = CARTESIAN_POINT('',(36.256968882255,-21.06412683901));
#7572 = CARTESIAN_POINT('',(35.225857385874,-19.27818933901));
#7573 = CARTESIAN_POINT('',(37.288080378636,-19.27818933901));
#7574 = ( GEOMETRIC_REPRESENTATION_CONTEXT(2) 
PARAMETRIC_REPRESENTATION_CONTEXT() REPRESENTATION_CONTEXT('2D SPACE',''
  ) );
#7575 = ORIENTED_EDGE('',*,*,#7448,.F.);
#7576 = ADVANCED_FACE('',(#7577),#2176,.F.);
#7577 = FACE_BOUND('',#7578,.F.);
#7578 = EDGE_LOOP('',(#7579,#7580,#7603,#7624));
#7579 = ORIENTED_EDGE('',*,*,#2160,.F.);
#7580 = ORIENTED_EDGE('',*,*,#7581,.T.);
#7581 = EDGE_CURVE('',#2161,#7582,#7584,.T.);
#7582 = VERTEX_POINT('',#7583);
#7583 = CARTESIAN_POINT('',(60.15,93.10625,3.));
#7584 = SURFACE_CURVE('',#7585,(#7589,#7596),.PCURVE_S1.);
#7585 = LINE('',#7586,#7587);
#7586 = CARTESIAN_POINT('',(60.15,93.10625,11.));
#7587 = VECTOR('',#7588,1.);
#7588 = DIRECTION('',(-0.,-0.,-1.));
#7589 = PCURVE('',#2176,#7590);
#7590 = DEFINITIONAL_REPRESENTATION('',(#7591),#7595);
#7591 = LINE('',#7592,#7593);
#7592 = CARTESIAN_POINT('',(2.38125,0.));
#7593 = VECTOR('',#7594,1.);
#7594 = DIRECTION('',(0.,-1.));
#7595 = ( GEOMETRIC_REPRESENTATION_CONTEXT(2) 
PARAMETRIC_REPRESENTATION_CONTEXT() REPRESENTATION_CONTEXT('2D SPACE',''
  ) );
#7596 = PCURVE('',#2209,#7597);
#7597 = DEFINITIONAL_REPRESENTATION('',(#7598),#7602);
#7598 = LINE('',#7599,#7600);
#7599 = CARTESIAN_POINT('',(0.,0.));
#7600 = VECTOR('',#7601,1.);
#7601 = DIRECTION('',(0.,1.));
#7602 = ( GEOMETRIC_REPRESENTATION_CONTEXT(2) 
PARAMETRIC_REPRESENTATION_CONTEXT() REPRESENTATION_CONTEXT('2D SPACE',''
  ) );
#7603 = ORIENTED_EDGE('',*,*,#7604,.T.);
#7604 = EDGE_CURVE('',#7582,#7475,#7605,.T.);
#7605 = SURFACE_CURVE('',#7606,(#7610,#7617),.PCURVE_S1.);
#7606 = LINE('',#7607,#7608);
#7607 = CARTESIAN_POINT('',(60.15,95.4875,3.));
#7608 = VECTOR('',#7609,1.);
#7609 = DIRECTION('',(0.,-1.,0.));
#7610 = PCURVE('',#2176,#7611);
#7611 = DEFINITIONAL_REPRESENTATION('',(#7612),#7616);
#7612 = LINE('',#7613,#7614);
#7613 = CARTESIAN_POINT('',(0.,-8.));
#7614 = VECTOR('',#7615,1.);
#7615 = DIRECTION('',(1.,0.));
#7616 = ( GEOMETRIC_REPRESENTATION_CONTEXT(2) 
PARAMETRIC_REPRESENTATION_CONTEXT() REPRESENTATION_CONTEXT('2D SPACE',''
  ) );
#7617 = PCURVE('',#6006,#7618);
#7618 = DEFINITIONAL_REPRESENTATION('',(#7619),#7623);
#7619 = LINE('',#7620,#7621);
#7620 = CARTESIAN_POINT('',(0.378705378636,44.634310660984));
#7621 = VECTOR('',#7622,1.);
#7622 = DIRECTION('',(0.,-1.));
#7623 = ( GEOMETRIC_REPRESENTATION_CONTEXT(2) 
PARAMETRIC_REPRESENTATION_CONTEXT() REPRESENTATION_CONTEXT('2D SPACE',''
  ) );
#7624 = ORIENTED_EDGE('',*,*,#7502,.F.);
#7625 = ADVANCED_FACE('',(#7626),#2652,.F.);
#7626 = FACE_BOUND('',#7627,.F.);
#7627 = EDGE_LOOP('',(#7628,#7629,#7630,#7653));
#7628 = ORIENTED_EDGE('',*,*,#2636,.F.);
#7629 = ORIENTED_EDGE('',*,*,#7527,.T.);
#7630 = ORIENTED_EDGE('',*,*,#7631,.T.);
#7631 = EDGE_CURVE('',#7528,#7632,#7634,.T.);
#7632 = VERTEX_POINT('',#7633);
#7633 = CARTESIAN_POINT('',(98.25,29.19375,3.));
#7634 = SURFACE_CURVE('',#7635,(#7639,#7646),.PCURVE_S1.);
#7635 = LINE('',#7636,#7637);
#7636 = CARTESIAN_POINT('',(98.25,31.575,3.));
#7637 = VECTOR('',#7638,1.);
#7638 = DIRECTION('',(0.,-1.,0.));
#7639 = PCURVE('',#2652,#7640);
#7640 = DEFINITIONAL_REPRESENTATION('',(#7641),#7645);
#7641 = LINE('',#7642,#7643);
#7642 = CARTESIAN_POINT('',(0.,-8.));
#7643 = VECTOR('',#7644,1.);
#7644 = DIRECTION('',(1.,0.));
#7645 = ( GEOMETRIC_REPRESENTATION_CONTEXT(2) 
PARAMETRIC_REPRESENTATION_CONTEXT() REPRESENTATION_CONTEXT('2D SPACE',''
  ) );
#7646 = PCURVE('',#6006,#7647);
#7647 = DEFINITIONAL_REPRESENTATION('',(#7648),#7652);
#7648 = LINE('',#7649,#7650);
#7649 = CARTESIAN_POINT('',(38.478705378636,-19.27818933901));
#7650 = VECTOR('',#7651,1.);
#7651 = DIRECTION('',(0.,-1.));
#7652 = ( GEOMETRIC_REPRESENTATION_CONTEXT(2) 
PARAMETRIC_REPRESENTATION_CONTEXT() REPRESENTATION_CONTEXT('2D SPACE',''
  ) );
#7653 = ORIENTED_EDGE('',*,*,#7654,.F.);
#7654 = EDGE_CURVE('',#2608,#7632,#7655,.T.);
#7655 = SURFACE_CURVE('',#7656,(#7660,#7667),.PCURVE_S1.);
#7656 = LINE('',#7657,#7658);
#7657 = CARTESIAN_POINT('',(98.25,29.19375,11.));
#7658 = VECTOR('',#7659,1.);
#7659 = DIRECTION('',(-0.,-0.,-1.));
#7660 = PCURVE('',#2652,#7661);
#7661 = DEFINITIONAL_REPRESENTATION('',(#7662),#7666);
#7662 = LINE('',#7663,#7664);
#7663 = CARTESIAN_POINT('',(2.38125,0.));
#7664 = VECTOR('',#7665,1.);
#7665 = DIRECTION('',(0.,-1.));
#7666 = ( GEOMETRIC_REPRESENTATION_CONTEXT(2) 
PARAMETRIC_REPRESENTATION_CONTEXT() REPRESENTATION_CONTEXT('2D SPACE',''
  ) );
#7667 = PCURVE('',#2624,#7668);
#7668 = DEFINITIONAL_REPRESENTATION('',(#7669),#7673);
#7669 = LINE('',#7670,#7671);
#7670 = CARTESIAN_POINT('',(-0.,0.));
#7671 = VECTOR('',#7672,1.);
#7672 = DIRECTION('',(-0.,1.));
#7673 = ( GEOMETRIC_REPRESENTATION_CONTEXT(2) 
PARAMETRIC_REPRESENTATION_CONTEXT() REPRESENTATION_CONTEXT('2D SPACE',''
  ) );
#7674 = ADVANCED_FACE('',(#7675),#2209,.F.);
#7675 = FACE_BOUND('',#7676,.F.);
#7676 = EDGE_LOOP('',(#7677,#7678,#7701,#7727));
#7677 = ORIENTED_EDGE('',*,*,#2188,.T.);
#7678 = ORIENTED_EDGE('',*,*,#7679,.T.);
#7679 = EDGE_CURVE('',#2189,#7680,#7682,.T.);
#7680 = VERTEX_POINT('',#7681);
#7681 = CARTESIAN_POINT('',(62.53125,95.4875,3.));
#7682 = SURFACE_CURVE('',#7683,(#7687,#7694),.PCURVE_S1.);
#7683 = LINE('',#7684,#7685);
#7684 = CARTESIAN_POINT('',(62.53125,95.4875,11.));
#7685 = VECTOR('',#7686,1.);
#7686 = DIRECTION('',(-0.,-0.,-1.));
#7687 = PCURVE('',#2209,#7688);
#7688 = DEFINITIONAL_REPRESENTATION('',(#7689),#7693);
#7689 = LINE('',#7690,#7691);
#7690 = CARTESIAN_POINT('',(1.570796326795,0.));
#7691 = VECTOR('',#7692,1.);
#7692 = DIRECTION('',(0.,1.));
#7693 = ( GEOMETRIC_REPRESENTATION_CONTEXT(2) 
PARAMETRIC_REPRESENTATION_CONTEXT() REPRESENTATION_CONTEXT('2D SPACE',''
  ) );
#7694 = PCURVE('',#2237,#7695);
#7695 = DEFINITIONAL_REPRESENTATION('',(#7696),#7700);
#7696 = LINE('',#7697,#7698);
#7697 = CARTESIAN_POINT('',(18.66875,0.));
#7698 = VECTOR('',#7699,1.);
#7699 = DIRECTION('',(0.,-1.));
#7700 = ( GEOMETRIC_REPRESENTATION_CONTEXT(2) 
PARAMETRIC_REPRESENTATION_CONTEXT() REPRESENTATION_CONTEXT('2D SPACE',''
  ) );
#7701 = ORIENTED_EDGE('',*,*,#7702,.F.);
#7702 = EDGE_CURVE('',#7582,#7680,#7703,.T.);
#7703 = SURFACE_CURVE('',#7704,(#7709,#7716),.PCURVE_S1.);
#7704 = CIRCLE('',#7705,2.38125);
#7705 = AXIS2_PLACEMENT_3D('',#7706,#7707,#7708);
#7706 = CARTESIAN_POINT('',(62.53125,93.10625,3.));
#7707 = DIRECTION('',(0.,0.,-1.));
#7708 = DIRECTION('',(0.,1.,0.));
#7709 = PCURVE('',#2209,#7710);
#7710 = DEFINITIONAL_REPRESENTATION('',(#7711),#7715);
#7711 = LINE('',#7712,#7713);
#7712 = CARTESIAN_POINT('',(-4.712388980385,8.));
#7713 = VECTOR('',#7714,1.);
#7714 = DIRECTION('',(1.,0.));
#7715 = ( GEOMETRIC_REPRESENTATION_CONTEXT(2) 
PARAMETRIC_REPRESENTATION_CONTEXT() REPRESENTATION_CONTEXT('2D SPACE',''
  ) );
#7716 = PCURVE('',#6006,#7717);
#7717 = DEFINITIONAL_REPRESENTATION('',(#7718),#7726);
#7718 = ( BOUNDED_CURVE() B_SPLINE_CURVE(2,(#7719,#7720,#7721,#7722,
#7723,#7724,#7725),.UNSPECIFIED.,.T.,.F.) B_SPLINE_CURVE_WITH_KNOTS((1,2
    ,2,2,2,1),(-2.094395102393,0.,2.094395102393,4.188790204786,
6.28318530718,8.377580409573),.UNSPECIFIED.) CURVE() 
GEOMETRIC_REPRESENTATION_ITEM() RATIONAL_B_SPLINE_CURVE((1.,0.5,1.,0.5,
1.,0.5,1.)) REPRESENTATION_ITEM('') );
#7719 = CARTESIAN_POINT('',(2.759955378636,44.634310660984));
#7720 = CARTESIAN_POINT('',(6.884401364159,44.634310660984));
#7721 = CARTESIAN_POINT('',(4.822178371397,41.062435660984));
#7722 = CARTESIAN_POINT('',(2.759955378636,37.490560660984));
#7723 = CARTESIAN_POINT('',(0.697732385874,41.062435660984));
#7724 = CARTESIAN_POINT('',(-1.364490606888,44.634310660984));
#7725 = CARTESIAN_POINT('',(2.759955378636,44.634310660984));
#7726 = ( GEOMETRIC_REPRESENTATION_CONTEXT(2) 
PARAMETRIC_REPRESENTATION_CONTEXT() REPRESENTATION_CONTEXT('2D SPACE',''
  ) );
#7727 = ORIENTED_EDGE('',*,*,#7581,.F.);
#7728 = ADVANCED_FACE('',(#7729),#2624,.F.);
#7729 = FACE_BOUND('',#7730,.T.);
#7730 = EDGE_LOOP('',(#7731,#7732,#7755,#7777));
#7731 = ORIENTED_EDGE('',*,*,#2607,.T.);
#7732 = ORIENTED_EDGE('',*,*,#7733,.T.);
#7733 = EDGE_CURVE('',#2580,#7734,#7736,.T.);
#7734 = VERTEX_POINT('',#7735);
#7735 = CARTESIAN_POINT('',(100.63125,26.8125,3.));
#7736 = SURFACE_CURVE('',#7737,(#7741,#7748),.PCURVE_S1.);
#7737 = LINE('',#7738,#7739);
#7738 = CARTESIAN_POINT('',(100.63125,26.8125,11.));
#7739 = VECTOR('',#7740,1.);
#7740 = DIRECTION('',(-0.,-0.,-1.));
#7741 = PCURVE('',#2624,#7742);
#7742 = DEFINITIONAL_REPRESENTATION('',(#7743),#7747);
#7743 = LINE('',#7744,#7745);
#7744 = CARTESIAN_POINT('',(-1.570796326795,0.));
#7745 = VECTOR('',#7746,1.);
#7746 = DIRECTION('',(-0.,1.));
#7747 = ( GEOMETRIC_REPRESENTATION_CONTEXT(2) 
PARAMETRIC_REPRESENTATION_CONTEXT() REPRESENTATION_CONTEXT('2D SPACE',''
  ) );
#7748 = PCURVE('',#2595,#7749);
#7749 = DEFINITIONAL_REPRESENTATION('',(#7750),#7754);
#7750 = LINE('',#7751,#7752);
#7751 = CARTESIAN_POINT('',(2.38125,0.));
#7752 = VECTOR('',#7753,1.);
#7753 = DIRECTION('',(0.,-1.));
#7754 = ( GEOMETRIC_REPRESENTATION_CONTEXT(2) 
PARAMETRIC_REPRESENTATION_CONTEXT() REPRESENTATION_CONTEXT('2D SPACE',''
  ) );
#7755 = ORIENTED_EDGE('',*,*,#7756,.F.);
#7756 = EDGE_CURVE('',#7632,#7734,#7757,.T.);
#7757 = SURFACE_CURVE('',#7758,(#7763,#7770),.PCURVE_S1.);
#7758 = CIRCLE('',#7759,2.38125);
#7759 = AXIS2_PLACEMENT_3D('',#7760,#7761,#7762);
#7760 = CARTESIAN_POINT('',(100.63125,29.19375,3.));
#7761 = DIRECTION('',(0.,-0.,1.));
#7762 = DIRECTION('',(0.,1.,0.));
#7763 = PCURVE('',#2624,#7764);
#7764 = DEFINITIONAL_REPRESENTATION('',(#7765),#7769);
#7765 = LINE('',#7766,#7767);
#7766 = CARTESIAN_POINT('',(1.570796326795,8.));
#7767 = VECTOR('',#7768,1.);
#7768 = DIRECTION('',(-1.,0.));
#7769 = ( GEOMETRIC_REPRESENTATION_CONTEXT(2) 
PARAMETRIC_REPRESENTATION_CONTEXT() REPRESENTATION_CONTEXT('2D SPACE',''
  ) );
#7770 = PCURVE('',#6006,#7771);
#7771 = DEFINITIONAL_REPRESENTATION('',(#7772),#7776);
#7772 = CIRCLE('',#7773,2.38125);
#7773 = AXIS2_PLACEMENT_2D('',#7774,#7775);
#7774 = CARTESIAN_POINT('',(40.859955378636,-21.65943933901));
#7775 = DIRECTION('',(0.,1.));
#7776 = ( GEOMETRIC_REPRESENTATION_CONTEXT(2) 
PARAMETRIC_REPRESENTATION_CONTEXT() REPRESENTATION_CONTEXT('2D SPACE',''
  ) );
#7777 = ORIENTED_EDGE('',*,*,#7654,.F.);
#7778 = ADVANCED_FACE('',(#7779),#2237,.F.);
#7779 = FACE_BOUND('',#7780,.F.);
#7780 = EDGE_LOOP('',(#7781,#7782,#7805,#7826));
#7781 = ORIENTED_EDGE('',*,*,#2221,.F.);
#7782 = ORIENTED_EDGE('',*,*,#7783,.T.);
#7783 = EDGE_CURVE('',#2222,#7784,#7786,.T.);
#7784 = VERTEX_POINT('',#7785);
#7785 = CARTESIAN_POINT('',(78.81875,95.4875,3.));
#7786 = SURFACE_CURVE('',#7787,(#7791,#7798),.PCURVE_S1.);
#7787 = LINE('',#7788,#7789);
#7788 = CARTESIAN_POINT('',(78.81875,95.4875,11.));
#7789 = VECTOR('',#7790,1.);
#7790 = DIRECTION('',(-0.,-0.,-1.));
#7791 = PCURVE('',#2237,#7792);
#7792 = DEFINITIONAL_REPRESENTATION('',(#7793),#7797);
#7793 = LINE('',#7794,#7795);
#7794 = CARTESIAN_POINT('',(2.38125,0.));
#7795 = VECTOR('',#7796,1.);
#7796 = DIRECTION('',(0.,-1.));
#7797 = ( GEOMETRIC_REPRESENTATION_CONTEXT(2) 
PARAMETRIC_REPRESENTATION_CONTEXT() REPRESENTATION_CONTEXT('2D SPACE',''
  ) );
#7798 = PCURVE('',#2270,#7799);
#7799 = DEFINITIONAL_REPRESENTATION('',(#7800),#7804);
#7800 = LINE('',#7801,#7802);
#7801 = CARTESIAN_POINT('',(0.,0.));
#7802 = VECTOR('',#7803,1.);
#7803 = DIRECTION('',(0.,1.));
#7804 = ( GEOMETRIC_REPRESENTATION_CONTEXT(2) 
PARAMETRIC_REPRESENTATION_CONTEXT() REPRESENTATION_CONTEXT('2D SPACE',''
  ) );
#7805 = ORIENTED_EDGE('',*,*,#7806,.T.);
#7806 = EDGE_CURVE('',#7784,#7680,#7807,.T.);
#7807 = SURFACE_CURVE('',#7808,(#7812,#7819),.PCURVE_S1.);
#7808 = LINE('',#7809,#7810);
#7809 = CARTESIAN_POINT('',(81.2,95.4875,3.));
#7810 = VECTOR('',#7811,1.);
#7811 = DIRECTION('',(-1.,0.,0.));
#7812 = PCURVE('',#2237,#7813);
#7813 = DEFINITIONAL_REPRESENTATION('',(#7814),#7818);
#7814 = LINE('',#7815,#7816);
#7815 = CARTESIAN_POINT('',(0.,-8.));
#7816 = VECTOR('',#7817,1.);
#7817 = DIRECTION('',(1.,0.));
#7818 = ( GEOMETRIC_REPRESENTATION_CONTEXT(2) 
PARAMETRIC_REPRESENTATION_CONTEXT() REPRESENTATION_CONTEXT('2D SPACE',''
  ) );
#7819 = PCURVE('',#6006,#7820);
#7820 = DEFINITIONAL_REPRESENTATION('',(#7821),#7825);
#7821 = LINE('',#7822,#7823);
#7822 = CARTESIAN_POINT('',(21.428705378636,44.634310660984));
#7823 = VECTOR('',#7824,1.);
#7824 = DIRECTION('',(-1.,0.));
#7825 = ( GEOMETRIC_REPRESENTATION_CONTEXT(2) 
PARAMETRIC_REPRESENTATION_CONTEXT() REPRESENTATION_CONTEXT('2D SPACE',''
  ) );
#7826 = ORIENTED_EDGE('',*,*,#7679,.F.);
#7827 = ADVANCED_FACE('',(#7828),#2595,.F.);
#7828 = FACE_BOUND('',#7829,.F.);
#7829 = EDGE_LOOP('',(#7830,#7831,#7832,#7855));
#7830 = ORIENTED_EDGE('',*,*,#2579,.F.);
#7831 = ORIENTED_EDGE('',*,*,#7733,.T.);
#7832 = ORIENTED_EDGE('',*,*,#7833,.T.);
#7833 = EDGE_CURVE('',#7734,#7834,#7836,.T.);
#7834 = VERTEX_POINT('',#7835);
#7835 = CARTESIAN_POINT('',(119.3,26.8125,3.));
#7836 = SURFACE_CURVE('',#7837,(#7841,#7848),.PCURVE_S1.);
#7837 = LINE('',#7838,#7839);
#7838 = CARTESIAN_POINT('',(98.25,26.8125,3.));
#7839 = VECTOR('',#7840,1.);
#7840 = DIRECTION('',(1.,0.,0.));
#7841 = PCURVE('',#2595,#7842);
#7842 = DEFINITIONAL_REPRESENTATION('',(#7843),#7847);
#7843 = LINE('',#7844,#7845);
#7844 = CARTESIAN_POINT('',(0.,-8.));
#7845 = VECTOR('',#7846,1.);
#7846 = DIRECTION('',(1.,0.));
#7847 = ( GEOMETRIC_REPRESENTATION_CONTEXT(2) 
PARAMETRIC_REPRESENTATION_CONTEXT() REPRESENTATION_CONTEXT('2D SPACE',''
  ) );
#7848 = PCURVE('',#6006,#7849);
#7849 = DEFINITIONAL_REPRESENTATION('',(#7850),#7854);
#7850 = LINE('',#7851,#7852);
#7851 = CARTESIAN_POINT('',(38.478705378636,-24.04068933901));
#7852 = VECTOR('',#7853,1.);
#7853 = DIRECTION('',(1.,0.));
#7854 = ( GEOMETRIC_REPRESENTATION_CONTEXT(2) 
PARAMETRIC_REPRESENTATION_CONTEXT() REPRESENTATION_CONTEXT('2D SPACE',''
  ) );
#7855 = ORIENTED_EDGE('',*,*,#7856,.F.);
#7856 = EDGE_CURVE('',#2551,#7834,#7857,.T.);
#7857 = SURFACE_CURVE('',#7858,(#7862,#7869),.PCURVE_S1.);
#7858 = LINE('',#7859,#7860);
#7859 = CARTESIAN_POINT('',(119.3,26.8125,11.));
#7860 = VECTOR('',#7861,1.);
#7861 = DIRECTION('',(-0.,-0.,-1.));
#7862 = PCURVE('',#2595,#7863);
#7863 = DEFINITIONAL_REPRESENTATION('',(#7864),#7868);
#7864 = LINE('',#7865,#7866);
#7865 = CARTESIAN_POINT('',(21.05,0.));
#7866 = VECTOR('',#7867,1.);
#7867 = DIRECTION('',(0.,-1.));
#7868 = ( GEOMETRIC_REPRESENTATION_CONTEXT(2) 
PARAMETRIC_REPRESENTATION_CONTEXT() REPRESENTATION_CONTEXT('2D SPACE',''
  ) );
#7869 = PCURVE('',#2567,#7870);
#7870 = DEFINITIONAL_REPRESENTATION('',(#7871),#7875);
#7871 = LINE('',#7872,#7873);
#7872 = CARTESIAN_POINT('',(-0.,0.));
#7873 = VECTOR('',#7874,1.);
#7874 = DIRECTION('',(-0.,1.));
#7875 = ( GEOMETRIC_REPRESENTATION_CONTEXT(2) 
PARAMETRIC_REPRESENTATION_CONTEXT() REPRESENTATION_CONTEXT('2D SPACE',''
  ) );
#7876 = ADVANCED_FACE('',(#7877),#2270,.F.);
#7877 = FACE_BOUND('',#7878,.F.);
#7878 = EDGE_LOOP('',(#7879,#7880,#7903,#7929));
#7879 = ORIENTED_EDGE('',*,*,#2249,.T.);
#7880 = ORIENTED_EDGE('',*,*,#7881,.T.);
#7881 = EDGE_CURVE('',#2250,#7882,#7884,.T.);
#7882 = VERTEX_POINT('',#7883);
#7883 = CARTESIAN_POINT('',(81.2,93.10625,3.));
#7884 = SURFACE_CURVE('',#7885,(#7889,#7896),.PCURVE_S1.);
#7885 = LINE('',#7886,#7887);
#7886 = CARTESIAN_POINT('',(81.2,93.10625,11.));
#7887 = VECTOR('',#7888,1.);
#7888 = DIRECTION('',(-0.,-0.,-1.));
#7889 = PCURVE('',#2270,#7890);
#7890 = DEFINITIONAL_REPRESENTATION('',(#7891),#7895);
#7891 = LINE('',#7892,#7893);
#7892 = CARTESIAN_POINT('',(1.570796326795,0.));
#7893 = VECTOR('',#7894,1.);
#7894 = DIRECTION('',(0.,1.));
#7895 = ( GEOMETRIC_REPRESENTATION_CONTEXT(2) 
PARAMETRIC_REPRESENTATION_CONTEXT() REPRESENTATION_CONTEXT('2D SPACE',''
  ) );
#7896 = PCURVE('',#2298,#7897);
#7897 = DEFINITIONAL_REPRESENTATION('',(#7898),#7902);
#7898 = LINE('',#7899,#7900);
#7899 = CARTESIAN_POINT('',(2.38125,0.));
#7900 = VECTOR('',#7901,1.);
#7901 = DIRECTION('',(0.,-1.));
#7902 = ( GEOMETRIC_REPRESENTATION_CONTEXT(2) 
PARAMETRIC_REPRESENTATION_CONTEXT() REPRESENTATION_CONTEXT('2D SPACE',''
  ) );
#7903 = ORIENTED_EDGE('',*,*,#7904,.F.);
#7904 = EDGE_CURVE('',#7784,#7882,#7905,.T.);
#7905 = SURFACE_CURVE('',#7906,(#7911,#7918),.PCURVE_S1.);
#7906 = CIRCLE('',#7907,2.38125);
#7907 = AXIS2_PLACEMENT_3D('',#7908,#7909,#7910);
#7908 = CARTESIAN_POINT('',(78.81875,93.10625,3.));
#7909 = DIRECTION('',(0.,0.,-1.));
#7910 = DIRECTION('',(0.,1.,0.));
#7911 = PCURVE('',#2270,#7912);
#7912 = DEFINITIONAL_REPRESENTATION('',(#7913),#7917);
#7913 = LINE('',#7914,#7915);
#7914 = CARTESIAN_POINT('',(0.,8.));
#7915 = VECTOR('',#7916,1.);
#7916 = DIRECTION('',(1.,0.));
#7917 = ( GEOMETRIC_REPRESENTATION_CONTEXT(2) 
PARAMETRIC_REPRESENTATION_CONTEXT() REPRESENTATION_CONTEXT('2D SPACE',''
  ) );
#7918 = PCURVE('',#6006,#7919);
#7919 = DEFINITIONAL_REPRESENTATION('',(#7920),#7928);
#7920 = ( BOUNDED_CURVE() B_SPLINE_CURVE(2,(#7921,#7922,#7923,#7924,
#7925,#7926,#7927),.UNSPECIFIED.,.T.,.F.) B_SPLINE_CURVE_WITH_KNOTS((1,2
    ,2,2,2,1),(-2.094395102393,0.,2.094395102393,4.188790204786,
6.28318530718,8.377580409573),.UNSPECIFIED.) CURVE() 
GEOMETRIC_REPRESENTATION_ITEM() RATIONAL_B_SPLINE_CURVE((1.,0.5,1.,0.5,
1.,0.5,1.)) REPRESENTATION_ITEM('') );
#7921 = CARTESIAN_POINT('',(19.047455378636,44.634310660984));
#7922 = CARTESIAN_POINT('',(23.171901364159,44.634310660984));
#7923 = CARTESIAN_POINT('',(21.109678371397,41.062435660984));
#7924 = CARTESIAN_POINT('',(19.047455378636,37.490560660984));
#7925 = CARTESIAN_POINT('',(16.985232385874,41.062435660984));
#7926 = CARTESIAN_POINT('',(14.923009393112,44.634310660984));
#7927 = CARTESIAN_POINT('',(19.047455378636,44.634310660984));
#7928 = ( GEOMETRIC_REPRESENTATION_CONTEXT(2) 
PARAMETRIC_REPRESENTATION_CONTEXT() REPRESENTATION_CONTEXT('2D SPACE',''
  ) );
#7929 = ORIENTED_EDGE('',*,*,#7783,.F.);
#7930 = ADVANCED_FACE('',(#7931),#2567,.F.);
#7931 = FACE_BOUND('',#7932,.T.);
#7932 = EDGE_LOOP('',(#7933,#7934,#7957,#7979));
#7933 = ORIENTED_EDGE('',*,*,#2550,.T.);
#7934 = ORIENTED_EDGE('',*,*,#7935,.T.);
#7935 = EDGE_CURVE('',#2523,#7936,#7938,.T.);
#7936 = VERTEX_POINT('',#7937);
#7937 = CARTESIAN_POINT('',(121.68125,29.19375,3.));
#7938 = SURFACE_CURVE('',#7939,(#7943,#7950),.PCURVE_S1.);
#7939 = LINE('',#7940,#7941);
#7940 = CARTESIAN_POINT('',(121.68125,29.19375,11.));
#7941 = VECTOR('',#7942,1.);
#7942 = DIRECTION('',(-0.,-0.,-1.));
#7943 = PCURVE('',#2567,#7944);
#7944 = DEFINITIONAL_REPRESENTATION('',(#7945),#7949);
#7945 = LINE('',#7946,#7947);
#7946 = CARTESIAN_POINT('',(-1.570796326795,0.));
#7947 = VECTOR('',#7948,1.);
#7948 = DIRECTION('',(-0.,1.));
#7949 = ( GEOMETRIC_REPRESENTATION_CONTEXT(2) 
PARAMETRIC_REPRESENTATION_CONTEXT() REPRESENTATION_CONTEXT('2D SPACE',''
  ) );
#7950 = PCURVE('',#2538,#7951);
#7951 = DEFINITIONAL_REPRESENTATION('',(#7952),#7956);
#7952 = LINE('',#7953,#7954);
#7953 = CARTESIAN_POINT('',(2.38125,0.));
#7954 = VECTOR('',#7955,1.);
#7955 = DIRECTION('',(0.,-1.));
#7956 = ( GEOMETRIC_REPRESENTATION_CONTEXT(2) 
PARAMETRIC_REPRESENTATION_CONTEXT() REPRESENTATION_CONTEXT('2D SPACE',''
  ) );
#7957 = ORIENTED_EDGE('',*,*,#7958,.F.);
#7958 = EDGE_CURVE('',#7834,#7936,#7959,.T.);
#7959 = SURFACE_CURVE('',#7960,(#7965,#7972),.PCURVE_S1.);
#7960 = CIRCLE('',#7961,2.38125);
#7961 = AXIS2_PLACEMENT_3D('',#7962,#7963,#7964);
#7962 = CARTESIAN_POINT('',(119.3,29.19375,3.));
#7963 = DIRECTION('',(0.,-0.,1.));
#7964 = DIRECTION('',(0.,1.,0.));
#7965 = PCURVE('',#2567,#7966);
#7966 = DEFINITIONAL_REPRESENTATION('',(#7967),#7971);
#7967 = LINE('',#7968,#7969);
#7968 = CARTESIAN_POINT('',(3.14159265359,8.));
#7969 = VECTOR('',#7970,1.);
#7970 = DIRECTION('',(-1.,0.));
#7971 = ( GEOMETRIC_REPRESENTATION_CONTEXT(2) 
PARAMETRIC_REPRESENTATION_CONTEXT() REPRESENTATION_CONTEXT('2D SPACE',''
  ) );
#7972 = PCURVE('',#6006,#7973);
#7973 = DEFINITIONAL_REPRESENTATION('',(#7974),#7978);
#7974 = CIRCLE('',#7975,2.38125);
#7975 = AXIS2_PLACEMENT_2D('',#7976,#7977);
#7976 = CARTESIAN_POINT('',(59.528705378636,-21.65943933901));
#7977 = DIRECTION('',(0.,1.));
#7978 = ( GEOMETRIC_REPRESENTATION_CONTEXT(2) 
PARAMETRIC_REPRESENTATION_CONTEXT() REPRESENTATION_CONTEXT('2D SPACE',''
  ) );
#7979 = ORIENTED_EDGE('',*,*,#7856,.F.);
#7980 = ADVANCED_FACE('',(#7981),#2298,.F.);
#7981 = FACE_BOUND('',#7982,.F.);
#7982 = EDGE_LOOP('',(#7983,#7984,#8007,#8028));
#7983 = ORIENTED_EDGE('',*,*,#2282,.F.);
#7984 = ORIENTED_EDGE('',*,*,#7985,.T.);
#7985 = EDGE_CURVE('',#2283,#7986,#7988,.T.);
#7986 = VERTEX_POINT('',#7987);
#7987 = CARTESIAN_POINT('',(81.2,91.915625,3.));
#7988 = SURFACE_CURVE('',#7989,(#7993,#8000),.PCURVE_S1.);
#7989 = LINE('',#7990,#7991);
#7990 = CARTESIAN_POINT('',(81.2,91.915625,11.));
#7991 = VECTOR('',#7992,1.);
#7992 = DIRECTION('',(-0.,-0.,-1.));
#7993 = PCURVE('',#2298,#7994);
#7994 = DEFINITIONAL_REPRESENTATION('',(#7995),#7999);
#7995 = LINE('',#7996,#7997);
#7996 = CARTESIAN_POINT('',(1.190625,0.));
#7997 = VECTOR('',#7998,1.);
#7998 = DIRECTION('',(0.,-1.));
#7999 = ( GEOMETRIC_REPRESENTATION_CONTEXT(2) 
PARAMETRIC_REPRESENTATION_CONTEXT() REPRESENTATION_CONTEXT('2D SPACE',''
  ) );
#8000 = PCURVE('',#2331,#8001);
#8001 = DEFINITIONAL_REPRESENTATION('',(#8002),#8006);
#8002 = LINE('',#8003,#8004);
#8003 = CARTESIAN_POINT('',(1.570796326795,0.));
#8004 = VECTOR('',#8005,1.);
#8005 = DIRECTION('',(0.,1.));
#8006 = ( GEOMETRIC_REPRESENTATION_CONTEXT(2) 
PARAMETRIC_REPRESENTATION_CONTEXT() REPRESENTATION_CONTEXT('2D SPACE',''
  ) );
#8007 = ORIENTED_EDGE('',*,*,#8008,.T.);
#8008 = EDGE_CURVE('',#7986,#7882,#8009,.T.);
#8009 = SURFACE_CURVE('',#8010,(#8014,#8021),.PCURVE_S1.);
#8010 = LINE('',#8011,#8012);
#8011 = CARTESIAN_POINT('',(81.2,90.725,3.));
#8012 = VECTOR('',#8013,1.);
#8013 = DIRECTION('',(0.,1.,0.));
#8014 = PCURVE('',#2298,#8015);
#8015 = DEFINITIONAL_REPRESENTATION('',(#8016),#8020);
#8016 = LINE('',#8017,#8018);
#8017 = CARTESIAN_POINT('',(0.,-8.));
#8018 = VECTOR('',#8019,1.);
#8019 = DIRECTION('',(1.,0.));
#8020 = ( GEOMETRIC_REPRESENTATION_CONTEXT(2) 
PARAMETRIC_REPRESENTATION_CONTEXT() REPRESENTATION_CONTEXT('2D SPACE',''
  ) );
#8021 = PCURVE('',#6006,#8022);
#8022 = DEFINITIONAL_REPRESENTATION('',(#8023),#8027);
#8023 = LINE('',#8024,#8025);
#8024 = CARTESIAN_POINT('',(21.428705378636,39.871810660984));
#8025 = VECTOR('',#8026,1.);
#8026 = DIRECTION('',(0.,1.));
#8027 = ( GEOMETRIC_REPRESENTATION_CONTEXT(2) 
PARAMETRIC_REPRESENTATION_CONTEXT() REPRESENTATION_CONTEXT('2D SPACE',''
  ) );
#8028 = ORIENTED_EDGE('',*,*,#7881,.F.);
#8029 = ADVANCED_FACE('',(#8030),#2538,.F.);
#8030 = FACE_BOUND('',#8031,.F.);
#8031 = EDGE_LOOP('',(#8032,#8033,#8034,#8057));
#8032 = ORIENTED_EDGE('',*,*,#2522,.F.);
#8033 = ORIENTED_EDGE('',*,*,#7935,.T.);
#8034 = ORIENTED_EDGE('',*,*,#8035,.T.);
#8035 = EDGE_CURVE('',#7936,#8036,#8038,.T.);
#8036 = VERTEX_POINT('',#8037);
#8037 = CARTESIAN_POINT('',(121.68125,83.58125,3.));
#8038 = SURFACE_CURVE('',#8039,(#8043,#8050),.PCURVE_S1.);
#8039 = LINE('',#8040,#8041);
#8040 = CARTESIAN_POINT('',(121.68125,26.8125,3.));
#8041 = VECTOR('',#8042,1.);
#8042 = DIRECTION('',(0.,1.,0.));
#8043 = PCURVE('',#2538,#8044);
#8044 = DEFINITIONAL_REPRESENTATION('',(#8045),#8049);
#8045 = LINE('',#8046,#8047);
#8046 = CARTESIAN_POINT('',(0.,-8.));
#8047 = VECTOR('',#8048,1.);
#8048 = DIRECTION('',(1.,0.));
#8049 = ( GEOMETRIC_REPRESENTATION_CONTEXT(2) 
PARAMETRIC_REPRESENTATION_CONTEXT() REPRESENTATION_CONTEXT('2D SPACE',''
  ) );
#8050 = PCURVE('',#6006,#8051);
#8051 = DEFINITIONAL_REPRESENTATION('',(#8052),#8056);
#8052 = LINE('',#8053,#8054);
#8053 = CARTESIAN_POINT('',(61.909955378636,-24.04068933901));
#8054 = VECTOR('',#8055,1.);
#8055 = DIRECTION('',(0.,1.));
#8056 = ( GEOMETRIC_REPRESENTATION_CONTEXT(2) 
PARAMETRIC_REPRESENTATION_CONTEXT() REPRESENTATION_CONTEXT('2D SPACE',''
  ) );
#8057 = ORIENTED_EDGE('',*,*,#8058,.F.);
#8058 = EDGE_CURVE('',#2494,#8036,#8059,.T.);
#8059 = SURFACE_CURVE('',#8060,(#8064,#8071),.PCURVE_S1.);
#8060 = LINE('',#8061,#8062);
#8061 = CARTESIAN_POINT('',(121.68125,83.58125,11.));
#8062 = VECTOR('',#8063,1.);
#8063 = DIRECTION('',(-0.,-0.,-1.));
#8064 = PCURVE('',#2538,#8065);
#8065 = DEFINITIONAL_REPRESENTATION('',(#8066),#8070);
#8066 = LINE('',#8067,#8068);
#8067 = CARTESIAN_POINT('',(56.76875,0.));
#8068 = VECTOR('',#8069,1.);
#8069 = DIRECTION('',(0.,-1.));
#8070 = ( GEOMETRIC_REPRESENTATION_CONTEXT(2) 
PARAMETRIC_REPRESENTATION_CONTEXT() REPRESENTATION_CONTEXT('2D SPACE',''
  ) );
#8071 = PCURVE('',#2510,#8072);
#8072 = DEFINITIONAL_REPRESENTATION('',(#8073),#8077);
#8073 = LINE('',#8074,#8075);
#8074 = CARTESIAN_POINT('',(-0.,0.));
#8075 = VECTOR('',#8076,1.);
#8076 = DIRECTION('',(-0.,1.));
#8077 = ( GEOMETRIC_REPRESENTATION_CONTEXT(2) 
PARAMETRIC_REPRESENTATION_CONTEXT() REPRESENTATION_CONTEXT('2D SPACE',''
  ) );
#8078 = ADVANCED_FACE('',(#8079),#2331,.T.);
#8079 = FACE_BOUND('',#8080,.T.);
#8080 = EDGE_LOOP('',(#8081,#8082,#8083,#8111));
#8081 = ORIENTED_EDGE('',*,*,#2310,.T.);
#8082 = ORIENTED_EDGE('',*,*,#7985,.T.);
#8083 = ORIENTED_EDGE('',*,*,#8084,.F.);
#8084 = EDGE_CURVE('',#8085,#7986,#8087,.T.);
#8085 = VERTEX_POINT('',#8086);
#8086 = CARTESIAN_POINT('',(82.390625,90.725,3.));
#8087 = SURFACE_CURVE('',#8088,(#8093,#8100),.PCURVE_S1.);
#8088 = CIRCLE('',#8089,1.190625);
#8089 = AXIS2_PLACEMENT_3D('',#8090,#8091,#8092);
#8090 = CARTESIAN_POINT('',(82.390625,91.915625,3.));
#8091 = DIRECTION('',(0.,0.,-1.));
#8092 = DIRECTION('',(0.,1.,0.));
#8093 = PCURVE('',#2331,#8094);
#8094 = DEFINITIONAL_REPRESENTATION('',(#8095),#8099);
#8095 = LINE('',#8096,#8097);
#8096 = CARTESIAN_POINT('',(-3.14159265359,8.));
#8097 = VECTOR('',#8098,1.);
#8098 = DIRECTION('',(1.,0.));
#8099 = ( GEOMETRIC_REPRESENTATION_CONTEXT(2) 
PARAMETRIC_REPRESENTATION_CONTEXT() REPRESENTATION_CONTEXT('2D SPACE',''
  ) );
#8100 = PCURVE('',#6006,#8101);
#8101 = DEFINITIONAL_REPRESENTATION('',(#8102),#8110);
#8102 = ( BOUNDED_CURVE() B_SPLINE_CURVE(2,(#8103,#8104,#8105,#8106,
#8107,#8108,#8109),.UNSPECIFIED.,.T.,.F.) B_SPLINE_CURVE_WITH_KNOTS((1,2
    ,2,2,2,1),(-2.094395102393,0.,2.094395102393,4.188790204786,
6.28318530718,8.377580409573),.UNSPECIFIED.) CURVE() 
GEOMETRIC_REPRESENTATION_ITEM() RATIONAL_B_SPLINE_CURVE((1.,0.5,1.,0.5,
1.,0.5,1.)) REPRESENTATION_ITEM('') );
#8103 = CARTESIAN_POINT('',(22.619330378636,42.253060660984));
#8104 = CARTESIAN_POINT('',(24.681553371397,42.253060660984));
#8105 = CARTESIAN_POINT('',(23.650441875016,40.467123160984));
#8106 = CARTESIAN_POINT('',(22.619330378636,38.681185660984));
#8107 = CARTESIAN_POINT('',(21.588218882255,40.467123160984));
#8108 = CARTESIAN_POINT('',(20.557107385874,42.253060660984));
#8109 = CARTESIAN_POINT('',(22.619330378636,42.253060660984));
#8110 = ( GEOMETRIC_REPRESENTATION_CONTEXT(2) 
PARAMETRIC_REPRESENTATION_CONTEXT() REPRESENTATION_CONTEXT('2D SPACE',''
  ) );
#8111 = ORIENTED_EDGE('',*,*,#8112,.F.);
#8112 = EDGE_CURVE('',#2311,#8085,#8113,.T.);
#8113 = SURFACE_CURVE('',#8114,(#8118,#8125),.PCURVE_S1.);
#8114 = LINE('',#8115,#8116);
#8115 = CARTESIAN_POINT('',(82.390625,90.725,11.));
#8116 = VECTOR('',#8117,1.);
#8117 = DIRECTION('',(-0.,-0.,-1.));
#8118 = PCURVE('',#2331,#8119);
#8119 = DEFINITIONAL_REPRESENTATION('',(#8120),#8124);
#8120 = LINE('',#8121,#8122);
#8121 = CARTESIAN_POINT('',(0.,0.));
#8122 = VECTOR('',#8123,1.);
#8123 = DIRECTION('',(0.,1.));
#8124 = ( GEOMETRIC_REPRESENTATION_CONTEXT(2) 
PARAMETRIC_REPRESENTATION_CONTEXT() REPRESENTATION_CONTEXT('2D SPACE',''
  ) );
#8125 = PCURVE('',#2359,#8126);
#8126 = DEFINITIONAL_REPRESENTATION('',(#8127),#8131);
#8127 = LINE('',#8128,#8129);
#8128 = CARTESIAN_POINT('',(17.859375,0.));
#8129 = VECTOR('',#8130,1.);
#8130 = DIRECTION('',(0.,-1.));
#8131 = ( GEOMETRIC_REPRESENTATION_CONTEXT(2) 
PARAMETRIC_REPRESENTATION_CONTEXT() REPRESENTATION_CONTEXT('2D SPACE',''
  ) );
#8132 = ADVANCED_FACE('',(#8133),#2510,.F.);
#8133 = FACE_BOUND('',#8134,.T.);
#8134 = EDGE_LOOP('',(#8135,#8136,#8159,#8181));
#8135 = ORIENTED_EDGE('',*,*,#2493,.T.);
#8136 = ORIENTED_EDGE('',*,*,#8137,.T.);
#8137 = EDGE_CURVE('',#2466,#8138,#8140,.T.);
#8138 = VERTEX_POINT('',#8139);
#8139 = CARTESIAN_POINT('',(119.3,85.9625,3.));
#8140 = SURFACE_CURVE('',#8141,(#8145,#8152),.PCURVE_S1.);
#8141 = LINE('',#8142,#8143);
#8142 = CARTESIAN_POINT('',(119.3,85.9625,11.));
#8143 = VECTOR('',#8144,1.);
#8144 = DIRECTION('',(-0.,-0.,-1.));
#8145 = PCURVE('',#2510,#8146);
#8146 = DEFINITIONAL_REPRESENTATION('',(#8147),#8151);
#8147 = LINE('',#8148,#8149);
#8148 = CARTESIAN_POINT('',(-1.570796326795,0.));
#8149 = VECTOR('',#8150,1.);
#8150 = DIRECTION('',(-0.,1.));
#8151 = ( GEOMETRIC_REPRESENTATION_CONTEXT(2) 
PARAMETRIC_REPRESENTATION_CONTEXT() REPRESENTATION_CONTEXT('2D SPACE',''
  ) );
#8152 = PCURVE('',#2481,#8153);
#8153 = DEFINITIONAL_REPRESENTATION('',(#8154),#8158);
#8154 = LINE('',#8155,#8156);
#8155 = CARTESIAN_POINT('',(2.38125,0.));
#8156 = VECTOR('',#8157,1.);
#8157 = DIRECTION('',(0.,-1.));
#8158 = ( GEOMETRIC_REPRESENTATION_CONTEXT(2) 
PARAMETRIC_REPRESENTATION_CONTEXT() REPRESENTATION_CONTEXT('2D SPACE',''
  ) );
#8159 = ORIENTED_EDGE('',*,*,#8160,.F.);
#8160 = EDGE_CURVE('',#8036,#8138,#8161,.T.);
#8161 = SURFACE_CURVE('',#8162,(#8167,#8174),.PCURVE_S1.);
#8162 = CIRCLE('',#8163,2.38125);
#8163 = AXIS2_PLACEMENT_3D('',#8164,#8165,#8166);
#8164 = CARTESIAN_POINT('',(119.3,83.58125,3.));
#8165 = DIRECTION('',(0.,-0.,1.));
#8166 = DIRECTION('',(0.,1.,0.));
#8167 = PCURVE('',#2510,#8168);
#8168 = DEFINITIONAL_REPRESENTATION('',(#8169),#8173);
#8169 = LINE('',#8170,#8171);
#8170 = CARTESIAN_POINT('',(4.712388980385,8.));
#8171 = VECTOR('',#8172,1.);
#8172 = DIRECTION('',(-1.,0.));
#8173 = ( GEOMETRIC_REPRESENTATION_CONTEXT(2) 
PARAMETRIC_REPRESENTATION_CONTEXT() REPRESENTATION_CONTEXT('2D SPACE',''
  ) );
#8174 = PCURVE('',#6006,#8175);
#8175 = DEFINITIONAL_REPRESENTATION('',(#8176),#8180);
#8176 = CIRCLE('',#8177,2.38125);
#8177 = AXIS2_PLACEMENT_2D('',#8178,#8179);
#8178 = CARTESIAN_POINT('',(59.528705378636,32.728060660984));
#8179 = DIRECTION('',(0.,1.));
#8180 = ( GEOMETRIC_REPRESENTATION_CONTEXT(2) 
PARAMETRIC_REPRESENTATION_CONTEXT() REPRESENTATION_CONTEXT('2D SPACE',''
  ) );
#8181 = ORIENTED_EDGE('',*,*,#8058,.F.);
#8182 = ADVANCED_FACE('',(#8183),#2359,.F.);
#8183 = FACE_BOUND('',#8184,.F.);
#8184 = EDGE_LOOP('',(#8185,#8186,#8209,#8230));
#8185 = ORIENTED_EDGE('',*,*,#2343,.F.);
#8186 = ORIENTED_EDGE('',*,*,#8187,.T.);
#8187 = EDGE_CURVE('',#2344,#8188,#8190,.T.);
#8188 = VERTEX_POINT('',#8189);
#8189 = CARTESIAN_POINT('',(97.86875,90.725,3.));
#8190 = SURFACE_CURVE('',#8191,(#8195,#8202),.PCURVE_S1.);
#8191 = LINE('',#8192,#8193);
#8192 = CARTESIAN_POINT('',(97.86875,90.725,11.));
#8193 = VECTOR('',#8194,1.);
#8194 = DIRECTION('',(-0.,-0.,-1.));
#8195 = PCURVE('',#2359,#8196);
#8196 = DEFINITIONAL_REPRESENTATION('',(#8197),#8201);
#8197 = LINE('',#8198,#8199);
#8198 = CARTESIAN_POINT('',(2.38125,0.));
#8199 = VECTOR('',#8200,1.);
#8200 = DIRECTION('',(0.,-1.));
#8201 = ( GEOMETRIC_REPRESENTATION_CONTEXT(2) 
PARAMETRIC_REPRESENTATION_CONTEXT() REPRESENTATION_CONTEXT('2D SPACE',''
  ) );
#8202 = PCURVE('',#2392,#8203);
#8203 = DEFINITIONAL_REPRESENTATION('',(#8204),#8208);
#8204 = LINE('',#8205,#8206);
#8205 = CARTESIAN_POINT('',(0.,0.));
#8206 = VECTOR('',#8207,1.);
#8207 = DIRECTION('',(0.,1.));
#8208 = ( GEOMETRIC_REPRESENTATION_CONTEXT(2) 
PARAMETRIC_REPRESENTATION_CONTEXT() REPRESENTATION_CONTEXT('2D SPACE',''
  ) );
#8209 = ORIENTED_EDGE('',*,*,#8210,.T.);
#8210 = EDGE_CURVE('',#8188,#8085,#8211,.T.);
#8211 = SURFACE_CURVE('',#8212,(#8216,#8223),.PCURVE_S1.);
#8212 = LINE('',#8213,#8214);
#8213 = CARTESIAN_POINT('',(100.25,90.725,3.));
#8214 = VECTOR('',#8215,1.);
#8215 = DIRECTION('',(-1.,0.,0.));
#8216 = PCURVE('',#2359,#8217);
#8217 = DEFINITIONAL_REPRESENTATION('',(#8218),#8222);
#8218 = LINE('',#8219,#8220);
#8219 = CARTESIAN_POINT('',(0.,-8.));
#8220 = VECTOR('',#8221,1.);
#8221 = DIRECTION('',(1.,0.));
#8222 = ( GEOMETRIC_REPRESENTATION_CONTEXT(2) 
PARAMETRIC_REPRESENTATION_CONTEXT() REPRESENTATION_CONTEXT('2D SPACE',''
  ) );
#8223 = PCURVE('',#6006,#8224);
#8224 = DEFINITIONAL_REPRESENTATION('',(#8225),#8229);
#8225 = LINE('',#8226,#8227);
#8226 = CARTESIAN_POINT('',(40.478705378636,39.871810660984));
#8227 = VECTOR('',#8228,1.);
#8228 = DIRECTION('',(-1.,0.));
#8229 = ( GEOMETRIC_REPRESENTATION_CONTEXT(2) 
PARAMETRIC_REPRESENTATION_CONTEXT() REPRESENTATION_CONTEXT('2D SPACE',''
  ) );
#8230 = ORIENTED_EDGE('',*,*,#8112,.F.);
#8231 = ADVANCED_FACE('',(#8232),#2481,.F.);
#8232 = FACE_BOUND('',#8233,.F.);
#8233 = EDGE_LOOP('',(#8234,#8235,#8236,#8259));
#8234 = ORIENTED_EDGE('',*,*,#2465,.F.);
#8235 = ORIENTED_EDGE('',*,*,#8137,.T.);
#8236 = ORIENTED_EDGE('',*,*,#8237,.T.);
#8237 = EDGE_CURVE('',#8138,#8238,#8240,.T.);
#8238 = VERTEX_POINT('',#8239);
#8239 = CARTESIAN_POINT('',(101.440625,85.9625,3.));
#8240 = SURFACE_CURVE('',#8241,(#8245,#8252),.PCURVE_S1.);
#8241 = LINE('',#8242,#8243);
#8242 = CARTESIAN_POINT('',(121.68125,85.9625,3.));
#8243 = VECTOR('',#8244,1.);
#8244 = DIRECTION('',(-1.,0.,0.));
#8245 = PCURVE('',#2481,#8246);
#8246 = DEFINITIONAL_REPRESENTATION('',(#8247),#8251);
#8247 = LINE('',#8248,#8249);
#8248 = CARTESIAN_POINT('',(0.,-8.));
#8249 = VECTOR('',#8250,1.);
#8250 = DIRECTION('',(1.,0.));
#8251 = ( GEOMETRIC_REPRESENTATION_CONTEXT(2) 
PARAMETRIC_REPRESENTATION_CONTEXT() REPRESENTATION_CONTEXT('2D SPACE',''
  ) );
#8252 = PCURVE('',#6006,#8253);
#8253 = DEFINITIONAL_REPRESENTATION('',(#8254),#8258);
#8254 = LINE('',#8255,#8256);
#8255 = CARTESIAN_POINT('',(61.909955378636,35.109310660984));
#8256 = VECTOR('',#8257,1.);
#8257 = DIRECTION('',(-1.,0.));
#8258 = ( GEOMETRIC_REPRESENTATION_CONTEXT(2) 
PARAMETRIC_REPRESENTATION_CONTEXT() REPRESENTATION_CONTEXT('2D SPACE',''
  ) );
#8259 = ORIENTED_EDGE('',*,*,#8260,.F.);
#8260 = EDGE_CURVE('',#2433,#8238,#8261,.T.);
#8261 = SURFACE_CURVE('',#8262,(#8266,#8273),.PCURVE_S1.);
#8262 = LINE('',#8263,#8264);
#8263 = CARTESIAN_POINT('',(101.440625,85.9625,11.));
#8264 = VECTOR('',#8265,1.);
#8265 = DIRECTION('',(-0.,-0.,-1.));
#8266 = PCURVE('',#2481,#8267);
#8267 = DEFINITIONAL_REPRESENTATION('',(#8268),#8272);
#8268 = LINE('',#8269,#8270);
#8269 = CARTESIAN_POINT('',(20.240625,0.));
#8270 = VECTOR('',#8271,1.);
#8271 = DIRECTION('',(0.,-1.));
#8272 = ( GEOMETRIC_REPRESENTATION_CONTEXT(2) 
PARAMETRIC_REPRESENTATION_CONTEXT() REPRESENTATION_CONTEXT('2D SPACE',''
  ) );
#8273 = PCURVE('',#2453,#8274);
#8274 = DEFINITIONAL_REPRESENTATION('',(#8275),#8279);
#8275 = LINE('',#8276,#8277);
#8276 = CARTESIAN_POINT('',(0.,0.));
#8277 = VECTOR('',#8278,1.);
#8278 = DIRECTION('',(0.,1.));
#8279 = ( GEOMETRIC_REPRESENTATION_CONTEXT(2) 
PARAMETRIC_REPRESENTATION_CONTEXT() REPRESENTATION_CONTEXT('2D SPACE',''
  ) );
#8280 = ADVANCED_FACE('',(#8281),#2392,.F.);
#8281 = FACE_BOUND('',#8282,.F.);
#8282 = EDGE_LOOP('',(#8283,#8284,#8307,#8333));
#8283 = ORIENTED_EDGE('',*,*,#2371,.T.);
#8284 = ORIENTED_EDGE('',*,*,#8285,.T.);
#8285 = EDGE_CURVE('',#2372,#8286,#8288,.T.);
#8286 = VERTEX_POINT('',#8287);
#8287 = CARTESIAN_POINT('',(100.25,88.34375,3.));
#8288 = SURFACE_CURVE('',#8289,(#8293,#8300),.PCURVE_S1.);
#8289 = LINE('',#8290,#8291);
#8290 = CARTESIAN_POINT('',(100.25,88.34375,11.));
#8291 = VECTOR('',#8292,1.);
#8292 = DIRECTION('',(-0.,-0.,-1.));
#8293 = PCURVE('',#2392,#8294);
#8294 = DEFINITIONAL_REPRESENTATION('',(#8295),#8299);
#8295 = LINE('',#8296,#8297);
#8296 = CARTESIAN_POINT('',(1.570796326795,0.));
#8297 = VECTOR('',#8298,1.);
#8298 = DIRECTION('',(0.,1.));
#8299 = ( GEOMETRIC_REPRESENTATION_CONTEXT(2) 
PARAMETRIC_REPRESENTATION_CONTEXT() REPRESENTATION_CONTEXT('2D SPACE',''
  ) );
#8300 = PCURVE('',#2420,#8301);
#8301 = DEFINITIONAL_REPRESENTATION('',(#8302),#8306);
#8302 = LINE('',#8303,#8304);
#8303 = CARTESIAN_POINT('',(2.38125,0.));
#8304 = VECTOR('',#8305,1.);
#8305 = DIRECTION('',(0.,-1.));
#8306 = ( GEOMETRIC_REPRESENTATION_CONTEXT(2) 
PARAMETRIC_REPRESENTATION_CONTEXT() REPRESENTATION_CONTEXT('2D SPACE',''
  ) );
#8307 = ORIENTED_EDGE('',*,*,#8308,.F.);
#8308 = EDGE_CURVE('',#8188,#8286,#8309,.T.);
#8309 = SURFACE_CURVE('',#8310,(#8315,#8322),.PCURVE_S1.);
#8310 = CIRCLE('',#8311,2.38125);
#8311 = AXIS2_PLACEMENT_3D('',#8312,#8313,#8314);
#8312 = CARTESIAN_POINT('',(97.86875,88.34375,3.));
#8313 = DIRECTION('',(0.,0.,-1.));
#8314 = DIRECTION('',(0.,1.,0.));
#8315 = PCURVE('',#2392,#8316);
#8316 = DEFINITIONAL_REPRESENTATION('',(#8317),#8321);
#8317 = LINE('',#8318,#8319);
#8318 = CARTESIAN_POINT('',(0.,8.));
#8319 = VECTOR('',#8320,1.);
#8320 = DIRECTION('',(1.,0.));
#8321 = ( GEOMETRIC_REPRESENTATION_CONTEXT(2) 
PARAMETRIC_REPRESENTATION_CONTEXT() REPRESENTATION_CONTEXT('2D SPACE',''
  ) );
#8322 = PCURVE('',#6006,#8323);
#8323 = DEFINITIONAL_REPRESENTATION('',(#8324),#8332);
#8324 = ( BOUNDED_CURVE() B_SPLINE_CURVE(2,(#8325,#8326,#8327,#8328,
#8329,#8330,#8331),.UNSPECIFIED.,.T.,.F.) B_SPLINE_CURVE_WITH_KNOTS((1,2
    ,2,2,2,1),(-2.094395102393,0.,2.094395102393,4.188790204786,
6.28318530718,8.377580409573),.UNSPECIFIED.) CURVE() 
GEOMETRIC_REPRESENTATION_ITEM() RATIONAL_B_SPLINE_CURVE((1.,0.5,1.,0.5,
1.,0.5,1.)) REPRESENTATION_ITEM('') );
#8325 = CARTESIAN_POINT('',(38.097455378636,39.871810660984));
#8326 = CARTESIAN_POINT('',(42.221901364159,39.871810660984));
#8327 = CARTESIAN_POINT('',(40.159678371397,36.299935660984));
#8328 = CARTESIAN_POINT('',(38.097455378636,32.728060660984));
#8329 = CARTESIAN_POINT('',(36.035232385874,36.299935660984));
#8330 = CARTESIAN_POINT('',(33.973009393112,39.871810660984));
#8331 = CARTESIAN_POINT('',(38.097455378636,39.871810660984));
#8332 = ( GEOMETRIC_REPRESENTATION_CONTEXT(2) 
PARAMETRIC_REPRESENTATION_CONTEXT() REPRESENTATION_CONTEXT('2D SPACE',''
  ) );
#8333 = ORIENTED_EDGE('',*,*,#8187,.F.);
#8334 = ADVANCED_FACE('',(#8335),#2453,.T.);
#8335 = FACE_BOUND('',#8336,.T.);
#8336 = EDGE_LOOP('',(#8337,#8338,#8361,#8387));
#8337 = ORIENTED_EDGE('',*,*,#2432,.T.);
#8338 = ORIENTED_EDGE('',*,*,#8339,.T.);
#8339 = EDGE_CURVE('',#2405,#8340,#8342,.T.);
#8340 = VERTEX_POINT('',#8341);
#8341 = CARTESIAN_POINT('',(100.25,87.153125,3.));
#8342 = SURFACE_CURVE('',#8343,(#8347,#8354),.PCURVE_S1.);
#8343 = LINE('',#8344,#8345);
#8344 = CARTESIAN_POINT('',(100.25,87.153125,11.));
#8345 = VECTOR('',#8346,1.);
#8346 = DIRECTION('',(-0.,-0.,-1.));
#8347 = PCURVE('',#2453,#8348);
#8348 = DEFINITIONAL_REPRESENTATION('',(#8349),#8353);
#8349 = LINE('',#8350,#8351);
#8350 = CARTESIAN_POINT('',(1.570796326795,0.));
#8351 = VECTOR('',#8352,1.);
#8352 = DIRECTION('',(0.,1.));
#8353 = ( GEOMETRIC_REPRESENTATION_CONTEXT(2) 
PARAMETRIC_REPRESENTATION_CONTEXT() REPRESENTATION_CONTEXT('2D SPACE',''
  ) );
#8354 = PCURVE('',#2420,#8355);
#8355 = DEFINITIONAL_REPRESENTATION('',(#8356),#8360);
#8356 = LINE('',#8357,#8358);
#8357 = CARTESIAN_POINT('',(1.190625,0.));
#8358 = VECTOR('',#8359,1.);
#8359 = DIRECTION('',(0.,-1.));
#8360 = ( GEOMETRIC_REPRESENTATION_CONTEXT(2) 
PARAMETRIC_REPRESENTATION_CONTEXT() REPRESENTATION_CONTEXT('2D SPACE',''
  ) );
#8361 = ORIENTED_EDGE('',*,*,#8362,.F.);
#8362 = EDGE_CURVE('',#8238,#8340,#8363,.T.);
#8363 = SURFACE_CURVE('',#8364,(#8369,#8376),.PCURVE_S1.);
#8364 = CIRCLE('',#8365,1.190625);
#8365 = AXIS2_PLACEMENT_3D('',#8366,#8367,#8368);
#8366 = CARTESIAN_POINT('',(101.440625,87.153125,3.));
#8367 = DIRECTION('',(0.,0.,-1.));
#8368 = DIRECTION('',(0.,1.,0.));
#8369 = PCURVE('',#2453,#8370);
#8370 = DEFINITIONAL_REPRESENTATION('',(#8371),#8375);
#8371 = LINE('',#8372,#8373);
#8372 = CARTESIAN_POINT('',(-3.14159265359,8.));
#8373 = VECTOR('',#8374,1.);
#8374 = DIRECTION('',(1.,0.));
#8375 = ( GEOMETRIC_REPRESENTATION_CONTEXT(2) 
PARAMETRIC_REPRESENTATION_CONTEXT() REPRESENTATION_CONTEXT('2D SPACE',''
  ) );
#8376 = PCURVE('',#6006,#8377);
#8377 = DEFINITIONAL_REPRESENTATION('',(#8378),#8386);
#8378 = ( BOUNDED_CURVE() B_SPLINE_CURVE(2,(#8379,#8380,#8381,#8382,
#8383,#8384,#8385),.UNSPECIFIED.,.T.,.F.) B_SPLINE_CURVE_WITH_KNOTS((1,2
    ,2,2,2,1),(-2.094395102393,0.,2.094395102393,4.188790204786,
6.28318530718,8.377580409573),.UNSPECIFIED.) CURVE() 
GEOMETRIC_REPRESENTATION_ITEM() RATIONAL_B_SPLINE_CURVE((1.,0.5,1.,0.5,
1.,0.5,1.)) REPRESENTATION_ITEM('') );
#8379 = CARTESIAN_POINT('',(41.669330378636,37.490560660984));
#8380 = CARTESIAN_POINT('',(43.731553371397,37.490560660984));
#8381 = CARTESIAN_POINT('',(42.700441875016,35.704623160984));
#8382 = CARTESIAN_POINT('',(41.669330378636,33.918685660984));
#8383 = CARTESIAN_POINT('',(40.638218882255,35.704623160984));
#8384 = CARTESIAN_POINT('',(39.607107385874,37.490560660984));
#8385 = CARTESIAN_POINT('',(41.669330378636,37.490560660984));
#8386 = ( GEOMETRIC_REPRESENTATION_CONTEXT(2) 
PARAMETRIC_REPRESENTATION_CONTEXT() REPRESENTATION_CONTEXT('2D SPACE',''
  ) );
#8387 = ORIENTED_EDGE('',*,*,#8260,.F.);
#8388 = ADVANCED_FACE('',(#8389),#2420,.F.);
#8389 = FACE_BOUND('',#8390,.F.);
#8390 = EDGE_LOOP('',(#8391,#8392,#8393,#8414));
#8391 = ORIENTED_EDGE('',*,*,#2404,.F.);
#8392 = ORIENTED_EDGE('',*,*,#8339,.T.);
#8393 = ORIENTED_EDGE('',*,*,#8394,.T.);
#8394 = EDGE_CURVE('',#8340,#8286,#8395,.T.);
#8395 = SURFACE_CURVE('',#8396,(#8400,#8407),.PCURVE_S1.);
#8396 = LINE('',#8397,#8398);
#8397 = CARTESIAN_POINT('',(100.25,85.9625,3.));
#8398 = VECTOR('',#8399,1.);
#8399 = DIRECTION('',(0.,1.,0.));
#8400 = PCURVE('',#2420,#8401);
#8401 = DEFINITIONAL_REPRESENTATION('',(#8402),#8406);
#8402 = LINE('',#8403,#8404);
#8403 = CARTESIAN_POINT('',(0.,-8.));
#8404 = VECTOR('',#8405,1.);
#8405 = DIRECTION('',(1.,0.));
#8406 = ( GEOMETRIC_REPRESENTATION_CONTEXT(2) 
PARAMETRIC_REPRESENTATION_CONTEXT() REPRESENTATION_CONTEXT('2D SPACE',''
  ) );
#8407 = PCURVE('',#6006,#8408);
#8408 = DEFINITIONAL_REPRESENTATION('',(#8409),#8413);
#8409 = LINE('',#8410,#8411);
#8410 = CARTESIAN_POINT('',(40.478705378636,35.109310660984));
#8411 = VECTOR('',#8412,1.);
#8412 = DIRECTION('',(0.,1.));
#8413 = ( GEOMETRIC_REPRESENTATION_CONTEXT(2) 
PARAMETRIC_REPRESENTATION_CONTEXT() REPRESENTATION_CONTEXT('2D SPACE',''
  ) );
#8414 = ORIENTED_EDGE('',*,*,#8285,.F.);
#8415 = ADVANCED_FACE('',(#8416),#3153,.F.);
#8416 = FACE_BOUND('',#8417,.F.);
#8417 = EDGE_LOOP('',(#8418,#8441,#8442,#8465));
#8418 = ORIENTED_EDGE('',*,*,#8419,.T.);
#8419 = EDGE_CURVE('',#8420,#3114,#8422,.T.);
#8420 = VERTEX_POINT('',#8421);
#8421 = CARTESIAN_POINT('',(67.53125,13.715624999996,1.5));
#8422 = SURFACE_CURVE('',#8423,(#8427,#8434),.PCURVE_S1.);
#8423 = LINE('',#8424,#8425);
#8424 = CARTESIAN_POINT('',(67.53125,13.715624999996,0.));
#8425 = VECTOR('',#8426,1.);
#8426 = DIRECTION('',(0.,0.,1.));
#8427 = PCURVE('',#3153,#8428);
#8428 = DEFINITIONAL_REPRESENTATION('',(#8429),#8433);
#8429 = LINE('',#8430,#8431);
#8430 = CARTESIAN_POINT('',(4.190625,0.));
#8431 = VECTOR('',#8432,1.);
#8432 = DIRECTION('',(0.,-1.));
#8433 = ( GEOMETRIC_REPRESENTATION_CONTEXT(2) 
PARAMETRIC_REPRESENTATION_CONTEXT() REPRESENTATION_CONTEXT('2D SPACE',''
  ) );
#8434 = PCURVE('',#3232,#8435);
#8435 = DEFINITIONAL_REPRESENTATION('',(#8436),#8440);
#8436 = LINE('',#8437,#8438);
#8437 = CARTESIAN_POINT('',(1.570796326795,0.));
#8438 = VECTOR('',#8439,1.);
#8439 = DIRECTION('',(0.,1.));
#8440 = ( GEOMETRIC_REPRESENTATION_CONTEXT(2) 
PARAMETRIC_REPRESENTATION_CONTEXT() REPRESENTATION_CONTEXT('2D SPACE',''
  ) );
#8441 = ORIENTED_EDGE('',*,*,#3137,.T.);
#8442 = ORIENTED_EDGE('',*,*,#8443,.F.);
#8443 = EDGE_CURVE('',#8444,#3138,#8446,.T.);
#8444 = VERTEX_POINT('',#8445);
#8445 = CARTESIAN_POINT('',(67.53125,32.146874999956,1.5));
#8446 = SURFACE_CURVE('',#8447,(#8451,#8458),.PCURVE_S1.);
#8447 = LINE('',#8448,#8449);
#8448 = CARTESIAN_POINT('',(67.53125,32.146874999956,0.));
#8449 = VECTOR('',#8450,1.);
#8450 = DIRECTION('',(0.,0.,1.));
#8451 = PCURVE('',#3153,#8452);
#8452 = DEFINITIONAL_REPRESENTATION('',(#8453),#8457);
#8453 = LINE('',#8454,#8455);
#8454 = CARTESIAN_POINT('',(22.62187499996,0.));
#8455 = VECTOR('',#8456,1.);
#8456 = DIRECTION('',(0.,-1.));
#8457 = ( GEOMETRIC_REPRESENTATION_CONTEXT(2) 
PARAMETRIC_REPRESENTATION_CONTEXT() REPRESENTATION_CONTEXT('2D SPACE',''
  ) );
#8458 = PCURVE('',#3288,#8459);
#8459 = DEFINITIONAL_REPRESENTATION('',(#8460),#8464);
#8460 = LINE('',#8461,#8462);
#8461 = CARTESIAN_POINT('',(-0.,0.));
#8462 = VECTOR('',#8463,1.);
#8463 = DIRECTION('',(-0.,1.));
#8464 = ( GEOMETRIC_REPRESENTATION_CONTEXT(2) 
PARAMETRIC_REPRESENTATION_CONTEXT() REPRESENTATION_CONTEXT('2D SPACE',''
  ) );
#8465 = ORIENTED_EDGE('',*,*,#8466,.F.);
#8466 = EDGE_CURVE('',#8420,#8444,#8467,.T.);
#8467 = SURFACE_CURVE('',#8468,(#8472,#8479),.PCURVE_S1.);
#8468 = LINE('',#8469,#8470);
#8469 = CARTESIAN_POINT('',(67.53125,13.715624999996,1.5));
#8470 = VECTOR('',#8471,1.);
#8471 = DIRECTION('',(0.,1.,0.));
#8472 = PCURVE('',#3153,#8473);
#8473 = DEFINITIONAL_REPRESENTATION('',(#8474),#8478);
#8474 = LINE('',#8475,#8476);
#8475 = CARTESIAN_POINT('',(4.190625,-1.5));
#8476 = VECTOR('',#8477,1.);
#8477 = DIRECTION('',(1.,0.));
#8478 = ( GEOMETRIC_REPRESENTATION_CONTEXT(2) 
PARAMETRIC_REPRESENTATION_CONTEXT() REPRESENTATION_CONTEXT('2D SPACE',''
  ) );
#8479 = PCURVE('',#8480,#8485);
#8480 = CYLINDRICAL_SURFACE('',#8481,1.5);
#8481 = AXIS2_PLACEMENT_3D('',#8482,#8483,#8484);
#8482 = CARTESIAN_POINT('',(66.03125,13.715624999996,1.5));
#8483 = DIRECTION('',(0.,1.,0.));
#8484 = DIRECTION('',(1.,0.,0.));
#8485 = DEFINITIONAL_REPRESENTATION('',(#8486),#8490);
#8486 = LINE('',#8487,#8488);
#8487 = CARTESIAN_POINT('',(0.,0.));
#8488 = VECTOR('',#8489,1.);
#8489 = DIRECTION('',(0.,1.));
#8490 = ( GEOMETRIC_REPRESENTATION_CONTEXT(2) 
PARAMETRIC_REPRESENTATION_CONTEXT() REPRESENTATION_CONTEXT('2D SPACE',''
  ) );
#8491 = ADVANCED_FACE('',(#8492),#3232,.T.);
#8492 = FACE_BOUND('',#8493,.T.);
#8493 = EDGE_LOOP('',(#8494,#8517,#8544,#8545));
#8494 = ORIENTED_EDGE('',*,*,#8495,.F.);
#8495 = EDGE_CURVE('',#8496,#3192,#8498,.T.);
#8496 = VERTEX_POINT('',#8497);
#8497 = CARTESIAN_POINT('',(63.340625,9.524999999996,1.5));
#8498 = SURFACE_CURVE('',#8499,(#8503,#8510),.PCURVE_S1.);
#8499 = LINE('',#8500,#8501);
#8500 = CARTESIAN_POINT('',(63.340625,9.524999999996,0.));
#8501 = VECTOR('',#8502,1.);
#8502 = DIRECTION('',(0.,0.,1.));
#8503 = PCURVE('',#3232,#8504);
#8504 = DEFINITIONAL_REPRESENTATION('',(#8505),#8509);
#8505 = LINE('',#8506,#8507);
#8506 = CARTESIAN_POINT('',(0.,0.));
#8507 = VECTOR('',#8508,1.);
#8508 = DIRECTION('',(0.,1.));
#8509 = ( GEOMETRIC_REPRESENTATION_CONTEXT(2) 
PARAMETRIC_REPRESENTATION_CONTEXT() REPRESENTATION_CONTEXT('2D SPACE',''
  ) );
#8510 = PCURVE('',#3341,#8511);
#8511 = DEFINITIONAL_REPRESENTATION('',(#8512),#8516);
#8512 = LINE('',#8513,#8514);
#8513 = CARTESIAN_POINT('',(17.240625,0.));
#8514 = VECTOR('',#8515,1.);
#8515 = DIRECTION('',(0.,-1.));
#8516 = ( GEOMETRIC_REPRESENTATION_CONTEXT(2) 
PARAMETRIC_REPRESENTATION_CONTEXT() REPRESENTATION_CONTEXT('2D SPACE',''
  ) );
#8517 = ORIENTED_EDGE('',*,*,#8518,.T.);
#8518 = EDGE_CURVE('',#8496,#8420,#8519,.T.);
#8519 = SURFACE_CURVE('',#8520,(#8525,#8532),.PCURVE_S1.);
#8520 = CIRCLE('',#8521,4.190625);
#8521 = AXIS2_PLACEMENT_3D('',#8522,#8523,#8524);
#8522 = CARTESIAN_POINT('',(63.340625,13.715624999996,1.5));
#8523 = DIRECTION('',(-0.,0.,1.));
#8524 = DIRECTION('',(0.,-1.,0.));
#8525 = PCURVE('',#3232,#8526);
#8526 = DEFINITIONAL_REPRESENTATION('',(#8527),#8531);
#8527 = LINE('',#8528,#8529);
#8528 = CARTESIAN_POINT('',(0.,1.5));
#8529 = VECTOR('',#8530,1.);
#8530 = DIRECTION('',(1.,0.));
#8531 = ( GEOMETRIC_REPRESENTATION_CONTEXT(2) 
PARAMETRIC_REPRESENTATION_CONTEXT() REPRESENTATION_CONTEXT('2D SPACE',''
  ) );
#8532 = PCURVE('',#8533,#8538);
#8533 = TOROIDAL_SURFACE('',#8534,2.690625,1.5);
#8534 = AXIS2_PLACEMENT_3D('',#8535,#8536,#8537);
#8535 = CARTESIAN_POINT('',(63.340625,13.715624999996,1.5));
#8536 = DIRECTION('',(-0.,-0.,-1.));
#8537 = DIRECTION('',(0.,-1.,0.));
#8538 = DEFINITIONAL_REPRESENTATION('',(#8539),#8543);
#8539 = LINE('',#8540,#8541);
#8540 = CARTESIAN_POINT('',(-0.,0.));
#8541 = VECTOR('',#8542,1.);
#8542 = DIRECTION('',(-1.,0.));
#8543 = ( GEOMETRIC_REPRESENTATION_CONTEXT(2) 
PARAMETRIC_REPRESENTATION_CONTEXT() REPRESENTATION_CONTEXT('2D SPACE',''
  ) );
#8544 = ORIENTED_EDGE('',*,*,#8419,.T.);
#8545 = ORIENTED_EDGE('',*,*,#3217,.F.);
#8546 = ADVANCED_FACE('',(#8547),#3288,.F.);
#8547 = FACE_BOUND('',#8548,.T.);
#8548 = EDGE_LOOP('',(#8549,#8550,#8579,#8600));
#8549 = ORIENTED_EDGE('',*,*,#8443,.F.);
#8550 = ORIENTED_EDGE('',*,*,#8551,.T.);
#8551 = EDGE_CURVE('',#8444,#8552,#8554,.T.);
#8552 = VERTEX_POINT('',#8553);
#8553 = CARTESIAN_POINT('',(68.721875,33.337499999956,1.5));
#8554 = SURFACE_CURVE('',#8555,(#8560,#8567),.PCURVE_S1.);
#8555 = CIRCLE('',#8556,1.190625);
#8556 = AXIS2_PLACEMENT_3D('',#8557,#8558,#8559);
#8557 = CARTESIAN_POINT('',(68.721875,32.146874999956,1.5));
#8558 = DIRECTION('',(0.,0.,-1.));
#8559 = DIRECTION('',(-1.,0.,0.));
#8560 = PCURVE('',#3288,#8561);
#8561 = DEFINITIONAL_REPRESENTATION('',(#8562),#8566);
#8562 = LINE('',#8563,#8564);
#8563 = CARTESIAN_POINT('',(-0.,1.5));
#8564 = VECTOR('',#8565,1.);
#8565 = DIRECTION('',(-1.,0.));
#8566 = ( GEOMETRIC_REPRESENTATION_CONTEXT(2) 
PARAMETRIC_REPRESENTATION_CONTEXT() REPRESENTATION_CONTEXT('2D SPACE',''
  ) );
#8567 = PCURVE('',#8568,#8573);
#8568 = TOROIDAL_SURFACE('',#8569,2.690625,1.5);
#8569 = AXIS2_PLACEMENT_3D('',#8570,#8571,#8572);
#8570 = CARTESIAN_POINT('',(68.721875,32.146874999956,1.5));
#8571 = DIRECTION('',(0.,0.,1.));
#8572 = DIRECTION('',(-1.,0.,0.));
#8573 = DEFINITIONAL_REPRESENTATION('',(#8574),#8578);
#8574 = LINE('',#8575,#8576);
#8575 = CARTESIAN_POINT('',(-0.,3.14159265359));
#8576 = VECTOR('',#8577,1.);
#8577 = DIRECTION('',(-1.,0.));
#8578 = ( GEOMETRIC_REPRESENTATION_CONTEXT(2) 
PARAMETRIC_REPRESENTATION_CONTEXT() REPRESENTATION_CONTEXT('2D SPACE',''
  ) );
#8579 = ORIENTED_EDGE('',*,*,#8580,.T.);
#8580 = EDGE_CURVE('',#8552,#3250,#8581,.T.);
#8581 = SURFACE_CURVE('',#8582,(#8586,#8593),.PCURVE_S1.);
#8582 = LINE('',#8583,#8584);
#8583 = CARTESIAN_POINT('',(68.721875,33.337499999956,0.));
#8584 = VECTOR('',#8585,1.);
#8585 = DIRECTION('',(0.,0.,1.));
#8586 = PCURVE('',#3288,#8587);
#8587 = DEFINITIONAL_REPRESENTATION('',(#8588),#8592);
#8588 = LINE('',#8589,#8590);
#8589 = CARTESIAN_POINT('',(-1.570796326795,0.));
#8590 = VECTOR('',#8591,1.);
#8591 = DIRECTION('',(-0.,1.));
#8592 = ( GEOMETRIC_REPRESENTATION_CONTEXT(2) 
PARAMETRIC_REPRESENTATION_CONTEXT() REPRESENTATION_CONTEXT('2D SPACE',''
  ) );
#8593 = PCURVE('',#3375,#8594);
#8594 = DEFINITIONAL_REPRESENTATION('',(#8595),#8599);
#8595 = LINE('',#8596,#8597);
#8596 = CARTESIAN_POINT('',(1.190625,0.));
#8597 = VECTOR('',#8598,1.);
#8598 = DIRECTION('',(0.,-1.));
#8599 = ( GEOMETRIC_REPRESENTATION_CONTEXT(2) 
PARAMETRIC_REPRESENTATION_CONTEXT() REPRESENTATION_CONTEXT('2D SPACE',''
  ) );
#8600 = ORIENTED_EDGE('',*,*,#3273,.F.);
#8601 = ADVANCED_FACE('',(#8602),#3341,.F.);
#8602 = FACE_BOUND('',#8603,.F.);
#8603 = EDGE_LOOP('',(#8604,#8605,#8633,#8654));
#8604 = ORIENTED_EDGE('',*,*,#8495,.F.);
#8605 = ORIENTED_EDGE('',*,*,#8606,.F.);
#8606 = EDGE_CURVE('',#8607,#8496,#8609,.T.);
#8607 = VERTEX_POINT('',#8608);
#8608 = CARTESIAN_POINT('',(47.290625,9.524999999996,1.5));
#8609 = SURFACE_CURVE('',#8610,(#8614,#8621),.PCURVE_S1.);
#8610 = LINE('',#8611,#8612);
#8611 = CARTESIAN_POINT('',(47.290625,9.524999999996,1.5));
#8612 = VECTOR('',#8613,1.);
#8613 = DIRECTION('',(1.,0.,0.));
#8614 = PCURVE('',#3341,#8615);
#8615 = DEFINITIONAL_REPRESENTATION('',(#8616),#8620);
#8616 = LINE('',#8617,#8618);
#8617 = CARTESIAN_POINT('',(1.190625,-1.5));
#8618 = VECTOR('',#8619,1.);
#8619 = DIRECTION('',(1.,0.));
#8620 = ( GEOMETRIC_REPRESENTATION_CONTEXT(2) 
PARAMETRIC_REPRESENTATION_CONTEXT() REPRESENTATION_CONTEXT('2D SPACE',''
  ) );
#8621 = PCURVE('',#8622,#8627);
#8622 = CYLINDRICAL_SURFACE('',#8623,1.5);
#8623 = AXIS2_PLACEMENT_3D('',#8624,#8625,#8626);
#8624 = CARTESIAN_POINT('',(47.290625,11.024999999996,1.5));
#8625 = DIRECTION('',(1.,0.,0.));
#8626 = DIRECTION('',(0.,-1.,0.));
#8627 = DEFINITIONAL_REPRESENTATION('',(#8628),#8632);
#8628 = LINE('',#8629,#8630);
#8629 = CARTESIAN_POINT('',(0.,0.));
#8630 = VECTOR('',#8631,1.);
#8631 = DIRECTION('',(0.,1.));
#8632 = ( GEOMETRIC_REPRESENTATION_CONTEXT(2) 
PARAMETRIC_REPRESENTATION_CONTEXT() REPRESENTATION_CONTEXT('2D SPACE',''
  ) );
#8633 = ORIENTED_EDGE('',*,*,#8634,.T.);
#8634 = EDGE_CURVE('',#8607,#3304,#8635,.T.);
#8635 = SURFACE_CURVE('',#8636,(#8640,#8647),.PCURVE_S1.);
#8636 = LINE('',#8637,#8638);
#8637 = CARTESIAN_POINT('',(47.290625,9.524999999996,0.));
#8638 = VECTOR('',#8639,1.);
#8639 = DIRECTION('',(0.,0.,1.));
#8640 = PCURVE('',#3341,#8641);
#8641 = DEFINITIONAL_REPRESENTATION('',(#8642),#8646);
#8642 = LINE('',#8643,#8644);
#8643 = CARTESIAN_POINT('',(1.190625,0.));
#8644 = VECTOR('',#8645,1.);
#8645 = DIRECTION('',(0.,-1.));
#8646 = ( GEOMETRIC_REPRESENTATION_CONTEXT(2) 
PARAMETRIC_REPRESENTATION_CONTEXT() REPRESENTATION_CONTEXT('2D SPACE',''
  ) );
#8647 = PCURVE('',#3460,#8648);
#8648 = DEFINITIONAL_REPRESENTATION('',(#8649),#8653);
#8649 = LINE('',#8650,#8651);
#8650 = CARTESIAN_POINT('',(-1.570796326795,0.));
#8651 = VECTOR('',#8652,1.);
#8652 = DIRECTION('',(-0.,1.));
#8653 = ( GEOMETRIC_REPRESENTATION_CONTEXT(2) 
PARAMETRIC_REPRESENTATION_CONTEXT() REPRESENTATION_CONTEXT('2D SPACE',''
  ) );
#8654 = ORIENTED_EDGE('',*,*,#3327,.T.);
#8655 = ADVANCED_FACE('',(#8656),#3375,.F.);
#8656 = FACE_BOUND('',#8657,.F.);
#8657 = EDGE_LOOP('',(#8658,#8659,#8660,#8683));
#8658 = ORIENTED_EDGE('',*,*,#8580,.T.);
#8659 = ORIENTED_EDGE('',*,*,#3359,.T.);
#8660 = ORIENTED_EDGE('',*,*,#8661,.F.);
#8661 = EDGE_CURVE('',#8662,#3360,#8664,.T.);
#8662 = VERTEX_POINT('',#8663);
#8663 = CARTESIAN_POINT('',(75.009375,33.337499999956,1.5));
#8664 = SURFACE_CURVE('',#8665,(#8669,#8676),.PCURVE_S1.);
#8665 = LINE('',#8666,#8667);
#8666 = CARTESIAN_POINT('',(75.009375,33.337499999956,0.));
#8667 = VECTOR('',#8668,1.);
#8668 = DIRECTION('',(0.,0.,1.));
#8669 = PCURVE('',#3375,#8670);
#8670 = DEFINITIONAL_REPRESENTATION('',(#8671),#8675);
#8671 = LINE('',#8672,#8673);
#8672 = CARTESIAN_POINT('',(7.478125,0.));
#8673 = VECTOR('',#8674,1.);
#8674 = DIRECTION('',(0.,-1.));
#8675 = ( GEOMETRIC_REPRESENTATION_CONTEXT(2) 
PARAMETRIC_REPRESENTATION_CONTEXT() REPRESENTATION_CONTEXT('2D SPACE',''
  ) );
#8676 = PCURVE('',#3551,#8677);
#8677 = DEFINITIONAL_REPRESENTATION('',(#8678),#8682);
#8678 = LINE('',#8679,#8680);
#8679 = CARTESIAN_POINT('',(-0.,0.));
#8680 = VECTOR('',#8681,1.);
#8681 = DIRECTION('',(-0.,1.));
#8682 = ( GEOMETRIC_REPRESENTATION_CONTEXT(2) 
PARAMETRIC_REPRESENTATION_CONTEXT() REPRESENTATION_CONTEXT('2D SPACE',''
  ) );
#8683 = ORIENTED_EDGE('',*,*,#8684,.F.);
#8684 = EDGE_CURVE('',#8552,#8662,#8685,.T.);
#8685 = SURFACE_CURVE('',#8686,(#8690,#8697),.PCURVE_S1.);
#8686 = LINE('',#8687,#8688);
#8687 = CARTESIAN_POINT('',(68.721875,33.337499999956,1.5));
#8688 = VECTOR('',#8689,1.);
#8689 = DIRECTION('',(1.,0.,0.));
#8690 = PCURVE('',#3375,#8691);
#8691 = DEFINITIONAL_REPRESENTATION('',(#8692),#8696);
#8692 = LINE('',#8693,#8694);
#8693 = CARTESIAN_POINT('',(1.190625,-1.5));
#8694 = VECTOR('',#8695,1.);
#8695 = DIRECTION('',(1.,0.));
#8696 = ( GEOMETRIC_REPRESENTATION_CONTEXT(2) 
PARAMETRIC_REPRESENTATION_CONTEXT() REPRESENTATION_CONTEXT('2D SPACE',''
  ) );
#8697 = PCURVE('',#8698,#8703);
#8698 = CYLINDRICAL_SURFACE('',#8699,1.5);
#8699 = AXIS2_PLACEMENT_3D('',#8700,#8701,#8702);
#8700 = CARTESIAN_POINT('',(68.721875,34.837499999956,1.5));
#8701 = DIRECTION('',(1.,0.,0.));
#8702 = DIRECTION('',(0.,-1.,0.));
#8703 = DEFINITIONAL_REPRESENTATION('',(#8704),#8708);
#8704 = LINE('',#8705,#8706);
#8705 = CARTESIAN_POINT('',(0.,0.));
#8706 = VECTOR('',#8707,1.);
#8707 = DIRECTION('',(0.,1.));
#8708 = ( GEOMETRIC_REPRESENTATION_CONTEXT(2) 
PARAMETRIC_REPRESENTATION_CONTEXT() REPRESENTATION_CONTEXT('2D SPACE',''
  ) );
#8709 = ADVANCED_FACE('',(#8710),#3460,.F.);
#8710 = FACE_BOUND('',#8711,.T.);
#8711 = EDGE_LOOP('',(#8712,#8736,#8763,#8764));
#8712 = ORIENTED_EDGE('',*,*,#8713,.F.);
#8713 = EDGE_CURVE('',#8714,#3414,#8716,.T.);
#8714 = VERTEX_POINT('',#8715);
#8715 = CARTESIAN_POINT('',(46.107896810359,8.471276132401,1.5));
#8716 = SURFACE_CURVE('',#8717,(#8723,#8729),.PCURVE_S1.);
#8717 = B_SPLINE_CURVE_WITH_KNOTS('',2,(#8718,#8719,#8720,#8721,#8722),
  .UNSPECIFIED.,.F.,.F.,(3,1,1,3),(-0.6732,2.295E-14,11.,11.6732),
  .UNSPECIFIED.);
#8718 = CARTESIAN_POINT('',(46.107896810359,8.471276132401,-0.6732));
#8719 = CARTESIAN_POINT('',(46.107896810359,8.471276132401,-0.3366));
#8720 = CARTESIAN_POINT('',(46.107896810359,8.471276132401,5.5));
#8721 = CARTESIAN_POINT('',(46.107896810359,8.471276132401,11.3366));
#8722 = CARTESIAN_POINT('',(46.107896810359,8.471276132401,11.6732));
#8723 = PCURVE('',#3460,#8724);
#8724 = DEFINITIONAL_REPRESENTATION('',(#8725),#8728);
#8725 = B_SPLINE_CURVE_WITH_KNOTS('',1,(#8726,#8727),.UNSPECIFIED.,.F.,
  .F.,(2,2),(2.295E-14,11.),.PIECEWISE_BEZIER_KNOTS.);
#8726 = CARTESIAN_POINT('',(-0.115237461727,0.));
#8727 = CARTESIAN_POINT('',(-0.115237461727,11.));
#8728 = ( GEOMETRIC_REPRESENTATION_CONTEXT(2) 
PARAMETRIC_REPRESENTATION_CONTEXT() REPRESENTATION_CONTEXT('2D SPACE',''
  ) );
#8729 = PCURVE('',#3649,#8730);
#8730 = DEFINITIONAL_REPRESENTATION('',(#8731),#8735);
#8731 = LINE('',#8732,#8733);
#8732 = CARTESIAN_POINT('',(11.,0.));
#8733 = VECTOR('',#8734,1.);
#8734 = DIRECTION('',(0.,1.));
#8735 = ( GEOMETRIC_REPRESENTATION_CONTEXT(2) 
PARAMETRIC_REPRESENTATION_CONTEXT() REPRESENTATION_CONTEXT('2D SPACE',''
  ) );
#8736 = ORIENTED_EDGE('',*,*,#8737,.T.);
#8737 = EDGE_CURVE('',#8714,#8607,#8738,.T.);
#8738 = SURFACE_CURVE('',#8739,(#8744,#8751),.PCURVE_S1.);
#8739 = CIRCLE('',#8740,1.190625);
#8740 = AXIS2_PLACEMENT_3D('',#8741,#8742,#8743);
#8741 = CARTESIAN_POINT('',(47.290625,8.334374999996,1.5));
#8742 = DIRECTION('',(0.,0.,-1.));
#8743 = DIRECTION('',(-0.99336750836,0.114982578397,0.));
#8744 = PCURVE('',#3460,#8745);
#8745 = DEFINITIONAL_REPRESENTATION('',(#8746),#8750);
#8746 = LINE('',#8747,#8748);
#8747 = CARTESIAN_POINT('',(-0.115237461727,1.5));
#8748 = VECTOR('',#8749,1.);
#8749 = DIRECTION('',(-1.,0.));
#8750 = ( GEOMETRIC_REPRESENTATION_CONTEXT(2) 
PARAMETRIC_REPRESENTATION_CONTEXT() REPRESENTATION_CONTEXT('2D SPACE',''
  ) );
#8751 = PCURVE('',#8752,#8757);
#8752 = TOROIDAL_SURFACE('',#8753,2.690625,1.5);
#8753 = AXIS2_PLACEMENT_3D('',#8754,#8755,#8756);
#8754 = CARTESIAN_POINT('',(47.290625,8.334374999996,1.5));
#8755 = DIRECTION('',(0.,0.,1.));
#8756 = DIRECTION('',(-0.99336750836,0.114982578397,0.));
#8757 = DEFINITIONAL_REPRESENTATION('',(#8758),#8762);
#8758 = LINE('',#8759,#8760);
#8759 = CARTESIAN_POINT('',(-0.,3.14159265359));
#8760 = VECTOR('',#8761,1.);
#8761 = DIRECTION('',(-1.,0.));
#8762 = ( GEOMETRIC_REPRESENTATION_CONTEXT(2) 
PARAMETRIC_REPRESENTATION_CONTEXT() REPRESENTATION_CONTEXT('2D SPACE',''
  ) );
#8763 = ORIENTED_EDGE('',*,*,#8634,.T.);
#8764 = ORIENTED_EDGE('',*,*,#3445,.F.);
#8765 = ADVANCED_FACE('',(#8766),#3551,.F.);
#8766 = FACE_BOUND('',#8767,.T.);
#8767 = EDGE_LOOP('',(#8768,#8792,#8793,#8794));
#8768 = ORIENTED_EDGE('',*,*,#8769,.T.);
#8769 = EDGE_CURVE('',#8770,#3478,#8772,.T.);
#8770 = VERTEX_POINT('',#8771);
#8771 = CARTESIAN_POINT('',(76.192103189641,32.283776132363,1.5));
#8772 = SURFACE_CURVE('',#8773,(#8779,#8785),.PCURVE_S1.);
#8773 = B_SPLINE_CURVE_WITH_KNOTS('',2,(#8774,#8775,#8776,#8777,#8778),
  .UNSPECIFIED.,.F.,.F.,(3,1,1,3),(-0.6732,2.458E-14,11.,11.6732),
  .UNSPECIFIED.);
#8774 = CARTESIAN_POINT('',(76.192103189641,32.283776132363,-0.6732));
#8775 = CARTESIAN_POINT('',(76.192103189641,32.283776132363,-0.3366));
#8776 = CARTESIAN_POINT('',(76.192103189641,32.283776132363,5.5));
#8777 = CARTESIAN_POINT('',(76.192103189641,32.283776132363,11.3366));
#8778 = CARTESIAN_POINT('',(76.192103189641,32.283776132363,11.6732));
#8779 = PCURVE('',#3551,#8780);
#8780 = DEFINITIONAL_REPRESENTATION('',(#8781),#8784);
#8781 = B_SPLINE_CURVE_WITH_KNOTS('',1,(#8782,#8783),.UNSPECIFIED.,.F.,
  .F.,(2,2),(2.458E-14,11.),.PIECEWISE_BEZIER_KNOTS.);
#8782 = CARTESIAN_POINT('',(-1.455558865066,0.));
#8783 = CARTESIAN_POINT('',(-1.455558865066,11.));
#8784 = ( GEOMETRIC_REPRESENTATION_CONTEXT(2) 
PARAMETRIC_REPRESENTATION_CONTEXT() REPRESENTATION_CONTEXT('2D SPACE',''
  ) );
#8785 = PCURVE('',#3719,#8786);
#8786 = DEFINITIONAL_REPRESENTATION('',(#8787),#8791);
#8787 = LINE('',#8788,#8789);
#8788 = CARTESIAN_POINT('',(0.,0.));
#8789 = VECTOR('',#8790,1.);
#8790 = DIRECTION('',(0.,1.));
#8791 = ( GEOMETRIC_REPRESENTATION_CONTEXT(2) 
PARAMETRIC_REPRESENTATION_CONTEXT() REPRESENTATION_CONTEXT('2D SPACE',''
  ) );
#8792 = ORIENTED_EDGE('',*,*,#3536,.F.);
#8793 = ORIENTED_EDGE('',*,*,#8661,.F.);
#8794 = ORIENTED_EDGE('',*,*,#8795,.T.);
#8795 = EDGE_CURVE('',#8662,#8770,#8796,.T.);
#8796 = SURFACE_CURVE('',#8797,(#8802,#8809),.PCURVE_S1.);
#8797 = CIRCLE('',#8798,1.190625);
#8798 = AXIS2_PLACEMENT_3D('',#8799,#8800,#8801);
#8799 = CARTESIAN_POINT('',(75.009375,32.146874999956,1.5));
#8800 = DIRECTION('',(0.,0.,-1.));
#8801 = DIRECTION('',(0.,1.,0.));
#8802 = PCURVE('',#3551,#8803);
#8803 = DEFINITIONAL_REPRESENTATION('',(#8804),#8808);
#8804 = LINE('',#8805,#8806);
#8805 = CARTESIAN_POINT('',(-0.,1.5));
#8806 = VECTOR('',#8807,1.);
#8807 = DIRECTION('',(-1.,0.));
#8808 = ( GEOMETRIC_REPRESENTATION_CONTEXT(2) 
PARAMETRIC_REPRESENTATION_CONTEXT() REPRESENTATION_CONTEXT('2D SPACE',''
  ) );
#8809 = PCURVE('',#8810,#8815);
#8810 = TOROIDAL_SURFACE('',#8811,2.690625,1.5);
#8811 = AXIS2_PLACEMENT_3D('',#8812,#8813,#8814);
#8812 = CARTESIAN_POINT('',(75.009375,32.146874999956,1.5));
#8813 = DIRECTION('',(0.,0.,1.));
#8814 = DIRECTION('',(0.,1.,0.));
#8815 = DEFINITIONAL_REPRESENTATION('',(#8816),#8820);
#8816 = LINE('',#8817,#8818);
#8817 = CARTESIAN_POINT('',(-0.,3.14159265359));
#8818 = VECTOR('',#8819,1.);
#8819 = DIRECTION('',(-1.,0.));
#8820 = ( GEOMETRIC_REPRESENTATION_CONTEXT(2) 
PARAMETRIC_REPRESENTATION_CONTEXT() REPRESENTATION_CONTEXT('2D SPACE',''
  ) );
#8821 = ADVANCED_FACE('',(#8822),#3649,.T.);
#8822 = FACE_BOUND('',#8823,.T.);
#8823 = EDGE_LOOP('',(#8824,#8851,#8937,#8938));
#8824 = ORIENTED_EDGE('',*,*,#8825,.F.);
#8825 = EDGE_CURVE('',#8826,#3567,#8828,.T.);
#8826 = VERTEX_POINT('',#8827);
#8827 = CARTESIAN_POINT('',(41.945066095639,4.762499999998,1.5));
#8828 = SURFACE_CURVE('',#8829,(#8835,#8842),.PCURVE_S1.);
#8829 = B_SPLINE_CURVE_WITH_KNOTS('',2,(#8830,#8831,#8832,#8833,#8834),
  .UNSPECIFIED.,.F.,.F.,(3,1,1,3),(-0.6732,2.295E-14,11.,11.6732),
  .UNSPECIFIED.);
#8830 = CARTESIAN_POINT('',(41.945066095639,4.762499999998,-0.6732));
#8831 = CARTESIAN_POINT('',(41.945066095639,4.762499999998,-0.3366));
#8832 = CARTESIAN_POINT('',(41.945066095639,4.762499999998,5.5));
#8833 = CARTESIAN_POINT('',(41.945066095639,4.762499999998,11.3366));
#8834 = CARTESIAN_POINT('',(41.945066095639,4.762499999998,11.6732));
#8835 = PCURVE('',#3649,#8836);
#8836 = DEFINITIONAL_REPRESENTATION('',(#8837),#8841);
#8837 = LINE('',#8838,#8839);
#8838 = CARTESIAN_POINT('',(0.,0.));
#8839 = VECTOR('',#8840,1.);
#8840 = DIRECTION('',(0.,1.));
#8841 = ( GEOMETRIC_REPRESENTATION_CONTEXT(2) 
PARAMETRIC_REPRESENTATION_CONTEXT() REPRESENTATION_CONTEXT('2D SPACE',''
  ) );
#8842 = PCURVE('',#3827,#8843);
#8843 = DEFINITIONAL_REPRESENTATION('',(#8844),#8850);
#8844 = B_SPLINE_CURVE_WITH_KNOTS('',2,(#8845,#8846,#8847,#8848,#8849),
  .UNSPECIFIED.,.F.,.F.,(3,1,1,3),(-0.6732,2.295E-14,11.,11.6732),
  .UNSPECIFIED.);
#8845 = CARTESIAN_POINT('',(14.895066095639,0.6732));
#8846 = CARTESIAN_POINT('',(14.895066095639,0.3366));
#8847 = CARTESIAN_POINT('',(14.895066095639,-5.5));
#8848 = CARTESIAN_POINT('',(14.895066095639,-11.3366));
#8849 = CARTESIAN_POINT('',(14.895066095639,-11.6732));
#8850 = ( GEOMETRIC_REPRESENTATION_CONTEXT(2) 
PARAMETRIC_REPRESENTATION_CONTEXT() REPRESENTATION_CONTEXT('2D SPACE',''
  ) );
#8851 = ORIENTED_EDGE('',*,*,#8852,.T.);
#8852 = EDGE_CURVE('',#8826,#8714,#8853,.T.);
#8853 = SURFACE_CURVE('',#8854,(#8868,#8890),.PCURVE_S1.);
#8854 = ( BOUNDED_CURVE() B_SPLINE_CURVE(12,(#8855,#8856,#8857,#8858,
    #8859,#8860,#8861,#8862,#8863,#8864,#8865,#8866,#8867),
.UNSPECIFIED.,.F.,.F.) B_SPLINE_CURVE_WITH_KNOTS((13,13),(
40.241608334438,46.341309703878),.PIECEWISE_BEZIER_KNOTS.) CURVE() 
GEOMETRIC_REPRESENTATION_ITEM() RATIONAL_B_SPLINE_CURVE((1.,1.,1.,1.,
    0.999999999999,1.000000000002,0.999999999998,1.000000000002,
0.999999999999,1.000000000001,1.,1.,1.)) REPRESENTATION_ITEM('') );
#8855 = CARTESIAN_POINT('',(41.945066095639,4.762499999998,1.5));
#8856 = CARTESIAN_POINT('',(42.418987554631,4.762499999998,1.5));
#8857 = CARTESIAN_POINT('',(42.910655112919,4.820959166573,1.5));
#8858 = CARTESIAN_POINT('',(43.409374749373,4.945207294228,1.5));
#8859 = CARTESIAN_POINT('',(43.902622685765,5.139368032547,1.5));
#8860 = CARTESIAN_POINT('',(44.37395869604,5.407077860871,1.5));
#8861 = CARTESIAN_POINT('',(44.807044177986,5.738378561883,1.5));
#8862 = CARTESIAN_POINT('',(45.19031778068,6.134159623651,1.5));
#8863 = CARTESIAN_POINT('',(45.507514442654,6.569526328552,1.5));
#8864 = CARTESIAN_POINT('',(45.758277841102,7.037786098099,1.5));
#8865 = CARTESIAN_POINT('',(45.938757316441,7.518766993566,1.5));
#8866 = CARTESIAN_POINT('',(46.053403465149,8.000492477104,1.5));
#8867 = CARTESIAN_POINT('',(46.107896810359,8.471276132401,1.5));
#8868 = PCURVE('',#3649,#8869);
#8869 = DEFINITIONAL_REPRESENTATION('',(#8870),#8889);
#8870 = B_SPLINE_CURVE_WITH_KNOTS('',9,(#8871,#8872,#8873,#8874,#8875,
    #8876,#8877,#8878,#8879,#8880,#8881,#8882,#8883,#8884,#8885,#8886,
    #8887,#8888),.UNSPECIFIED.,.F.,.F.,(10,8,10),(40.241608334438,
    43.291459019158,46.341309703878),.UNSPECIFIED.);
#8871 = CARTESIAN_POINT('',(-2.176E-14,1.5));
#8872 = CARTESIAN_POINT('',(0.623358796864,1.5));
#8873 = CARTESIAN_POINT('',(1.24262405356,1.5));
#8874 = CARTESIAN_POINT('',(1.857946962246,1.5));
#8875 = CARTESIAN_POINT('',(2.46997363128,1.5));
#8876 = CARTESIAN_POINT('',(3.079070176987,1.5));
#8877 = CARTESIAN_POINT('',(3.685805733908,1.5));
#8878 = CARTESIAN_POINT('',(4.291056831126,1.5));
#8879 = CARTESIAN_POINT('',(4.89554100843,1.5));
#8880 = CARTESIAN_POINT('',(6.10452293679,1.5));
#8881 = CARTESIAN_POINT('',(6.70902216096,1.5));
#8882 = CARTESIAN_POINT('',(7.314251021152,1.5));
#8883 = CARTESIAN_POINT('',(7.921089453891,1.5));
#8884 = CARTESIAN_POINT('',(8.529874744952,1.5));
#8885 = CARTESIAN_POINT('',(9.142078716887,1.5));
#8886 = CARTESIAN_POINT('',(9.757326810374,1.5));
#8887 = CARTESIAN_POINT('',(10.376633951792,1.5));
#8888 = CARTESIAN_POINT('',(11.,1.5));
#8889 = ( GEOMETRIC_REPRESENTATION_CONTEXT(2) 
PARAMETRIC_REPRESENTATION_CONTEXT() REPRESENTATION_CONTEXT('2D SPACE',''
  ) );
#8890 = PCURVE('',#8891,#8931);
#8891 = ( BOUNDED_SURFACE() B_SPLINE_SURFACE(2,12,(
    (#8892,#8893,#8894,#8895,#8896,#8897,#8898,#8899,#8900,#8901,#8902
      ,#8903,#8904)
    ,(#8905,#8906,#8907,#8908,#8909,#8910,#8911,#8912,#8913,#8914,#8915
      ,#8916,#8917)
    ,(#8918,#8919,#8920,#8921,#8922,#8923,#8924,#8925,#8926,#8927,#8928
      ,#8929,#8930
)),.UNSPECIFIED.,.F.,.F.,.F.) B_SPLINE_SURFACE_WITH_KNOTS((3,3),(13,13),
  (0.,6.09970136944),(40.241608334438,46.341309703878),
.PIECEWISE_BEZIER_KNOTS.) GEOMETRIC_REPRESENTATION_ITEM() 
RATIONAL_B_SPLINE_SURFACE((
    (1.,1.,1.,1.,0.999999999999,1.000000000002,0.999999999998
      ,1.000000000002,0.999999999999,1.000000000001,1.,1.,1.)
    ,(0.707106781187,0.707106781187,0.707106781186,0.707106781187
      ,0.707106781186,0.707106781188,0.707106781185,0.707106781188
      ,0.707106781186,0.707106781187,0.707106781186,0.707106781187
      ,0.707106781187)
    ,(1.,1.,1.,1.,0.999999999999,1.000000000002,0.999999999998
      ,1.000000000002,0.999999999999,1.000000000001,1.,1.,1.
))) REPRESENTATION_ITEM('') SURFACE() );
#8892 = CARTESIAN_POINT('',(41.945066095639,4.762499999998,1.5));
#8893 = CARTESIAN_POINT('',(42.418987554631,4.762499999998,1.5));
#8894 = CARTESIAN_POINT('',(42.910655112919,4.820959166573,1.5));
#8895 = CARTESIAN_POINT('',(43.409374749373,4.945207294228,1.5));
#8896 = CARTESIAN_POINT('',(43.902622685765,5.139368032547,1.5));
#8897 = CARTESIAN_POINT('',(44.37395869604,5.407077860871,1.5));
#8898 = CARTESIAN_POINT('',(44.807044177986,5.738378561883,1.5));
#8899 = CARTESIAN_POINT('',(45.19031778068,6.134159623651,1.5));
#8900 = CARTESIAN_POINT('',(45.507514442654,6.569526328552,1.5));
#8901 = CARTESIAN_POINT('',(45.758277841102,7.037786098099,1.5));
#8902 = CARTESIAN_POINT('',(45.938757316441,7.518766993566,1.5));
#8903 = CARTESIAN_POINT('',(46.053403465149,8.000492477104,1.5));
#8904 = CARTESIAN_POINT('',(46.107896810359,8.471276132401,1.5));
#8905 = CARTESIAN_POINT('',(41.945066095639,4.762499999998,3.3E-16));
#8906 = CARTESIAN_POINT('',(42.418987554631,4.762499999998,1.543E-14));
#8907 = CARTESIAN_POINT('',(42.910655112919,4.820959166573,-7.161E-14));
#8908 = CARTESIAN_POINT('',(43.409374749373,4.945207294227,2.0539E-13));
#8909 = CARTESIAN_POINT('',(43.902622685766,5.139368032548,-4.2699E-13)
  );
#8910 = CARTESIAN_POINT('',(44.373958696039,5.40707786087,6.9367E-13));
#8911 = CARTESIAN_POINT('',(44.807044177987,5.738378561884,-8.9717E-13)
  );
#8912 = CARTESIAN_POINT('',(45.190317780679,6.134159623651,9.2248E-13));
#8913 = CARTESIAN_POINT('',(45.507514442656,6.569526328551,-7.3463E-13)
  );
#8914 = CARTESIAN_POINT('',(45.758277841101,7.037786098099,4.3665E-13));
#8915 = CARTESIAN_POINT('',(45.938757316441,7.518766993566,-1.8108E-13)
  );
#8916 = CARTESIAN_POINT('',(46.053403465149,8.000492477104,4.441E-14));
#8917 = CARTESIAN_POINT('',(46.107896810359,8.471276132401,3.3E-16));
#8918 = CARTESIAN_POINT('',(41.945066077496,6.262499999998,0.));
#8919 = CARTESIAN_POINT('',(42.249352474576,6.262499997946,2.587E-14));
#8920 = CARTESIAN_POINT('',(42.564960756796,6.29993554069,-1.1446E-13));
#8921 = CARTESIAN_POINT('',(42.885795797934,6.380451707308,2.9587E-13));
#8922 = CARTESIAN_POINT('',(43.199989278094,6.502465325067,-5.3912E-13)
  );
#8923 = CARTESIAN_POINT('',(43.508376636354,6.680073115444,7.3563E-13));
#8924 = CARTESIAN_POINT('',(43.777996316971,6.884784526805,-7.6705E-13)
  );
#8925 = CARTESIAN_POINT('',(44.032194748357,7.146167014074,6.1862E-13));
#8926 = CARTESIAN_POINT('',(44.230785038591,7.421616369856,-3.8747E-13)
  );
#8927 = CARTESIAN_POINT('',(44.393764638537,7.723500820539,1.8796E-13));
#8928 = CARTESIAN_POINT('',(44.509203590688,8.032196188909,-6.817E-14));
#8929 = CARTESIAN_POINT('',(44.582857704351,8.341479956787,1.554E-14));
#8930 = CARTESIAN_POINT('',(44.617845549905,8.643750018019,0.));
#8931 = DEFINITIONAL_REPRESENTATION('',(#8932),#8936);
#8932 = LINE('',#8933,#8934);
#8933 = CARTESIAN_POINT('',(0.,0.));
#8934 = VECTOR('',#8935,1.);
#8935 = DIRECTION('',(0.,1.));
#8936 = ( GEOMETRIC_REPRESENTATION_CONTEXT(2) 
PARAMETRIC_REPRESENTATION_CONTEXT() REPRESENTATION_CONTEXT('2D SPACE',''
  ) );
#8937 = ORIENTED_EDGE('',*,*,#8713,.T.);
#8938 = ORIENTED_EDGE('',*,*,#3625,.F.);
#8939 = ADVANCED_FACE('',(#8940),#3719,.T.);
#8940 = FACE_BOUND('',#8941,.T.);
#8941 = EDGE_LOOP('',(#8942,#8943,#9031,#9056));
#8942 = ORIENTED_EDGE('',*,*,#8769,.F.);
#8943 = ORIENTED_EDGE('',*,*,#8944,.T.);
#8944 = EDGE_CURVE('',#8770,#8945,#8947,.T.);
#8945 = VERTEX_POINT('',#8946);
#8946 = CARTESIAN_POINT('',(80.35493390436,28.574999999967,1.5));
#8947 = SURFACE_CURVE('',#8948,(#8962,#8984),.PCURVE_S1.);
#8948 = ( BOUNDED_CURVE() B_SPLINE_CURVE(12,(#8949,#8950,#8951,#8952,
    #8953,#8954,#8955,#8956,#8957,#8958,#8959,#8960,#8961),
.UNSPECIFIED.,.F.,.F.) B_SPLINE_CURVE_WITH_KNOTS((13,13),(
99.028956984844,105.12865835427),.PIECEWISE_BEZIER_KNOTS.) CURVE() 
GEOMETRIC_REPRESENTATION_ITEM() RATIONAL_B_SPLINE_CURVE((1.,1.,
    1.000000000001,0.999999999997,1.000000000005,0.999999999993,
    1.000000000007,0.999999999994,1.000000000004,0.999999999998,
1.000000000001,1.,1.)) REPRESENTATION_ITEM('') );
#8949 = CARTESIAN_POINT('',(76.192103189641,32.283776132363,1.5));
#8950 = CARTESIAN_POINT('',(76.246595900954,31.812997953486,1.5));
#8951 = CARTESIAN_POINT('',(76.361200541164,31.331313161871,1.5));
#8952 = CARTESIAN_POINT('',(76.541968663847,30.850187649319,1.5));
#8953 = CARTESIAN_POINT('',(76.791556552204,30.382536278057,1.5));
#8954 = CARTESIAN_POINT('',(77.111686227106,29.945108366239,1.5));
#8955 = CARTESIAN_POINT('',(77.490586864322,29.552989129005,1.5));
#8956 = CARTESIAN_POINT('',(77.927812698624,29.217765512176,1.5));
#8957 = CARTESIAN_POINT('',(78.396763927526,28.95273224074,1.5));
#8958 = CARTESIAN_POINT('',(78.890751390185,28.757473744075,1.5));
#8959 = CARTESIAN_POINT('',(79.38929417931,28.633495720876,1.5));
#8960 = CARTESIAN_POINT('',(79.881006932384,28.574999999966,1.5));
#8961 = CARTESIAN_POINT('',(80.35493390436,28.574999999967,1.5));
#8962 = PCURVE('',#3719,#8963);
#8963 = DEFINITIONAL_REPRESENTATION('',(#8964),#8983);
#8964 = B_SPLINE_CURVE_WITH_KNOTS('',9,(#8965,#8966,#8967,#8968,#8969,
    #8970,#8971,#8972,#8973,#8974,#8975,#8976,#8977,#8978,#8979,#8980,
    #8981,#8982),.UNSPECIFIED.,.F.,.F.,(10,8,10),(99.028956984844,
    102.07880766956,105.12865835427),.UNSPECIFIED.);
#8965 = CARTESIAN_POINT('',(-8.3E-16,1.5));
#8966 = CARTESIAN_POINT('',(0.623358796864,1.5));
#8967 = CARTESIAN_POINT('',(1.242624053563,1.500000000001));
#8968 = CARTESIAN_POINT('',(1.857946962244,1.499999999999));
#8969 = CARTESIAN_POINT('',(2.469973631282,1.5));
#8970 = CARTESIAN_POINT('',(3.079070176988,1.5));
#8971 = CARTESIAN_POINT('',(3.68580573391,1.5));
#8972 = CARTESIAN_POINT('',(4.291056831126,1.5));
#8973 = CARTESIAN_POINT('',(4.895541008431,1.5));
#8974 = CARTESIAN_POINT('',(6.104522936792,1.5));
#8975 = CARTESIAN_POINT('',(6.709022160963,1.5));
#8976 = CARTESIAN_POINT('',(7.314251021153,1.5));
#8977 = CARTESIAN_POINT('',(7.9210894539,1.5));
#8978 = CARTESIAN_POINT('',(8.529874744946,1.5));
#8979 = CARTESIAN_POINT('',(9.142078716892,1.499999999999));
#8980 = CARTESIAN_POINT('',(9.757326810374,1.500000000001));
#8981 = CARTESIAN_POINT('',(10.376633951793,1.5));
#8982 = CARTESIAN_POINT('',(11.,1.5));
#8983 = ( GEOMETRIC_REPRESENTATION_CONTEXT(2) 
PARAMETRIC_REPRESENTATION_CONTEXT() REPRESENTATION_CONTEXT('2D SPACE',''
  ) );
#8984 = PCURVE('',#8985,#9025);
#8985 = ( BOUNDED_SURFACE() B_SPLINE_SURFACE(2,12,(
    (#8986,#8987,#8988,#8989,#8990,#8991,#8992,#8993,#8994,#8995,#8996
      ,#8997,#8998)
    ,(#8999,#9000,#9001,#9002,#9003,#9004,#9005,#9006,#9007,#9008,#9009
      ,#9010,#9011)
    ,(#9012,#9013,#9014,#9015,#9016,#9017,#9018,#9019,#9020,#9021,#9022
      ,#9023,#9024
)),.UNSPECIFIED.,.F.,.F.,.F.) B_SPLINE_SURFACE_WITH_KNOTS((3,3),(13,13),
  (0.,6.099701369433),(99.028956984844,105.12865835427),
.PIECEWISE_BEZIER_KNOTS.) GEOMETRIC_REPRESENTATION_ITEM() 
RATIONAL_B_SPLINE_SURFACE((
    (1.,1.,1.000000000001,0.999999999997,1.000000000005,0.999999999993
      ,1.000000000007,0.999999999994,1.000000000004,0.999999999998
      ,1.000000000001,1.,1.)
    ,(0.707106781187,0.707106781186,0.707106781187,0.707106781184
      ,0.70710678119,0.707106781181,0.707106781192,0.707106781181
      ,0.70710678119,0.707106781185,0.707106781187,0.707106781186
      ,0.707106781187)
    ,(1.,1.,1.000000000001,0.999999999997,1.000000000005,0.999999999993
      ,1.000000000007,0.999999999994,1.000000000004,0.999999999998
,1.000000000001,1.,1.))) REPRESENTATION_ITEM('') SURFACE() );
#8986 = CARTESIAN_POINT('',(76.192103189641,32.283776132363,1.5));
#8987 = CARTESIAN_POINT('',(76.246595900954,31.812997953486,1.5));
#8988 = CARTESIAN_POINT('',(76.361200541164,31.331313161871,1.5));
#8989 = CARTESIAN_POINT('',(76.541968663847,30.850187649319,1.5));
#8990 = CARTESIAN_POINT('',(76.791556552204,30.382536278057,1.5));
#8991 = CARTESIAN_POINT('',(77.111686227106,29.945108366239,1.5));
#8992 = CARTESIAN_POINT('',(77.490586864322,29.552989129005,1.5));
#8993 = CARTESIAN_POINT('',(77.927812698624,29.217765512176,1.5));
#8994 = CARTESIAN_POINT('',(78.396763927526,28.95273224074,1.5));
#8995 = CARTESIAN_POINT('',(78.890751390185,28.757473744075,1.5));
#8996 = CARTESIAN_POINT('',(79.38929417931,28.633495720876,1.5));
#8997 = CARTESIAN_POINT('',(79.881006932384,28.574999999966,1.5));
#8998 = CARTESIAN_POINT('',(80.35493390436,28.574999999967,1.5));
#8999 = CARTESIAN_POINT('',(76.192103189641,32.283776132363,4.4E-16));
#9000 = CARTESIAN_POINT('',(76.246595900954,31.812997953486,-4.73E-14));
#9001 = CARTESIAN_POINT('',(76.361200541164,31.33131316187,1.9695E-13));
#9002 = CARTESIAN_POINT('',(76.541968663847,30.850187649319,-4.8406E-13)
  );
#9003 = CARTESIAN_POINT('',(76.791556552203,30.382536278058,8.5421E-13)
  );
#9004 = CARTESIAN_POINT('',(77.111686227109,29.945108366236,-1.16596E-12
    ));
#9005 = CARTESIAN_POINT('',(77.490586864319,29.55298912901,1.27287E-12)
  );
#9006 = CARTESIAN_POINT('',(77.927812698627,29.217765512171,-1.12887E-12
    ));
#9007 = CARTESIAN_POINT('',(78.396763927524,28.952732240743,8.0591E-13)
  );
#9008 = CARTESIAN_POINT('',(78.890751390186,28.757473744074,-4.4609E-13)
  );
#9009 = CARTESIAN_POINT('',(79.389294179309,28.633495720877,1.7797E-13)
  );
#9010 = CARTESIAN_POINT('',(79.881006932384,28.574999999966,-4.186E-14)
  );
#9011 = CARTESIAN_POINT('',(80.35493390436,28.574999999967,4.4E-16));
#9012 = CARTESIAN_POINT('',(77.682154450094,32.456250017983,0.));
#9013 = CARTESIAN_POINT('',(77.717142082564,32.153981797653,4.108E-14));
#9014 = CARTESIAN_POINT('',(77.790618788439,31.844771219952,-1.8185E-13)
  );
#9015 = CARTESIAN_POINT('',(77.907491372522,31.535322070993,4.7684E-13)
  );
#9016 = CARTESIAN_POINT('',(78.064822512445,31.237241916824,-8.9684E-13)
  );
#9017 = CARTESIAN_POINT('',(78.276711494259,30.951321736806,1.29041E-12)
  );
#9018 = CARTESIAN_POINT('',(78.511066724904,30.707028552439,-1.45717E-12
    ));
#9019 = CARTESIAN_POINT('',(78.799943986136,30.484570522253,1.29896E-12)
  );
#9020 = CARTESIAN_POINT('',(79.096400849966,30.318969257698,-9.0672E-13)
  );
#9021 = CARTESIAN_POINT('',(79.415022869158,30.191782071056,4.8495E-13)
  );
#9022 = CARTESIAN_POINT('',(79.734944286468,30.1126033562,-1.8774E-13));
#9023 = CARTESIAN_POINT('',(80.05064567223,30.074999997915,4.341E-14));
#9024 = CARTESIAN_POINT('',(80.354933922503,30.074999999967,0.));
#9025 = DEFINITIONAL_REPRESENTATION('',(#9026),#9030);
#9026 = LINE('',#9027,#9028);
#9027 = CARTESIAN_POINT('',(0.,0.));
#9028 = VECTOR('',#9029,1.);
#9029 = DIRECTION('',(0.,1.));
#9030 = ( GEOMETRIC_REPRESENTATION_CONTEXT(2) 
PARAMETRIC_REPRESENTATION_CONTEXT() REPRESENTATION_CONTEXT('2D SPACE',''
  ) );
#9031 = ORIENTED_EDGE('',*,*,#9032,.T.);
#9032 = EDGE_CURVE('',#8945,#3694,#9033,.T.);
#9033 = SURFACE_CURVE('',#9034,(#9040,#9047),.PCURVE_S1.);
#9034 = B_SPLINE_CURVE_WITH_KNOTS('',2,(#9035,#9036,#9037,#9038,#9039),
  .UNSPECIFIED.,.F.,.F.,(3,1,1,3),(-0.6732,2.458E-14,11.,11.6732),
  .UNSPECIFIED.);
#9035 = CARTESIAN_POINT('',(80.35493390436,28.574999999967,-0.6732));
#9036 = CARTESIAN_POINT('',(80.35493390436,28.574999999967,-0.3366));
#9037 = CARTESIAN_POINT('',(80.35493390436,28.574999999967,5.5));
#9038 = CARTESIAN_POINT('',(80.35493390436,28.574999999967,11.3366));
#9039 = CARTESIAN_POINT('',(80.35493390436,28.574999999967,11.6732));
#9040 = PCURVE('',#3719,#9041);
#9041 = DEFINITIONAL_REPRESENTATION('',(#9042),#9046);
#9042 = LINE('',#9043,#9044);
#9043 = CARTESIAN_POINT('',(11.,0.));
#9044 = VECTOR('',#9045,1.);
#9045 = DIRECTION('',(0.,1.));
#9046 = ( GEOMETRIC_REPRESENTATION_CONTEXT(2) 
PARAMETRIC_REPRESENTATION_CONTEXT() REPRESENTATION_CONTEXT('2D SPACE',''
  ) );
#9047 = PCURVE('',#3861,#9048);
#9048 = DEFINITIONAL_REPRESENTATION('',(#9049),#9055);
#9049 = B_SPLINE_CURVE_WITH_KNOTS('',2,(#9050,#9051,#9052,#9053,#9054),
  .UNSPECIFIED.,.F.,.F.,(3,1,1,3),(-0.6732,2.458E-14,11.,11.6732),
  .UNSPECIFIED.);
#9050 = CARTESIAN_POINT('',(4.15493390436,0.6732));
#9051 = CARTESIAN_POINT('',(4.15493390436,0.3366));
#9052 = CARTESIAN_POINT('',(4.15493390436,-5.5));
#9053 = CARTESIAN_POINT('',(4.15493390436,-11.3366));
#9054 = CARTESIAN_POINT('',(4.15493390436,-11.6732));
#9055 = ( GEOMETRIC_REPRESENTATION_CONTEXT(2) 
PARAMETRIC_REPRESENTATION_CONTEXT() REPRESENTATION_CONTEXT('2D SPACE',''
  ) );
#9056 = ORIENTED_EDGE('',*,*,#3693,.F.);
#9057 = ADVANCED_FACE('',(#9058),#3827,.F.);
#9058 = FACE_BOUND('',#9059,.F.);
#9059 = EDGE_LOOP('',(#9060,#9061,#9089,#9110));
#9060 = ORIENTED_EDGE('',*,*,#8825,.F.);
#9061 = ORIENTED_EDGE('',*,*,#9062,.F.);
#9062 = EDGE_CURVE('',#9063,#8826,#9065,.T.);
#9063 = VERTEX_POINT('',#9064);
#9064 = CARTESIAN_POINT('',(28.240625,4.762499999998,1.5));
#9065 = SURFACE_CURVE('',#9066,(#9070,#9077),.PCURVE_S1.);
#9066 = LINE('',#9067,#9068);
#9067 = CARTESIAN_POINT('',(28.240625,4.762499999998,1.5));
#9068 = VECTOR('',#9069,1.);
#9069 = DIRECTION('',(1.,0.,0.));
#9070 = PCURVE('',#3827,#9071);
#9071 = DEFINITIONAL_REPRESENTATION('',(#9072),#9076);
#9072 = LINE('',#9073,#9074);
#9073 = CARTESIAN_POINT('',(1.190625,-1.5));
#9074 = VECTOR('',#9075,1.);
#9075 = DIRECTION('',(1.,0.));
#9076 = ( GEOMETRIC_REPRESENTATION_CONTEXT(2) 
PARAMETRIC_REPRESENTATION_CONTEXT() REPRESENTATION_CONTEXT('2D SPACE',''
  ) );
#9077 = PCURVE('',#9078,#9083);
#9078 = CYLINDRICAL_SURFACE('',#9079,1.5);
#9079 = AXIS2_PLACEMENT_3D('',#9080,#9081,#9082);
#9080 = CARTESIAN_POINT('',(28.240625,6.262499999998,1.5));
#9081 = DIRECTION('',(1.,0.,0.));
#9082 = DIRECTION('',(0.,-1.,0.));
#9083 = DEFINITIONAL_REPRESENTATION('',(#9084),#9088);
#9084 = LINE('',#9085,#9086);
#9085 = CARTESIAN_POINT('',(0.,0.));
#9086 = VECTOR('',#9087,1.);
#9087 = DIRECTION('',(0.,1.));
#9088 = ( GEOMETRIC_REPRESENTATION_CONTEXT(2) 
PARAMETRIC_REPRESENTATION_CONTEXT() REPRESENTATION_CONTEXT('2D SPACE',''
  ) );
#9089 = ORIENTED_EDGE('',*,*,#9090,.T.);
#9090 = EDGE_CURVE('',#9063,#3790,#9091,.T.);
#9091 = SURFACE_CURVE('',#9092,(#9096,#9103),.PCURVE_S1.);
#9092 = LINE('',#9093,#9094);
#9093 = CARTESIAN_POINT('',(28.240625,4.762499999998,0.));
#9094 = VECTOR('',#9095,1.);
#9095 = DIRECTION('',(0.,0.,1.));
#9096 = PCURVE('',#3827,#9097);
#9097 = DEFINITIONAL_REPRESENTATION('',(#9098),#9102);
#9098 = LINE('',#9099,#9100);
#9099 = CARTESIAN_POINT('',(1.190625,0.));
#9100 = VECTOR('',#9101,1.);
#9101 = DIRECTION('',(0.,-1.));
#9102 = ( GEOMETRIC_REPRESENTATION_CONTEXT(2) 
PARAMETRIC_REPRESENTATION_CONTEXT() REPRESENTATION_CONTEXT('2D SPACE',''
  ) );
#9103 = PCURVE('',#3946,#9104);
#9104 = DEFINITIONAL_REPRESENTATION('',(#9105),#9109);
#9105 = LINE('',#9106,#9107);
#9106 = CARTESIAN_POINT('',(-1.570796326795,0.));
#9107 = VECTOR('',#9108,1.);
#9108 = DIRECTION('',(-0.,1.));
#9109 = ( GEOMETRIC_REPRESENTATION_CONTEXT(2) 
PARAMETRIC_REPRESENTATION_CONTEXT() REPRESENTATION_CONTEXT('2D SPACE',''
  ) );
#9110 = ORIENTED_EDGE('',*,*,#3813,.T.);
#9111 = ADVANCED_FACE('',(#9112),#3861,.F.);
#9112 = FACE_BOUND('',#9113,.F.);
#9113 = EDGE_LOOP('',(#9114,#9115,#9116,#9139));
#9114 = ORIENTED_EDGE('',*,*,#9032,.T.);
#9115 = ORIENTED_EDGE('',*,*,#3845,.T.);
#9116 = ORIENTED_EDGE('',*,*,#9117,.F.);
#9117 = EDGE_CURVE('',#9118,#3846,#9120,.T.);
#9118 = VERTEX_POINT('',#9119);
#9119 = CARTESIAN_POINT('',(94.059375,28.574999999967,1.5));
#9120 = SURFACE_CURVE('',#9121,(#9125,#9132),.PCURVE_S1.);
#9121 = LINE('',#9122,#9123);
#9122 = CARTESIAN_POINT('',(94.059375,28.574999999967,0.));
#9123 = VECTOR('',#9124,1.);
#9124 = DIRECTION('',(0.,0.,1.));
#9125 = PCURVE('',#3861,#9126);
#9126 = DEFINITIONAL_REPRESENTATION('',(#9127),#9131);
#9127 = LINE('',#9128,#9129);
#9128 = CARTESIAN_POINT('',(17.859375,0.));
#9129 = VECTOR('',#9130,1.);
#9130 = DIRECTION('',(0.,-1.));
#9131 = ( GEOMETRIC_REPRESENTATION_CONTEXT(2) 
PARAMETRIC_REPRESENTATION_CONTEXT() REPRESENTATION_CONTEXT('2D SPACE',''
  ) );
#9132 = PCURVE('',#4037,#9133);
#9133 = DEFINITIONAL_REPRESENTATION('',(#9134),#9138);
#9134 = LINE('',#9135,#9136);
#9135 = CARTESIAN_POINT('',(-0.,0.));
#9136 = VECTOR('',#9137,1.);
#9137 = DIRECTION('',(-0.,1.));
#9138 = ( GEOMETRIC_REPRESENTATION_CONTEXT(2) 
PARAMETRIC_REPRESENTATION_CONTEXT() REPRESENTATION_CONTEXT('2D SPACE',''
  ) );
#9139 = ORIENTED_EDGE('',*,*,#9140,.F.);
#9140 = EDGE_CURVE('',#8945,#9118,#9141,.T.);
#9141 = SURFACE_CURVE('',#9142,(#9146,#9153),.PCURVE_S1.);
#9142 = LINE('',#9143,#9144);
#9143 = CARTESIAN_POINT('',(80.35493390436,28.574999999967,1.5));
#9144 = VECTOR('',#9145,1.);
#9145 = DIRECTION('',(1.,0.,0.));
#9146 = PCURVE('',#3861,#9147);
#9147 = DEFINITIONAL_REPRESENTATION('',(#9148),#9152);
#9148 = LINE('',#9149,#9150);
#9149 = CARTESIAN_POINT('',(4.15493390436,-1.5));
#9150 = VECTOR('',#9151,1.);
#9151 = DIRECTION('',(1.,0.));
#9152 = ( GEOMETRIC_REPRESENTATION_CONTEXT(2) 
PARAMETRIC_REPRESENTATION_CONTEXT() REPRESENTATION_CONTEXT('2D SPACE',''
  ) );
#9153 = PCURVE('',#9154,#9159);
#9154 = CYLINDRICAL_SURFACE('',#9155,1.5);
#9155 = AXIS2_PLACEMENT_3D('',#9156,#9157,#9158);
#9156 = CARTESIAN_POINT('',(80.35493390436,30.074999999967,1.5));
#9157 = DIRECTION('',(1.,0.,0.));
#9158 = DIRECTION('',(0.,-1.,0.));
#9159 = DEFINITIONAL_REPRESENTATION('',(#9160),#9164);
#9160 = LINE('',#9161,#9162);
#9161 = CARTESIAN_POINT('',(0.,0.));
#9162 = VECTOR('',#9163,1.);
#9163 = DIRECTION('',(0.,1.));
#9164 = ( GEOMETRIC_REPRESENTATION_CONTEXT(2) 
PARAMETRIC_REPRESENTATION_CONTEXT() REPRESENTATION_CONTEXT('2D SPACE',''
  ) );
#9165 = ADVANCED_FACE('',(#9166),#3946,.F.);
#9166 = FACE_BOUND('',#9167,.T.);
#9167 = EDGE_LOOP('',(#9168,#9192,#9219,#9220));
#9168 = ORIENTED_EDGE('',*,*,#9169,.F.);
#9169 = EDGE_CURVE('',#9170,#3900,#9172,.T.);
#9170 = VERTEX_POINT('',#9171);
#9171 = CARTESIAN_POINT('',(27.057896810359,3.708776132402,1.5));
#9172 = SURFACE_CURVE('',#9173,(#9179,#9185),.PCURVE_S1.);
#9173 = B_SPLINE_CURVE_WITH_KNOTS('',2,(#9174,#9175,#9176,#9177,#9178),
  .UNSPECIFIED.,.F.,.F.,(3,1,1,3),(-0.6732,2.201E-14,11.,11.6732),
  .UNSPECIFIED.);
#9174 = CARTESIAN_POINT('',(27.057896810359,3.708776132402,-0.6732));
#9175 = CARTESIAN_POINT('',(27.057896810359,3.708776132402,-0.3366));
#9176 = CARTESIAN_POINT('',(27.057896810359,3.708776132402,5.5));
#9177 = CARTESIAN_POINT('',(27.057896810359,3.708776132402,11.3366));
#9178 = CARTESIAN_POINT('',(27.057896810359,3.708776132402,11.6732));
#9179 = PCURVE('',#3946,#9180);
#9180 = DEFINITIONAL_REPRESENTATION('',(#9181),#9184);
#9181 = B_SPLINE_CURVE_WITH_KNOTS('',1,(#9182,#9183),.UNSPECIFIED.,.F.,
  .F.,(2,2),(2.201E-14,11.),.PIECEWISE_BEZIER_KNOTS.);
#9182 = CARTESIAN_POINT('',(-0.115237461727,0.));
#9183 = CARTESIAN_POINT('',(-0.115237461727,11.));
#9184 = ( GEOMETRIC_REPRESENTATION_CONTEXT(2) 
PARAMETRIC_REPRESENTATION_CONTEXT() REPRESENTATION_CONTEXT('2D SPACE',''
  ) );
#9185 = PCURVE('',#4135,#9186);
#9186 = DEFINITIONAL_REPRESENTATION('',(#9187),#9191);
#9187 = LINE('',#9188,#9189);
#9188 = CARTESIAN_POINT('',(0.,0.));
#9189 = VECTOR('',#9190,1.);
#9190 = DIRECTION('',(0.,1.));
#9191 = ( GEOMETRIC_REPRESENTATION_CONTEXT(2) 
PARAMETRIC_REPRESENTATION_CONTEXT() REPRESENTATION_CONTEXT('2D SPACE',''
  ) );
#9192 = ORIENTED_EDGE('',*,*,#9193,.T.);
#9193 = EDGE_CURVE('',#9170,#9063,#9194,.T.);
#9194 = SURFACE_CURVE('',#9195,(#9200,#9207),.PCURVE_S1.);
#9195 = CIRCLE('',#9196,1.190625);
#9196 = AXIS2_PLACEMENT_3D('',#9197,#9198,#9199);
#9197 = CARTESIAN_POINT('',(28.240625,3.571874999998,1.5));
#9198 = DIRECTION('',(0.,0.,-1.));
#9199 = DIRECTION('',(-0.99336750836,0.114982578398,0.));
#9200 = PCURVE('',#3946,#9201);
#9201 = DEFINITIONAL_REPRESENTATION('',(#9202),#9206);
#9202 = LINE('',#9203,#9204);
#9203 = CARTESIAN_POINT('',(-0.115237461727,1.5));
#9204 = VECTOR('',#9205,1.);
#9205 = DIRECTION('',(-1.,0.));
#9206 = ( GEOMETRIC_REPRESENTATION_CONTEXT(2) 
PARAMETRIC_REPRESENTATION_CONTEXT() REPRESENTATION_CONTEXT('2D SPACE',''
  ) );
#9207 = PCURVE('',#9208,#9213);
#9208 = TOROIDAL_SURFACE('',#9209,2.690625,1.5);
#9209 = AXIS2_PLACEMENT_3D('',#9210,#9211,#9212);
#9210 = CARTESIAN_POINT('',(28.240625,3.571874999998,1.5));
#9211 = DIRECTION('',(0.,0.,1.));
#9212 = DIRECTION('',(-0.99336750836,0.114982578398,0.));
#9213 = DEFINITIONAL_REPRESENTATION('',(#9214),#9218);
#9214 = LINE('',#9215,#9216);
#9215 = CARTESIAN_POINT('',(-0.,3.14159265359));
#9216 = VECTOR('',#9217,1.);
#9217 = DIRECTION('',(-1.,0.));
#9218 = ( GEOMETRIC_REPRESENTATION_CONTEXT(2) 
PARAMETRIC_REPRESENTATION_CONTEXT() REPRESENTATION_CONTEXT('2D SPACE',''
  ) );
#9219 = ORIENTED_EDGE('',*,*,#9090,.T.);
#9220 = ORIENTED_EDGE('',*,*,#3931,.F.);
#9221 = ADVANCED_FACE('',(#9222),#4037,.F.);
#9222 = FACE_BOUND('',#9223,.T.);
#9223 = EDGE_LOOP('',(#9224,#9248,#9249,#9250));
#9224 = ORIENTED_EDGE('',*,*,#9225,.T.);
#9225 = EDGE_CURVE('',#9226,#3964,#9228,.T.);
#9226 = VERTEX_POINT('',#9227);
#9227 = CARTESIAN_POINT('',(95.24210318964,27.521276132377,1.5));
#9228 = SURFACE_CURVE('',#9229,(#9235,#9241),.PCURVE_S1.);
#9229 = B_SPLINE_CURVE_WITH_KNOTS('',2,(#9230,#9231,#9232,#9233,#9234),
  .UNSPECIFIED.,.F.,.F.,(3,1,1,3),(-0.6732,2.44E-14,11.,11.6732),
  .UNSPECIFIED.);
#9230 = CARTESIAN_POINT('',(95.24210318964,27.521276132377,-0.6732));
#9231 = CARTESIAN_POINT('',(95.24210318964,27.521276132377,-0.3366));
#9232 = CARTESIAN_POINT('',(95.24210318964,27.521276132377,5.5));
#9233 = CARTESIAN_POINT('',(95.24210318964,27.521276132377,11.3366));
#9234 = CARTESIAN_POINT('',(95.24210318964,27.521276132377,11.6732));
#9235 = PCURVE('',#4037,#9236);
#9236 = DEFINITIONAL_REPRESENTATION('',(#9237),#9240);
#9237 = B_SPLINE_CURVE_WITH_KNOTS('',1,(#9238,#9239),.UNSPECIFIED.,.F.,
  .F.,(2,2),(2.44E-14,11.),.PIECEWISE_BEZIER_KNOTS.);
#9238 = CARTESIAN_POINT('',(-1.455558865063,0.));
#9239 = CARTESIAN_POINT('',(-1.455558865063,11.));
#9240 = ( GEOMETRIC_REPRESENTATION_CONTEXT(2) 
PARAMETRIC_REPRESENTATION_CONTEXT() REPRESENTATION_CONTEXT('2D SPACE',''
  ) );
#9241 = PCURVE('',#4205,#9242);
#9242 = DEFINITIONAL_REPRESENTATION('',(#9243),#9247);
#9243 = LINE('',#9244,#9245);
#9244 = CARTESIAN_POINT('',(0.,0.));
#9245 = VECTOR('',#9246,1.);
#9246 = DIRECTION('',(0.,1.));
#9247 = ( GEOMETRIC_REPRESENTATION_CONTEXT(2) 
PARAMETRIC_REPRESENTATION_CONTEXT() REPRESENTATION_CONTEXT('2D SPACE',''
  ) );
#9248 = ORIENTED_EDGE('',*,*,#4022,.F.);
#9249 = ORIENTED_EDGE('',*,*,#9117,.F.);
#9250 = ORIENTED_EDGE('',*,*,#9251,.T.);
#9251 = EDGE_CURVE('',#9118,#9226,#9252,.T.);
#9252 = SURFACE_CURVE('',#9253,(#9258,#9265),.PCURVE_S1.);
#9253 = CIRCLE('',#9254,1.190625);
#9254 = AXIS2_PLACEMENT_3D('',#9255,#9256,#9257);
#9255 = CARTESIAN_POINT('',(94.059375,27.384374999967,1.5));
#9256 = DIRECTION('',(0.,0.,-1.));
#9257 = DIRECTION('',(0.,1.,0.));
#9258 = PCURVE('',#4037,#9259);
#9259 = DEFINITIONAL_REPRESENTATION('',(#9260),#9264);
#9260 = LINE('',#9261,#9262);
#9261 = CARTESIAN_POINT('',(-0.,1.5));
#9262 = VECTOR('',#9263,1.);
#9263 = DIRECTION('',(-1.,0.));
#9264 = ( GEOMETRIC_REPRESENTATION_CONTEXT(2) 
PARAMETRIC_REPRESENTATION_CONTEXT() REPRESENTATION_CONTEXT('2D SPACE',''
  ) );
#9265 = PCURVE('',#9266,#9271);
#9266 = TOROIDAL_SURFACE('',#9267,2.690625,1.5);
#9267 = AXIS2_PLACEMENT_3D('',#9268,#9269,#9270);
#9268 = CARTESIAN_POINT('',(94.059375,27.384374999967,1.5));
#9269 = DIRECTION('',(0.,0.,1.));
#9270 = DIRECTION('',(0.,1.,0.));
#9271 = DEFINITIONAL_REPRESENTATION('',(#9272),#9276);
#9272 = LINE('',#9273,#9274);
#9273 = CARTESIAN_POINT('',(-0.,3.14159265359));
#9274 = VECTOR('',#9275,1.);
#9275 = DIRECTION('',(-1.,0.));
#9276 = ( GEOMETRIC_REPRESENTATION_CONTEXT(2) 
PARAMETRIC_REPRESENTATION_CONTEXT() REPRESENTATION_CONTEXT('2D SPACE',''
  ) );
#9277 = ADVANCED_FACE('',(#9278),#4135,.F.);
#9278 = FACE_BOUND('',#9279,.F.);
#9279 = EDGE_LOOP('',(#9280,#9281,#9369,#9394));
#9280 = ORIENTED_EDGE('',*,*,#9169,.F.);
#9281 = ORIENTED_EDGE('',*,*,#9282,.F.);
#9282 = EDGE_CURVE('',#9283,#9170,#9285,.T.);
#9283 = VERTEX_POINT('',#9284);
#9284 = CARTESIAN_POINT('',(22.895066095639,0.,1.5));
#9285 = SURFACE_CURVE('',#9286,(#9300,#9322),.PCURVE_S1.);
#9286 = ( BOUNDED_CURVE() B_SPLINE_CURVE(12,(#9287,#9288,#9289,#9290,
    #9291,#9292,#9293,#9294,#9295,#9296,#9297,#9298,#9299),
.UNSPECIFIED.,.F.,.F.) B_SPLINE_CURVE_WITH_KNOTS((13,13),(
18.704441095639,24.804142465078),.PIECEWISE_BEZIER_KNOTS.) CURVE() 
GEOMETRIC_REPRESENTATION_ITEM() RATIONAL_B_SPLINE_CURVE((1.,1.,1.,
    0.999999999999,1.000000000001,0.999999999999,1.000000000001,
0.999999999999,1.000000000001,1.,1.,1.,1.)) REPRESENTATION_ITEM('') );
#9287 = CARTESIAN_POINT('',(22.895066095639,0.,1.5));
#9288 = CARTESIAN_POINT('',(23.368987554631,2.354E-14,1.5));
#9289 = CARTESIAN_POINT('',(23.860655112917,5.845916657535E-02,1.5));
#9290 = CARTESIAN_POINT('',(24.359374749379,0.182707294229,1.5));
#9291 = CARTESIAN_POINT('',(24.852622685753,0.376868032553,1.5));
#9292 = CARTESIAN_POINT('',(25.323958696046,0.644577860863,1.5));
#9293 = CARTESIAN_POINT('',(25.757044177983,0.975878561893,1.5));
#9294 = CARTESIAN_POINT('',(26.140317780683,1.37165962365,1.5));
#9295 = CARTESIAN_POINT('',(26.457514442648,1.807026328554,1.5));
#9296 = CARTESIAN_POINT('',(26.708277841105,2.275286098094,1.5));
#9297 = CARTESIAN_POINT('',(26.888757316441,2.756266993573,1.5));
#9298 = CARTESIAN_POINT('',(27.003403465149,3.237992477104,1.5));
#9299 = CARTESIAN_POINT('',(27.057896810359,3.708776132402,1.5));
#9300 = PCURVE('',#4135,#9301);
#9301 = DEFINITIONAL_REPRESENTATION('',(#9302),#9321);
#9302 = B_SPLINE_CURVE_WITH_KNOTS('',9,(#9303,#9304,#9305,#9306,#9307,
    #9308,#9309,#9310,#9311,#9312,#9313,#9314,#9315,#9316,#9317,#9318,
    #9319,#9320),.UNSPECIFIED.,.F.,.F.,(10,8,10),(18.704441095639,
    21.754291780358,24.804142465078),.UNSPECIFIED.);
#9303 = CARTESIAN_POINT('',(11.,1.5));
#9304 = CARTESIAN_POINT('',(10.376641203136,1.5));
#9305 = CARTESIAN_POINT('',(9.757375946441,1.5));
#9306 = CARTESIAN_POINT('',(9.142053037754,1.5));
#9307 = CARTESIAN_POINT('',(8.530026368721,1.5));
#9308 = CARTESIAN_POINT('',(7.920929823017,1.5));
#9309 = CARTESIAN_POINT('',(7.314194266094,1.5));
#9310 = CARTESIAN_POINT('',(6.708943168876,1.5));
#9311 = CARTESIAN_POINT('',(6.104458991571,1.5));
#9312 = CARTESIAN_POINT('',(4.895477063211,1.5));
#9313 = CARTESIAN_POINT('',(4.290977839041,1.5));
#9314 = CARTESIAN_POINT('',(3.685748978852,1.5));
#9315 = CARTESIAN_POINT('',(3.078910546108,1.5));
#9316 = CARTESIAN_POINT('',(2.470125255053,1.5));
#9317 = CARTESIAN_POINT('',(1.857921283111,1.5));
#9318 = CARTESIAN_POINT('',(1.242673189623,1.5));
#9319 = CARTESIAN_POINT('',(0.623366048209,1.5));
#9320 = CARTESIAN_POINT('',(0.,1.5));
#9321 = ( GEOMETRIC_REPRESENTATION_CONTEXT(2) 
PARAMETRIC_REPRESENTATION_CONTEXT() REPRESENTATION_CONTEXT('2D SPACE',''
  ) );
#9322 = PCURVE('',#9323,#9363);
#9323 = ( BOUNDED_SURFACE() B_SPLINE_SURFACE(2,12,(
    (#9324,#9325,#9326,#9327,#9328,#9329,#9330,#9331,#9332,#9333,#9334
      ,#9335,#9336)
    ,(#9337,#9338,#9339,#9340,#9341,#9342,#9343,#9344,#9345,#9346,#9347
      ,#9348,#9349)
    ,(#9350,#9351,#9352,#9353,#9354,#9355,#9356,#9357,#9358,#9359,#9360
      ,#9361,#9362
)),.UNSPECIFIED.,.F.,.F.,.F.) B_SPLINE_SURFACE_WITH_KNOTS((3,3),(13,13),
  (0.,6.099701369439),(18.704441095639,24.804142465078),
.PIECEWISE_BEZIER_KNOTS.) GEOMETRIC_REPRESENTATION_ITEM() 
RATIONAL_B_SPLINE_SURFACE((
    (1.,1.,1.,0.999999999999,1.000000000001,0.999999999999
      ,1.000000000001,0.999999999999,1.000000000001,1.,1.,1.,1.)
    ,(0.707106781187,0.707106781187,0.707106781187,0.707106781186
      ,0.707106781187,0.707106781186,0.707106781187,0.707106781186
      ,0.707106781187,0.707106781186,0.707106781187,0.707106781187
      ,0.707106781187)
    ,(1.,1.,1.,0.999999999999,1.000000000001,0.999999999999
      ,1.000000000001,0.999999999999,1.000000000001,1.,1.,1.,1.
))) REPRESENTATION_ITEM('') SURFACE() );
#9324 = CARTESIAN_POINT('',(22.895066095639,0.,1.5));
#9325 = CARTESIAN_POINT('',(23.368987554631,2.354E-14,1.5));
#9326 = CARTESIAN_POINT('',(23.860655112917,5.845916657535E-02,1.5));
#9327 = CARTESIAN_POINT('',(24.359374749379,0.182707294229,1.5));
#9328 = CARTESIAN_POINT('',(24.852622685753,0.376868032553,1.5));
#9329 = CARTESIAN_POINT('',(25.323958696046,0.644577860863,1.5));
#9330 = CARTESIAN_POINT('',(25.757044177983,0.975878561893,1.5));
#9331 = CARTESIAN_POINT('',(26.140317780683,1.37165962365,1.5));
#9332 = CARTESIAN_POINT('',(26.457514442648,1.807026328554,1.5));
#9333 = CARTESIAN_POINT('',(26.708277841105,2.275286098094,1.5));
#9334 = CARTESIAN_POINT('',(26.888757316441,2.756266993573,1.5));
#9335 = CARTESIAN_POINT('',(27.003403465149,3.237992477104,1.5));
#9336 = CARTESIAN_POINT('',(27.057896810359,3.708776132402,1.5));
#9337 = CARTESIAN_POINT('',(22.895066095639,8.9E-16,4.4E-16));
#9338 = CARTESIAN_POINT('',(23.368987554631,-6.883E-14,4.11E-15));
#9339 = CARTESIAN_POINT('',(23.860655112917,5.845916657572E-02,
    -1.588E-14));
#9340 = CARTESIAN_POINT('',(24.359374749379,0.182707294228,3.375E-14));
#9341 = CARTESIAN_POINT('',(24.852622685752,0.376868032554,-3.808E-14));
#9342 = CARTESIAN_POINT('',(25.323958696048,0.644577860862,1.366E-14));
#9343 = CARTESIAN_POINT('',(25.757044177981,0.975878561895,3.686E-14));
#9344 = CARTESIAN_POINT('',(26.140317780685,1.371659623649,-7.45E-14));
#9345 = CARTESIAN_POINT('',(26.457514442647,1.807026328555,7.272E-14));
#9346 = CARTESIAN_POINT('',(26.708277841104,2.275286098094,-4.041E-14));
#9347 = CARTESIAN_POINT('',(26.888757316441,2.756266993574,1.377E-14));
#9348 = CARTESIAN_POINT('',(27.003403465149,3.237992477104,-1.33E-15));
#9349 = CARTESIAN_POINT('',(27.057896810359,3.708776132402,4.4E-16));
#9350 = CARTESIAN_POINT('',(22.895066077497,1.5,0.));
#9351 = CARTESIAN_POINT('',(23.199352474576,1.499999997948,-2.E-15));
#9352 = CARTESIAN_POINT('',(23.514960756793,1.537435540694,3.77E-15));
#9353 = CARTESIAN_POINT('',(23.835795797949,1.617951707298,-3.55E-15));
#9354 = CARTESIAN_POINT('',(24.149989278057,1.739965325115,-1.55E-15));
#9355 = CARTESIAN_POINT('',(24.458376636375,1.917573115331,1.044E-14));
#9356 = CARTESIAN_POINT('',(24.727996317004,2.122284526983,-2.021E-14));
#9357 = CARTESIAN_POINT('',(24.982194748293,2.383667013919,2.687E-14));
#9358 = CARTESIAN_POINT('',(25.18078503863,2.659116369928,-2.587E-14));
#9359 = CARTESIAN_POINT('',(25.343764638529,2.961000820529,1.932E-14));
#9360 = CARTESIAN_POINT('',(25.459203590689,3.269696188916,-1.132E-14));
#9361 = CARTESIAN_POINT('',(25.532857704351,3.578979956786,4.E-15));
#9362 = CARTESIAN_POINT('',(25.567845549905,3.881250018021,0.));
#9363 = DEFINITIONAL_REPRESENTATION('',(#9364),#9368);
#9364 = LINE('',#9365,#9366);
#9365 = CARTESIAN_POINT('',(0.,0.));
#9366 = VECTOR('',#9367,1.);
#9367 = DIRECTION('',(0.,1.));
#9368 = ( GEOMETRIC_REPRESENTATION_CONTEXT(2) 
PARAMETRIC_REPRESENTATION_CONTEXT() REPRESENTATION_CONTEXT('2D SPACE',''
  ) );
#9369 = ORIENTED_EDGE('',*,*,#9370,.T.);
#9370 = EDGE_CURVE('',#9283,#4053,#9371,.T.);
#9371 = SURFACE_CURVE('',#9372,(#9378,#9385),.PCURVE_S1.);
#9372 = B_SPLINE_CURVE_WITH_KNOTS('',2,(#9373,#9374,#9375,#9376,#9377),
  .UNSPECIFIED.,.F.,.F.,(3,1,1,3),(-0.6732,2.201E-14,11.,11.6732),
  .UNSPECIFIED.);
#9373 = CARTESIAN_POINT('',(22.895066095639,0.,-0.6732));
#9374 = CARTESIAN_POINT('',(22.895066095639,0.,-0.3366));
#9375 = CARTESIAN_POINT('',(22.895066095639,0.,5.5));
#9376 = CARTESIAN_POINT('',(22.895066095639,0.,11.3366));
#9377 = CARTESIAN_POINT('',(22.895066095639,0.,11.6732));
#9378 = PCURVE('',#4135,#9379);
#9379 = DEFINITIONAL_REPRESENTATION('',(#9380),#9384);
#9380 = LINE('',#9381,#9382);
#9381 = CARTESIAN_POINT('',(11.,0.));
#9382 = VECTOR('',#9383,1.);
#9383 = DIRECTION('',(0.,1.));
#9384 = ( GEOMETRIC_REPRESENTATION_CONTEXT(2) 
PARAMETRIC_REPRESENTATION_CONTEXT() REPRESENTATION_CONTEXT('2D SPACE',''
  ) );
#9385 = PCURVE('',#4313,#9386);
#9386 = DEFINITIONAL_REPRESENTATION('',(#9387),#9393);
#9387 = B_SPLINE_CURVE_WITH_KNOTS('',2,(#9388,#9389,#9390,#9391,#9392),
  .UNSPECIFIED.,.F.,.F.,(3,1,1,3),(-0.6732,2.201E-14,11.,11.6732),
  .UNSPECIFIED.);
#9388 = CARTESIAN_POINT('',(22.895066095639,0.6732));
#9389 = CARTESIAN_POINT('',(22.895066095639,0.3366));
#9390 = CARTESIAN_POINT('',(22.895066095639,-5.5));
#9391 = CARTESIAN_POINT('',(22.895066095639,-11.3366));
#9392 = CARTESIAN_POINT('',(22.895066095639,-11.6732));
#9393 = ( GEOMETRIC_REPRESENTATION_CONTEXT(2) 
PARAMETRIC_REPRESENTATION_CONTEXT() REPRESENTATION_CONTEXT('2D SPACE',''
  ) );
#9394 = ORIENTED_EDGE('',*,*,#4111,.T.);
#9395 = ADVANCED_FACE('',(#9396),#4205,.T.);
#9396 = FACE_BOUND('',#9397,.T.);
#9397 = EDGE_LOOP('',(#9398,#9399,#9487,#9512));
#9398 = ORIENTED_EDGE('',*,*,#9225,.F.);
#9399 = ORIENTED_EDGE('',*,*,#9400,.T.);
#9400 = EDGE_CURVE('',#9226,#9401,#9403,.T.);
#9401 = VERTEX_POINT('',#9402);
#9402 = CARTESIAN_POINT('',(99.404933904358,23.812499999995,1.5));
#9403 = SURFACE_CURVE('',#9404,(#9418,#9440),.PCURVE_S1.);
#9404 = ( BOUNDED_CURVE() B_SPLINE_CURVE(12,(#9405,#9406,#9407,#9408,
    #9409,#9410,#9411,#9412,#9413,#9414,#9415,#9416,#9417),
.UNSPECIFIED.,.F.,.F.) B_SPLINE_CURVE_WITH_KNOTS((13,13),(
120.56612422363,126.66582559305),.PIECEWISE_BEZIER_KNOTS.) CURVE() 
GEOMETRIC_REPRESENTATION_ITEM() RATIONAL_B_SPLINE_CURVE((1.,1.,
    0.999999999999,1.000000000001,0.999999999997,1.000000000004,
    0.999999999995,1.000000000004,0.999999999997,1.000000000001,
0.999999999999,1.,1.)) REPRESENTATION_ITEM('') );
#9405 = CARTESIAN_POINT('',(95.24210318964,27.521276132377,1.5));
#9406 = CARTESIAN_POINT('',(95.296595900955,27.050497953501,1.5));
#9407 = CARTESIAN_POINT('',(95.411200541165,26.568813161891,1.5));
#9408 = CARTESIAN_POINT('',(95.591968663849,26.087687649331,1.5));
#9409 = CARTESIAN_POINT('',(95.841556552221,25.620036278089,1.5));
#9410 = CARTESIAN_POINT('',(96.16168622706,25.182608366257,1.5));
#9411 = CARTESIAN_POINT('',(96.540586864422,24.790489129016,1.5));
#9412 = CARTESIAN_POINT('',(96.977812698505,24.455265512233,1.5));
#9413 = CARTESIAN_POINT('',(97.446763927617,24.190232240738,1.5));
#9414 = CARTESIAN_POINT('',(97.940751390145,23.994973744118,1.5));
#9415 = CARTESIAN_POINT('',(98.439294179312,23.870995720901,1.5));
#9416 = CARTESIAN_POINT('',(98.931006932382,23.812499999995,1.5));
#9417 = CARTESIAN_POINT('',(99.404933904358,23.812499999995,1.5));
#9418 = PCURVE('',#4205,#9419);
#9419 = DEFINITIONAL_REPRESENTATION('',(#9420),#9439);
#9420 = B_SPLINE_CURVE_WITH_KNOTS('',9,(#9421,#9422,#9423,#9424,#9425,
    #9426,#9427,#9428,#9429,#9430,#9431,#9432,#9433,#9434,#9435,#9436,
    #9437,#9438),.UNSPECIFIED.,.F.,.F.,(10,8,10),(120.56612422363,
    123.61597490834,126.66582559305),.UNSPECIFIED.);
#9421 = CARTESIAN_POINT('',(-2.34E-15,1.5));
#9422 = CARTESIAN_POINT('',(0.623358796864,1.5));
#9423 = CARTESIAN_POINT('',(1.242624053559,1.5));
#9424 = CARTESIAN_POINT('',(1.857946962245,1.5));
#9425 = CARTESIAN_POINT('',(2.469973631279,1.5));
#9426 = CARTESIAN_POINT('',(3.079070176983,1.5));
#9427 = CARTESIAN_POINT('',(3.685805733908,1.5));
#9428 = CARTESIAN_POINT('',(4.291056831123,1.5));
#9429 = CARTESIAN_POINT('',(4.895541008428,1.5));
#9430 = CARTESIAN_POINT('',(6.104522936788,1.5));
#9431 = CARTESIAN_POINT('',(6.709022160958,1.5));
#9432 = CARTESIAN_POINT('',(7.314251021151,1.5));
#9433 = CARTESIAN_POINT('',(7.92108945389,1.5));
#9434 = CARTESIAN_POINT('',(8.529874744958,1.5));
#9435 = CARTESIAN_POINT('',(9.142078716868,1.500000000001));
#9436 = CARTESIAN_POINT('',(9.757326810376,1.5));
#9437 = CARTESIAN_POINT('',(10.376633951791,1.5));
#9438 = CARTESIAN_POINT('',(11.,1.5));
#9439 = ( GEOMETRIC_REPRESENTATION_CONTEXT(2) 
PARAMETRIC_REPRESENTATION_CONTEXT() REPRESENTATION_CONTEXT('2D SPACE',''
  ) );
#9440 = PCURVE('',#9441,#9481);
#9441 = ( BOUNDED_SURFACE() B_SPLINE_SURFACE(2,12,(
    (#9442,#9443,#9444,#9445,#9446,#9447,#9448,#9449,#9450,#9451,#9452
      ,#9453,#9454)
    ,(#9455,#9456,#9457,#9458,#9459,#9460,#9461,#9462,#9463,#9464,#9465
      ,#9466,#9467)
    ,(#9468,#9469,#9470,#9471,#9472,#9473,#9474,#9475,#9476,#9477,#9478
      ,#9479,#9480
)),.UNSPECIFIED.,.F.,.F.,.F.) B_SPLINE_SURFACE_WITH_KNOTS((3,3),(13,13),
  (0.,6.099701369419),(120.56612422363,126.66582559305),
.PIECEWISE_BEZIER_KNOTS.) GEOMETRIC_REPRESENTATION_ITEM() 
RATIONAL_B_SPLINE_SURFACE((
    (1.,1.,0.999999999999,1.000000000001,0.999999999997,1.000000000004
      ,0.999999999995,1.000000000004,0.999999999997,1.000000000001
      ,0.999999999999,1.,1.)
    ,(0.707106781187,0.707106781187,0.707106781186,0.707106781188
      ,0.707106781184,0.70710678119,0.707106781183,0.70710678119
      ,0.707106781184,0.707106781188,0.707106781186,0.707106781187
      ,0.707106781187)
    ,(1.,1.,0.999999999999,1.000000000001,0.999999999997,1.000000000004
      ,0.999999999995,1.000000000004,0.999999999997,1.000000000001
,0.999999999999,1.,1.))) REPRESENTATION_ITEM('') SURFACE() );
#9442 = CARTESIAN_POINT('',(95.24210318964,27.521276132377,1.5));
#9443 = CARTESIAN_POINT('',(95.296595900955,27.050497953501,1.5));
#9444 = CARTESIAN_POINT('',(95.411200541165,26.568813161891,1.5));
#9445 = CARTESIAN_POINT('',(95.591968663849,26.087687649331,1.5));
#9446 = CARTESIAN_POINT('',(95.841556552221,25.620036278089,1.5));
#9447 = CARTESIAN_POINT('',(96.16168622706,25.182608366257,1.5));
#9448 = CARTESIAN_POINT('',(96.540586864422,24.790489129016,1.5));
#9449 = CARTESIAN_POINT('',(96.977812698505,24.455265512233,1.5));
#9450 = CARTESIAN_POINT('',(97.446763927617,24.190232240738,1.5));
#9451 = CARTESIAN_POINT('',(97.940751390145,23.994973744118,1.5));
#9452 = CARTESIAN_POINT('',(98.439294179312,23.870995720901,1.5));
#9453 = CARTESIAN_POINT('',(98.931006932382,23.812499999995,1.5));
#9454 = CARTESIAN_POINT('',(99.404933904358,23.812499999995,1.5));
#9455 = CARTESIAN_POINT('',(95.24210318964,27.521276132377,4.4E-16));
#9456 = CARTESIAN_POINT('',(95.296595900956,27.050497953501,2.78E-15));
#9457 = CARTESIAN_POINT('',(95.411200541165,26.568813161891,-8.88E-15));
#9458 = CARTESIAN_POINT('',(95.591968663847,26.087687649332,1.588E-14));
#9459 = CARTESIAN_POINT('',(95.841556552228,25.620036278088,-1.077E-14)
  );
#9460 = CARTESIAN_POINT('',(96.161686227045,25.18260836626,-6.88E-15));
#9461 = CARTESIAN_POINT('',(96.540586864439,24.790489129012,2.931E-14));
#9462 = CARTESIAN_POINT('',(96.977812698491,24.455265512237,-3.83E-14));
#9463 = CARTESIAN_POINT('',(97.446763927625,24.190232240735,2.709E-14));
#9464 = CARTESIAN_POINT('',(97.940751390143,23.99497374412,-6.22E-15));
#9465 = CARTESIAN_POINT('',(98.439294179312,23.8709957209,-3.55E-15));
#9466 = CARTESIAN_POINT('',(98.931006932382,23.812499999995,3.55E-15));
#9467 = CARTESIAN_POINT('',(99.404933904358,23.812499999995,4.4E-16));
#9468 = CARTESIAN_POINT('',(96.732154450093,27.693750018003,0.));
#9469 = CARTESIAN_POINT('',(96.767142082564,27.391481797672,2.89E-15));
#9470 = CARTESIAN_POINT('',(96.840618788439,27.082271219984,-1.288E-14)
  );
#9471 = CARTESIAN_POINT('',(96.957491372513,26.772822070992,2.942E-14));
#9472 = CARTESIAN_POINT('',(97.114822512502,26.474741916865,-4.441E-14)
  );
#9473 = CARTESIAN_POINT('',(97.326711494116,26.188821736846,3.697E-14));
#9474 = CARTESIAN_POINT('',(97.561066725135,25.944528552414,1.67E-15));
#9475 = CARTESIAN_POINT('',(97.849943985878,25.722070522343,-4.574E-14)
  );
#9476 = CARTESIAN_POINT('',(98.146400850164,25.556469257676,6.195E-14));
#9477 = CARTESIAN_POINT('',(98.465022869059,25.429282071109,-4.452E-14)
  );
#9478 = CARTESIAN_POINT('',(98.784944286486,25.350103356222,1.854E-14));
#9479 = CARTESIAN_POINT('',(99.100645672228,25.312499997943,-4.E-15));
#9480 = CARTESIAN_POINT('',(99.404933922501,25.312499999995,0.));
#9481 = DEFINITIONAL_REPRESENTATION('',(#9482),#9486);
#9482 = LINE('',#9483,#9484);
#9483 = CARTESIAN_POINT('',(0.,0.));
#9484 = VECTOR('',#9485,1.);
#9485 = DIRECTION('',(0.,1.));
#9486 = ( GEOMETRIC_REPRESENTATION_CONTEXT(2) 
PARAMETRIC_REPRESENTATION_CONTEXT() REPRESENTATION_CONTEXT('2D SPACE',''
  ) );
#9487 = ORIENTED_EDGE('',*,*,#9488,.T.);
#9488 = EDGE_CURVE('',#9401,#4180,#9489,.T.);
#9489 = SURFACE_CURVE('',#9490,(#9496,#9503),.PCURVE_S1.);
#9490 = B_SPLINE_CURVE_WITH_KNOTS('',2,(#9491,#9492,#9493,#9494,#9495),
  .UNSPECIFIED.,.F.,.F.,(3,1,1,3),(-0.6732,2.44E-14,11.,11.6732),
  .UNSPECIFIED.);
#9491 = CARTESIAN_POINT('',(99.404933904358,23.812499999995,-0.6732));
#9492 = CARTESIAN_POINT('',(99.404933904358,23.812499999995,-0.3366));
#9493 = CARTESIAN_POINT('',(99.404933904358,23.812499999995,5.5));
#9494 = CARTESIAN_POINT('',(99.404933904358,23.812499999995,11.3366));
#9495 = CARTESIAN_POINT('',(99.404933904358,23.812499999995,11.6732));
#9496 = PCURVE('',#4205,#9497);
#9497 = DEFINITIONAL_REPRESENTATION('',(#9498),#9502);
#9498 = LINE('',#9499,#9500);
#9499 = CARTESIAN_POINT('',(11.,0.));
#9500 = VECTOR('',#9501,1.);
#9501 = DIRECTION('',(0.,1.));
#9502 = ( GEOMETRIC_REPRESENTATION_CONTEXT(2) 
PARAMETRIC_REPRESENTATION_CONTEXT() REPRESENTATION_CONTEXT('2D SPACE',''
  ) );
#9503 = PCURVE('',#4347,#9504);
#9504 = DEFINITIONAL_REPRESENTATION('',(#9505),#9511);
#9505 = B_SPLINE_CURVE_WITH_KNOTS('',2,(#9506,#9507,#9508,#9509,#9510),
  .UNSPECIFIED.,.F.,.F.,(3,1,1,3),(-0.6732,2.44E-14,11.,11.6732),
  .UNSPECIFIED.);
#9506 = CARTESIAN_POINT('',(4.154933904358,0.6732));
#9507 = CARTESIAN_POINT('',(4.154933904358,0.3366));
#9508 = CARTESIAN_POINT('',(4.154933904358,-5.5));
#9509 = CARTESIAN_POINT('',(4.154933904358,-11.3366));
#9510 = CARTESIAN_POINT('',(4.154933904358,-11.6732));
#9511 = ( GEOMETRIC_REPRESENTATION_CONTEXT(2) 
PARAMETRIC_REPRESENTATION_CONTEXT() REPRESENTATION_CONTEXT('2D SPACE',''
  ) );
#9512 = ORIENTED_EDGE('',*,*,#4179,.F.);
#9513 = ADVANCED_FACE('',(#9514),#4313,.F.);
#9514 = FACE_BOUND('',#9515,.F.);
#9515 = EDGE_LOOP('',(#9516,#9539,#9540,#9541));
#9516 = ORIENTED_EDGE('',*,*,#9517,.T.);
#9517 = EDGE_CURVE('',#9518,#4276,#9520,.T.);
#9518 = VERTEX_POINT('',#9519);
#9519 = CARTESIAN_POINT('',(4.190625,0.,1.5));
#9520 = SURFACE_CURVE('',#9521,(#9525,#9532),.PCURVE_S1.);
#9521 = LINE('',#9522,#9523);
#9522 = CARTESIAN_POINT('',(4.190625,-8.9E-16,0.));
#9523 = VECTOR('',#9524,1.);
#9524 = DIRECTION('',(0.,0.,1.));
#9525 = PCURVE('',#4313,#9526);
#9526 = DEFINITIONAL_REPRESENTATION('',(#9527),#9531);
#9527 = LINE('',#9528,#9529);
#9528 = CARTESIAN_POINT('',(4.190625,0.));
#9529 = VECTOR('',#9530,1.);
#9530 = DIRECTION('',(0.,-1.));
#9531 = ( GEOMETRIC_REPRESENTATION_CONTEXT(2) 
PARAMETRIC_REPRESENTATION_CONTEXT() REPRESENTATION_CONTEXT('2D SPACE',''
  ) );
#9532 = PCURVE('',#4426,#9533);
#9533 = DEFINITIONAL_REPRESENTATION('',(#9534),#9538);
#9534 = LINE('',#9535,#9536);
#9535 = CARTESIAN_POINT('',(-0.,0.));
#9536 = VECTOR('',#9537,1.);
#9537 = DIRECTION('',(-0.,1.));
#9538 = ( GEOMETRIC_REPRESENTATION_CONTEXT(2) 
PARAMETRIC_REPRESENTATION_CONTEXT() REPRESENTATION_CONTEXT('2D SPACE',''
  ) );
#9539 = ORIENTED_EDGE('',*,*,#4299,.T.);
#9540 = ORIENTED_EDGE('',*,*,#9370,.F.);
#9541 = ORIENTED_EDGE('',*,*,#9542,.F.);
#9542 = EDGE_CURVE('',#9518,#9283,#9543,.T.);
#9543 = SURFACE_CURVE('',#9544,(#9548,#9555),.PCURVE_S1.);
#9544 = LINE('',#9545,#9546);
#9545 = CARTESIAN_POINT('',(4.190625,-2.2E-16,1.5));
#9546 = VECTOR('',#9547,1.);
#9547 = DIRECTION('',(1.,0.,0.));
#9548 = PCURVE('',#4313,#9549);
#9549 = DEFINITIONAL_REPRESENTATION('',(#9550),#9554);
#9550 = LINE('',#9551,#9552);
#9551 = CARTESIAN_POINT('',(4.190625,-1.5));
#9552 = VECTOR('',#9553,1.);
#9553 = DIRECTION('',(1.,0.));
#9554 = ( GEOMETRIC_REPRESENTATION_CONTEXT(2) 
PARAMETRIC_REPRESENTATION_CONTEXT() REPRESENTATION_CONTEXT('2D SPACE',''
  ) );
#9555 = PCURVE('',#9556,#9561);
#9556 = CYLINDRICAL_SURFACE('',#9557,1.5);
#9557 = AXIS2_PLACEMENT_3D('',#9558,#9559,#9560);
#9558 = CARTESIAN_POINT('',(4.190625,1.5,1.5));
#9559 = DIRECTION('',(1.,0.,0.));
#9560 = DIRECTION('',(0.,-1.,0.));
#9561 = DEFINITIONAL_REPRESENTATION('',(#9562),#9566);
#9562 = LINE('',#9563,#9564);
#9563 = CARTESIAN_POINT('',(0.,0.));
#9564 = VECTOR('',#9565,1.);
#9565 = DIRECTION('',(0.,1.));
#9566 = ( GEOMETRIC_REPRESENTATION_CONTEXT(2) 
PARAMETRIC_REPRESENTATION_CONTEXT() REPRESENTATION_CONTEXT('2D SPACE',''
  ) );
#9567 = ADVANCED_FACE('',(#9568),#4347,.F.);
#9568 = FACE_BOUND('',#9569,.F.);
#9569 = EDGE_LOOP('',(#9570,#9571,#9572,#9595));
#9570 = ORIENTED_EDGE('',*,*,#9488,.T.);
#9571 = ORIENTED_EDGE('',*,*,#4331,.T.);
#9572 = ORIENTED_EDGE('',*,*,#9573,.F.);
#9573 = EDGE_CURVE('',#9574,#4332,#9576,.T.);
#9574 = VERTEX_POINT('',#9575);
#9575 = CARTESIAN_POINT('',(120.490625,23.812499999995,1.5));
#9576 = SURFACE_CURVE('',#9577,(#9581,#9588),.PCURVE_S1.);
#9577 = LINE('',#9578,#9579);
#9578 = CARTESIAN_POINT('',(120.490625,23.812499999995,0.));
#9579 = VECTOR('',#9580,1.);
#9580 = DIRECTION('',(0.,0.,1.));
#9581 = PCURVE('',#4347,#9582);
#9582 = DEFINITIONAL_REPRESENTATION('',(#9583),#9587);
#9583 = LINE('',#9584,#9585);
#9584 = CARTESIAN_POINT('',(25.240625,0.));
#9585 = VECTOR('',#9586,1.);
#9586 = DIRECTION('',(0.,-1.));
#9587 = ( GEOMETRIC_REPRESENTATION_CONTEXT(2) 
PARAMETRIC_REPRESENTATION_CONTEXT() REPRESENTATION_CONTEXT('2D SPACE',''
  ) );
#9588 = PCURVE('',#4482,#9589);
#9589 = DEFINITIONAL_REPRESENTATION('',(#9590),#9594);
#9590 = LINE('',#9591,#9592);
#9591 = CARTESIAN_POINT('',(0.,0.));
#9592 = VECTOR('',#9593,1.);
#9593 = DIRECTION('',(0.,1.));
#9594 = ( GEOMETRIC_REPRESENTATION_CONTEXT(2) 
PARAMETRIC_REPRESENTATION_CONTEXT() REPRESENTATION_CONTEXT('2D SPACE',''
  ) );
#9595 = ORIENTED_EDGE('',*,*,#9596,.F.);
#9596 = EDGE_CURVE('',#9401,#9574,#9597,.T.);
#9597 = SURFACE_CURVE('',#9598,(#9602,#9609),.PCURVE_S1.);
#9598 = LINE('',#9599,#9600);
#9599 = CARTESIAN_POINT('',(99.404933904358,23.812499999995,1.5));
#9600 = VECTOR('',#9601,1.);
#9601 = DIRECTION('',(1.,0.,0.));
#9602 = PCURVE('',#4347,#9603);
#9603 = DEFINITIONAL_REPRESENTATION('',(#9604),#9608);
#9604 = LINE('',#9605,#9606);
#9605 = CARTESIAN_POINT('',(4.154933904358,-1.5));
#9606 = VECTOR('',#9607,1.);
#9607 = DIRECTION('',(1.,0.));
#9608 = ( GEOMETRIC_REPRESENTATION_CONTEXT(2) 
PARAMETRIC_REPRESENTATION_CONTEXT() REPRESENTATION_CONTEXT('2D SPACE',''
  ) );
#9609 = PCURVE('',#9610,#9615);
#9610 = CYLINDRICAL_SURFACE('',#9611,1.5);
#9611 = AXIS2_PLACEMENT_3D('',#9612,#9613,#9614);
#9612 = CARTESIAN_POINT('',(99.404933904358,25.312499999995,1.5));
#9613 = DIRECTION('',(1.,0.,0.));
#9614 = DIRECTION('',(0.,-1.,0.));
#9615 = DEFINITIONAL_REPRESENTATION('',(#9616),#9620);
#9616 = LINE('',#9617,#9618);
#9617 = CARTESIAN_POINT('',(0.,0.));
#9618 = VECTOR('',#9619,1.);
#9619 = DIRECTION('',(0.,1.));
#9620 = ( GEOMETRIC_REPRESENTATION_CONTEXT(2) 
PARAMETRIC_REPRESENTATION_CONTEXT() REPRESENTATION_CONTEXT('2D SPACE',''
  ) );
#9621 = ADVANCED_FACE('',(#9622),#4426,.T.);
#9622 = FACE_BOUND('',#9623,.F.);
#9623 = EDGE_LOOP('',(#9624,#9625,#9654,#9675));
#9624 = ORIENTED_EDGE('',*,*,#9517,.F.);
#9625 = ORIENTED_EDGE('',*,*,#9626,.F.);
#9626 = EDGE_CURVE('',#9627,#9518,#9629,.T.);
#9627 = VERTEX_POINT('',#9628);
#9628 = CARTESIAN_POINT('',(0.,4.190625,1.5));
#9629 = SURFACE_CURVE('',#9630,(#9635,#9642),.PCURVE_S1.);
#9630 = CIRCLE('',#9631,4.190625);
#9631 = AXIS2_PLACEMENT_3D('',#9632,#9633,#9634);
#9632 = CARTESIAN_POINT('',(4.190625,4.190625,1.5));
#9633 = DIRECTION('',(0.,0.,1.));
#9634 = DIRECTION('',(-1.,4.2E-16,0.));
#9635 = PCURVE('',#4426,#9636);
#9636 = DEFINITIONAL_REPRESENTATION('',(#9637),#9641);
#9637 = LINE('',#9638,#9639);
#9638 = CARTESIAN_POINT('',(-1.570796326795,1.5));
#9639 = VECTOR('',#9640,1.);
#9640 = DIRECTION('',(1.,-0.));
#9641 = ( GEOMETRIC_REPRESENTATION_CONTEXT(2) 
PARAMETRIC_REPRESENTATION_CONTEXT() REPRESENTATION_CONTEXT('2D SPACE',''
  ) );
#9642 = PCURVE('',#9643,#9648);
#9643 = TOROIDAL_SURFACE('',#9644,2.690625,1.5);
#9644 = AXIS2_PLACEMENT_3D('',#9645,#9646,#9647);
#9645 = CARTESIAN_POINT('',(4.190625,4.190625,1.5));
#9646 = DIRECTION('',(-0.,-0.,-1.));
#9647 = DIRECTION('',(-1.,4.2E-16,0.));
#9648 = DEFINITIONAL_REPRESENTATION('',(#9649),#9653);
#9649 = LINE('',#9650,#9651);
#9650 = CARTESIAN_POINT('',(-0.,0.));
#9651 = VECTOR('',#9652,1.);
#9652 = DIRECTION('',(-1.,0.));
#9653 = ( GEOMETRIC_REPRESENTATION_CONTEXT(2) 
PARAMETRIC_REPRESENTATION_CONTEXT() REPRESENTATION_CONTEXT('2D SPACE',''
  ) );
#9654 = ORIENTED_EDGE('',*,*,#9655,.T.);
#9655 = EDGE_CURVE('',#9627,#4386,#9656,.T.);
#9656 = SURFACE_CURVE('',#9657,(#9661,#9668),.PCURVE_S1.);
#9657 = LINE('',#9658,#9659);
#9658 = CARTESIAN_POINT('',(-8.9E-16,4.190625,0.));
#9659 = VECTOR('',#9660,1.);
#9660 = DIRECTION('',(0.,0.,1.));
#9661 = PCURVE('',#4426,#9662);
#9662 = DEFINITIONAL_REPRESENTATION('',(#9663),#9667);
#9663 = LINE('',#9664,#9665);
#9664 = CARTESIAN_POINT('',(-1.570796326795,0.));
#9665 = VECTOR('',#9666,1.);
#9666 = DIRECTION('',(-0.,1.));
#9667 = ( GEOMETRIC_REPRESENTATION_CONTEXT(2) 
PARAMETRIC_REPRESENTATION_CONTEXT() REPRESENTATION_CONTEXT('2D SPACE',''
  ) );
#9668 = PCURVE('',#4535,#9669);
#9669 = DEFINITIONAL_REPRESENTATION('',(#9670),#9674);
#9670 = LINE('',#9671,#9672);
#9671 = CARTESIAN_POINT('',(80.009375,0.));
#9672 = VECTOR('',#9673,1.);
#9673 = DIRECTION('',(0.,-1.));
#9674 = ( GEOMETRIC_REPRESENTATION_CONTEXT(2) 
PARAMETRIC_REPRESENTATION_CONTEXT() REPRESENTATION_CONTEXT('2D SPACE',''
  ) );
#9675 = ORIENTED_EDGE('',*,*,#4411,.T.);
#9676 = ADVANCED_FACE('',(#9677),#4482,.T.);
#9677 = FACE_BOUND('',#9678,.T.);
#9678 = EDGE_LOOP('',(#9679,#9680,#9709,#9730));
#9679 = ORIENTED_EDGE('',*,*,#9573,.F.);
#9680 = ORIENTED_EDGE('',*,*,#9681,.T.);
#9681 = EDGE_CURVE('',#9574,#9682,#9684,.T.);
#9682 = VERTEX_POINT('',#9683);
#9683 = CARTESIAN_POINT('',(124.68125,28.003124999995,1.5));
#9684 = SURFACE_CURVE('',#9685,(#9690,#9697),.PCURVE_S1.);
#9685 = CIRCLE('',#9686,4.190625);
#9686 = AXIS2_PLACEMENT_3D('',#9687,#9688,#9689);
#9687 = CARTESIAN_POINT('',(120.490625,28.003124999995,1.5));
#9688 = DIRECTION('',(-0.,0.,1.));
#9689 = DIRECTION('',(0.,-1.,0.));
#9690 = PCURVE('',#4482,#9691);
#9691 = DEFINITIONAL_REPRESENTATION('',(#9692),#9696);
#9692 = LINE('',#9693,#9694);
#9693 = CARTESIAN_POINT('',(0.,1.5));
#9694 = VECTOR('',#9695,1.);
#9695 = DIRECTION('',(1.,0.));
#9696 = ( GEOMETRIC_REPRESENTATION_CONTEXT(2) 
PARAMETRIC_REPRESENTATION_CONTEXT() REPRESENTATION_CONTEXT('2D SPACE',''
  ) );
#9697 = PCURVE('',#9698,#9703);
#9698 = TOROIDAL_SURFACE('',#9699,2.690625,1.5);
#9699 = AXIS2_PLACEMENT_3D('',#9700,#9701,#9702);
#9700 = CARTESIAN_POINT('',(120.490625,28.003124999995,1.5));
#9701 = DIRECTION('',(-0.,-0.,-1.));
#9702 = DIRECTION('',(0.,-1.,0.));
#9703 = DEFINITIONAL_REPRESENTATION('',(#9704),#9708);
#9704 = LINE('',#9705,#9706);
#9705 = CARTESIAN_POINT('',(-0.,0.));
#9706 = VECTOR('',#9707,1.);
#9707 = DIRECTION('',(-1.,0.));
#9708 = ( GEOMETRIC_REPRESENTATION_CONTEXT(2) 
PARAMETRIC_REPRESENTATION_CONTEXT() REPRESENTATION_CONTEXT('2D SPACE',''
  ) );
#9709 = ORIENTED_EDGE('',*,*,#9710,.T.);
#9710 = EDGE_CURVE('',#9682,#4444,#9711,.T.);
#9711 = SURFACE_CURVE('',#9712,(#9716,#9723),.PCURVE_S1.);
#9712 = LINE('',#9713,#9714);
#9713 = CARTESIAN_POINT('',(124.68125,28.003124999995,0.));
#9714 = VECTOR('',#9715,1.);
#9715 = DIRECTION('',(0.,0.,1.));
#9716 = PCURVE('',#4482,#9717);
#9717 = DEFINITIONAL_REPRESENTATION('',(#9718),#9722);
#9718 = LINE('',#9719,#9720);
#9719 = CARTESIAN_POINT('',(1.570796326795,0.));
#9720 = VECTOR('',#9721,1.);
#9721 = DIRECTION('',(0.,1.));
#9722 = ( GEOMETRIC_REPRESENTATION_CONTEXT(2) 
PARAMETRIC_REPRESENTATION_CONTEXT() REPRESENTATION_CONTEXT('2D SPACE',''
  ) );
#9723 = PCURVE('',#4569,#9724);
#9724 = DEFINITIONAL_REPRESENTATION('',(#9725),#9729);
#9725 = LINE('',#9726,#9727);
#9726 = CARTESIAN_POINT('',(4.190625,0.));
#9727 = VECTOR('',#9728,1.);
#9728 = DIRECTION('',(0.,-1.));
#9729 = ( GEOMETRIC_REPRESENTATION_CONTEXT(2) 
PARAMETRIC_REPRESENTATION_CONTEXT() REPRESENTATION_CONTEXT('2D SPACE',''
  ) );
#9730 = ORIENTED_EDGE('',*,*,#4467,.F.);
#9731 = ADVANCED_FACE('',(#9732),#4535,.F.);
#9732 = FACE_BOUND('',#9733,.F.);
#9733 = EDGE_LOOP('',(#9734,#9757,#9758,#9759));
#9734 = ORIENTED_EDGE('',*,*,#9735,.T.);
#9735 = EDGE_CURVE('',#9736,#4498,#9738,.T.);
#9736 = VERTEX_POINT('',#9737);
#9737 = CARTESIAN_POINT('',(-3.E-15,80.009375,1.5));
#9738 = SURFACE_CURVE('',#9739,(#9743,#9750),.PCURVE_S1.);
#9739 = LINE('',#9740,#9741);
#9740 = CARTESIAN_POINT('',(-8.9E-16,80.009375,0.));
#9741 = VECTOR('',#9742,1.);
#9742 = DIRECTION('',(0.,0.,1.));
#9743 = PCURVE('',#4535,#9744);
#9744 = DEFINITIONAL_REPRESENTATION('',(#9745),#9749);
#9745 = LINE('',#9746,#9747);
#9746 = CARTESIAN_POINT('',(4.190625,0.));
#9747 = VECTOR('',#9748,1.);
#9748 = DIRECTION('',(0.,-1.));
#9749 = ( GEOMETRIC_REPRESENTATION_CONTEXT(2) 
PARAMETRIC_REPRESENTATION_CONTEXT() REPRESENTATION_CONTEXT('2D SPACE',''
  ) );
#9750 = PCURVE('',#4648,#9751);
#9751 = DEFINITIONAL_REPRESENTATION('',(#9752),#9756);
#9752 = LINE('',#9753,#9754);
#9753 = CARTESIAN_POINT('',(-0.,0.));
#9754 = VECTOR('',#9755,1.);
#9755 = DIRECTION('',(-0.,1.));
#9756 = ( GEOMETRIC_REPRESENTATION_CONTEXT(2) 
PARAMETRIC_REPRESENTATION_CONTEXT() REPRESENTATION_CONTEXT('2D SPACE',''
  ) );
#9757 = ORIENTED_EDGE('',*,*,#4521,.T.);
#9758 = ORIENTED_EDGE('',*,*,#9655,.F.);
#9759 = ORIENTED_EDGE('',*,*,#9760,.F.);
#9760 = EDGE_CURVE('',#9736,#9627,#9761,.T.);
#9761 = SURFACE_CURVE('',#9762,(#9766,#9773),.PCURVE_S1.);
#9762 = LINE('',#9763,#9764);
#9763 = CARTESIAN_POINT('',(-2.2E-16,80.009375,1.5));
#9764 = VECTOR('',#9765,1.);
#9765 = DIRECTION('',(0.,-1.,0.));
#9766 = PCURVE('',#4535,#9767);
#9767 = DEFINITIONAL_REPRESENTATION('',(#9768),#9772);
#9768 = LINE('',#9769,#9770);
#9769 = CARTESIAN_POINT('',(4.190625,-1.5));
#9770 = VECTOR('',#9771,1.);
#9771 = DIRECTION('',(1.,0.));
#9772 = ( GEOMETRIC_REPRESENTATION_CONTEXT(2) 
PARAMETRIC_REPRESENTATION_CONTEXT() REPRESENTATION_CONTEXT('2D SPACE',''
  ) );
#9773 = PCURVE('',#9774,#9779);
#9774 = CYLINDRICAL_SURFACE('',#9775,1.5);
#9775 = AXIS2_PLACEMENT_3D('',#9776,#9777,#9778);
#9776 = CARTESIAN_POINT('',(1.5,80.009375,1.5));
#9777 = DIRECTION('',(0.,-1.,0.));
#9778 = DIRECTION('',(-1.,0.,0.));
#9779 = DEFINITIONAL_REPRESENTATION('',(#9780),#9784);
#9780 = LINE('',#9781,#9782);
#9781 = CARTESIAN_POINT('',(0.,0.));
#9782 = VECTOR('',#9783,1.);
#9783 = DIRECTION('',(0.,1.));
#9784 = ( GEOMETRIC_REPRESENTATION_CONTEXT(2) 
PARAMETRIC_REPRESENTATION_CONTEXT() REPRESENTATION_CONTEXT('2D SPACE',''
  ) );
#9785 = ADVANCED_FACE('',(#9786),#4569,.F.);
#9786 = FACE_BOUND('',#9787,.F.);
#9787 = EDGE_LOOP('',(#9788,#9789,#9790,#9813));
#9788 = ORIENTED_EDGE('',*,*,#9710,.T.);
#9789 = ORIENTED_EDGE('',*,*,#4553,.T.);
#9790 = ORIENTED_EDGE('',*,*,#9791,.F.);
#9791 = EDGE_CURVE('',#9792,#4554,#9794,.T.);
#9792 = VERTEX_POINT('',#9793);
#9793 = CARTESIAN_POINT('',(124.68125,84.771874999995,1.5));
#9794 = SURFACE_CURVE('',#9795,(#9799,#9806),.PCURVE_S1.);
#9795 = LINE('',#9796,#9797);
#9796 = CARTESIAN_POINT('',(124.68125,84.771874999995,0.));
#9797 = VECTOR('',#9798,1.);
#9798 = DIRECTION('',(0.,0.,1.));
#9799 = PCURVE('',#4569,#9800);
#9800 = DEFINITIONAL_REPRESENTATION('',(#9801),#9805);
#9801 = LINE('',#9802,#9803);
#9802 = CARTESIAN_POINT('',(60.959375,0.));
#9803 = VECTOR('',#9804,1.);
#9804 = DIRECTION('',(0.,-1.));
#9805 = ( GEOMETRIC_REPRESENTATION_CONTEXT(2) 
PARAMETRIC_REPRESENTATION_CONTEXT() REPRESENTATION_CONTEXT('2D SPACE',''
  ) );
#9806 = PCURVE('',#4704,#9807);
#9807 = DEFINITIONAL_REPRESENTATION('',(#9808),#9812);
#9808 = LINE('',#9809,#9810);
#9809 = CARTESIAN_POINT('',(0.,0.));
#9810 = VECTOR('',#9811,1.);
#9811 = DIRECTION('',(0.,1.));
#9812 = ( GEOMETRIC_REPRESENTATION_CONTEXT(2) 
PARAMETRIC_REPRESENTATION_CONTEXT() REPRESENTATION_CONTEXT('2D SPACE',''
  ) );
#9813 = ORIENTED_EDGE('',*,*,#9814,.F.);
#9814 = EDGE_CURVE('',#9682,#9792,#9815,.T.);
#9815 = SURFACE_CURVE('',#9816,(#9820,#9827),.PCURVE_S1.);
#9816 = LINE('',#9817,#9818);
#9817 = CARTESIAN_POINT('',(124.68125,28.003124999995,1.5));
#9818 = VECTOR('',#9819,1.);
#9819 = DIRECTION('',(0.,1.,0.));
#9820 = PCURVE('',#4569,#9821);
#9821 = DEFINITIONAL_REPRESENTATION('',(#9822),#9826);
#9822 = LINE('',#9823,#9824);
#9823 = CARTESIAN_POINT('',(4.190625,-1.5));
#9824 = VECTOR('',#9825,1.);
#9825 = DIRECTION('',(1.,0.));
#9826 = ( GEOMETRIC_REPRESENTATION_CONTEXT(2) 
PARAMETRIC_REPRESENTATION_CONTEXT() REPRESENTATION_CONTEXT('2D SPACE',''
  ) );
#9827 = PCURVE('',#9828,#9833);
#9828 = CYLINDRICAL_SURFACE('',#9829,1.5);
#9829 = AXIS2_PLACEMENT_3D('',#9830,#9831,#9832);
#9830 = CARTESIAN_POINT('',(123.18125,28.003124999995,1.5));
#9831 = DIRECTION('',(0.,1.,0.));
#9832 = DIRECTION('',(1.,0.,0.));
#9833 = DEFINITIONAL_REPRESENTATION('',(#9834),#9838);
#9834 = LINE('',#9835,#9836);
#9835 = CARTESIAN_POINT('',(0.,0.));
#9836 = VECTOR('',#9837,1.);
#9837 = DIRECTION('',(0.,1.));
#9838 = ( GEOMETRIC_REPRESENTATION_CONTEXT(2) 
PARAMETRIC_REPRESENTATION_CONTEXT() REPRESENTATION_CONTEXT('2D SPACE',''
  ) );
#9839 = ADVANCED_FACE('',(#9840),#4648,.T.);
#9840 = FACE_BOUND('',#9841,.F.);
#9841 = EDGE_LOOP('',(#9842,#9843,#9872,#9893));
#9842 = ORIENTED_EDGE('',*,*,#9735,.F.);
#9843 = ORIENTED_EDGE('',*,*,#9844,.F.);
#9844 = EDGE_CURVE('',#9845,#9736,#9847,.T.);
#9845 = VERTEX_POINT('',#9846);
#9846 = CARTESIAN_POINT('',(4.190625,84.2,1.5));
#9847 = SURFACE_CURVE('',#9848,(#9853,#9860),.PCURVE_S1.);
#9848 = CIRCLE('',#9849,4.190625);
#9849 = AXIS2_PLACEMENT_3D('',#9850,#9851,#9852);
#9850 = CARTESIAN_POINT('',(4.190625,80.009375,1.5));
#9851 = DIRECTION('',(0.,-0.,1.));
#9852 = DIRECTION('',(2.1E-16,1.,0.));
#9853 = PCURVE('',#4648,#9854);
#9854 = DEFINITIONAL_REPRESENTATION('',(#9855),#9859);
#9855 = LINE('',#9856,#9857);
#9856 = CARTESIAN_POINT('',(-1.570796326795,1.5));
#9857 = VECTOR('',#9858,1.);
#9858 = DIRECTION('',(1.,-0.));
#9859 = ( GEOMETRIC_REPRESENTATION_CONTEXT(2) 
PARAMETRIC_REPRESENTATION_CONTEXT() REPRESENTATION_CONTEXT('2D SPACE',''
  ) );
#9860 = PCURVE('',#9861,#9866);
#9861 = TOROIDAL_SURFACE('',#9862,2.690625,1.5);
#9862 = AXIS2_PLACEMENT_3D('',#9863,#9864,#9865);
#9863 = CARTESIAN_POINT('',(4.190625,80.009375,1.5));
#9864 = DIRECTION('',(-0.,-0.,-1.));
#9865 = DIRECTION('',(2.1E-16,1.,0.));
#9866 = DEFINITIONAL_REPRESENTATION('',(#9867),#9871);
#9867 = LINE('',#9868,#9869);
#9868 = CARTESIAN_POINT('',(-0.,0.));
#9869 = VECTOR('',#9870,1.);
#9870 = DIRECTION('',(-1.,0.));
#9871 = ( GEOMETRIC_REPRESENTATION_CONTEXT(2) 
PARAMETRIC_REPRESENTATION_CONTEXT() REPRESENTATION_CONTEXT('2D SPACE',''
  ) );
#9872 = ORIENTED_EDGE('',*,*,#9873,.T.);
#9873 = EDGE_CURVE('',#9845,#4608,#9874,.T.);
#9874 = SURFACE_CURVE('',#9875,(#9879,#9886),.PCURVE_S1.);
#9875 = LINE('',#9876,#9877);
#9876 = CARTESIAN_POINT('',(4.190625,84.2,0.));
#9877 = VECTOR('',#9878,1.);
#9878 = DIRECTION('',(0.,0.,1.));
#9879 = PCURVE('',#4648,#9880);
#9880 = DEFINITIONAL_REPRESENTATION('',(#9881),#9885);
#9881 = LINE('',#9882,#9883);
#9882 = CARTESIAN_POINT('',(-1.570796326795,0.));
#9883 = VECTOR('',#9884,1.);
#9884 = DIRECTION('',(-0.,1.));
#9885 = ( GEOMETRIC_REPRESENTATION_CONTEXT(2) 
PARAMETRIC_REPRESENTATION_CONTEXT() REPRESENTATION_CONTEXT('2D SPACE',''
  ) );
#9886 = PCURVE('',#4757,#9887);
#9887 = DEFINITIONAL_REPRESENTATION('',(#9888),#9892);
#9888 = LINE('',#9889,#9890);
#9889 = CARTESIAN_POINT('',(14.859375,0.));
#9890 = VECTOR('',#9891,1.);
#9891 = DIRECTION('',(0.,-1.));
#9892 = ( GEOMETRIC_REPRESENTATION_CONTEXT(2) 
PARAMETRIC_REPRESENTATION_CONTEXT() REPRESENTATION_CONTEXT('2D SPACE',''
  ) );
#9893 = ORIENTED_EDGE('',*,*,#4633,.T.);
#9894 = ADVANCED_FACE('',(#9895),#4704,.T.);
#9895 = FACE_BOUND('',#9896,.T.);
#9896 = EDGE_LOOP('',(#9897,#9898,#9927,#9948));
#9897 = ORIENTED_EDGE('',*,*,#9791,.F.);
#9898 = ORIENTED_EDGE('',*,*,#9899,.T.);
#9899 = EDGE_CURVE('',#9792,#9900,#9902,.T.);
#9900 = VERTEX_POINT('',#9901);
#9901 = CARTESIAN_POINT('',(120.490625,88.962499999995,1.5));
#9902 = SURFACE_CURVE('',#9903,(#9908,#9915),.PCURVE_S1.);
#9903 = CIRCLE('',#9904,4.190625);
#9904 = AXIS2_PLACEMENT_3D('',#9905,#9906,#9907);
#9905 = CARTESIAN_POINT('',(120.490625,84.771874999995,1.5));
#9906 = DIRECTION('',(0.,0.,1.));
#9907 = DIRECTION('',(1.,0.,0.));
#9908 = PCURVE('',#4704,#9909);
#9909 = DEFINITIONAL_REPRESENTATION('',(#9910),#9914);
#9910 = LINE('',#9911,#9912);
#9911 = CARTESIAN_POINT('',(0.,1.5));
#9912 = VECTOR('',#9913,1.);
#9913 = DIRECTION('',(1.,0.));
#9914 = ( GEOMETRIC_REPRESENTATION_CONTEXT(2) 
PARAMETRIC_REPRESENTATION_CONTEXT() REPRESENTATION_CONTEXT('2D SPACE',''
  ) );
#9915 = PCURVE('',#9916,#9921);
#9916 = TOROIDAL_SURFACE('',#9917,2.690625,1.5);
#9917 = AXIS2_PLACEMENT_3D('',#9918,#9919,#9920);
#9918 = CARTESIAN_POINT('',(120.490625,84.771874999995,1.5));
#9919 = DIRECTION('',(-0.,-0.,-1.));
#9920 = DIRECTION('',(1.,0.,0.));
#9921 = DEFINITIONAL_REPRESENTATION('',(#9922),#9926);
#9922 = LINE('',#9923,#9924);
#9923 = CARTESIAN_POINT('',(-0.,0.));
#9924 = VECTOR('',#9925,1.);
#9925 = DIRECTION('',(-1.,0.));
#9926 = ( GEOMETRIC_REPRESENTATION_CONTEXT(2) 
PARAMETRIC_REPRESENTATION_CONTEXT() REPRESENTATION_CONTEXT('2D SPACE',''
  ) );
#9927 = ORIENTED_EDGE('',*,*,#9928,.T.);
#9928 = EDGE_CURVE('',#9900,#4666,#9929,.T.);
#9929 = SURFACE_CURVE('',#9930,(#9934,#9941),.PCURVE_S1.);
#9930 = LINE('',#9931,#9932);
#9931 = CARTESIAN_POINT('',(120.490625,88.962499999995,0.));
#9932 = VECTOR('',#9933,1.);
#9933 = DIRECTION('',(0.,0.,1.));
#9934 = PCURVE('',#4704,#9935);
#9935 = DEFINITIONAL_REPRESENTATION('',(#9936),#9940);
#9936 = LINE('',#9937,#9938);
#9937 = CARTESIAN_POINT('',(1.570796326795,0.));
#9938 = VECTOR('',#9939,1.);
#9939 = DIRECTION('',(0.,1.));
#9940 = ( GEOMETRIC_REPRESENTATION_CONTEXT(2) 
PARAMETRIC_REPRESENTATION_CONTEXT() REPRESENTATION_CONTEXT('2D SPACE',''
  ) );
#9941 = PCURVE('',#4791,#9942);
#9942 = DEFINITIONAL_REPRESENTATION('',(#9943),#9947);
#9943 = LINE('',#9944,#9945);
#9944 = CARTESIAN_POINT('',(4.190625,0.));
#9945 = VECTOR('',#9946,1.);
#9946 = DIRECTION('',(0.,-1.));
#9947 = ( GEOMETRIC_REPRESENTATION_CONTEXT(2) 
PARAMETRIC_REPRESENTATION_CONTEXT() REPRESENTATION_CONTEXT('2D SPACE',''
  ) );
#9948 = ORIENTED_EDGE('',*,*,#4689,.F.);
#9949 = ADVANCED_FACE('',(#9950),#4757,.F.);
#9950 = FACE_BOUND('',#9951,.F.);
#9951 = EDGE_LOOP('',(#9952,#9953,#9981,#10002));
#9952 = ORIENTED_EDGE('',*,*,#9873,.F.);
#9953 = ORIENTED_EDGE('',*,*,#9954,.F.);
#9954 = EDGE_CURVE('',#9955,#9845,#9957,.T.);
#9955 = VERTEX_POINT('',#9956);
#9956 = CARTESIAN_POINT('',(17.859375,84.2,1.5));
#9957 = SURFACE_CURVE('',#9958,(#9962,#9969),.PCURVE_S1.);
#9958 = LINE('',#9959,#9960);
#9959 = CARTESIAN_POINT('',(17.859375,84.2,1.5));
#9960 = VECTOR('',#9961,1.);
#9961 = DIRECTION('',(-1.,0.,0.));
#9962 = PCURVE('',#4757,#9963);
#9963 = DEFINITIONAL_REPRESENTATION('',(#9964),#9968);
#9964 = LINE('',#9965,#9966);
#9965 = CARTESIAN_POINT('',(1.190625,-1.5));
#9966 = VECTOR('',#9967,1.);
#9967 = DIRECTION('',(1.,0.));
#9968 = ( GEOMETRIC_REPRESENTATION_CONTEXT(2) 
PARAMETRIC_REPRESENTATION_CONTEXT() REPRESENTATION_CONTEXT('2D SPACE',''
  ) );
#9969 = PCURVE('',#9970,#9975);
#9970 = CYLINDRICAL_SURFACE('',#9971,1.5);
#9971 = AXIS2_PLACEMENT_3D('',#9972,#9973,#9974);
#9972 = CARTESIAN_POINT('',(17.859375,82.7,1.5));
#9973 = DIRECTION('',(-1.,0.,0.));
#9974 = DIRECTION('',(0.,1.,0.));
#9975 = DEFINITIONAL_REPRESENTATION('',(#9976),#9980);
#9976 = LINE('',#9977,#9978);
#9977 = CARTESIAN_POINT('',(0.,0.));
#9978 = VECTOR('',#9979,1.);
#9979 = DIRECTION('',(0.,1.));
#9980 = ( GEOMETRIC_REPRESENTATION_CONTEXT(2) 
PARAMETRIC_REPRESENTATION_CONTEXT() REPRESENTATION_CONTEXT('2D SPACE',''
  ) );
#9981 = ORIENTED_EDGE('',*,*,#9982,.T.);
#9982 = EDGE_CURVE('',#9955,#4720,#9983,.T.);
#9983 = SURFACE_CURVE('',#9984,(#9988,#9995),.PCURVE_S1.);
#9984 = LINE('',#9985,#9986);
#9985 = CARTESIAN_POINT('',(17.859375,84.2,0.));
#9986 = VECTOR('',#9987,1.);
#9987 = DIRECTION('',(0.,0.,1.));
#9988 = PCURVE('',#4757,#9989);
#9989 = DEFINITIONAL_REPRESENTATION('',(#9990),#9994);
#9990 = LINE('',#9991,#9992);
#9991 = CARTESIAN_POINT('',(1.190625,0.));
#9992 = VECTOR('',#9993,1.);
#9993 = DIRECTION('',(0.,-1.));
#9994 = ( GEOMETRIC_REPRESENTATION_CONTEXT(2) 
PARAMETRIC_REPRESENTATION_CONTEXT() REPRESENTATION_CONTEXT('2D SPACE',''
  ) );
#9995 = PCURVE('',#4876,#9996);
#9996 = DEFINITIONAL_REPRESENTATION('',(#9997),#10001);
#9997 = LINE('',#9998,#9999);
#9998 = CARTESIAN_POINT('',(0.,0.));
#9999 = VECTOR('',#10000,1.);
#10000 = DIRECTION('',(0.,1.));
#10001 = ( GEOMETRIC_REPRESENTATION_CONTEXT(2) 
PARAMETRIC_REPRESENTATION_CONTEXT() REPRESENTATION_CONTEXT('2D SPACE',''
  ) );
#10002 = ORIENTED_EDGE('',*,*,#4743,.T.);
#10003 = ADVANCED_FACE('',(#10004),#4791,.F.);
#10004 = FACE_BOUND('',#10005,.F.);
#10005 = EDGE_LOOP('',(#10006,#10007,#10008,#10031));
#10006 = ORIENTED_EDGE('',*,*,#9928,.T.);
#10007 = ORIENTED_EDGE('',*,*,#4775,.T.);
#10008 = ORIENTED_EDGE('',*,*,#10009,.F.);
#10009 = EDGE_CURVE('',#10010,#4776,#10012,.T.);
#10010 = VERTEX_POINT('',#10011);
#10011 = CARTESIAN_POINT('',(104.440625,88.962499999995,1.5));
#10012 = SURFACE_CURVE('',#10013,(#10017,#10024),.PCURVE_S1.);
#10013 = LINE('',#10014,#10015);
#10014 = CARTESIAN_POINT('',(104.440625,88.962499999995,0.));
#10015 = VECTOR('',#10016,1.);
#10016 = DIRECTION('',(0.,0.,1.));
#10017 = PCURVE('',#4791,#10018);
#10018 = DEFINITIONAL_REPRESENTATION('',(#10019),#10023);
#10019 = LINE('',#10020,#10021);
#10020 = CARTESIAN_POINT('',(20.240625,0.));
#10021 = VECTOR('',#10022,1.);
#10022 = DIRECTION('',(0.,-1.));
#10023 = ( GEOMETRIC_REPRESENTATION_CONTEXT(2) 
PARAMETRIC_REPRESENTATION_CONTEXT() REPRESENTATION_CONTEXT('2D SPACE',''
  ) );
#10024 = PCURVE('',#4967,#10025);
#10025 = DEFINITIONAL_REPRESENTATION('',(#10026),#10030);
#10026 = LINE('',#10027,#10028);
#10027 = CARTESIAN_POINT('',(1.570796326795,0.));
#10028 = VECTOR('',#10029,1.);
#10029 = DIRECTION('',(0.,1.));
#10030 = ( GEOMETRIC_REPRESENTATION_CONTEXT(2) 
PARAMETRIC_REPRESENTATION_CONTEXT() REPRESENTATION_CONTEXT('2D SPACE',''
  ) );
#10031 = ORIENTED_EDGE('',*,*,#10032,.F.);
#10032 = EDGE_CURVE('',#9900,#10010,#10033,.T.);
#10033 = SURFACE_CURVE('',#10034,(#10038,#10045),.PCURVE_S1.);
#10034 = LINE('',#10035,#10036);
#10035 = CARTESIAN_POINT('',(120.490625,88.962499999995,1.5));
#10036 = VECTOR('',#10037,1.);
#10037 = DIRECTION('',(-1.,0.,0.));
#10038 = PCURVE('',#4791,#10039);
#10039 = DEFINITIONAL_REPRESENTATION('',(#10040),#10044);
#10040 = LINE('',#10041,#10042);
#10041 = CARTESIAN_POINT('',(4.190625,-1.5));
#10042 = VECTOR('',#10043,1.);
#10043 = DIRECTION('',(1.,0.));
#10044 = ( GEOMETRIC_REPRESENTATION_CONTEXT(2) 
PARAMETRIC_REPRESENTATION_CONTEXT() REPRESENTATION_CONTEXT('2D SPACE',''
  ) );
#10045 = PCURVE('',#10046,#10051);
#10046 = CYLINDRICAL_SURFACE('',#10047,1.5);
#10047 = AXIS2_PLACEMENT_3D('',#10048,#10049,#10050);
#10048 = CARTESIAN_POINT('',(120.490625,87.462499999995,1.5));
#10049 = DIRECTION('',(-1.,0.,0.));
#10050 = DIRECTION('',(0.,1.,0.));
#10051 = DEFINITIONAL_REPRESENTATION('',(#10052),#10056);
#10052 = LINE('',#10053,#10054);
#10053 = CARTESIAN_POINT('',(0.,0.));
#10054 = VECTOR('',#10055,1.);
#10055 = DIRECTION('',(0.,1.));
#10056 = ( GEOMETRIC_REPRESENTATION_CONTEXT(2) 
PARAMETRIC_REPRESENTATION_CONTEXT() REPRESENTATION_CONTEXT('2D SPACE',''
  ) );
#10057 = ADVANCED_FACE('',(#10058),#4876,.F.);
#10058 = FACE_BOUND('',#10059,.F.);
#10059 = EDGE_LOOP('',(#10060,#10084,#10085,#10086));
#10060 = ORIENTED_EDGE('',*,*,#10061,.T.);
#10061 = EDGE_CURVE('',#10062,#4830,#10064,.T.);
#10062 = VERTEX_POINT('',#10063);
#10063 = CARTESIAN_POINT('',(19.042103189641,85.253723867595,1.5));
#10064 = SURFACE_CURVE('',#10065,(#10071,#10077),.PCURVE_S1.);
#10065 = B_SPLINE_CURVE_WITH_KNOTS('',2,(#10066,#10067,#10068,#10069,
    #10070),.UNSPECIFIED.,.F.,.F.,(3,1,1,3),(-0.6732,1.636E-14,11.,
    11.6732),.UNSPECIFIED.);
#10066 = CARTESIAN_POINT('',(19.042103189641,85.253723867595,-0.6732));
#10067 = CARTESIAN_POINT('',(19.042103189641,85.253723867595,-0.3366));
#10068 = CARTESIAN_POINT('',(19.042103189641,85.253723867595,5.5));
#10069 = CARTESIAN_POINT('',(19.042103189641,85.253723867595,11.3366));
#10070 = CARTESIAN_POINT('',(19.042103189641,85.253723867595,11.6732));
#10071 = PCURVE('',#4876,#10072);
#10072 = DEFINITIONAL_REPRESENTATION('',(#10073),#10076);
#10073 = B_SPLINE_CURVE_WITH_KNOTS('',1,(#10074,#10075),.UNSPECIFIED.,
  .F.,.F.,(2,2),(1.636E-14,11.),.PIECEWISE_BEZIER_KNOTS.);
#10074 = CARTESIAN_POINT('',(1.455558865068,9.52E-15));
#10075 = CARTESIAN_POINT('',(1.455558865068,11.));
#10076 = ( GEOMETRIC_REPRESENTATION_CONTEXT(2) 
PARAMETRIC_REPRESENTATION_CONTEXT() REPRESENTATION_CONTEXT('2D SPACE',''
  ) );
#10077 = PCURVE('',#5065,#10078);
#10078 = DEFINITIONAL_REPRESENTATION('',(#10079),#10083);
#10079 = LINE('',#10080,#10081);
#10080 = CARTESIAN_POINT('',(0.,0.));
#10081 = VECTOR('',#10082,1.);
#10082 = DIRECTION('',(0.,1.));
#10083 = ( GEOMETRIC_REPRESENTATION_CONTEXT(2) 
PARAMETRIC_REPRESENTATION_CONTEXT() REPRESENTATION_CONTEXT('2D SPACE',''
  ) );
#10084 = ORIENTED_EDGE('',*,*,#4861,.T.);
#10085 = ORIENTED_EDGE('',*,*,#9982,.F.);
#10086 = ORIENTED_EDGE('',*,*,#10087,.F.);
#10087 = EDGE_CURVE('',#10062,#9955,#10088,.T.);
#10088 = SURFACE_CURVE('',#10089,(#10094,#10101),.PCURVE_S1.);
#10089 = CIRCLE('',#10090,1.190625);
#10090 = AXIS2_PLACEMENT_3D('',#10091,#10092,#10093);
#10091 = CARTESIAN_POINT('',(17.859375,85.390625,1.5));
#10092 = DIRECTION('',(0.,-0.,-1.));
#10093 = DIRECTION('',(0.99336750836,-0.114982578398,0.));
#10094 = PCURVE('',#4876,#10095);
#10095 = DEFINITIONAL_REPRESENTATION('',(#10096),#10100);
#10096 = LINE('',#10097,#10098);
#10097 = CARTESIAN_POINT('',(1.455558865068,1.5));
#10098 = VECTOR('',#10099,1.);
#10099 = DIRECTION('',(-1.,-0.));
#10100 = ( GEOMETRIC_REPRESENTATION_CONTEXT(2) 
PARAMETRIC_REPRESENTATION_CONTEXT() REPRESENTATION_CONTEXT('2D SPACE',''
  ) );
#10101 = PCURVE('',#10102,#10107);
#10102 = TOROIDAL_SURFACE('',#10103,2.690625,1.5);
#10103 = AXIS2_PLACEMENT_3D('',#10104,#10105,#10106);
#10104 = CARTESIAN_POINT('',(17.859375,85.390625,1.5));
#10105 = DIRECTION('',(0.,0.,1.));
#10106 = DIRECTION('',(0.99336750836,-0.114982578398,0.));
#10107 = DEFINITIONAL_REPRESENTATION('',(#10108),#10112);
#10108 = LINE('',#10109,#10110);
#10109 = CARTESIAN_POINT('',(-0.,3.14159265359));
#10110 = VECTOR('',#10111,1.);
#10111 = DIRECTION('',(-1.,0.));
#10112 = ( GEOMETRIC_REPRESENTATION_CONTEXT(2) 
PARAMETRIC_REPRESENTATION_CONTEXT() REPRESENTATION_CONTEXT('2D SPACE',''
  ) );
#10113 = ADVANCED_FACE('',(#10114),#4967,.F.);
#10114 = FACE_BOUND('',#10115,.F.);
#10115 = EDGE_LOOP('',(#10116,#10140,#10167,#10168));
#10116 = ORIENTED_EDGE('',*,*,#10117,.F.);
#10117 = EDGE_CURVE('',#10118,#4894,#10120,.T.);
#10118 = VERTEX_POINT('',#10119);
#10119 = CARTESIAN_POINT('',(103.25789681035,90.01622386759,1.5));
#10120 = SURFACE_CURVE('',#10121,(#10127,#10133),.PCURVE_S1.);
#10121 = B_SPLINE_CURVE_WITH_KNOTS('',2,(#10122,#10123,#10124,#10125,
    #10126),.UNSPECIFIED.,.F.,.F.,(3,1,1,3),(-0.6732,1.975E-14,11.,
    11.6732),.UNSPECIFIED.);
#10122 = CARTESIAN_POINT('',(103.25789681035,90.01622386759,-0.6732));
#10123 = CARTESIAN_POINT('',(103.25789681035,90.01622386759,-0.3366));
#10124 = CARTESIAN_POINT('',(103.25789681035,90.01622386759,5.5));
#10125 = CARTESIAN_POINT('',(103.25789681035,90.01622386759,11.3366));
#10126 = CARTESIAN_POINT('',(103.25789681035,90.01622386759,11.6732));
#10127 = PCURVE('',#4967,#10128);
#10128 = DEFINITIONAL_REPRESENTATION('',(#10129),#10132);
#10129 = B_SPLINE_CURVE_WITH_KNOTS('',1,(#10130,#10131),.UNSPECIFIED.,
  .F.,.F.,(2,2),(1.975E-14,11.),.PIECEWISE_BEZIER_KNOTS.);
#10130 = CARTESIAN_POINT('',(0.115237461727,-2.11E-15));
#10131 = CARTESIAN_POINT('',(0.115237461727,11.));
#10132 = ( GEOMETRIC_REPRESENTATION_CONTEXT(2) 
PARAMETRIC_REPRESENTATION_CONTEXT() REPRESENTATION_CONTEXT('2D SPACE',''
  ) );
#10133 = PCURVE('',#5135,#10134);
#10134 = DEFINITIONAL_REPRESENTATION('',(#10135),#10139);
#10135 = LINE('',#10136,#10137);
#10136 = CARTESIAN_POINT('',(11.,0.));
#10137 = VECTOR('',#10138,1.);
#10138 = DIRECTION('',(0.,1.));
#10139 = ( GEOMETRIC_REPRESENTATION_CONTEXT(2) 
PARAMETRIC_REPRESENTATION_CONTEXT() REPRESENTATION_CONTEXT('2D SPACE',''
  ) );
#10140 = ORIENTED_EDGE('',*,*,#10141,.F.);
#10141 = EDGE_CURVE('',#10010,#10118,#10142,.T.);
#10142 = SURFACE_CURVE('',#10143,(#10148,#10155),.PCURVE_S1.);
#10143 = CIRCLE('',#10144,1.190625);
#10144 = AXIS2_PLACEMENT_3D('',#10145,#10146,#10147);
#10145 = CARTESIAN_POINT('',(104.440625,90.153124999995,1.5));
#10146 = DIRECTION('',(-0.,-0.,-1.));
#10147 = DIRECTION('',(0.,-1.,0.));
#10148 = PCURVE('',#4967,#10149);
#10149 = DEFINITIONAL_REPRESENTATION('',(#10150),#10154);
#10150 = LINE('',#10151,#10152);
#10151 = CARTESIAN_POINT('',(1.570796326795,1.5));
#10152 = VECTOR('',#10153,1.);
#10153 = DIRECTION('',(-1.,-0.));
#10154 = ( GEOMETRIC_REPRESENTATION_CONTEXT(2) 
PARAMETRIC_REPRESENTATION_CONTEXT() REPRESENTATION_CONTEXT('2D SPACE',''
  ) );
#10155 = PCURVE('',#10156,#10161);
#10156 = TOROIDAL_SURFACE('',#10157,2.690625,1.5);
#10157 = AXIS2_PLACEMENT_3D('',#10158,#10159,#10160);
#10158 = CARTESIAN_POINT('',(104.440625,90.153124999995,1.5));
#10159 = DIRECTION('',(0.,0.,1.));
#10160 = DIRECTION('',(0.,-1.,0.));
#10161 = DEFINITIONAL_REPRESENTATION('',(#10162),#10166);
#10162 = LINE('',#10163,#10164);
#10163 = CARTESIAN_POINT('',(-0.,3.14159265359));
#10164 = VECTOR('',#10165,1.);
#10165 = DIRECTION('',(-1.,0.));
#10166 = ( GEOMETRIC_REPRESENTATION_CONTEXT(2) 
PARAMETRIC_REPRESENTATION_CONTEXT() REPRESENTATION_CONTEXT('2D SPACE',''
  ) );
#10167 = ORIENTED_EDGE('',*,*,#10009,.T.);
#10168 = ORIENTED_EDGE('',*,*,#4952,.T.);
#10169 = ADVANCED_FACE('',(#10170),#5065,.F.);
#10170 = FACE_BOUND('',#10171,.F.);
#10171 = EDGE_LOOP('',(#10172,#10173,#10261,#10286));
#10172 = ORIENTED_EDGE('',*,*,#10061,.F.);
#10173 = ORIENTED_EDGE('',*,*,#10174,.F.);
#10174 = EDGE_CURVE('',#10175,#10062,#10177,.T.);
#10175 = VERTEX_POINT('',#10176);
#10176 = CARTESIAN_POINT('',(23.204933904361,88.962499999998,1.5));
#10177 = SURFACE_CURVE('',#10178,(#10192,#10214),.PCURVE_S1.);
#10178 = ( BOUNDED_CURVE() B_SPLINE_CURVE(12,(#10179,#10180,#10181,
    #10182,#10183,#10184,#10185,#10186,#10187,#10188,#10189,#10190,
#10191),.UNSPECIFIED.,.F.,.F.) B_SPLINE_CURVE_WITH_KNOTS((13,13),(
324.91986345347,331.01956482291),.PIECEWISE_BEZIER_KNOTS.) CURVE() 
GEOMETRIC_REPRESENTATION_ITEM() RATIONAL_B_SPLINE_CURVE((1.,1.,1.,
    1.000000000001,0.999999999998,1.000000000003,0.999999999997,
    1.000000000003,0.999999999998,1.000000000001,1.,1.,1.)) 
REPRESENTATION_ITEM('') );
#10179 = CARTESIAN_POINT('',(23.204933904361,88.962499999998,1.5));
#10180 = CARTESIAN_POINT('',(22.731006932382,88.962499999998,1.5));
#10181 = CARTESIAN_POINT('',(22.239343339428,88.904071052868,1.5));
#10182 = CARTESIAN_POINT('',(21.740321376121,88.779579440943,1.5));
#10183 = CARTESIAN_POINT('',(21.248247002925,88.586191776506,1.5));
#10184 = CARTESIAN_POINT('',(20.774572319265,88.316999959069,1.5));
#10185 = CARTESIAN_POINT('',(20.344463720666,87.987518792144,1.5));
#10186 = CARTESIAN_POINT('',(19.958797910343,87.590339546841,1.5));
#10187 = CARTESIAN_POINT('',(19.642906855443,87.155759551627,1.5));
#10188 = CARTESIAN_POINT('',(19.391595263435,86.687196481374,1.5));
#10189 = CARTESIAN_POINT('',(19.211242417225,86.206151036319,1.5));
#10190 = CARTESIAN_POINT('',(19.096595900954,85.724502046472,1.5));
#10191 = CARTESIAN_POINT('',(19.042103189641,85.253723867595,1.5));
#10192 = PCURVE('',#5065,#10193);
#10193 = DEFINITIONAL_REPRESENTATION('',(#10194),#10213);
#10194 = B_SPLINE_CURVE_WITH_KNOTS('',9,(#10195,#10196,#10197,#10198,
    #10199,#10200,#10201,#10202,#10203,#10204,#10205,#10206,#10207,
    #10208,#10209,#10210,#10211,#10212),.UNSPECIFIED.,.F.,.F.,(10,8,10),
  (324.91986345347,327.96971413819,331.01956482291),.UNSPECIFIED.);
#10195 = CARTESIAN_POINT('',(11.,1.5));
#10196 = CARTESIAN_POINT('',(10.376633951789,1.5));
#10197 = CARTESIAN_POINT('',(9.757362612673,1.5));
#10198 = CARTESIAN_POINT('',(9.141899818223,1.5));
#10199 = CARTESIAN_POINT('',(8.530126317923,1.5));
#10200 = CARTESIAN_POINT('',(7.920863897708,1.5));
#10201 = CARTESIAN_POINT('',(7.314172251405,1.5));
#10202 = CARTESIAN_POINT('',(6.708935879076,1.5));
#10203 = CARTESIAN_POINT('',(6.104481087727,1.5));
#10204 = CARTESIAN_POINT('',(4.895538406555,1.5));
#10205 = CARTESIAN_POINT('',(4.291048022631,1.5));
#10206 = CARTESIAN_POINT('',(3.685819850485,1.5));
#10207 = CARTESIAN_POINT('',(3.078909947821,1.5));
#10208 = CARTESIAN_POINT('',(2.470171122689,1.5));
#10209 = CARTESIAN_POINT('',(1.857854406869,1.5));
#10210 = CARTESIAN_POINT('',(1.242593862625,1.5));
#10211 = CARTESIAN_POINT('',(0.623358796864,1.5));
#10212 = CARTESIAN_POINT('',(1.6E-16,1.5));
#10213 = ( GEOMETRIC_REPRESENTATION_CONTEXT(2) 
PARAMETRIC_REPRESENTATION_CONTEXT() REPRESENTATION_CONTEXT('2D SPACE',''
  ) );
#10214 = PCURVE('',#10215,#10255);
#10215 = ( BOUNDED_SURFACE() B_SPLINE_SURFACE(2,12,(
    (#10216,#10217,#10218,#10219,#10220,#10221,#10222,#10223,#10224
      ,#10225,#10226,#10227,#10228)
    ,(#10229,#10230,#10231,#10232,#10233,#10234,#10235,#10236,#10237
      ,#10238,#10239,#10240,#10241)
    ,(#10242,#10243,#10244,#10245,#10246,#10247,#10248,#10249,#10250
      ,#10251,#10252,#10253,#10254
)),.UNSPECIFIED.,.F.,.F.,.F.) B_SPLINE_SURFACE_WITH_KNOTS((3,3),(13,13),
  (0.,6.09970136944),(324.91986345347,331.01956482291),
.PIECEWISE_BEZIER_KNOTS.) GEOMETRIC_REPRESENTATION_ITEM() 
RATIONAL_B_SPLINE_SURFACE((
    (1.,1.,1.,1.000000000001,0.999999999998,1.000000000003
      ,0.999999999997,1.000000000003,0.999999999998,1.000000000001,1.,1.
      ,1.)
    ,(0.707106781187,0.707106781187,0.707106781186,0.707106781188
      ,0.707106781185,0.707106781189,0.707106781183,0.707106781189
      ,0.707106781184,0.707106781188,0.707106781186,0.707106781187
      ,0.707106781187)
    ,(1.,1.,1.,1.000000000001,0.999999999998,1.000000000003
      ,0.999999999997,1.000000000003,0.999999999998,1.000000000001,1.,1.
,1.))) REPRESENTATION_ITEM('') SURFACE() );
#10216 = CARTESIAN_POINT('',(23.204933904361,88.962499999998,1.5));
#10217 = CARTESIAN_POINT('',(22.731006932382,88.962499999998,1.5));
#10218 = CARTESIAN_POINT('',(22.239343339428,88.904071052868,1.5));
#10219 = CARTESIAN_POINT('',(21.740321376121,88.779579440943,1.5));
#10220 = CARTESIAN_POINT('',(21.248247002925,88.586191776506,1.5));
#10221 = CARTESIAN_POINT('',(20.774572319265,88.316999959069,1.5));
#10222 = CARTESIAN_POINT('',(20.344463720666,87.987518792144,1.5));
#10223 = CARTESIAN_POINT('',(19.958797910343,87.590339546841,1.5));
#10224 = CARTESIAN_POINT('',(19.642906855443,87.155759551627,1.5));
#10225 = CARTESIAN_POINT('',(19.391595263435,86.687196481374,1.5));
#10226 = CARTESIAN_POINT('',(19.211242417225,86.206151036319,1.5));
#10227 = CARTESIAN_POINT('',(19.096595900954,85.724502046472,1.5));
#10228 = CARTESIAN_POINT('',(19.042103189641,85.253723867595,1.5));
#10229 = CARTESIAN_POINT('',(23.204933904361,88.962499999998,4.4E-16));
#10230 = CARTESIAN_POINT('',(22.731006932382,88.962499999998,7.661E-14)
  );
#10231 = CARTESIAN_POINT('',(22.239343339428,88.904071052868,-3.3706E-13
    ));
#10232 = CARTESIAN_POINT('',(21.740321376122,88.779579440943,8.8773E-13)
  );
#10233 = CARTESIAN_POINT('',(21.248247002923,88.586191776503,
    -1.67943E-12));
#10234 = CARTESIAN_POINT('',(20.774572319268,88.316999959076,2.45104E-12
    ));
#10235 = CARTESIAN_POINT('',(20.344463720663,87.987518792139,
    -2.84062E-12));
#10236 = CARTESIAN_POINT('',(19.958797910346,87.590339546842,2.6289E-12)
  );
#10237 = CARTESIAN_POINT('',(19.642906855442,87.155759551629,-1.9148E-12
    ));
#10238 = CARTESIAN_POINT('',(19.391595263436,86.687196481373,1.06803E-12
    ));
#10239 = CARTESIAN_POINT('',(19.211242417224,86.206151036319,-4.2721E-13
    ));
#10240 = CARTESIAN_POINT('',(19.096595900954,85.724502046472,1.0159E-13)
  );
#10241 = CARTESIAN_POINT('',(19.042103189641,85.253723867595,2.2E-16));
#10242 = CARTESIAN_POINT('',(23.204933922504,87.462499999998,0.));
#10243 = CARTESIAN_POINT('',(22.900645672229,87.46250000205,-1.41E-14));
#10244 = CARTESIAN_POINT('',(22.585079712085,87.425090245585,5.829E-14)
  );
#10245 = CARTESIAN_POINT('',(22.263871908417,87.344414376779,-1.4144E-13
    ));
#10246 = CARTESIAN_POINT('',(21.950662607829,87.222752875801,2.4514E-13)
  );
#10247 = CARTESIAN_POINT('',(21.640975308703,87.044831764359,-3.3074E-13
    ));
#10248 = CARTESIAN_POINT('',(21.372172651196,86.839929160753,3.6382E-13)
  );
#10249 = CARTESIAN_POINT('',(21.11811919886,86.579367114954,-3.2463E-13)
  );
#10250 = CARTESIAN_POINT('',(20.918935048378,86.303034379564,2.2782E-13)
  );
#10251 = CARTESIAN_POINT('',(20.756359590494,86.001703484128,-1.1957E-13
    ));
#10252 = CARTESIAN_POINT('',(20.640760412192,85.692710875516,4.341E-14)
  );
#10253 = CARTESIAN_POINT('',(20.567142082564,85.383518202307,-8.99E-15)
  );
#10254 = CARTESIAN_POINT('',(20.532154450095,85.081249981977,0.));
#10255 = DEFINITIONAL_REPRESENTATION('',(#10256),#10260);
#10256 = LINE('',#10257,#10258);
#10257 = CARTESIAN_POINT('',(0.,0.));
#10258 = VECTOR('',#10259,1.);
#10259 = DIRECTION('',(0.,1.));
#10260 = ( GEOMETRIC_REPRESENTATION_CONTEXT(2) 
PARAMETRIC_REPRESENTATION_CONTEXT() REPRESENTATION_CONTEXT('2D SPACE',''
  ) );
#10261 = ORIENTED_EDGE('',*,*,#10262,.T.);
#10262 = EDGE_CURVE('',#10175,#4983,#10263,.T.);
#10263 = SURFACE_CURVE('',#10264,(#10270,#10277),.PCURVE_S1.);
#10264 = B_SPLINE_CURVE_WITH_KNOTS('',2,(#10265,#10266,#10267,#10268,
    #10269),.UNSPECIFIED.,.F.,.F.,(3,1,1,3),(-0.6732,1.636E-14,11.,
    11.6732),.UNSPECIFIED.);
#10265 = CARTESIAN_POINT('',(23.204933904361,88.962499999998,-0.6732));
#10266 = CARTESIAN_POINT('',(23.204933904361,88.962499999998,-0.3366));
#10267 = CARTESIAN_POINT('',(23.204933904361,88.962499999998,5.5));
#10268 = CARTESIAN_POINT('',(23.204933904361,88.962499999998,11.3366));
#10269 = CARTESIAN_POINT('',(23.204933904361,88.962499999998,11.6732));
#10270 = PCURVE('',#5065,#10271);
#10271 = DEFINITIONAL_REPRESENTATION('',(#10272),#10276);
#10272 = LINE('',#10273,#10274);
#10273 = CARTESIAN_POINT('',(11.,0.));
#10274 = VECTOR('',#10275,1.);
#10275 = DIRECTION('',(0.,1.));
#10276 = ( GEOMETRIC_REPRESENTATION_CONTEXT(2) 
PARAMETRIC_REPRESENTATION_CONTEXT() REPRESENTATION_CONTEXT('2D SPACE',''
  ) );
#10277 = PCURVE('',#5243,#10278);
#10278 = DEFINITIONAL_REPRESENTATION('',(#10279),#10285);
#10279 = B_SPLINE_CURVE_WITH_KNOTS('',2,(#10280,#10281,#10282,#10283,
    #10284),.UNSPECIFIED.,.F.,.F.,(3,1,1,3),(-0.6732,1.636E-14,11.,
    11.6732),.UNSPECIFIED.);
#10280 = CARTESIAN_POINT('',(14.895066095639,0.6732));
#10281 = CARTESIAN_POINT('',(14.895066095639,0.3366));
#10282 = CARTESIAN_POINT('',(14.895066095639,-5.5));
#10283 = CARTESIAN_POINT('',(14.895066095639,-11.3366));
#10284 = CARTESIAN_POINT('',(14.895066095639,-11.6732));
#10285 = ( GEOMETRIC_REPRESENTATION_CONTEXT(2) 
PARAMETRIC_REPRESENTATION_CONTEXT() REPRESENTATION_CONTEXT('2D SPACE',''
  ) );
#10286 = ORIENTED_EDGE('',*,*,#5041,.T.);
#10287 = ADVANCED_FACE('',(#10288),#5135,.F.);
#10288 = FACE_BOUND('',#10289,.F.);
#10289 = EDGE_LOOP('',(#10290,#10317,#10403,#10404));
#10290 = ORIENTED_EDGE('',*,*,#10291,.F.);
#10291 = EDGE_CURVE('',#10292,#5110,#10294,.T.);
#10292 = VERTEX_POINT('',#10293);
#10293 = CARTESIAN_POINT('',(99.095066095638,93.724999999995,1.5));
#10294 = SURFACE_CURVE('',#10295,(#10301,#10308),.PCURVE_S1.);
#10295 = B_SPLINE_CURVE_WITH_KNOTS('',2,(#10296,#10297,#10298,#10299,
    #10300),.UNSPECIFIED.,.F.,.F.,(3,1,1,3),(-0.6732,1.975E-14,11.,
    11.6732),.UNSPECIFIED.);
#10296 = CARTESIAN_POINT('',(99.095066095638,93.724999999995,-0.6732));
#10297 = CARTESIAN_POINT('',(99.095066095638,93.724999999995,-0.3366));
#10298 = CARTESIAN_POINT('',(99.095066095638,93.724999999995,5.5));
#10299 = CARTESIAN_POINT('',(99.095066095638,93.724999999995,11.3366));
#10300 = CARTESIAN_POINT('',(99.095066095638,93.724999999995,11.6732));
#10301 = PCURVE('',#5135,#10302);
#10302 = DEFINITIONAL_REPRESENTATION('',(#10303),#10307);
#10303 = LINE('',#10304,#10305);
#10304 = CARTESIAN_POINT('',(0.,0.));
#10305 = VECTOR('',#10306,1.);
#10306 = DIRECTION('',(0.,1.));
#10307 = ( GEOMETRIC_REPRESENTATION_CONTEXT(2) 
PARAMETRIC_REPRESENTATION_CONTEXT() REPRESENTATION_CONTEXT('2D SPACE',''
  ) );
#10308 = PCURVE('',#5277,#10309);
#10309 = DEFINITIONAL_REPRESENTATION('',(#10310),#10316);
#10310 = B_SPLINE_CURVE_WITH_KNOTS('',2,(#10311,#10312,#10313,#10314,
    #10315),.UNSPECIFIED.,.F.,.F.,(3,1,1,3),(-0.6732,1.975E-14,11.,
    11.6732),.UNSPECIFIED.);
#10311 = CARTESIAN_POINT('',(4.154933904362,0.6732));
#10312 = CARTESIAN_POINT('',(4.154933904362,0.3366));
#10313 = CARTESIAN_POINT('',(4.154933904362,-5.5));
#10314 = CARTESIAN_POINT('',(4.154933904362,-11.3366));
#10315 = CARTESIAN_POINT('',(4.154933904362,-11.6732));
#10316 = ( GEOMETRIC_REPRESENTATION_CONTEXT(2) 
PARAMETRIC_REPRESENTATION_CONTEXT() REPRESENTATION_CONTEXT('2D SPACE',''
  ) );
#10317 = ORIENTED_EDGE('',*,*,#10318,.F.);
#10318 = EDGE_CURVE('',#10118,#10292,#10319,.T.);
#10319 = SURFACE_CURVE('',#10320,(#10334,#10356),.PCURVE_S1.);
#10320 = ( BOUNDED_CURVE() B_SPLINE_CURVE(12,(#10321,#10322,#10323,
    #10324,#10325,#10326,#10327,#10328,#10329,#10330,#10331,#10332,
#10333),.UNSPECIFIED.,.F.,.F.) B_SPLINE_CURVE_WITH_KNOTS((13,13),(
235.46852817636,241.5682295458),.PIECEWISE_BEZIER_KNOTS.) CURVE() 
GEOMETRIC_REPRESENTATION_ITEM() RATIONAL_B_SPLINE_CURVE((1.,1.,1.,1.,
    1.000000000001,0.999999999999,1.000000000002,0.999999999999,
1.000000000001,0.999999999999,1.,1.,1.)) REPRESENTATION_ITEM('') );
#10321 = CARTESIAN_POINT('',(103.25789681035,90.01622386759,1.5));
#10322 = CARTESIAN_POINT('',(103.20340346514,90.487007522888,1.5));
#10323 = CARTESIAN_POINT('',(103.08882929988,90.968691850191,1.5));
#10324 = CARTESIAN_POINT('',(102.90778454563,91.450089687863,1.5));
#10325 = CARTESIAN_POINT('',(102.65909954266,91.91666417001,
    1.499999999999));
#10326 = CARTESIAN_POINT('',(102.33722880216,92.356244840091,
    1.500000000001));
#10327 = CARTESIAN_POINT('',(101.96047791939,92.7456161543,
    1.499999999999));
#10328 = CARTESIAN_POINT('',(101.52158811398,93.083055344295,
    1.500000000001));
#10329 = CARTESIAN_POINT('',(101.05356849835,93.34688212691,
    1.499999999999));
#10330 = CARTESIAN_POINT('',(100.55921671409,93.542650306575,1.5));
#10331 = CARTESIAN_POINT('',(100.06062436362,93.66649511853,1.5));
#10332 = CARTESIAN_POINT('',(99.568987554631,93.724999999995,1.5));
#10333 = CARTESIAN_POINT('',(99.095066095638,93.724999999995,1.5));
#10334 = PCURVE('',#5135,#10335);
#10335 = DEFINITIONAL_REPRESENTATION('',(#10336),#10355);
#10336 = B_SPLINE_CURVE_WITH_KNOTS('',9,(#10337,#10338,#10339,#10340,
    #10341,#10342,#10343,#10344,#10345,#10346,#10347,#10348,#10349,
    #10350,#10351,#10352,#10353,#10354),.UNSPECIFIED.,.F.,.F.,(10,8,10),
  (235.46852817636,238.51837886108,241.5682295458),.UNSPECIFIED.);
#10337 = CARTESIAN_POINT('',(11.,1.5));
#10338 = CARTESIAN_POINT('',(10.376633951793,1.5));
#10339 = CARTESIAN_POINT('',(9.757362612664,1.5));
#10340 = CARTESIAN_POINT('',(9.141899818273,1.5));
#10341 = CARTESIAN_POINT('',(8.530126317864,1.5));
#10342 = CARTESIAN_POINT('',(7.920863897762,1.5));
#10343 = CARTESIAN_POINT('',(7.314172251413,1.5));
#10344 = CARTESIAN_POINT('',(6.708935879099,1.5));
#10345 = CARTESIAN_POINT('',(6.104481087741,1.5));
#10346 = CARTESIAN_POINT('',(4.895538406568,1.5));
#10347 = CARTESIAN_POINT('',(4.291048022646,1.5));
#10348 = CARTESIAN_POINT('',(3.685819850509,1.5));
#10349 = CARTESIAN_POINT('',(3.078909947853,1.5));
#10350 = CARTESIAN_POINT('',(2.470171122677,1.5));
#10351 = CARTESIAN_POINT('',(1.857854406876,1.5));
#10352 = CARTESIAN_POINT('',(1.242593862631,1.5));
#10353 = CARTESIAN_POINT('',(0.623358796864,1.5));
#10354 = CARTESIAN_POINT('',(-5.304E-14,1.5));
#10355 = ( GEOMETRIC_REPRESENTATION_CONTEXT(2) 
PARAMETRIC_REPRESENTATION_CONTEXT() REPRESENTATION_CONTEXT('2D SPACE',''
  ) );
#10356 = PCURVE('',#10357,#10397);
#10357 = ( BOUNDED_SURFACE() B_SPLINE_SURFACE(2,12,(
    (#10358,#10359,#10360,#10361,#10362,#10363,#10364,#10365,#10366
      ,#10367,#10368,#10369,#10370)
    ,(#10371,#10372,#10373,#10374,#10375,#10376,#10377,#10378,#10379
      ,#10380,#10381,#10382,#10383)
    ,(#10384,#10385,#10386,#10387,#10388,#10389,#10390,#10391,#10392
      ,#10393,#10394,#10395,#10396
)),.UNSPECIFIED.,.F.,.F.,.F.) B_SPLINE_SURFACE_WITH_KNOTS((3,3),(13,13),
  (0.,6.099701369441),(235.46852817636,241.5682295458),
.PIECEWISE_BEZIER_KNOTS.) GEOMETRIC_REPRESENTATION_ITEM() 
RATIONAL_B_SPLINE_SURFACE((
    (1.,1.,1.,1.,1.000000000001,0.999999999999,1.000000000002
      ,0.999999999999,1.000000000001,0.999999999999,1.,1.,1.)
    ,(0.707106781187,0.707106781187,0.707106781187,0.707106781186
      ,0.707106781187,0.707106781186,0.707106781187,0.707106781186
      ,0.707106781187,0.707106781186,0.707106781187,0.707106781187
      ,0.707106781187)
    ,(1.,1.,1.,1.,1.000000000001,0.999999999999,1.000000000002
      ,0.999999999999,1.000000000001,0.999999999999,1.,1.,1.
))) REPRESENTATION_ITEM('') SURFACE() );
#10358 = CARTESIAN_POINT('',(103.25789681035,90.01622386759,1.5));
#10359 = CARTESIAN_POINT('',(103.20340346514,90.487007522888,1.5));
#10360 = CARTESIAN_POINT('',(103.08882929988,90.968691850191,1.5));
#10361 = CARTESIAN_POINT('',(102.90778454563,91.450089687863,1.5));
#10362 = CARTESIAN_POINT('',(102.65909954266,91.91666417001,
    1.499999999999));
#10363 = CARTESIAN_POINT('',(102.33722880216,92.356244840091,
    1.500000000001));
#10364 = CARTESIAN_POINT('',(101.96047791939,92.7456161543,
    1.499999999999));
#10365 = CARTESIAN_POINT('',(101.52158811398,93.083055344295,
    1.500000000001));
#10366 = CARTESIAN_POINT('',(101.05356849835,93.34688212691,
    1.499999999999));
#10367 = CARTESIAN_POINT('',(100.55921671409,93.542650306575,1.5));
#10368 = CARTESIAN_POINT('',(100.06062436362,93.66649511853,1.5));
#10369 = CARTESIAN_POINT('',(99.568987554631,93.724999999995,1.5));
#10370 = CARTESIAN_POINT('',(99.095066095638,93.724999999995,1.5));
#10371 = CARTESIAN_POINT('',(103.25789681035,90.016223867591,4.4E-16));
#10372 = CARTESIAN_POINT('',(103.20340346514,90.487007522888,-2.687E-14)
  );
#10373 = CARTESIAN_POINT('',(103.08882929988,90.968691850191,1.2268E-13)
  );
#10374 = CARTESIAN_POINT('',(102.90778454563,91.450089687864,-3.3307E-13
    ));
#10375 = CARTESIAN_POINT('',(102.65909954266,91.916664170009,6.6858E-13)
  );
#10376 = CARTESIAN_POINT('',(102.33722880216,92.356244840091,
    -1.03595E-12));
#10377 = CARTESIAN_POINT('',(101.96047791939,92.745616154302,1.26188E-12
    ));
#10378 = CARTESIAN_POINT('',(101.52158811398,93.083055344294,
    -1.20126E-12));
#10379 = CARTESIAN_POINT('',(101.05356849834,93.346882126909,8.8995E-13)
  );
#10380 = CARTESIAN_POINT('',(100.55921671409,93.542650306577,-4.9782E-13
    ));
#10381 = CARTESIAN_POINT('',(100.06062436362,93.666495118529,1.9806E-13)
  );
#10382 = CARTESIAN_POINT('',(99.568987554631,93.724999999995,-4.541E-14)
  );
#10383 = CARTESIAN_POINT('',(99.095066095638,93.724999999995,4.4E-16));
#10384 = CARTESIAN_POINT('',(101.7678455499,89.843749981973,0.));
#10385 = CARTESIAN_POINT('',(101.73285770435,90.146020043206,2.309E-14)
  );
#10386 = CARTESIAN_POINT('',(101.65941147998,90.455191544513,-1.0125E-13
    ));
#10387 = CARTESIAN_POINT('',(101.54233739211,90.764992620565,2.609E-13)
  );
#10388 = CARTESIAN_POINT('',(101.38546919556,91.062135610686,-4.7817E-13
    ));
#10389 = CARTESIAN_POINT('',(101.173119504,91.349311081273,6.638E-13));
#10390 = CARTESIAN_POINT('',(100.93866828639,91.592770681267,-7.131E-13)
  );
#10391 = CARTESIAN_POINT('',(100.650622702,91.815179026219,5.9786E-13));
#10392 = CARTESIAN_POINT('',(100.35322002899,91.981268642207,-3.8958E-13
    ));
#10393 = CARTESIAN_POINT('',(100.03519436514,92.108118014924,1.9373E-13)
  );
#10394 = CARTESIAN_POINT('',(99.714959255248,92.187421716216,-7.05E-14)
  );
#10395 = CARTESIAN_POINT('',(99.399352474576,92.225000002046,1.588E-14)
  );
#10396 = CARTESIAN_POINT('',(99.095066077496,92.224999999995,0.));
#10397 = DEFINITIONAL_REPRESENTATION('',(#10398),#10402);
#10398 = LINE('',#10399,#10400);
#10399 = CARTESIAN_POINT('',(0.,0.));
#10400 = VECTOR('',#10401,1.);
#10401 = DIRECTION('',(0.,1.));
#10402 = ( GEOMETRIC_REPRESENTATION_CONTEXT(2) 
PARAMETRIC_REPRESENTATION_CONTEXT() REPRESENTATION_CONTEXT('2D SPACE',''
  ) );
#10403 = ORIENTED_EDGE('',*,*,#10117,.T.);
#10404 = ORIENTED_EDGE('',*,*,#5109,.T.);
#10405 = ADVANCED_FACE('',(#10406),#5243,.F.);
#10406 = FACE_BOUND('',#10407,.F.);
#10407 = EDGE_LOOP('',(#10408,#10409,#10437,#10458));
#10408 = ORIENTED_EDGE('',*,*,#10262,.F.);
#10409 = ORIENTED_EDGE('',*,*,#10410,.F.);
#10410 = EDGE_CURVE('',#10411,#10175,#10413,.T.);
#10411 = VERTEX_POINT('',#10412);
#10412 = CARTESIAN_POINT('',(36.909375,88.962499999998,1.5));
#10413 = SURFACE_CURVE('',#10414,(#10418,#10425),.PCURVE_S1.);
#10414 = LINE('',#10415,#10416);
#10415 = CARTESIAN_POINT('',(36.909375,88.962499999998,1.5));
#10416 = VECTOR('',#10417,1.);
#10417 = DIRECTION('',(-1.,0.,0.));
#10418 = PCURVE('',#5243,#10419);
#10419 = DEFINITIONAL_REPRESENTATION('',(#10420),#10424);
#10420 = LINE('',#10421,#10422);
#10421 = CARTESIAN_POINT('',(1.190625,-1.5));
#10422 = VECTOR('',#10423,1.);
#10423 = DIRECTION('',(1.,0.));
#10424 = ( GEOMETRIC_REPRESENTATION_CONTEXT(2) 
PARAMETRIC_REPRESENTATION_CONTEXT() REPRESENTATION_CONTEXT('2D SPACE',''
  ) );
#10425 = PCURVE('',#10426,#10431);
#10426 = CYLINDRICAL_SURFACE('',#10427,1.5);
#10427 = AXIS2_PLACEMENT_3D('',#10428,#10429,#10430);
#10428 = CARTESIAN_POINT('',(36.909375,87.462499999998,1.5));
#10429 = DIRECTION('',(-1.,0.,0.));
#10430 = DIRECTION('',(0.,1.,0.));
#10431 = DEFINITIONAL_REPRESENTATION('',(#10432),#10436);
#10432 = LINE('',#10433,#10434);
#10433 = CARTESIAN_POINT('',(0.,0.));
#10434 = VECTOR('',#10435,1.);
#10435 = DIRECTION('',(0.,1.));
#10436 = ( GEOMETRIC_REPRESENTATION_CONTEXT(2) 
PARAMETRIC_REPRESENTATION_CONTEXT() REPRESENTATION_CONTEXT('2D SPACE',''
  ) );
#10437 = ORIENTED_EDGE('',*,*,#10438,.T.);
#10438 = EDGE_CURVE('',#10411,#5206,#10439,.T.);
#10439 = SURFACE_CURVE('',#10440,(#10444,#10451),.PCURVE_S1.);
#10440 = LINE('',#10441,#10442);
#10441 = CARTESIAN_POINT('',(36.909375,88.962499999998,0.));
#10442 = VECTOR('',#10443,1.);
#10443 = DIRECTION('',(0.,0.,1.));
#10444 = PCURVE('',#5243,#10445);
#10445 = DEFINITIONAL_REPRESENTATION('',(#10446),#10450);
#10446 = LINE('',#10447,#10448);
#10447 = CARTESIAN_POINT('',(1.190625,0.));
#10448 = VECTOR('',#10449,1.);
#10449 = DIRECTION('',(0.,-1.));
#10450 = ( GEOMETRIC_REPRESENTATION_CONTEXT(2) 
PARAMETRIC_REPRESENTATION_CONTEXT() REPRESENTATION_CONTEXT('2D SPACE',''
  ) );
#10451 = PCURVE('',#5362,#10452);
#10452 = DEFINITIONAL_REPRESENTATION('',(#10453),#10457);
#10453 = LINE('',#10454,#10455);
#10454 = CARTESIAN_POINT('',(0.,0.));
#10455 = VECTOR('',#10456,1.);
#10456 = DIRECTION('',(0.,1.));
#10457 = ( GEOMETRIC_REPRESENTATION_CONTEXT(2) 
PARAMETRIC_REPRESENTATION_CONTEXT() REPRESENTATION_CONTEXT('2D SPACE',''
  ) );
#10458 = ORIENTED_EDGE('',*,*,#5229,.T.);
#10459 = ADVANCED_FACE('',(#10460),#5277,.F.);
#10460 = FACE_BOUND('',#10461,.F.);
#10461 = EDGE_LOOP('',(#10462,#10463,#10464,#10487));
#10462 = ORIENTED_EDGE('',*,*,#10291,.T.);
#10463 = ORIENTED_EDGE('',*,*,#5261,.T.);
#10464 = ORIENTED_EDGE('',*,*,#10465,.F.);
#10465 = EDGE_CURVE('',#10466,#5262,#10468,.T.);
#10466 = VERTEX_POINT('',#10467);
#10467 = CARTESIAN_POINT('',(85.390625,93.724999999995,1.5));
#10468 = SURFACE_CURVE('',#10469,(#10473,#10480),.PCURVE_S1.);
#10469 = LINE('',#10470,#10471);
#10470 = CARTESIAN_POINT('',(85.390625,93.724999999995,0.));
#10471 = VECTOR('',#10472,1.);
#10472 = DIRECTION('',(0.,0.,1.));
#10473 = PCURVE('',#5277,#10474);
#10474 = DEFINITIONAL_REPRESENTATION('',(#10475),#10479);
#10475 = LINE('',#10476,#10477);
#10476 = CARTESIAN_POINT('',(17.859375,0.));
#10477 = VECTOR('',#10478,1.);
#10478 = DIRECTION('',(0.,-1.));
#10479 = ( GEOMETRIC_REPRESENTATION_CONTEXT(2) 
PARAMETRIC_REPRESENTATION_CONTEXT() REPRESENTATION_CONTEXT('2D SPACE',''
  ) );
#10480 = PCURVE('',#5453,#10481);
#10481 = DEFINITIONAL_REPRESENTATION('',(#10482),#10486);
#10482 = LINE('',#10483,#10484);
#10483 = CARTESIAN_POINT('',(1.570796326795,0.));
#10484 = VECTOR('',#10485,1.);
#10485 = DIRECTION('',(0.,1.));
#10486 = ( GEOMETRIC_REPRESENTATION_CONTEXT(2) 
PARAMETRIC_REPRESENTATION_CONTEXT() REPRESENTATION_CONTEXT('2D SPACE',''
  ) );
#10487 = ORIENTED_EDGE('',*,*,#10488,.F.);
#10488 = EDGE_CURVE('',#10292,#10466,#10489,.T.);
#10489 = SURFACE_CURVE('',#10490,(#10494,#10501),.PCURVE_S1.);
#10490 = LINE('',#10491,#10492);
#10491 = CARTESIAN_POINT('',(99.095066095638,93.724999999995,1.5));
#10492 = VECTOR('',#10493,1.);
#10493 = DIRECTION('',(-1.,0.,0.));
#10494 = PCURVE('',#5277,#10495);
#10495 = DEFINITIONAL_REPRESENTATION('',(#10496),#10500);
#10496 = LINE('',#10497,#10498);
#10497 = CARTESIAN_POINT('',(4.154933904362,-1.5));
#10498 = VECTOR('',#10499,1.);
#10499 = DIRECTION('',(1.,0.));
#10500 = ( GEOMETRIC_REPRESENTATION_CONTEXT(2) 
PARAMETRIC_REPRESENTATION_CONTEXT() REPRESENTATION_CONTEXT('2D SPACE',''
  ) );
#10501 = PCURVE('',#10502,#10507);
#10502 = CYLINDRICAL_SURFACE('',#10503,1.5);
#10503 = AXIS2_PLACEMENT_3D('',#10504,#10505,#10506);
#10504 = CARTESIAN_POINT('',(99.095066095638,92.224999999995,1.5));
#10505 = DIRECTION('',(-1.,0.,0.));
#10506 = DIRECTION('',(0.,1.,0.));
#10507 = DEFINITIONAL_REPRESENTATION('',(#10508),#10512);
#10508 = LINE('',#10509,#10510);
#10509 = CARTESIAN_POINT('',(0.,0.));
#10510 = VECTOR('',#10511,1.);
#10511 = DIRECTION('',(0.,1.));
#10512 = ( GEOMETRIC_REPRESENTATION_CONTEXT(2) 
PARAMETRIC_REPRESENTATION_CONTEXT() REPRESENTATION_CONTEXT('2D SPACE',''
  ) );
#10513 = ADVANCED_FACE('',(#10514),#5362,.F.);
#10514 = FACE_BOUND('',#10515,.F.);
#10515 = EDGE_LOOP('',(#10516,#10540,#10541,#10542));
#10516 = ORIENTED_EDGE('',*,*,#10517,.T.);
#10517 = EDGE_CURVE('',#10518,#5316,#10520,.T.);
#10518 = VERTEX_POINT('',#10519);
#10519 = CARTESIAN_POINT('',(38.092103189641,90.016223867593,1.5));
#10520 = SURFACE_CURVE('',#10521,(#10527,#10533),.PCURVE_S1.);
#10521 = B_SPLINE_CURVE_WITH_KNOTS('',2,(#10522,#10523,#10524,#10525,
    #10526),.UNSPECIFIED.,.F.,.F.,(3,1,1,3),(-0.6732,2.198E-14,11.,
    11.6732),.UNSPECIFIED.);
#10522 = CARTESIAN_POINT('',(38.092103189641,90.016223867593,-0.6732));
#10523 = CARTESIAN_POINT('',(38.092103189641,90.016223867593,-0.3366));
#10524 = CARTESIAN_POINT('',(38.092103189641,90.016223867593,5.5));
#10525 = CARTESIAN_POINT('',(38.092103189641,90.016223867593,11.3366));
#10526 = CARTESIAN_POINT('',(38.092103189641,90.016223867593,11.6732));
#10527 = PCURVE('',#5362,#10528);
#10528 = DEFINITIONAL_REPRESENTATION('',(#10529),#10532);
#10529 = B_SPLINE_CURVE_WITH_KNOTS('',1,(#10530,#10531),.UNSPECIFIED.,
  .F.,.F.,(2,2),(2.198E-14,11.),.PIECEWISE_BEZIER_KNOTS.);
#10530 = CARTESIAN_POINT('',(1.455558865068,1.06E-15));
#10531 = CARTESIAN_POINT('',(1.455558865068,11.));
#10532 = ( GEOMETRIC_REPRESENTATION_CONTEXT(2) 
PARAMETRIC_REPRESENTATION_CONTEXT() REPRESENTATION_CONTEXT('2D SPACE',''
  ) );
#10533 = PCURVE('',#5551,#10534);
#10534 = DEFINITIONAL_REPRESENTATION('',(#10535),#10539);
#10535 = LINE('',#10536,#10537);
#10536 = CARTESIAN_POINT('',(0.,0.));
#10537 = VECTOR('',#10538,1.);
#10538 = DIRECTION('',(0.,1.));
#10539 = ( GEOMETRIC_REPRESENTATION_CONTEXT(2) 
PARAMETRIC_REPRESENTATION_CONTEXT() REPRESENTATION_CONTEXT('2D SPACE',''
  ) );
#10540 = ORIENTED_EDGE('',*,*,#5347,.T.);
#10541 = ORIENTED_EDGE('',*,*,#10438,.F.);
#10542 = ORIENTED_EDGE('',*,*,#10543,.F.);
#10543 = EDGE_CURVE('',#10518,#10411,#10544,.T.);
#10544 = SURFACE_CURVE('',#10545,(#10550,#10557),.PCURVE_S1.);
#10545 = CIRCLE('',#10546,1.190625);
#10546 = AXIS2_PLACEMENT_3D('',#10547,#10548,#10549);
#10547 = CARTESIAN_POINT('',(36.909375,90.153124999998,1.5));
#10548 = DIRECTION('',(0.,-0.,-1.));
#10549 = DIRECTION('',(0.99336750836,-0.114982578398,0.));
#10550 = PCURVE('',#5362,#10551);
#10551 = DEFINITIONAL_REPRESENTATION('',(#10552),#10556);
#10552 = LINE('',#10553,#10554);
#10553 = CARTESIAN_POINT('',(1.455558865068,1.5));
#10554 = VECTOR('',#10555,1.);
#10555 = DIRECTION('',(-1.,-0.));
#10556 = ( GEOMETRIC_REPRESENTATION_CONTEXT(2) 
PARAMETRIC_REPRESENTATION_CONTEXT() REPRESENTATION_CONTEXT('2D SPACE',''
  ) );
#10557 = PCURVE('',#10558,#10563);
#10558 = TOROIDAL_SURFACE('',#10559,2.690625,1.5);
#10559 = AXIS2_PLACEMENT_3D('',#10560,#10561,#10562);
#10560 = CARTESIAN_POINT('',(36.909375,90.153124999998,1.5));
#10561 = DIRECTION('',(0.,0.,1.));
#10562 = DIRECTION('',(0.99336750836,-0.114982578398,0.));
#10563 = DEFINITIONAL_REPRESENTATION('',(#10564),#10568);
#10564 = LINE('',#10565,#10566);
#10565 = CARTESIAN_POINT('',(-0.,3.14159265359));
#10566 = VECTOR('',#10567,1.);
#10567 = DIRECTION('',(-1.,0.));
#10568 = ( GEOMETRIC_REPRESENTATION_CONTEXT(2) 
PARAMETRIC_REPRESENTATION_CONTEXT() REPRESENTATION_CONTEXT('2D SPACE',''
  ) );
#10569 = ADVANCED_FACE('',(#10570),#5453,.F.);
#10570 = FACE_BOUND('',#10571,.F.);
#10571 = EDGE_LOOP('',(#10572,#10596,#10623,#10624));
#10572 = ORIENTED_EDGE('',*,*,#10573,.F.);
#10573 = EDGE_CURVE('',#10574,#5380,#10576,.T.);
#10574 = VERTEX_POINT('',#10575);
#10575 = CARTESIAN_POINT('',(84.207896810359,94.77872386759,1.5));
#10576 = SURFACE_CURVE('',#10577,(#10583,#10589),.PCURVE_S1.);
#10577 = B_SPLINE_CURVE_WITH_KNOTS('',2,(#10578,#10579,#10580,#10581,
    #10582),.UNSPECIFIED.,.F.,.F.,(3,1,1,3),(-0.6732,2.065E-14,11.,
    11.6732),.UNSPECIFIED.);
#10578 = CARTESIAN_POINT('',(84.207896810359,94.77872386759,-0.6732));
#10579 = CARTESIAN_POINT('',(84.207896810359,94.77872386759,-0.3366));
#10580 = CARTESIAN_POINT('',(84.207896810359,94.77872386759,5.5));
#10581 = CARTESIAN_POINT('',(84.207896810359,94.77872386759,11.3366));
#10582 = CARTESIAN_POINT('',(84.207896810359,94.77872386759,11.6732));
#10583 = PCURVE('',#5453,#10584);
#10584 = DEFINITIONAL_REPRESENTATION('',(#10585),#10588);
#10585 = B_SPLINE_CURVE_WITH_KNOTS('',1,(#10586,#10587),.UNSPECIFIED.,
  .F.,.F.,(2,2),(2.065E-14,11.),.PIECEWISE_BEZIER_KNOTS.);
#10586 = CARTESIAN_POINT('',(0.115237461727,2.11E-15));
#10587 = CARTESIAN_POINT('',(0.115237461727,11.));
#10588 = ( GEOMETRIC_REPRESENTATION_CONTEXT(2) 
PARAMETRIC_REPRESENTATION_CONTEXT() REPRESENTATION_CONTEXT('2D SPACE',''
  ) );
#10589 = PCURVE('',#5621,#10590);
#10590 = DEFINITIONAL_REPRESENTATION('',(#10591),#10595);
#10591 = LINE('',#10592,#10593);
#10592 = CARTESIAN_POINT('',(11.,0.));
#10593 = VECTOR('',#10594,1.);
#10594 = DIRECTION('',(0.,1.));
#10595 = ( GEOMETRIC_REPRESENTATION_CONTEXT(2) 
PARAMETRIC_REPRESENTATION_CONTEXT() REPRESENTATION_CONTEXT('2D SPACE',''
  ) );
#10596 = ORIENTED_EDGE('',*,*,#10597,.F.);
#10597 = EDGE_CURVE('',#10466,#10574,#10598,.T.);
#10598 = SURFACE_CURVE('',#10599,(#10604,#10611),.PCURVE_S1.);
#10599 = CIRCLE('',#10600,1.190625);
#10600 = AXIS2_PLACEMENT_3D('',#10601,#10602,#10603);
#10601 = CARTESIAN_POINT('',(85.390625,94.915624999995,1.5));
#10602 = DIRECTION('',(-0.,-0.,-1.));
#10603 = DIRECTION('',(0.,-1.,0.));
#10604 = PCURVE('',#5453,#10605);
#10605 = DEFINITIONAL_REPRESENTATION('',(#10606),#10610);
#10606 = LINE('',#10607,#10608);
#10607 = CARTESIAN_POINT('',(1.570796326795,1.5));
#10608 = VECTOR('',#10609,1.);
#10609 = DIRECTION('',(-1.,-0.));
#10610 = ( GEOMETRIC_REPRESENTATION_CONTEXT(2) 
PARAMETRIC_REPRESENTATION_CONTEXT() REPRESENTATION_CONTEXT('2D SPACE',''
  ) );
#10611 = PCURVE('',#10612,#10617);
#10612 = TOROIDAL_SURFACE('',#10613,2.690625,1.5);
#10613 = AXIS2_PLACEMENT_3D('',#10614,#10615,#10616);
#10614 = CARTESIAN_POINT('',(85.390625,94.915624999995,1.5));
#10615 = DIRECTION('',(0.,0.,1.));
#10616 = DIRECTION('',(0.,-1.,0.));
#10617 = DEFINITIONAL_REPRESENTATION('',(#10618),#10622);
#10618 = LINE('',#10619,#10620);
#10619 = CARTESIAN_POINT('',(-0.,3.14159265359));
#10620 = VECTOR('',#10621,1.);
#10621 = DIRECTION('',(-1.,0.));
#10622 = ( GEOMETRIC_REPRESENTATION_CONTEXT(2) 
PARAMETRIC_REPRESENTATION_CONTEXT() REPRESENTATION_CONTEXT('2D SPACE',''
  ) );
#10623 = ORIENTED_EDGE('',*,*,#10465,.T.);
#10624 = ORIENTED_EDGE('',*,*,#5438,.T.);
#10625 = ADVANCED_FACE('',(#10626),#5551,.F.);
#10626 = FACE_BOUND('',#10627,.F.);
#10627 = EDGE_LOOP('',(#10628,#10629,#10717,#10742));
#10628 = ORIENTED_EDGE('',*,*,#10517,.F.);
#10629 = ORIENTED_EDGE('',*,*,#10630,.F.);
#10630 = EDGE_CURVE('',#10631,#10518,#10633,.T.);
#10631 = VERTEX_POINT('',#10632);
#10632 = CARTESIAN_POINT('',(42.254933904361,93.724999999995,1.5));
#10633 = SURFACE_CURVE('',#10634,(#10648,#10670),.PCURVE_S1.);
#10634 = ( BOUNDED_CURVE() B_SPLINE_CURVE(12,(#10635,#10636,#10637,
    #10638,#10639,#10640,#10641,#10642,#10643,#10644,#10645,#10646,
#10647),.UNSPECIFIED.,.F.,.F.) B_SPLINE_CURVE_WITH_KNOTS((13,13),(
303.38269621468,309.48239758411),.PIECEWISE_BEZIER_KNOTS.) CURVE() 
GEOMETRIC_REPRESENTATION_ITEM() RATIONAL_B_SPLINE_CURVE((1.,1.,
    0.999999999999,1.000000000002,0.999999999997,1.000000000004,
    0.999999999996,1.000000000004,0.999999999998,1.000000000001,1.,1.,1.
)) REPRESENTATION_ITEM('') );
#10635 = CARTESIAN_POINT('',(42.254933904361,93.724999999995,1.5));
#10636 = CARTESIAN_POINT('',(41.781012445368,93.724999999995,1.5));
#10637 = CARTESIAN_POINT('',(41.289344887082,93.666540833421,1.5));
#10638 = CARTESIAN_POINT('',(40.790625250625,93.54229270576,1.5));
#10639 = CARTESIAN_POINT('',(40.29737731424,93.348131967465,
    1.500000000001));
#10640 = CARTESIAN_POINT('',(39.826041303942,93.080422139076,
    1.499999999999));
#10641 = CARTESIAN_POINT('',(39.39295582205,92.749121438178,
    1.500000000001));
#10642 = CARTESIAN_POINT('',(39.00968221928,92.353340376278,
    1.499999999999));
#10643 = CARTESIAN_POINT('',(38.692485557374,91.917973671477,
    1.500000000001));
#10644 = CARTESIAN_POINT('',(38.441722158889,91.44971390189,1.5));
#10645 = CARTESIAN_POINT('',(38.26124268356,90.968733006422,1.5));
#10646 = CARTESIAN_POINT('',(38.146596534851,90.487007522891,1.5));
#10647 = CARTESIAN_POINT('',(38.092103189641,90.016223867593,1.5));
#10648 = PCURVE('',#5551,#10649);
#10649 = DEFINITIONAL_REPRESENTATION('',(#10650),#10669);
#10650 = B_SPLINE_CURVE_WITH_KNOTS('',9,(#10651,#10652,#10653,#10654,
    #10655,#10656,#10657,#10658,#10659,#10660,#10661,#10662,#10663,
    #10664,#10665,#10666,#10667,#10668),.UNSPECIFIED.,.F.,.F.,(10,8,10),
  (303.38269621468,306.4325468994,309.48239758411),.UNSPECIFIED.);
#10651 = CARTESIAN_POINT('',(11.,1.5));
#10652 = CARTESIAN_POINT('',(10.376641203134,1.5));
#10653 = CARTESIAN_POINT('',(9.757375946442,1.5));
#10654 = CARTESIAN_POINT('',(9.142053037751,1.5));
#10655 = CARTESIAN_POINT('',(8.53002636872,1.5));
#10656 = CARTESIAN_POINT('',(7.920929823013,1.5));
#10657 = CARTESIAN_POINT('',(7.314194266089,1.5));
#10658 = CARTESIAN_POINT('',(6.708943168875,1.5));
#10659 = CARTESIAN_POINT('',(6.10445899157,1.5));
#10660 = CARTESIAN_POINT('',(4.89547706321,1.5));
#10661 = CARTESIAN_POINT('',(4.29097783904,1.5));
#10662 = CARTESIAN_POINT('',(3.685748978851,1.5));
#10663 = CARTESIAN_POINT('',(3.078910546104,1.5));
#10664 = CARTESIAN_POINT('',(2.470125255061,1.5));
#10665 = CARTESIAN_POINT('',(1.857921283102,1.5));
#10666 = CARTESIAN_POINT('',(1.242673189625,1.5));
#10667 = CARTESIAN_POINT('',(0.623366048209,1.5));
#10668 = CARTESIAN_POINT('',(4.4E-16,1.5));
#10669 = ( GEOMETRIC_REPRESENTATION_CONTEXT(2) 
PARAMETRIC_REPRESENTATION_CONTEXT() REPRESENTATION_CONTEXT('2D SPACE',''
  ) );
#10670 = PCURVE('',#10671,#10711);
#10671 = ( BOUNDED_SURFACE() B_SPLINE_SURFACE(2,12,(
    (#10672,#10673,#10674,#10675,#10676,#10677,#10678,#10679,#10680
      ,#10681,#10682,#10683,#10684)
    ,(#10685,#10686,#10687,#10688,#10689,#10690,#10691,#10692,#10693
      ,#10694,#10695,#10696,#10697)
    ,(#10698,#10699,#10700,#10701,#10702,#10703,#10704,#10705,#10706
      ,#10707,#10708,#10709,#10710
)),.UNSPECIFIED.,.F.,.F.,.F.) B_SPLINE_SURFACE_WITH_KNOTS((3,3),(13,13),
  (0.,6.099701369439),(303.38269621468,309.48239758411),
.PIECEWISE_BEZIER_KNOTS.) GEOMETRIC_REPRESENTATION_ITEM() 
RATIONAL_B_SPLINE_SURFACE((
    (1.,1.,0.999999999999,1.000000000002,0.999999999997,1.000000000004
      ,0.999999999996,1.000000000004,0.999999999998,1.000000000001,1.,1.
      ,1.)
    ,(0.707106781187,0.707106781187,0.707106781186,0.707106781188
      ,0.707106781184,0.70710678119,0.707106781183,0.70710678119
      ,0.707106781185,0.707106781188,0.707106781186,0.707106781187
      ,0.707106781187)
    ,(1.,1.,0.999999999999,1.000000000002,0.999999999997,1.000000000004
      ,0.999999999996,1.000000000004,0.999999999998,1.000000000001,1.,1.
,1.))) REPRESENTATION_ITEM('') SURFACE() );
#10672 = CARTESIAN_POINT('',(42.254933904361,93.724999999995,1.5));
#10673 = CARTESIAN_POINT('',(41.781012445368,93.724999999995,1.5));
#10674 = CARTESIAN_POINT('',(41.289344887082,93.666540833421,1.5));
#10675 = CARTESIAN_POINT('',(40.790625250625,93.54229270576,1.5));
#10676 = CARTESIAN_POINT('',(40.29737731424,93.348131967465,
    1.500000000001));
#10677 = CARTESIAN_POINT('',(39.826041303942,93.080422139076,
    1.499999999999));
#10678 = CARTESIAN_POINT('',(39.39295582205,92.749121438178,
    1.500000000001));
#10679 = CARTESIAN_POINT('',(39.00968221928,92.353340376278,
    1.499999999999));
#10680 = CARTESIAN_POINT('',(38.692485557374,91.917973671477,
    1.500000000001));
#10681 = CARTESIAN_POINT('',(38.441722158889,91.44971390189,1.5));
#10682 = CARTESIAN_POINT('',(38.26124268356,90.968733006422,1.5));
#10683 = CARTESIAN_POINT('',(38.146596534851,90.487007522891,1.5));
#10684 = CARTESIAN_POINT('',(38.092103189641,90.016223867593,1.5));
#10685 = CARTESIAN_POINT('',(42.254933904361,93.724999999995,3.3E-16));
#10686 = CARTESIAN_POINT('',(41.781012445368,93.724999999995,3.242E-14)
  );
#10687 = CARTESIAN_POINT('',(41.289344887082,93.666540833421,-1.4988E-13
    ));
#10688 = CARTESIAN_POINT('',(40.790625250625,93.542292705759,4.1411E-13)
  );
#10689 = CARTESIAN_POINT('',(40.297377314238,93.348131967467,-8.2023E-13
    ));
#10690 = CARTESIAN_POINT('',(39.826041303946,93.080422139074,1.24178E-12
    ));
#10691 = CARTESIAN_POINT('',(39.392955822045,92.749121438181,-1.4817E-12
    ));
#10692 = CARTESIAN_POINT('',(39.009682219285,92.353340376276,1.40654E-12
    ));
#10693 = CARTESIAN_POINT('',(38.69248555737,91.917973671479,-1.04938E-12
    ));
#10694 = CARTESIAN_POINT('',(38.441722158891,91.44971390189,5.9475E-13)
  );
#10695 = CARTESIAN_POINT('',(38.261242683559,90.968733006422,-2.3992E-13
    ));
#10696 = CARTESIAN_POINT('',(38.146596534851,90.487007522891,5.673E-14)
  );
#10697 = CARTESIAN_POINT('',(38.092103189641,90.016223867593,2.2E-16));
#10698 = CARTESIAN_POINT('',(42.254933922503,92.224999999995,0.));
#10699 = CARTESIAN_POINT('',(41.950647525425,92.225000002047,-1.799E-14)
  );
#10700 = CARTESIAN_POINT('',(41.635039243199,92.187564459303,7.816E-14)
  );
#10701 = CARTESIAN_POINT('',(41.314204202077,92.107048292683,-2.025E-13)
  );
#10702 = CARTESIAN_POINT('',(41.0000107219,91.985034674936,3.7703E-13));
#10703 = CARTESIAN_POINT('',(40.691623363629,91.807426884521,-5.3313E-13
    ));
#10704 = CARTESIAN_POINT('',(40.422003683064,91.602715473231,5.8076E-13)
  );
#10705 = CARTESIAN_POINT('',(40.16780525161,91.341332985869,-4.8617E-13)
  );
#10706 = CARTESIAN_POINT('',(39.969214961435,91.065883630186,3.1175E-13)
  );
#10707 = CARTESIAN_POINT('',(39.806235361449,90.763999179429,-1.4844E-13
    ));
#10708 = CARTESIAN_POINT('',(39.690796409314,90.455303811084,4.963E-14)
  );
#10709 = CARTESIAN_POINT('',(39.617142295649,90.146020043209,-9.44E-15)
  );
#10710 = CARTESIAN_POINT('',(39.582154450095,89.843749981975,0.));
#10711 = DEFINITIONAL_REPRESENTATION('',(#10712),#10716);
#10712 = LINE('',#10713,#10714);
#10713 = CARTESIAN_POINT('',(0.,0.));
#10714 = VECTOR('',#10715,1.);
#10715 = DIRECTION('',(0.,1.));
#10716 = ( GEOMETRIC_REPRESENTATION_CONTEXT(2) 
PARAMETRIC_REPRESENTATION_CONTEXT() REPRESENTATION_CONTEXT('2D SPACE',''
  ) );
#10717 = ORIENTED_EDGE('',*,*,#10718,.T.);
#10718 = EDGE_CURVE('',#10631,#5469,#10719,.T.);
#10719 = SURFACE_CURVE('',#10720,(#10726,#10733),.PCURVE_S1.);
#10720 = B_SPLINE_CURVE_WITH_KNOTS('',2,(#10721,#10722,#10723,#10724,
    #10725),.UNSPECIFIED.,.F.,.F.,(3,1,1,3),(-0.6732,2.198E-14,11.,
    11.6732),.UNSPECIFIED.);
#10721 = CARTESIAN_POINT('',(42.254933904361,93.724999999995,-0.6732));
#10722 = CARTESIAN_POINT('',(42.254933904361,93.724999999995,-0.3366));
#10723 = CARTESIAN_POINT('',(42.254933904361,93.724999999995,5.5));
#10724 = CARTESIAN_POINT('',(42.254933904361,93.724999999995,11.3366));
#10725 = CARTESIAN_POINT('',(42.254933904361,93.724999999995,11.6732));
#10726 = PCURVE('',#5551,#10727);
#10727 = DEFINITIONAL_REPRESENTATION('',(#10728),#10732);
#10728 = LINE('',#10729,#10730);
#10729 = CARTESIAN_POINT('',(11.,0.));
#10730 = VECTOR('',#10731,1.);
#10731 = DIRECTION('',(0.,1.));
#10732 = ( GEOMETRIC_REPRESENTATION_CONTEXT(2) 
PARAMETRIC_REPRESENTATION_CONTEXT() REPRESENTATION_CONTEXT('2D SPACE',''
  ) );
#10733 = PCURVE('',#5729,#10734);
#10734 = DEFINITIONAL_REPRESENTATION('',(#10735),#10741);
#10735 = B_SPLINE_CURVE_WITH_KNOTS('',2,(#10736,#10737,#10738,#10739,
    #10740),.UNSPECIFIED.,.F.,.F.,(3,1,1,3),(-0.6732,2.198E-14,11.,
    11.6732),.UNSPECIFIED.);
#10736 = CARTESIAN_POINT('',(14.895066095639,0.6732));
#10737 = CARTESIAN_POINT('',(14.895066095639,0.3366));
#10738 = CARTESIAN_POINT('',(14.895066095639,-5.5));
#10739 = CARTESIAN_POINT('',(14.895066095639,-11.3366));
#10740 = CARTESIAN_POINT('',(14.895066095639,-11.6732));
#10741 = ( GEOMETRIC_REPRESENTATION_CONTEXT(2) 
PARAMETRIC_REPRESENTATION_CONTEXT() REPRESENTATION_CONTEXT('2D SPACE',''
  ) );
#10742 = ORIENTED_EDGE('',*,*,#5527,.T.);
#10743 = ADVANCED_FACE('',(#10744),#5621,.F.);
#10744 = FACE_BOUND('',#10745,.F.);
#10745 = EDGE_LOOP('',(#10746,#10773,#10859,#10860));
#10746 = ORIENTED_EDGE('',*,*,#10747,.F.);
#10747 = EDGE_CURVE('',#10748,#5596,#10750,.T.);
#10748 = VERTEX_POINT('',#10749);
#10749 = CARTESIAN_POINT('',(80.045066095639,98.487499999992,1.5));
#10750 = SURFACE_CURVE('',#10751,(#10757,#10764),.PCURVE_S1.);
#10751 = B_SPLINE_CURVE_WITH_KNOTS('',2,(#10752,#10753,#10754,#10755,
    #10756),.UNSPECIFIED.,.F.,.F.,(3,1,1,3),(-0.6732,2.065E-14,11.,
    11.6732),.UNSPECIFIED.);
#10752 = CARTESIAN_POINT('',(80.045066095639,98.487499999992,-0.6732));
#10753 = CARTESIAN_POINT('',(80.045066095639,98.487499999992,-0.3366));
#10754 = CARTESIAN_POINT('',(80.045066095639,98.487499999992,5.5));
#10755 = CARTESIAN_POINT('',(80.045066095639,98.487499999992,11.3366));
#10756 = CARTESIAN_POINT('',(80.045066095639,98.487499999992,11.6732));
#10757 = PCURVE('',#5621,#10758);
#10758 = DEFINITIONAL_REPRESENTATION('',(#10759),#10763);
#10759 = LINE('',#10760,#10761);
#10760 = CARTESIAN_POINT('',(0.,0.));
#10761 = VECTOR('',#10762,1.);
#10762 = DIRECTION('',(0.,1.));
#10763 = ( GEOMETRIC_REPRESENTATION_CONTEXT(2) 
PARAMETRIC_REPRESENTATION_CONTEXT() REPRESENTATION_CONTEXT('2D SPACE',''
  ) );
#10764 = PCURVE('',#5763,#10765);
#10765 = DEFINITIONAL_REPRESENTATION('',(#10766),#10772);
#10766 = B_SPLINE_CURVE_WITH_KNOTS('',2,(#10767,#10768,#10769,#10770,
    #10771),.UNSPECIFIED.,.F.,.F.,(3,1,1,3),(-0.6732,2.065E-14,11.,
    11.6732),.UNSPECIFIED.);
#10767 = CARTESIAN_POINT('',(4.154933904361,0.6732));
#10768 = CARTESIAN_POINT('',(4.154933904361,0.3366));
#10769 = CARTESIAN_POINT('',(4.154933904361,-5.5));
#10770 = CARTESIAN_POINT('',(4.154933904361,-11.3366));
#10771 = CARTESIAN_POINT('',(4.154933904361,-11.6732));
#10772 = ( GEOMETRIC_REPRESENTATION_CONTEXT(2) 
PARAMETRIC_REPRESENTATION_CONTEXT() REPRESENTATION_CONTEXT('2D SPACE',''
  ) );
#10773 = ORIENTED_EDGE('',*,*,#10774,.F.);
#10774 = EDGE_CURVE('',#10574,#10748,#10775,.T.);
#10775 = SURFACE_CURVE('',#10776,(#10790,#10812),.PCURVE_S1.);
#10776 = ( BOUNDED_CURVE() B_SPLINE_CURVE(12,(#10777,#10778,#10779,
    #10780,#10781,#10782,#10783,#10784,#10785,#10786,#10787,#10788,
#10789),.UNSPECIFIED.,.F.,.F.) B_SPLINE_CURVE_WITH_KNOTS((13,13),(
257.00569541516,263.1053967846),.PIECEWISE_BEZIER_KNOTS.) CURVE() 
GEOMETRIC_REPRESENTATION_ITEM() RATIONAL_B_SPLINE_CURVE((1.,1.,1.,1.,1.,
    0.999999999999,1.000000000001,0.999999999999,1.000000000001,1.,1.,1.
,1.)) REPRESENTATION_ITEM('') );
#10777 = CARTESIAN_POINT('',(84.207896810359,94.77872386759,1.5));
#10778 = CARTESIAN_POINT('',(84.153404099046,95.249502046467,1.5));
#10779 = CARTESIAN_POINT('',(84.038799458838,95.731186838081,1.5));
#10780 = CARTESIAN_POINT('',(83.858031336152,96.212312350635,1.5));
#10781 = CARTESIAN_POINT('',(83.608443447806,96.679963721903,1.5));
#10782 = CARTESIAN_POINT('',(83.288313772876,97.1173916337,1.5));
#10783 = CARTESIAN_POINT('',(82.909413135724,97.509510870979,1.5));
#10784 = CARTESIAN_POINT('',(82.472187301306,97.844734487763,1.5));
#10785 = CARTESIAN_POINT('',(82.003236072548,98.109767759215,1.5));
#10786 = CARTESIAN_POINT('',(81.50924860979,98.305026255889,1.5));
#10787 = CARTESIAN_POINT('',(81.010705820689,98.429004279082,1.5));
#10788 = CARTESIAN_POINT('',(80.518993067616,98.487499999992,1.5));
#10789 = CARTESIAN_POINT('',(80.045066095639,98.487499999992,1.5));
#10790 = PCURVE('',#5621,#10791);
#10791 = DEFINITIONAL_REPRESENTATION('',(#10792),#10811);
#10792 = B_SPLINE_CURVE_WITH_KNOTS('',9,(#10793,#10794,#10795,#10796,
    #10797,#10798,#10799,#10800,#10801,#10802,#10803,#10804,#10805,
    #10806,#10807,#10808,#10809,#10810),.UNSPECIFIED.,.F.,.F.,(10,8,10),
  (257.00569541516,260.05554609988,263.1053967846),.UNSPECIFIED.);
#10793 = CARTESIAN_POINT('',(11.,1.5));
#10794 = CARTESIAN_POINT('',(10.376641203135,1.5));
#10795 = CARTESIAN_POINT('',(9.757375946442,1.5));
#10796 = CARTESIAN_POINT('',(9.142053037753,1.5));
#10797 = CARTESIAN_POINT('',(8.530026368722,1.5));
#10798 = CARTESIAN_POINT('',(7.920929823015,1.5));
#10799 = CARTESIAN_POINT('',(7.31419426609,1.5));
#10800 = CARTESIAN_POINT('',(6.708943168876,1.5));
#10801 = CARTESIAN_POINT('',(6.10445899157,1.5));
#10802 = CARTESIAN_POINT('',(4.895477063211,1.5));
#10803 = CARTESIAN_POINT('',(4.290977839041,1.5));
#10804 = CARTESIAN_POINT('',(3.685748978855,1.5));
#10805 = CARTESIAN_POINT('',(3.078910546103,1.5));
#10806 = CARTESIAN_POINT('',(2.470125255063,1.5));
#10807 = CARTESIAN_POINT('',(1.857921283098,1.5));
#10808 = CARTESIAN_POINT('',(1.242673189623,1.5));
#10809 = CARTESIAN_POINT('',(0.623366048209,1.5));
#10810 = CARTESIAN_POINT('',(1.78E-15,1.5));
#10811 = ( GEOMETRIC_REPRESENTATION_CONTEXT(2) 
PARAMETRIC_REPRESENTATION_CONTEXT() REPRESENTATION_CONTEXT('2D SPACE',''
  ) );
#10812 = PCURVE('',#10813,#10853);
#10813 = ( BOUNDED_SURFACE() B_SPLINE_SURFACE(2,12,(
    (#10814,#10815,#10816,#10817,#10818,#10819,#10820,#10821,#10822
      ,#10823,#10824,#10825,#10826)
    ,(#10827,#10828,#10829,#10830,#10831,#10832,#10833,#10834,#10835
      ,#10836,#10837,#10838,#10839)
    ,(#10840,#10841,#10842,#10843,#10844,#10845,#10846,#10847,#10848
      ,#10849,#10850,#10851,#10852
)),.UNSPECIFIED.,.F.,.F.,.F.) B_SPLINE_SURFACE_WITH_KNOTS((3,3),(13,13),
  (0.,6.099701369439),(257.00569541516,263.1053967846),
.PIECEWISE_BEZIER_KNOTS.) GEOMETRIC_REPRESENTATION_ITEM() 
RATIONAL_B_SPLINE_SURFACE((
    (1.,1.,1.,1.,1.,0.999999999999,1.000000000001,0.999999999999
      ,1.000000000001,1.,1.,1.,1.)
    ,(0.707106781187,0.707106781187,0.707106781187,0.707106781186
      ,0.707106781187,0.707106781186,0.707106781188,0.707106781186
      ,0.707106781187,0.707106781186,0.707106781187,0.707106781187
      ,0.707106781187)
    ,(1.,1.,1.,1.,1.,0.999999999999,1.000000000001,0.999999999999
,1.000000000001,1.,1.,1.,1.))) REPRESENTATION_ITEM('') SURFACE() );
#10814 = CARTESIAN_POINT('',(84.207896810359,94.77872386759,1.5));
#10815 = CARTESIAN_POINT('',(84.153404099046,95.249502046467,1.5));
#10816 = CARTESIAN_POINT('',(84.038799458838,95.731186838081,1.5));
#10817 = CARTESIAN_POINT('',(83.858031336152,96.212312350635,1.5));
#10818 = CARTESIAN_POINT('',(83.608443447806,96.679963721903,1.5));
#10819 = CARTESIAN_POINT('',(83.288313772876,97.1173916337,1.5));
#10820 = CARTESIAN_POINT('',(82.909413135724,97.509510870979,1.5));
#10821 = CARTESIAN_POINT('',(82.472187301306,97.844734487763,1.5));
#10822 = CARTESIAN_POINT('',(82.003236072548,98.109767759215,1.5));
#10823 = CARTESIAN_POINT('',(81.50924860979,98.305026255889,1.5));
#10824 = CARTESIAN_POINT('',(81.010705820689,98.429004279082,1.5));
#10825 = CARTESIAN_POINT('',(80.518993067616,98.487499999992,1.5));
#10826 = CARTESIAN_POINT('',(80.045066095639,98.487499999992,1.5));
#10827 = CARTESIAN_POINT('',(84.207896810359,94.77872386759,3.3E-16));
#10828 = CARTESIAN_POINT('',(84.153404099046,95.249502046467,2.52E-14));
#10829 = CARTESIAN_POINT('',(84.038799458838,95.731186838081,-1.1247E-13
    ));
#10830 = CARTESIAN_POINT('',(83.858031336153,96.212312350636,2.9521E-13)
  );
#10831 = CARTESIAN_POINT('',(83.608443447806,96.679963721898,-5.4623E-13
    ));
#10832 = CARTESIAN_POINT('',(83.288313772875,97.11739163371,7.6705E-13)
  );
#10833 = CARTESIAN_POINT('',(82.909413135726,97.509510870965,-8.4899E-13
    ));
#10834 = CARTESIAN_POINT('',(82.472187301304,97.844734487776,7.6161E-13)
  );
#10835 = CARTESIAN_POINT('',(82.003236072549,98.109767759208,-5.5012E-13
    ));
#10836 = CARTESIAN_POINT('',(81.50924860979,98.305026255891,3.0964E-13)
  );
#10837 = CARTESIAN_POINT('',(81.010705820689,98.429004279082,-1.2623E-13
    ));
#10838 = CARTESIAN_POINT('',(80.518993067616,98.487499999992,3.009E-14)
  );
#10839 = CARTESIAN_POINT('',(80.045066095639,98.487499999992,6.7E-16));
#10840 = CARTESIAN_POINT('',(82.717845549905,94.606249981972,0.));
#10841 = CARTESIAN_POINT('',(82.682857917436,94.908518202302,2.853E-14)
  );
#10842 = CARTESIAN_POINT('',(82.609381211563,95.21772878,-1.2457E-13));
#10843 = CARTESIAN_POINT('',(82.492508627472,95.527177928969,3.213E-13)
  );
#10844 = CARTESIAN_POINT('',(82.335177487578,95.825258083125,-5.9142E-13
    ));
#10845 = CARTESIAN_POINT('',(82.123288505695,96.111178263151,8.2478E-13)
  );
#10846 = CARTESIAN_POINT('',(81.888933275179,96.355471447536,-8.9151E-13
    ));
#10847 = CARTESIAN_POINT('',(81.600056013747,96.577929477681,7.5429E-13)
  );
#10848 = CARTESIAN_POINT('',(81.303599150164,96.743530742263,-4.9927E-13
    ));
#10849 = CARTESIAN_POINT('',(80.984977130771,96.870717928909,2.5624E-13)
  );
#10850 = CARTESIAN_POINT('',(80.665055713544,96.949896643758,-9.737E-14)
  );
#10851 = CARTESIAN_POINT('',(80.349354327771,96.987500002044,2.276E-14)
  );
#10852 = CARTESIAN_POINT('',(80.045066077496,96.987499999992,0.));
#10853 = DEFINITIONAL_REPRESENTATION('',(#10854),#10858);
#10854 = LINE('',#10855,#10856);
#10855 = CARTESIAN_POINT('',(0.,0.));
#10856 = VECTOR('',#10857,1.);
#10857 = DIRECTION('',(0.,1.));
#10858 = ( GEOMETRIC_REPRESENTATION_CONTEXT(2) 
PARAMETRIC_REPRESENTATION_CONTEXT() REPRESENTATION_CONTEXT('2D SPACE',''
  ) );
#10859 = ORIENTED_EDGE('',*,*,#10573,.T.);
#10860 = ORIENTED_EDGE('',*,*,#5595,.T.);
#10861 = ADVANCED_FACE('',(#10862),#5729,.F.);
#10862 = FACE_BOUND('',#10863,.F.);
#10863 = EDGE_LOOP('',(#10864,#10865,#10893,#10914));
#10864 = ORIENTED_EDGE('',*,*,#10718,.F.);
#10865 = ORIENTED_EDGE('',*,*,#10866,.F.);
#10866 = EDGE_CURVE('',#10867,#10631,#10869,.T.);
#10867 = VERTEX_POINT('',#10868);
#10868 = CARTESIAN_POINT('',(55.959375,93.724999999995,1.5));
#10869 = SURFACE_CURVE('',#10870,(#10874,#10881),.PCURVE_S1.);
#10870 = LINE('',#10871,#10872);
#10871 = CARTESIAN_POINT('',(55.959375,93.724999999995,1.5));
#10872 = VECTOR('',#10873,1.);
#10873 = DIRECTION('',(-1.,0.,0.));
#10874 = PCURVE('',#5729,#10875);
#10875 = DEFINITIONAL_REPRESENTATION('',(#10876),#10880);
#10876 = LINE('',#10877,#10878);
#10877 = CARTESIAN_POINT('',(1.190625,-1.5));
#10878 = VECTOR('',#10879,1.);
#10879 = DIRECTION('',(1.,0.));
#10880 = ( GEOMETRIC_REPRESENTATION_CONTEXT(2) 
PARAMETRIC_REPRESENTATION_CONTEXT() REPRESENTATION_CONTEXT('2D SPACE',''
  ) );
#10881 = PCURVE('',#10882,#10887);
#10882 = CYLINDRICAL_SURFACE('',#10883,1.5);
#10883 = AXIS2_PLACEMENT_3D('',#10884,#10885,#10886);
#10884 = CARTESIAN_POINT('',(55.959375,92.224999999995,1.5));
#10885 = DIRECTION('',(-1.,0.,0.));
#10886 = DIRECTION('',(0.,1.,0.));
#10887 = DEFINITIONAL_REPRESENTATION('',(#10888),#10892);
#10888 = LINE('',#10889,#10890);
#10889 = CARTESIAN_POINT('',(0.,0.));
#10890 = VECTOR('',#10891,1.);
#10891 = DIRECTION('',(0.,1.));
#10892 = ( GEOMETRIC_REPRESENTATION_CONTEXT(2) 
PARAMETRIC_REPRESENTATION_CONTEXT() REPRESENTATION_CONTEXT('2D SPACE',''
  ) );
#10893 = ORIENTED_EDGE('',*,*,#10894,.T.);
#10894 = EDGE_CURVE('',#10867,#5692,#10895,.T.);
#10895 = SURFACE_CURVE('',#10896,(#10900,#10907),.PCURVE_S1.);
#10896 = LINE('',#10897,#10898);
#10897 = CARTESIAN_POINT('',(55.959375,93.724999999995,0.));
#10898 = VECTOR('',#10899,1.);
#10899 = DIRECTION('',(0.,0.,1.));
#10900 = PCURVE('',#5729,#10901);
#10901 = DEFINITIONAL_REPRESENTATION('',(#10902),#10906);
#10902 = LINE('',#10903,#10904);
#10903 = CARTESIAN_POINT('',(1.190625,0.));
#10904 = VECTOR('',#10905,1.);
#10905 = DIRECTION('',(0.,-1.));
#10906 = ( GEOMETRIC_REPRESENTATION_CONTEXT(2) 
PARAMETRIC_REPRESENTATION_CONTEXT() REPRESENTATION_CONTEXT('2D SPACE',''
  ) );
#10907 = PCURVE('',#5883,#10908);
#10908 = DEFINITIONAL_REPRESENTATION('',(#10909),#10913);
#10909 = LINE('',#10910,#10911);
#10910 = CARTESIAN_POINT('',(0.,0.));
#10911 = VECTOR('',#10912,1.);
#10912 = DIRECTION('',(0.,1.));
#10913 = ( GEOMETRIC_REPRESENTATION_CONTEXT(2) 
PARAMETRIC_REPRESENTATION_CONTEXT() REPRESENTATION_CONTEXT('2D SPACE',''
  ) );
#10914 = ORIENTED_EDGE('',*,*,#5715,.T.);
#10915 = ADVANCED_FACE('',(#10916),#5763,.F.);
#10916 = FACE_BOUND('',#10917,.F.);
#10917 = EDGE_LOOP('',(#10918,#10919,#10920,#10947));
#10918 = ORIENTED_EDGE('',*,*,#10747,.T.);
#10919 = ORIENTED_EDGE('',*,*,#5747,.T.);
#10920 = ORIENTED_EDGE('',*,*,#10921,.F.);
#10921 = EDGE_CURVE('',#10922,#5748,#10924,.T.);
#10922 = VERTEX_POINT('',#10923);
#10923 = CARTESIAN_POINT('',(61.304933904361,98.487499999992,1.5));
#10924 = SURFACE_CURVE('',#10925,(#10931,#10940),.PCURVE_S1.);
#10925 = B_SPLINE_CURVE_WITH_KNOTS('',2,(#10926,#10927,#10928,#10929,
    #10930),.UNSPECIFIED.,.F.,.F.,(3,1,1,3),(-0.6732,2.076E-14,11.,
    11.6732),.UNSPECIFIED.);
#10926 = CARTESIAN_POINT('',(61.304933904361,98.487499999992,-0.6732));
#10927 = CARTESIAN_POINT('',(61.304933904361,98.487499999992,-0.3366));
#10928 = CARTESIAN_POINT('',(61.304933904361,98.487499999992,5.5));
#10929 = CARTESIAN_POINT('',(61.304933904361,98.487499999992,11.3366));
#10930 = CARTESIAN_POINT('',(61.304933904361,98.487499999992,11.6732));
#10931 = PCURVE('',#5763,#10932);
#10932 = DEFINITIONAL_REPRESENTATION('',(#10933),#10939);
#10933 = B_SPLINE_CURVE_WITH_KNOTS('',2,(#10934,#10935,#10936,#10937,
    #10938),.UNSPECIFIED.,.F.,.F.,(3,1,1,3),(-0.6732,2.076E-14,11.,
    11.6732),.UNSPECIFIED.);
#10934 = CARTESIAN_POINT('',(22.895066095639,0.6732));
#10935 = CARTESIAN_POINT('',(22.895066095639,0.3366));
#10936 = CARTESIAN_POINT('',(22.895066095639,-5.5));
#10937 = CARTESIAN_POINT('',(22.895066095639,-11.3366));
#10938 = CARTESIAN_POINT('',(22.895066095639,-11.6732));
#10939 = ( GEOMETRIC_REPRESENTATION_CONTEXT(2) 
PARAMETRIC_REPRESENTATION_CONTEXT() REPRESENTATION_CONTEXT('2D SPACE',''
  ) );
#10940 = PCURVE('',#5923,#10941);
#10941 = DEFINITIONAL_REPRESENTATION('',(#10942),#10946);
#10942 = LINE('',#10943,#10944);
#10943 = CARTESIAN_POINT('',(11.,0.));
#10944 = VECTOR('',#10945,1.);
#10945 = DIRECTION('',(0.,1.));
#10946 = ( GEOMETRIC_REPRESENTATION_CONTEXT(2) 
PARAMETRIC_REPRESENTATION_CONTEXT() REPRESENTATION_CONTEXT('2D SPACE',''
  ) );
#10947 = ORIENTED_EDGE('',*,*,#10948,.F.);
#10948 = EDGE_CURVE('',#10748,#10922,#10949,.T.);
#10949 = SURFACE_CURVE('',#10950,(#10954,#10961),.PCURVE_S1.);
#10950 = LINE('',#10951,#10952);
#10951 = CARTESIAN_POINT('',(80.045066095639,98.487499999992,1.5));
#10952 = VECTOR('',#10953,1.);
#10953 = DIRECTION('',(-1.,0.,0.));
#10954 = PCURVE('',#5763,#10955);
#10955 = DEFINITIONAL_REPRESENTATION('',(#10956),#10960);
#10956 = LINE('',#10957,#10958);
#10957 = CARTESIAN_POINT('',(4.154933904361,-1.5));
#10958 = VECTOR('',#10959,1.);
#10959 = DIRECTION('',(1.,0.));
#10960 = ( GEOMETRIC_REPRESENTATION_CONTEXT(2) 
PARAMETRIC_REPRESENTATION_CONTEXT() REPRESENTATION_CONTEXT('2D SPACE',''
  ) );
#10961 = PCURVE('',#10962,#10967);
#10962 = CYLINDRICAL_SURFACE('',#10963,1.5);
#10963 = AXIS2_PLACEMENT_3D('',#10964,#10965,#10966);
#10964 = CARTESIAN_POINT('',(80.045066095639,96.987499999992,1.5));
#10965 = DIRECTION('',(-1.,0.,0.));
#10966 = DIRECTION('',(0.,1.,0.));
#10967 = DEFINITIONAL_REPRESENTATION('',(#10968),#10972);
#10968 = LINE('',#10969,#10970);
#10969 = CARTESIAN_POINT('',(0.,0.));
#10970 = VECTOR('',#10971,1.);
#10971 = DIRECTION('',(0.,1.));
#10972 = ( GEOMETRIC_REPRESENTATION_CONTEXT(2) 
PARAMETRIC_REPRESENTATION_CONTEXT() REPRESENTATION_CONTEXT('2D SPACE',''
  ) );
#10973 = ADVANCED_FACE('',(#10974),#5883,.F.);
#10974 = FACE_BOUND('',#10975,.F.);
#10975 = EDGE_LOOP('',(#10976,#11000,#11001,#11002));
#10976 = ORIENTED_EDGE('',*,*,#10977,.T.);
#10977 = EDGE_CURVE('',#10978,#5837,#10980,.T.);
#10978 = VERTEX_POINT('',#10979);
#10979 = CARTESIAN_POINT('',(57.142103189641,94.77872386759,1.5));
#10980 = SURFACE_CURVE('',#10981,(#10987,#10993),.PCURVE_S1.);
#10981 = B_SPLINE_CURVE_WITH_KNOTS('',2,(#10982,#10983,#10984,#10985,
    #10986),.UNSPECIFIED.,.F.,.F.,(3,1,1,3),(-0.6732,2.076E-14,11.,
    11.6732),.UNSPECIFIED.);
#10982 = CARTESIAN_POINT('',(57.142103189641,94.77872386759,-0.6732));
#10983 = CARTESIAN_POINT('',(57.142103189641,94.77872386759,-0.3366));
#10984 = CARTESIAN_POINT('',(57.142103189641,94.77872386759,5.5));
#10985 = CARTESIAN_POINT('',(57.142103189641,94.77872386759,11.3366));
#10986 = CARTESIAN_POINT('',(57.142103189641,94.77872386759,11.6732));
#10987 = PCURVE('',#5883,#10988);
#10988 = DEFINITIONAL_REPRESENTATION('',(#10989),#10992);
#10989 = B_SPLINE_CURVE_WITH_KNOTS('',1,(#10990,#10991),.UNSPECIFIED.,
  .F.,.F.,(2,2),(2.076E-14,11.),.PIECEWISE_BEZIER_KNOTS.);
#10990 = CARTESIAN_POINT('',(1.455558865068,2.11E-15));
#10991 = CARTESIAN_POINT('',(1.455558865068,11.));
#10992 = ( GEOMETRIC_REPRESENTATION_CONTEXT(2) 
PARAMETRIC_REPRESENTATION_CONTEXT() REPRESENTATION_CONTEXT('2D SPACE',''
  ) );
#10993 = PCURVE('',#5923,#10994);
#10994 = DEFINITIONAL_REPRESENTATION('',(#10995),#10999);
#10995 = LINE('',#10996,#10997);
#10996 = CARTESIAN_POINT('',(0.,0.));
#10997 = VECTOR('',#10998,1.);
#10998 = DIRECTION('',(0.,1.));
#10999 = ( GEOMETRIC_REPRESENTATION_CONTEXT(2) 
PARAMETRIC_REPRESENTATION_CONTEXT() REPRESENTATION_CONTEXT('2D SPACE',''
  ) );
#11000 = ORIENTED_EDGE('',*,*,#5868,.T.);
#11001 = ORIENTED_EDGE('',*,*,#10894,.F.);
#11002 = ORIENTED_EDGE('',*,*,#11003,.F.);
#11003 = EDGE_CURVE('',#10978,#10867,#11004,.T.);
#11004 = SURFACE_CURVE('',#11005,(#11010,#11017),.PCURVE_S1.);
#11005 = CIRCLE('',#11006,1.190625);
#11006 = AXIS2_PLACEMENT_3D('',#11007,#11008,#11009);
#11007 = CARTESIAN_POINT('',(55.959375,94.915624999995,1.5));
#11008 = DIRECTION('',(0.,-0.,-1.));
#11009 = DIRECTION('',(0.99336750836,-0.114982578398,0.));
#11010 = PCURVE('',#5883,#11011);
#11011 = DEFINITIONAL_REPRESENTATION('',(#11012),#11016);
#11012 = LINE('',#11013,#11014);
#11013 = CARTESIAN_POINT('',(1.455558865068,1.5));
#11014 = VECTOR('',#11015,1.);
#11015 = DIRECTION('',(-1.,-0.));
#11016 = ( GEOMETRIC_REPRESENTATION_CONTEXT(2) 
PARAMETRIC_REPRESENTATION_CONTEXT() REPRESENTATION_CONTEXT('2D SPACE',''
  ) );
#11017 = PCURVE('',#11018,#11023);
#11018 = TOROIDAL_SURFACE('',#11019,2.690625,1.5);
#11019 = AXIS2_PLACEMENT_3D('',#11020,#11021,#11022);
#11020 = CARTESIAN_POINT('',(55.959375,94.915624999995,1.5));
#11021 = DIRECTION('',(0.,0.,1.));
#11022 = DIRECTION('',(0.99336750836,-0.114982578398,0.));
#11023 = DEFINITIONAL_REPRESENTATION('',(#11024),#11028);
#11024 = LINE('',#11025,#11026);
#11025 = CARTESIAN_POINT('',(-0.,3.14159265359));
#11026 = VECTOR('',#11027,1.);
#11027 = DIRECTION('',(-1.,0.));
#11028 = ( GEOMETRIC_REPRESENTATION_CONTEXT(2) 
PARAMETRIC_REPRESENTATION_CONTEXT() REPRESENTATION_CONTEXT('2D SPACE',''
  ) );
#11029 = ADVANCED_FACE('',(#11030),#5923,.F.);
#11030 = FACE_BOUND('',#11031,.F.);
#11031 = EDGE_LOOP('',(#11032,#11033,#11119,#11120));
#11032 = ORIENTED_EDGE('',*,*,#10977,.F.);
#11033 = ORIENTED_EDGE('',*,*,#11034,.F.);
#11034 = EDGE_CURVE('',#10922,#10978,#11035,.T.);
#11035 = SURFACE_CURVE('',#11036,(#11050,#11072),.PCURVE_S1.);
#11036 = ( BOUNDED_CURVE() B_SPLINE_CURVE(12,(#11037,#11038,#11039,
    #11040,#11041,#11042,#11043,#11044,#11045,#11046,#11047,#11048,
#11049),.UNSPECIFIED.,.F.,.F.) B_SPLINE_CURVE_WITH_KNOTS((13,13),(
281.84552897588,287.94523034532),.PIECEWISE_BEZIER_KNOTS.) CURVE() 
GEOMETRIC_REPRESENTATION_ITEM() RATIONAL_B_SPLINE_CURVE((1.,1.,
    0.999999999999,1.000000000003,0.999999999995,1.000000000006,
    0.999999999994,1.000000000005,0.999999999996,1.000000000002,
0.999999999999,1.,1.)) REPRESENTATION_ITEM('') );
#11037 = CARTESIAN_POINT('',(61.304933904361,98.487499999992,1.5));
#11038 = CARTESIAN_POINT('',(60.831012445369,98.487499999992,1.5));
#11039 = CARTESIAN_POINT('',(60.339344887083,98.429040833418,1.5));
#11040 = CARTESIAN_POINT('',(59.840625250624,98.304792705759,1.5));
#11041 = CARTESIAN_POINT('',(59.347377314241,98.110631967452,1.5));
#11042 = CARTESIAN_POINT('',(58.87604130395,97.842922139103,1.5));
#11043 = CARTESIAN_POINT('',(58.44295582203,97.51162143813,1.5));
#11044 = CARTESIAN_POINT('',(58.059682219304,97.11584037632,1.5));
#11045 = CARTESIAN_POINT('',(57.742485557357,96.680473671446,1.5));
#11046 = CARTESIAN_POINT('',(57.491722158896,96.212213901899,1.5));
#11047 = CARTESIAN_POINT('',(57.311242683558,95.731233006418,1.5));
#11048 = CARTESIAN_POINT('',(57.196596534851,95.249507522889,1.5));
#11049 = CARTESIAN_POINT('',(57.142103189641,94.77872386759,1.5));
#11050 = PCURVE('',#5923,#11051);
#11051 = DEFINITIONAL_REPRESENTATION('',(#11052),#11071);
#11052 = B_SPLINE_CURVE_WITH_KNOTS('',9,(#11053,#11054,#11055,#11056,
    #11057,#11058,#11059,#11060,#11061,#11062,#11063,#11064,#11065,
    #11066,#11067,#11068,#11069,#11070),.UNSPECIFIED.,.F.,.F.,(10,8,10),
  (281.84552897588,284.8953796606,287.94523034532),.UNSPECIFIED.);
#11053 = CARTESIAN_POINT('',(11.,1.5));
#11054 = CARTESIAN_POINT('',(10.376641203135,1.5));
#11055 = CARTESIAN_POINT('',(9.757375946442,1.5));
#11056 = CARTESIAN_POINT('',(9.142053037753,1.5));
#11057 = CARTESIAN_POINT('',(8.53002636872,1.5));
#11058 = CARTESIAN_POINT('',(7.920929823016,1.5));
#11059 = CARTESIAN_POINT('',(7.31419426609,1.5));
#11060 = CARTESIAN_POINT('',(6.708943168876,1.5));
#11061 = CARTESIAN_POINT('',(6.10445899157,1.5));
#11062 = CARTESIAN_POINT('',(4.895477063211,1.5));
#11063 = CARTESIAN_POINT('',(4.290977839039,1.5));
#11064 = CARTESIAN_POINT('',(3.685748978854,1.5));
#11065 = CARTESIAN_POINT('',(3.078910546104,1.5));
#11066 = CARTESIAN_POINT('',(2.470125255058,1.5));
#11067 = CARTESIAN_POINT('',(1.857921283107,1.5));
#11068 = CARTESIAN_POINT('',(1.242673189624,1.5));
#11069 = CARTESIAN_POINT('',(0.623366048209,1.5));
#11070 = CARTESIAN_POINT('',(-4.4E-16,1.5));
#11071 = ( GEOMETRIC_REPRESENTATION_CONTEXT(2) 
PARAMETRIC_REPRESENTATION_CONTEXT() REPRESENTATION_CONTEXT('2D SPACE',''
  ) );
#11072 = PCURVE('',#11073,#11113);
#11073 = ( BOUNDED_SURFACE() B_SPLINE_SURFACE(2,12,(
    (#11074,#11075,#11076,#11077,#11078,#11079,#11080,#11081,#11082
      ,#11083,#11084,#11085,#11086)
    ,(#11087,#11088,#11089,#11090,#11091,#11092,#11093,#11094,#11095
      ,#11096,#11097,#11098,#11099)
    ,(#11100,#11101,#11102,#11103,#11104,#11105,#11106,#11107,#11108
      ,#11109,#11110,#11111,#11112
)),.UNSPECIFIED.,.F.,.F.,.F.) B_SPLINE_SURFACE_WITH_KNOTS((3,3),(13,13),
  (0.,6.099701369439),(281.84552897588,287.94523034532),
.PIECEWISE_BEZIER_KNOTS.) GEOMETRIC_REPRESENTATION_ITEM() 
RATIONAL_B_SPLINE_SURFACE((
    (1.,1.,0.999999999999,1.000000000003,0.999999999995,1.000000000006
      ,0.999999999994,1.000000000005,0.999999999996,1.000000000002
      ,0.999999999999,1.,1.)
    ,(0.707106781187,0.707106781187,0.707106781186,0.707106781189
      ,0.707106781183,0.707106781192,0.707106781181,0.707106781191
      ,0.707106781183,0.707106781188,0.707106781186,0.707106781187
      ,0.707106781187)
    ,(1.,1.,0.999999999999,1.000000000003,0.999999999995,1.000000000006
      ,0.999999999994,1.000000000005,0.999999999996,1.000000000002
,0.999999999999,1.,1.))) REPRESENTATION_ITEM('') SURFACE() );
#11074 = CARTESIAN_POINT('',(61.304933904361,98.487499999992,1.5));
#11075 = CARTESIAN_POINT('',(60.831012445369,98.487499999992,1.5));
#11076 = CARTESIAN_POINT('',(60.339344887083,98.429040833418,1.5));
#11077 = CARTESIAN_POINT('',(59.840625250624,98.304792705759,1.5));
#11078 = CARTESIAN_POINT('',(59.347377314241,98.110631967452,1.5));
#11079 = CARTESIAN_POINT('',(58.87604130395,97.842922139103,1.5));
#11080 = CARTESIAN_POINT('',(58.44295582203,97.51162143813,1.5));
#11081 = CARTESIAN_POINT('',(58.059682219304,97.11584037632,1.5));
#11082 = CARTESIAN_POINT('',(57.742485557357,96.680473671446,1.5));
#11083 = CARTESIAN_POINT('',(57.491722158896,96.212213901899,1.5));
#11084 = CARTESIAN_POINT('',(57.311242683558,95.731233006418,1.5));
#11085 = CARTESIAN_POINT('',(57.196596534851,95.249507522889,1.5));
#11086 = CARTESIAN_POINT('',(57.142103189641,94.77872386759,1.5));
#11087 = CARTESIAN_POINT('',(61.304933904361,98.487499999992,8.9E-16));
#11088 = CARTESIAN_POINT('',(60.831012445368,98.487499999992,2.098E-14)
  );
#11089 = CARTESIAN_POINT('',(60.339344887083,98.429040833418,-9.381E-14)
  );
#11090 = CARTESIAN_POINT('',(59.840625250621,98.304792705758,2.5502E-13)
  );
#11091 = CARTESIAN_POINT('',(59.347377314246,98.110631967454,-4.986E-13)
  );
#11092 = CARTESIAN_POINT('',(58.876041303944,97.842922139101,7.5795E-13)
  );
#11093 = CARTESIAN_POINT('',(58.442955822034,97.511621438129,-8.975E-13)
  );
#11094 = CARTESIAN_POINT('',(58.059682219303,97.115840376324,8.2956E-13)
  );
#11095 = CARTESIAN_POINT('',(57.742485557357,96.680473671442,-5.8853E-13
    ));
#11096 = CARTESIAN_POINT('',(57.491722158897,96.2122139019,3.1719E-13));
#11097 = CARTESIAN_POINT('',(57.311242683558,95.731233006418,-1.2101E-13
    ));
#11098 = CARTESIAN_POINT('',(57.196596534852,95.249507522889,2.898E-14)
  );
#11099 = CARTESIAN_POINT('',(57.142103189641,94.77872386759,5.6E-16));
#11100 = CARTESIAN_POINT('',(61.304933922504,96.987499999992,0.));
#11101 = CARTESIAN_POINT('',(61.000647525423,96.987500002044,-2.032E-14)
  );
#11102 = CARTESIAN_POINT('',(60.685039243206,96.9500644593,8.971E-14));
#11103 = CARTESIAN_POINT('',(60.364204202059,96.869548292682,-2.4258E-13
    ));
#11104 = CARTESIAN_POINT('',(60.050010721927,96.74753467492,4.7351E-13)
  );
#11105 = CARTESIAN_POINT('',(59.741623363611,96.569926884563,-7.0244E-13
    ));
#11106 = CARTESIAN_POINT('',(59.472003683057,96.365215473145,8.0425E-13)
  );
#11107 = CARTESIAN_POINT('',(59.217805251638,96.103832985967,-7.1509E-13
    ));
#11108 = CARTESIAN_POINT('',(59.019214961408,95.828383630106,4.9072E-13)
  );
#11109 = CARTESIAN_POINT('',(58.856235361462,95.526499179462,-2.5313E-13
    ));
#11110 = CARTESIAN_POINT('',(58.740796409311,95.217803811074,9.17E-14));
#11111 = CARTESIAN_POINT('',(58.667142295649,94.908520043206,-1.932E-14)
  );
#11112 = CARTESIAN_POINT('',(58.632154450095,94.606249981972,0.));
#11113 = DEFINITIONAL_REPRESENTATION('',(#11114),#11118);
#11114 = LINE('',#11115,#11116);
#11115 = CARTESIAN_POINT('',(0.,0.));
#11116 = VECTOR('',#11117,1.);
#11117 = DIRECTION('',(0.,1.));
#11118 = ( GEOMETRIC_REPRESENTATION_CONTEXT(2) 
PARAMETRIC_REPRESENTATION_CONTEXT() REPRESENTATION_CONTEXT('2D SPACE',''
  ) );
#11119 = ORIENTED_EDGE('',*,*,#10921,.T.);
#11120 = ORIENTED_EDGE('',*,*,#5899,.T.);
#11121 = ADVANCED_FACE('',(#11122,#11172,#11203,#11234,#11265,#11296,
    #11327,#11358,#11389,#11420),#6006,.T.);
#11122 = FACE_BOUND('',#11123,.T.);
#11123 = EDGE_LOOP('',(#11124,#11125,#11126,#11127,#11128,#11129,#11130,
    #11131,#11132,#11133,#11134,#11135,#11136,#11137,#11138,#11139,
    #11140,#11141,#11142,#11143,#11144,#11145,#11146,#11147,#11148,
    #11149,#11150,#11151,#11152,#11153,#11154,#11155,#11156,#11157,
    #11158,#11159,#11160,#11161,#11162,#11163,#11164,#11165,#11166,
    #11167,#11168,#11169,#11170,#11171));
#11124 = ORIENTED_EDGE('',*,*,#5990,.T.);
#11125 = ORIENTED_EDGE('',*,*,#6120,.T.);
#11126 = ORIENTED_EDGE('',*,*,#6201,.T.);
#11127 = ORIENTED_EDGE('',*,*,#6326,.T.);
#11128 = ORIENTED_EDGE('',*,*,#6403,.T.);
#11129 = ORIENTED_EDGE('',*,*,#6528,.T.);
#11130 = ORIENTED_EDGE('',*,*,#6609,.T.);
#11131 = ORIENTED_EDGE('',*,*,#6734,.T.);
#11132 = ORIENTED_EDGE('',*,*,#6811,.T.);
#11133 = ORIENTED_EDGE('',*,*,#6936,.T.);
#11134 = ORIENTED_EDGE('',*,*,#7017,.T.);
#11135 = ORIENTED_EDGE('',*,*,#7142,.T.);
#11136 = ORIENTED_EDGE('',*,*,#7223,.T.);
#11137 = ORIENTED_EDGE('',*,*,#7348,.T.);
#11138 = ORIENTED_EDGE('',*,*,#7425,.T.);
#11139 = ORIENTED_EDGE('',*,*,#7550,.T.);
#11140 = ORIENTED_EDGE('',*,*,#7631,.T.);
#11141 = ORIENTED_EDGE('',*,*,#7756,.T.);
#11142 = ORIENTED_EDGE('',*,*,#7833,.T.);
#11143 = ORIENTED_EDGE('',*,*,#7958,.T.);
#11144 = ORIENTED_EDGE('',*,*,#8035,.T.);
#11145 = ORIENTED_EDGE('',*,*,#8160,.T.);
#11146 = ORIENTED_EDGE('',*,*,#8237,.T.);
#11147 = ORIENTED_EDGE('',*,*,#8362,.T.);
#11148 = ORIENTED_EDGE('',*,*,#8394,.T.);
#11149 = ORIENTED_EDGE('',*,*,#8308,.F.);
#11150 = ORIENTED_EDGE('',*,*,#8210,.T.);
#11151 = ORIENTED_EDGE('',*,*,#8084,.T.);
#11152 = ORIENTED_EDGE('',*,*,#8008,.T.);
#11153 = ORIENTED_EDGE('',*,*,#7904,.F.);
#11154 = ORIENTED_EDGE('',*,*,#7806,.T.);
#11155 = ORIENTED_EDGE('',*,*,#7702,.F.);
#11156 = ORIENTED_EDGE('',*,*,#7604,.T.);
#11157 = ORIENTED_EDGE('',*,*,#7474,.T.);
#11158 = ORIENTED_EDGE('',*,*,#7398,.T.);
#11159 = ORIENTED_EDGE('',*,*,#7294,.F.);
#11160 = ORIENTED_EDGE('',*,*,#7196,.T.);
#11161 = ORIENTED_EDGE('',*,*,#7066,.T.);
#11162 = ORIENTED_EDGE('',*,*,#6990,.T.);
#11163 = ORIENTED_EDGE('',*,*,#6882,.F.);
#11164 = ORIENTED_EDGE('',*,*,#6784,.T.);
#11165 = ORIENTED_EDGE('',*,*,#6658,.T.);
#11166 = ORIENTED_EDGE('',*,*,#6582,.T.);
#11167 = ORIENTED_EDGE('',*,*,#6474,.F.);
#11168 = ORIENTED_EDGE('',*,*,#6376,.T.);
#11169 = ORIENTED_EDGE('',*,*,#6272,.F.);
#11170 = ORIENTED_EDGE('',*,*,#6174,.T.);
#11171 = ORIENTED_EDGE('',*,*,#6066,.F.);
#11172 = FACE_BOUND('',#11173,.T.);
#11173 = EDGE_LOOP('',(#11174));
#11174 = ORIENTED_EDGE('',*,*,#11175,.F.);
#11175 = EDGE_CURVE('',#11176,#11176,#11178,.T.);
#11176 = VERTEX_POINT('',#11177);
#11177 = CARTESIAN_POINT('',(22.5375,7.75,3.));
#11178 = SURFACE_CURVE('',#11179,(#11184,#11191),.PCURVE_S1.);
#11179 = CIRCLE('',#11180,4.25);
#11180 = AXIS2_PLACEMENT_3D('',#11181,#11182,#11183);
#11181 = CARTESIAN_POINT('',(18.2875,7.75,3.));
#11182 = DIRECTION('',(0.,0.,1.));
#11183 = DIRECTION('',(1.,0.,0.));
#11184 = PCURVE('',#6006,#11185);
#11185 = DEFINITIONAL_REPRESENTATION('',(#11186),#11190);
#11186 = CIRCLE('',#11187,4.25);
#11187 = AXIS2_PLACEMENT_2D('',#11188,#11189);
#11188 = CARTESIAN_POINT('',(-41.48379462136,-43.10318933901));
#11189 = DIRECTION('',(1.,0.));
#11190 = ( GEOMETRIC_REPRESENTATION_CONTEXT(2) 
PARAMETRIC_REPRESENTATION_CONTEXT() REPRESENTATION_CONTEXT('2D SPACE',''
  ) );
#11191 = PCURVE('',#11192,#11197);
#11192 = CYLINDRICAL_SURFACE('',#11193,4.25);
#11193 = AXIS2_PLACEMENT_3D('',#11194,#11195,#11196);
#11194 = CARTESIAN_POINT('',(18.2875,7.75,3.));
#11195 = DIRECTION('',(0.,0.,1.));
#11196 = DIRECTION('',(1.,0.,-0.));
#11197 = DEFINITIONAL_REPRESENTATION('',(#11198),#11202);
#11198 = LINE('',#11199,#11200);
#11199 = CARTESIAN_POINT('',(0.,0.));
#11200 = VECTOR('',#11201,1.);
#11201 = DIRECTION('',(1.,0.));
#11202 = ( GEOMETRIC_REPRESENTATION_CONTEXT(2) 
PARAMETRIC_REPRESENTATION_CONTEXT() REPRESENTATION_CONTEXT('2D SPACE',''
  ) );
#11203 = FACE_BOUND('',#11204,.T.);
#11204 = EDGE_LOOP('',(#11205));
#11205 = ORIENTED_EDGE('',*,*,#11206,.F.);
#11206 = EDGE_CURVE('',#11207,#11207,#11209,.T.);
#11207 = VERTEX_POINT('',#11208);
#11208 = CARTESIAN_POINT('',(24.6,27.8125,3.));
#11209 = SURFACE_CURVE('',#11210,(#11215,#11222),.PCURVE_S1.);
#11210 = CIRCLE('',#11211,1.55);
#11211 = AXIS2_PLACEMENT_3D('',#11212,#11213,#11214);
#11212 = CARTESIAN_POINT('',(23.05,27.8125,3.));
#11213 = DIRECTION('',(0.,0.,1.));
#11214 = DIRECTION('',(1.,0.,0.));
#11215 = PCURVE('',#6006,#11216);
#11216 = DEFINITIONAL_REPRESENTATION('',(#11217),#11221);
#11217 = CIRCLE('',#11218,1.55);
#11218 = AXIS2_PLACEMENT_2D('',#11219,#11220);
#11219 = CARTESIAN_POINT('',(-36.72129462136,-23.04068933901));
#11220 = DIRECTION('',(1.,0.));
#11221 = ( GEOMETRIC_REPRESENTATION_CONTEXT(2) 
PARAMETRIC_REPRESENTATION_CONTEXT() REPRESENTATION_CONTEXT('2D SPACE',''
  ) );
#11222 = PCURVE('',#11223,#11228);
#11223 = CYLINDRICAL_SURFACE('',#11224,1.55);
#11224 = AXIS2_PLACEMENT_3D('',#11225,#11226,#11227);
#11225 = CARTESIAN_POINT('',(23.05,27.8125,3.));
#11226 = DIRECTION('',(0.,0.,1.));
#11227 = DIRECTION('',(1.,0.,0.));
#11228 = DEFINITIONAL_REPRESENTATION('',(#11229),#11233);
#11229 = LINE('',#11230,#11231);
#11230 = CARTESIAN_POINT('',(0.,0.));
#11231 = VECTOR('',#11232,1.);
#11232 = DIRECTION('',(1.,0.));
#11233 = ( GEOMETRIC_REPRESENTATION_CONTEXT(2) 
PARAMETRIC_REPRESENTATION_CONTEXT() REPRESENTATION_CONTEXT('2D SPACE',''
  ) );
#11234 = FACE_BOUND('',#11235,.T.);
#11235 = EDGE_LOOP('',(#11236));
#11236 = ORIENTED_EDGE('',*,*,#11237,.F.);
#11237 = EDGE_CURVE('',#11238,#11238,#11240,.T.);
#11238 = VERTEX_POINT('',#11239);
#11239 = CARTESIAN_POINT('',(113.02499999998,31.562499999918,3.));
#11240 = SURFACE_CURVE('',#11241,(#11246,#11253),.PCURVE_S1.);
#11241 = CIRCLE('',#11242,4.25);
#11242 = AXIS2_PLACEMENT_3D('',#11243,#11244,#11245);
#11243 = CARTESIAN_POINT('',(108.77499999998,31.562499999918,3.));
#11244 = DIRECTION('',(0.,0.,1.));
#11245 = DIRECTION('',(1.,0.,0.));
#11246 = PCURVE('',#6006,#11247);
#11247 = DEFINITIONAL_REPRESENTATION('',(#11248),#11252);
#11248 = CIRCLE('',#11249,4.25);
#11249 = AXIS2_PLACEMENT_2D('',#11250,#11251);
#11250 = CARTESIAN_POINT('',(49.003705378624,-19.29068933909));
#11251 = DIRECTION('',(1.,0.));
#11252 = ( GEOMETRIC_REPRESENTATION_CONTEXT(2) 
PARAMETRIC_REPRESENTATION_CONTEXT() REPRESENTATION_CONTEXT('2D SPACE',''
  ) );
#11253 = PCURVE('',#11254,#11259);
#11254 = CYLINDRICAL_SURFACE('',#11255,4.25);
#11255 = AXIS2_PLACEMENT_3D('',#11256,#11257,#11258);
#11256 = CARTESIAN_POINT('',(108.77499999998,31.562499999918,3.));
#11257 = DIRECTION('',(0.,0.,1.));
#11258 = DIRECTION('',(1.,0.,-0.));
#11259 = DEFINITIONAL_REPRESENTATION('',(#11260),#11264);
#11260 = LINE('',#11261,#11262);
#11261 = CARTESIAN_POINT('',(0.,0.));
#11262 = VECTOR('',#11263,1.);
#11263 = DIRECTION('',(1.,0.));
#11264 = ( GEOMETRIC_REPRESENTATION_CONTEXT(2) 
PARAMETRIC_REPRESENTATION_CONTEXT() REPRESENTATION_CONTEXT('2D SPACE',''
  ) );
#11265 = FACE_BOUND('',#11266,.T.);
#11266 = EDGE_LOOP('',(#11267));
#11267 = ORIENTED_EDGE('',*,*,#11268,.F.);
#11268 = EDGE_CURVE('',#11269,#11269,#11271,.T.);
#11269 = VERTEX_POINT('',#11270);
#11270 = CARTESIAN_POINT('',(36.825,69.662499999995,3.));
#11271 = SURFACE_CURVE('',#11272,(#11277,#11284),.PCURVE_S1.);
#11272 = CIRCLE('',#11273,4.25);
#11273 = AXIS2_PLACEMENT_3D('',#11274,#11275,#11276);
#11274 = CARTESIAN_POINT('',(32.575,69.662499999995,3.));
#11275 = DIRECTION('',(0.,0.,1.));
#11276 = DIRECTION('',(1.,0.,0.));
#11277 = PCURVE('',#6006,#11278);
#11278 = DEFINITIONAL_REPRESENTATION('',(#11279),#11283);
#11279 = CIRCLE('',#11280,4.25);
#11280 = AXIS2_PLACEMENT_2D('',#11281,#11282);
#11281 = CARTESIAN_POINT('',(-27.19629462136,18.809310660979));
#11282 = DIRECTION('',(1.,0.));
#11283 = ( GEOMETRIC_REPRESENTATION_CONTEXT(2) 
PARAMETRIC_REPRESENTATION_CONTEXT() REPRESENTATION_CONTEXT('2D SPACE',''
  ) );
#11284 = PCURVE('',#11285,#11290);
#11285 = CYLINDRICAL_SURFACE('',#11286,4.25);
#11286 = AXIS2_PLACEMENT_3D('',#11287,#11288,#11289);
#11287 = CARTESIAN_POINT('',(32.575,69.662499999995,3.));
#11288 = DIRECTION('',(0.,0.,1.));
#11289 = DIRECTION('',(1.,0.,-0.));
#11290 = DEFINITIONAL_REPRESENTATION('',(#11291),#11295);
#11291 = LINE('',#11292,#11293);
#11292 = CARTESIAN_POINT('',(0.,0.));
#11293 = VECTOR('',#11294,1.);
#11294 = DIRECTION('',(1.,0.));
#11295 = ( GEOMETRIC_REPRESENTATION_CONTEXT(2) 
PARAMETRIC_REPRESENTATION_CONTEXT() REPRESENTATION_CONTEXT('2D SPACE',''
  ) );
#11296 = FACE_BOUND('',#11297,.T.);
#11297 = EDGE_LOOP('',(#11298));
#11298 = ORIENTED_EDGE('',*,*,#11299,.F.);
#11299 = EDGE_CURVE('',#11300,#11300,#11302,.T.);
#11300 = VERTEX_POINT('',#11301);
#11301 = CARTESIAN_POINT('',(43.65,65.9125,3.));
#11302 = SURFACE_CURVE('',#11303,(#11308,#11315),.PCURVE_S1.);
#11303 = CIRCLE('',#11304,1.55);
#11304 = AXIS2_PLACEMENT_3D('',#11305,#11306,#11307);
#11305 = CARTESIAN_POINT('',(42.1,65.9125,3.));
#11306 = DIRECTION('',(0.,0.,1.));
#11307 = DIRECTION('',(1.,0.,0.));
#11308 = PCURVE('',#6006,#11309);
#11309 = DEFINITIONAL_REPRESENTATION('',(#11310),#11314);
#11310 = CIRCLE('',#11311,1.55);
#11311 = AXIS2_PLACEMENT_2D('',#11312,#11313);
#11312 = CARTESIAN_POINT('',(-17.67129462136,15.059310660984));
#11313 = DIRECTION('',(1.,0.));
#11314 = ( GEOMETRIC_REPRESENTATION_CONTEXT(2) 
PARAMETRIC_REPRESENTATION_CONTEXT() REPRESENTATION_CONTEXT('2D SPACE',''
  ) );
#11315 = PCURVE('',#11316,#11321);
#11316 = CYLINDRICAL_SURFACE('',#11317,1.55);
#11317 = AXIS2_PLACEMENT_3D('',#11318,#11319,#11320);
#11318 = CARTESIAN_POINT('',(42.1,65.9125,3.));
#11319 = DIRECTION('',(0.,0.,1.));
#11320 = DIRECTION('',(1.,0.,0.));
#11321 = DEFINITIONAL_REPRESENTATION('',(#11322),#11326);
#11322 = LINE('',#11323,#11324);
#11323 = CARTESIAN_POINT('',(0.,0.));
#11324 = VECTOR('',#11325,1.);
#11325 = DIRECTION('',(1.,0.));
#11326 = ( GEOMETRIC_REPRESENTATION_CONTEXT(2) 
PARAMETRIC_REPRESENTATION_CONTEXT() REPRESENTATION_CONTEXT('2D SPACE',''
  ) );
#11327 = FACE_BOUND('',#11328,.T.);
#11328 = EDGE_LOOP('',(#11329));
#11329 = ORIENTED_EDGE('',*,*,#11330,.F.);
#11330 = EDGE_CURVE('',#11331,#11331,#11333,.T.);
#11331 = VERTEX_POINT('',#11332);
#11332 = CARTESIAN_POINT('',(100.8,51.625,3.));
#11333 = SURFACE_CURVE('',#11334,(#11339,#11346),.PCURVE_S1.);
#11334 = CIRCLE('',#11335,1.55);
#11335 = AXIS2_PLACEMENT_3D('',#11336,#11337,#11338);
#11336 = CARTESIAN_POINT('',(99.250000000007,51.625,3.));
#11337 = DIRECTION('',(0.,0.,1.));
#11338 = DIRECTION('',(1.,0.,0.));
#11339 = PCURVE('',#6006,#11340);
#11340 = DEFINITIONAL_REPRESENTATION('',(#11341),#11345);
#11341 = CIRCLE('',#11342,1.55);
#11342 = AXIS2_PLACEMENT_2D('',#11343,#11344);
#11343 = CARTESIAN_POINT('',(39.478705378643,0.771810660984));
#11344 = DIRECTION('',(1.,0.));
#11345 = ( GEOMETRIC_REPRESENTATION_CONTEXT(2) 
PARAMETRIC_REPRESENTATION_CONTEXT() REPRESENTATION_CONTEXT('2D SPACE',''
  ) );
#11346 = PCURVE('',#11347,#11352);
#11347 = CYLINDRICAL_SURFACE('',#11348,1.55);
#11348 = AXIS2_PLACEMENT_3D('',#11349,#11350,#11351);
#11349 = CARTESIAN_POINT('',(99.250000000007,51.625,3.));
#11350 = DIRECTION('',(0.,0.,1.));
#11351 = DIRECTION('',(1.,0.,0.));
#11352 = DEFINITIONAL_REPRESENTATION('',(#11353),#11357);
#11353 = LINE('',#11354,#11355);
#11354 = CARTESIAN_POINT('',(0.,0.));
#11355 = VECTOR('',#11356,1.);
#11356 = DIRECTION('',(1.,0.));
#11357 = ( GEOMETRIC_REPRESENTATION_CONTEXT(2) 
PARAMETRIC_REPRESENTATION_CONTEXT() REPRESENTATION_CONTEXT('2D SPACE',''
  ) );
#11358 = FACE_BOUND('',#11359,.T.);
#11359 = EDGE_LOOP('',(#11360));
#11360 = ORIENTED_EDGE('',*,*,#11361,.F.);
#11361 = EDGE_CURVE('',#11362,#11362,#11364,.T.);
#11362 = VERTEX_POINT('',#11363);
#11363 = CARTESIAN_POINT('',(74.92499999993,79.187499999995,3.));
#11364 = SURFACE_CURVE('',#11365,(#11370,#11377),.PCURVE_S1.);
#11365 = CIRCLE('',#11366,4.25);
#11366 = AXIS2_PLACEMENT_3D('',#11367,#11368,#11369);
#11367 = CARTESIAN_POINT('',(70.67499999993,79.187499999995,3.));
#11368 = DIRECTION('',(0.,0.,1.));
#11369 = DIRECTION('',(1.,0.,0.));
#11370 = PCURVE('',#6006,#11371);
#11371 = DEFINITIONAL_REPRESENTATION('',(#11372),#11376);
#11372 = CIRCLE('',#11373,4.25);
#11373 = AXIS2_PLACEMENT_2D('',#11374,#11375);
#11374 = CARTESIAN_POINT('',(10.903705378565,28.334310660979));
#11375 = DIRECTION('',(1.,0.));
#11376 = ( GEOMETRIC_REPRESENTATION_CONTEXT(2) 
PARAMETRIC_REPRESENTATION_CONTEXT() REPRESENTATION_CONTEXT('2D SPACE',''
  ) );
#11377 = PCURVE('',#11378,#11383);
#11378 = CYLINDRICAL_SURFACE('',#11379,4.25);
#11379 = AXIS2_PLACEMENT_3D('',#11380,#11381,#11382);
#11380 = CARTESIAN_POINT('',(70.67499999993,79.187499999995,3.));
#11381 = DIRECTION('',(0.,0.,1.));
#11382 = DIRECTION('',(1.,0.,-0.));
#11383 = DEFINITIONAL_REPRESENTATION('',(#11384),#11388);
#11384 = LINE('',#11385,#11386);
#11385 = CARTESIAN_POINT('',(0.,0.));
#11386 = VECTOR('',#11387,1.);
#11387 = DIRECTION('',(1.,0.));
#11388 = ( GEOMETRIC_REPRESENTATION_CONTEXT(2) 
PARAMETRIC_REPRESENTATION_CONTEXT() REPRESENTATION_CONTEXT('2D SPACE',''
  ) );
#11389 = FACE_BOUND('',#11390,.T.);
#11390 = EDGE_LOOP('',(#11391));
#11391 = ORIENTED_EDGE('',*,*,#11392,.F.);
#11392 = EDGE_CURVE('',#11393,#11393,#11395,.T.);
#11393 = VERTEX_POINT('',#11394);
#11394 = CARTESIAN_POINT('',(100.8,70.675,3.));
#11395 = SURFACE_CURVE('',#11396,(#11401,#11408),.PCURVE_S1.);
#11396 = CIRCLE('',#11397,1.55);
#11397 = AXIS2_PLACEMENT_3D('',#11398,#11399,#11400);
#11398 = CARTESIAN_POINT('',(99.250000000007,70.675,3.));
#11399 = DIRECTION('',(0.,0.,1.));
#11400 = DIRECTION('',(1.,0.,0.));
#11401 = PCURVE('',#6006,#11402);
#11402 = DEFINITIONAL_REPRESENTATION('',(#11403),#11407);
#11403 = CIRCLE('',#11404,1.55);
#11404 = AXIS2_PLACEMENT_2D('',#11405,#11406);
#11405 = CARTESIAN_POINT('',(39.478705378643,19.821810660984));
#11406 = DIRECTION('',(1.,0.));
#11407 = ( GEOMETRIC_REPRESENTATION_CONTEXT(2) 
PARAMETRIC_REPRESENTATION_CONTEXT() REPRESENTATION_CONTEXT('2D SPACE',''
  ) );
#11408 = PCURVE('',#11409,#11414);
#11409 = CYLINDRICAL_SURFACE('',#11410,1.55);
#11410 = AXIS2_PLACEMENT_3D('',#11411,#11412,#11413);
#11411 = CARTESIAN_POINT('',(99.250000000007,70.675,3.));
#11412 = DIRECTION('',(0.,0.,1.));
#11413 = DIRECTION('',(1.,0.,0.));
#11414 = DEFINITIONAL_REPRESENTATION('',(#11415),#11419);
#11415 = LINE('',#11416,#11417);
#11416 = CARTESIAN_POINT('',(0.,0.));
#11417 = VECTOR('',#11418,1.);
#11418 = DIRECTION('',(1.,0.));
#11419 = ( GEOMETRIC_REPRESENTATION_CONTEXT(2) 
PARAMETRIC_REPRESENTATION_CONTEXT() REPRESENTATION_CONTEXT('2D SPACE',''
  ) );
#11420 = FACE_BOUND('',#11421,.T.);
#11421 = EDGE_LOOP('',(#11422));
#11422 = ORIENTED_EDGE('',*,*,#11423,.F.);
#11423 = EDGE_CURVE('',#11424,#11424,#11426,.T.);
#11424 = VERTEX_POINT('',#11425);
#11425 = CARTESIAN_POINT('',(113.02499999998,69.662499999995,3.));
#11426 = SURFACE_CURVE('',#11427,(#11432,#11439),.PCURVE_S1.);
#11427 = CIRCLE('',#11428,4.25);
#11428 = AXIS2_PLACEMENT_3D('',#11429,#11430,#11431);
#11429 = CARTESIAN_POINT('',(108.77499999998,69.662499999995,3.));
#11430 = DIRECTION('',(0.,0.,1.));
#11431 = DIRECTION('',(1.,0.,0.));
#11432 = PCURVE('',#6006,#11433);
#11433 = DEFINITIONAL_REPRESENTATION('',(#11434),#11438);
#11434 = CIRCLE('',#11435,4.25);
#11435 = AXIS2_PLACEMENT_2D('',#11436,#11437);
#11436 = CARTESIAN_POINT('',(49.003705378624,18.809310660979));
#11437 = DIRECTION('',(1.,0.));
#11438 = ( GEOMETRIC_REPRESENTATION_CONTEXT(2) 
PARAMETRIC_REPRESENTATION_CONTEXT() REPRESENTATION_CONTEXT('2D SPACE',''
  ) );
#11439 = PCURVE('',#11440,#11445);
#11440 = CYLINDRICAL_SURFACE('',#11441,4.25);
#11441 = AXIS2_PLACEMENT_3D('',#11442,#11443,#11444);
#11442 = CARTESIAN_POINT('',(108.77499999998,69.662499999995,3.));
#11443 = DIRECTION('',(0.,0.,1.));
#11444 = DIRECTION('',(1.,0.,-0.));
#11445 = DEFINITIONAL_REPRESENTATION('',(#11446),#11450);
#11446 = LINE('',#11447,#11448);
#11447 = CARTESIAN_POINT('',(0.,0.));
#11448 = VECTOR('',#11449,1.);
#11449 = DIRECTION('',(1.,0.));
#11450 = ( GEOMETRIC_REPRESENTATION_CONTEXT(2) 
PARAMETRIC_REPRESENTATION_CONTEXT() REPRESENTATION_CONTEXT('2D SPACE',''
  ) );
#11451 = ADVANCED_FACE('',(#11452),#8480,.T.);
#11452 = FACE_BOUND('',#11453,.T.);
#11453 = EDGE_LOOP('',(#11454,#11478,#11506,#11528));
#11454 = ORIENTED_EDGE('',*,*,#11455,.T.);
#11455 = EDGE_CURVE('',#8420,#11456,#11458,.T.);
#11456 = VERTEX_POINT('',#11457);
#11457 = CARTESIAN_POINT('',(66.03125,13.715624999996,0.));
#11458 = SURFACE_CURVE('',#11459,(#11464,#11471),.PCURVE_S1.);
#11459 = CIRCLE('',#11460,1.5);
#11460 = AXIS2_PLACEMENT_3D('',#11461,#11462,#11463);
#11461 = CARTESIAN_POINT('',(66.03125,13.715624999996,1.5));
#11462 = DIRECTION('',(6.E-17,1.,0.));
#11463 = DIRECTION('',(1.,-6.E-17,0.));
#11464 = PCURVE('',#8480,#11465);
#11465 = DEFINITIONAL_REPRESENTATION('',(#11466),#11470);
#11466 = LINE('',#11467,#11468);
#11467 = CARTESIAN_POINT('',(0.,5.33E-15));
#11468 = VECTOR('',#11469,1.);
#11469 = DIRECTION('',(1.,0.));
#11470 = ( GEOMETRIC_REPRESENTATION_CONTEXT(2) 
PARAMETRIC_REPRESENTATION_CONTEXT() REPRESENTATION_CONTEXT('2D SPACE',''
  ) );
#11471 = PCURVE('',#8533,#11472);
#11472 = DEFINITIONAL_REPRESENTATION('',(#11473),#11477);
#11473 = LINE('',#11474,#11475);
#11474 = CARTESIAN_POINT('',(-1.570796326795,0.));
#11475 = VECTOR('',#11476,1.);
#11476 = DIRECTION('',(-0.,1.));
#11477 = ( GEOMETRIC_REPRESENTATION_CONTEXT(2) 
PARAMETRIC_REPRESENTATION_CONTEXT() REPRESENTATION_CONTEXT('2D SPACE',''
  ) );
#11478 = ORIENTED_EDGE('',*,*,#11479,.T.);
#11479 = EDGE_CURVE('',#11456,#11480,#11482,.T.);
#11480 = VERTEX_POINT('',#11481);
#11481 = CARTESIAN_POINT('',(66.03125,32.146874999956,0.));
#11482 = SURFACE_CURVE('',#11483,(#11487,#11494),.PCURVE_S1.);
#11483 = LINE('',#11484,#11485);
#11484 = CARTESIAN_POINT('',(66.03125,13.715624999996,-2.2E-16));
#11485 = VECTOR('',#11486,1.);
#11486 = DIRECTION('',(0.,1.,0.));
#11487 = PCURVE('',#8480,#11488);
#11488 = DEFINITIONAL_REPRESENTATION('',(#11489),#11493);
#11489 = LINE('',#11490,#11491);
#11490 = CARTESIAN_POINT('',(1.570796326795,0.));
#11491 = VECTOR('',#11492,1.);
#11492 = DIRECTION('',(0.,1.));
#11493 = ( GEOMETRIC_REPRESENTATION_CONTEXT(2) 
PARAMETRIC_REPRESENTATION_CONTEXT() REPRESENTATION_CONTEXT('2D SPACE',''
  ) );
#11494 = PCURVE('',#11495,#11500);
#11495 = PLANE('',#11496);
#11496 = AXIS2_PLACEMENT_3D('',#11497,#11498,#11499);
#11497 = CARTESIAN_POINT('',(59.90379480473,50.52458888426,0.));
#11498 = DIRECTION('',(0.,0.,1.));
#11499 = DIRECTION('',(1.,0.,0.));
#11500 = DEFINITIONAL_REPRESENTATION('',(#11501),#11505);
#11501 = LINE('',#11502,#11503);
#11502 = CARTESIAN_POINT('',(6.12745519527,-36.80896388426));
#11503 = VECTOR('',#11504,1.);
#11504 = DIRECTION('',(0.,1.));
#11505 = ( GEOMETRIC_REPRESENTATION_CONTEXT(2) 
PARAMETRIC_REPRESENTATION_CONTEXT() REPRESENTATION_CONTEXT('2D SPACE',''
  ) );
#11506 = ORIENTED_EDGE('',*,*,#11507,.F.);
#11507 = EDGE_CURVE('',#8444,#11480,#11508,.T.);
#11508 = SURFACE_CURVE('',#11509,(#11514,#11521),.PCURVE_S1.);
#11509 = CIRCLE('',#11510,1.5);
#11510 = AXIS2_PLACEMENT_3D('',#11511,#11512,#11513);
#11511 = CARTESIAN_POINT('',(66.03125,32.146874999956,1.5));
#11512 = DIRECTION('',(-0.,1.,0.));
#11513 = DIRECTION('',(1.,0.,0.));
#11514 = PCURVE('',#8480,#11515);
#11515 = DEFINITIONAL_REPRESENTATION('',(#11516),#11520);
#11516 = LINE('',#11517,#11518);
#11517 = CARTESIAN_POINT('',(0.,18.43124999996));
#11518 = VECTOR('',#11519,1.);
#11519 = DIRECTION('',(1.,0.));
#11520 = ( GEOMETRIC_REPRESENTATION_CONTEXT(2) 
PARAMETRIC_REPRESENTATION_CONTEXT() REPRESENTATION_CONTEXT('2D SPACE',''
  ) );
#11521 = PCURVE('',#8568,#11522);
#11522 = DEFINITIONAL_REPRESENTATION('',(#11523),#11527);
#11523 = LINE('',#11524,#11525);
#11524 = CARTESIAN_POINT('',(-0.,3.14159265359));
#11525 = VECTOR('',#11526,1.);
#11526 = DIRECTION('',(-0.,1.));
#11527 = ( GEOMETRIC_REPRESENTATION_CONTEXT(2) 
PARAMETRIC_REPRESENTATION_CONTEXT() REPRESENTATION_CONTEXT('2D SPACE',''
  ) );
#11528 = ORIENTED_EDGE('',*,*,#8466,.F.);
#11529 = ADVANCED_FACE('',(#11530),#8533,.T.);
#11530 = FACE_BOUND('',#11531,.F.);
#11531 = EDGE_LOOP('',(#11532,#11556,#11557,#11558));
#11532 = ORIENTED_EDGE('',*,*,#11533,.F.);
#11533 = EDGE_CURVE('',#8496,#11534,#11536,.T.);
#11534 = VERTEX_POINT('',#11535);
#11535 = CARTESIAN_POINT('',(63.340625,11.024999999996,0.));
#11536 = SURFACE_CURVE('',#11537,(#11542,#11549),.PCURVE_S1.);
#11537 = CIRCLE('',#11538,1.5);
#11538 = AXIS2_PLACEMENT_3D('',#11539,#11540,#11541);
#11539 = CARTESIAN_POINT('',(63.340625,11.024999999996,1.5));
#11540 = DIRECTION('',(1.,0.,0.));
#11541 = DIRECTION('',(0.,-1.,0.));
#11542 = PCURVE('',#8533,#11543);
#11543 = DEFINITIONAL_REPRESENTATION('',(#11544),#11548);
#11544 = LINE('',#11545,#11546);
#11545 = CARTESIAN_POINT('',(-0.,0.));
#11546 = VECTOR('',#11547,1.);
#11547 = DIRECTION('',(-0.,1.));
#11548 = ( GEOMETRIC_REPRESENTATION_CONTEXT(2) 
PARAMETRIC_REPRESENTATION_CONTEXT() REPRESENTATION_CONTEXT('2D SPACE',''
  ) );
#11549 = PCURVE('',#8622,#11550);
#11550 = DEFINITIONAL_REPRESENTATION('',(#11551),#11555);
#11551 = LINE('',#11552,#11553);
#11552 = CARTESIAN_POINT('',(0.,16.05));
#11553 = VECTOR('',#11554,1.);
#11554 = DIRECTION('',(1.,0.));
#11555 = ( GEOMETRIC_REPRESENTATION_CONTEXT(2) 
PARAMETRIC_REPRESENTATION_CONTEXT() REPRESENTATION_CONTEXT('2D SPACE',''
  ) );
#11556 = ORIENTED_EDGE('',*,*,#8518,.T.);
#11557 = ORIENTED_EDGE('',*,*,#11455,.T.);
#11558 = ORIENTED_EDGE('',*,*,#11559,.F.);
#11559 = EDGE_CURVE('',#11534,#11456,#11560,.T.);
#11560 = SURFACE_CURVE('',#11561,(#11566,#11573),.PCURVE_S1.);
#11561 = CIRCLE('',#11562,2.690625);
#11562 = AXIS2_PLACEMENT_3D('',#11563,#11564,#11565);
#11563 = CARTESIAN_POINT('',(63.340625,13.715624999996,0.));
#11564 = DIRECTION('',(-0.,0.,1.));
#11565 = DIRECTION('',(0.,-1.,0.));
#11566 = PCURVE('',#8533,#11567);
#11567 = DEFINITIONAL_REPRESENTATION('',(#11568),#11572);
#11568 = LINE('',#11569,#11570);
#11569 = CARTESIAN_POINT('',(-0.,1.570796326795));
#11570 = VECTOR('',#11571,1.);
#11571 = DIRECTION('',(-1.,0.));
#11572 = ( GEOMETRIC_REPRESENTATION_CONTEXT(2) 
PARAMETRIC_REPRESENTATION_CONTEXT() REPRESENTATION_CONTEXT('2D SPACE',''
  ) );
#11573 = PCURVE('',#11495,#11574);
#11574 = DEFINITIONAL_REPRESENTATION('',(#11575),#11579);
#11575 = CIRCLE('',#11576,2.690625);
#11576 = AXIS2_PLACEMENT_2D('',#11577,#11578);
#11577 = CARTESIAN_POINT('',(3.43683019527,-36.80896388426));
#11578 = DIRECTION('',(0.,-1.));
#11579 = ( GEOMETRIC_REPRESENTATION_CONTEXT(2) 
PARAMETRIC_REPRESENTATION_CONTEXT() REPRESENTATION_CONTEXT('2D SPACE',''
  ) );
#11580 = ADVANCED_FACE('',(#11581),#8568,.T.);
#11581 = FACE_BOUND('',#11582,.F.);
#11582 = EDGE_LOOP('',(#11583,#11584,#11585,#11609));
#11583 = ORIENTED_EDGE('',*,*,#11507,.F.);
#11584 = ORIENTED_EDGE('',*,*,#8551,.T.);
#11585 = ORIENTED_EDGE('',*,*,#11586,.T.);
#11586 = EDGE_CURVE('',#8552,#11587,#11589,.T.);
#11587 = VERTEX_POINT('',#11588);
#11588 = CARTESIAN_POINT('',(68.721875,34.837499999956,0.));
#11589 = SURFACE_CURVE('',#11590,(#11595,#11602),.PCURVE_S1.);
#11590 = CIRCLE('',#11591,1.5);
#11591 = AXIS2_PLACEMENT_3D('',#11592,#11593,#11594);
#11592 = CARTESIAN_POINT('',(68.721875,34.837499999956,1.5));
#11593 = DIRECTION('',(1.,6.E-17,-0.));
#11594 = DIRECTION('',(-6.E-17,1.,0.));
#11595 = PCURVE('',#8568,#11596);
#11596 = DEFINITIONAL_REPRESENTATION('',(#11597),#11601);
#11597 = LINE('',#11598,#11599);
#11598 = CARTESIAN_POINT('',(-1.570796326795,0.));
#11599 = VECTOR('',#11600,1.);
#11600 = DIRECTION('',(-0.,1.));
#11601 = ( GEOMETRIC_REPRESENTATION_CONTEXT(2) 
PARAMETRIC_REPRESENTATION_CONTEXT() REPRESENTATION_CONTEXT('2D SPACE',''
  ) );
#11602 = PCURVE('',#8698,#11603);
#11603 = DEFINITIONAL_REPRESENTATION('',(#11604),#11608);
#11604 = LINE('',#11605,#11606);
#11605 = CARTESIAN_POINT('',(-3.14159265359,0.));
#11606 = VECTOR('',#11607,1.);
#11607 = DIRECTION('',(1.,0.));
#11608 = ( GEOMETRIC_REPRESENTATION_CONTEXT(2) 
PARAMETRIC_REPRESENTATION_CONTEXT() REPRESENTATION_CONTEXT('2D SPACE',''
  ) );
#11609 = ORIENTED_EDGE('',*,*,#11610,.F.);
#11610 = EDGE_CURVE('',#11480,#11587,#11611,.T.);
#11611 = SURFACE_CURVE('',#11612,(#11617,#11624),.PCURVE_S1.);
#11612 = CIRCLE('',#11613,2.690625);
#11613 = AXIS2_PLACEMENT_3D('',#11614,#11615,#11616);
#11614 = CARTESIAN_POINT('',(68.721875,32.146874999956,0.));
#11615 = DIRECTION('',(0.,0.,-1.));
#11616 = DIRECTION('',(-1.,0.,0.));
#11617 = PCURVE('',#8568,#11618);
#11618 = DEFINITIONAL_REPRESENTATION('',(#11619),#11623);
#11619 = LINE('',#11620,#11621);
#11620 = CARTESIAN_POINT('',(-0.,4.712388980385));
#11621 = VECTOR('',#11622,1.);
#11622 = DIRECTION('',(-1.,0.));
#11623 = ( GEOMETRIC_REPRESENTATION_CONTEXT(2) 
PARAMETRIC_REPRESENTATION_CONTEXT() REPRESENTATION_CONTEXT('2D SPACE',''
  ) );
#11624 = PCURVE('',#11495,#11625);
#11625 = DEFINITIONAL_REPRESENTATION('',(#11626),#11634);
#11626 = ( BOUNDED_CURVE() B_SPLINE_CURVE(2,(#11627,#11628,#11629,#11630
    ,#11631,#11632,#11633),.UNSPECIFIED.,.T.,.F.) 
B_SPLINE_CURVE_WITH_KNOTS((1,2,2,2,2,1),(-2.094395102393,0.,
    2.094395102393,4.188790204786,6.28318530718,8.377580409573),
.UNSPECIFIED.) CURVE() GEOMETRIC_REPRESENTATION_ITEM() 
RATIONAL_B_SPLINE_CURVE((1.,0.5,1.,0.5,1.,0.5,1.)) REPRESENTATION_ITEM(
  '') );
#11627 = CARTESIAN_POINT('',(6.12745519527,-18.3777138843));
#11628 = CARTESIAN_POINT('',(6.12745519527,-13.71741468018));
#11629 = CARTESIAN_POINT('',(10.16339269527,-16.04756428224));
#11630 = CARTESIAN_POINT('',(14.19933019527,-18.3777138843));
#11631 = CARTESIAN_POINT('',(10.16339269527,-20.70786348636));
#11632 = CARTESIAN_POINT('',(6.12745519527,-23.03801308841));
#11633 = CARTESIAN_POINT('',(6.12745519527,-18.3777138843));
#11634 = ( GEOMETRIC_REPRESENTATION_CONTEXT(2) 
PARAMETRIC_REPRESENTATION_CONTEXT() REPRESENTATION_CONTEXT('2D SPACE',''
  ) );
#11635 = ADVANCED_FACE('',(#11636),#8622,.T.);
#11636 = FACE_BOUND('',#11637,.T.);
#11637 = EDGE_LOOP('',(#11638,#11662,#11683,#11684));
#11638 = ORIENTED_EDGE('',*,*,#11639,.T.);
#11639 = EDGE_CURVE('',#8607,#11640,#11642,.T.);
#11640 = VERTEX_POINT('',#11641);
#11641 = CARTESIAN_POINT('',(47.290625,11.024999999996,0.));
#11642 = SURFACE_CURVE('',#11643,(#11648,#11655),.PCURVE_S1.);
#11643 = CIRCLE('',#11644,1.5);
#11644 = AXIS2_PLACEMENT_3D('',#11645,#11646,#11647);
#11645 = CARTESIAN_POINT('',(47.290625,11.024999999996,1.5));
#11646 = DIRECTION('',(1.,1.4E-16,-0.));
#11647 = DIRECTION('',(-1.4E-16,1.,0.));
#11648 = PCURVE('',#8622,#11649);
#11649 = DEFINITIONAL_REPRESENTATION('',(#11650),#11654);
#11650 = LINE('',#11651,#11652);
#11651 = CARTESIAN_POINT('',(-3.14159265359,0.));
#11652 = VECTOR('',#11653,1.);
#11653 = DIRECTION('',(1.,0.));
#11654 = ( GEOMETRIC_REPRESENTATION_CONTEXT(2) 
PARAMETRIC_REPRESENTATION_CONTEXT() REPRESENTATION_CONTEXT('2D SPACE',''
  ) );
#11655 = PCURVE('',#8752,#11656);
#11656 = DEFINITIONAL_REPRESENTATION('',(#11657),#11661);
#11657 = LINE('',#11658,#11659);
#11658 = CARTESIAN_POINT('',(-1.455558865068,0.));
#11659 = VECTOR('',#11660,1.);
#11660 = DIRECTION('',(-0.,1.));
#11661 = ( GEOMETRIC_REPRESENTATION_CONTEXT(2) 
PARAMETRIC_REPRESENTATION_CONTEXT() REPRESENTATION_CONTEXT('2D SPACE',''
  ) );
#11662 = ORIENTED_EDGE('',*,*,#11663,.T.);
#11663 = EDGE_CURVE('',#11640,#11534,#11664,.T.);
#11664 = SURFACE_CURVE('',#11665,(#11669,#11676),.PCURVE_S1.);
#11665 = LINE('',#11666,#11667);
#11666 = CARTESIAN_POINT('',(47.290625,11.024999999996,-2.2E-16));
#11667 = VECTOR('',#11668,1.);
#11668 = DIRECTION('',(1.,0.,0.));
#11669 = PCURVE('',#8622,#11670);
#11670 = DEFINITIONAL_REPRESENTATION('',(#11671),#11675);
#11671 = LINE('',#11672,#11673);
#11672 = CARTESIAN_POINT('',(1.570796326795,0.));
#11673 = VECTOR('',#11674,1.);
#11674 = DIRECTION('',(0.,1.));
#11675 = ( GEOMETRIC_REPRESENTATION_CONTEXT(2) 
PARAMETRIC_REPRESENTATION_CONTEXT() REPRESENTATION_CONTEXT('2D SPACE',''
  ) );
#11676 = PCURVE('',#11495,#11677);
#11677 = DEFINITIONAL_REPRESENTATION('',(#11678),#11682);
#11678 = LINE('',#11679,#11680);
#11679 = CARTESIAN_POINT('',(-12.61316980473,-39.49958888426));
#11680 = VECTOR('',#11681,1.);
#11681 = DIRECTION('',(1.,0.));
#11682 = ( GEOMETRIC_REPRESENTATION_CONTEXT(2) 
PARAMETRIC_REPRESENTATION_CONTEXT() REPRESENTATION_CONTEXT('2D SPACE',''
  ) );
#11683 = ORIENTED_EDGE('',*,*,#11533,.F.);
#11684 = ORIENTED_EDGE('',*,*,#8606,.F.);
#11685 = ADVANCED_FACE('',(#11686),#8698,.T.);
#11686 = FACE_BOUND('',#11687,.T.);
#11687 = EDGE_LOOP('',(#11688,#11689,#11712,#11734));
#11688 = ORIENTED_EDGE('',*,*,#11586,.T.);
#11689 = ORIENTED_EDGE('',*,*,#11690,.T.);
#11690 = EDGE_CURVE('',#11587,#11691,#11693,.T.);
#11691 = VERTEX_POINT('',#11692);
#11692 = CARTESIAN_POINT('',(75.009375,34.837499999956,0.));
#11693 = SURFACE_CURVE('',#11694,(#11698,#11705),.PCURVE_S1.);
#11694 = LINE('',#11695,#11696);
#11695 = CARTESIAN_POINT('',(68.721875,34.837499999956,-2.2E-16));
#11696 = VECTOR('',#11697,1.);
#11697 = DIRECTION('',(1.,0.,0.));
#11698 = PCURVE('',#8698,#11699);
#11699 = DEFINITIONAL_REPRESENTATION('',(#11700),#11704);
#11700 = LINE('',#11701,#11702);
#11701 = CARTESIAN_POINT('',(1.570796326795,0.));
#11702 = VECTOR('',#11703,1.);
#11703 = DIRECTION('',(0.,1.));
#11704 = ( GEOMETRIC_REPRESENTATION_CONTEXT(2) 
PARAMETRIC_REPRESENTATION_CONTEXT() REPRESENTATION_CONTEXT('2D SPACE',''
  ) );
#11705 = PCURVE('',#11495,#11706);
#11706 = DEFINITIONAL_REPRESENTATION('',(#11707),#11711);
#11707 = LINE('',#11708,#11709);
#11708 = CARTESIAN_POINT('',(8.81808019527,-15.6870888843));
#11709 = VECTOR('',#11710,1.);
#11710 = DIRECTION('',(1.,0.));
#11711 = ( GEOMETRIC_REPRESENTATION_CONTEXT(2) 
PARAMETRIC_REPRESENTATION_CONTEXT() REPRESENTATION_CONTEXT('2D SPACE',''
  ) );
#11712 = ORIENTED_EDGE('',*,*,#11713,.F.);
#11713 = EDGE_CURVE('',#8662,#11691,#11714,.T.);
#11714 = SURFACE_CURVE('',#11715,(#11720,#11727),.PCURVE_S1.);
#11715 = CIRCLE('',#11716,1.5);
#11716 = AXIS2_PLACEMENT_3D('',#11717,#11718,#11719);
#11717 = CARTESIAN_POINT('',(75.009375,34.837499999956,1.5));
#11718 = DIRECTION('',(1.,0.,0.));
#11719 = DIRECTION('',(0.,-1.,0.));
#11720 = PCURVE('',#8698,#11721);
#11721 = DEFINITIONAL_REPRESENTATION('',(#11722),#11726);
#11722 = LINE('',#11723,#11724);
#11723 = CARTESIAN_POINT('',(0.,6.2875));
#11724 = VECTOR('',#11725,1.);
#11725 = DIRECTION('',(1.,0.));
#11726 = ( GEOMETRIC_REPRESENTATION_CONTEXT(2) 
PARAMETRIC_REPRESENTATION_CONTEXT() REPRESENTATION_CONTEXT('2D SPACE',''
  ) );
#11727 = PCURVE('',#8810,#11728);
#11728 = DEFINITIONAL_REPRESENTATION('',(#11729),#11733);
#11729 = LINE('',#11730,#11731);
#11730 = CARTESIAN_POINT('',(-0.,3.14159265359));
#11731 = VECTOR('',#11732,1.);
#11732 = DIRECTION('',(-0.,1.));
#11733 = ( GEOMETRIC_REPRESENTATION_CONTEXT(2) 
PARAMETRIC_REPRESENTATION_CONTEXT() REPRESENTATION_CONTEXT('2D SPACE',''
  ) );
#11734 = ORIENTED_EDGE('',*,*,#8684,.F.);
#11735 = ADVANCED_FACE('',(#11736),#8752,.T.);
#11736 = FACE_BOUND('',#11737,.F.);
#11737 = EDGE_LOOP('',(#11738,#11768,#11769,#11770));
#11738 = ORIENTED_EDGE('',*,*,#11739,.F.);
#11739 = EDGE_CURVE('',#8714,#11740,#11742,.T.);
#11740 = VERTEX_POINT('',#11741);
#11741 = CARTESIAN_POINT('',(44.617845549905,8.643750018019,0.));
#11742 = SURFACE_CURVE('',#11743,(#11747,#11761),.PCURVE_S1.);
#11743 = ( BOUNDED_CURVE() B_SPLINE_CURVE(2,(#11744,#11745,#11746),
.UNSPECIFIED.,.F.,.F.) B_SPLINE_CURVE_WITH_KNOTS((3,3),(0.,6.09970136944
),.PIECEWISE_BEZIER_KNOTS.) CURVE() GEOMETRIC_REPRESENTATION_ITEM() 
RATIONAL_B_SPLINE_CURVE((1.,0.707106781187,1.)) REPRESENTATION_ITEM('') 
  );
#11744 = CARTESIAN_POINT('',(46.107896810359,8.471276132401,1.5));
#11745 = CARTESIAN_POINT('',(46.107896810359,8.471276132401,3.3E-16));
#11746 = CARTESIAN_POINT('',(44.617845549905,8.643750018019,0.));
#11747 = PCURVE('',#8752,#11748);
#11748 = DEFINITIONAL_REPRESENTATION('',(#11749),#11760);
#11749 = B_SPLINE_CURVE_WITH_KNOTS('',9,(#11750,#11751,#11752,#11753,
    #11754,#11755,#11756,#11757,#11758,#11759),.UNSPECIFIED.,.F.,.F.,(10
    ,10),(0.,6.09970136944),.PIECEWISE_BEZIER_KNOTS.);
#11750 = CARTESIAN_POINT('',(1.05E-15,3.14159265359));
#11751 = CARTESIAN_POINT('',(1.05E-15,3.298727493853));
#11752 = CARTESIAN_POINT('',(1.05E-15,3.467367370411));
#11753 = CARTESIAN_POINT('',(1.05E-15,3.64615904046));
#11754 = CARTESIAN_POINT('',(1.05E-15,3.832337505202));
#11755 = CARTESIAN_POINT('',(1.05E-15,4.021644128772));
#11756 = CARTESIAN_POINT('',(1.05E-15,4.207822593515));
#11757 = CARTESIAN_POINT('',(1.05E-15,4.386614263564));
#11758 = CARTESIAN_POINT('',(1.05E-15,4.555254140121));
#11759 = CARTESIAN_POINT('',(1.05E-15,4.712388980385));
#11760 = ( GEOMETRIC_REPRESENTATION_CONTEXT(2) 
PARAMETRIC_REPRESENTATION_CONTEXT() REPRESENTATION_CONTEXT('2D SPACE',''
  ) );
#11761 = PCURVE('',#8891,#11762);
#11762 = DEFINITIONAL_REPRESENTATION('',(#11763),#11767);
#11763 = LINE('',#11764,#11765);
#11764 = CARTESIAN_POINT('',(0.,46.341309703878));
#11765 = VECTOR('',#11766,1.);
#11766 = DIRECTION('',(1.,0.));
#11767 = ( GEOMETRIC_REPRESENTATION_CONTEXT(2) 
PARAMETRIC_REPRESENTATION_CONTEXT() REPRESENTATION_CONTEXT('2D SPACE',''
  ) );
#11768 = ORIENTED_EDGE('',*,*,#8737,.T.);
#11769 = ORIENTED_EDGE('',*,*,#11639,.T.);
#11770 = ORIENTED_EDGE('',*,*,#11771,.F.);
#11771 = EDGE_CURVE('',#11740,#11640,#11772,.T.);
#11772 = SURFACE_CURVE('',#11773,(#11778,#11785),.PCURVE_S1.);
#11773 = CIRCLE('',#11774,2.690625);
#11774 = AXIS2_PLACEMENT_3D('',#11775,#11776,#11777);
#11775 = CARTESIAN_POINT('',(47.290625,8.334374999996,0.));
#11776 = DIRECTION('',(0.,0.,-1.));
#11777 = DIRECTION('',(-0.99336750836,0.114982578397,0.));
#11778 = PCURVE('',#8752,#11779);
#11779 = DEFINITIONAL_REPRESENTATION('',(#11780),#11784);
#11780 = LINE('',#11781,#11782);
#11781 = CARTESIAN_POINT('',(-0.,4.712388980385));
#11782 = VECTOR('',#11783,1.);
#11783 = DIRECTION('',(-1.,0.));
#11784 = ( GEOMETRIC_REPRESENTATION_CONTEXT(2) 
PARAMETRIC_REPRESENTATION_CONTEXT() REPRESENTATION_CONTEXT('2D SPACE',''
  ) );
#11785 = PCURVE('',#11495,#11786);
#11786 = DEFINITIONAL_REPRESENTATION('',(#11787),#11795);
#11787 = ( BOUNDED_CURVE() B_SPLINE_CURVE(2,(#11788,#11789,#11790,#11791
    ,#11792,#11793,#11794),.UNSPECIFIED.,.T.,.F.) 
B_SPLINE_CURVE_WITH_KNOTS((1,2,2,2,2,1),(-2.094395102393,0.,
    2.094395102393,4.188790204786,6.28318530718,8.377580409573),
.UNSPECIFIED.) CURVE() GEOMETRIC_REPRESENTATION_ITEM() 
RATIONAL_B_SPLINE_CURVE((1.,0.5,1.,0.5,1.,0.5,1.)) REPRESENTATION_ITEM(
  '') );
#11788 = CARTESIAN_POINT('',(-15.28594925691,-41.88083888426));
#11789 = CARTESIAN_POINT('',(-14.75009603831,-37.25144907566));
#11790 = CARTESIAN_POINT('',(-11.00885346934,-40.03020647996));
#11791 = CARTESIAN_POINT('',(-7.267610900368,-42.80896388426));
#11792 = CARTESIAN_POINT('',(-11.54470668793,-44.65959628856));
#11793 = CARTESIAN_POINT('',(-15.8218024755,-46.51022869286));
#11794 = CARTESIAN_POINT('',(-15.28594925691,-41.88083888426));
#11795 = ( GEOMETRIC_REPRESENTATION_CONTEXT(2) 
PARAMETRIC_REPRESENTATION_CONTEXT() REPRESENTATION_CONTEXT('2D SPACE',''
  ) );
#11796 = ADVANCED_FACE('',(#11797),#8810,.T.);
#11797 = FACE_BOUND('',#11798,.F.);
#11798 = EDGE_LOOP('',(#11799,#11800,#11801,#11860));
#11799 = ORIENTED_EDGE('',*,*,#11713,.F.);
#11800 = ORIENTED_EDGE('',*,*,#8795,.T.);
#11801 = ORIENTED_EDGE('',*,*,#11802,.T.);
#11802 = EDGE_CURVE('',#8770,#11803,#11805,.T.);
#11803 = VERTEX_POINT('',#11804);
#11804 = CARTESIAN_POINT('',(77.68215445218,32.456249999962,0.));
#11805 = SURFACE_CURVE('',#11806,(#11811,#11818),.PCURVE_S1.);
#11806 = CIRCLE('',#11807,1.5);
#11807 = AXIS2_PLACEMENT_3D('',#11808,#11809,#11810);
#11808 = CARTESIAN_POINT('',(77.68215445218,32.456249999962,1.5));
#11809 = DIRECTION('',(0.114982578399,-0.99336750836,0.));
#11810 = DIRECTION('',(0.99336750836,0.114982578399,0.));
#11811 = PCURVE('',#8810,#11812);
#11812 = DEFINITIONAL_REPRESENTATION('',(#11813),#11817);
#11813 = LINE('',#11814,#11815);
#11814 = CARTESIAN_POINT('',(-1.455558865066,0.));
#11815 = VECTOR('',#11816,1.);
#11816 = DIRECTION('',(-0.,1.));
#11817 = ( GEOMETRIC_REPRESENTATION_CONTEXT(2) 
PARAMETRIC_REPRESENTATION_CONTEXT() REPRESENTATION_CONTEXT('2D SPACE',''
  ) );
#11818 = PCURVE('',#8985,#11819);
#11819 = DEFINITIONAL_REPRESENTATION('',(#11820),#11859);
#11820 = B_SPLINE_CURVE_WITH_KNOTS('',7,(#11821,#11822,#11823,#11824,
    #11825,#11826,#11827,#11828,#11829,#11830,#11831,#11832,#11833,
    #11834,#11835,#11836,#11837,#11838,#11839,#11840,#11841,#11842,
    #11843,#11844,#11845,#11846,#11847,#11848,#11849,#11850,#11851,
    #11852,#11853,#11854,#11855,#11856,#11857,#11858),.UNSPECIFIED.,.F.,
  .F.,(8,6,6,6,6,6,8),(3.14159265359,3.337942194439,3.534291735289,
    3.926990816987,4.319689898686,4.516039439535,4.712388980385),
  .UNSPECIFIED.);
#11821 = CARTESIAN_POINT('',(6.E-17,99.028956984844));
#11822 = CARTESIAN_POINT('',(0.120983299742,99.028956984843));
#11823 = CARTESIAN_POINT('',(0.240327058118,99.028956984845));
#11824 = CARTESIAN_POINT('',(0.358147156157,99.028956984841));
#11825 = CARTESIAN_POINT('',(0.474557218411,99.028956984845));
#11826 = CARTESIAN_POINT('',(0.589655867302,99.028956984843));
#11827 = CARTESIAN_POINT('',(0.703543722201,99.028956984844));
#11828 = CARTESIAN_POINT('',(0.929079942094,99.028956984844));
#11829 = CARTESIAN_POINT('',(1.04072865382,99.028956984843));
#11830 = CARTESIAN_POINT('',(1.151350342793,99.028956984844));
#11831 = CARTESIAN_POINT('',(1.261032599058,99.028956984843));
#11832 = CARTESIAN_POINT('',(1.369858886396,99.028956984844));
#11833 = CARTESIAN_POINT('',(1.477909201469,99.028956984844));
#11834 = CARTESIAN_POINT('',(1.799963796015,99.028956984844));
#11835 = CARTESIAN_POINT('',(2.011871703708,99.028956984842));
#11836 = CARTESIAN_POINT('',(2.221601660653,99.028956984846));
#11837 = CARTESIAN_POINT('',(2.429725675775,99.028956984842));
#11838 = CARTESIAN_POINT('',(2.636787840962,99.028956984844));
#11839 = CARTESIAN_POINT('',(2.843319268128,99.028956984843));
#11840 = CARTESIAN_POINT('',(3.256382101305,99.028956984844));
#11841 = CARTESIAN_POINT('',(3.462913528471,99.028956984844));
#11842 = CARTESIAN_POINT('',(3.669975693658,99.028956984842));
#11843 = CARTESIAN_POINT('',(3.878099708779,99.028956984845));
#11844 = CARTESIAN_POINT('',(4.087829665725,99.028956984843));
#11845 = CARTESIAN_POINT('',(4.299737573418,99.028956984844));
#11846 = CARTESIAN_POINT('',(4.621792167964,99.028956984844));
#11847 = CARTESIAN_POINT('',(4.729842483037,99.028956984843));
#11848 = CARTESIAN_POINT('',(4.838668770374,99.028956984845));
#11849 = CARTESIAN_POINT('',(4.94835102664,99.028956984842));
#11850 = CARTESIAN_POINT('',(5.058972715613,99.028956984845));
#11851 = CARTESIAN_POINT('',(5.170621427339,99.028956984843));
#11852 = CARTESIAN_POINT('',(5.396157647232,99.028956984844));
#11853 = CARTESIAN_POINT('',(5.510045502131,99.028956984843));
#11854 = CARTESIAN_POINT('',(5.625144151022,99.028956984844));
#11855 = CARTESIAN_POINT('',(5.741554213276,99.028956984843));
#11856 = CARTESIAN_POINT('',(5.859374311315,99.028956984844));
#11857 = CARTESIAN_POINT('',(5.978718069692,99.028956984844));
#11858 = CARTESIAN_POINT('',(6.099701369433,99.028956984844));
#11859 = ( GEOMETRIC_REPRESENTATION_CONTEXT(2) 
PARAMETRIC_REPRESENTATION_CONTEXT() REPRESENTATION_CONTEXT('2D SPACE',''
  ) );
#11860 = ORIENTED_EDGE('',*,*,#11861,.F.);
#11861 = EDGE_CURVE('',#11691,#11803,#11862,.T.);
#11862 = SURFACE_CURVE('',#11863,(#11868,#11875),.PCURVE_S1.);
#11863 = CIRCLE('',#11864,2.690625);
#11864 = AXIS2_PLACEMENT_3D('',#11865,#11866,#11867);
#11865 = CARTESIAN_POINT('',(75.009375,32.146874999956,0.));
#11866 = DIRECTION('',(0.,0.,-1.));
#11867 = DIRECTION('',(0.,1.,0.));
#11868 = PCURVE('',#8810,#11869);
#11869 = DEFINITIONAL_REPRESENTATION('',(#11870),#11874);
#11870 = LINE('',#11871,#11872);
#11871 = CARTESIAN_POINT('',(-0.,4.712388980385));
#11872 = VECTOR('',#11873,1.);
#11873 = DIRECTION('',(-1.,0.));
#11874 = ( GEOMETRIC_REPRESENTATION_CONTEXT(2) 
PARAMETRIC_REPRESENTATION_CONTEXT() REPRESENTATION_CONTEXT('2D SPACE',''
  ) );
#11875 = PCURVE('',#11495,#11876);
#11876 = DEFINITIONAL_REPRESENTATION('',(#11877),#11885);
#11877 = ( BOUNDED_CURVE() B_SPLINE_CURVE(2,(#11878,#11879,#11880,#11881
    ,#11882,#11883,#11884),.UNSPECIFIED.,.T.,.F.) 
B_SPLINE_CURVE_WITH_KNOTS((1,2,2,2,2,1),(-2.094395102393,0.,
    2.094395102393,4.188790204786,6.28318530718,8.377580409573),
.UNSPECIFIED.) CURVE() GEOMETRIC_REPRESENTATION_ITEM() 
RATIONAL_B_SPLINE_CURVE((1.,0.5,1.,0.5,1.,0.5,1.)) REPRESENTATION_ITEM(
  '') );
#11878 = CARTESIAN_POINT('',(15.10558019527,-15.6870888843));
#11879 = CARTESIAN_POINT('',(19.765879399385,-15.6870888843));
#11880 = CARTESIAN_POINT('',(17.435729797328,-19.7230263843));
#11881 = CARTESIAN_POINT('',(15.10558019527,-23.7589638843));
#11882 = CARTESIAN_POINT('',(12.775430593213,-19.7230263843));
#11883 = CARTESIAN_POINT('',(10.445280991155,-15.6870888843));
#11884 = CARTESIAN_POINT('',(15.10558019527,-15.6870888843));
#11885 = ( GEOMETRIC_REPRESENTATION_CONTEXT(2) 
PARAMETRIC_REPRESENTATION_CONTEXT() REPRESENTATION_CONTEXT('2D SPACE',''
  ) );
#11886 = ADVANCED_FACE('',(#11887),#8891,.T.);
#11887 = FACE_BOUND('',#11888,.T.);
#11888 = EDGE_LOOP('',(#11889,#11948,#11989,#11990));
#11889 = ORIENTED_EDGE('',*,*,#11890,.T.);
#11890 = EDGE_CURVE('',#8826,#11891,#11893,.T.);
#11891 = VERTEX_POINT('',#11892);
#11892 = CARTESIAN_POINT('',(41.945066095639,6.262499999998,0.));
#11893 = SURFACE_CURVE('',#11894,(#11899,#11941),.PCURVE_S1.);
#11894 = CIRCLE('',#11895,1.5);
#11895 = AXIS2_PLACEMENT_3D('',#11896,#11897,#11898);
#11896 = CARTESIAN_POINT('',(41.945066095639,6.262499999998,1.5));
#11897 = DIRECTION('',(1.,0.,0.));
#11898 = DIRECTION('',(0.,-1.,0.));
#11899 = PCURVE('',#8891,#11900);
#11900 = DEFINITIONAL_REPRESENTATION('',(#11901),#11940);
#11901 = B_SPLINE_CURVE_WITH_KNOTS('',7,(#11902,#11903,#11904,#11905,
    #11906,#11907,#11908,#11909,#11910,#11911,#11912,#11913,#11914,
    #11915,#11916,#11917,#11918,#11919,#11920,#11921,#11922,#11923,
    #11924,#11925,#11926,#11927,#11928,#11929,#11930,#11931,#11932,
    #11933,#11934,#11935,#11936,#11937,#11938,#11939),.UNSPECIFIED.,.F.,
  .F.,(8,6,6,6,6,6,8),(0.,0.196349540849,0.392699081699,0.785398163397,
    1.178097245096,1.374446785946,1.570796326795),.UNSPECIFIED.);
#11902 = CARTESIAN_POINT('',(-4.4E-16,40.241608334438));
#11903 = CARTESIAN_POINT('',(0.120983299742,40.241608334438));
#11904 = CARTESIAN_POINT('',(0.240327058118,40.241608334437));
#11905 = CARTESIAN_POINT('',(0.358147156157,40.241608334438));
#11906 = CARTESIAN_POINT('',(0.474557218412,40.241608334437));
#11907 = CARTESIAN_POINT('',(0.589655867303,40.241608334438));
#11908 = CARTESIAN_POINT('',(0.703543722202,40.241608334437));
#11909 = CARTESIAN_POINT('',(0.929079942095,40.241608334438));
#11910 = CARTESIAN_POINT('',(1.040728653821,40.241608334437));
#11911 = CARTESIAN_POINT('',(1.151350342794,40.241608334438));
#11912 = CARTESIAN_POINT('',(1.26103259906,40.241608334437));
#11913 = CARTESIAN_POINT('',(1.369858886397,40.241608334438));
#11914 = CARTESIAN_POINT('',(1.477909201471,40.241608334438));
#11915 = CARTESIAN_POINT('',(1.799963796017,40.241608334438));
#11916 = CARTESIAN_POINT('',(2.011871703711,40.241608334437));
#11917 = CARTESIAN_POINT('',(2.221601660656,40.241608334438));
#11918 = CARTESIAN_POINT('',(2.429725675778,40.241608334437));
#11919 = CARTESIAN_POINT('',(2.636787840965,40.241608334438));
#11920 = CARTESIAN_POINT('',(2.843319268132,40.241608334438));
#11921 = CARTESIAN_POINT('',(3.256382101308,40.241608334438));
#11922 = CARTESIAN_POINT('',(3.462913528476,40.241608334438));
#11923 = CARTESIAN_POINT('',(3.669975693662,40.241608334437));
#11924 = CARTESIAN_POINT('',(3.878099708784,40.241608334438));
#11925 = CARTESIAN_POINT('',(4.087829665729,40.241608334437));
#11926 = CARTESIAN_POINT('',(4.299737573423,40.241608334438));
#11927 = CARTESIAN_POINT('',(4.621792167969,40.241608334438));
#11928 = CARTESIAN_POINT('',(4.729842483043,40.241608334437));
#11929 = CARTESIAN_POINT('',(4.83866877038,40.241608334438));
#11930 = CARTESIAN_POINT('',(4.948351026646,40.241608334437));
#11931 = CARTESIAN_POINT('',(5.058972715619,40.241608334438));
#11932 = CARTESIAN_POINT('',(5.170621427345,40.241608334438));
#11933 = CARTESIAN_POINT('',(5.396157647238,40.241608334437));
#11934 = CARTESIAN_POINT('',(5.510045502138,40.241608334438));
#11935 = CARTESIAN_POINT('',(5.625144151029,40.241608334438));
#11936 = CARTESIAN_POINT('',(5.741554213283,40.241608334438));
#11937 = CARTESIAN_POINT('',(5.859374311322,40.241608334438));
#11938 = CARTESIAN_POINT('',(5.978718069699,40.241608334438));
#11939 = CARTESIAN_POINT('',(6.09970136944,40.241608334438));
#11940 = ( GEOMETRIC_REPRESENTATION_CONTEXT(2) 
PARAMETRIC_REPRESENTATION_CONTEXT() REPRESENTATION_CONTEXT('2D SPACE',''
  ) );
#11941 = PCURVE('',#9078,#11942);
#11942 = DEFINITIONAL_REPRESENTATION('',(#11943),#11947);
#11943 = LINE('',#11944,#11945);
#11944 = CARTESIAN_POINT('',(0.,13.704441095638));
#11945 = VECTOR('',#11946,1.);
#11946 = DIRECTION('',(1.,0.));
#11947 = ( GEOMETRIC_REPRESENTATION_CONTEXT(2) 
PARAMETRIC_REPRESENTATION_CONTEXT() REPRESENTATION_CONTEXT('2D SPACE',''
  ) );
#11948 = ORIENTED_EDGE('',*,*,#11949,.T.);
#11949 = EDGE_CURVE('',#11891,#11740,#11950,.T.);
#11950 = SURFACE_CURVE('',#11951,(#11965,#11972),.PCURVE_S1.);
#11951 = ( BOUNDED_CURVE() B_SPLINE_CURVE(12,(#11952,#11953,#11954,
    #11955,#11956,#11957,#11958,#11959,#11960,#11961,#11962,#11963,
#11964),.UNSPECIFIED.,.F.,.F.) B_SPLINE_CURVE_WITH_KNOTS((13,13),(
40.241608334438,46.341309703878),.PIECEWISE_BEZIER_KNOTS.) CURVE() 
GEOMETRIC_REPRESENTATION_ITEM() RATIONAL_B_SPLINE_CURVE((1.,1.,1.,1.,
    0.999999999999,1.000000000002,0.999999999998,1.000000000002,
0.999999999999,1.000000000001,1.,1.,1.)) REPRESENTATION_ITEM('') );
#11952 = CARTESIAN_POINT('',(41.945066077496,6.262499999998,0.));
#11953 = CARTESIAN_POINT('',(42.249352474576,6.262499997946,2.587E-14));
#11954 = CARTESIAN_POINT('',(42.564960756796,6.29993554069,-1.1446E-13)
  );
#11955 = CARTESIAN_POINT('',(42.885795797934,6.380451707308,2.9587E-13)
  );
#11956 = CARTESIAN_POINT('',(43.199989278094,6.502465325067,-5.3912E-13)
  );
#11957 = CARTESIAN_POINT('',(43.508376636354,6.680073115444,7.3563E-13)
  );
#11958 = CARTESIAN_POINT('',(43.777996316971,6.884784526805,-7.6705E-13)
  );
#11959 = CARTESIAN_POINT('',(44.032194748357,7.146167014074,6.1862E-13)
  );
#11960 = CARTESIAN_POINT('',(44.230785038591,7.421616369856,-3.8747E-13)
  );
#11961 = CARTESIAN_POINT('',(44.393764638537,7.723500820539,1.8796E-13)
  );
#11962 = CARTESIAN_POINT('',(44.509203590688,8.032196188909,-6.817E-14)
  );
#11963 = CARTESIAN_POINT('',(44.582857704351,8.341479956787,1.554E-14));
#11964 = CARTESIAN_POINT('',(44.617845549905,8.643750018019,0.));
#11965 = PCURVE('',#8891,#11966);
#11966 = DEFINITIONAL_REPRESENTATION('',(#11967),#11971);
#11967 = LINE('',#11968,#11969);
#11968 = CARTESIAN_POINT('',(6.09970136944,0.));
#11969 = VECTOR('',#11970,1.);
#11970 = DIRECTION('',(0.,1.));
#11971 = ( GEOMETRIC_REPRESENTATION_CONTEXT(2) 
PARAMETRIC_REPRESENTATION_CONTEXT() REPRESENTATION_CONTEXT('2D SPACE',''
  ) );
#11972 = PCURVE('',#11495,#11973);
#11973 = DEFINITIONAL_REPRESENTATION('',(#11974),#11988);
#11974 = ( BOUNDED_CURVE() B_SPLINE_CURVE(12,(#11975,#11976,#11977,
    #11978,#11979,#11980,#11981,#11982,#11983,#11984,#11985,#11986,
#11987),.UNSPECIFIED.,.F.,.F.) B_SPLINE_CURVE_WITH_KNOTS((13,13),(
40.241608334438,46.341309703878),.PIECEWISE_BEZIER_KNOTS.) CURVE() 
GEOMETRIC_REPRESENTATION_ITEM() RATIONAL_B_SPLINE_CURVE((1.,1.,1.,1.,
    0.999999999999,1.000000000002,0.999999999998,1.000000000002,
0.999999999999,1.000000000001,1.,1.,1.)) REPRESENTATION_ITEM('') );
#11975 = CARTESIAN_POINT('',(-17.95872872723,-44.26208888426));
#11976 = CARTESIAN_POINT('',(-17.65444233015,-44.26208888631));
#11977 = CARTESIAN_POINT('',(-17.33883404793,-44.22465334357));
#11978 = CARTESIAN_POINT('',(-17.01799900679,-44.14413717695));
#11979 = CARTESIAN_POINT('',(-16.70380552663,-44.02212355919));
#11980 = CARTESIAN_POINT('',(-16.39541816837,-43.84451576881));
#11981 = CARTESIAN_POINT('',(-16.12579848775,-43.63980435745));
#11982 = CARTESIAN_POINT('',(-15.87160005637,-43.37842187018));
#11983 = CARTESIAN_POINT('',(-15.67300976613,-43.1029725144));
#11984 = CARTESIAN_POINT('',(-15.51003016619,-42.80108806372));
#11985 = CARTESIAN_POINT('',(-15.39459121404,-42.49239269535));
#11986 = CARTESIAN_POINT('',(-15.32093710037,-42.18310892747));
#11987 = CARTESIAN_POINT('',(-15.28594925482,-41.88083886624));
#11988 = ( GEOMETRIC_REPRESENTATION_CONTEXT(2) 
PARAMETRIC_REPRESENTATION_CONTEXT() REPRESENTATION_CONTEXT('2D SPACE',''
  ) );
#11989 = ORIENTED_EDGE('',*,*,#11739,.F.);
#11990 = ORIENTED_EDGE('',*,*,#8852,.F.);
#11991 = ADVANCED_FACE('',(#11992),#8985,.T.);
#11992 = FACE_BOUND('',#11993,.T.);
#11993 = EDGE_LOOP('',(#11994,#11995,#12038,#12066));
#11994 = ORIENTED_EDGE('',*,*,#11802,.T.);
#11995 = ORIENTED_EDGE('',*,*,#11996,.T.);
#11996 = EDGE_CURVE('',#11803,#11997,#11999,.T.);
#11997 = VERTEX_POINT('',#11998);
#11998 = CARTESIAN_POINT('',(80.354933922503,30.074999999967,0.));
#11999 = SURFACE_CURVE('',#12000,(#12014,#12021),.PCURVE_S1.);
#12000 = ( BOUNDED_CURVE() B_SPLINE_CURVE(12,(#12001,#12002,#12003,
    #12004,#12005,#12006,#12007,#12008,#12009,#12010,#12011,#12012,
#12013),.UNSPECIFIED.,.F.,.F.) B_SPLINE_CURVE_WITH_KNOTS((13,13),(
99.028956984844,105.12865835427),.PIECEWISE_BEZIER_KNOTS.) CURVE() 
GEOMETRIC_REPRESENTATION_ITEM() RATIONAL_B_SPLINE_CURVE((1.,1.,
    1.000000000001,0.999999999997,1.000000000005,0.999999999993,
    1.000000000007,0.999999999994,1.000000000004,0.999999999998,
1.000000000001,1.,1.)) REPRESENTATION_ITEM('') );
#12001 = CARTESIAN_POINT('',(77.682154450094,32.456250017983,0.));
#12002 = CARTESIAN_POINT('',(77.717142082564,32.153981797653,4.108E-14)
  );
#12003 = CARTESIAN_POINT('',(77.790618788439,31.844771219952,-1.8185E-13
    ));
#12004 = CARTESIAN_POINT('',(77.907491372522,31.535322070993,4.7684E-13)
  );
#12005 = CARTESIAN_POINT('',(78.064822512445,31.237241916824,-8.9684E-13
    ));
#12006 = CARTESIAN_POINT('',(78.276711494259,30.951321736806,1.29041E-12
    ));
#12007 = CARTESIAN_POINT('',(78.511066724904,30.707028552439,
    -1.45717E-12));
#12008 = CARTESIAN_POINT('',(78.799943986136,30.484570522253,1.29896E-12
    ));
#12009 = CARTESIAN_POINT('',(79.096400849966,30.318969257698,-9.0672E-13
    ));
#12010 = CARTESIAN_POINT('',(79.415022869158,30.191782071056,4.8495E-13)
  );
#12011 = CARTESIAN_POINT('',(79.734944286468,30.1126033562,-1.8774E-13)
  );
#12012 = CARTESIAN_POINT('',(80.05064567223,30.074999997915,4.341E-14));
#12013 = CARTESIAN_POINT('',(80.354933922503,30.074999999967,0.));
#12014 = PCURVE('',#8985,#12015);
#12015 = DEFINITIONAL_REPRESENTATION('',(#12016),#12020);
#12016 = LINE('',#12017,#12018);
#12017 = CARTESIAN_POINT('',(6.099701369433,0.));
#12018 = VECTOR('',#12019,1.);
#12019 = DIRECTION('',(0.,1.));
#12020 = ( GEOMETRIC_REPRESENTATION_CONTEXT(2) 
PARAMETRIC_REPRESENTATION_CONTEXT() REPRESENTATION_CONTEXT('2D SPACE',''
  ) );
#12021 = PCURVE('',#11495,#12022);
#12022 = DEFINITIONAL_REPRESENTATION('',(#12023),#12037);
#12023 = ( BOUNDED_CURVE() B_SPLINE_CURVE(12,(#12024,#12025,#12026,
    #12027,#12028,#12029,#12030,#12031,#12032,#12033,#12034,#12035,
#12036),.UNSPECIFIED.,.F.,.F.) B_SPLINE_CURVE_WITH_KNOTS((13,13),(
99.028956984844,105.12865835427),.PIECEWISE_BEZIER_KNOTS.) CURVE() 
GEOMETRIC_REPRESENTATION_ITEM() RATIONAL_B_SPLINE_CURVE((1.,1.,
    1.000000000001,0.999999999997,1.000000000005,0.999999999993,
    1.000000000007,0.999999999994,1.000000000004,0.999999999998,
1.000000000001,1.,1.)) REPRESENTATION_ITEM('') );
#12024 = CARTESIAN_POINT('',(17.778359645364,-18.06833886627));
#12025 = CARTESIAN_POINT('',(17.813347277834,-18.3706070866));
#12026 = CARTESIAN_POINT('',(17.886823983709,-18.6798176643));
#12027 = CARTESIAN_POINT('',(18.003696567792,-18.98926681326));
#12028 = CARTESIAN_POINT('',(18.161027707715,-19.28734696743));
#12029 = CARTESIAN_POINT('',(18.372916689529,-19.57326714745));
#12030 = CARTESIAN_POINT('',(18.607271920174,-19.81756033182));
#12031 = CARTESIAN_POINT('',(18.896149181407,-20.040018362));
#12032 = CARTESIAN_POINT('',(19.192606045236,-20.20561962656));
#12033 = CARTESIAN_POINT('',(19.511228064428,-20.3328068132));
#12034 = CARTESIAN_POINT('',(19.831149481738,-20.41198552806));
#12035 = CARTESIAN_POINT('',(20.1468508675,-20.44958888634));
#12036 = CARTESIAN_POINT('',(20.451139117773,-20.44958888429));
#12037 = ( GEOMETRIC_REPRESENTATION_CONTEXT(2) 
PARAMETRIC_REPRESENTATION_CONTEXT() REPRESENTATION_CONTEXT('2D SPACE',''
  ) );
#12038 = ORIENTED_EDGE('',*,*,#12039,.F.);
#12039 = EDGE_CURVE('',#8945,#11997,#12040,.T.);
#12040 = SURFACE_CURVE('',#12041,(#12045,#12052),.PCURVE_S1.);
#12041 = ( BOUNDED_CURVE() B_SPLINE_CURVE(2,(#12042,#12043,#12044),
.UNSPECIFIED.,.F.,.F.) B_SPLINE_CURVE_WITH_KNOTS((3,3),(0.,
6.099701369433),.PIECEWISE_BEZIER_KNOTS.) CURVE() 
GEOMETRIC_REPRESENTATION_ITEM() RATIONAL_B_SPLINE_CURVE((1.,
0.707106781187,1.)) REPRESENTATION_ITEM('') );
#12042 = CARTESIAN_POINT('',(80.35493390436,28.574999999967,1.5));
#12043 = CARTESIAN_POINT('',(80.35493390436,28.574999999967,4.4E-16));
#12044 = CARTESIAN_POINT('',(80.354933922503,30.074999999967,0.));
#12045 = PCURVE('',#8985,#12046);
#12046 = DEFINITIONAL_REPRESENTATION('',(#12047),#12051);
#12047 = LINE('',#12048,#12049);
#12048 = CARTESIAN_POINT('',(0.,105.12865835427));
#12049 = VECTOR('',#12050,1.);
#12050 = DIRECTION('',(1.,0.));
#12051 = ( GEOMETRIC_REPRESENTATION_CONTEXT(2) 
PARAMETRIC_REPRESENTATION_CONTEXT() REPRESENTATION_CONTEXT('2D SPACE',''
  ) );
#12052 = PCURVE('',#9154,#12053);
#12053 = DEFINITIONAL_REPRESENTATION('',(#12054),#12065);
#12054 = B_SPLINE_CURVE_WITH_KNOTS('',9,(#12055,#12056,#12057,#12058,
    #12059,#12060,#12061,#12062,#12063,#12064),.UNSPECIFIED.,.F.,.F.,(10
    ,10),(0.,6.099701369433),.PIECEWISE_BEZIER_KNOTS.);
#12055 = CARTESIAN_POINT('',(-2.2E-16,7.11E-15));
#12056 = CARTESIAN_POINT('',(0.157134840264,7.11E-15));
#12057 = CARTESIAN_POINT('',(0.325774716821,7.11E-15));
#12058 = CARTESIAN_POINT('',(0.50456638687,7.11E-15));
#12059 = CARTESIAN_POINT('',(0.690744851612,7.11E-15));
#12060 = CARTESIAN_POINT('',(0.880051475183,7.11E-15));
#12061 = CARTESIAN_POINT('',(1.066229939925,7.11E-15));
#12062 = CARTESIAN_POINT('',(1.245021609974,7.11E-15));
#12063 = CARTESIAN_POINT('',(1.413661486531,7.11E-15));
#12064 = CARTESIAN_POINT('',(1.570796326795,7.11E-15));
#12065 = ( GEOMETRIC_REPRESENTATION_CONTEXT(2) 
PARAMETRIC_REPRESENTATION_CONTEXT() REPRESENTATION_CONTEXT('2D SPACE',''
  ) );
#12066 = ORIENTED_EDGE('',*,*,#8944,.F.);
#12067 = ADVANCED_FACE('',(#12068),#9078,.T.);
#12068 = FACE_BOUND('',#12069,.T.);
#12069 = EDGE_LOOP('',(#12070,#12094,#12115,#12116));
#12070 = ORIENTED_EDGE('',*,*,#12071,.T.);
#12071 = EDGE_CURVE('',#9063,#12072,#12074,.T.);
#12072 = VERTEX_POINT('',#12073);
#12073 = CARTESIAN_POINT('',(28.240625,6.262499999998,0.));
#12074 = SURFACE_CURVE('',#12075,(#12080,#12087),.PCURVE_S1.);
#12075 = CIRCLE('',#12076,1.5);
#12076 = AXIS2_PLACEMENT_3D('',#12077,#12078,#12079);
#12077 = CARTESIAN_POINT('',(28.240625,6.262499999998,1.5));
#12078 = DIRECTION('',(1.,-1.48E-15,0.));
#12079 = DIRECTION('',(1.48E-15,1.,0.));
#12080 = PCURVE('',#9078,#12081);
#12081 = DEFINITIONAL_REPRESENTATION('',(#12082),#12086);
#12082 = LINE('',#12083,#12084);
#12083 = CARTESIAN_POINT('',(-3.14159265359,-3.55E-15));
#12084 = VECTOR('',#12085,1.);
#12085 = DIRECTION('',(1.,0.));
#12086 = ( GEOMETRIC_REPRESENTATION_CONTEXT(2) 
PARAMETRIC_REPRESENTATION_CONTEXT() REPRESENTATION_CONTEXT('2D SPACE',''
  ) );
#12087 = PCURVE('',#9208,#12088);
#12088 = DEFINITIONAL_REPRESENTATION('',(#12089),#12093);
#12089 = LINE('',#12090,#12091);
#12090 = CARTESIAN_POINT('',(-1.455558865068,0.));
#12091 = VECTOR('',#12092,1.);
#12092 = DIRECTION('',(-0.,1.));
#12093 = ( GEOMETRIC_REPRESENTATION_CONTEXT(2) 
PARAMETRIC_REPRESENTATION_CONTEXT() REPRESENTATION_CONTEXT('2D SPACE',''
  ) );
#12094 = ORIENTED_EDGE('',*,*,#12095,.T.);
#12095 = EDGE_CURVE('',#12072,#11891,#12096,.T.);
#12096 = SURFACE_CURVE('',#12097,(#12101,#12108),.PCURVE_S1.);
#12097 = LINE('',#12098,#12099);
#12098 = CARTESIAN_POINT('',(28.240625,6.262499999998,-2.2E-16));
#12099 = VECTOR('',#12100,1.);
#12100 = DIRECTION('',(1.,0.,0.));
#12101 = PCURVE('',#9078,#12102);
#12102 = DEFINITIONAL_REPRESENTATION('',(#12103),#12107);
#12103 = LINE('',#12104,#12105);
#12104 = CARTESIAN_POINT('',(1.570796326795,0.));
#12105 = VECTOR('',#12106,1.);
#12106 = DIRECTION('',(0.,1.));
#12107 = ( GEOMETRIC_REPRESENTATION_CONTEXT(2) 
PARAMETRIC_REPRESENTATION_CONTEXT() REPRESENTATION_CONTEXT('2D SPACE',''
  ) );
#12108 = PCURVE('',#11495,#12109);
#12109 = DEFINITIONAL_REPRESENTATION('',(#12110),#12114);
#12110 = LINE('',#12111,#12112);
#12111 = CARTESIAN_POINT('',(-31.66316980473,-44.26208888426));
#12112 = VECTOR('',#12113,1.);
#12113 = DIRECTION('',(1.,0.));
#12114 = ( GEOMETRIC_REPRESENTATION_CONTEXT(2) 
PARAMETRIC_REPRESENTATION_CONTEXT() REPRESENTATION_CONTEXT('2D SPACE',''
  ) );
#12115 = ORIENTED_EDGE('',*,*,#11890,.F.);
#12116 = ORIENTED_EDGE('',*,*,#9062,.F.);
#12117 = ADVANCED_FACE('',(#12118),#9154,.T.);
#12118 = FACE_BOUND('',#12119,.T.);
#12119 = EDGE_LOOP('',(#12120,#12121,#12144,#12166));
#12120 = ORIENTED_EDGE('',*,*,#12039,.T.);
#12121 = ORIENTED_EDGE('',*,*,#12122,.T.);
#12122 = EDGE_CURVE('',#11997,#12123,#12125,.T.);
#12123 = VERTEX_POINT('',#12124);
#12124 = CARTESIAN_POINT('',(94.059375,30.074999999967,0.));
#12125 = SURFACE_CURVE('',#12126,(#12130,#12137),.PCURVE_S1.);
#12126 = LINE('',#12127,#12128);
#12127 = CARTESIAN_POINT('',(80.35493390436,30.074999999967,-2.2E-16));
#12128 = VECTOR('',#12129,1.);
#12129 = DIRECTION('',(1.,0.,0.));
#12130 = PCURVE('',#9154,#12131);
#12131 = DEFINITIONAL_REPRESENTATION('',(#12132),#12136);
#12132 = LINE('',#12133,#12134);
#12133 = CARTESIAN_POINT('',(1.570796326795,0.));
#12134 = VECTOR('',#12135,1.);
#12135 = DIRECTION('',(0.,1.));
#12136 = ( GEOMETRIC_REPRESENTATION_CONTEXT(2) 
PARAMETRIC_REPRESENTATION_CONTEXT() REPRESENTATION_CONTEXT('2D SPACE',''
  ) );
#12137 = PCURVE('',#11495,#12138);
#12138 = DEFINITIONAL_REPRESENTATION('',(#12139),#12143);
#12139 = LINE('',#12140,#12141);
#12140 = CARTESIAN_POINT('',(20.451139099631,-20.44958888429));
#12141 = VECTOR('',#12142,1.);
#12142 = DIRECTION('',(1.,0.));
#12143 = ( GEOMETRIC_REPRESENTATION_CONTEXT(2) 
PARAMETRIC_REPRESENTATION_CONTEXT() REPRESENTATION_CONTEXT('2D SPACE',''
  ) );
#12144 = ORIENTED_EDGE('',*,*,#12145,.F.);
#12145 = EDGE_CURVE('',#9118,#12123,#12146,.T.);
#12146 = SURFACE_CURVE('',#12147,(#12152,#12159),.PCURVE_S1.);
#12147 = CIRCLE('',#12148,1.5);
#12148 = AXIS2_PLACEMENT_3D('',#12149,#12150,#12151);
#12149 = CARTESIAN_POINT('',(94.059375,30.074999999967,1.5));
#12150 = DIRECTION('',(1.,0.,0.));
#12151 = DIRECTION('',(0.,-1.,0.));
#12152 = PCURVE('',#9154,#12153);
#12153 = DEFINITIONAL_REPRESENTATION('',(#12154),#12158);
#12154 = LINE('',#12155,#12156);
#12155 = CARTESIAN_POINT('',(0.,13.70444109564));
#12156 = VECTOR('',#12157,1.);
#12157 = DIRECTION('',(1.,0.));
#12158 = ( GEOMETRIC_REPRESENTATION_CONTEXT(2) 
PARAMETRIC_REPRESENTATION_CONTEXT() REPRESENTATION_CONTEXT('2D SPACE',''
  ) );
#12159 = PCURVE('',#9266,#12160);
#12160 = DEFINITIONAL_REPRESENTATION('',(#12161),#12165);
#12161 = LINE('',#12162,#12163);
#12162 = CARTESIAN_POINT('',(-0.,3.14159265359));
#12163 = VECTOR('',#12164,1.);
#12164 = DIRECTION('',(-0.,1.));
#12165 = ( GEOMETRIC_REPRESENTATION_CONTEXT(2) 
PARAMETRIC_REPRESENTATION_CONTEXT() REPRESENTATION_CONTEXT('2D SPACE',''
  ) );
#12166 = ORIENTED_EDGE('',*,*,#9140,.F.);
#12167 = ADVANCED_FACE('',(#12168),#9208,.T.);
#12168 = FACE_BOUND('',#12169,.F.);
#12169 = EDGE_LOOP('',(#12170,#12200,#12201,#12202));
#12170 = ORIENTED_EDGE('',*,*,#12171,.F.);
#12171 = EDGE_CURVE('',#9170,#12172,#12174,.T.);
#12172 = VERTEX_POINT('',#12173);
#12173 = CARTESIAN_POINT('',(25.567845549905,3.881250018021,0.));
#12174 = SURFACE_CURVE('',#12175,(#12179,#12193),.PCURVE_S1.);
#12175 = ( BOUNDED_CURVE() B_SPLINE_CURVE(2,(#12176,#12177,#12178),
.UNSPECIFIED.,.F.,.F.) B_SPLINE_CURVE_WITH_KNOTS((3,3),(0.,
6.099701369439),.PIECEWISE_BEZIER_KNOTS.) CURVE() 
GEOMETRIC_REPRESENTATION_ITEM() RATIONAL_B_SPLINE_CURVE((1.,
0.707106781187,1.)) REPRESENTATION_ITEM('') );
#12176 = CARTESIAN_POINT('',(27.057896810359,3.708776132402,1.5));
#12177 = CARTESIAN_POINT('',(27.057896810359,3.708776132402,4.4E-16));
#12178 = CARTESIAN_POINT('',(25.567845549905,3.881250018021,0.));
#12179 = PCURVE('',#9208,#12180);
#12180 = DEFINITIONAL_REPRESENTATION('',(#12181),#12192);
#12181 = B_SPLINE_CURVE_WITH_KNOTS('',9,(#12182,#12183,#12184,#12185,
    #12186,#12187,#12188,#12189,#12190,#12191),.UNSPECIFIED.,.F.,.F.,(10
    ,10),(0.,6.099701369439),.PIECEWISE_BEZIER_KNOTS.);
#12182 = CARTESIAN_POINT('',(1.29E-15,3.14159265359));
#12183 = CARTESIAN_POINT('',(1.29E-15,3.298727493853));
#12184 = CARTESIAN_POINT('',(1.29E-15,3.467367370411));
#12185 = CARTESIAN_POINT('',(1.29E-15,3.64615904046));
#12186 = CARTESIAN_POINT('',(1.29E-15,3.832337505202));
#12187 = CARTESIAN_POINT('',(1.29E-15,4.021644128773));
#12188 = CARTESIAN_POINT('',(1.29E-15,4.207822593515));
#12189 = CARTESIAN_POINT('',(1.29E-15,4.386614263564));
#12190 = CARTESIAN_POINT('',(1.29E-15,4.555254140121));
#12191 = CARTESIAN_POINT('',(1.29E-15,4.712388980385));
#12192 = ( GEOMETRIC_REPRESENTATION_CONTEXT(2) 
PARAMETRIC_REPRESENTATION_CONTEXT() REPRESENTATION_CONTEXT('2D SPACE',''
  ) );
#12193 = PCURVE('',#9323,#12194);
#12194 = DEFINITIONAL_REPRESENTATION('',(#12195),#12199);
#12195 = LINE('',#12196,#12197);
#12196 = CARTESIAN_POINT('',(0.,24.804142465078));
#12197 = VECTOR('',#12198,1.);
#12198 = DIRECTION('',(1.,0.));
#12199 = ( GEOMETRIC_REPRESENTATION_CONTEXT(2) 
PARAMETRIC_REPRESENTATION_CONTEXT() REPRESENTATION_CONTEXT('2D SPACE',''
  ) );
#12200 = ORIENTED_EDGE('',*,*,#9193,.T.);
#12201 = ORIENTED_EDGE('',*,*,#12071,.T.);
#12202 = ORIENTED_EDGE('',*,*,#12203,.F.);
#12203 = EDGE_CURVE('',#12172,#12072,#12204,.T.);
#12204 = SURFACE_CURVE('',#12205,(#12210,#12217),.PCURVE_S1.);
#12205 = CIRCLE('',#12206,2.690625);
#12206 = AXIS2_PLACEMENT_3D('',#12207,#12208,#12209);
#12207 = CARTESIAN_POINT('',(28.240625,3.571874999998,0.));
#12208 = DIRECTION('',(0.,0.,-1.));
#12209 = DIRECTION('',(-0.99336750836,0.114982578398,0.));
#12210 = PCURVE('',#9208,#12211);
#12211 = DEFINITIONAL_REPRESENTATION('',(#12212),#12216);
#12212 = LINE('',#12213,#12214);
#12213 = CARTESIAN_POINT('',(-0.,4.712388980385));
#12214 = VECTOR('',#12215,1.);
#12215 = DIRECTION('',(-1.,0.));
#12216 = ( GEOMETRIC_REPRESENTATION_CONTEXT(2) 
PARAMETRIC_REPRESENTATION_CONTEXT() REPRESENTATION_CONTEXT('2D SPACE',''
  ) );
#12217 = PCURVE('',#11495,#12218);
#12218 = DEFINITIONAL_REPRESENTATION('',(#12219),#12227);
#12219 = ( BOUNDED_CURVE() B_SPLINE_CURVE(2,(#12220,#12221,#12222,#12223
    ,#12224,#12225,#12226),.UNSPECIFIED.,.T.,.F.) 
B_SPLINE_CURVE_WITH_KNOTS((1,2,2,2,2,1),(-2.094395102393,0.,
    2.094395102393,4.188790204786,6.28318530718,8.377580409573),
.UNSPECIFIED.) CURVE() GEOMETRIC_REPRESENTATION_ITEM() 
RATIONAL_B_SPLINE_CURVE((1.,0.5,1.,0.5,1.,0.5,1.)) REPRESENTATION_ITEM(
  '') );
#12220 = CARTESIAN_POINT('',(-34.33594925691,-46.64333888426));
#12221 = CARTESIAN_POINT('',(-33.80009603831,-42.01394907565));
#12222 = CARTESIAN_POINT('',(-30.05885346934,-44.79270647996));
#12223 = CARTESIAN_POINT('',(-26.31761090036,-47.57146388426));
#12224 = CARTESIAN_POINT('',(-30.59470668793,-49.42209628856));
#12225 = CARTESIAN_POINT('',(-34.8718024755,-51.27272869286));
#12226 = CARTESIAN_POINT('',(-34.33594925691,-46.64333888426));
#12227 = ( GEOMETRIC_REPRESENTATION_CONTEXT(2) 
PARAMETRIC_REPRESENTATION_CONTEXT() REPRESENTATION_CONTEXT('2D SPACE',''
  ) );
#12228 = ADVANCED_FACE('',(#12229),#9266,.T.);
#12229 = FACE_BOUND('',#12230,.F.);
#12230 = EDGE_LOOP('',(#12231,#12232,#12233,#12292));
#12231 = ORIENTED_EDGE('',*,*,#12145,.F.);
#12232 = ORIENTED_EDGE('',*,*,#9251,.T.);
#12233 = ORIENTED_EDGE('',*,*,#12234,.T.);
#12234 = EDGE_CURVE('',#9226,#12235,#12237,.T.);
#12235 = VERTEX_POINT('',#12236);
#12236 = CARTESIAN_POINT('',(96.732154452179,27.693749999981,0.));
#12237 = SURFACE_CURVE('',#12238,(#12243,#12250),.PCURVE_S1.);
#12238 = CIRCLE('',#12239,1.5);
#12239 = AXIS2_PLACEMENT_3D('',#12240,#12241,#12242);
#12240 = CARTESIAN_POINT('',(96.732154452179,27.693749999981,1.5));
#12241 = DIRECTION('',(0.114982578402,-0.993367508359,0.));
#12242 = DIRECTION('',(0.993367508359,0.114982578402,0.));
#12243 = PCURVE('',#9266,#12244);
#12244 = DEFINITIONAL_REPRESENTATION('',(#12245),#12249);
#12245 = LINE('',#12246,#12247);
#12246 = CARTESIAN_POINT('',(-1.455558865063,0.));
#12247 = VECTOR('',#12248,1.);
#12248 = DIRECTION('',(-0.,1.));
#12249 = ( GEOMETRIC_REPRESENTATION_CONTEXT(2) 
PARAMETRIC_REPRESENTATION_CONTEXT() REPRESENTATION_CONTEXT('2D SPACE',''
  ) );
#12250 = PCURVE('',#9441,#12251);
#12251 = DEFINITIONAL_REPRESENTATION('',(#12252),#12291);
#12252 = B_SPLINE_CURVE_WITH_KNOTS('',7,(#12253,#12254,#12255,#12256,
    #12257,#12258,#12259,#12260,#12261,#12262,#12263,#12264,#12265,
    #12266,#12267,#12268,#12269,#12270,#12271,#12272,#12273,#12274,
    #12275,#12276,#12277,#12278,#12279,#12280,#12281,#12282,#12283,
    #12284,#12285,#12286,#12287,#12288,#12289,#12290),.UNSPECIFIED.,.F.,
  .F.,(8,6,6,6,6,6,8),(3.14159265359,3.337942194439,3.534291735289,
    3.926990816987,4.319689898686,4.516039439535,4.712388980385),
  .UNSPECIFIED.);
#12253 = CARTESIAN_POINT('',(0.,120.56612422363));
#12254 = CARTESIAN_POINT('',(0.120983299741,120.56612422363));
#12255 = CARTESIAN_POINT('',(0.240327058118,120.56612422363));
#12256 = CARTESIAN_POINT('',(0.358147156156,120.56612422363));
#12257 = CARTESIAN_POINT('',(0.47455721841,120.56612422363));
#12258 = CARTESIAN_POINT('',(0.5896558673,120.56612422363));
#12259 = CARTESIAN_POINT('',(0.7035437222,120.56612422363));
#12260 = CARTESIAN_POINT('',(0.929079942092,120.56612422363));
#12261 = CARTESIAN_POINT('',(1.040728653818,120.56612422363));
#12262 = CARTESIAN_POINT('',(1.15135034279,120.56612422363));
#12263 = CARTESIAN_POINT('',(1.261032599056,120.56612422363));
#12264 = CARTESIAN_POINT('',(1.369858886393,120.56612422363));
#12265 = CARTESIAN_POINT('',(1.477909201466,120.56612422363));
#12266 = CARTESIAN_POINT('',(1.799963796011,120.56612422363));
#12267 = CARTESIAN_POINT('',(2.011871703704,120.56612422363));
#12268 = CARTESIAN_POINT('',(2.221601660648,120.56612422363));
#12269 = CARTESIAN_POINT('',(2.42972567577,120.56612422363));
#12270 = CARTESIAN_POINT('',(2.636787840956,120.56612422363));
#12271 = CARTESIAN_POINT('',(2.843319268122,120.56612422363));
#12272 = CARTESIAN_POINT('',(3.256382101297,120.56612422363));
#12273 = CARTESIAN_POINT('',(3.462913528464,120.56612422363));
#12274 = CARTESIAN_POINT('',(3.66997569365,120.56612422363));
#12275 = CARTESIAN_POINT('',(3.878099708771,120.56612422363));
#12276 = CARTESIAN_POINT('',(4.087829665715,120.56612422363));
#12277 = CARTESIAN_POINT('',(4.299737573408,120.56612422363));
#12278 = CARTESIAN_POINT('',(4.621792167953,120.56612422363));
#12279 = CARTESIAN_POINT('',(4.729842483027,120.56612422363));
#12280 = CARTESIAN_POINT('',(4.838668770364,120.56612422363));
#12281 = CARTESIAN_POINT('',(4.948351026629,120.56612422363));
#12282 = CARTESIAN_POINT('',(5.058972715602,120.56612422363));
#12283 = CARTESIAN_POINT('',(5.170621427327,120.56612422363));
#12284 = CARTESIAN_POINT('',(5.396157647219,120.56612422363));
#12285 = CARTESIAN_POINT('',(5.510045502119,120.56612422363));
#12286 = CARTESIAN_POINT('',(5.625144151009,120.56612422363));
#12287 = CARTESIAN_POINT('',(5.741554213263,120.56612422363));
#12288 = CARTESIAN_POINT('',(5.859374311302,120.56612422363));
#12289 = CARTESIAN_POINT('',(5.978718069678,120.56612422363));
#12290 = CARTESIAN_POINT('',(6.099701369419,120.56612422363));
#12291 = ( GEOMETRIC_REPRESENTATION_CONTEXT(2) 
PARAMETRIC_REPRESENTATION_CONTEXT() REPRESENTATION_CONTEXT('2D SPACE',''
  ) );
#12292 = ORIENTED_EDGE('',*,*,#12293,.F.);
#12293 = EDGE_CURVE('',#12123,#12235,#12294,.T.);
#12294 = SURFACE_CURVE('',#12295,(#12300,#12307),.PCURVE_S1.);
#12295 = CIRCLE('',#12296,2.690625);
#12296 = AXIS2_PLACEMENT_3D('',#12297,#12298,#12299);
#12297 = CARTESIAN_POINT('',(94.059375,27.384374999967,0.));
#12298 = DIRECTION('',(0.,0.,-1.));
#12299 = DIRECTION('',(0.,1.,0.));
#12300 = PCURVE('',#9266,#12301);
#12301 = DEFINITIONAL_REPRESENTATION('',(#12302),#12306);
#12302 = LINE('',#12303,#12304);
#12303 = CARTESIAN_POINT('',(-0.,4.712388980385));
#12304 = VECTOR('',#12305,1.);
#12305 = DIRECTION('',(-1.,0.));
#12306 = ( GEOMETRIC_REPRESENTATION_CONTEXT(2) 
PARAMETRIC_REPRESENTATION_CONTEXT() REPRESENTATION_CONTEXT('2D SPACE',''
  ) );
#12307 = PCURVE('',#11495,#12308);
#12308 = DEFINITIONAL_REPRESENTATION('',(#12309),#12317);
#12309 = ( BOUNDED_CURVE() B_SPLINE_CURVE(2,(#12310,#12311,#12312,#12313
    ,#12314,#12315,#12316),.UNSPECIFIED.,.T.,.F.) 
B_SPLINE_CURVE_WITH_KNOTS((1,2,2,2,2,1),(-2.094395102393,0.,
    2.094395102393,4.188790204786,6.28318530718,8.377580409573),
.UNSPECIFIED.) CURVE() GEOMETRIC_REPRESENTATION_ITEM() 
RATIONAL_B_SPLINE_CURVE((1.,0.5,1.,0.5,1.,0.5,1.)) REPRESENTATION_ITEM(
  '') );
#12310 = CARTESIAN_POINT('',(34.15558019527,-20.44958888429));
#12311 = CARTESIAN_POINT('',(38.815879399385,-20.44958888429));
#12312 = CARTESIAN_POINT('',(36.485729797328,-24.48552638429));
#12313 = CARTESIAN_POINT('',(34.15558019527,-28.52146388429));
#12314 = CARTESIAN_POINT('',(31.825430593213,-24.48552638429));
#12315 = CARTESIAN_POINT('',(29.495280991155,-20.44958888429));
#12316 = CARTESIAN_POINT('',(34.15558019527,-20.44958888429));
#12317 = ( GEOMETRIC_REPRESENTATION_CONTEXT(2) 
PARAMETRIC_REPRESENTATION_CONTEXT() REPRESENTATION_CONTEXT('2D SPACE',''
  ) );
#12318 = ADVANCED_FACE('',(#12319),#9323,.T.);
#12319 = FACE_BOUND('',#12320,.T.);
#12320 = EDGE_LOOP('',(#12321,#12380,#12421,#12422));
#12321 = ORIENTED_EDGE('',*,*,#12322,.T.);
#12322 = EDGE_CURVE('',#9283,#12323,#12325,.T.);
#12323 = VERTEX_POINT('',#12324);
#12324 = CARTESIAN_POINT('',(22.895066095639,1.5,0.));
#12325 = SURFACE_CURVE('',#12326,(#12331,#12373),.PCURVE_S1.);
#12326 = CIRCLE('',#12327,1.5);
#12327 = AXIS2_PLACEMENT_3D('',#12328,#12329,#12330);
#12328 = CARTESIAN_POINT('',(22.895066095639,1.5,1.5));
#12329 = DIRECTION('',(1.,0.,0.));
#12330 = DIRECTION('',(0.,-1.,0.));
#12331 = PCURVE('',#9323,#12332);
#12332 = DEFINITIONAL_REPRESENTATION('',(#12333),#12372);
#12333 = B_SPLINE_CURVE_WITH_KNOTS('',7,(#12334,#12335,#12336,#12337,
    #12338,#12339,#12340,#12341,#12342,#12343,#12344,#12345,#12346,
    #12347,#12348,#12349,#12350,#12351,#12352,#12353,#12354,#12355,
    #12356,#12357,#12358,#12359,#12360,#12361,#12362,#12363,#12364,
    #12365,#12366,#12367,#12368,#12369,#12370,#12371),.UNSPECIFIED.,.F.,
  .F.,(8,6,6,6,6,6,8),(0.,0.196349540849,0.392699081699,0.785398163397,
    1.178097245096,1.374446785946,1.570796326795),.UNSPECIFIED.);
#12334 = CARTESIAN_POINT('',(-6.E-17,18.704441095639));
#12335 = CARTESIAN_POINT('',(0.120983299742,18.704441095639));
#12336 = CARTESIAN_POINT('',(0.240327058118,18.704441095638));
#12337 = CARTESIAN_POINT('',(0.358147156157,18.704441095639));
#12338 = CARTESIAN_POINT('',(0.474557218412,18.704441095638));
#12339 = CARTESIAN_POINT('',(0.589655867302,18.704441095639));
#12340 = CARTESIAN_POINT('',(0.703543722202,18.704441095639));
#12341 = CARTESIAN_POINT('',(0.929079942095,18.704441095639));
#12342 = CARTESIAN_POINT('',(1.040728653821,18.704441095638));
#12343 = CARTESIAN_POINT('',(1.151350342794,18.704441095639));
#12344 = CARTESIAN_POINT('',(1.26103259906,18.704441095638));
#12345 = CARTESIAN_POINT('',(1.369858886397,18.704441095639));
#12346 = CARTESIAN_POINT('',(1.477909201471,18.704441095639));
#12347 = CARTESIAN_POINT('',(1.799963796017,18.704441095639));
#12348 = CARTESIAN_POINT('',(2.01187170371,18.704441095638));
#12349 = CARTESIAN_POINT('',(2.221601660656,18.704441095639));
#12350 = CARTESIAN_POINT('',(2.429725675778,18.704441095638));
#12351 = CARTESIAN_POINT('',(2.636787840964,18.704441095639));
#12352 = CARTESIAN_POINT('',(2.843319268131,18.704441095639));
#12353 = CARTESIAN_POINT('',(3.256382101308,18.704441095639));
#12354 = CARTESIAN_POINT('',(3.462913528475,18.704441095639));
#12355 = CARTESIAN_POINT('',(3.669975693662,18.704441095638));
#12356 = CARTESIAN_POINT('',(3.878099708784,18.704441095639));
#12357 = CARTESIAN_POINT('',(4.087829665729,18.704441095638));
#12358 = CARTESIAN_POINT('',(4.299737573422,18.704441095639));
#12359 = CARTESIAN_POINT('',(4.621792167969,18.704441095639));
#12360 = CARTESIAN_POINT('',(4.729842483042,18.704441095639));
#12361 = CARTESIAN_POINT('',(4.83866877038,18.704441095639));
#12362 = CARTESIAN_POINT('',(4.948351026645,18.704441095638));
#12363 = CARTESIAN_POINT('',(5.058972715618,18.704441095639));
#12364 = CARTESIAN_POINT('',(5.170621427344,18.704441095639));
#12365 = CARTESIAN_POINT('',(5.396157647237,18.704441095639));
#12366 = CARTESIAN_POINT('',(5.510045502137,18.704441095639));
#12367 = CARTESIAN_POINT('',(5.625144151028,18.704441095639));
#12368 = CARTESIAN_POINT('',(5.741554213282,18.704441095639));
#12369 = CARTESIAN_POINT('',(5.859374311321,18.704441095639));
#12370 = CARTESIAN_POINT('',(5.978718069698,18.704441095639));
#12371 = CARTESIAN_POINT('',(6.099701369439,18.704441095639));
#12372 = ( GEOMETRIC_REPRESENTATION_CONTEXT(2) 
PARAMETRIC_REPRESENTATION_CONTEXT() REPRESENTATION_CONTEXT('2D SPACE',''
  ) );
#12373 = PCURVE('',#9556,#12374);
#12374 = DEFINITIONAL_REPRESENTATION('',(#12375),#12379);
#12375 = LINE('',#12376,#12377);
#12376 = CARTESIAN_POINT('',(0.,18.704441095639));
#12377 = VECTOR('',#12378,1.);
#12378 = DIRECTION('',(1.,0.));
#12379 = ( GEOMETRIC_REPRESENTATION_CONTEXT(2) 
PARAMETRIC_REPRESENTATION_CONTEXT() REPRESENTATION_CONTEXT('2D SPACE',''
  ) );
#12380 = ORIENTED_EDGE('',*,*,#12381,.T.);
#12381 = EDGE_CURVE('',#12323,#12172,#12382,.T.);
#12382 = SURFACE_CURVE('',#12383,(#12397,#12404),.PCURVE_S1.);
#12383 = ( BOUNDED_CURVE() B_SPLINE_CURVE(12,(#12384,#12385,#12386,
    #12387,#12388,#12389,#12390,#12391,#12392,#12393,#12394,#12395,
#12396),.UNSPECIFIED.,.F.,.F.) B_SPLINE_CURVE_WITH_KNOTS((13,13),(
18.704441095639,24.804142465078),.PIECEWISE_BEZIER_KNOTS.) CURVE() 
GEOMETRIC_REPRESENTATION_ITEM() RATIONAL_B_SPLINE_CURVE((1.,1.,1.,
    0.999999999999,1.000000000001,0.999999999999,1.000000000001,
0.999999999999,1.000000000001,1.,1.,1.,1.)) REPRESENTATION_ITEM('') );
#12384 = CARTESIAN_POINT('',(22.895066077497,1.5,0.));
#12385 = CARTESIAN_POINT('',(23.199352474576,1.499999997948,-2.E-15));
#12386 = CARTESIAN_POINT('',(23.514960756793,1.537435540694,3.77E-15));
#12387 = CARTESIAN_POINT('',(23.835795797949,1.617951707298,-3.55E-15));
#12388 = CARTESIAN_POINT('',(24.149989278057,1.739965325115,-1.55E-15));
#12389 = CARTESIAN_POINT('',(24.458376636375,1.917573115331,1.044E-14));
#12390 = CARTESIAN_POINT('',(24.727996317004,2.122284526983,-2.021E-14)
  );
#12391 = CARTESIAN_POINT('',(24.982194748293,2.383667013919,2.687E-14));
#12392 = CARTESIAN_POINT('',(25.18078503863,2.659116369928,-2.587E-14));
#12393 = CARTESIAN_POINT('',(25.343764638529,2.961000820529,1.932E-14));
#12394 = CARTESIAN_POINT('',(25.459203590689,3.269696188916,-1.132E-14)
  );
#12395 = CARTESIAN_POINT('',(25.532857704351,3.578979956786,4.E-15));
#12396 = CARTESIAN_POINT('',(25.567845549905,3.881250018021,0.));
#12397 = PCURVE('',#9323,#12398);
#12398 = DEFINITIONAL_REPRESENTATION('',(#12399),#12403);
#12399 = LINE('',#12400,#12401);
#12400 = CARTESIAN_POINT('',(6.099701369439,0.));
#12401 = VECTOR('',#12402,1.);
#12402 = DIRECTION('',(0.,1.));
#12403 = ( GEOMETRIC_REPRESENTATION_CONTEXT(2) 
PARAMETRIC_REPRESENTATION_CONTEXT() REPRESENTATION_CONTEXT('2D SPACE',''
  ) );
#12404 = PCURVE('',#11495,#12405);
#12405 = DEFINITIONAL_REPRESENTATION('',(#12406),#12420);
#12406 = ( BOUNDED_CURVE() B_SPLINE_CURVE(12,(#12407,#12408,#12409,
    #12410,#12411,#12412,#12413,#12414,#12415,#12416,#12417,#12418,
#12419),.UNSPECIFIED.,.F.,.F.) B_SPLINE_CURVE_WITH_KNOTS((13,13),(
18.704441095639,24.804142465078),.PIECEWISE_BEZIER_KNOTS.) CURVE() 
GEOMETRIC_REPRESENTATION_ITEM() RATIONAL_B_SPLINE_CURVE((1.,1.,1.,
    0.999999999999,1.000000000001,0.999999999999,1.000000000001,
0.999999999999,1.000000000001,1.,1.,1.,1.)) REPRESENTATION_ITEM('') );
#12407 = CARTESIAN_POINT('',(-37.00872872723,-49.02458888426));
#12408 = CARTESIAN_POINT('',(-36.70444233015,-49.02458888631));
#12409 = CARTESIAN_POINT('',(-36.38883404793,-48.98715334356));
#12410 = CARTESIAN_POINT('',(-36.06799900678,-48.90663717696));
#12411 = CARTESIAN_POINT('',(-35.75380552667,-48.78462355914));
#12412 = CARTESIAN_POINT('',(-35.44541816835,-48.60701576892));
#12413 = CARTESIAN_POINT('',(-35.17579848772,-48.40230435727));
#12414 = CARTESIAN_POINT('',(-34.92160005643,-48.14092187034));
#12415 = CARTESIAN_POINT('',(-34.7230097661,-47.86547251433));
#12416 = CARTESIAN_POINT('',(-34.5600301662,-47.56358806373));
#12417 = CARTESIAN_POINT('',(-34.44459121404,-47.25489269534));
#12418 = CARTESIAN_POINT('',(-34.37093710037,-46.94560892747));
#12419 = CARTESIAN_POINT('',(-34.33594925482,-46.64333886624));
#12420 = ( GEOMETRIC_REPRESENTATION_CONTEXT(2) 
PARAMETRIC_REPRESENTATION_CONTEXT() REPRESENTATION_CONTEXT('2D SPACE',''
  ) );
#12421 = ORIENTED_EDGE('',*,*,#12171,.F.);
#12422 = ORIENTED_EDGE('',*,*,#9282,.F.);
#12423 = ADVANCED_FACE('',(#12424),#9441,.T.);
#12424 = FACE_BOUND('',#12425,.T.);
#12425 = EDGE_LOOP('',(#12426,#12427,#12470,#12498));
#12426 = ORIENTED_EDGE('',*,*,#12234,.T.);
#12427 = ORIENTED_EDGE('',*,*,#12428,.T.);
#12428 = EDGE_CURVE('',#12235,#12429,#12431,.T.);
#12429 = VERTEX_POINT('',#12430);
#12430 = CARTESIAN_POINT('',(99.404933922501,25.312499999995,0.));
#12431 = SURFACE_CURVE('',#12432,(#12446,#12453),.PCURVE_S1.);
#12432 = ( BOUNDED_CURVE() B_SPLINE_CURVE(12,(#12433,#12434,#12435,
    #12436,#12437,#12438,#12439,#12440,#12441,#12442,#12443,#12444,
#12445),.UNSPECIFIED.,.F.,.F.) B_SPLINE_CURVE_WITH_KNOTS((13,13),(
120.56612422363,126.66582559305),.PIECEWISE_BEZIER_KNOTS.) CURVE() 
GEOMETRIC_REPRESENTATION_ITEM() RATIONAL_B_SPLINE_CURVE((1.,1.,
    0.999999999999,1.000000000001,0.999999999997,1.000000000004,
    0.999999999995,1.000000000004,0.999999999997,1.000000000001,
0.999999999999,1.,1.)) REPRESENTATION_ITEM('') );
#12433 = CARTESIAN_POINT('',(96.732154450093,27.693750018003,0.));
#12434 = CARTESIAN_POINT('',(96.767142082564,27.391481797672,2.89E-15));
#12435 = CARTESIAN_POINT('',(96.840618788439,27.082271219984,-1.288E-14)
  );
#12436 = CARTESIAN_POINT('',(96.957491372513,26.772822070992,2.942E-14)
  );
#12437 = CARTESIAN_POINT('',(97.114822512502,26.474741916865,-4.441E-14)
  );
#12438 = CARTESIAN_POINT('',(97.326711494116,26.188821736846,3.697E-14)
  );
#12439 = CARTESIAN_POINT('',(97.561066725135,25.944528552414,1.67E-15));
#12440 = CARTESIAN_POINT('',(97.849943985878,25.722070522343,-4.574E-14)
  );
#12441 = CARTESIAN_POINT('',(98.146400850164,25.556469257676,6.195E-14)
  );
#12442 = CARTESIAN_POINT('',(98.465022869059,25.429282071109,-4.452E-14)
  );
#12443 = CARTESIAN_POINT('',(98.784944286486,25.350103356222,1.854E-14)
  );
#12444 = CARTESIAN_POINT('',(99.100645672228,25.312499997943,-4.E-15));
#12445 = CARTESIAN_POINT('',(99.404933922501,25.312499999995,0.));
#12446 = PCURVE('',#9441,#12447);
#12447 = DEFINITIONAL_REPRESENTATION('',(#12448),#12452);
#12448 = LINE('',#12449,#12450);
#12449 = CARTESIAN_POINT('',(6.099701369419,0.));
#12450 = VECTOR('',#12451,1.);
#12451 = DIRECTION('',(0.,1.));
#12452 = ( GEOMETRIC_REPRESENTATION_CONTEXT(2) 
PARAMETRIC_REPRESENTATION_CONTEXT() REPRESENTATION_CONTEXT('2D SPACE',''
  ) );
#12453 = PCURVE('',#11495,#12454);
#12454 = DEFINITIONAL_REPRESENTATION('',(#12455),#12469);
#12455 = ( BOUNDED_CURVE() B_SPLINE_CURVE(12,(#12456,#12457,#12458,
    #12459,#12460,#12461,#12462,#12463,#12464,#12465,#12466,#12467,
#12468),.UNSPECIFIED.,.F.,.F.) B_SPLINE_CURVE_WITH_KNOTS((13,13),(
120.56612422363,126.66582559305),.PIECEWISE_BEZIER_KNOTS.) CURVE() 
GEOMETRIC_REPRESENTATION_ITEM() RATIONAL_B_SPLINE_CURVE((1.,1.,
    0.999999999999,1.000000000001,0.999999999997,1.000000000004,
    0.999999999995,1.000000000004,0.999999999997,1.000000000001,
0.999999999999,1.,1.)) REPRESENTATION_ITEM('') );
#12456 = CARTESIAN_POINT('',(36.828359645363,-22.83083886625));
#12457 = CARTESIAN_POINT('',(36.863347277834,-23.13310708658));
#12458 = CARTESIAN_POINT('',(36.936823983709,-23.44231766427));
#12459 = CARTESIAN_POINT('',(37.053696567783,-23.75176681326));
#12460 = CARTESIAN_POINT('',(37.211027707773,-24.04984696739));
#12461 = CARTESIAN_POINT('',(37.422916689386,-24.33576714741));
#12462 = CARTESIAN_POINT('',(37.657271920405,-24.58006033184));
#12463 = CARTESIAN_POINT('',(37.946149181148,-24.80251836191));
#12464 = CARTESIAN_POINT('',(38.242606045434,-24.96811962658));
#12465 = CARTESIAN_POINT('',(38.56122806433,-25.09530681315));
#12466 = CARTESIAN_POINT('',(38.881149481756,-25.17448552803));
#12467 = CARTESIAN_POINT('',(39.196850867498,-25.21208888631));
#12468 = CARTESIAN_POINT('',(39.501139117771,-25.21208888426));
#12469 = ( GEOMETRIC_REPRESENTATION_CONTEXT(2) 
PARAMETRIC_REPRESENTATION_CONTEXT() REPRESENTATION_CONTEXT('2D SPACE',''
  ) );
#12470 = ORIENTED_EDGE('',*,*,#12471,.F.);
#12471 = EDGE_CURVE('',#9401,#12429,#12472,.T.);
#12472 = SURFACE_CURVE('',#12473,(#12477,#12484),.PCURVE_S1.);
#12473 = ( BOUNDED_CURVE() B_SPLINE_CURVE(2,(#12474,#12475,#12476),
.UNSPECIFIED.,.F.,.F.) B_SPLINE_CURVE_WITH_KNOTS((3,3),(0.,
6.099701369419),.PIECEWISE_BEZIER_KNOTS.) CURVE() 
GEOMETRIC_REPRESENTATION_ITEM() RATIONAL_B_SPLINE_CURVE((1.,
0.707106781187,1.)) REPRESENTATION_ITEM('') );
#12474 = CARTESIAN_POINT('',(99.404933904358,23.812499999995,1.5));
#12475 = CARTESIAN_POINT('',(99.404933904358,23.812499999995,4.4E-16));
#12476 = CARTESIAN_POINT('',(99.404933922501,25.312499999995,0.));
#12477 = PCURVE('',#9441,#12478);
#12478 = DEFINITIONAL_REPRESENTATION('',(#12479),#12483);
#12479 = LINE('',#12480,#12481);
#12480 = CARTESIAN_POINT('',(0.,126.66582559305));
#12481 = VECTOR('',#12482,1.);
#12482 = DIRECTION('',(1.,0.));
#12483 = ( GEOMETRIC_REPRESENTATION_CONTEXT(2) 
PARAMETRIC_REPRESENTATION_CONTEXT() REPRESENTATION_CONTEXT('2D SPACE',''
  ) );
#12484 = PCURVE('',#9610,#12485);
#12485 = DEFINITIONAL_REPRESENTATION('',(#12486),#12497);
#12486 = B_SPLINE_CURVE_WITH_KNOTS('',9,(#12487,#12488,#12489,#12490,
    #12491,#12492,#12493,#12494,#12495,#12496),.UNSPECIFIED.,.F.,.F.,(10
    ,10),(0.,6.099701369419),.PIECEWISE_BEZIER_KNOTS.);
#12487 = CARTESIAN_POINT('',(3.3E-16,-5.33E-15));
#12488 = CARTESIAN_POINT('',(0.157134840264,-5.33E-15));
#12489 = CARTESIAN_POINT('',(0.325774716821,-5.33E-15));
#12490 = CARTESIAN_POINT('',(0.50456638687,-5.33E-15));
#12491 = CARTESIAN_POINT('',(0.690744851612,-5.33E-15));
#12492 = CARTESIAN_POINT('',(0.880051475183,-5.33E-15));
#12493 = CARTESIAN_POINT('',(1.066229939925,-5.33E-15));
#12494 = CARTESIAN_POINT('',(1.245021609974,-5.33E-15));
#12495 = CARTESIAN_POINT('',(1.413661486531,-5.33E-15));
#12496 = CARTESIAN_POINT('',(1.570796326795,-5.33E-15));
#12497 = ( GEOMETRIC_REPRESENTATION_CONTEXT(2) 
PARAMETRIC_REPRESENTATION_CONTEXT() REPRESENTATION_CONTEXT('2D SPACE',''
  ) );
#12498 = ORIENTED_EDGE('',*,*,#9400,.F.);
#12499 = ADVANCED_FACE('',(#12500),#9556,.T.);
#12500 = FACE_BOUND('',#12501,.T.);
#12501 = EDGE_LOOP('',(#12502,#12526,#12547,#12548));
#12502 = ORIENTED_EDGE('',*,*,#12503,.T.);
#12503 = EDGE_CURVE('',#9518,#12504,#12506,.T.);
#12504 = VERTEX_POINT('',#12505);
#12505 = CARTESIAN_POINT('',(4.190625,1.5,0.));
#12506 = SURFACE_CURVE('',#12507,(#12512,#12519),.PCURVE_S1.);
#12507 = CIRCLE('',#12508,1.5);
#12508 = AXIS2_PLACEMENT_3D('',#12509,#12510,#12511);
#12509 = CARTESIAN_POINT('',(4.190625,1.5,1.5));
#12510 = DIRECTION('',(1.,0.,0.));
#12511 = DIRECTION('',(0.,-1.,0.));
#12512 = PCURVE('',#9556,#12513);
#12513 = DEFINITIONAL_REPRESENTATION('',(#12514),#12518);
#12514 = LINE('',#12515,#12516);
#12515 = CARTESIAN_POINT('',(0.,1.78E-15));
#12516 = VECTOR('',#12517,1.);
#12517 = DIRECTION('',(1.,0.));
#12518 = ( GEOMETRIC_REPRESENTATION_CONTEXT(2) 
PARAMETRIC_REPRESENTATION_CONTEXT() REPRESENTATION_CONTEXT('2D SPACE',''
  ) );
#12519 = PCURVE('',#9643,#12520);
#12520 = DEFINITIONAL_REPRESENTATION('',(#12521),#12525);
#12521 = LINE('',#12522,#12523);
#12522 = CARTESIAN_POINT('',(-1.570796326795,0.));
#12523 = VECTOR('',#12524,1.);
#12524 = DIRECTION('',(-0.,1.));
#12525 = ( GEOMETRIC_REPRESENTATION_CONTEXT(2) 
PARAMETRIC_REPRESENTATION_CONTEXT() REPRESENTATION_CONTEXT('2D SPACE',''
  ) );
#12526 = ORIENTED_EDGE('',*,*,#12527,.T.);
#12527 = EDGE_CURVE('',#12504,#12323,#12528,.T.);
#12528 = SURFACE_CURVE('',#12529,(#12533,#12540),.PCURVE_S1.);
#12529 = LINE('',#12530,#12531);
#12530 = CARTESIAN_POINT('',(4.190625,1.5,-2.2E-16));
#12531 = VECTOR('',#12532,1.);
#12532 = DIRECTION('',(1.,0.,0.));
#12533 = PCURVE('',#9556,#12534);
#12534 = DEFINITIONAL_REPRESENTATION('',(#12535),#12539);
#12535 = LINE('',#12536,#12537);
#12536 = CARTESIAN_POINT('',(1.570796326795,0.));
#12537 = VECTOR('',#12538,1.);
#12538 = DIRECTION('',(0.,1.));
#12539 = ( GEOMETRIC_REPRESENTATION_CONTEXT(2) 
PARAMETRIC_REPRESENTATION_CONTEXT() REPRESENTATION_CONTEXT('2D SPACE',''
  ) );
#12540 = PCURVE('',#11495,#12541);
#12541 = DEFINITIONAL_REPRESENTATION('',(#12542),#12546);
#12542 = LINE('',#12543,#12544);
#12543 = CARTESIAN_POINT('',(-55.71316980473,-49.02458888426));
#12544 = VECTOR('',#12545,1.);
#12545 = DIRECTION('',(1.,0.));
#12546 = ( GEOMETRIC_REPRESENTATION_CONTEXT(2) 
PARAMETRIC_REPRESENTATION_CONTEXT() REPRESENTATION_CONTEXT('2D SPACE',''
  ) );
#12547 = ORIENTED_EDGE('',*,*,#12322,.F.);
#12548 = ORIENTED_EDGE('',*,*,#9542,.F.);
#12549 = ADVANCED_FACE('',(#12550),#9610,.T.);
#12550 = FACE_BOUND('',#12551,.T.);
#12551 = EDGE_LOOP('',(#12552,#12553,#12576,#12598));
#12552 = ORIENTED_EDGE('',*,*,#12471,.T.);
#12553 = ORIENTED_EDGE('',*,*,#12554,.T.);
#12554 = EDGE_CURVE('',#12429,#12555,#12557,.T.);
#12555 = VERTEX_POINT('',#12556);
#12556 = CARTESIAN_POINT('',(120.490625,25.312499999995,0.));
#12557 = SURFACE_CURVE('',#12558,(#12562,#12569),.PCURVE_S1.);
#12558 = LINE('',#12559,#12560);
#12559 = CARTESIAN_POINT('',(99.404933904358,25.312499999995,-2.2E-16));
#12560 = VECTOR('',#12561,1.);
#12561 = DIRECTION('',(1.,0.,0.));
#12562 = PCURVE('',#9610,#12563);
#12563 = DEFINITIONAL_REPRESENTATION('',(#12564),#12568);
#12564 = LINE('',#12565,#12566);
#12565 = CARTESIAN_POINT('',(1.570796326795,0.));
#12566 = VECTOR('',#12567,1.);
#12567 = DIRECTION('',(0.,1.));
#12568 = ( GEOMETRIC_REPRESENTATION_CONTEXT(2) 
PARAMETRIC_REPRESENTATION_CONTEXT() REPRESENTATION_CONTEXT('2D SPACE',''
  ) );
#12569 = PCURVE('',#11495,#12570);
#12570 = DEFINITIONAL_REPRESENTATION('',(#12571),#12575);
#12571 = LINE('',#12572,#12573);
#12572 = CARTESIAN_POINT('',(39.501139099629,-25.21208888426));
#12573 = VECTOR('',#12574,1.);
#12574 = DIRECTION('',(1.,0.));
#12575 = ( GEOMETRIC_REPRESENTATION_CONTEXT(2) 
PARAMETRIC_REPRESENTATION_CONTEXT() REPRESENTATION_CONTEXT('2D SPACE',''
  ) );
#12576 = ORIENTED_EDGE('',*,*,#12577,.F.);
#12577 = EDGE_CURVE('',#9574,#12555,#12578,.T.);
#12578 = SURFACE_CURVE('',#12579,(#12584,#12591),.PCURVE_S1.);
#12579 = CIRCLE('',#12580,1.5);
#12580 = AXIS2_PLACEMENT_3D('',#12581,#12582,#12583);
#12581 = CARTESIAN_POINT('',(120.490625,25.312499999995,1.5));
#12582 = DIRECTION('',(1.,0.,0.));
#12583 = DIRECTION('',(0.,-1.,0.));
#12584 = PCURVE('',#9610,#12585);
#12585 = DEFINITIONAL_REPRESENTATION('',(#12586),#12590);
#12586 = LINE('',#12587,#12588);
#12587 = CARTESIAN_POINT('',(0.,21.085691095642));
#12588 = VECTOR('',#12589,1.);
#12589 = DIRECTION('',(1.,0.));
#12590 = ( GEOMETRIC_REPRESENTATION_CONTEXT(2) 
PARAMETRIC_REPRESENTATION_CONTEXT() REPRESENTATION_CONTEXT('2D SPACE',''
  ) );
#12591 = PCURVE('',#9698,#12592);
#12592 = DEFINITIONAL_REPRESENTATION('',(#12593),#12597);
#12593 = LINE('',#12594,#12595);
#12594 = CARTESIAN_POINT('',(-0.,0.));
#12595 = VECTOR('',#12596,1.);
#12596 = DIRECTION('',(-0.,1.));
#12597 = ( GEOMETRIC_REPRESENTATION_CONTEXT(2) 
PARAMETRIC_REPRESENTATION_CONTEXT() REPRESENTATION_CONTEXT('2D SPACE',''
  ) );
#12598 = ORIENTED_EDGE('',*,*,#9596,.F.);
#12599 = ADVANCED_FACE('',(#12600),#9643,.T.);
#12600 = FACE_BOUND('',#12601,.F.);
#12601 = EDGE_LOOP('',(#12602,#12626,#12627,#12628));
#12602 = ORIENTED_EDGE('',*,*,#12603,.F.);
#12603 = EDGE_CURVE('',#9627,#12604,#12606,.T.);
#12604 = VERTEX_POINT('',#12605);
#12605 = CARTESIAN_POINT('',(1.5,4.190625,0.));
#12606 = SURFACE_CURVE('',#12607,(#12612,#12619),.PCURVE_S1.);
#12607 = CIRCLE('',#12608,1.5);
#12608 = AXIS2_PLACEMENT_3D('',#12609,#12610,#12611);
#12609 = CARTESIAN_POINT('',(1.5,4.190625,1.5));
#12610 = DIRECTION('',(0.,-1.,0.));
#12611 = DIRECTION('',(-1.,0.,0.));
#12612 = PCURVE('',#9643,#12613);
#12613 = DEFINITIONAL_REPRESENTATION('',(#12614),#12618);
#12614 = LINE('',#12615,#12616);
#12615 = CARTESIAN_POINT('',(-0.,0.));
#12616 = VECTOR('',#12617,1.);
#12617 = DIRECTION('',(-0.,1.));
#12618 = ( GEOMETRIC_REPRESENTATION_CONTEXT(2) 
PARAMETRIC_REPRESENTATION_CONTEXT() REPRESENTATION_CONTEXT('2D SPACE',''
  ) );
#12619 = PCURVE('',#9774,#12620);
#12620 = DEFINITIONAL_REPRESENTATION('',(#12621),#12625);
#12621 = LINE('',#12622,#12623);
#12622 = CARTESIAN_POINT('',(0.,75.81875));
#12623 = VECTOR('',#12624,1.);
#12624 = DIRECTION('',(1.,0.));
#12625 = ( GEOMETRIC_REPRESENTATION_CONTEXT(2) 
PARAMETRIC_REPRESENTATION_CONTEXT() REPRESENTATION_CONTEXT('2D SPACE',''
  ) );
#12626 = ORIENTED_EDGE('',*,*,#9626,.T.);
#12627 = ORIENTED_EDGE('',*,*,#12503,.T.);
#12628 = ORIENTED_EDGE('',*,*,#12629,.F.);
#12629 = EDGE_CURVE('',#12604,#12504,#12630,.T.);
#12630 = SURFACE_CURVE('',#12631,(#12636,#12643),.PCURVE_S1.);
#12631 = CIRCLE('',#12632,2.690625);
#12632 = AXIS2_PLACEMENT_3D('',#12633,#12634,#12635);
#12633 = CARTESIAN_POINT('',(4.190625,4.190625,0.));
#12634 = DIRECTION('',(0.,0.,1.));
#12635 = DIRECTION('',(-1.,4.2E-16,0.));
#12636 = PCURVE('',#9643,#12637);
#12637 = DEFINITIONAL_REPRESENTATION('',(#12638),#12642);
#12638 = LINE('',#12639,#12640);
#12639 = CARTESIAN_POINT('',(-0.,1.570796326795));
#12640 = VECTOR('',#12641,1.);
#12641 = DIRECTION('',(-1.,0.));
#12642 = ( GEOMETRIC_REPRESENTATION_CONTEXT(2) 
PARAMETRIC_REPRESENTATION_CONTEXT() REPRESENTATION_CONTEXT('2D SPACE',''
  ) );
#12643 = PCURVE('',#11495,#12644);
#12644 = DEFINITIONAL_REPRESENTATION('',(#12645),#12649);
#12645 = CIRCLE('',#12646,2.690625);
#12646 = AXIS2_PLACEMENT_2D('',#12647,#12648);
#12647 = CARTESIAN_POINT('',(-55.71316980473,-46.33396388426));
#12648 = DIRECTION('',(-1.,4.2E-16));
#12649 = ( GEOMETRIC_REPRESENTATION_CONTEXT(2) 
PARAMETRIC_REPRESENTATION_CONTEXT() REPRESENTATION_CONTEXT('2D SPACE',''
  ) );
#12650 = ADVANCED_FACE('',(#12651),#9698,.T.);
#12651 = FACE_BOUND('',#12652,.F.);
#12652 = EDGE_LOOP('',(#12653,#12654,#12655,#12679));
#12653 = ORIENTED_EDGE('',*,*,#12577,.F.);
#12654 = ORIENTED_EDGE('',*,*,#9681,.T.);
#12655 = ORIENTED_EDGE('',*,*,#12656,.T.);
#12656 = EDGE_CURVE('',#9682,#12657,#12659,.T.);
#12657 = VERTEX_POINT('',#12658);
#12658 = CARTESIAN_POINT('',(123.18125,28.003124999995,0.));
#12659 = SURFACE_CURVE('',#12660,(#12665,#12672),.PCURVE_S1.);
#12660 = CIRCLE('',#12661,1.5);
#12661 = AXIS2_PLACEMENT_3D('',#12662,#12663,#12664);
#12662 = CARTESIAN_POINT('',(123.18125,28.003124999995,1.5));
#12663 = DIRECTION('',(6.E-17,1.,0.));
#12664 = DIRECTION('',(1.,-6.E-17,0.));
#12665 = PCURVE('',#9698,#12666);
#12666 = DEFINITIONAL_REPRESENTATION('',(#12667),#12671);
#12667 = LINE('',#12668,#12669);
#12668 = CARTESIAN_POINT('',(-1.570796326795,0.));
#12669 = VECTOR('',#12670,1.);
#12670 = DIRECTION('',(-0.,1.));
#12671 = ( GEOMETRIC_REPRESENTATION_CONTEXT(2) 
PARAMETRIC_REPRESENTATION_CONTEXT() REPRESENTATION_CONTEXT('2D SPACE',''
  ) );
#12672 = PCURVE('',#9828,#12673);
#12673 = DEFINITIONAL_REPRESENTATION('',(#12674),#12678);
#12674 = LINE('',#12675,#12676);
#12675 = CARTESIAN_POINT('',(0.,0.));
#12676 = VECTOR('',#12677,1.);
#12677 = DIRECTION('',(1.,0.));
#12678 = ( GEOMETRIC_REPRESENTATION_CONTEXT(2) 
PARAMETRIC_REPRESENTATION_CONTEXT() REPRESENTATION_CONTEXT('2D SPACE',''
  ) );
#12679 = ORIENTED_EDGE('',*,*,#12680,.F.);
#12680 = EDGE_CURVE('',#12555,#12657,#12681,.T.);
#12681 = SURFACE_CURVE('',#12682,(#12687,#12694),.PCURVE_S1.);
#12682 = CIRCLE('',#12683,2.690625);
#12683 = AXIS2_PLACEMENT_3D('',#12684,#12685,#12686);
#12684 = CARTESIAN_POINT('',(120.490625,28.003124999995,0.));
#12685 = DIRECTION('',(-0.,0.,1.));
#12686 = DIRECTION('',(0.,-1.,0.));
#12687 = PCURVE('',#9698,#12688);
#12688 = DEFINITIONAL_REPRESENTATION('',(#12689),#12693);
#12689 = LINE('',#12690,#12691);
#12690 = CARTESIAN_POINT('',(-0.,1.570796326795));
#12691 = VECTOR('',#12692,1.);
#12692 = DIRECTION('',(-1.,0.));
#12693 = ( GEOMETRIC_REPRESENTATION_CONTEXT(2) 
PARAMETRIC_REPRESENTATION_CONTEXT() REPRESENTATION_CONTEXT('2D SPACE',''
  ) );
#12694 = PCURVE('',#11495,#12695);
#12695 = DEFINITIONAL_REPRESENTATION('',(#12696),#12700);
#12696 = CIRCLE('',#12697,2.690625);
#12697 = AXIS2_PLACEMENT_2D('',#12698,#12699);
#12698 = CARTESIAN_POINT('',(60.58683019527,-22.52146388426));
#12699 = DIRECTION('',(0.,-1.));
#12700 = ( GEOMETRIC_REPRESENTATION_CONTEXT(2) 
PARAMETRIC_REPRESENTATION_CONTEXT() REPRESENTATION_CONTEXT('2D SPACE',''
  ) );
#12701 = ADVANCED_FACE('',(#12702),#9774,.T.);
#12702 = FACE_BOUND('',#12703,.T.);
#12703 = EDGE_LOOP('',(#12704,#12728,#12749,#12750));
#12704 = ORIENTED_EDGE('',*,*,#12705,.T.);
#12705 = EDGE_CURVE('',#9736,#12706,#12708,.T.);
#12706 = VERTEX_POINT('',#12707);
#12707 = CARTESIAN_POINT('',(1.5,80.009375,0.));
#12708 = SURFACE_CURVE('',#12709,(#12714,#12721),.PCURVE_S1.);
#12709 = CIRCLE('',#12710,1.5);
#12710 = AXIS2_PLACEMENT_3D('',#12711,#12712,#12713);
#12711 = CARTESIAN_POINT('',(1.5,80.009375,1.5));
#12712 = DIRECTION('',(-5.E-16,-1.,-0.));
#12713 = DIRECTION('',(-1.,5.E-16,0.));
#12714 = PCURVE('',#9774,#12715);
#12715 = DEFINITIONAL_REPRESENTATION('',(#12716),#12720);
#12716 = LINE('',#12717,#12718);
#12717 = CARTESIAN_POINT('',(0.,0.));
#12718 = VECTOR('',#12719,1.);
#12719 = DIRECTION('',(1.,0.));
#12720 = ( GEOMETRIC_REPRESENTATION_CONTEXT(2) 
PARAMETRIC_REPRESENTATION_CONTEXT() REPRESENTATION_CONTEXT('2D SPACE',''
  ) );
#12721 = PCURVE('',#9861,#12722);
#12722 = DEFINITIONAL_REPRESENTATION('',(#12723),#12727);
#12723 = LINE('',#12724,#12725);
#12724 = CARTESIAN_POINT('',(-1.570796326795,0.));
#12725 = VECTOR('',#12726,1.);
#12726 = DIRECTION('',(-0.,1.));
#12727 = ( GEOMETRIC_REPRESENTATION_CONTEXT(2) 
PARAMETRIC_REPRESENTATION_CONTEXT() REPRESENTATION_CONTEXT('2D SPACE',''
  ) );
#12728 = ORIENTED_EDGE('',*,*,#12729,.T.);
#12729 = EDGE_CURVE('',#12706,#12604,#12730,.T.);
#12730 = SURFACE_CURVE('',#12731,(#12735,#12742),.PCURVE_S1.);
#12731 = LINE('',#12732,#12733);
#12732 = CARTESIAN_POINT('',(1.5,80.009375,-2.2E-16));
#12733 = VECTOR('',#12734,1.);
#12734 = DIRECTION('',(0.,-1.,0.));
#12735 = PCURVE('',#9774,#12736);
#12736 = DEFINITIONAL_REPRESENTATION('',(#12737),#12741);
#12737 = LINE('',#12738,#12739);
#12738 = CARTESIAN_POINT('',(1.570796326795,0.));
#12739 = VECTOR('',#12740,1.);
#12740 = DIRECTION('',(0.,1.));
#12741 = ( GEOMETRIC_REPRESENTATION_CONTEXT(2) 
PARAMETRIC_REPRESENTATION_CONTEXT() REPRESENTATION_CONTEXT('2D SPACE',''
  ) );
#12742 = PCURVE('',#11495,#12743);
#12743 = DEFINITIONAL_REPRESENTATION('',(#12744),#12748);
#12744 = LINE('',#12745,#12746);
#12745 = CARTESIAN_POINT('',(-58.40379480473,29.48478611574));
#12746 = VECTOR('',#12747,1.);
#12747 = DIRECTION('',(0.,-1.));
#12748 = ( GEOMETRIC_REPRESENTATION_CONTEXT(2) 
PARAMETRIC_REPRESENTATION_CONTEXT() REPRESENTATION_CONTEXT('2D SPACE',''
  ) );
#12749 = ORIENTED_EDGE('',*,*,#12603,.F.);
#12750 = ORIENTED_EDGE('',*,*,#9760,.F.);
#12751 = ADVANCED_FACE('',(#12752),#9828,.T.);
#12752 = FACE_BOUND('',#12753,.T.);
#12753 = EDGE_LOOP('',(#12754,#12755,#12778,#12800));
#12754 = ORIENTED_EDGE('',*,*,#12656,.T.);
#12755 = ORIENTED_EDGE('',*,*,#12756,.T.);
#12756 = EDGE_CURVE('',#12657,#12757,#12759,.T.);
#12757 = VERTEX_POINT('',#12758);
#12758 = CARTESIAN_POINT('',(123.18125,84.771874999995,0.));
#12759 = SURFACE_CURVE('',#12760,(#12764,#12771),.PCURVE_S1.);
#12760 = LINE('',#12761,#12762);
#12761 = CARTESIAN_POINT('',(123.18125,28.003124999995,-2.2E-16));
#12762 = VECTOR('',#12763,1.);
#12763 = DIRECTION('',(0.,1.,0.));
#12764 = PCURVE('',#9828,#12765);
#12765 = DEFINITIONAL_REPRESENTATION('',(#12766),#12770);
#12766 = LINE('',#12767,#12768);
#12767 = CARTESIAN_POINT('',(1.570796326795,0.));
#12768 = VECTOR('',#12769,1.);
#12769 = DIRECTION('',(0.,1.));
#12770 = ( GEOMETRIC_REPRESENTATION_CONTEXT(2) 
PARAMETRIC_REPRESENTATION_CONTEXT() REPRESENTATION_CONTEXT('2D SPACE',''
  ) );
#12771 = PCURVE('',#11495,#12772);
#12772 = DEFINITIONAL_REPRESENTATION('',(#12773),#12777);
#12773 = LINE('',#12774,#12775);
#12774 = CARTESIAN_POINT('',(63.27745519527,-22.52146388426));
#12775 = VECTOR('',#12776,1.);
#12776 = DIRECTION('',(0.,1.));
#12777 = ( GEOMETRIC_REPRESENTATION_CONTEXT(2) 
PARAMETRIC_REPRESENTATION_CONTEXT() REPRESENTATION_CONTEXT('2D SPACE',''
  ) );
#12778 = ORIENTED_EDGE('',*,*,#12779,.F.);
#12779 = EDGE_CURVE('',#9792,#12757,#12780,.T.);
#12780 = SURFACE_CURVE('',#12781,(#12786,#12793),.PCURVE_S1.);
#12781 = CIRCLE('',#12782,1.5);
#12782 = AXIS2_PLACEMENT_3D('',#12783,#12784,#12785);
#12783 = CARTESIAN_POINT('',(123.18125,84.771874999995,1.5));
#12784 = DIRECTION('',(-0.,1.,0.));
#12785 = DIRECTION('',(1.,0.,0.));
#12786 = PCURVE('',#9828,#12787);
#12787 = DEFINITIONAL_REPRESENTATION('',(#12788),#12792);
#12788 = LINE('',#12789,#12790);
#12789 = CARTESIAN_POINT('',(0.,56.76875));
#12790 = VECTOR('',#12791,1.);
#12791 = DIRECTION('',(1.,0.));
#12792 = ( GEOMETRIC_REPRESENTATION_CONTEXT(2) 
PARAMETRIC_REPRESENTATION_CONTEXT() REPRESENTATION_CONTEXT('2D SPACE',''
  ) );
#12793 = PCURVE('',#9916,#12794);
#12794 = DEFINITIONAL_REPRESENTATION('',(#12795),#12799);
#12795 = LINE('',#12796,#12797);
#12796 = CARTESIAN_POINT('',(-0.,0.));
#12797 = VECTOR('',#12798,1.);
#12798 = DIRECTION('',(-0.,1.));
#12799 = ( GEOMETRIC_REPRESENTATION_CONTEXT(2) 
PARAMETRIC_REPRESENTATION_CONTEXT() REPRESENTATION_CONTEXT('2D SPACE',''
  ) );
#12800 = ORIENTED_EDGE('',*,*,#9814,.F.);
#12801 = ADVANCED_FACE('',(#12802),#9861,.T.);
#12802 = FACE_BOUND('',#12803,.F.);
#12803 = EDGE_LOOP('',(#12804,#12828,#12829,#12830));
#12804 = ORIENTED_EDGE('',*,*,#12805,.F.);
#12805 = EDGE_CURVE('',#9845,#12806,#12808,.T.);
#12806 = VERTEX_POINT('',#12807);
#12807 = CARTESIAN_POINT('',(4.190625,82.7,0.));
#12808 = SURFACE_CURVE('',#12809,(#12814,#12821),.PCURVE_S1.);
#12809 = CIRCLE('',#12810,1.5);
#12810 = AXIS2_PLACEMENT_3D('',#12811,#12812,#12813);
#12811 = CARTESIAN_POINT('',(4.190625,82.7,1.5));
#12812 = DIRECTION('',(-1.,0.,0.));
#12813 = DIRECTION('',(0.,1.,0.));
#12814 = PCURVE('',#9861,#12815);
#12815 = DEFINITIONAL_REPRESENTATION('',(#12816),#12820);
#12816 = LINE('',#12817,#12818);
#12817 = CARTESIAN_POINT('',(2.2E-16,-0.));
#12818 = VECTOR('',#12819,1.);
#12819 = DIRECTION('',(-0.,1.));
#12820 = ( GEOMETRIC_REPRESENTATION_CONTEXT(2) 
PARAMETRIC_REPRESENTATION_CONTEXT() REPRESENTATION_CONTEXT('2D SPACE',''
  ) );
#12821 = PCURVE('',#9970,#12822);
#12822 = DEFINITIONAL_REPRESENTATION('',(#12823),#12827);
#12823 = LINE('',#12824,#12825);
#12824 = CARTESIAN_POINT('',(0.,13.66875));
#12825 = VECTOR('',#12826,1.);
#12826 = DIRECTION('',(1.,0.));
#12827 = ( GEOMETRIC_REPRESENTATION_CONTEXT(2) 
PARAMETRIC_REPRESENTATION_CONTEXT() REPRESENTATION_CONTEXT('2D SPACE',''
  ) );
#12828 = ORIENTED_EDGE('',*,*,#9844,.T.);
#12829 = ORIENTED_EDGE('',*,*,#12705,.T.);
#12830 = ORIENTED_EDGE('',*,*,#12831,.F.);
#12831 = EDGE_CURVE('',#12806,#12706,#12832,.T.);
#12832 = SURFACE_CURVE('',#12833,(#12838,#12845),.PCURVE_S1.);
#12833 = CIRCLE('',#12834,2.690625);
#12834 = AXIS2_PLACEMENT_3D('',#12835,#12836,#12837);
#12835 = CARTESIAN_POINT('',(4.190625,80.009375,0.));
#12836 = DIRECTION('',(0.,-0.,1.));
#12837 = DIRECTION('',(2.1E-16,1.,0.));
#12838 = PCURVE('',#9861,#12839);
#12839 = DEFINITIONAL_REPRESENTATION('',(#12840),#12844);
#12840 = LINE('',#12841,#12842);
#12841 = CARTESIAN_POINT('',(-0.,1.570796326795));
#12842 = VECTOR('',#12843,1.);
#12843 = DIRECTION('',(-1.,0.));
#12844 = ( GEOMETRIC_REPRESENTATION_CONTEXT(2) 
PARAMETRIC_REPRESENTATION_CONTEXT() REPRESENTATION_CONTEXT('2D SPACE',''
  ) );
#12845 = PCURVE('',#11495,#12846);
#12846 = DEFINITIONAL_REPRESENTATION('',(#12847),#12851);
#12847 = CIRCLE('',#12848,2.690625);
#12848 = AXIS2_PLACEMENT_2D('',#12849,#12850);
#12849 = CARTESIAN_POINT('',(-55.71316980473,29.48478611574));
#12850 = DIRECTION('',(2.1E-16,1.));
#12851 = ( GEOMETRIC_REPRESENTATION_CONTEXT(2) 
PARAMETRIC_REPRESENTATION_CONTEXT() REPRESENTATION_CONTEXT('2D SPACE',''
  ) );
#12852 = ADVANCED_FACE('',(#12853),#9916,.T.);
#12853 = FACE_BOUND('',#12854,.F.);
#12854 = EDGE_LOOP('',(#12855,#12856,#12857,#12881));
#12855 = ORIENTED_EDGE('',*,*,#12779,.F.);
#12856 = ORIENTED_EDGE('',*,*,#9899,.T.);
#12857 = ORIENTED_EDGE('',*,*,#12858,.T.);
#12858 = EDGE_CURVE('',#9900,#12859,#12861,.T.);
#12859 = VERTEX_POINT('',#12860);
#12860 = CARTESIAN_POINT('',(120.490625,87.462499999995,0.));
#12861 = SURFACE_CURVE('',#12862,(#12867,#12874),.PCURVE_S1.);
#12862 = CIRCLE('',#12863,1.5);
#12863 = AXIS2_PLACEMENT_3D('',#12864,#12865,#12866);
#12864 = CARTESIAN_POINT('',(120.490625,87.462499999995,1.5));
#12865 = DIRECTION('',(-1.,6.E-17,0.));
#12866 = DIRECTION('',(6.E-17,1.,0.));
#12867 = PCURVE('',#9916,#12868);
#12868 = DEFINITIONAL_REPRESENTATION('',(#12869),#12873);
#12869 = LINE('',#12870,#12871);
#12870 = CARTESIAN_POINT('',(-1.570796326795,0.));
#12871 = VECTOR('',#12872,1.);
#12872 = DIRECTION('',(-0.,1.));
#12873 = ( GEOMETRIC_REPRESENTATION_CONTEXT(2) 
PARAMETRIC_REPRESENTATION_CONTEXT() REPRESENTATION_CONTEXT('2D SPACE',''
  ) );
#12874 = PCURVE('',#10046,#12875);
#12875 = DEFINITIONAL_REPRESENTATION('',(#12876),#12880);
#12876 = LINE('',#12877,#12878);
#12877 = CARTESIAN_POINT('',(0.,0.));
#12878 = VECTOR('',#12879,1.);
#12879 = DIRECTION('',(1.,0.));
#12880 = ( GEOMETRIC_REPRESENTATION_CONTEXT(2) 
PARAMETRIC_REPRESENTATION_CONTEXT() REPRESENTATION_CONTEXT('2D SPACE',''
  ) );
#12881 = ORIENTED_EDGE('',*,*,#12882,.F.);
#12882 = EDGE_CURVE('',#12757,#12859,#12883,.T.);
#12883 = SURFACE_CURVE('',#12884,(#12889,#12896),.PCURVE_S1.);
#12884 = CIRCLE('',#12885,2.690625);
#12885 = AXIS2_PLACEMENT_3D('',#12886,#12887,#12888);
#12886 = CARTESIAN_POINT('',(120.490625,84.771874999995,0.));
#12887 = DIRECTION('',(0.,0.,1.));
#12888 = DIRECTION('',(1.,0.,0.));
#12889 = PCURVE('',#9916,#12890);
#12890 = DEFINITIONAL_REPRESENTATION('',(#12891),#12895);
#12891 = LINE('',#12892,#12893);
#12892 = CARTESIAN_POINT('',(-0.,1.570796326795));
#12893 = VECTOR('',#12894,1.);
#12894 = DIRECTION('',(-1.,0.));
#12895 = ( GEOMETRIC_REPRESENTATION_CONTEXT(2) 
PARAMETRIC_REPRESENTATION_CONTEXT() REPRESENTATION_CONTEXT('2D SPACE',''
  ) );
#12896 = PCURVE('',#11495,#12897);
#12897 = DEFINITIONAL_REPRESENTATION('',(#12898),#12902);
#12898 = CIRCLE('',#12899,2.690625);
#12899 = AXIS2_PLACEMENT_2D('',#12900,#12901);
#12900 = CARTESIAN_POINT('',(60.58683019527,34.247286115734));
#12901 = DIRECTION('',(1.,0.));
#12902 = ( GEOMETRIC_REPRESENTATION_CONTEXT(2) 
PARAMETRIC_REPRESENTATION_CONTEXT() REPRESENTATION_CONTEXT('2D SPACE',''
  ) );
#12903 = ADVANCED_FACE('',(#12904),#9970,.T.);
#12904 = FACE_BOUND('',#12905,.T.);
#12905 = EDGE_LOOP('',(#12906,#12930,#12951,#12952));
#12906 = ORIENTED_EDGE('',*,*,#12907,.T.);
#12907 = EDGE_CURVE('',#9955,#12908,#12910,.T.);
#12908 = VERTEX_POINT('',#12909);
#12909 = CARTESIAN_POINT('',(17.859375,82.7,0.));
#12910 = SURFACE_CURVE('',#12911,(#12916,#12923),.PCURVE_S1.);
#12911 = CIRCLE('',#12912,1.5);
#12912 = AXIS2_PLACEMENT_3D('',#12913,#12914,#12915);
#12913 = CARTESIAN_POINT('',(17.859375,82.7,1.5));
#12914 = DIRECTION('',(-1.,-4.E-17,0.));
#12915 = DIRECTION('',(4.E-17,-1.,0.));
#12916 = PCURVE('',#9970,#12917);
#12917 = DEFINITIONAL_REPRESENTATION('',(#12918),#12922);
#12918 = LINE('',#12919,#12920);
#12919 = CARTESIAN_POINT('',(-3.14159265359,3.55E-15));
#12920 = VECTOR('',#12921,1.);
#12921 = DIRECTION('',(1.,0.));
#12922 = ( GEOMETRIC_REPRESENTATION_CONTEXT(2) 
PARAMETRIC_REPRESENTATION_CONTEXT() REPRESENTATION_CONTEXT('2D SPACE',''
  ) );
#12923 = PCURVE('',#10102,#12924);
#12924 = DEFINITIONAL_REPRESENTATION('',(#12925),#12929);
#12925 = LINE('',#12926,#12927);
#12926 = CARTESIAN_POINT('',(-1.455558865068,0.));
#12927 = VECTOR('',#12928,1.);
#12928 = DIRECTION('',(-0.,1.));
#12929 = ( GEOMETRIC_REPRESENTATION_CONTEXT(2) 
PARAMETRIC_REPRESENTATION_CONTEXT() REPRESENTATION_CONTEXT('2D SPACE',''
  ) );
#12930 = ORIENTED_EDGE('',*,*,#12931,.T.);
#12931 = EDGE_CURVE('',#12908,#12806,#12932,.T.);
#12932 = SURFACE_CURVE('',#12933,(#12937,#12944),.PCURVE_S1.);
#12933 = LINE('',#12934,#12935);
#12934 = CARTESIAN_POINT('',(17.859375,82.7,-2.2E-16));
#12935 = VECTOR('',#12936,1.);
#12936 = DIRECTION('',(-1.,0.,0.));
#12937 = PCURVE('',#9970,#12938);
#12938 = DEFINITIONAL_REPRESENTATION('',(#12939),#12943);
#12939 = LINE('',#12940,#12941);
#12940 = CARTESIAN_POINT('',(1.570796326795,0.));
#12941 = VECTOR('',#12942,1.);
#12942 = DIRECTION('',(0.,1.));
#12943 = ( GEOMETRIC_REPRESENTATION_CONTEXT(2) 
PARAMETRIC_REPRESENTATION_CONTEXT() REPRESENTATION_CONTEXT('2D SPACE',''
  ) );
#12944 = PCURVE('',#11495,#12945);
#12945 = DEFINITIONAL_REPRESENTATION('',(#12946),#12950);
#12946 = LINE('',#12947,#12948);
#12947 = CARTESIAN_POINT('',(-42.04441980473,32.17541111574));
#12948 = VECTOR('',#12949,1.);
#12949 = DIRECTION('',(-1.,0.));
#12950 = ( GEOMETRIC_REPRESENTATION_CONTEXT(2) 
PARAMETRIC_REPRESENTATION_CONTEXT() REPRESENTATION_CONTEXT('2D SPACE',''
  ) );
#12951 = ORIENTED_EDGE('',*,*,#12805,.F.);
#12952 = ORIENTED_EDGE('',*,*,#9954,.F.);
#12953 = ADVANCED_FACE('',(#12954),#10046,.T.);
#12954 = FACE_BOUND('',#12955,.T.);
#12955 = EDGE_LOOP('',(#12956,#12957,#12980,#13002));
#12956 = ORIENTED_EDGE('',*,*,#12858,.T.);
#12957 = ORIENTED_EDGE('',*,*,#12958,.T.);
#12958 = EDGE_CURVE('',#12859,#12959,#12961,.T.);
#12959 = VERTEX_POINT('',#12960);
#12960 = CARTESIAN_POINT('',(104.440625,87.462499999995,0.));
#12961 = SURFACE_CURVE('',#12962,(#12966,#12973),.PCURVE_S1.);
#12962 = LINE('',#12963,#12964);
#12963 = CARTESIAN_POINT('',(120.490625,87.462499999995,-2.2E-16));
#12964 = VECTOR('',#12965,1.);
#12965 = DIRECTION('',(-1.,0.,0.));
#12966 = PCURVE('',#10046,#12967);
#12967 = DEFINITIONAL_REPRESENTATION('',(#12968),#12972);
#12968 = LINE('',#12969,#12970);
#12969 = CARTESIAN_POINT('',(1.570796326795,0.));
#12970 = VECTOR('',#12971,1.);
#12971 = DIRECTION('',(0.,1.));
#12972 = ( GEOMETRIC_REPRESENTATION_CONTEXT(2) 
PARAMETRIC_REPRESENTATION_CONTEXT() REPRESENTATION_CONTEXT('2D SPACE',''
  ) );
#12973 = PCURVE('',#11495,#12974);
#12974 = DEFINITIONAL_REPRESENTATION('',(#12975),#12979);
#12975 = LINE('',#12976,#12977);
#12976 = CARTESIAN_POINT('',(60.58683019527,36.937911115734));
#12977 = VECTOR('',#12978,1.);
#12978 = DIRECTION('',(-1.,0.));
#12979 = ( GEOMETRIC_REPRESENTATION_CONTEXT(2) 
PARAMETRIC_REPRESENTATION_CONTEXT() REPRESENTATION_CONTEXT('2D SPACE',''
  ) );
#12980 = ORIENTED_EDGE('',*,*,#12981,.F.);
#12981 = EDGE_CURVE('',#10010,#12959,#12982,.T.);
#12982 = SURFACE_CURVE('',#12983,(#12988,#12995),.PCURVE_S1.);
#12983 = CIRCLE('',#12984,1.5);
#12984 = AXIS2_PLACEMENT_3D('',#12985,#12986,#12987);
#12985 = CARTESIAN_POINT('',(104.440625,87.462499999995,1.5));
#12986 = DIRECTION('',(-1.,0.,0.));
#12987 = DIRECTION('',(0.,1.,0.));
#12988 = PCURVE('',#10046,#12989);
#12989 = DEFINITIONAL_REPRESENTATION('',(#12990),#12994);
#12990 = LINE('',#12991,#12992);
#12991 = CARTESIAN_POINT('',(0.,16.05));
#12992 = VECTOR('',#12993,1.);
#12993 = DIRECTION('',(1.,0.));
#12994 = ( GEOMETRIC_REPRESENTATION_CONTEXT(2) 
PARAMETRIC_REPRESENTATION_CONTEXT() REPRESENTATION_CONTEXT('2D SPACE',''
  ) );
#12995 = PCURVE('',#10156,#12996);
#12996 = DEFINITIONAL_REPRESENTATION('',(#12997),#13001);
#12997 = LINE('',#12998,#12999);
#12998 = CARTESIAN_POINT('',(-0.,3.14159265359));
#12999 = VECTOR('',#13000,1.);
#13000 = DIRECTION('',(-0.,1.));
#13001 = ( GEOMETRIC_REPRESENTATION_CONTEXT(2) 
PARAMETRIC_REPRESENTATION_CONTEXT() REPRESENTATION_CONTEXT('2D SPACE',''
  ) );
#13002 = ORIENTED_EDGE('',*,*,#10032,.F.);
#13003 = ADVANCED_FACE('',(#13004),#10102,.T.);
#13004 = FACE_BOUND('',#13005,.F.);
#13005 = EDGE_LOOP('',(#13006,#13036,#13037,#13038));
#13006 = ORIENTED_EDGE('',*,*,#13007,.F.);
#13007 = EDGE_CURVE('',#10062,#13008,#13010,.T.);
#13008 = VERTEX_POINT('',#13009);
#13009 = CARTESIAN_POINT('',(20.532154450095,85.081249981977,0.));
#13010 = SURFACE_CURVE('',#13011,(#13015,#13029),.PCURVE_S1.);
#13011 = ( BOUNDED_CURVE() B_SPLINE_CURVE(2,(#13012,#13013,#13014),
.UNSPECIFIED.,.F.,.F.) B_SPLINE_CURVE_WITH_KNOTS((3,3),(0.,6.09970136944
),.PIECEWISE_BEZIER_KNOTS.) CURVE() GEOMETRIC_REPRESENTATION_ITEM() 
RATIONAL_B_SPLINE_CURVE((1.,0.707106781187,1.)) REPRESENTATION_ITEM('') 
  );
#13012 = CARTESIAN_POINT('',(19.042103189641,85.253723867595,1.5));
#13013 = CARTESIAN_POINT('',(19.042103189641,85.253723867595,2.2E-16));
#13014 = CARTESIAN_POINT('',(20.532154450095,85.081249981977,0.));
#13015 = PCURVE('',#10102,#13016);
#13016 = DEFINITIONAL_REPRESENTATION('',(#13017),#13028);
#13017 = B_SPLINE_CURVE_WITH_KNOTS('',9,(#13018,#13019,#13020,#13021,
    #13022,#13023,#13024,#13025,#13026,#13027),.UNSPECIFIED.,.F.,.F.,(10
    ,10),(0.,6.09970136944),.PIECEWISE_BEZIER_KNOTS.);
#13018 = CARTESIAN_POINT('',(2.2E-16,3.14159265359));
#13019 = CARTESIAN_POINT('',(2.2E-16,3.298727493853));
#13020 = CARTESIAN_POINT('',(2.2E-16,3.467367370411));
#13021 = CARTESIAN_POINT('',(2.2E-16,3.646159040459));
#13022 = CARTESIAN_POINT('',(2.2E-16,3.832337505203));
#13023 = CARTESIAN_POINT('',(2.2E-16,4.021644128771));
#13024 = CARTESIAN_POINT('',(2.2E-16,4.207822593515));
#13025 = CARTESIAN_POINT('',(2.2E-16,4.386614263563));
#13026 = CARTESIAN_POINT('',(2.2E-16,4.555254140121));
#13027 = CARTESIAN_POINT('',(2.2E-16,4.712388980385));
#13028 = ( GEOMETRIC_REPRESENTATION_CONTEXT(2) 
PARAMETRIC_REPRESENTATION_CONTEXT() REPRESENTATION_CONTEXT('2D SPACE',''
  ) );
#13029 = PCURVE('',#10215,#13030);
#13030 = DEFINITIONAL_REPRESENTATION('',(#13031),#13035);
#13031 = LINE('',#13032,#13033);
#13032 = CARTESIAN_POINT('',(0.,331.01956482291));
#13033 = VECTOR('',#13034,1.);
#13034 = DIRECTION('',(1.,0.));
#13035 = ( GEOMETRIC_REPRESENTATION_CONTEXT(2) 
PARAMETRIC_REPRESENTATION_CONTEXT() REPRESENTATION_CONTEXT('2D SPACE',''
  ) );
#13036 = ORIENTED_EDGE('',*,*,#10087,.T.);
#13037 = ORIENTED_EDGE('',*,*,#12907,.T.);
#13038 = ORIENTED_EDGE('',*,*,#13039,.F.);
#13039 = EDGE_CURVE('',#13008,#12908,#13040,.T.);
#13040 = SURFACE_CURVE('',#13041,(#13046,#13053),.PCURVE_S1.);
#13041 = CIRCLE('',#13042,2.690625);
#13042 = AXIS2_PLACEMENT_3D('',#13043,#13044,#13045);
#13043 = CARTESIAN_POINT('',(17.859375,85.390625,0.));
#13044 = DIRECTION('',(0.,-0.,-1.));
#13045 = DIRECTION('',(0.99336750836,-0.114982578398,0.));
#13046 = PCURVE('',#10102,#13047);
#13047 = DEFINITIONAL_REPRESENTATION('',(#13048),#13052);
#13048 = LINE('',#13049,#13050);
#13049 = CARTESIAN_POINT('',(-0.,4.712388980385));
#13050 = VECTOR('',#13051,1.);
#13051 = DIRECTION('',(-1.,0.));
#13052 = ( GEOMETRIC_REPRESENTATION_CONTEXT(2) 
PARAMETRIC_REPRESENTATION_CONTEXT() REPRESENTATION_CONTEXT('2D SPACE',''
  ) );
#13053 = PCURVE('',#11495,#13054);
#13054 = DEFINITIONAL_REPRESENTATION('',(#13055),#13063);
#13055 = ( BOUNDED_CURVE() B_SPLINE_CURVE(2,(#13056,#13057,#13058,#13059
    ,#13060,#13061,#13062),.UNSPECIFIED.,.T.,.F.) 
B_SPLINE_CURVE_WITH_KNOTS((1,2,2,2,2,1),(-2.094395102393,0.,
    2.094395102393,4.188790204786,6.28318530718,8.377580409573),
.UNSPECIFIED.) CURVE() GEOMETRIC_REPRESENTATION_ITEM() 
RATIONAL_B_SPLINE_CURVE((1.,0.5,1.,0.5,1.,0.5,1.)) REPRESENTATION_ITEM(
  '') );
#13056 = CARTESIAN_POINT('',(-39.37164035254,34.556661115739));
#13057 = CARTESIAN_POINT('',(-39.90749357114,29.927271307136));
#13058 = CARTESIAN_POINT('',(-43.64873614011,32.706028711439));
#13059 = CARTESIAN_POINT('',(-47.38997870909,35.484786115742));
#13060 = CARTESIAN_POINT('',(-43.11288292152,37.335418520042));
#13061 = CARTESIAN_POINT('',(-38.83578713395,39.186050924342));
#13062 = CARTESIAN_POINT('',(-39.37164035254,34.556661115739));
#13063 = ( GEOMETRIC_REPRESENTATION_CONTEXT(2) 
PARAMETRIC_REPRESENTATION_CONTEXT() REPRESENTATION_CONTEXT('2D SPACE',''
  ) );
#13064 = ADVANCED_FACE('',(#13065),#10156,.T.);
#13065 = FACE_BOUND('',#13066,.F.);
#13066 = EDGE_LOOP('',(#13067,#13068,#13069,#13128));
#13067 = ORIENTED_EDGE('',*,*,#12981,.F.);
#13068 = ORIENTED_EDGE('',*,*,#10141,.T.);
#13069 = ORIENTED_EDGE('',*,*,#13070,.T.);
#13070 = EDGE_CURVE('',#10118,#13071,#13073,.T.);
#13071 = VERTEX_POINT('',#13072);
#13072 = CARTESIAN_POINT('',(101.76784554781,89.843749999995,0.));
#13073 = SURFACE_CURVE('',#13074,(#13079,#13086),.PCURVE_S1.);
#13074 = CIRCLE('',#13075,1.5);
#13075 = AXIS2_PLACEMENT_3D('',#13076,#13077,#13078);
#13076 = CARTESIAN_POINT('',(101.76784554781,89.843749999995,1.5));
#13077 = DIRECTION('',(-0.114982578397,0.99336750836,0.));
#13078 = DIRECTION('',(-0.99336750836,-0.114982578397,0.));
#13079 = PCURVE('',#10156,#13080);
#13080 = DEFINITIONAL_REPRESENTATION('',(#13081),#13085);
#13081 = LINE('',#13082,#13083);
#13082 = CARTESIAN_POINT('',(-1.455558865068,0.));
#13083 = VECTOR('',#13084,1.);
#13084 = DIRECTION('',(-0.,1.));
#13085 = ( GEOMETRIC_REPRESENTATION_CONTEXT(2) 
PARAMETRIC_REPRESENTATION_CONTEXT() REPRESENTATION_CONTEXT('2D SPACE',''
  ) );
#13086 = PCURVE('',#10357,#13087);
#13087 = DEFINITIONAL_REPRESENTATION('',(#13088),#13127);
#13088 = B_SPLINE_CURVE_WITH_KNOTS('',7,(#13089,#13090,#13091,#13092,
    #13093,#13094,#13095,#13096,#13097,#13098,#13099,#13100,#13101,
    #13102,#13103,#13104,#13105,#13106,#13107,#13108,#13109,#13110,
    #13111,#13112,#13113,#13114,#13115,#13116,#13117,#13118,#13119,
    #13120,#13121,#13122,#13123,#13124,#13125,#13126),.UNSPECIFIED.,.F.,
  .F.,(8,6,6,6,6,6,8),(3.14159265359,3.337942194439,3.534291735289,
    3.926990816987,4.319689898686,4.516039439535,4.712388980385),
  .UNSPECIFIED.);
#13089 = CARTESIAN_POINT('',(0.,235.46852817636));
#13090 = CARTESIAN_POINT('',(0.120983299742,235.46852817636));
#13091 = CARTESIAN_POINT('',(0.240327058118,235.46852817636));
#13092 = CARTESIAN_POINT('',(0.358147156158,235.46852817636));
#13093 = CARTESIAN_POINT('',(0.474557218412,235.46852817636));
#13094 = CARTESIAN_POINT('',(0.589655867303,235.46852817636));
#13095 = CARTESIAN_POINT('',(0.703543722202,235.46852817636));
#13096 = CARTESIAN_POINT('',(0.929079942096,235.46852817636));
#13097 = CARTESIAN_POINT('',(1.040728653821,235.46852817636));
#13098 = CARTESIAN_POINT('',(1.151350342794,235.46852817636));
#13099 = CARTESIAN_POINT('',(1.26103259906,235.46852817636));
#13100 = CARTESIAN_POINT('',(1.369858886398,235.46852817636));
#13101 = CARTESIAN_POINT('',(1.477909201471,235.46852817636));
#13102 = CARTESIAN_POINT('',(1.799963796018,235.46852817636));
#13103 = CARTESIAN_POINT('',(2.011871703711,235.46852817636));
#13104 = CARTESIAN_POINT('',(2.221601660656,235.46852817637));
#13105 = CARTESIAN_POINT('',(2.429725675778,235.46852817635));
#13106 = CARTESIAN_POINT('',(2.636787840965,235.46852817636));
#13107 = CARTESIAN_POINT('',(2.843319268132,235.46852817636));
#13108 = CARTESIAN_POINT('',(3.256382101309,235.46852817636));
#13109 = CARTESIAN_POINT('',(3.462913528476,235.46852817636));
#13110 = CARTESIAN_POINT('',(3.669975693663,235.46852817636));
#13111 = CARTESIAN_POINT('',(3.878099708785,235.46852817636));
#13112 = CARTESIAN_POINT('',(4.08782966573,235.46852817636));
#13113 = CARTESIAN_POINT('',(4.299737573424,235.46852817636));
#13114 = CARTESIAN_POINT('',(4.62179216797,235.46852817636));
#13115 = CARTESIAN_POINT('',(4.729842483044,235.46852817636));
#13116 = CARTESIAN_POINT('',(4.838668770381,235.46852817636));
#13117 = CARTESIAN_POINT('',(4.948351026647,235.46852817636));
#13118 = CARTESIAN_POINT('',(5.05897271562,235.46852817636));
#13119 = CARTESIAN_POINT('',(5.170621427346,235.46852817636));
#13120 = CARTESIAN_POINT('',(5.396157647239,235.46852817636));
#13121 = CARTESIAN_POINT('',(5.510045502139,235.46852817636));
#13122 = CARTESIAN_POINT('',(5.62514415103,235.46852817636));
#13123 = CARTESIAN_POINT('',(5.741554213283,235.46852817636));
#13124 = CARTESIAN_POINT('',(5.859374311323,235.46852817636));
#13125 = CARTESIAN_POINT('',(5.978718069699,235.46852817636));
#13126 = CARTESIAN_POINT('',(6.099701369441,235.46852817636));
#13127 = ( GEOMETRIC_REPRESENTATION_CONTEXT(2) 
PARAMETRIC_REPRESENTATION_CONTEXT() REPRESENTATION_CONTEXT('2D SPACE',''
  ) );
#13128 = ORIENTED_EDGE('',*,*,#13129,.F.);
#13129 = EDGE_CURVE('',#12959,#13071,#13130,.T.);
#13130 = SURFACE_CURVE('',#13131,(#13136,#13143),.PCURVE_S1.);
#13131 = CIRCLE('',#13132,2.690625);
#13132 = AXIS2_PLACEMENT_3D('',#13133,#13134,#13135);
#13133 = CARTESIAN_POINT('',(104.440625,90.153124999995,0.));
#13134 = DIRECTION('',(-0.,-0.,-1.));
#13135 = DIRECTION('',(0.,-1.,0.));
#13136 = PCURVE('',#10156,#13137);
#13137 = DEFINITIONAL_REPRESENTATION('',(#13138),#13142);
#13138 = LINE('',#13139,#13140);
#13139 = CARTESIAN_POINT('',(-0.,4.712388980385));
#13140 = VECTOR('',#13141,1.);
#13141 = DIRECTION('',(-1.,0.));
#13142 = ( GEOMETRIC_REPRESENTATION_CONTEXT(2) 
PARAMETRIC_REPRESENTATION_CONTEXT() REPRESENTATION_CONTEXT('2D SPACE',''
  ) );
#13143 = PCURVE('',#11495,#13144);
#13144 = DEFINITIONAL_REPRESENTATION('',(#13145),#13153);
#13145 = ( BOUNDED_CURVE() B_SPLINE_CURVE(2,(#13146,#13147,#13148,#13149
    ,#13150,#13151,#13152),.UNSPECIFIED.,.T.,.F.) 
B_SPLINE_CURVE_WITH_KNOTS((1,2,2,2,2,1),(-2.094395102393,0.,
    2.094395102393,4.188790204786,6.28318530718,8.377580409573),
.UNSPECIFIED.) CURVE() GEOMETRIC_REPRESENTATION_ITEM() 
RATIONAL_B_SPLINE_CURVE((1.,0.5,1.,0.5,1.,0.5,1.)) REPRESENTATION_ITEM(
  '') );
#13146 = CARTESIAN_POINT('',(44.53683019527,36.937911115734));
#13147 = CARTESIAN_POINT('',(39.876530991155,36.937911115734));
#13148 = CARTESIAN_POINT('',(42.206680593213,40.973848615734));
#13149 = CARTESIAN_POINT('',(44.53683019527,45.009786115734));
#13150 = CARTESIAN_POINT('',(46.866979797328,40.973848615734));
#13151 = CARTESIAN_POINT('',(49.197129399385,36.937911115734));
#13152 = CARTESIAN_POINT('',(44.53683019527,36.937911115734));
#13153 = ( GEOMETRIC_REPRESENTATION_CONTEXT(2) 
PARAMETRIC_REPRESENTATION_CONTEXT() REPRESENTATION_CONTEXT('2D SPACE',''
  ) );
#13154 = ADVANCED_FACE('',(#13155),#10215,.T.);
#13155 = FACE_BOUND('',#13156,.T.);
#13156 = EDGE_LOOP('',(#13157,#13216,#13257,#13258));
#13157 = ORIENTED_EDGE('',*,*,#13158,.T.);
#13158 = EDGE_CURVE('',#10175,#13159,#13161,.T.);
#13159 = VERTEX_POINT('',#13160);
#13160 = CARTESIAN_POINT('',(23.204933904361,87.462499999998,0.));
#13161 = SURFACE_CURVE('',#13162,(#13167,#13209),.PCURVE_S1.);
#13162 = CIRCLE('',#13163,1.5);
#13163 = AXIS2_PLACEMENT_3D('',#13164,#13165,#13166);
#13164 = CARTESIAN_POINT('',(23.204933904361,87.462499999998,1.5));
#13165 = DIRECTION('',(-1.,0.,0.));
#13166 = DIRECTION('',(0.,1.,0.));
#13167 = PCURVE('',#10215,#13168);
#13168 = DEFINITIONAL_REPRESENTATION('',(#13169),#13208);
#13169 = B_SPLINE_CURVE_WITH_KNOTS('',7,(#13170,#13171,#13172,#13173,
    #13174,#13175,#13176,#13177,#13178,#13179,#13180,#13181,#13182,
    #13183,#13184,#13185,#13186,#13187,#13188,#13189,#13190,#13191,
    #13192,#13193,#13194,#13195,#13196,#13197,#13198,#13199,#13200,
    #13201,#13202,#13203,#13204,#13205,#13206,#13207),.UNSPECIFIED.,.F.,
  .F.,(8,6,6,6,6,6,8),(0.,0.196349540849,0.392699081699,0.785398163397,
    1.178097245096,1.374446785946,1.570796326795),.UNSPECIFIED.);
#13170 = CARTESIAN_POINT('',(-6.E-17,324.91986345347));
#13171 = CARTESIAN_POINT('',(0.120983299742,324.91986345347));
#13172 = CARTESIAN_POINT('',(0.240327058118,324.91986345347));
#13173 = CARTESIAN_POINT('',(0.358147156157,324.91986345348));
#13174 = CARTESIAN_POINT('',(0.474557218412,324.91986345347));
#13175 = CARTESIAN_POINT('',(0.589655867302,324.91986345348));
#13176 = CARTESIAN_POINT('',(0.703543722202,324.91986345347));
#13177 = CARTESIAN_POINT('',(0.929079942095,324.91986345347));
#13178 = CARTESIAN_POINT('',(1.040728653821,324.91986345347));
#13179 = CARTESIAN_POINT('',(1.151350342794,324.91986345348));
#13180 = CARTESIAN_POINT('',(1.26103259906,324.91986345347));
#13181 = CARTESIAN_POINT('',(1.369858886397,324.91986345348));
#13182 = CARTESIAN_POINT('',(1.477909201471,324.91986345347));
#13183 = CARTESIAN_POINT('',(1.799963796017,324.91986345348));
#13184 = CARTESIAN_POINT('',(2.01187170371,324.91986345347));
#13185 = CARTESIAN_POINT('',(2.221601660656,324.91986345348));
#13186 = CARTESIAN_POINT('',(2.429725675778,324.91986345346));
#13187 = CARTESIAN_POINT('',(2.636787840964,324.91986345348));
#13188 = CARTESIAN_POINT('',(2.843319268131,324.91986345347));
#13189 = CARTESIAN_POINT('',(3.256382101308,324.91986345347));
#13190 = CARTESIAN_POINT('',(3.462913528475,324.91986345348));
#13191 = CARTESIAN_POINT('',(3.669975693662,324.91986345347));
#13192 = CARTESIAN_POINT('',(3.878099708784,324.91986345348));
#13193 = CARTESIAN_POINT('',(4.087829665729,324.91986345347));
#13194 = CARTESIAN_POINT('',(4.299737573423,324.91986345348));
#13195 = CARTESIAN_POINT('',(4.621792167969,324.91986345347));
#13196 = CARTESIAN_POINT('',(4.729842483042,324.91986345347));
#13197 = CARTESIAN_POINT('',(4.83866877038,324.91986345348));
#13198 = CARTESIAN_POINT('',(4.948351026646,324.91986345347));
#13199 = CARTESIAN_POINT('',(5.058972715618,324.91986345348));
#13200 = CARTESIAN_POINT('',(5.170621427344,324.91986345347));
#13201 = CARTESIAN_POINT('',(5.396157647237,324.91986345347));
#13202 = CARTESIAN_POINT('',(5.510045502137,324.91986345348));
#13203 = CARTESIAN_POINT('',(5.625144151028,324.91986345347));
#13204 = CARTESIAN_POINT('',(5.741554213282,324.91986345347));
#13205 = CARTESIAN_POINT('',(5.859374311321,324.91986345347));
#13206 = CARTESIAN_POINT('',(5.978718069698,324.91986345347));
#13207 = CARTESIAN_POINT('',(6.09970136944,324.91986345347));
#13208 = ( GEOMETRIC_REPRESENTATION_CONTEXT(2) 
PARAMETRIC_REPRESENTATION_CONTEXT() REPRESENTATION_CONTEXT('2D SPACE',''
  ) );
#13209 = PCURVE('',#10426,#13210);
#13210 = DEFINITIONAL_REPRESENTATION('',(#13211),#13215);
#13211 = LINE('',#13212,#13213);
#13212 = CARTESIAN_POINT('',(0.,13.704441095639));
#13213 = VECTOR('',#13214,1.);
#13214 = DIRECTION('',(1.,0.));
#13215 = ( GEOMETRIC_REPRESENTATION_CONTEXT(2) 
PARAMETRIC_REPRESENTATION_CONTEXT() REPRESENTATION_CONTEXT('2D SPACE',''
  ) );
#13216 = ORIENTED_EDGE('',*,*,#13217,.T.);
#13217 = EDGE_CURVE('',#13159,#13008,#13218,.T.);
#13218 = SURFACE_CURVE('',#13219,(#13233,#13240),.PCURVE_S1.);
#13219 = ( BOUNDED_CURVE() B_SPLINE_CURVE(12,(#13220,#13221,#13222,
    #13223,#13224,#13225,#13226,#13227,#13228,#13229,#13230,#13231,
#13232),.UNSPECIFIED.,.F.,.F.) B_SPLINE_CURVE_WITH_KNOTS((13,13),(
324.91986345347,331.01956482291),.PIECEWISE_BEZIER_KNOTS.) CURVE() 
GEOMETRIC_REPRESENTATION_ITEM() RATIONAL_B_SPLINE_CURVE((1.,1.,1.,
    1.000000000001,0.999999999998,1.000000000003,0.999999999997,
    1.000000000003,0.999999999998,1.000000000001,1.,1.,1.)) 
REPRESENTATION_ITEM('') );
#13220 = CARTESIAN_POINT('',(23.204933922504,87.462499999998,0.));
#13221 = CARTESIAN_POINT('',(22.900645672229,87.46250000205,-1.41E-14));
#13222 = CARTESIAN_POINT('',(22.585079712085,87.425090245585,5.829E-14)
  );
#13223 = CARTESIAN_POINT('',(22.263871908417,87.344414376779,-1.4144E-13
    ));
#13224 = CARTESIAN_POINT('',(21.950662607829,87.222752875801,2.4514E-13)
  );
#13225 = CARTESIAN_POINT('',(21.640975308703,87.044831764359,-3.3074E-13
    ));
#13226 = CARTESIAN_POINT('',(21.372172651196,86.839929160753,3.6382E-13)
  );
#13227 = CARTESIAN_POINT('',(21.11811919886,86.579367114954,-3.2463E-13)
  );
#13228 = CARTESIAN_POINT('',(20.918935048378,86.303034379564,2.2782E-13)
  );
#13229 = CARTESIAN_POINT('',(20.756359590494,86.001703484128,-1.1957E-13
    ));
#13230 = CARTESIAN_POINT('',(20.640760412192,85.692710875516,4.341E-14)
  );
#13231 = CARTESIAN_POINT('',(20.567142082564,85.383518202307,-8.99E-15)
  );
#13232 = CARTESIAN_POINT('',(20.532154450095,85.081249981977,0.));
#13233 = PCURVE('',#10215,#13234);
#13234 = DEFINITIONAL_REPRESENTATION('',(#13235),#13239);
#13235 = LINE('',#13236,#13237);
#13236 = CARTESIAN_POINT('',(6.09970136944,0.));
#13237 = VECTOR('',#13238,1.);
#13238 = DIRECTION('',(0.,1.));
#13239 = ( GEOMETRIC_REPRESENTATION_CONTEXT(2) 
PARAMETRIC_REPRESENTATION_CONTEXT() REPRESENTATION_CONTEXT('2D SPACE',''
  ) );
#13240 = PCURVE('',#11495,#13241);
#13241 = DEFINITIONAL_REPRESENTATION('',(#13242),#13256);
#13242 = ( BOUNDED_CURVE() B_SPLINE_CURVE(12,(#13243,#13244,#13245,
    #13246,#13247,#13248,#13249,#13250,#13251,#13252,#13253,#13254,
#13255),.UNSPECIFIED.,.F.,.F.) B_SPLINE_CURVE_WITH_KNOTS((13,13),(
324.91986345347,331.01956482291),.PIECEWISE_BEZIER_KNOTS.) CURVE() 
GEOMETRIC_REPRESENTATION_ITEM() RATIONAL_B_SPLINE_CURVE((1.,1.,1.,
    1.000000000001,0.999999999998,1.000000000003,0.999999999997,
    1.000000000003,0.999999999998,1.000000000001,1.,1.,1.)) 
REPRESENTATION_ITEM('') );
#13243 = CARTESIAN_POINT('',(-36.69886088222,36.937911115738));
#13244 = CARTESIAN_POINT('',(-37.0031491325,36.937911117789));
#13245 = CARTESIAN_POINT('',(-37.31871509264,36.900501361325));
#13246 = CARTESIAN_POINT('',(-37.63992289631,36.819825492518));
#13247 = CARTESIAN_POINT('',(-37.9531321969,36.69816399154));
#13248 = CARTESIAN_POINT('',(-38.26281949602,36.520242880099));
#13249 = CARTESIAN_POINT('',(-38.53162215353,36.315340276493));
#13250 = CARTESIAN_POINT('',(-38.78567560587,36.054778230694));
#13251 = CARTESIAN_POINT('',(-38.98485975635,35.778445495304));
#13252 = CARTESIAN_POINT('',(-39.14743521423,35.477114599867));
#13253 = CARTESIAN_POINT('',(-39.26303439253,35.168121991256));
#13254 = CARTESIAN_POINT('',(-39.33665272216,34.858929318047));
#13255 = CARTESIAN_POINT('',(-39.37164035463,34.556661097717));
#13256 = ( GEOMETRIC_REPRESENTATION_CONTEXT(2) 
PARAMETRIC_REPRESENTATION_CONTEXT() REPRESENTATION_CONTEXT('2D SPACE',''
  ) );
#13257 = ORIENTED_EDGE('',*,*,#13007,.F.);
#13258 = ORIENTED_EDGE('',*,*,#10174,.F.);
#13259 = ADVANCED_FACE('',(#13260),#10357,.T.);
#13260 = FACE_BOUND('',#13261,.T.);
#13261 = EDGE_LOOP('',(#13262,#13263,#13306,#13334));
#13262 = ORIENTED_EDGE('',*,*,#13070,.T.);
#13263 = ORIENTED_EDGE('',*,*,#13264,.T.);
#13264 = EDGE_CURVE('',#13071,#13265,#13267,.T.);
#13265 = VERTEX_POINT('',#13266);
#13266 = CARTESIAN_POINT('',(99.095066077496,92.224999999995,0.));
#13267 = SURFACE_CURVE('',#13268,(#13282,#13289),.PCURVE_S1.);
#13268 = ( BOUNDED_CURVE() B_SPLINE_CURVE(12,(#13269,#13270,#13271,
    #13272,#13273,#13274,#13275,#13276,#13277,#13278,#13279,#13280,
#13281),.UNSPECIFIED.,.F.,.F.) B_SPLINE_CURVE_WITH_KNOTS((13,13),(
235.46852817636,241.5682295458),.PIECEWISE_BEZIER_KNOTS.) CURVE() 
GEOMETRIC_REPRESENTATION_ITEM() RATIONAL_B_SPLINE_CURVE((1.,1.,1.,1.,
    1.000000000001,0.999999999999,1.000000000002,0.999999999999,
1.000000000001,0.999999999999,1.,1.,1.)) REPRESENTATION_ITEM('') );
#13269 = CARTESIAN_POINT('',(101.7678455499,89.843749981973,0.));
#13270 = CARTESIAN_POINT('',(101.73285770435,90.146020043206,2.309E-14)
  );
#13271 = CARTESIAN_POINT('',(101.65941147998,90.455191544513,-1.0125E-13
    ));
#13272 = CARTESIAN_POINT('',(101.54233739211,90.764992620565,2.609E-13)
  );
#13273 = CARTESIAN_POINT('',(101.38546919556,91.062135610686,-4.7817E-13
    ));
#13274 = CARTESIAN_POINT('',(101.173119504,91.349311081273,6.638E-13));
#13275 = CARTESIAN_POINT('',(100.93866828639,91.592770681267,-7.131E-13)
  );
#13276 = CARTESIAN_POINT('',(100.650622702,91.815179026219,5.9786E-13));
#13277 = CARTESIAN_POINT('',(100.35322002899,91.981268642207,-3.8958E-13
    ));
#13278 = CARTESIAN_POINT('',(100.03519436514,92.108118014924,1.9373E-13)
  );
#13279 = CARTESIAN_POINT('',(99.714959255248,92.187421716216,-7.05E-14)
  );
#13280 = CARTESIAN_POINT('',(99.399352474576,92.225000002046,1.588E-14)
  );
#13281 = CARTESIAN_POINT('',(99.095066077496,92.224999999995,0.));
#13282 = PCURVE('',#10357,#13283);
#13283 = DEFINITIONAL_REPRESENTATION('',(#13284),#13288);
#13284 = LINE('',#13285,#13286);
#13285 = CARTESIAN_POINT('',(6.099701369441,0.));
#13286 = VECTOR('',#13287,1.);
#13287 = DIRECTION('',(0.,1.));
#13288 = ( GEOMETRIC_REPRESENTATION_CONTEXT(2) 
PARAMETRIC_REPRESENTATION_CONTEXT() REPRESENTATION_CONTEXT('2D SPACE',''
  ) );
#13289 = PCURVE('',#11495,#13290);
#13290 = DEFINITIONAL_REPRESENTATION('',(#13291),#13305);
#13291 = ( BOUNDED_CURVE() B_SPLINE_CURVE(12,(#13292,#13293,#13294,
    #13295,#13296,#13297,#13298,#13299,#13300,#13301,#13302,#13303,
#13304),.UNSPECIFIED.,.F.,.F.) B_SPLINE_CURVE_WITH_KNOTS((13,13),(
235.46852817636,241.5682295458),.PIECEWISE_BEZIER_KNOTS.) CURVE() 
GEOMETRIC_REPRESENTATION_ITEM() RATIONAL_B_SPLINE_CURVE((1.,1.,1.,1.,
    1.000000000001,0.999999999999,1.000000000002,0.999999999999,
1.000000000001,0.999999999999,1.,1.,1.)) REPRESENTATION_ITEM('') );
#13292 = CARTESIAN_POINT('',(41.864050745175,39.319161097713));
#13293 = CARTESIAN_POINT('',(41.829062899621,39.621431158946));
#13294 = CARTESIAN_POINT('',(41.755616675257,39.930602660253));
#13295 = CARTESIAN_POINT('',(41.638542587382,40.240403736305));
#13296 = CARTESIAN_POINT('',(41.48167439083,40.537546726425));
#13297 = CARTESIAN_POINT('',(41.269324699272,40.824722197013));
#13298 = CARTESIAN_POINT('',(41.034873481666,41.068181797007));
#13299 = CARTESIAN_POINT('',(40.746827897275,41.290590141959));
#13300 = CARTESIAN_POINT('',(40.449425224269,41.456679757947));
#13301 = CARTESIAN_POINT('',(40.131399560414,41.583529130664));
#13302 = CARTESIAN_POINT('',(39.811164450518,41.662832831956));
#13303 = CARTESIAN_POINT('',(39.495557669846,41.700411117786));
#13304 = CARTESIAN_POINT('',(39.191271272766,41.700411115734));
#13305 = ( GEOMETRIC_REPRESENTATION_CONTEXT(2) 
PARAMETRIC_REPRESENTATION_CONTEXT() REPRESENTATION_CONTEXT('2D SPACE',''
  ) );
#13306 = ORIENTED_EDGE('',*,*,#13307,.F.);
#13307 = EDGE_CURVE('',#10292,#13265,#13308,.T.);
#13308 = SURFACE_CURVE('',#13309,(#13313,#13320),.PCURVE_S1.);
#13309 = ( BOUNDED_CURVE() B_SPLINE_CURVE(2,(#13310,#13311,#13312),
.UNSPECIFIED.,.F.,.F.) B_SPLINE_CURVE_WITH_KNOTS((3,3),(0.,
6.099701369441),.PIECEWISE_BEZIER_KNOTS.) CURVE() 
GEOMETRIC_REPRESENTATION_ITEM() RATIONAL_B_SPLINE_CURVE((1.,
0.707106781187,1.)) REPRESENTATION_ITEM('') );
#13310 = CARTESIAN_POINT('',(99.095066095638,93.724999999995,1.5));
#13311 = CARTESIAN_POINT('',(99.095066095638,93.724999999995,4.4E-16));
#13312 = CARTESIAN_POINT('',(99.095066077496,92.224999999995,0.));
#13313 = PCURVE('',#10357,#13314);
#13314 = DEFINITIONAL_REPRESENTATION('',(#13315),#13319);
#13315 = LINE('',#13316,#13317);
#13316 = CARTESIAN_POINT('',(0.,241.5682295458));
#13317 = VECTOR('',#13318,1.);
#13318 = DIRECTION('',(1.,0.));
#13319 = ( GEOMETRIC_REPRESENTATION_CONTEXT(2) 
PARAMETRIC_REPRESENTATION_CONTEXT() REPRESENTATION_CONTEXT('2D SPACE',''
  ) );
#13320 = PCURVE('',#10502,#13321);
#13321 = DEFINITIONAL_REPRESENTATION('',(#13322),#13333);
#13322 = B_SPLINE_CURVE_WITH_KNOTS('',9,(#13323,#13324,#13325,#13326,
    #13327,#13328,#13329,#13330,#13331,#13332),.UNSPECIFIED.,.F.,.F.,(10
    ,10),(0.,6.099701369441),.PIECEWISE_BEZIER_KNOTS.);
#13323 = CARTESIAN_POINT('',(0.,-2.66E-15));
#13324 = CARTESIAN_POINT('',(0.157134840264,-2.66E-15));
#13325 = CARTESIAN_POINT('',(0.325774716821,-2.66E-15));
#13326 = CARTESIAN_POINT('',(0.50456638687,-2.66E-15));
#13327 = CARTESIAN_POINT('',(0.690744851612,-2.66E-15));
#13328 = CARTESIAN_POINT('',(0.880051475183,-2.66E-15));
#13329 = CARTESIAN_POINT('',(1.066229939925,-2.66E-15));
#13330 = CARTESIAN_POINT('',(1.245021609974,-2.66E-15));
#13331 = CARTESIAN_POINT('',(1.413661486531,-2.66E-15));
#13332 = CARTESIAN_POINT('',(1.570796326795,-2.66E-15));
#13333 = ( GEOMETRIC_REPRESENTATION_CONTEXT(2) 
PARAMETRIC_REPRESENTATION_CONTEXT() REPRESENTATION_CONTEXT('2D SPACE',''
  ) );
#13334 = ORIENTED_EDGE('',*,*,#10318,.F.);
#13335 = ADVANCED_FACE('',(#13336),#10426,.T.);
#13336 = FACE_BOUND('',#13337,.T.);
#13337 = EDGE_LOOP('',(#13338,#13362,#13383,#13384));
#13338 = ORIENTED_EDGE('',*,*,#13339,.T.);
#13339 = EDGE_CURVE('',#10411,#13340,#13342,.T.);
#13340 = VERTEX_POINT('',#13341);
#13341 = CARTESIAN_POINT('',(36.909375,87.462499999998,0.));
#13342 = SURFACE_CURVE('',#13343,(#13348,#13355),.PCURVE_S1.);
#13343 = CIRCLE('',#13344,1.5);
#13344 = AXIS2_PLACEMENT_3D('',#13345,#13346,#13347);
#13345 = CARTESIAN_POINT('',(36.909375,87.462499999998,1.5));
#13346 = DIRECTION('',(-1.,-6.7E-16,0.));
#13347 = DIRECTION('',(6.7E-16,-1.,0.));
#13348 = PCURVE('',#10426,#13349);
#13349 = DEFINITIONAL_REPRESENTATION('',(#13350),#13354);
#13350 = LINE('',#13351,#13352);
#13351 = CARTESIAN_POINT('',(-3.14159265359,0.));
#13352 = VECTOR('',#13353,1.);
#13353 = DIRECTION('',(1.,0.));
#13354 = ( GEOMETRIC_REPRESENTATION_CONTEXT(2) 
PARAMETRIC_REPRESENTATION_CONTEXT() REPRESENTATION_CONTEXT('2D SPACE',''
  ) );
#13355 = PCURVE('',#10558,#13356);
#13356 = DEFINITIONAL_REPRESENTATION('',(#13357),#13361);
#13357 = LINE('',#13358,#13359);
#13358 = CARTESIAN_POINT('',(-1.455558865068,0.));
#13359 = VECTOR('',#13360,1.);
#13360 = DIRECTION('',(-0.,1.));
#13361 = ( GEOMETRIC_REPRESENTATION_CONTEXT(2) 
PARAMETRIC_REPRESENTATION_CONTEXT() REPRESENTATION_CONTEXT('2D SPACE',''
  ) );
#13362 = ORIENTED_EDGE('',*,*,#13363,.T.);
#13363 = EDGE_CURVE('',#13340,#13159,#13364,.T.);
#13364 = SURFACE_CURVE('',#13365,(#13369,#13376),.PCURVE_S1.);
#13365 = LINE('',#13366,#13367);
#13366 = CARTESIAN_POINT('',(36.909375,87.462499999998,-2.2E-16));
#13367 = VECTOR('',#13368,1.);
#13368 = DIRECTION('',(-1.,0.,0.));
#13369 = PCURVE('',#10426,#13370);
#13370 = DEFINITIONAL_REPRESENTATION('',(#13371),#13375);
#13371 = LINE('',#13372,#13373);
#13372 = CARTESIAN_POINT('',(1.570796326795,0.));
#13373 = VECTOR('',#13374,1.);
#13374 = DIRECTION('',(0.,1.));
#13375 = ( GEOMETRIC_REPRESENTATION_CONTEXT(2) 
PARAMETRIC_REPRESENTATION_CONTEXT() REPRESENTATION_CONTEXT('2D SPACE',''
  ) );
#13376 = PCURVE('',#11495,#13377);
#13377 = DEFINITIONAL_REPRESENTATION('',(#13378),#13382);
#13378 = LINE('',#13379,#13380);
#13379 = CARTESIAN_POINT('',(-22.99441980473,36.937911115738));
#13380 = VECTOR('',#13381,1.);
#13381 = DIRECTION('',(-1.,0.));
#13382 = ( GEOMETRIC_REPRESENTATION_CONTEXT(2) 
PARAMETRIC_REPRESENTATION_CONTEXT() REPRESENTATION_CONTEXT('2D SPACE',''
  ) );
#13383 = ORIENTED_EDGE('',*,*,#13158,.F.);
#13384 = ORIENTED_EDGE('',*,*,#10410,.F.);
#13385 = ADVANCED_FACE('',(#13386),#10502,.T.);
#13386 = FACE_BOUND('',#13387,.T.);
#13387 = EDGE_LOOP('',(#13388,#13389,#13412,#13434));
#13388 = ORIENTED_EDGE('',*,*,#13307,.T.);
#13389 = ORIENTED_EDGE('',*,*,#13390,.T.);
#13390 = EDGE_CURVE('',#13265,#13391,#13393,.T.);
#13391 = VERTEX_POINT('',#13392);
#13392 = CARTESIAN_POINT('',(85.390625,92.224999999995,0.));
#13393 = SURFACE_CURVE('',#13394,(#13398,#13405),.PCURVE_S1.);
#13394 = LINE('',#13395,#13396);
#13395 = CARTESIAN_POINT('',(99.095066095638,92.224999999995,-2.2E-16));
#13396 = VECTOR('',#13397,1.);
#13397 = DIRECTION('',(-1.,0.,0.));
#13398 = PCURVE('',#10502,#13399);
#13399 = DEFINITIONAL_REPRESENTATION('',(#13400),#13404);
#13400 = LINE('',#13401,#13402);
#13401 = CARTESIAN_POINT('',(1.570796326795,0.));
#13402 = VECTOR('',#13403,1.);
#13403 = DIRECTION('',(0.,1.));
#13404 = ( GEOMETRIC_REPRESENTATION_CONTEXT(2) 
PARAMETRIC_REPRESENTATION_CONTEXT() REPRESENTATION_CONTEXT('2D SPACE',''
  ) );
#13405 = PCURVE('',#11495,#13406);
#13406 = DEFINITIONAL_REPRESENTATION('',(#13407),#13411);
#13407 = LINE('',#13408,#13409);
#13408 = CARTESIAN_POINT('',(39.191271290908,41.700411115734));
#13409 = VECTOR('',#13410,1.);
#13410 = DIRECTION('',(-1.,0.));
#13411 = ( GEOMETRIC_REPRESENTATION_CONTEXT(2) 
PARAMETRIC_REPRESENTATION_CONTEXT() REPRESENTATION_CONTEXT('2D SPACE',''
  ) );
#13412 = ORIENTED_EDGE('',*,*,#13413,.F.);
#13413 = EDGE_CURVE('',#10466,#13391,#13414,.T.);
#13414 = SURFACE_CURVE('',#13415,(#13420,#13427),.PCURVE_S1.);
#13415 = CIRCLE('',#13416,1.5);
#13416 = AXIS2_PLACEMENT_3D('',#13417,#13418,#13419);
#13417 = CARTESIAN_POINT('',(85.390625,92.224999999995,1.5));
#13418 = DIRECTION('',(-1.,0.,0.));
#13419 = DIRECTION('',(0.,1.,0.));
#13420 = PCURVE('',#10502,#13421);
#13421 = DEFINITIONAL_REPRESENTATION('',(#13422),#13426);
#13422 = LINE('',#13423,#13424);
#13423 = CARTESIAN_POINT('',(0.,13.704441095638));
#13424 = VECTOR('',#13425,1.);
#13425 = DIRECTION('',(1.,0.));
#13426 = ( GEOMETRIC_REPRESENTATION_CONTEXT(2) 
PARAMETRIC_REPRESENTATION_CONTEXT() REPRESENTATION_CONTEXT('2D SPACE',''
  ) );
#13427 = PCURVE('',#10612,#13428);
#13428 = DEFINITIONAL_REPRESENTATION('',(#13429),#13433);
#13429 = LINE('',#13430,#13431);
#13430 = CARTESIAN_POINT('',(-0.,3.14159265359));
#13431 = VECTOR('',#13432,1.);
#13432 = DIRECTION('',(-0.,1.));
#13433 = ( GEOMETRIC_REPRESENTATION_CONTEXT(2) 
PARAMETRIC_REPRESENTATION_CONTEXT() REPRESENTATION_CONTEXT('2D SPACE',''
  ) );
#13434 = ORIENTED_EDGE('',*,*,#10488,.F.);
#13435 = ADVANCED_FACE('',(#13436),#10558,.T.);
#13436 = FACE_BOUND('',#13437,.F.);
#13437 = EDGE_LOOP('',(#13438,#13468,#13469,#13470));
#13438 = ORIENTED_EDGE('',*,*,#13439,.F.);
#13439 = EDGE_CURVE('',#10518,#13440,#13442,.T.);
#13440 = VERTEX_POINT('',#13441);
#13441 = CARTESIAN_POINT('',(39.582154450095,89.843749981975,0.));
#13442 = SURFACE_CURVE('',#13443,(#13447,#13461),.PCURVE_S1.);
#13443 = ( BOUNDED_CURVE() B_SPLINE_CURVE(2,(#13444,#13445,#13446),
.UNSPECIFIED.,.F.,.F.) B_SPLINE_CURVE_WITH_KNOTS((3,3),(0.,
6.099701369439),.PIECEWISE_BEZIER_KNOTS.) CURVE() 
GEOMETRIC_REPRESENTATION_ITEM() RATIONAL_B_SPLINE_CURVE((1.,
0.707106781187,1.)) REPRESENTATION_ITEM('') );
#13444 = CARTESIAN_POINT('',(38.092103189641,90.016223867593,1.5));
#13445 = CARTESIAN_POINT('',(38.092103189641,90.016223867593,2.2E-16));
#13446 = CARTESIAN_POINT('',(39.582154450095,89.843749981975,0.));
#13447 = PCURVE('',#10558,#13448);
#13448 = DEFINITIONAL_REPRESENTATION('',(#13449),#13460);
#13449 = B_SPLINE_CURVE_WITH_KNOTS('',9,(#13450,#13451,#13452,#13453,
    #13454,#13455,#13456,#13457,#13458,#13459),.UNSPECIFIED.,.F.,.F.,(10
    ,10),(0.,6.099701369439),.PIECEWISE_BEZIER_KNOTS.);
#13450 = CARTESIAN_POINT('',(0.,3.14159265359));
#13451 = CARTESIAN_POINT('',(0.,3.298727493853));
#13452 = CARTESIAN_POINT('',(0.,3.467367370411));
#13453 = CARTESIAN_POINT('',(0.,3.64615904046));
#13454 = CARTESIAN_POINT('',(0.,3.832337505202));
#13455 = CARTESIAN_POINT('',(0.,4.021644128772));
#13456 = CARTESIAN_POINT('',(0.,4.207822593515));
#13457 = CARTESIAN_POINT('',(0.,4.386614263564));
#13458 = CARTESIAN_POINT('',(0.,4.555254140121));
#13459 = CARTESIAN_POINT('',(0.,4.712388980385));
#13460 = ( GEOMETRIC_REPRESENTATION_CONTEXT(2) 
PARAMETRIC_REPRESENTATION_CONTEXT() REPRESENTATION_CONTEXT('2D SPACE',''
  ) );
#13461 = PCURVE('',#10671,#13462);
#13462 = DEFINITIONAL_REPRESENTATION('',(#13463),#13467);
#13463 = LINE('',#13464,#13465);
#13464 = CARTESIAN_POINT('',(0.,309.48239758411));
#13465 = VECTOR('',#13466,1.);
#13466 = DIRECTION('',(1.,0.));
#13467 = ( GEOMETRIC_REPRESENTATION_CONTEXT(2) 
PARAMETRIC_REPRESENTATION_CONTEXT() REPRESENTATION_CONTEXT('2D SPACE',''
  ) );
#13468 = ORIENTED_EDGE('',*,*,#10543,.T.);
#13469 = ORIENTED_EDGE('',*,*,#13339,.T.);
#13470 = ORIENTED_EDGE('',*,*,#13471,.F.);
#13471 = EDGE_CURVE('',#13440,#13340,#13472,.T.);
#13472 = SURFACE_CURVE('',#13473,(#13478,#13485),.PCURVE_S1.);
#13473 = CIRCLE('',#13474,2.690625);
#13474 = AXIS2_PLACEMENT_3D('',#13475,#13476,#13477);
#13475 = CARTESIAN_POINT('',(36.909375,90.153124999998,0.));
#13476 = DIRECTION('',(0.,-0.,-1.));
#13477 = DIRECTION('',(0.99336750836,-0.114982578398,0.));
#13478 = PCURVE('',#10558,#13479);
#13479 = DEFINITIONAL_REPRESENTATION('',(#13480),#13484);
#13480 = LINE('',#13481,#13482);
#13481 = CARTESIAN_POINT('',(-0.,4.712388980385));
#13482 = VECTOR('',#13483,1.);
#13483 = DIRECTION('',(-1.,0.));
#13484 = ( GEOMETRIC_REPRESENTATION_CONTEXT(2) 
PARAMETRIC_REPRESENTATION_CONTEXT() REPRESENTATION_CONTEXT('2D SPACE',''
  ) );
#13485 = PCURVE('',#11495,#13486);
#13486 = DEFINITIONAL_REPRESENTATION('',(#13487),#13495);
#13487 = ( BOUNDED_CURVE() B_SPLINE_CURVE(2,(#13488,#13489,#13490,#13491
    ,#13492,#13493,#13494),.UNSPECIFIED.,.T.,.F.) 
B_SPLINE_CURVE_WITH_KNOTS((1,2,2,2,2,1),(-2.094395102393,0.,
    2.094395102393,4.188790204786,6.28318530718,8.377580409573),
.UNSPECIFIED.) CURVE() GEOMETRIC_REPRESENTATION_ITEM() 
RATIONAL_B_SPLINE_CURVE((1.,0.5,1.,0.5,1.,0.5,1.)) REPRESENTATION_ITEM(
  '') );
#13488 = CARTESIAN_POINT('',(-20.32164035254,39.319161115736));
#13489 = CARTESIAN_POINT('',(-20.85749357114,34.689771307133));
#13490 = CARTESIAN_POINT('',(-24.59873614011,37.468528711437));
#13491 = CARTESIAN_POINT('',(-28.33997870909,40.24728611574));
#13492 = CARTESIAN_POINT('',(-24.06288292152,42.09791852004));
#13493 = CARTESIAN_POINT('',(-19.78578713395,43.948550924339));
#13494 = CARTESIAN_POINT('',(-20.32164035254,39.319161115736));
#13495 = ( GEOMETRIC_REPRESENTATION_CONTEXT(2) 
PARAMETRIC_REPRESENTATION_CONTEXT() REPRESENTATION_CONTEXT('2D SPACE',''
  ) );
#13496 = ADVANCED_FACE('',(#13497),#10612,.T.);
#13497 = FACE_BOUND('',#13498,.F.);
#13498 = EDGE_LOOP('',(#13499,#13500,#13501,#13560));
#13499 = ORIENTED_EDGE('',*,*,#13413,.F.);
#13500 = ORIENTED_EDGE('',*,*,#10597,.T.);
#13501 = ORIENTED_EDGE('',*,*,#13502,.T.);
#13502 = EDGE_CURVE('',#10574,#13503,#13505,.T.);
#13503 = VERTEX_POINT('',#13504);
#13504 = CARTESIAN_POINT('',(82.717845547819,94.606249999994,0.));
#13505 = SURFACE_CURVE('',#13506,(#13511,#13518),.PCURVE_S1.);
#13506 = CIRCLE('',#13507,1.5);
#13507 = AXIS2_PLACEMENT_3D('',#13508,#13509,#13510);
#13508 = CARTESIAN_POINT('',(82.717845547819,94.606249999994,1.5));
#13509 = DIRECTION('',(-0.114982578398,0.99336750836,0.));
#13510 = DIRECTION('',(-0.99336750836,-0.114982578398,0.));
#13511 = PCURVE('',#10612,#13512);
#13512 = DEFINITIONAL_REPRESENTATION('',(#13513),#13517);
#13513 = LINE('',#13514,#13515);
#13514 = CARTESIAN_POINT('',(-1.455558865068,0.));
#13515 = VECTOR('',#13516,1.);
#13516 = DIRECTION('',(-0.,1.));
#13517 = ( GEOMETRIC_REPRESENTATION_CONTEXT(2) 
PARAMETRIC_REPRESENTATION_CONTEXT() REPRESENTATION_CONTEXT('2D SPACE',''
  ) );
#13518 = PCURVE('',#10813,#13519);
#13519 = DEFINITIONAL_REPRESENTATION('',(#13520),#13559);
#13520 = B_SPLINE_CURVE_WITH_KNOTS('',7,(#13521,#13522,#13523,#13524,
    #13525,#13526,#13527,#13528,#13529,#13530,#13531,#13532,#13533,
    #13534,#13535,#13536,#13537,#13538,#13539,#13540,#13541,#13542,
    #13543,#13544,#13545,#13546,#13547,#13548,#13549,#13550,#13551,
    #13552,#13553,#13554,#13555,#13556,#13557,#13558),.UNSPECIFIED.,.F.,
  .F.,(8,6,6,6,6,6,8),(3.14159265359,3.337942194439,3.534291735289,
    3.926990816987,4.319689898686,4.516039439535,4.712388980385),
  .UNSPECIFIED.);
#13521 = CARTESIAN_POINT('',(-3.9E-16,257.00569541516));
#13522 = CARTESIAN_POINT('',(0.120983299742,257.00569541516));
#13523 = CARTESIAN_POINT('',(0.240327058118,257.00569541516));
#13524 = CARTESIAN_POINT('',(0.358147156157,257.00569541516));
#13525 = CARTESIAN_POINT('',(0.474557218412,257.00569541516));
#13526 = CARTESIAN_POINT('',(0.589655867302,257.00569541516));
#13527 = CARTESIAN_POINT('',(0.703543722202,257.00569541516));
#13528 = CARTESIAN_POINT('',(0.929079942095,257.00569541516));
#13529 = CARTESIAN_POINT('',(1.040728653821,257.00569541516));
#13530 = CARTESIAN_POINT('',(1.151350342794,257.00569541516));
#13531 = CARTESIAN_POINT('',(1.26103259906,257.00569541516));
#13532 = CARTESIAN_POINT('',(1.369858886397,257.00569541516));
#13533 = CARTESIAN_POINT('',(1.477909201471,257.00569541516));
#13534 = CARTESIAN_POINT('',(1.799963796017,257.00569541516));
#13535 = CARTESIAN_POINT('',(2.01187170371,257.00569541516));
#13536 = CARTESIAN_POINT('',(2.221601660656,257.00569541517));
#13537 = CARTESIAN_POINT('',(2.429725675778,257.00569541515));
#13538 = CARTESIAN_POINT('',(2.636787840964,257.00569541516));
#13539 = CARTESIAN_POINT('',(2.843319268131,257.00569541516));
#13540 = CARTESIAN_POINT('',(3.256382101308,257.00569541516));
#13541 = CARTESIAN_POINT('',(3.462913528475,257.00569541516));
#13542 = CARTESIAN_POINT('',(3.669975693662,257.00569541516));
#13543 = CARTESIAN_POINT('',(3.878099708784,257.00569541516));
#13544 = CARTESIAN_POINT('',(4.087829665729,257.00569541516));
#13545 = CARTESIAN_POINT('',(4.299737573422,257.00569541516));
#13546 = CARTESIAN_POINT('',(4.621792167968,257.00569541516));
#13547 = CARTESIAN_POINT('',(4.729842483042,257.00569541516));
#13548 = CARTESIAN_POINT('',(4.83866877038,257.00569541516));
#13549 = CARTESIAN_POINT('',(4.948351026645,257.00569541516));
#13550 = CARTESIAN_POINT('',(5.058972715618,257.00569541516));
#13551 = CARTESIAN_POINT('',(5.170621427344,257.00569541516));
#13552 = CARTESIAN_POINT('',(5.396157647237,257.00569541516));
#13553 = CARTESIAN_POINT('',(5.510045502137,257.00569541516));
#13554 = CARTESIAN_POINT('',(5.625144151028,257.00569541516));
#13555 = CARTESIAN_POINT('',(5.741554213282,257.00569541516));
#13556 = CARTESIAN_POINT('',(5.859374311321,257.00569541516));
#13557 = CARTESIAN_POINT('',(5.978718069698,257.00569541516));
#13558 = CARTESIAN_POINT('',(6.099701369439,257.00569541516));
#13559 = ( GEOMETRIC_REPRESENTATION_CONTEXT(2) 
PARAMETRIC_REPRESENTATION_CONTEXT() REPRESENTATION_CONTEXT('2D SPACE',''
  ) );
#13560 = ORIENTED_EDGE('',*,*,#13561,.F.);
#13561 = EDGE_CURVE('',#13391,#13503,#13562,.T.);
#13562 = SURFACE_CURVE('',#13563,(#13568,#13575),.PCURVE_S1.);
#13563 = CIRCLE('',#13564,2.690625);
#13564 = AXIS2_PLACEMENT_3D('',#13565,#13566,#13567);
#13565 = CARTESIAN_POINT('',(85.390625,94.915624999995,0.));
#13566 = DIRECTION('',(-0.,-0.,-1.));
#13567 = DIRECTION('',(0.,-1.,0.));
#13568 = PCURVE('',#10612,#13569);
#13569 = DEFINITIONAL_REPRESENTATION('',(#13570),#13574);
#13570 = LINE('',#13571,#13572);
#13571 = CARTESIAN_POINT('',(-0.,4.712388980385));
#13572 = VECTOR('',#13573,1.);
#13573 = DIRECTION('',(-1.,0.));
#13574 = ( GEOMETRIC_REPRESENTATION_CONTEXT(2) 
PARAMETRIC_REPRESENTATION_CONTEXT() REPRESENTATION_CONTEXT('2D SPACE',''
  ) );
#13575 = PCURVE('',#11495,#13576);
#13576 = DEFINITIONAL_REPRESENTATION('',(#13577),#13585);
#13577 = ( BOUNDED_CURVE() B_SPLINE_CURVE(2,(#13578,#13579,#13580,#13581
    ,#13582,#13583,#13584),.UNSPECIFIED.,.T.,.F.) 
B_SPLINE_CURVE_WITH_KNOTS((1,2,2,2,2,1),(-2.094395102393,0.,
    2.094395102393,4.188790204786,6.28318530718,8.377580409573),
.UNSPECIFIED.) CURVE() GEOMETRIC_REPRESENTATION_ITEM() 
RATIONAL_B_SPLINE_CURVE((1.,0.5,1.,0.5,1.,0.5,1.)) REPRESENTATION_ITEM(
  '') );
#13578 = CARTESIAN_POINT('',(25.48683019527,41.700411115734));
#13579 = CARTESIAN_POINT('',(20.826530991155,41.700411115734));
#13580 = CARTESIAN_POINT('',(23.156680593213,45.736348615734));
#13581 = CARTESIAN_POINT('',(25.48683019527,49.772286115734));
#13582 = CARTESIAN_POINT('',(27.816979797328,45.736348615734));
#13583 = CARTESIAN_POINT('',(30.147129399385,41.700411115734));
#13584 = CARTESIAN_POINT('',(25.48683019527,41.700411115734));
#13585 = ( GEOMETRIC_REPRESENTATION_CONTEXT(2) 
PARAMETRIC_REPRESENTATION_CONTEXT() REPRESENTATION_CONTEXT('2D SPACE',''
  ) );
#13586 = ADVANCED_FACE('',(#13587),#10671,.T.);
#13587 = FACE_BOUND('',#13588,.T.);
#13588 = EDGE_LOOP('',(#13589,#13648,#13689,#13690));
#13589 = ORIENTED_EDGE('',*,*,#13590,.T.);
#13590 = EDGE_CURVE('',#10631,#13591,#13593,.T.);
#13591 = VERTEX_POINT('',#13592);
#13592 = CARTESIAN_POINT('',(42.254933904361,92.224999999995,0.));
#13593 = SURFACE_CURVE('',#13594,(#13599,#13641),.PCURVE_S1.);
#13594 = CIRCLE('',#13595,1.5);
#13595 = AXIS2_PLACEMENT_3D('',#13596,#13597,#13598);
#13596 = CARTESIAN_POINT('',(42.254933904361,92.224999999995,1.5));
#13597 = DIRECTION('',(-1.,0.,0.));
#13598 = DIRECTION('',(0.,1.,0.));
#13599 = PCURVE('',#10671,#13600);
#13600 = DEFINITIONAL_REPRESENTATION('',(#13601),#13640);
#13601 = B_SPLINE_CURVE_WITH_KNOTS('',7,(#13602,#13603,#13604,#13605,
    #13606,#13607,#13608,#13609,#13610,#13611,#13612,#13613,#13614,
    #13615,#13616,#13617,#13618,#13619,#13620,#13621,#13622,#13623,
    #13624,#13625,#13626,#13627,#13628,#13629,#13630,#13631,#13632,
    #13633,#13634,#13635,#13636,#13637,#13638,#13639),.UNSPECIFIED.,.F.,
  .F.,(8,6,6,6,6,6,8),(0.,0.196349540849,0.392699081699,0.785398163397,
    1.178097245096,1.374446785946,1.570796326795),.UNSPECIFIED.);
#13602 = CARTESIAN_POINT('',(-6.E-17,303.38269621468));
#13603 = CARTESIAN_POINT('',(0.120983299742,303.38269621468));
#13604 = CARTESIAN_POINT('',(0.240327058118,303.38269621467));
#13605 = CARTESIAN_POINT('',(0.358147156157,303.38269621468));
#13606 = CARTESIAN_POINT('',(0.474557218412,303.38269621467));
#13607 = CARTESIAN_POINT('',(0.589655867302,303.38269621468));
#13608 = CARTESIAN_POINT('',(0.703543722202,303.38269621467));
#13609 = CARTESIAN_POINT('',(0.929079942095,303.38269621468));
#13610 = CARTESIAN_POINT('',(1.040728653821,303.38269621467));
#13611 = CARTESIAN_POINT('',(1.151350342794,303.38269621468));
#13612 = CARTESIAN_POINT('',(1.26103259906,303.38269621467));
#13613 = CARTESIAN_POINT('',(1.369858886397,303.38269621468));
#13614 = CARTESIAN_POINT('',(1.477909201471,303.38269621467));
#13615 = CARTESIAN_POINT('',(1.799963796017,303.38269621468));
#13616 = CARTESIAN_POINT('',(2.01187170371,303.38269621467));
#13617 = CARTESIAN_POINT('',(2.221601660656,303.38269621469));
#13618 = CARTESIAN_POINT('',(2.429725675778,303.38269621466));
#13619 = CARTESIAN_POINT('',(2.636787840964,303.38269621468));
#13620 = CARTESIAN_POINT('',(2.843319268131,303.38269621467));
#13621 = CARTESIAN_POINT('',(3.256382101308,303.38269621468));
#13622 = CARTESIAN_POINT('',(3.462913528475,303.38269621468));
#13623 = CARTESIAN_POINT('',(3.669975693662,303.38269621467));
#13624 = CARTESIAN_POINT('',(3.878099708784,303.38269621468));
#13625 = CARTESIAN_POINT('',(4.087829665729,303.38269621467));
#13626 = CARTESIAN_POINT('',(4.299737573422,303.38269621468));
#13627 = CARTESIAN_POINT('',(4.621792167968,303.38269621467));
#13628 = CARTESIAN_POINT('',(4.729842483042,303.38269621468));
#13629 = CARTESIAN_POINT('',(4.838668770379,303.38269621468));
#13630 = CARTESIAN_POINT('',(4.948351026645,303.38269621468));
#13631 = CARTESIAN_POINT('',(5.058972715618,303.38269621468));
#13632 = CARTESIAN_POINT('',(5.170621427344,303.38269621468));
#13633 = CARTESIAN_POINT('',(5.396157647237,303.38269621467));
#13634 = CARTESIAN_POINT('',(5.510045502137,303.38269621468));
#13635 = CARTESIAN_POINT('',(5.625144151028,303.38269621467));
#13636 = CARTESIAN_POINT('',(5.741554213282,303.38269621468));
#13637 = CARTESIAN_POINT('',(5.859374311321,303.38269621467));
#13638 = CARTESIAN_POINT('',(5.978718069697,303.38269621468));
#13639 = CARTESIAN_POINT('',(6.099701369439,303.38269621468));
#13640 = ( GEOMETRIC_REPRESENTATION_CONTEXT(2) 
PARAMETRIC_REPRESENTATION_CONTEXT() REPRESENTATION_CONTEXT('2D SPACE',''
  ) );
#13641 = PCURVE('',#10882,#13642);
#13642 = DEFINITIONAL_REPRESENTATION('',(#13643),#13647);
#13643 = LINE('',#13644,#13645);
#13644 = CARTESIAN_POINT('',(0.,13.704441095639));
#13645 = VECTOR('',#13646,1.);
#13646 = DIRECTION('',(1.,0.));
#13647 = ( GEOMETRIC_REPRESENTATION_CONTEXT(2) 
PARAMETRIC_REPRESENTATION_CONTEXT() REPRESENTATION_CONTEXT('2D SPACE',''
  ) );
#13648 = ORIENTED_EDGE('',*,*,#13649,.T.);
#13649 = EDGE_CURVE('',#13591,#13440,#13650,.T.);
#13650 = SURFACE_CURVE('',#13651,(#13665,#13672),.PCURVE_S1.);
#13651 = ( BOUNDED_CURVE() B_SPLINE_CURVE(12,(#13652,#13653,#13654,
    #13655,#13656,#13657,#13658,#13659,#13660,#13661,#13662,#13663,
#13664),.UNSPECIFIED.,.F.,.F.) B_SPLINE_CURVE_WITH_KNOTS((13,13),(
303.38269621468,309.48239758411),.PIECEWISE_BEZIER_KNOTS.) CURVE() 
GEOMETRIC_REPRESENTATION_ITEM() RATIONAL_B_SPLINE_CURVE((1.,1.,
    0.999999999999,1.000000000002,0.999999999997,1.000000000004,
    0.999999999996,1.000000000004,0.999999999998,1.000000000001,1.,1.,1.
)) REPRESENTATION_ITEM('') );
#13652 = CARTESIAN_POINT('',(42.254933922503,92.224999999995,0.));
#13653 = CARTESIAN_POINT('',(41.950647525425,92.225000002047,-1.799E-14)
  );
#13654 = CARTESIAN_POINT('',(41.635039243199,92.187564459303,7.816E-14)
  );
#13655 = CARTESIAN_POINT('',(41.314204202077,92.107048292683,-2.025E-13)
  );
#13656 = CARTESIAN_POINT('',(41.0000107219,91.985034674936,3.7703E-13));
#13657 = CARTESIAN_POINT('',(40.691623363629,91.807426884521,-5.3313E-13
    ));
#13658 = CARTESIAN_POINT('',(40.422003683064,91.602715473231,5.8076E-13)
  );
#13659 = CARTESIAN_POINT('',(40.16780525161,91.341332985869,-4.8617E-13)
  );
#13660 = CARTESIAN_POINT('',(39.969214961435,91.065883630186,3.1175E-13)
  );
#13661 = CARTESIAN_POINT('',(39.806235361449,90.763999179429,-1.4844E-13
    ));
#13662 = CARTESIAN_POINT('',(39.690796409314,90.455303811084,4.963E-14)
  );
#13663 = CARTESIAN_POINT('',(39.617142295649,90.146020043209,-9.44E-15)
  );
#13664 = CARTESIAN_POINT('',(39.582154450095,89.843749981975,0.));
#13665 = PCURVE('',#10671,#13666);
#13666 = DEFINITIONAL_REPRESENTATION('',(#13667),#13671);
#13667 = LINE('',#13668,#13669);
#13668 = CARTESIAN_POINT('',(6.099701369439,0.));
#13669 = VECTOR('',#13670,1.);
#13670 = DIRECTION('',(0.,1.));
#13671 = ( GEOMETRIC_REPRESENTATION_CONTEXT(2) 
PARAMETRIC_REPRESENTATION_CONTEXT() REPRESENTATION_CONTEXT('2D SPACE',''
  ) );
#13672 = PCURVE('',#11495,#13673);
#13673 = DEFINITIONAL_REPRESENTATION('',(#13674),#13688);
#13674 = ( BOUNDED_CURVE() B_SPLINE_CURVE(12,(#13675,#13676,#13677,
    #13678,#13679,#13680,#13681,#13682,#13683,#13684,#13685,#13686,
#13687),.UNSPECIFIED.,.F.,.F.) B_SPLINE_CURVE_WITH_KNOTS((13,13),(
303.38269621468,309.48239758411),.PIECEWISE_BEZIER_KNOTS.) CURVE() 
GEOMETRIC_REPRESENTATION_ITEM() RATIONAL_B_SPLINE_CURVE((1.,1.,
    0.999999999999,1.000000000002,0.999999999997,1.000000000004,
    0.999999999996,1.000000000004,0.999999999998,1.000000000001,1.,1.,1.
)) REPRESENTATION_ITEM('') );
#13675 = CARTESIAN_POINT('',(-17.64886088222,41.700411115735));
#13676 = CARTESIAN_POINT('',(-17.9531472793,41.700411117787));
#13677 = CARTESIAN_POINT('',(-18.26875556153,41.662975575043));
#13678 = CARTESIAN_POINT('',(-18.58959060265,41.582459408423));
#13679 = CARTESIAN_POINT('',(-18.90378408283,41.460445790676));
#13680 = CARTESIAN_POINT('',(-19.2121714411,41.28283800026));
#13681 = CARTESIAN_POINT('',(-19.48179112166,41.078126588971));
#13682 = CARTESIAN_POINT('',(-19.73598955312,40.816744101609));
#13683 = CARTESIAN_POINT('',(-19.93457984329,40.541294745925));
#13684 = CARTESIAN_POINT('',(-20.09755944328,40.239410295169));
#13685 = CARTESIAN_POINT('',(-20.21299839541,39.930714926824));
#13686 = CARTESIAN_POINT('',(-20.28665250908,39.621431158949));
#13687 = CARTESIAN_POINT('',(-20.32164035463,39.319161097715));
#13688 = ( GEOMETRIC_REPRESENTATION_CONTEXT(2) 
PARAMETRIC_REPRESENTATION_CONTEXT() REPRESENTATION_CONTEXT('2D SPACE',''
  ) );
#13689 = ORIENTED_EDGE('',*,*,#13439,.F.);
#13690 = ORIENTED_EDGE('',*,*,#10630,.F.);
#13691 = ADVANCED_FACE('',(#13692),#10813,.T.);
#13692 = FACE_BOUND('',#13693,.T.);
#13693 = EDGE_LOOP('',(#13694,#13695,#13738,#13766));
#13694 = ORIENTED_EDGE('',*,*,#13502,.T.);
#13695 = ORIENTED_EDGE('',*,*,#13696,.T.);
#13696 = EDGE_CURVE('',#13503,#13697,#13699,.T.);
#13697 = VERTEX_POINT('',#13698);
#13698 = CARTESIAN_POINT('',(80.045066077496,96.987499999992,0.));
#13699 = SURFACE_CURVE('',#13700,(#13714,#13721),.PCURVE_S1.);
#13700 = ( BOUNDED_CURVE() B_SPLINE_CURVE(12,(#13701,#13702,#13703,
    #13704,#13705,#13706,#13707,#13708,#13709,#13710,#13711,#13712,
#13713),.UNSPECIFIED.,.F.,.F.) B_SPLINE_CURVE_WITH_KNOTS((13,13),(
257.00569541516,263.1053967846),.PIECEWISE_BEZIER_KNOTS.) CURVE() 
GEOMETRIC_REPRESENTATION_ITEM() RATIONAL_B_SPLINE_CURVE((1.,1.,1.,1.,1.,
    0.999999999999,1.000000000001,0.999999999999,1.000000000001,1.,1.,1.
,1.)) REPRESENTATION_ITEM('') );
#13701 = CARTESIAN_POINT('',(82.717845549905,94.606249981972,0.));
#13702 = CARTESIAN_POINT('',(82.682857917436,94.908518202302,2.853E-14)
  );
#13703 = CARTESIAN_POINT('',(82.609381211563,95.21772878,-1.2457E-13));
#13704 = CARTESIAN_POINT('',(82.492508627472,95.527177928969,3.213E-13)
  );
#13705 = CARTESIAN_POINT('',(82.335177487578,95.825258083125,-5.9142E-13
    ));
#13706 = CARTESIAN_POINT('',(82.123288505695,96.111178263151,8.2478E-13)
  );
#13707 = CARTESIAN_POINT('',(81.888933275179,96.355471447536,-8.9151E-13
    ));
#13708 = CARTESIAN_POINT('',(81.600056013747,96.577929477681,7.5429E-13)
  );
#13709 = CARTESIAN_POINT('',(81.303599150164,96.743530742263,-4.9927E-13
    ));
#13710 = CARTESIAN_POINT('',(80.984977130771,96.870717928909,2.5624E-13)
  );
#13711 = CARTESIAN_POINT('',(80.665055713544,96.949896643758,-9.737E-14)
  );
#13712 = CARTESIAN_POINT('',(80.349354327771,96.987500002044,2.276E-14)
  );
#13713 = CARTESIAN_POINT('',(80.045066077496,96.987499999992,0.));
#13714 = PCURVE('',#10813,#13715);
#13715 = DEFINITIONAL_REPRESENTATION('',(#13716),#13720);
#13716 = LINE('',#13717,#13718);
#13717 = CARTESIAN_POINT('',(6.099701369439,0.));
#13718 = VECTOR('',#13719,1.);
#13719 = DIRECTION('',(0.,1.));
#13720 = ( GEOMETRIC_REPRESENTATION_CONTEXT(2) 
PARAMETRIC_REPRESENTATION_CONTEXT() REPRESENTATION_CONTEXT('2D SPACE',''
  ) );
#13721 = PCURVE('',#11495,#13722);
#13722 = DEFINITIONAL_REPRESENTATION('',(#13723),#13737);
#13723 = ( BOUNDED_CURVE() B_SPLINE_CURVE(12,(#13724,#13725,#13726,
    #13727,#13728,#13729,#13730,#13731,#13732,#13733,#13734,#13735,
#13736),.UNSPECIFIED.,.F.,.F.) B_SPLINE_CURVE_WITH_KNOTS((13,13),(
257.00569541516,263.1053967846),.PIECEWISE_BEZIER_KNOTS.) CURVE() 
GEOMETRIC_REPRESENTATION_ITEM() RATIONAL_B_SPLINE_CURVE((1.,1.,1.,1.,1.,
    0.999999999999,1.000000000001,0.999999999999,1.000000000001,1.,1.,1.
,1.)) REPRESENTATION_ITEM('') );
#13724 = CARTESIAN_POINT('',(22.814050745175,44.081661097711));
#13725 = CARTESIAN_POINT('',(22.779063112706,44.383929318042));
#13726 = CARTESIAN_POINT('',(22.705586406833,44.69313989574));
#13727 = CARTESIAN_POINT('',(22.588713822742,45.002589044709));
#13728 = CARTESIAN_POINT('',(22.431382682848,45.300669198865));
#13729 = CARTESIAN_POINT('',(22.219493700965,45.586589378891));
#13730 = CARTESIAN_POINT('',(21.985138470449,45.830882563276));
#13731 = CARTESIAN_POINT('',(21.696261209017,46.053340593421));
#13732 = CARTESIAN_POINT('',(21.399804345435,46.218941858003));
#13733 = CARTESIAN_POINT('',(21.081182326041,46.346129044648));
#13734 = CARTESIAN_POINT('',(20.761260908814,46.425307759497));
#13735 = CARTESIAN_POINT('',(20.445559523041,46.462911117784));
#13736 = CARTESIAN_POINT('',(20.141271272767,46.462911115732));
#13737 = ( GEOMETRIC_REPRESENTATION_CONTEXT(2) 
PARAMETRIC_REPRESENTATION_CONTEXT() REPRESENTATION_CONTEXT('2D SPACE',''
  ) );
#13738 = ORIENTED_EDGE('',*,*,#13739,.F.);
#13739 = EDGE_CURVE('',#10748,#13697,#13740,.T.);
#13740 = SURFACE_CURVE('',#13741,(#13745,#13752),.PCURVE_S1.);
#13741 = ( BOUNDED_CURVE() B_SPLINE_CURVE(2,(#13742,#13743,#13744),
.UNSPECIFIED.,.F.,.F.) B_SPLINE_CURVE_WITH_KNOTS((3,3),(0.,
6.099701369439),.PIECEWISE_BEZIER_KNOTS.) CURVE() 
GEOMETRIC_REPRESENTATION_ITEM() RATIONAL_B_SPLINE_CURVE((1.,
0.707106781187,1.)) REPRESENTATION_ITEM('') );
#13742 = CARTESIAN_POINT('',(80.045066095639,98.487499999992,1.5));
#13743 = CARTESIAN_POINT('',(80.045066095639,98.487499999992,6.7E-16));
#13744 = CARTESIAN_POINT('',(80.045066077496,96.987499999992,0.));
#13745 = PCURVE('',#10813,#13746);
#13746 = DEFINITIONAL_REPRESENTATION('',(#13747),#13751);
#13747 = LINE('',#13748,#13749);
#13748 = CARTESIAN_POINT('',(0.,263.1053967846));
#13749 = VECTOR('',#13750,1.);
#13750 = DIRECTION('',(1.,0.));
#13751 = ( GEOMETRIC_REPRESENTATION_CONTEXT(2) 
PARAMETRIC_REPRESENTATION_CONTEXT() REPRESENTATION_CONTEXT('2D SPACE',''
  ) );
#13752 = PCURVE('',#10962,#13753);
#13753 = DEFINITIONAL_REPRESENTATION('',(#13754),#13765);
#13754 = B_SPLINE_CURVE_WITH_KNOTS('',9,(#13755,#13756,#13757,#13758,
    #13759,#13760,#13761,#13762,#13763,#13764),.UNSPECIFIED.,.F.,.F.,(10
    ,10),(0.,6.099701369439),.PIECEWISE_BEZIER_KNOTS.);
#13755 = CARTESIAN_POINT('',(1.1E-16,-8.9E-16));
#13756 = CARTESIAN_POINT('',(0.157134840264,-8.9E-16));
#13757 = CARTESIAN_POINT('',(0.325774716821,-8.9E-16));
#13758 = CARTESIAN_POINT('',(0.50456638687,-8.9E-16));
#13759 = CARTESIAN_POINT('',(0.690744851612,-8.9E-16));
#13760 = CARTESIAN_POINT('',(0.880051475183,-8.9E-16));
#13761 = CARTESIAN_POINT('',(1.066229939925,-8.9E-16));
#13762 = CARTESIAN_POINT('',(1.245021609974,-8.9E-16));
#13763 = CARTESIAN_POINT('',(1.413661486531,-8.9E-16));
#13764 = CARTESIAN_POINT('',(1.570796326795,-8.9E-16));
#13765 = ( GEOMETRIC_REPRESENTATION_CONTEXT(2) 
PARAMETRIC_REPRESENTATION_CONTEXT() REPRESENTATION_CONTEXT('2D SPACE',''
  ) );
#13766 = ORIENTED_EDGE('',*,*,#10774,.F.);
#13767 = ADVANCED_FACE('',(#13768),#10882,.T.);
#13768 = FACE_BOUND('',#13769,.T.);
#13769 = EDGE_LOOP('',(#13770,#13794,#13815,#13816));
#13770 = ORIENTED_EDGE('',*,*,#13771,.T.);
#13771 = EDGE_CURVE('',#10867,#13772,#13774,.T.);
#13772 = VERTEX_POINT('',#13773);
#13773 = CARTESIAN_POINT('',(55.959375,92.224999999995,0.));
#13774 = SURFACE_CURVE('',#13775,(#13780,#13787),.PCURVE_S1.);
#13775 = CIRCLE('',#13776,1.5);
#13776 = AXIS2_PLACEMENT_3D('',#13777,#13778,#13779);
#13777 = CARTESIAN_POINT('',(55.959375,92.224999999995,1.5));
#13778 = DIRECTION('',(-1.,-4.25E-15,0.));
#13779 = DIRECTION('',(4.25E-15,-1.,0.));
#13780 = PCURVE('',#10882,#13781);
#13781 = DEFINITIONAL_REPRESENTATION('',(#13782),#13786);
#13782 = LINE('',#13783,#13784);
#13783 = CARTESIAN_POINT('',(-3.14159265359,0.));
#13784 = VECTOR('',#13785,1.);
#13785 = DIRECTION('',(1.,0.));
#13786 = ( GEOMETRIC_REPRESENTATION_CONTEXT(2) 
PARAMETRIC_REPRESENTATION_CONTEXT() REPRESENTATION_CONTEXT('2D SPACE',''
  ) );
#13787 = PCURVE('',#11018,#13788);
#13788 = DEFINITIONAL_REPRESENTATION('',(#13789),#13793);
#13789 = LINE('',#13790,#13791);
#13790 = CARTESIAN_POINT('',(-1.455558865068,0.));
#13791 = VECTOR('',#13792,1.);
#13792 = DIRECTION('',(-0.,1.));
#13793 = ( GEOMETRIC_REPRESENTATION_CONTEXT(2) 
PARAMETRIC_REPRESENTATION_CONTEXT() REPRESENTATION_CONTEXT('2D SPACE',''
  ) );
#13794 = ORIENTED_EDGE('',*,*,#13795,.T.);
#13795 = EDGE_CURVE('',#13772,#13591,#13796,.T.);
#13796 = SURFACE_CURVE('',#13797,(#13801,#13808),.PCURVE_S1.);
#13797 = LINE('',#13798,#13799);
#13798 = CARTESIAN_POINT('',(55.959375,92.224999999995,-2.2E-16));
#13799 = VECTOR('',#13800,1.);
#13800 = DIRECTION('',(-1.,0.,0.));
#13801 = PCURVE('',#10882,#13802);
#13802 = DEFINITIONAL_REPRESENTATION('',(#13803),#13807);
#13803 = LINE('',#13804,#13805);
#13804 = CARTESIAN_POINT('',(1.570796326795,0.));
#13805 = VECTOR('',#13806,1.);
#13806 = DIRECTION('',(0.,1.));
#13807 = ( GEOMETRIC_REPRESENTATION_CONTEXT(2) 
PARAMETRIC_REPRESENTATION_CONTEXT() REPRESENTATION_CONTEXT('2D SPACE',''
  ) );
#13808 = PCURVE('',#11495,#13809);
#13809 = DEFINITIONAL_REPRESENTATION('',(#13810),#13814);
#13810 = LINE('',#13811,#13812);
#13811 = CARTESIAN_POINT('',(-3.94441980473,41.700411115735));
#13812 = VECTOR('',#13813,1.);
#13813 = DIRECTION('',(-1.,0.));
#13814 = ( GEOMETRIC_REPRESENTATION_CONTEXT(2) 
PARAMETRIC_REPRESENTATION_CONTEXT() REPRESENTATION_CONTEXT('2D SPACE',''
  ) );
#13815 = ORIENTED_EDGE('',*,*,#13590,.F.);
#13816 = ORIENTED_EDGE('',*,*,#10866,.F.);
#13817 = ADVANCED_FACE('',(#13818),#10962,.T.);
#13818 = FACE_BOUND('',#13819,.T.);
#13819 = EDGE_LOOP('',(#13820,#13821,#13844,#13901));
#13820 = ORIENTED_EDGE('',*,*,#13739,.T.);
#13821 = ORIENTED_EDGE('',*,*,#13822,.T.);
#13822 = EDGE_CURVE('',#13697,#13823,#13825,.T.);
#13823 = VERTEX_POINT('',#13824);
#13824 = CARTESIAN_POINT('',(61.304933904361,96.987499999992,0.));
#13825 = SURFACE_CURVE('',#13826,(#13830,#13837),.PCURVE_S1.);
#13826 = LINE('',#13827,#13828);
#13827 = CARTESIAN_POINT('',(80.045066095639,96.987499999992,-2.2E-16));
#13828 = VECTOR('',#13829,1.);
#13829 = DIRECTION('',(-1.,0.,0.));
#13830 = PCURVE('',#10962,#13831);
#13831 = DEFINITIONAL_REPRESENTATION('',(#13832),#13836);
#13832 = LINE('',#13833,#13834);
#13833 = CARTESIAN_POINT('',(1.570796326795,0.));
#13834 = VECTOR('',#13835,1.);
#13835 = DIRECTION('',(0.,1.));
#13836 = ( GEOMETRIC_REPRESENTATION_CONTEXT(2) 
PARAMETRIC_REPRESENTATION_CONTEXT() REPRESENTATION_CONTEXT('2D SPACE',''
  ) );
#13837 = PCURVE('',#11495,#13838);
#13838 = DEFINITIONAL_REPRESENTATION('',(#13839),#13843);
#13839 = LINE('',#13840,#13841);
#13840 = CARTESIAN_POINT('',(20.141271290909,46.462911115732));
#13841 = VECTOR('',#13842,1.);
#13842 = DIRECTION('',(-1.,0.));
#13843 = ( GEOMETRIC_REPRESENTATION_CONTEXT(2) 
PARAMETRIC_REPRESENTATION_CONTEXT() REPRESENTATION_CONTEXT('2D SPACE',''
  ) );
#13844 = ORIENTED_EDGE('',*,*,#13845,.F.);
#13845 = EDGE_CURVE('',#10922,#13823,#13846,.T.);
#13846 = SURFACE_CURVE('',#13847,(#13852,#13859),.PCURVE_S1.);
#13847 = CIRCLE('',#13848,1.5);
#13848 = AXIS2_PLACEMENT_3D('',#13849,#13850,#13851);
#13849 = CARTESIAN_POINT('',(61.304933904361,96.987499999992,1.5));
#13850 = DIRECTION('',(-1.,0.,0.));
#13851 = DIRECTION('',(0.,1.,0.));
#13852 = PCURVE('',#10962,#13853);
#13853 = DEFINITIONAL_REPRESENTATION('',(#13854),#13858);
#13854 = LINE('',#13855,#13856);
#13855 = CARTESIAN_POINT('',(0.,18.740132191277));
#13856 = VECTOR('',#13857,1.);
#13857 = DIRECTION('',(1.,0.));
#13858 = ( GEOMETRIC_REPRESENTATION_CONTEXT(2) 
PARAMETRIC_REPRESENTATION_CONTEXT() REPRESENTATION_CONTEXT('2D SPACE',''
  ) );
#13859 = PCURVE('',#11073,#13860);
#13860 = DEFINITIONAL_REPRESENTATION('',(#13861),#13900);
#13861 = B_SPLINE_CURVE_WITH_KNOTS('',7,(#13862,#13863,#13864,#13865,
    #13866,#13867,#13868,#13869,#13870,#13871,#13872,#13873,#13874,
    #13875,#13876,#13877,#13878,#13879,#13880,#13881,#13882,#13883,
    #13884,#13885,#13886,#13887,#13888,#13889,#13890,#13891,#13892,
    #13893,#13894,#13895,#13896,#13897,#13898,#13899),.UNSPECIFIED.,.F.,
  .F.,(8,6,6,6,6,6,8),(0.,0.196349540849,0.392699081699,0.785398163397,
    1.178097245096,1.374446785946,1.570796326795),.UNSPECIFIED.);
#13862 = CARTESIAN_POINT('',(-6.E-17,281.84552897588));
#13863 = CARTESIAN_POINT('',(0.120983299742,281.84552897588));
#13864 = CARTESIAN_POINT('',(0.240327058118,281.84552897587));
#13865 = CARTESIAN_POINT('',(0.358147156157,281.84552897588));
#13866 = CARTESIAN_POINT('',(0.474557218412,281.84552897587));
#13867 = CARTESIAN_POINT('',(0.589655867302,281.84552897588));
#13868 = CARTESIAN_POINT('',(0.703543722202,281.84552897588));
#13869 = CARTESIAN_POINT('',(0.929079942095,281.84552897588));
#13870 = CARTESIAN_POINT('',(1.040728653821,281.84552897587));
#13871 = CARTESIAN_POINT('',(1.151350342794,281.84552897588));
#13872 = CARTESIAN_POINT('',(1.26103259906,281.84552897587));
#13873 = CARTESIAN_POINT('',(1.369858886397,281.84552897588));
#13874 = CARTESIAN_POINT('',(1.477909201471,281.84552897588));
#13875 = CARTESIAN_POINT('',(1.799963796017,281.84552897588));
#13876 = CARTESIAN_POINT('',(2.01187170371,281.84552897587));
#13877 = CARTESIAN_POINT('',(2.221601660656,281.84552897588));
#13878 = CARTESIAN_POINT('',(2.429725675777,281.84552897587));
#13879 = CARTESIAN_POINT('',(2.636787840964,281.84552897588));
#13880 = CARTESIAN_POINT('',(2.843319268131,281.84552897588));
#13881 = CARTESIAN_POINT('',(3.256382101308,281.84552897588));
#13882 = CARTESIAN_POINT('',(3.462913528475,281.84552897588));
#13883 = CARTESIAN_POINT('',(3.669975693661,281.84552897587));
#13884 = CARTESIAN_POINT('',(3.878099708784,281.84552897588));
#13885 = CARTESIAN_POINT('',(4.087829665729,281.84552897587));
#13886 = CARTESIAN_POINT('',(4.299737573422,281.84552897588));
#13887 = CARTESIAN_POINT('',(4.621792167968,281.84552897588));
#13888 = CARTESIAN_POINT('',(4.729842483042,281.84552897587));
#13889 = CARTESIAN_POINT('',(4.838668770379,281.84552897588));
#13890 = CARTESIAN_POINT('',(4.948351026645,281.84552897587));
#13891 = CARTESIAN_POINT('',(5.058972715618,281.84552897588));
#13892 = CARTESIAN_POINT('',(5.170621427344,281.84552897588));
#13893 = CARTESIAN_POINT('',(5.396157647237,281.84552897588));
#13894 = CARTESIAN_POINT('',(5.510045502137,281.84552897588));
#13895 = CARTESIAN_POINT('',(5.625144151028,281.84552897588));
#13896 = CARTESIAN_POINT('',(5.741554213282,281.84552897588));
#13897 = CARTESIAN_POINT('',(5.859374311321,281.84552897588));
#13898 = CARTESIAN_POINT('',(5.978718069697,281.84552897588));
#13899 = CARTESIAN_POINT('',(6.099701369439,281.84552897588));
#13900 = ( GEOMETRIC_REPRESENTATION_CONTEXT(2) 
PARAMETRIC_REPRESENTATION_CONTEXT() REPRESENTATION_CONTEXT('2D SPACE',''
  ) );
#13901 = ORIENTED_EDGE('',*,*,#10948,.F.);
#13902 = ADVANCED_FACE('',(#13903),#11018,.T.);
#13903 = FACE_BOUND('',#13904,.F.);
#13904 = EDGE_LOOP('',(#13905,#13935,#13936,#13937));
#13905 = ORIENTED_EDGE('',*,*,#13906,.F.);
#13906 = EDGE_CURVE('',#10978,#13907,#13909,.T.);
#13907 = VERTEX_POINT('',#13908);
#13908 = CARTESIAN_POINT('',(58.632154450095,94.606249981972,0.));
#13909 = SURFACE_CURVE('',#13910,(#13914,#13928),.PCURVE_S1.);
#13910 = ( BOUNDED_CURVE() B_SPLINE_CURVE(2,(#13911,#13912,#13913),
.UNSPECIFIED.,.F.,.F.) B_SPLINE_CURVE_WITH_KNOTS((3,3),(0.,
6.099701369439),.PIECEWISE_BEZIER_KNOTS.) CURVE() 
GEOMETRIC_REPRESENTATION_ITEM() RATIONAL_B_SPLINE_CURVE((1.,
0.707106781187,1.)) REPRESENTATION_ITEM('') );
#13911 = CARTESIAN_POINT('',(57.142103189641,94.77872386759,1.5));
#13912 = CARTESIAN_POINT('',(57.142103189641,94.77872386759,5.6E-16));
#13913 = CARTESIAN_POINT('',(58.632154450095,94.606249981972,0.));
#13914 = PCURVE('',#11018,#13915);
#13915 = DEFINITIONAL_REPRESENTATION('',(#13916),#13927);
#13916 = B_SPLINE_CURVE_WITH_KNOTS('',9,(#13917,#13918,#13919,#13920,
    #13921,#13922,#13923,#13924,#13925,#13926),.UNSPECIFIED.,.F.,.F.,(10
    ,10),(0.,6.099701369439),.PIECEWISE_BEZIER_KNOTS.);
#13917 = CARTESIAN_POINT('',(0.,3.14159265359));
#13918 = CARTESIAN_POINT('',(0.,3.298727493854));
#13919 = CARTESIAN_POINT('',(0.,3.46736737041));
#13920 = CARTESIAN_POINT('',(0.,3.646159040461));
#13921 = CARTESIAN_POINT('',(0.,3.832337505201));
#13922 = CARTESIAN_POINT('',(0.,4.021644128774));
#13923 = CARTESIAN_POINT('',(0.,4.207822593514));
#13924 = CARTESIAN_POINT('',(0.,4.386614263564));
#13925 = CARTESIAN_POINT('',(0.,4.555254140121));
#13926 = CARTESIAN_POINT('',(0.,4.712388980385));
#13927 = ( GEOMETRIC_REPRESENTATION_CONTEXT(2) 
PARAMETRIC_REPRESENTATION_CONTEXT() REPRESENTATION_CONTEXT('2D SPACE',''
  ) );
#13928 = PCURVE('',#11073,#13929);
#13929 = DEFINITIONAL_REPRESENTATION('',(#13930),#13934);
#13930 = LINE('',#13931,#13932);
#13931 = CARTESIAN_POINT('',(0.,287.94523034532));
#13932 = VECTOR('',#13933,1.);
#13933 = DIRECTION('',(1.,0.));
#13934 = ( GEOMETRIC_REPRESENTATION_CONTEXT(2) 
PARAMETRIC_REPRESENTATION_CONTEXT() REPRESENTATION_CONTEXT('2D SPACE',''
  ) );
#13935 = ORIENTED_EDGE('',*,*,#11003,.T.);
#13936 = ORIENTED_EDGE('',*,*,#13771,.T.);
#13937 = ORIENTED_EDGE('',*,*,#13938,.F.);
#13938 = EDGE_CURVE('',#13907,#13772,#13939,.T.);
#13939 = SURFACE_CURVE('',#13940,(#13945,#13952),.PCURVE_S1.);
#13940 = CIRCLE('',#13941,2.690625);
#13941 = AXIS2_PLACEMENT_3D('',#13942,#13943,#13944);
#13942 = CARTESIAN_POINT('',(55.959375,94.915624999995,0.));
#13943 = DIRECTION('',(0.,-0.,-1.));
#13944 = DIRECTION('',(0.99336750836,-0.114982578398,0.));
#13945 = PCURVE('',#11018,#13946);
#13946 = DEFINITIONAL_REPRESENTATION('',(#13947),#13951);
#13947 = LINE('',#13948,#13949);
#13948 = CARTESIAN_POINT('',(-0.,4.712388980385));
#13949 = VECTOR('',#13950,1.);
#13950 = DIRECTION('',(-1.,0.));
#13951 = ( GEOMETRIC_REPRESENTATION_CONTEXT(2) 
PARAMETRIC_REPRESENTATION_CONTEXT() REPRESENTATION_CONTEXT('2D SPACE',''
  ) );
#13952 = PCURVE('',#11495,#13953);
#13953 = DEFINITIONAL_REPRESENTATION('',(#13954),#13962);
#13954 = ( BOUNDED_CURVE() B_SPLINE_CURVE(2,(#13955,#13956,#13957,#13958
    ,#13959,#13960,#13961),.UNSPECIFIED.,.T.,.F.) 
B_SPLINE_CURVE_WITH_KNOTS((1,2,2,2,2,1),(-2.094395102393,0.,
    2.094395102393,4.188790204786,6.28318530718,8.377580409573),
.UNSPECIFIED.) CURVE() GEOMETRIC_REPRESENTATION_ITEM() 
RATIONAL_B_SPLINE_CURVE((1.,0.5,1.,0.5,1.,0.5,1.)) REPRESENTATION_ITEM(
  '') );
#13955 = CARTESIAN_POINT('',(-1.271640352549,44.081661115734));
#13956 = CARTESIAN_POINT('',(-1.807493571143,39.452271307131));
#13957 = CARTESIAN_POINT('',(-5.548736140117,42.231028711434));
#13958 = CARTESIAN_POINT('',(-9.289978709091,45.009786115738));
#13959 = CARTESIAN_POINT('',(-5.012882921523,46.860418520037));
#13960 = CARTESIAN_POINT('',(-0.735787133955,48.711050924337));
#13961 = CARTESIAN_POINT('',(-1.271640352549,44.081661115734));
#13962 = ( GEOMETRIC_REPRESENTATION_CONTEXT(2) 
PARAMETRIC_REPRESENTATION_CONTEXT() REPRESENTATION_CONTEXT('2D SPACE',''
  ) );
#13963 = ADVANCED_FACE('',(#13964),#11073,.T.);
#13964 = FACE_BOUND('',#13965,.T.);
#13965 = EDGE_LOOP('',(#13966,#13967,#14008,#14009));
#13966 = ORIENTED_EDGE('',*,*,#13845,.T.);
#13967 = ORIENTED_EDGE('',*,*,#13968,.T.);
#13968 = EDGE_CURVE('',#13823,#13907,#13969,.T.);
#13969 = SURFACE_CURVE('',#13970,(#13984,#13991),.PCURVE_S1.);
#13970 = ( BOUNDED_CURVE() B_SPLINE_CURVE(12,(#13971,#13972,#13973,
    #13974,#13975,#13976,#13977,#13978,#13979,#13980,#13981,#13982,
#13983),.UNSPECIFIED.,.F.,.F.) B_SPLINE_CURVE_WITH_KNOTS((13,13),(
281.84552897588,287.94523034532),.PIECEWISE_BEZIER_KNOTS.) CURVE() 
GEOMETRIC_REPRESENTATION_ITEM() RATIONAL_B_SPLINE_CURVE((1.,1.,
    0.999999999999,1.000000000003,0.999999999995,1.000000000006,
    0.999999999994,1.000000000005,0.999999999996,1.000000000002,
0.999999999999,1.,1.)) REPRESENTATION_ITEM('') );
#13971 = CARTESIAN_POINT('',(61.304933922504,96.987499999992,0.));
#13972 = CARTESIAN_POINT('',(61.000647525423,96.987500002044,-2.032E-14)
  );
#13973 = CARTESIAN_POINT('',(60.685039243206,96.9500644593,8.971E-14));
#13974 = CARTESIAN_POINT('',(60.364204202059,96.869548292682,-2.4258E-13
    ));
#13975 = CARTESIAN_POINT('',(60.050010721927,96.74753467492,4.7351E-13)
  );
#13976 = CARTESIAN_POINT('',(59.741623363611,96.569926884563,-7.0244E-13
    ));
#13977 = CARTESIAN_POINT('',(59.472003683057,96.365215473145,8.0425E-13)
  );
#13978 = CARTESIAN_POINT('',(59.217805251638,96.103832985967,-7.1509E-13
    ));
#13979 = CARTESIAN_POINT('',(59.019214961408,95.828383630106,4.9072E-13)
  );
#13980 = CARTESIAN_POINT('',(58.856235361462,95.526499179462,-2.5313E-13
    ));
#13981 = CARTESIAN_POINT('',(58.740796409311,95.217803811074,9.17E-14));
#13982 = CARTESIAN_POINT('',(58.667142295649,94.908520043206,-1.932E-14)
  );
#13983 = CARTESIAN_POINT('',(58.632154450095,94.606249981972,0.));
#13984 = PCURVE('',#11073,#13985);
#13985 = DEFINITIONAL_REPRESENTATION('',(#13986),#13990);
#13986 = LINE('',#13987,#13988);
#13987 = CARTESIAN_POINT('',(6.099701369439,0.));
#13988 = VECTOR('',#13989,1.);
#13989 = DIRECTION('',(0.,1.));
#13990 = ( GEOMETRIC_REPRESENTATION_CONTEXT(2) 
PARAMETRIC_REPRESENTATION_CONTEXT() REPRESENTATION_CONTEXT('2D SPACE',''
  ) );
#13991 = PCURVE('',#11495,#13992);
#13992 = DEFINITIONAL_REPRESENTATION('',(#13993),#14007);
#13993 = ( BOUNDED_CURVE() B_SPLINE_CURVE(12,(#13994,#13995,#13996,
    #13997,#13998,#13999,#14000,#14001,#14002,#14003,#14004,#14005,
#14006),.UNSPECIFIED.,.F.,.F.) B_SPLINE_CURVE_WITH_KNOTS((13,13),(
281.84552897588,287.94523034532),.PIECEWISE_BEZIER_KNOTS.) CURVE() 
GEOMETRIC_REPRESENTATION_ITEM() RATIONAL_B_SPLINE_CURVE((1.,1.,
    0.999999999999,1.000000000003,0.999999999995,1.000000000006,
    0.999999999994,1.000000000005,0.999999999996,1.000000000002,
0.999999999999,1.,1.)) REPRESENTATION_ITEM('') );
#13994 = CARTESIAN_POINT('',(1.401139117774,46.462911115732));
#13995 = CARTESIAN_POINT('',(1.096852720694,46.462911117784));
#13996 = CARTESIAN_POINT('',(0.781244438476,46.42547557504));
#13997 = CARTESIAN_POINT('',(0.460409397329,46.344959408422));
#13998 = CARTESIAN_POINT('',(0.146215917197,46.222945790659));
#13999 = CARTESIAN_POINT('',(-0.162171441119,46.045338000303));
#14000 = CARTESIAN_POINT('',(-0.431791121673,45.840626588885));
#14001 = CARTESIAN_POINT('',(-0.685989553092,45.579244101706));
#14002 = CARTESIAN_POINT('',(-0.884579843322,45.303794745846));
#14003 = CARTESIAN_POINT('',(-1.047559443267,45.001910295202));
#14004 = CARTESIAN_POINT('',(-1.162998395419,44.693214926814));
#14005 = CARTESIAN_POINT('',(-1.236652509081,44.383931158946));
#14006 = CARTESIAN_POINT('',(-1.271640354635,44.081661097712));
#14007 = ( GEOMETRIC_REPRESENTATION_CONTEXT(2) 
PARAMETRIC_REPRESENTATION_CONTEXT() REPRESENTATION_CONTEXT('2D SPACE',''
  ) );
#14008 = ORIENTED_EDGE('',*,*,#13906,.F.);
#14009 = ORIENTED_EDGE('',*,*,#11034,.F.);
#14010 = ADVANCED_FACE('',(#14011),#11192,.F.);
#14011 = FACE_BOUND('',#14012,.F.);
#14012 = EDGE_LOOP('',(#14013,#14036,#14063,#14064));
#14013 = ORIENTED_EDGE('',*,*,#14014,.T.);
#14014 = EDGE_CURVE('',#11176,#14015,#14017,.T.);
#14015 = VERTEX_POINT('',#14016);
#14016 = CARTESIAN_POINT('',(22.5375,7.75,1.));
#14017 = SEAM_CURVE('',#14018,(#14022,#14029),.PCURVE_S1.);
#14018 = LINE('',#14019,#14020);
#14019 = CARTESIAN_POINT('',(22.5375,7.75,3.));
#14020 = VECTOR('',#14021,1.);
#14021 = DIRECTION('',(-0.,-0.,-1.));
#14022 = PCURVE('',#11192,#14023);
#14023 = DEFINITIONAL_REPRESENTATION('',(#14024),#14028);
#14024 = LINE('',#14025,#14026);
#14025 = CARTESIAN_POINT('',(0.,0.));
#14026 = VECTOR('',#14027,1.);
#14027 = DIRECTION('',(0.,-1.));
#14028 = ( GEOMETRIC_REPRESENTATION_CONTEXT(2) 
PARAMETRIC_REPRESENTATION_CONTEXT() REPRESENTATION_CONTEXT('2D SPACE',''
  ) );
#14029 = PCURVE('',#11192,#14030);
#14030 = DEFINITIONAL_REPRESENTATION('',(#14031),#14035);
#14031 = LINE('',#14032,#14033);
#14032 = CARTESIAN_POINT('',(6.28318530718,0.));
#14033 = VECTOR('',#14034,1.);
#14034 = DIRECTION('',(0.,-1.));
#14035 = ( GEOMETRIC_REPRESENTATION_CONTEXT(2) 
PARAMETRIC_REPRESENTATION_CONTEXT() REPRESENTATION_CONTEXT('2D SPACE',''
  ) );
#14036 = ORIENTED_EDGE('',*,*,#14037,.T.);
#14037 = EDGE_CURVE('',#14015,#14015,#14038,.T.);
#14038 = SURFACE_CURVE('',#14039,(#14044,#14051),.PCURVE_S1.);
#14039 = CIRCLE('',#14040,4.25);
#14040 = AXIS2_PLACEMENT_3D('',#14041,#14042,#14043);
#14041 = CARTESIAN_POINT('',(18.2875,7.75,1.));
#14042 = DIRECTION('',(0.,0.,1.));
#14043 = DIRECTION('',(1.,0.,0.));
#14044 = PCURVE('',#11192,#14045);
#14045 = DEFINITIONAL_REPRESENTATION('',(#14046),#14050);
#14046 = LINE('',#14047,#14048);
#14047 = CARTESIAN_POINT('',(0.,-2.));
#14048 = VECTOR('',#14049,1.);
#14049 = DIRECTION('',(1.,0.));
#14050 = ( GEOMETRIC_REPRESENTATION_CONTEXT(2) 
PARAMETRIC_REPRESENTATION_CONTEXT() REPRESENTATION_CONTEXT('2D SPACE',''
  ) );
#14051 = PCURVE('',#14052,#14057);
#14052 = PLANE('',#14053);
#14053 = AXIS2_PLACEMENT_3D('',#14054,#14055,#14056);
#14054 = CARTESIAN_POINT('',(18.2875,7.75,1.));
#14055 = DIRECTION('',(0.,0.,1.));
#14056 = DIRECTION('',(0.,1.,0.));
#14057 = DEFINITIONAL_REPRESENTATION('',(#14058),#14062);
#14058 = CIRCLE('',#14059,4.25);
#14059 = AXIS2_PLACEMENT_2D('',#14060,#14061);
#14060 = CARTESIAN_POINT('',(-8.881784197001E-16,0.));
#14061 = DIRECTION('',(0.,-1.));
#14062 = ( GEOMETRIC_REPRESENTATION_CONTEXT(2) 
PARAMETRIC_REPRESENTATION_CONTEXT() REPRESENTATION_CONTEXT('2D SPACE',''
  ) );
#14063 = ORIENTED_EDGE('',*,*,#14014,.F.);
#14064 = ORIENTED_EDGE('',*,*,#11175,.F.);
#14065 = ADVANCED_FACE('',(#14066),#11223,.F.);
#14066 = FACE_BOUND('',#14067,.F.);
#14067 = EDGE_LOOP('',(#14068,#14091,#14113,#14114));
#14068 = ORIENTED_EDGE('',*,*,#14069,.T.);
#14069 = EDGE_CURVE('',#11207,#14070,#14072,.T.);
#14070 = VERTEX_POINT('',#14071);
#14071 = CARTESIAN_POINT('',(24.6,27.8125,2.E-15));
#14072 = SEAM_CURVE('',#14073,(#14077,#14084),.PCURVE_S1.);
#14073 = LINE('',#14074,#14075);
#14074 = CARTESIAN_POINT('',(24.6,27.8125,3.));
#14075 = VECTOR('',#14076,1.);
#14076 = DIRECTION('',(0.,0.,-1.));
#14077 = PCURVE('',#11223,#14078);
#14078 = DEFINITIONAL_REPRESENTATION('',(#14079),#14083);
#14079 = LINE('',#14080,#14081);
#14080 = CARTESIAN_POINT('',(0.,0.));
#14081 = VECTOR('',#14082,1.);
#14082 = DIRECTION('',(0.,-1.));
#14083 = ( GEOMETRIC_REPRESENTATION_CONTEXT(2) 
PARAMETRIC_REPRESENTATION_CONTEXT() REPRESENTATION_CONTEXT('2D SPACE',''
  ) );
#14084 = PCURVE('',#11223,#14085);
#14085 = DEFINITIONAL_REPRESENTATION('',(#14086),#14090);
#14086 = LINE('',#14087,#14088);
#14087 = CARTESIAN_POINT('',(6.28318530718,0.));
#14088 = VECTOR('',#14089,1.);
#14089 = DIRECTION('',(0.,-1.));
#14090 = ( GEOMETRIC_REPRESENTATION_CONTEXT(2) 
PARAMETRIC_REPRESENTATION_CONTEXT() REPRESENTATION_CONTEXT('2D SPACE',''
  ) );
#14091 = ORIENTED_EDGE('',*,*,#14092,.T.);
#14092 = EDGE_CURVE('',#14070,#14070,#14093,.T.);
#14093 = SURFACE_CURVE('',#14094,(#14099,#14106),.PCURVE_S1.);
#14094 = CIRCLE('',#14095,1.55);
#14095 = AXIS2_PLACEMENT_3D('',#14096,#14097,#14098);
#14096 = CARTESIAN_POINT('',(23.05,27.8125,2.22044604925E-15));
#14097 = DIRECTION('',(0.,0.,1.));
#14098 = DIRECTION('',(1.,0.,0.));
#14099 = PCURVE('',#11223,#14100);
#14100 = DEFINITIONAL_REPRESENTATION('',(#14101),#14105);
#14101 = LINE('',#14102,#14103);
#14102 = CARTESIAN_POINT('',(0.,-3.));
#14103 = VECTOR('',#14104,1.);
#14104 = DIRECTION('',(1.,0.));
#14105 = ( GEOMETRIC_REPRESENTATION_CONTEXT(2) 
PARAMETRIC_REPRESENTATION_CONTEXT() REPRESENTATION_CONTEXT('2D SPACE',''
  ) );
#14106 = PCURVE('',#11495,#14107);
#14107 = DEFINITIONAL_REPRESENTATION('',(#14108),#14112);
#14108 = CIRCLE('',#14109,1.55);
#14109 = AXIS2_PLACEMENT_2D('',#14110,#14111);
#14110 = CARTESIAN_POINT('',(-36.85379480473,-22.71208888426));
#14111 = DIRECTION('',(1.,0.));
#14112 = ( GEOMETRIC_REPRESENTATION_CONTEXT(2) 
PARAMETRIC_REPRESENTATION_CONTEXT() REPRESENTATION_CONTEXT('2D SPACE',''
  ) );
#14113 = ORIENTED_EDGE('',*,*,#14069,.F.);
#14114 = ORIENTED_EDGE('',*,*,#11206,.F.);
#14115 = ADVANCED_FACE('',(#14116),#11254,.F.);
#14116 = FACE_BOUND('',#14117,.F.);
#14117 = EDGE_LOOP('',(#14118,#14141,#14168,#14169));
#14118 = ORIENTED_EDGE('',*,*,#14119,.T.);
#14119 = EDGE_CURVE('',#11238,#14120,#14122,.T.);
#14120 = VERTEX_POINT('',#14121);
#14121 = CARTESIAN_POINT('',(113.02499999998,31.562499999918,1.));
#14122 = SEAM_CURVE('',#14123,(#14127,#14134),.PCURVE_S1.);
#14123 = LINE('',#14124,#14125);
#14124 = CARTESIAN_POINT('',(113.02499999998,31.562499999918,3.));
#14125 = VECTOR('',#14126,1.);
#14126 = DIRECTION('',(-0.,-0.,-1.));
#14127 = PCURVE('',#11254,#14128);
#14128 = DEFINITIONAL_REPRESENTATION('',(#14129),#14133);
#14129 = LINE('',#14130,#14131);
#14130 = CARTESIAN_POINT('',(0.,0.));
#14131 = VECTOR('',#14132,1.);
#14132 = DIRECTION('',(0.,-1.));
#14133 = ( GEOMETRIC_REPRESENTATION_CONTEXT(2) 
PARAMETRIC_REPRESENTATION_CONTEXT() REPRESENTATION_CONTEXT('2D SPACE',''
  ) );
#14134 = PCURVE('',#11254,#14135);
#14135 = DEFINITIONAL_REPRESENTATION('',(#14136),#14140);
#14136 = LINE('',#14137,#14138);
#14137 = CARTESIAN_POINT('',(6.28318530718,0.));
#14138 = VECTOR('',#14139,1.);
#14139 = DIRECTION('',(0.,-1.));
#14140 = ( GEOMETRIC_REPRESENTATION_CONTEXT(2) 
PARAMETRIC_REPRESENTATION_CONTEXT() REPRESENTATION_CONTEXT('2D SPACE',''
  ) );
#14141 = ORIENTED_EDGE('',*,*,#14142,.T.);
#14142 = EDGE_CURVE('',#14120,#14120,#14143,.T.);
#14143 = SURFACE_CURVE('',#14144,(#14149,#14156),.PCURVE_S1.);
#14144 = CIRCLE('',#14145,4.25);
#14145 = AXIS2_PLACEMENT_3D('',#14146,#14147,#14148);
#14146 = CARTESIAN_POINT('',(108.77499999998,31.562499999918,1.));
#14147 = DIRECTION('',(0.,0.,1.));
#14148 = DIRECTION('',(1.,0.,0.));
#14149 = PCURVE('',#11254,#14150);
#14150 = DEFINITIONAL_REPRESENTATION('',(#14151),#14155);
#14151 = LINE('',#14152,#14153);
#14152 = CARTESIAN_POINT('',(0.,-2.));
#14153 = VECTOR('',#14154,1.);
#14154 = DIRECTION('',(1.,0.));
#14155 = ( GEOMETRIC_REPRESENTATION_CONTEXT(2) 
PARAMETRIC_REPRESENTATION_CONTEXT() REPRESENTATION_CONTEXT('2D SPACE',''
  ) );
#14156 = PCURVE('',#14157,#14162);
#14157 = PLANE('',#14158);
#14158 = AXIS2_PLACEMENT_3D('',#14159,#14160,#14161);
#14159 = CARTESIAN_POINT('',(108.77499999998,31.562499999918,1.));
#14160 = DIRECTION('',(0.,0.,1.));
#14161 = DIRECTION('',(1.,0.,0.));
#14162 = DEFINITIONAL_REPRESENTATION('',(#14163),#14167);
#14163 = CIRCLE('',#14164,4.25);
#14164 = AXIS2_PLACEMENT_2D('',#14165,#14166);
#14165 = CARTESIAN_POINT('',(1.42108547152E-14,0.));
#14166 = DIRECTION('',(1.,0.));
#14167 = ( GEOMETRIC_REPRESENTATION_CONTEXT(2) 
PARAMETRIC_REPRESENTATION_CONTEXT() REPRESENTATION_CONTEXT('2D SPACE',''
  ) );
#14168 = ORIENTED_EDGE('',*,*,#14119,.F.);
#14169 = ORIENTED_EDGE('',*,*,#11237,.F.);
#14170 = ADVANCED_FACE('',(#14171),#11285,.F.);
#14171 = FACE_BOUND('',#14172,.F.);
#14172 = EDGE_LOOP('',(#14173,#14196,#14223,#14224));
#14173 = ORIENTED_EDGE('',*,*,#14174,.T.);
#14174 = EDGE_CURVE('',#11269,#14175,#14177,.T.);
#14175 = VERTEX_POINT('',#14176);
#14176 = CARTESIAN_POINT('',(36.825,69.662499999995,1.));
#14177 = SEAM_CURVE('',#14178,(#14182,#14189),.PCURVE_S1.);
#14178 = LINE('',#14179,#14180);
#14179 = CARTESIAN_POINT('',(36.825,69.662499999995,3.));
#14180 = VECTOR('',#14181,1.);
#14181 = DIRECTION('',(-0.,-0.,-1.));
#14182 = PCURVE('',#11285,#14183);
#14183 = DEFINITIONAL_REPRESENTATION('',(#14184),#14188);
#14184 = LINE('',#14185,#14186);
#14185 = CARTESIAN_POINT('',(0.,0.));
#14186 = VECTOR('',#14187,1.);
#14187 = DIRECTION('',(0.,-1.));
#14188 = ( GEOMETRIC_REPRESENTATION_CONTEXT(2) 
PARAMETRIC_REPRESENTATION_CONTEXT() REPRESENTATION_CONTEXT('2D SPACE',''
  ) );
#14189 = PCURVE('',#11285,#14190);
#14190 = DEFINITIONAL_REPRESENTATION('',(#14191),#14195);
#14191 = LINE('',#14192,#14193);
#14192 = CARTESIAN_POINT('',(6.28318530718,0.));
#14193 = VECTOR('',#14194,1.);
#14194 = DIRECTION('',(0.,-1.));
#14195 = ( GEOMETRIC_REPRESENTATION_CONTEXT(2) 
PARAMETRIC_REPRESENTATION_CONTEXT() REPRESENTATION_CONTEXT('2D SPACE',''
  ) );
#14196 = ORIENTED_EDGE('',*,*,#14197,.T.);
#14197 = EDGE_CURVE('',#14175,#14175,#14198,.T.);
#14198 = SURFACE_CURVE('',#14199,(#14204,#14211),.PCURVE_S1.);
#14199 = CIRCLE('',#14200,4.25);
#14200 = AXIS2_PLACEMENT_3D('',#14201,#14202,#14203);
#14201 = CARTESIAN_POINT('',(32.575,69.662499999995,1.));
#14202 = DIRECTION('',(0.,0.,1.));
#14203 = DIRECTION('',(1.,0.,0.));
#14204 = PCURVE('',#11285,#14205);
#14205 = DEFINITIONAL_REPRESENTATION('',(#14206),#14210);
#14206 = LINE('',#14207,#14208);
#14207 = CARTESIAN_POINT('',(0.,-2.));
#14208 = VECTOR('',#14209,1.);
#14209 = DIRECTION('',(1.,0.));
#14210 = ( GEOMETRIC_REPRESENTATION_CONTEXT(2) 
PARAMETRIC_REPRESENTATION_CONTEXT() REPRESENTATION_CONTEXT('2D SPACE',''
  ) );
#14211 = PCURVE('',#14212,#14217);
#14212 = PLANE('',#14213);
#14213 = AXIS2_PLACEMENT_3D('',#14214,#14215,#14216);
#14214 = CARTESIAN_POINT('',(32.575,69.662499999995,1.));
#14215 = DIRECTION('',(0.,0.,1.));
#14216 = DIRECTION('',(1.,0.,0.));
#14217 = DEFINITIONAL_REPRESENTATION('',(#14218),#14222);
#14218 = CIRCLE('',#14219,4.25);
#14219 = AXIS2_PLACEMENT_2D('',#14220,#14221);
#14220 = CARTESIAN_POINT('',(0.,0.));
#14221 = DIRECTION('',(1.,0.));
#14222 = ( GEOMETRIC_REPRESENTATION_CONTEXT(2) 
PARAMETRIC_REPRESENTATION_CONTEXT() REPRESENTATION_CONTEXT('2D SPACE',''
  ) );
#14223 = ORIENTED_EDGE('',*,*,#14174,.F.);
#14224 = ORIENTED_EDGE('',*,*,#11268,.F.);
#14225 = ADVANCED_FACE('',(#14226),#11316,.F.);
#14226 = FACE_BOUND('',#14227,.F.);
#14227 = EDGE_LOOP('',(#14228,#14251,#14273,#14274));
#14228 = ORIENTED_EDGE('',*,*,#14229,.T.);
#14229 = EDGE_CURVE('',#11300,#14230,#14232,.T.);
#14230 = VERTEX_POINT('',#14231);
#14231 = CARTESIAN_POINT('',(43.65,65.9125,2.E-15));
#14232 = SEAM_CURVE('',#14233,(#14237,#14244),.PCURVE_S1.);
#14233 = LINE('',#14234,#14235);
#14234 = CARTESIAN_POINT('',(43.65,65.9125,3.));
#14235 = VECTOR('',#14236,1.);
#14236 = DIRECTION('',(0.,0.,-1.));
#14237 = PCURVE('',#11316,#14238);
#14238 = DEFINITIONAL_REPRESENTATION('',(#14239),#14243);
#14239 = LINE('',#14240,#14241);
#14240 = CARTESIAN_POINT('',(0.,0.));
#14241 = VECTOR('',#14242,1.);
#14242 = DIRECTION('',(0.,-1.));
#14243 = ( GEOMETRIC_REPRESENTATION_CONTEXT(2) 
PARAMETRIC_REPRESENTATION_CONTEXT() REPRESENTATION_CONTEXT('2D SPACE',''
  ) );
#14244 = PCURVE('',#11316,#14245);
#14245 = DEFINITIONAL_REPRESENTATION('',(#14246),#14250);
#14246 = LINE('',#14247,#14248);
#14247 = CARTESIAN_POINT('',(6.28318530718,0.));
#14248 = VECTOR('',#14249,1.);
#14249 = DIRECTION('',(0.,-1.));
#14250 = ( GEOMETRIC_REPRESENTATION_CONTEXT(2) 
PARAMETRIC_REPRESENTATION_CONTEXT() REPRESENTATION_CONTEXT('2D SPACE',''
  ) );
#14251 = ORIENTED_EDGE('',*,*,#14252,.T.);
#14252 = EDGE_CURVE('',#14230,#14230,#14253,.T.);
#14253 = SURFACE_CURVE('',#14254,(#14259,#14266),.PCURVE_S1.);
#14254 = CIRCLE('',#14255,1.55);
#14255 = AXIS2_PLACEMENT_3D('',#14256,#14257,#14258);
#14256 = CARTESIAN_POINT('',(42.1,65.9125,2.22044604925E-15));
#14257 = DIRECTION('',(0.,0.,1.));
#14258 = DIRECTION('',(1.,0.,0.));
#14259 = PCURVE('',#11316,#14260);
#14260 = DEFINITIONAL_REPRESENTATION('',(#14261),#14265);
#14261 = LINE('',#14262,#14263);
#14262 = CARTESIAN_POINT('',(0.,-3.));
#14263 = VECTOR('',#14264,1.);
#14264 = DIRECTION('',(1.,0.));
#14265 = ( GEOMETRIC_REPRESENTATION_CONTEXT(2) 
PARAMETRIC_REPRESENTATION_CONTEXT() REPRESENTATION_CONTEXT('2D SPACE',''
  ) );
#14266 = PCURVE('',#11495,#14267);
#14267 = DEFINITIONAL_REPRESENTATION('',(#14268),#14272);
#14268 = CIRCLE('',#14269,1.55);
#14269 = AXIS2_PLACEMENT_2D('',#14270,#14271);
#14270 = CARTESIAN_POINT('',(-17.80379480473,15.38791111574));
#14271 = DIRECTION('',(1.,0.));
#14272 = ( GEOMETRIC_REPRESENTATION_CONTEXT(2) 
PARAMETRIC_REPRESENTATION_CONTEXT() REPRESENTATION_CONTEXT('2D SPACE',''
  ) );
#14273 = ORIENTED_EDGE('',*,*,#14229,.F.);
#14274 = ORIENTED_EDGE('',*,*,#11299,.F.);
#14275 = ADVANCED_FACE('',(#14276),#11347,.F.);
#14276 = FACE_BOUND('',#14277,.F.);
#14277 = EDGE_LOOP('',(#14278,#14301,#14323,#14324));
#14278 = ORIENTED_EDGE('',*,*,#14279,.T.);
#14279 = EDGE_CURVE('',#11331,#14280,#14282,.T.);
#14280 = VERTEX_POINT('',#14281);
#14281 = CARTESIAN_POINT('',(100.8,51.625,2.E-15));
#14282 = SEAM_CURVE('',#14283,(#14287,#14294),.PCURVE_S1.);
#14283 = LINE('',#14284,#14285);
#14284 = CARTESIAN_POINT('',(100.8,51.625,3.));
#14285 = VECTOR('',#14286,1.);
#14286 = DIRECTION('',(0.,0.,-1.));
#14287 = PCURVE('',#11347,#14288);
#14288 = DEFINITIONAL_REPRESENTATION('',(#14289),#14293);
#14289 = LINE('',#14290,#14291);
#14290 = CARTESIAN_POINT('',(0.,0.));
#14291 = VECTOR('',#14292,1.);
#14292 = DIRECTION('',(0.,-1.));
#14293 = ( GEOMETRIC_REPRESENTATION_CONTEXT(2) 
PARAMETRIC_REPRESENTATION_CONTEXT() REPRESENTATION_CONTEXT('2D SPACE',''
  ) );
#14294 = PCURVE('',#11347,#14295);
#14295 = DEFINITIONAL_REPRESENTATION('',(#14296),#14300);
#14296 = LINE('',#14297,#14298);
#14297 = CARTESIAN_POINT('',(6.28318530718,0.));
#14298 = VECTOR('',#14299,1.);
#14299 = DIRECTION('',(0.,-1.));
#14300 = ( GEOMETRIC_REPRESENTATION_CONTEXT(2) 
PARAMETRIC_REPRESENTATION_CONTEXT() REPRESENTATION_CONTEXT('2D SPACE',''
  ) );
#14301 = ORIENTED_EDGE('',*,*,#14302,.T.);
#14302 = EDGE_CURVE('',#14280,#14280,#14303,.T.);
#14303 = SURFACE_CURVE('',#14304,(#14309,#14316),.PCURVE_S1.);
#14304 = CIRCLE('',#14305,1.55);
#14305 = AXIS2_PLACEMENT_3D('',#14306,#14307,#14308);
#14306 = CARTESIAN_POINT('',(99.250000000007,51.625,2.22044604925E-15));
#14307 = DIRECTION('',(0.,0.,1.));
#14308 = DIRECTION('',(1.,0.,0.));
#14309 = PCURVE('',#11347,#14310);
#14310 = DEFINITIONAL_REPRESENTATION('',(#14311),#14315);
#14311 = LINE('',#14312,#14313);
#14312 = CARTESIAN_POINT('',(0.,-3.));
#14313 = VECTOR('',#14314,1.);
#14314 = DIRECTION('',(1.,0.));
#14315 = ( GEOMETRIC_REPRESENTATION_CONTEXT(2) 
PARAMETRIC_REPRESENTATION_CONTEXT() REPRESENTATION_CONTEXT('2D SPACE',''
  ) );
#14316 = PCURVE('',#11495,#14317);
#14317 = DEFINITIONAL_REPRESENTATION('',(#14318),#14322);
#14318 = CIRCLE('',#14319,1.55);
#14319 = AXIS2_PLACEMENT_2D('',#14320,#14321);
#14320 = CARTESIAN_POINT('',(39.346205195277,1.10041111574));
#14321 = DIRECTION('',(1.,0.));
#14322 = ( GEOMETRIC_REPRESENTATION_CONTEXT(2) 
PARAMETRIC_REPRESENTATION_CONTEXT() REPRESENTATION_CONTEXT('2D SPACE',''
  ) );
#14323 = ORIENTED_EDGE('',*,*,#14279,.F.);
#14324 = ORIENTED_EDGE('',*,*,#11330,.F.);
#14325 = ADVANCED_FACE('',(#14326),#11378,.F.);
#14326 = FACE_BOUND('',#14327,.F.);
#14327 = EDGE_LOOP('',(#14328,#14351,#14378,#14379));
#14328 = ORIENTED_EDGE('',*,*,#14329,.T.);
#14329 = EDGE_CURVE('',#11362,#14330,#14332,.T.);
#14330 = VERTEX_POINT('',#14331);
#14331 = CARTESIAN_POINT('',(74.92499999993,79.187499999995,1.));
#14332 = SEAM_CURVE('',#14333,(#14337,#14344),.PCURVE_S1.);
#14333 = LINE('',#14334,#14335);
#14334 = CARTESIAN_POINT('',(74.92499999993,79.187499999995,3.));
#14335 = VECTOR('',#14336,1.);
#14336 = DIRECTION('',(-0.,-0.,-1.));
#14337 = PCURVE('',#11378,#14338);
#14338 = DEFINITIONAL_REPRESENTATION('',(#14339),#14343);
#14339 = LINE('',#14340,#14341);
#14340 = CARTESIAN_POINT('',(0.,0.));
#14341 = VECTOR('',#14342,1.);
#14342 = DIRECTION('',(0.,-1.));
#14343 = ( GEOMETRIC_REPRESENTATION_CONTEXT(2) 
PARAMETRIC_REPRESENTATION_CONTEXT() REPRESENTATION_CONTEXT('2D SPACE',''
  ) );
#14344 = PCURVE('',#11378,#14345);
#14345 = DEFINITIONAL_REPRESENTATION('',(#14346),#14350);
#14346 = LINE('',#14347,#14348);
#14347 = CARTESIAN_POINT('',(6.28318530718,0.));
#14348 = VECTOR('',#14349,1.);
#14349 = DIRECTION('',(0.,-1.));
#14350 = ( GEOMETRIC_REPRESENTATION_CONTEXT(2) 
PARAMETRIC_REPRESENTATION_CONTEXT() REPRESENTATION_CONTEXT('2D SPACE',''
  ) );
#14351 = ORIENTED_EDGE('',*,*,#14352,.T.);
#14352 = EDGE_CURVE('',#14330,#14330,#14353,.T.);
#14353 = SURFACE_CURVE('',#14354,(#14359,#14366),.PCURVE_S1.);
#14354 = CIRCLE('',#14355,4.25);
#14355 = AXIS2_PLACEMENT_3D('',#14356,#14357,#14358);
#14356 = CARTESIAN_POINT('',(70.67499999993,79.187499999995,1.));
#14357 = DIRECTION('',(0.,0.,1.));
#14358 = DIRECTION('',(1.,0.,0.));
#14359 = PCURVE('',#11378,#14360);
#14360 = DEFINITIONAL_REPRESENTATION('',(#14361),#14365);
#14361 = LINE('',#14362,#14363);
#14362 = CARTESIAN_POINT('',(0.,-2.));
#14363 = VECTOR('',#14364,1.);
#14364 = DIRECTION('',(1.,0.));
#14365 = ( GEOMETRIC_REPRESENTATION_CONTEXT(2) 
PARAMETRIC_REPRESENTATION_CONTEXT() REPRESENTATION_CONTEXT('2D SPACE',''
  ) );
#14366 = PCURVE('',#14367,#14372);
#14367 = PLANE('',#14368);
#14368 = AXIS2_PLACEMENT_3D('',#14369,#14370,#14371);
#14369 = CARTESIAN_POINT('',(70.67499999993,79.187499999995,1.));
#14370 = DIRECTION('',(0.,0.,1.));
#14371 = DIRECTION('',(1.,0.,0.));
#14372 = DEFINITIONAL_REPRESENTATION('',(#14373),#14377);
#14373 = CIRCLE('',#14374,4.25);
#14374 = AXIS2_PLACEMENT_2D('',#14375,#14376);
#14375 = CARTESIAN_POINT('',(1.42108547152E-14,1.42108547152E-14));
#14376 = DIRECTION('',(1.,0.));
#14377 = ( GEOMETRIC_REPRESENTATION_CONTEXT(2) 
PARAMETRIC_REPRESENTATION_CONTEXT() REPRESENTATION_CONTEXT('2D SPACE',''
  ) );
#14378 = ORIENTED_EDGE('',*,*,#14329,.F.);
#14379 = ORIENTED_EDGE('',*,*,#11361,.F.);
#14380 = ADVANCED_FACE('',(#14381),#11409,.F.);
#14381 = FACE_BOUND('',#14382,.F.);
#14382 = EDGE_LOOP('',(#14383,#14406,#14428,#14429));
#14383 = ORIENTED_EDGE('',*,*,#14384,.T.);
#14384 = EDGE_CURVE('',#11393,#14385,#14387,.T.);
#14385 = VERTEX_POINT('',#14386);
#14386 = CARTESIAN_POINT('',(100.8,70.675,2.E-15));
#14387 = SEAM_CURVE('',#14388,(#14392,#14399),.PCURVE_S1.);
#14388 = LINE('',#14389,#14390);
#14389 = CARTESIAN_POINT('',(100.8,70.675,3.));
#14390 = VECTOR('',#14391,1.);
#14391 = DIRECTION('',(0.,0.,-1.));
#14392 = PCURVE('',#11409,#14393);
#14393 = DEFINITIONAL_REPRESENTATION('',(#14394),#14398);
#14394 = LINE('',#14395,#14396);
#14395 = CARTESIAN_POINT('',(0.,0.));
#14396 = VECTOR('',#14397,1.);
#14397 = DIRECTION('',(0.,-1.));
#14398 = ( GEOMETRIC_REPRESENTATION_CONTEXT(2) 
PARAMETRIC_REPRESENTATION_CONTEXT() REPRESENTATION_CONTEXT('2D SPACE',''
  ) );
#14399 = PCURVE('',#11409,#14400);
#14400 = DEFINITIONAL_REPRESENTATION('',(#14401),#14405);
#14401 = LINE('',#14402,#14403);
#14402 = CARTESIAN_POINT('',(6.28318530718,0.));
#14403 = VECTOR('',#14404,1.);
#14404 = DIRECTION('',(0.,-1.));
#14405 = ( GEOMETRIC_REPRESENTATION_CONTEXT(2) 
PARAMETRIC_REPRESENTATION_CONTEXT() REPRESENTATION_CONTEXT('2D SPACE',''
  ) );
#14406 = ORIENTED_EDGE('',*,*,#14407,.T.);
#14407 = EDGE_CURVE('',#14385,#14385,#14408,.T.);
#14408 = SURFACE_CURVE('',#14409,(#14414,#14421),.PCURVE_S1.);
#14409 = CIRCLE('',#14410,1.55);
#14410 = AXIS2_PLACEMENT_3D('',#14411,#14412,#14413);
#14411 = CARTESIAN_POINT('',(99.250000000007,70.675,2.22044604925E-15));
#14412 = DIRECTION('',(0.,0.,1.));
#14413 = DIRECTION('',(1.,0.,0.));
#14414 = PCURVE('',#11409,#14415);
#14415 = DEFINITIONAL_REPRESENTATION('',(#14416),#14420);
#14416 = LINE('',#14417,#14418);
#14417 = CARTESIAN_POINT('',(0.,-3.));
#14418 = VECTOR('',#14419,1.);
#14419 = DIRECTION('',(1.,0.));
#14420 = ( GEOMETRIC_REPRESENTATION_CONTEXT(2) 
PARAMETRIC_REPRESENTATION_CONTEXT() REPRESENTATION_CONTEXT('2D SPACE',''
  ) );
#14421 = PCURVE('',#11495,#14422);
#14422 = DEFINITIONAL_REPRESENTATION('',(#14423),#14427);
#14423 = CIRCLE('',#14424,1.55);
#14424 = AXIS2_PLACEMENT_2D('',#14425,#14426);
#14425 = CARTESIAN_POINT('',(39.346205195277,20.15041111574));
#14426 = DIRECTION('',(1.,0.));
#14427 = ( GEOMETRIC_REPRESENTATION_CONTEXT(2) 
PARAMETRIC_REPRESENTATION_CONTEXT() REPRESENTATION_CONTEXT('2D SPACE',''
  ) );
#14428 = ORIENTED_EDGE('',*,*,#14384,.F.);
#14429 = ORIENTED_EDGE('',*,*,#11392,.F.);
#14430 = ADVANCED_FACE('',(#14431),#11440,.F.);
#14431 = FACE_BOUND('',#14432,.F.);
#14432 = EDGE_LOOP('',(#14433,#14456,#14483,#14484));
#14433 = ORIENTED_EDGE('',*,*,#14434,.T.);
#14434 = EDGE_CURVE('',#11424,#14435,#14437,.T.);
#14435 = VERTEX_POINT('',#14436);
#14436 = CARTESIAN_POINT('',(113.02499999998,69.662499999995,1.));
#14437 = SEAM_CURVE('',#14438,(#14442,#14449),.PCURVE_S1.);
#14438 = LINE('',#14439,#14440);
#14439 = CARTESIAN_POINT('',(113.02499999998,69.662499999995,3.));
#14440 = VECTOR('',#14441,1.);
#14441 = DIRECTION('',(-0.,-0.,-1.));
#14442 = PCURVE('',#11440,#14443);
#14443 = DEFINITIONAL_REPRESENTATION('',(#14444),#14448);
#14444 = LINE('',#14445,#14446);
#14445 = CARTESIAN_POINT('',(0.,0.));
#14446 = VECTOR('',#14447,1.);
#14447 = DIRECTION('',(0.,-1.));
#14448 = ( GEOMETRIC_REPRESENTATION_CONTEXT(2) 
PARAMETRIC_REPRESENTATION_CONTEXT() REPRESENTATION_CONTEXT('2D SPACE',''
  ) );
#14449 = PCURVE('',#11440,#14450);
#14450 = DEFINITIONAL_REPRESENTATION('',(#14451),#14455);
#14451 = LINE('',#14452,#14453);
#14452 = CARTESIAN_POINT('',(6.28318530718,0.));
#14453 = VECTOR('',#14454,1.);
#14454 = DIRECTION('',(0.,-1.));
#14455 = ( GEOMETRIC_REPRESENTATION_CONTEXT(2) 
PARAMETRIC_REPRESENTATION_CONTEXT() REPRESENTATION_CONTEXT('2D SPACE',''
  ) );
#14456 = ORIENTED_EDGE('',*,*,#14457,.T.);
#14457 = EDGE_CURVE('',#14435,#14435,#14458,.T.);
#14458 = SURFACE_CURVE('',#14459,(#14464,#14471),.PCURVE_S1.);
#14459 = CIRCLE('',#14460,4.25);
#14460 = AXIS2_PLACEMENT_3D('',#14461,#14462,#14463);
#14461 = CARTESIAN_POINT('',(108.77499999998,69.662499999995,1.));
#14462 = DIRECTION('',(0.,0.,1.));
#14463 = DIRECTION('',(1.,0.,0.));
#14464 = PCURVE('',#11440,#14465);
#14465 = DEFINITIONAL_REPRESENTATION('',(#14466),#14470);
#14466 = LINE('',#14467,#14468);
#14467 = CARTESIAN_POINT('',(0.,-2.));
#14468 = VECTOR('',#14469,1.);
#14469 = DIRECTION('',(1.,0.));
#14470 = ( GEOMETRIC_REPRESENTATION_CONTEXT(2) 
PARAMETRIC_REPRESENTATION_CONTEXT() REPRESENTATION_CONTEXT('2D SPACE',''
  ) );
#14471 = PCURVE('',#14472,#14477);
#14472 = PLANE('',#14473);
#14473 = AXIS2_PLACEMENT_3D('',#14474,#14475,#14476);
#14474 = CARTESIAN_POINT('',(108.77499999998,69.662499999995,1.));
#14475 = DIRECTION('',(0.,0.,1.));
#14476 = DIRECTION('',(1.,0.,0.));
#14477 = DEFINITIONAL_REPRESENTATION('',(#14478),#14482);
#14478 = CIRCLE('',#14479,4.25);
#14479 = AXIS2_PLACEMENT_2D('',#14480,#14481);
#14480 = CARTESIAN_POINT('',(1.42108547152E-14,0.));
#14481 = DIRECTION('',(1.,0.));
#14482 = ( GEOMETRIC_REPRESENTATION_CONTEXT(2) 
PARAMETRIC_REPRESENTATION_CONTEXT() REPRESENTATION_CONTEXT('2D SPACE',''
  ) );
#14483 = ORIENTED_EDGE('',*,*,#14434,.F.);
#14484 = ORIENTED_EDGE('',*,*,#11423,.F.);
#14485 = ADVANCED_FACE('',(#14486,#14527,#14562,#14597,#14600,#14635,
    #14638,#14673,#14676,#14679,#14714),#11495,.F.);
#14486 = FACE_BOUND('',#14487,.F.);
#14487 = EDGE_LOOP('',(#14488,#14489,#14490,#14491,#14492,#14493,#14494,
    #14495,#14496,#14497,#14498,#14499,#14500,#14501,#14502,#14503,
    #14504,#14505,#14506,#14507,#14508,#14509,#14510,#14511,#14512,
    #14513,#14514,#14515,#14516,#14517,#14518,#14519,#14520,#14521,
    #14522,#14523,#14524,#14525,#14526));
#14488 = ORIENTED_EDGE('',*,*,#12527,.T.);
#14489 = ORIENTED_EDGE('',*,*,#12381,.T.);
#14490 = ORIENTED_EDGE('',*,*,#12203,.T.);
#14491 = ORIENTED_EDGE('',*,*,#12095,.T.);
#14492 = ORIENTED_EDGE('',*,*,#11949,.T.);
#14493 = ORIENTED_EDGE('',*,*,#11771,.T.);
#14494 = ORIENTED_EDGE('',*,*,#11663,.T.);
#14495 = ORIENTED_EDGE('',*,*,#11559,.T.);
#14496 = ORIENTED_EDGE('',*,*,#11479,.T.);
#14497 = ORIENTED_EDGE('',*,*,#11610,.T.);
#14498 = ORIENTED_EDGE('',*,*,#11690,.T.);
#14499 = ORIENTED_EDGE('',*,*,#11861,.T.);
#14500 = ORIENTED_EDGE('',*,*,#11996,.T.);
#14501 = ORIENTED_EDGE('',*,*,#12122,.T.);
#14502 = ORIENTED_EDGE('',*,*,#12293,.T.);
#14503 = ORIENTED_EDGE('',*,*,#12428,.T.);
#14504 = ORIENTED_EDGE('',*,*,#12554,.T.);
#14505 = ORIENTED_EDGE('',*,*,#12680,.T.);
#14506 = ORIENTED_EDGE('',*,*,#12756,.T.);
#14507 = ORIENTED_EDGE('',*,*,#12882,.T.);
#14508 = ORIENTED_EDGE('',*,*,#12958,.T.);
#14509 = ORIENTED_EDGE('',*,*,#13129,.T.);
#14510 = ORIENTED_EDGE('',*,*,#13264,.T.);
#14511 = ORIENTED_EDGE('',*,*,#13390,.T.);
#14512 = ORIENTED_EDGE('',*,*,#13561,.T.);
#14513 = ORIENTED_EDGE('',*,*,#13696,.T.);
#14514 = ORIENTED_EDGE('',*,*,#13822,.T.);
#14515 = ORIENTED_EDGE('',*,*,#13968,.T.);
#14516 = ORIENTED_EDGE('',*,*,#13938,.T.);
#14517 = ORIENTED_EDGE('',*,*,#13795,.T.);
#14518 = ORIENTED_EDGE('',*,*,#13649,.T.);
#14519 = ORIENTED_EDGE('',*,*,#13471,.T.);
#14520 = ORIENTED_EDGE('',*,*,#13363,.T.);
#14521 = ORIENTED_EDGE('',*,*,#13217,.T.);
#14522 = ORIENTED_EDGE('',*,*,#13039,.T.);
#14523 = ORIENTED_EDGE('',*,*,#12931,.T.);
#14524 = ORIENTED_EDGE('',*,*,#12831,.T.);
#14525 = ORIENTED_EDGE('',*,*,#12729,.T.);
#14526 = ORIENTED_EDGE('',*,*,#12629,.T.);
#14527 = FACE_BOUND('',#14528,.F.);
#14528 = EDGE_LOOP('',(#14529));
#14529 = ORIENTED_EDGE('',*,*,#14530,.T.);
#14530 = EDGE_CURVE('',#14531,#14531,#14533,.T.);
#14531 = VERTEX_POINT('',#14532);
#14532 = CARTESIAN_POINT('',(10.,7.,0.));
#14533 = SURFACE_CURVE('',#14534,(#14539,#14550),.PCURVE_S1.);
#14534 = CIRCLE('',#14535,3.);
#14535 = AXIS2_PLACEMENT_3D('',#14536,#14537,#14538);
#14536 = CARTESIAN_POINT('',(7.,7.,0.));
#14537 = DIRECTION('',(0.,0.,-1.));
#14538 = DIRECTION('',(1.,0.,0.));
#14539 = PCURVE('',#11495,#14540);
#14540 = DEFINITIONAL_REPRESENTATION('',(#14541),#14549);
#14541 = ( BOUNDED_CURVE() B_SPLINE_CURVE(2,(#14542,#14543,#14544,#14545
    ,#14546,#14547,#14548),.UNSPECIFIED.,.T.,.F.) 
B_SPLINE_CURVE_WITH_KNOTS((1,2,2,2,2,1),(-2.094395102393,0.,
    2.094395102393,4.188790204786,6.28318530718,8.377580409573),
.UNSPECIFIED.) CURVE() GEOMETRIC_REPRESENTATION_ITEM() 
RATIONAL_B_SPLINE_CURVE((1.,0.5,1.,0.5,1.,0.5,1.)) REPRESENTATION_ITEM(
  '') );
#14542 = CARTESIAN_POINT('',(-49.90379480473,-43.52458888426));
#14543 = CARTESIAN_POINT('',(-49.90379480473,-48.72074130696));
#14544 = CARTESIAN_POINT('',(-54.40379480473,-46.12266509561));
#14545 = CARTESIAN_POINT('',(-58.90379480473,-43.52458888426));
#14546 = CARTESIAN_POINT('',(-54.40379480473,-40.9265126729));
#14547 = CARTESIAN_POINT('',(-49.90379480473,-38.32843646155));
#14548 = CARTESIAN_POINT('',(-49.90379480473,-43.52458888426));
#14549 = ( GEOMETRIC_REPRESENTATION_CONTEXT(2) 
PARAMETRIC_REPRESENTATION_CONTEXT() REPRESENTATION_CONTEXT('2D SPACE',''
  ) );
#14550 = PCURVE('',#14551,#14556);
#14551 = CYLINDRICAL_SURFACE('',#14552,3.);
#14552 = AXIS2_PLACEMENT_3D('',#14553,#14554,#14555);
#14553 = CARTESIAN_POINT('',(7.,7.,0.));
#14554 = DIRECTION('',(0.,0.,-1.));
#14555 = DIRECTION('',(1.,0.,0.));
#14556 = DEFINITIONAL_REPRESENTATION('',(#14557),#14561);
#14557 = LINE('',#14558,#14559);
#14558 = CARTESIAN_POINT('',(0.,0.));
#14559 = VECTOR('',#14560,1.);
#14560 = DIRECTION('',(1.,0.));
#14561 = ( GEOMETRIC_REPRESENTATION_CONTEXT(2) 
PARAMETRIC_REPRESENTATION_CONTEXT() REPRESENTATION_CONTEXT('2D SPACE',''
  ) );
#14562 = FACE_BOUND('',#14563,.F.);
#14563 = EDGE_LOOP('',(#14564));
#14564 = ORIENTED_EDGE('',*,*,#14565,.T.);
#14565 = EDGE_CURVE('',#14566,#14566,#14568,.T.);
#14566 = VERTEX_POINT('',#14567);
#14567 = CARTESIAN_POINT('',(63.53125,16.525,0.));
#14568 = SURFACE_CURVE('',#14569,(#14574,#14585),.PCURVE_S1.);
#14569 = CIRCLE('',#14570,3.);
#14570 = AXIS2_PLACEMENT_3D('',#14571,#14572,#14573);
#14571 = CARTESIAN_POINT('',(60.53125,16.525,0.));
#14572 = DIRECTION('',(0.,0.,-1.));
#14573 = DIRECTION('',(1.,0.,0.));
#14574 = PCURVE('',#11495,#14575);
#14575 = DEFINITIONAL_REPRESENTATION('',(#14576),#14584);
#14576 = ( BOUNDED_CURVE() B_SPLINE_CURVE(2,(#14577,#14578,#14579,#14580
    ,#14581,#14582,#14583),.UNSPECIFIED.,.T.,.F.) 
B_SPLINE_CURVE_WITH_KNOTS((1,2,2,2,2,1),(-2.094395102393,0.,
    2.094395102393,4.188790204786,6.28318530718,8.377580409573),
.UNSPECIFIED.) CURVE() GEOMETRIC_REPRESENTATION_ITEM() 
RATIONAL_B_SPLINE_CURVE((1.,0.5,1.,0.5,1.,0.5,1.)) REPRESENTATION_ITEM(
  '') );
#14577 = CARTESIAN_POINT('',(3.62745519527,-33.99958888426));
#14578 = CARTESIAN_POINT('',(3.62745519527,-39.19574130696));
#14579 = CARTESIAN_POINT('',(-0.87254480473,-36.59766509561));
#14580 = CARTESIAN_POINT('',(-5.37254480473,-33.99958888426));
#14581 = CARTESIAN_POINT('',(-0.87254480473,-31.4015126729));
#14582 = CARTESIAN_POINT('',(3.62745519527,-28.80343646155));
#14583 = CARTESIAN_POINT('',(3.62745519527,-33.99958888426));
#14584 = ( GEOMETRIC_REPRESENTATION_CONTEXT(2) 
PARAMETRIC_REPRESENTATION_CONTEXT() REPRESENTATION_CONTEXT('2D SPACE',''
  ) );
#14585 = PCURVE('',#14586,#14591);
#14586 = CYLINDRICAL_SURFACE('',#14587,3.);
#14587 = AXIS2_PLACEMENT_3D('',#14588,#14589,#14590);
#14588 = CARTESIAN_POINT('',(60.53125,16.525,0.));
#14589 = DIRECTION('',(0.,0.,-1.));
#14590 = DIRECTION('',(1.,0.,0.));
#14591 = DEFINITIONAL_REPRESENTATION('',(#14592),#14596);
#14592 = LINE('',#14593,#14594);
#14593 = CARTESIAN_POINT('',(0.,0.));
#14594 = VECTOR('',#14595,1.);
#14595 = DIRECTION('',(1.,0.));
#14596 = ( GEOMETRIC_REPRESENTATION_CONTEXT(2) 
PARAMETRIC_REPRESENTATION_CONTEXT() REPRESENTATION_CONTEXT('2D SPACE',''
  ) );
#14597 = FACE_BOUND('',#14598,.F.);
#14598 = EDGE_LOOP('',(#14599));
#14599 = ORIENTED_EDGE('',*,*,#14092,.F.);
#14600 = FACE_BOUND('',#14601,.F.);
#14601 = EDGE_LOOP('',(#14602));
#14602 = ORIENTED_EDGE('',*,*,#14603,.T.);
#14603 = EDGE_CURVE('',#14604,#14604,#14606,.T.);
#14604 = VERTEX_POINT('',#14605);
#14605 = CARTESIAN_POINT('',(120.68125,30.8125,0.));
#14606 = SURFACE_CURVE('',#14607,(#14612,#14623),.PCURVE_S1.);
#14607 = CIRCLE('',#14608,3.);
#14608 = AXIS2_PLACEMENT_3D('',#14609,#14610,#14611);
#14609 = CARTESIAN_POINT('',(117.68125,30.8125,0.));
#14610 = DIRECTION('',(0.,0.,-1.));
#14611 = DIRECTION('',(1.,0.,0.));
#14612 = PCURVE('',#11495,#14613);
#14613 = DEFINITIONAL_REPRESENTATION('',(#14614),#14622);
#14614 = ( BOUNDED_CURVE() B_SPLINE_CURVE(2,(#14615,#14616,#14617,#14618
    ,#14619,#14620,#14621),.UNSPECIFIED.,.T.,.F.) 
B_SPLINE_CURVE_WITH_KNOTS((1,2,2,2,2,1),(-2.094395102393,0.,
    2.094395102393,4.188790204786,6.28318530718,8.377580409573),
.UNSPECIFIED.) CURVE() GEOMETRIC_REPRESENTATION_ITEM() 
RATIONAL_B_SPLINE_CURVE((1.,0.5,1.,0.5,1.,0.5,1.)) REPRESENTATION_ITEM(
  '') );
#14615 = CARTESIAN_POINT('',(60.77745519527,-19.71208888426));
#14616 = CARTESIAN_POINT('',(60.77745519527,-24.90824130696));
#14617 = CARTESIAN_POINT('',(56.27745519527,-22.31016509561));
#14618 = CARTESIAN_POINT('',(51.77745519527,-19.71208888426));
#14619 = CARTESIAN_POINT('',(56.27745519527,-17.1140126729));
#14620 = CARTESIAN_POINT('',(60.77745519527,-14.51593646155));
#14621 = CARTESIAN_POINT('',(60.77745519527,-19.71208888426));
#14622 = ( GEOMETRIC_REPRESENTATION_CONTEXT(2) 
PARAMETRIC_REPRESENTATION_CONTEXT() REPRESENTATION_CONTEXT('2D SPACE',''
  ) );
#14623 = PCURVE('',#14624,#14629);
#14624 = CYLINDRICAL_SURFACE('',#14625,3.);
#14625 = AXIS2_PLACEMENT_3D('',#14626,#14627,#14628);
#14626 = CARTESIAN_POINT('',(117.68125,30.8125,0.));
#14627 = DIRECTION('',(0.,0.,-1.));
#14628 = DIRECTION('',(1.,0.,0.));
#14629 = DEFINITIONAL_REPRESENTATION('',(#14630),#14634);
#14630 = LINE('',#14631,#14632);
#14631 = CARTESIAN_POINT('',(0.,0.));
#14632 = VECTOR('',#14633,1.);
#14633 = DIRECTION('',(1.,0.));
#14634 = ( GEOMETRIC_REPRESENTATION_CONTEXT(2) 
PARAMETRIC_REPRESENTATION_CONTEXT() REPRESENTATION_CONTEXT('2D SPACE',''
  ) );
#14635 = FACE_BOUND('',#14636,.F.);
#14636 = EDGE_LOOP('',(#14637));
#14637 = ORIENTED_EDGE('',*,*,#14252,.F.);
#14638 = FACE_BOUND('',#14639,.F.);
#14639 = EDGE_LOOP('',(#14640));
#14640 = ORIENTED_EDGE('',*,*,#14641,.T.);
#14641 = EDGE_CURVE('',#14642,#14642,#14644,.T.);
#14642 = VERTEX_POINT('',#14643);
#14643 = CARTESIAN_POINT('',(10.,77.2,0.));
#14644 = SURFACE_CURVE('',#14645,(#14650,#14661),.PCURVE_S1.);
#14645 = CIRCLE('',#14646,3.);
#14646 = AXIS2_PLACEMENT_3D('',#14647,#14648,#14649);
#14647 = CARTESIAN_POINT('',(7.,77.2,0.));
#14648 = DIRECTION('',(0.,0.,-1.));
#14649 = DIRECTION('',(1.,0.,0.));
#14650 = PCURVE('',#11495,#14651);
#14651 = DEFINITIONAL_REPRESENTATION('',(#14652),#14660);
#14652 = ( BOUNDED_CURVE() B_SPLINE_CURVE(2,(#14653,#14654,#14655,#14656
    ,#14657,#14658,#14659),.UNSPECIFIED.,.T.,.F.) 
B_SPLINE_CURVE_WITH_KNOTS((1,2,2,2,2,1),(-2.094395102393,0.,
    2.094395102393,4.188790204786,6.28318530718,8.377580409573),
.UNSPECIFIED.) CURVE() GEOMETRIC_REPRESENTATION_ITEM() 
RATIONAL_B_SPLINE_CURVE((1.,0.5,1.,0.5,1.,0.5,1.)) REPRESENTATION_ITEM(
  '') );
#14653 = CARTESIAN_POINT('',(-49.90379480473,26.67541111574));
#14654 = CARTESIAN_POINT('',(-49.90379480473,21.479258693033));
#14655 = CARTESIAN_POINT('',(-54.40379480473,24.077334904386));
#14656 = CARTESIAN_POINT('',(-58.90379480473,26.67541111574));
#14657 = CARTESIAN_POINT('',(-54.40379480473,29.273487327093));
#14658 = CARTESIAN_POINT('',(-49.90379480473,31.871563538446));
#14659 = CARTESIAN_POINT('',(-49.90379480473,26.67541111574));
#14660 = ( GEOMETRIC_REPRESENTATION_CONTEXT(2) 
PARAMETRIC_REPRESENTATION_CONTEXT() REPRESENTATION_CONTEXT('2D SPACE',''
  ) );
#14661 = PCURVE('',#14662,#14667);
#14662 = CYLINDRICAL_SURFACE('',#14663,3.);
#14663 = AXIS2_PLACEMENT_3D('',#14664,#14665,#14666);
#14664 = CARTESIAN_POINT('',(7.,77.2,0.));
#14665 = DIRECTION('',(0.,0.,-1.));
#14666 = DIRECTION('',(1.,0.,0.));
#14667 = DEFINITIONAL_REPRESENTATION('',(#14668),#14672);
#14668 = LINE('',#14669,#14670);
#14669 = CARTESIAN_POINT('',(0.,0.));
#14670 = VECTOR('',#14671,1.);
#14671 = DIRECTION('',(1.,0.));
#14672 = ( GEOMETRIC_REPRESENTATION_CONTEXT(2) 
PARAMETRIC_REPRESENTATION_CONTEXT() REPRESENTATION_CONTEXT('2D SPACE',''
  ) );
#14673 = FACE_BOUND('',#14674,.F.);
#14674 = EDGE_LOOP('',(#14675));
#14675 = ORIENTED_EDGE('',*,*,#14302,.F.);
#14676 = FACE_BOUND('',#14677,.F.);
#14677 = EDGE_LOOP('',(#14678));
#14678 = ORIENTED_EDGE('',*,*,#14407,.F.);
#14679 = FACE_BOUND('',#14680,.F.);
#14680 = EDGE_LOOP('',(#14681));
#14681 = ORIENTED_EDGE('',*,*,#14682,.T.);
#14682 = EDGE_CURVE('',#14683,#14683,#14685,.T.);
#14683 = VERTEX_POINT('',#14684);
#14684 = CARTESIAN_POINT('',(73.675,91.4875,0.));
#14685 = SURFACE_CURVE('',#14686,(#14691,#14702),.PCURVE_S1.);
#14686 = CIRCLE('',#14687,3.);
#14687 = AXIS2_PLACEMENT_3D('',#14688,#14689,#14690);
#14688 = CARTESIAN_POINT('',(70.675,91.4875,0.));
#14689 = DIRECTION('',(0.,0.,-1.));
#14690 = DIRECTION('',(1.,0.,0.));
#14691 = PCURVE('',#11495,#14692);
#14692 = DEFINITIONAL_REPRESENTATION('',(#14693),#14701);
#14693 = ( BOUNDED_CURVE() B_SPLINE_CURVE(2,(#14694,#14695,#14696,#14697
    ,#14698,#14699,#14700),.UNSPECIFIED.,.T.,.F.) 
B_SPLINE_CURVE_WITH_KNOTS((1,2,2,2,2,1),(-2.094395102393,0.,
    2.094395102393,4.188790204786,6.28318530718,8.377580409573),
.UNSPECIFIED.) CURVE() GEOMETRIC_REPRESENTATION_ITEM() 
RATIONAL_B_SPLINE_CURVE((1.,0.5,1.,0.5,1.,0.5,1.)) REPRESENTATION_ITEM(
  '') );
#14694 = CARTESIAN_POINT('',(13.77120519527,40.96291111574));
#14695 = CARTESIAN_POINT('',(13.77120519527,35.766758693033));
#14696 = CARTESIAN_POINT('',(9.27120519527,38.364834904387));
#14697 = CARTESIAN_POINT('',(4.77120519527,40.96291111574));
#14698 = CARTESIAN_POINT('',(9.27120519527,43.560987327093));
#14699 = CARTESIAN_POINT('',(13.77120519527,46.159063538447));
#14700 = CARTESIAN_POINT('',(13.77120519527,40.96291111574));
#14701 = ( GEOMETRIC_REPRESENTATION_CONTEXT(2) 
PARAMETRIC_REPRESENTATION_CONTEXT() REPRESENTATION_CONTEXT('2D SPACE',''
  ) );
#14702 = PCURVE('',#14703,#14708);
#14703 = CYLINDRICAL_SURFACE('',#14704,3.);
#14704 = AXIS2_PLACEMENT_3D('',#14705,#14706,#14707);
#14705 = CARTESIAN_POINT('',(70.675,91.4875,0.));
#14706 = DIRECTION('',(0.,0.,-1.));
#14707 = DIRECTION('',(1.,0.,0.));
#14708 = DEFINITIONAL_REPRESENTATION('',(#14709),#14713);
#14709 = LINE('',#14710,#14711);
#14710 = CARTESIAN_POINT('',(0.,0.));
#14711 = VECTOR('',#14712,1.);
#14712 = DIRECTION('',(1.,0.));
#14713 = ( GEOMETRIC_REPRESENTATION_CONTEXT(2) 
PARAMETRIC_REPRESENTATION_CONTEXT() REPRESENTATION_CONTEXT('2D SPACE',''
  ) );
#14714 = FACE_BOUND('',#14715,.F.);
#14715 = EDGE_LOOP('',(#14716));
#14716 = ORIENTED_EDGE('',*,*,#14717,.T.);
#14717 = EDGE_CURVE('',#14718,#14718,#14720,.T.);
#14718 = VERTEX_POINT('',#14719);
#14719 = CARTESIAN_POINT('',(120.68125,81.9625,0.));
#14720 = SURFACE_CURVE('',#14721,(#14726,#14737),.PCURVE_S1.);
#14721 = CIRCLE('',#14722,3.);
#14722 = AXIS2_PLACEMENT_3D('',#14723,#14724,#14725);
#14723 = CARTESIAN_POINT('',(117.68125,81.9625,0.));
#14724 = DIRECTION('',(0.,0.,-1.));
#14725 = DIRECTION('',(1.,0.,0.));
#14726 = PCURVE('',#11495,#14727);
#14727 = DEFINITIONAL_REPRESENTATION('',(#14728),#14736);
#14728 = ( BOUNDED_CURVE() B_SPLINE_CURVE(2,(#14729,#14730,#14731,#14732
    ,#14733,#14734,#14735),.UNSPECIFIED.,.T.,.F.) 
B_SPLINE_CURVE_WITH_KNOTS((1,2,2,2,2,1),(-2.094395102393,0.,
    2.094395102393,4.188790204786,6.28318530718,8.377580409573),
.UNSPECIFIED.) CURVE() GEOMETRIC_REPRESENTATION_ITEM() 
RATIONAL_B_SPLINE_CURVE((1.,0.5,1.,0.5,1.,0.5,1.)) REPRESENTATION_ITEM(
  '') );
#14729 = CARTESIAN_POINT('',(60.77745519527,31.43791111574));
#14730 = CARTESIAN_POINT('',(60.77745519527,26.241758693033));
#14731 = CARTESIAN_POINT('',(56.27745519527,28.839834904387));
#14732 = CARTESIAN_POINT('',(51.77745519527,31.43791111574));
#14733 = CARTESIAN_POINT('',(56.27745519527,34.035987327093));
#14734 = CARTESIAN_POINT('',(60.77745519527,36.634063538447));
#14735 = CARTESIAN_POINT('',(60.77745519527,31.43791111574));
#14736 = ( GEOMETRIC_REPRESENTATION_CONTEXT(2) 
PARAMETRIC_REPRESENTATION_CONTEXT() REPRESENTATION_CONTEXT('2D SPACE',''
  ) );
#14737 = PCURVE('',#14738,#14743);
#14738 = CYLINDRICAL_SURFACE('',#14739,3.);
#14739 = AXIS2_PLACEMENT_3D('',#14740,#14741,#14742);
#14740 = CARTESIAN_POINT('',(117.68125,81.9625,0.));
#14741 = DIRECTION('',(0.,0.,-1.));
#14742 = DIRECTION('',(1.,0.,0.));
#14743 = DEFINITIONAL_REPRESENTATION('',(#14744),#14748);
#14744 = LINE('',#14745,#14746);
#14745 = CARTESIAN_POINT('',(0.,0.));
#14746 = VECTOR('',#14747,1.);
#14747 = DIRECTION('',(1.,0.));
#14748 = ( GEOMETRIC_REPRESENTATION_CONTEXT(2) 
PARAMETRIC_REPRESENTATION_CONTEXT() REPRESENTATION_CONTEXT('2D SPACE',''
  ) );
#14749 = ADVANCED_FACE('',(#14750),#14052,.T.);
#14750 = FACE_BOUND('',#14751,.T.);
#14751 = EDGE_LOOP('',(#14752));
#14752 = ORIENTED_EDGE('',*,*,#14037,.T.);
#14753 = ADVANCED_FACE('',(#14754),#14157,.T.);
#14754 = FACE_BOUND('',#14755,.T.);
#14755 = EDGE_LOOP('',(#14756));
#14756 = ORIENTED_EDGE('',*,*,#14142,.T.);
#14757 = ADVANCED_FACE('',(#14758),#14212,.T.);
#14758 = FACE_BOUND('',#14759,.T.);
#14759 = EDGE_LOOP('',(#14760));
#14760 = ORIENTED_EDGE('',*,*,#14197,.T.);
#14761 = ADVANCED_FACE('',(#14762),#14367,.T.);
#14762 = FACE_BOUND('',#14763,.T.);
#14763 = EDGE_LOOP('',(#14764));
#14764 = ORIENTED_EDGE('',*,*,#14352,.T.);
#14765 = ADVANCED_FACE('',(#14766),#14472,.T.);
#14766 = FACE_BOUND('',#14767,.T.);
#14767 = EDGE_LOOP('',(#14768));
#14768 = ORIENTED_EDGE('',*,*,#14457,.T.);
#14769 = ADVANCED_FACE('',(#14770),#14551,.F.);
#14770 = FACE_BOUND('',#14771,.F.);
#14771 = EDGE_LOOP('',(#14772,#14795,#14822,#14823));
#14772 = ORIENTED_EDGE('',*,*,#14773,.T.);
#14773 = EDGE_CURVE('',#14531,#14774,#14776,.T.);
#14774 = VERTEX_POINT('',#14775);
#14775 = CARTESIAN_POINT('',(10.,7.,1.5));
#14776 = SEAM_CURVE('',#14777,(#14781,#14788),.PCURVE_S1.);
#14777 = LINE('',#14778,#14779);
#14778 = CARTESIAN_POINT('',(10.,7.,0.));
#14779 = VECTOR('',#14780,1.);
#14780 = DIRECTION('',(0.,0.,1.));
#14781 = PCURVE('',#14551,#14782);
#14782 = DEFINITIONAL_REPRESENTATION('',(#14783),#14787);
#14783 = LINE('',#14784,#14785);
#14784 = CARTESIAN_POINT('',(0.,0.));
#14785 = VECTOR('',#14786,1.);
#14786 = DIRECTION('',(0.,-1.));
#14787 = ( GEOMETRIC_REPRESENTATION_CONTEXT(2) 
PARAMETRIC_REPRESENTATION_CONTEXT() REPRESENTATION_CONTEXT('2D SPACE',''
  ) );
#14788 = PCURVE('',#14551,#14789);
#14789 = DEFINITIONAL_REPRESENTATION('',(#14790),#14794);
#14790 = LINE('',#14791,#14792);
#14791 = CARTESIAN_POINT('',(6.28318530718,0.));
#14792 = VECTOR('',#14793,1.);
#14793 = DIRECTION('',(0.,-1.));
#14794 = ( GEOMETRIC_REPRESENTATION_CONTEXT(2) 
PARAMETRIC_REPRESENTATION_CONTEXT() REPRESENTATION_CONTEXT('2D SPACE',''
  ) );
#14795 = ORIENTED_EDGE('',*,*,#14796,.T.);
#14796 = EDGE_CURVE('',#14774,#14774,#14797,.T.);
#14797 = SURFACE_CURVE('',#14798,(#14803,#14810),.PCURVE_S1.);
#14798 = CIRCLE('',#14799,3.);
#14799 = AXIS2_PLACEMENT_3D('',#14800,#14801,#14802);
#14800 = CARTESIAN_POINT('',(7.,7.,1.5));
#14801 = DIRECTION('',(0.,0.,-1.));
#14802 = DIRECTION('',(1.,0.,0.));
#14803 = PCURVE('',#14551,#14804);
#14804 = DEFINITIONAL_REPRESENTATION('',(#14805),#14809);
#14805 = LINE('',#14806,#14807);
#14806 = CARTESIAN_POINT('',(0.,-1.5));
#14807 = VECTOR('',#14808,1.);
#14808 = DIRECTION('',(1.,0.));
#14809 = ( GEOMETRIC_REPRESENTATION_CONTEXT(2) 
PARAMETRIC_REPRESENTATION_CONTEXT() REPRESENTATION_CONTEXT('2D SPACE',''
  ) );
#14810 = PCURVE('',#14811,#14816);
#14811 = PLANE('',#14812);
#14812 = AXIS2_PLACEMENT_3D('',#14813,#14814,#14815);
#14813 = CARTESIAN_POINT('',(7.,7.,1.5));
#14814 = DIRECTION('',(-0.,-0.,-1.));
#14815 = DIRECTION('',(-1.,0.,0.));
#14816 = DEFINITIONAL_REPRESENTATION('',(#14817),#14821);
#14817 = CIRCLE('',#14818,3.);
#14818 = AXIS2_PLACEMENT_2D('',#14819,#14820);
#14819 = CARTESIAN_POINT('',(-8.881784197001E-16,0.));
#14820 = DIRECTION('',(-1.,0.));
#14821 = ( GEOMETRIC_REPRESENTATION_CONTEXT(2) 
PARAMETRIC_REPRESENTATION_CONTEXT() REPRESENTATION_CONTEXT('2D SPACE',''
  ) );
#14822 = ORIENTED_EDGE('',*,*,#14773,.F.);
#14823 = ORIENTED_EDGE('',*,*,#14530,.F.);
#14824 = ADVANCED_FACE('',(#14825),#14586,.F.);
#14825 = FACE_BOUND('',#14826,.F.);
#14826 = EDGE_LOOP('',(#14827,#14850,#14877,#14878));
#14827 = ORIENTED_EDGE('',*,*,#14828,.T.);
#14828 = EDGE_CURVE('',#14566,#14829,#14831,.T.);
#14829 = VERTEX_POINT('',#14830);
#14830 = CARTESIAN_POINT('',(63.53125,16.525,1.5));
#14831 = SEAM_CURVE('',#14832,(#14836,#14843),.PCURVE_S1.);
#14832 = LINE('',#14833,#14834);
#14833 = CARTESIAN_POINT('',(63.53125,16.525,0.));
#14834 = VECTOR('',#14835,1.);
#14835 = DIRECTION('',(0.,0.,1.));
#14836 = PCURVE('',#14586,#14837);
#14837 = DEFINITIONAL_REPRESENTATION('',(#14838),#14842);
#14838 = LINE('',#14839,#14840);
#14839 = CARTESIAN_POINT('',(0.,0.));
#14840 = VECTOR('',#14841,1.);
#14841 = DIRECTION('',(0.,-1.));
#14842 = ( GEOMETRIC_REPRESENTATION_CONTEXT(2) 
PARAMETRIC_REPRESENTATION_CONTEXT() REPRESENTATION_CONTEXT('2D SPACE',''
  ) );
#14843 = PCURVE('',#14586,#14844);
#14844 = DEFINITIONAL_REPRESENTATION('',(#14845),#14849);
#14845 = LINE('',#14846,#14847);
#14846 = CARTESIAN_POINT('',(6.28318530718,0.));
#14847 = VECTOR('',#14848,1.);
#14848 = DIRECTION('',(0.,-1.));
#14849 = ( GEOMETRIC_REPRESENTATION_CONTEXT(2) 
PARAMETRIC_REPRESENTATION_CONTEXT() REPRESENTATION_CONTEXT('2D SPACE',''
  ) );
#14850 = ORIENTED_EDGE('',*,*,#14851,.T.);
#14851 = EDGE_CURVE('',#14829,#14829,#14852,.T.);
#14852 = SURFACE_CURVE('',#14853,(#14858,#14865),.PCURVE_S1.);
#14853 = CIRCLE('',#14854,3.);
#14854 = AXIS2_PLACEMENT_3D('',#14855,#14856,#14857);
#14855 = CARTESIAN_POINT('',(60.53125,16.525,1.5));
#14856 = DIRECTION('',(0.,0.,-1.));
#14857 = DIRECTION('',(1.,0.,0.));
#14858 = PCURVE('',#14586,#14859);
#14859 = DEFINITIONAL_REPRESENTATION('',(#14860),#14864);
#14860 = LINE('',#14861,#14862);
#14861 = CARTESIAN_POINT('',(0.,-1.5));
#14862 = VECTOR('',#14863,1.);
#14863 = DIRECTION('',(1.,0.));
#14864 = ( GEOMETRIC_REPRESENTATION_CONTEXT(2) 
PARAMETRIC_REPRESENTATION_CONTEXT() REPRESENTATION_CONTEXT('2D SPACE',''
  ) );
#14865 = PCURVE('',#14866,#14871);
#14866 = PLANE('',#14867);
#14867 = AXIS2_PLACEMENT_3D('',#14868,#14869,#14870);
#14868 = CARTESIAN_POINT('',(60.53125,16.525,1.5));
#14869 = DIRECTION('',(-0.,-0.,-1.));
#14870 = DIRECTION('',(-1.,0.,0.));
#14871 = DEFINITIONAL_REPRESENTATION('',(#14872),#14876);
#14872 = CIRCLE('',#14873,3.);
#14873 = AXIS2_PLACEMENT_2D('',#14874,#14875);
#14874 = CARTESIAN_POINT('',(0.,0.));
#14875 = DIRECTION('',(-1.,0.));
#14876 = ( GEOMETRIC_REPRESENTATION_CONTEXT(2) 
PARAMETRIC_REPRESENTATION_CONTEXT() REPRESENTATION_CONTEXT('2D SPACE',''
  ) );
#14877 = ORIENTED_EDGE('',*,*,#14828,.F.);
#14878 = ORIENTED_EDGE('',*,*,#14565,.F.);
#14879 = ADVANCED_FACE('',(#14880),#14624,.F.);
#14880 = FACE_BOUND('',#14881,.F.);
#14881 = EDGE_LOOP('',(#14882,#14905,#14932,#14933));
#14882 = ORIENTED_EDGE('',*,*,#14883,.T.);
#14883 = EDGE_CURVE('',#14604,#14884,#14886,.T.);
#14884 = VERTEX_POINT('',#14885);
#14885 = CARTESIAN_POINT('',(120.68125,30.8125,1.5));
#14886 = SEAM_CURVE('',#14887,(#14891,#14898),.PCURVE_S1.);
#14887 = LINE('',#14888,#14889);
#14888 = CARTESIAN_POINT('',(120.68125,30.8125,0.));
#14889 = VECTOR('',#14890,1.);
#14890 = DIRECTION('',(0.,0.,1.));
#14891 = PCURVE('',#14624,#14892);
#14892 = DEFINITIONAL_REPRESENTATION('',(#14893),#14897);
#14893 = LINE('',#14894,#14895);
#14894 = CARTESIAN_POINT('',(0.,0.));
#14895 = VECTOR('',#14896,1.);
#14896 = DIRECTION('',(0.,-1.));
#14897 = ( GEOMETRIC_REPRESENTATION_CONTEXT(2) 
PARAMETRIC_REPRESENTATION_CONTEXT() REPRESENTATION_CONTEXT('2D SPACE',''
  ) );
#14898 = PCURVE('',#14624,#14899);
#14899 = DEFINITIONAL_REPRESENTATION('',(#14900),#14904);
#14900 = LINE('',#14901,#14902);
#14901 = CARTESIAN_POINT('',(6.28318530718,0.));
#14902 = VECTOR('',#14903,1.);
#14903 = DIRECTION('',(0.,-1.));
#14904 = ( GEOMETRIC_REPRESENTATION_CONTEXT(2) 
PARAMETRIC_REPRESENTATION_CONTEXT() REPRESENTATION_CONTEXT('2D SPACE',''
  ) );
#14905 = ORIENTED_EDGE('',*,*,#14906,.T.);
#14906 = EDGE_CURVE('',#14884,#14884,#14907,.T.);
#14907 = SURFACE_CURVE('',#14908,(#14913,#14920),.PCURVE_S1.);
#14908 = CIRCLE('',#14909,3.);
#14909 = AXIS2_PLACEMENT_3D('',#14910,#14911,#14912);
#14910 = CARTESIAN_POINT('',(117.68125,30.8125,1.5));
#14911 = DIRECTION('',(0.,0.,-1.));
#14912 = DIRECTION('',(1.,0.,0.));
#14913 = PCURVE('',#14624,#14914);
#14914 = DEFINITIONAL_REPRESENTATION('',(#14915),#14919);
#14915 = LINE('',#14916,#14917);
#14916 = CARTESIAN_POINT('',(0.,-1.5));
#14917 = VECTOR('',#14918,1.);
#14918 = DIRECTION('',(1.,0.));
#14919 = ( GEOMETRIC_REPRESENTATION_CONTEXT(2) 
PARAMETRIC_REPRESENTATION_CONTEXT() REPRESENTATION_CONTEXT('2D SPACE',''
  ) );
#14920 = PCURVE('',#14921,#14926);
#14921 = PLANE('',#14922);
#14922 = AXIS2_PLACEMENT_3D('',#14923,#14924,#14925);
#14923 = CARTESIAN_POINT('',(117.68125,30.8125,1.5));
#14924 = DIRECTION('',(-0.,-0.,-1.));
#14925 = DIRECTION('',(-1.,0.,0.));
#14926 = DEFINITIONAL_REPRESENTATION('',(#14927),#14931);
#14927 = CIRCLE('',#14928,3.);
#14928 = AXIS2_PLACEMENT_2D('',#14929,#14930);
#14929 = CARTESIAN_POINT('',(0.,-3.552713678801E-15));
#14930 = DIRECTION('',(-1.,0.));
#14931 = ( GEOMETRIC_REPRESENTATION_CONTEXT(2) 
PARAMETRIC_REPRESENTATION_CONTEXT() REPRESENTATION_CONTEXT('2D SPACE',''
  ) );
#14932 = ORIENTED_EDGE('',*,*,#14883,.F.);
#14933 = ORIENTED_EDGE('',*,*,#14603,.F.);
#14934 = ADVANCED_FACE('',(#14935),#14662,.F.);
#14935 = FACE_BOUND('',#14936,.F.);
#14936 = EDGE_LOOP('',(#14937,#14960,#14987,#14988));
#14937 = ORIENTED_EDGE('',*,*,#14938,.T.);
#14938 = EDGE_CURVE('',#14642,#14939,#14941,.T.);
#14939 = VERTEX_POINT('',#14940);
#14940 = CARTESIAN_POINT('',(10.,77.2,1.5));
#14941 = SEAM_CURVE('',#14942,(#14946,#14953),.PCURVE_S1.);
#14942 = LINE('',#14943,#14944);
#14943 = CARTESIAN_POINT('',(10.,77.2,0.));
#14944 = VECTOR('',#14945,1.);
#14945 = DIRECTION('',(0.,0.,1.));
#14946 = PCURVE('',#14662,#14947);
#14947 = DEFINITIONAL_REPRESENTATION('',(#14948),#14952);
#14948 = LINE('',#14949,#14950);
#14949 = CARTESIAN_POINT('',(0.,0.));
#14950 = VECTOR('',#14951,1.);
#14951 = DIRECTION('',(0.,-1.));
#14952 = ( GEOMETRIC_REPRESENTATION_CONTEXT(2) 
PARAMETRIC_REPRESENTATION_CONTEXT() REPRESENTATION_CONTEXT('2D SPACE',''
  ) );
#14953 = PCURVE('',#14662,#14954);
#14954 = DEFINITIONAL_REPRESENTATION('',(#14955),#14959);
#14955 = LINE('',#14956,#14957);
#14956 = CARTESIAN_POINT('',(6.28318530718,0.));
#14957 = VECTOR('',#14958,1.);
#14958 = DIRECTION('',(0.,-1.));
#14959 = ( GEOMETRIC_REPRESENTATION_CONTEXT(2) 
PARAMETRIC_REPRESENTATION_CONTEXT() REPRESENTATION_CONTEXT('2D SPACE',''
  ) );
#14960 = ORIENTED_EDGE('',*,*,#14961,.T.);
#14961 = EDGE_CURVE('',#14939,#14939,#14962,.T.);
#14962 = SURFACE_CURVE('',#14963,(#14968,#14975),.PCURVE_S1.);
#14963 = CIRCLE('',#14964,3.);
#14964 = AXIS2_PLACEMENT_3D('',#14965,#14966,#14967);
#14965 = CARTESIAN_POINT('',(7.,77.2,1.5));
#14966 = DIRECTION('',(0.,0.,-1.));
#14967 = DIRECTION('',(1.,0.,0.));
#14968 = PCURVE('',#14662,#14969);
#14969 = DEFINITIONAL_REPRESENTATION('',(#14970),#14974);
#14970 = LINE('',#14971,#14972);
#14971 = CARTESIAN_POINT('',(0.,-1.5));
#14972 = VECTOR('',#14973,1.);
#14973 = DIRECTION('',(1.,0.));
#14974 = ( GEOMETRIC_REPRESENTATION_CONTEXT(2) 
PARAMETRIC_REPRESENTATION_CONTEXT() REPRESENTATION_CONTEXT('2D SPACE',''
  ) );
#14975 = PCURVE('',#14976,#14981);
#14976 = PLANE('',#14977);
#14977 = AXIS2_PLACEMENT_3D('',#14978,#14979,#14980);
#14978 = CARTESIAN_POINT('',(7.,77.2,1.5));
#14979 = DIRECTION('',(-0.,-0.,-1.));
#14980 = DIRECTION('',(-1.,0.,0.));
#14981 = DEFINITIONAL_REPRESENTATION('',(#14982),#14986);
#14982 = CIRCLE('',#14983,3.);
#14983 = AXIS2_PLACEMENT_2D('',#14984,#14985);
#14984 = CARTESIAN_POINT('',(0.,-1.42108547152E-14));
#14985 = DIRECTION('',(-1.,0.));
#14986 = ( GEOMETRIC_REPRESENTATION_CONTEXT(2) 
PARAMETRIC_REPRESENTATION_CONTEXT() REPRESENTATION_CONTEXT('2D SPACE',''
  ) );
#14987 = ORIENTED_EDGE('',*,*,#14938,.F.);
#14988 = ORIENTED_EDGE('',*,*,#14641,.F.);
#14989 = ADVANCED_FACE('',(#14990),#14703,.F.);
#14990 = FACE_BOUND('',#14991,.F.);
#14991 = EDGE_LOOP('',(#14992,#15015,#15042,#15043));
#14992 = ORIENTED_EDGE('',*,*,#14993,.T.);
#14993 = EDGE_CURVE('',#14683,#14994,#14996,.T.);
#14994 = VERTEX_POINT('',#14995);
#14995 = CARTESIAN_POINT('',(73.675,91.4875,1.5));
#14996 = SEAM_CURVE('',#14997,(#15001,#15008),.PCURVE_S1.);
#14997 = LINE('',#14998,#14999);
#14998 = CARTESIAN_POINT('',(73.675,91.4875,0.));
#14999 = VECTOR('',#15000,1.);
#15000 = DIRECTION('',(0.,0.,1.));
#15001 = PCURVE('',#14703,#15002);
#15002 = DEFINITIONAL_REPRESENTATION('',(#15003),#15007);
#15003 = LINE('',#15004,#15005);
#15004 = CARTESIAN_POINT('',(0.,0.));
#15005 = VECTOR('',#15006,1.);
#15006 = DIRECTION('',(0.,-1.));
#15007 = ( GEOMETRIC_REPRESENTATION_CONTEXT(2) 
PARAMETRIC_REPRESENTATION_CONTEXT() REPRESENTATION_CONTEXT('2D SPACE',''
  ) );
#15008 = PCURVE('',#14703,#15009);
#15009 = DEFINITIONAL_REPRESENTATION('',(#15010),#15014);
#15010 = LINE('',#15011,#15012);
#15011 = CARTESIAN_POINT('',(6.28318530718,0.));
#15012 = VECTOR('',#15013,1.);
#15013 = DIRECTION('',(0.,-1.));
#15014 = ( GEOMETRIC_REPRESENTATION_CONTEXT(2) 
PARAMETRIC_REPRESENTATION_CONTEXT() REPRESENTATION_CONTEXT('2D SPACE',''
  ) );
#15015 = ORIENTED_EDGE('',*,*,#15016,.T.);
#15016 = EDGE_CURVE('',#14994,#14994,#15017,.T.);
#15017 = SURFACE_CURVE('',#15018,(#15023,#15030),.PCURVE_S1.);
#15018 = CIRCLE('',#15019,3.);
#15019 = AXIS2_PLACEMENT_3D('',#15020,#15021,#15022);
#15020 = CARTESIAN_POINT('',(70.675,91.4875,1.5));
#15021 = DIRECTION('',(0.,0.,-1.));
#15022 = DIRECTION('',(1.,0.,0.));
#15023 = PCURVE('',#14703,#15024);
#15024 = DEFINITIONAL_REPRESENTATION('',(#15025),#15029);
#15025 = LINE('',#15026,#15027);
#15026 = CARTESIAN_POINT('',(0.,-1.5));
#15027 = VECTOR('',#15028,1.);
#15028 = DIRECTION('',(1.,0.));
#15029 = ( GEOMETRIC_REPRESENTATION_CONTEXT(2) 
PARAMETRIC_REPRESENTATION_CONTEXT() REPRESENTATION_CONTEXT('2D SPACE',''
  ) );
#15030 = PCURVE('',#15031,#15036);
#15031 = PLANE('',#15032);
#15032 = AXIS2_PLACEMENT_3D('',#15033,#15034,#15035);
#15033 = CARTESIAN_POINT('',(70.675,91.4875,1.5));
#15034 = DIRECTION('',(-0.,-0.,-1.));
#15035 = DIRECTION('',(-1.,0.,0.));
#15036 = DEFINITIONAL_REPRESENTATION('',(#15037),#15041);
#15037 = CIRCLE('',#15038,3.);
#15038 = AXIS2_PLACEMENT_2D('',#15039,#15040);
#15039 = CARTESIAN_POINT('',(0.,0.));
#15040 = DIRECTION('',(-1.,0.));
#15041 = ( GEOMETRIC_REPRESENTATION_CONTEXT(2) 
PARAMETRIC_REPRESENTATION_CONTEXT() REPRESENTATION_CONTEXT('2D SPACE',''
  ) );
#15042 = ORIENTED_EDGE('',*,*,#14993,.F.);
#15043 = ORIENTED_EDGE('',*,*,#14682,.F.);
#15044 = ADVANCED_FACE('',(#15045),#14738,.F.);
#15045 = FACE_BOUND('',#15046,.F.);
#15046 = EDGE_LOOP('',(#15047,#15070,#15097,#15098));
#15047 = ORIENTED_EDGE('',*,*,#15048,.T.);
#15048 = EDGE_CURVE('',#14718,#15049,#15051,.T.);
#15049 = VERTEX_POINT('',#15050);
#15050 = CARTESIAN_POINT('',(120.68125,81.9625,1.5));
#15051 = SEAM_CURVE('',#15052,(#15056,#15063),.PCURVE_S1.);
#15052 = LINE('',#15053,#15054);
#15053 = CARTESIAN_POINT('',(120.68125,81.9625,0.));
#15054 = VECTOR('',#15055,1.);
#15055 = DIRECTION('',(0.,0.,1.));
#15056 = PCURVE('',#14738,#15057);
#15057 = DEFINITIONAL_REPRESENTATION('',(#15058),#15062);
#15058 = LINE('',#15059,#15060);
#15059 = CARTESIAN_POINT('',(0.,0.));
#15060 = VECTOR('',#15061,1.);
#15061 = DIRECTION('',(0.,-1.));
#15062 = ( GEOMETRIC_REPRESENTATION_CONTEXT(2) 
PARAMETRIC_REPRESENTATION_CONTEXT() REPRESENTATION_CONTEXT('2D SPACE',''
  ) );
#15063 = PCURVE('',#14738,#15064);
#15064 = DEFINITIONAL_REPRESENTATION('',(#15065),#15069);
#15065 = LINE('',#15066,#15067);
#15066 = CARTESIAN_POINT('',(6.28318530718,0.));
#15067 = VECTOR('',#15068,1.);
#15068 = DIRECTION('',(0.,-1.));
#15069 = ( GEOMETRIC_REPRESENTATION_CONTEXT(2) 
PARAMETRIC_REPRESENTATION_CONTEXT() REPRESENTATION_CONTEXT('2D SPACE',''
  ) );
#15070 = ORIENTED_EDGE('',*,*,#15071,.T.);
#15071 = EDGE_CURVE('',#15049,#15049,#15072,.T.);
#15072 = SURFACE_CURVE('',#15073,(#15078,#15085),.PCURVE_S1.);
#15073 = CIRCLE('',#15074,3.);
#15074 = AXIS2_PLACEMENT_3D('',#15075,#15076,#15077);
#15075 = CARTESIAN_POINT('',(117.68125,81.9625,1.5));
#15076 = DIRECTION('',(0.,0.,-1.));
#15077 = DIRECTION('',(1.,0.,0.));
#15078 = PCURVE('',#14738,#15079);
#15079 = DEFINITIONAL_REPRESENTATION('',(#15080),#15084);
#15080 = LINE('',#15081,#15082);
#15081 = CARTESIAN_POINT('',(0.,-1.5));
#15082 = VECTOR('',#15083,1.);
#15083 = DIRECTION('',(1.,0.));
#15084 = ( GEOMETRIC_REPRESENTATION_CONTEXT(2) 
PARAMETRIC_REPRESENTATION_CONTEXT() REPRESENTATION_CONTEXT('2D SPACE',''
  ) );
#15085 = PCURVE('',#15086,#15091);
#15086 = PLANE('',#15087);
#15087 = AXIS2_PLACEMENT_3D('',#15088,#15089,#15090);
#15088 = CARTESIAN_POINT('',(117.68125,81.9625,1.5));
#15089 = DIRECTION('',(-0.,-0.,-1.));
#15090 = DIRECTION('',(-1.,0.,0.));
#15091 = DEFINITIONAL_REPRESENTATION('',(#15092),#15096);
#15092 = CIRCLE('',#15093,3.);
#15093 = AXIS2_PLACEMENT_2D('',#15094,#15095);
#15094 = CARTESIAN_POINT('',(0.,0.));
#15095 = DIRECTION('',(-1.,0.));
#15096 = ( GEOMETRIC_REPRESENTATION_CONTEXT(2) 
PARAMETRIC_REPRESENTATION_CONTEXT() REPRESENTATION_CONTEXT('2D SPACE',''
  ) );
#15097 = ORIENTED_EDGE('',*,*,#15048,.F.);
#15098 = ORIENTED_EDGE('',*,*,#14717,.F.);
#15099 = ADVANCED_FACE('',(#15100),#14811,.T.);
#15100 = FACE_BOUND('',#15101,.T.);
#15101 = EDGE_LOOP('',(#15102));
#15102 = ORIENTED_EDGE('',*,*,#14796,.T.);
#15103 = ADVANCED_FACE('',(#15104),#14866,.T.);
#15104 = FACE_BOUND('',#15105,.T.);
#15105 = EDGE_LOOP('',(#15106));
#15106 = ORIENTED_EDGE('',*,*,#14851,.T.);
#15107 = ADVANCED_FACE('',(#15108),#14921,.T.);
#15108 = FACE_BOUND('',#15109,.T.);
#15109 = EDGE_LOOP('',(#15110));
#15110 = ORIENTED_EDGE('',*,*,#14906,.T.);
#15111 = ADVANCED_FACE('',(#15112),#14976,.T.);
#15112 = FACE_BOUND('',#15113,.T.);
#15113 = EDGE_LOOP('',(#15114));
#15114 = ORIENTED_EDGE('',*,*,#14961,.T.);
#15115 = ADVANCED_FACE('',(#15116),#15031,.T.);
#15116 = FACE_BOUND('',#15117,.T.);
#15117 = EDGE_LOOP('',(#15118));
#15118 = ORIENTED_EDGE('',*,*,#15016,.T.);
#15119 = ADVANCED_FACE('',(#15120),#15086,.T.);
#15120 = FACE_BOUND('',#15121,.T.);
#15121 = EDGE_LOOP('',(#15122));
#15122 = ORIENTED_EDGE('',*,*,#15071,.T.);
#15123 = ( GEOMETRIC_REPRESENTATION_CONTEXT(3) 
GLOBAL_UNCERTAINTY_ASSIGNED_CONTEXT((#15127)) 
GLOBAL_UNIT_ASSIGNED_CONTEXT((#15124,#15125,#15126)) 
REPRESENTATION_CONTEXT('Context #1',
  '3D Context with UNIT and UNCERTAINTY') );
#15124 = ( LENGTH_UNIT() NAMED_UNIT(*) SI_UNIT(.MILLI.,.METRE.) );
#15125 = ( NAMED_UNIT(*) PLANE_ANGLE_UNIT() SI_UNIT($,.RADIAN.) );
#15126 = ( NAMED_UNIT(*) SI_UNIT($,.STERADIAN.) SOLID_ANGLE_UNIT() );
#15127 = UNCERTAINTY_MEASURE_WITH_UNIT(LENGTH_MEASURE(2.E-05),#15124,
  'distance_accuracy_value','confusion accuracy');
#15128 = PRODUCT_RELATED_PRODUCT_CATEGORY('part',$,(#7));
#15129 = MECHANICAL_DESIGN_GEOMETRIC_PRESENTATION_REPRESENTATION('',(
    #15130),#15123);
#15130 = STYLED_ITEM('color',(#15131),#15);
#15131 = PRESENTATION_STYLE_ASSIGNMENT((#15132,#15138));
#15132 = SURFACE_STYLE_USAGE(.BOTH.,#15133);
#15133 = SURFACE_SIDE_STYLE('',(#15134));
#15134 = SURFACE_STYLE_FILL_AREA(#15135);
#15135 = FILL_AREA_STYLE('',(#15136));
#15136 = FILL_AREA_STYLE_COLOUR('',#15137);
#15137 = COLOUR_RGB('',0.609217671629,0.609217671629,0.609217671629);
#15138 = CURVE_STYLE('',#15139,POSITIVE_LENGTH_MEASURE(0.1),#15140);
#15139 = DRAUGHTING_PRE_DEFINED_CURVE_FONT('continuous');
#15140 = COLOUR_RGB('',0.345868924627,0.345868924627,0.345868924627);
ENDSEC;
END-ISO-10303-21;
