ISO-10303-21;
HEADER;
FILE_DESCRIPTION(('KiCad electronic assembly'),'2;1');
FILE_NAME('Low3xD_SP.step','2026-06-11T18:57:01',('Pcbnew'),('Kicad'),
  'Open CASCADE STEP processor 7.5','KiCad to STEP converter','Unknown'
  );
FILE_SCHEMA(('AUTOMOTIVE_DESIGN { 1 0 10303 214 1 1 1 1 }'));
ENDSEC;
DATA;
#1 = APPLICATION_PROTOCOL_DEFINITION('international standard',
  'automotive_design',2000,#2);
#2 = APPLICATION_CONTEXT(
  'core data for automotive mechanical design processes');
#3 = SHAPE_DEFINITION_REPRESENTATION(#4,#10);
#4 = PRODUCT_DEFINITION_SHAPE('','',#5);
#5 = PRODUCT_DEFINITION('design','',#6,#9);
#6 = PRODUCT_DEFINITION_FORMATION('','',#7);
#7 = PRODUCT('Low3xD_SP 1','Low3xD_SP 1','',(#8));
#8 = PRODUCT_CONTEXT('',#2,'mechanical');
#9 = PRODUCT_DEFINITION_CONTEXT('part definition',#2,'design');
#10 = SHAPE_REPRESENTATION('',(#11,#15),#19);
#11 = AXIS2_PLACEMENT_3D('',#12,#13,#14);
#12 = CARTESIAN_POINT('',(0.,0.,0.));
#13 = DIRECTION('',(0.,0.,1.));
#14 = DIRECTION('',(1.,0.,-0.));
#15 = AXIS2_PLACEMENT_3D('',#16,#17,#18);
#16 = CARTESIAN_POINT('',(0.,0.,0.));
#17 = DIRECTION('',(0.,0.,1.));
#18 = DIRECTION('',(1.,0.,-0.));
#19 = ( GEOMETRIC_REPRESENTATION_CONTEXT(3) 
GLOBAL_UNCERTAINTY_ASSIGNED_CONTEXT((#23)) GLOBAL_UNIT_ASSIGNED_CONTEXT(
(#20,#21,#22)) REPRESENTATION_CONTEXT('Context #1',
  '3D Context with UNIT and UNCERTAINTY') );
#20 = ( LENGTH_UNIT() NAMED_UNIT(*) SI_UNIT(.MILLI.,.METRE.) );
#21 = ( NAMED_UNIT(*) PLANE_ANGLE_UNIT() SI_UNIT($,.RADIAN.) );
#22 = ( NAMED_UNIT(*) SI_UNIT($,.STERADIAN.) SOLID_ANGLE_UNIT() );
#23 = UNCERTAINTY_MEASURE_WITH_UNIT(LENGTH_MEASURE(1.E-07),#20,
  'distance_accuracy_value','confusion accuracy');
#24 = PRODUCT_RELATED_PRODUCT_CATEGORY('part',$,(#7));
#25 = ADVANCED_BREP_SHAPE_REPRESENTATION('',(#11,#26),#4019);
#26 = MANIFOLD_SOLID_BREP('',#27);
#27 = CLOSED_SHELL('',(#28,#70,#101,#134,#165,#198,#229,#262,#293,#324,
    #355,#386,#419,#450,#483,#514,#547,#578,#611,#642,#675,#706,#739,
    #770,#803,#834,#867,#898,#931,#962,#995,#1026,#1059,#1090,#1123,
    #1154,#1187,#1218,#1251,#1282,#1315,#1346,#1379,#1410,#1443,#1465,
    #1505,#1536,#1567,#1589,#1629,#1660,#1691,#1713,#1753,#1784,#1815,
    #1837,#1877,#1908,#1939,#1961,#2001,#2032,#2063,#2085,#2125,#2156,
    #2187,#2209,#2249,#2280,#2311,#2333,#2373,#2404,#2435,#2457,#2497,
    #2528,#2559,#2581,#2621,#2652,#2683,#2705,#2745,#2776,#2807,#2829,
    #2869,#2900,#2931,#2953,#2993,#3024,#3055,#3077,#3117,#3148,#3179,
    #3201,#3241,#3272,#3303,#3325,#3365,#3396,#3427,#3449,#3489,#3520,
    #3551,#3573,#3613,#3644,#3675,#3697,#3858));
#28 = ADVANCED_FACE('',(#29),#65,.T.);
#29 = FACE_BOUND('',#30,.T.);
#30 = EDGE_LOOP('',(#31,#41,#50,#58));
#31 = ORIENTED_EDGE('',*,*,#32,.T.);
#32 = EDGE_CURVE('',#33,#35,#37,.T.);
#33 = VERTEX_POINT('',#34);
#34 = CARTESIAN_POINT('',(165.34375,-50.875,0.));
#35 = VERTEX_POINT('',#36);
#36 = CARTESIAN_POINT('',(165.34375,-50.875,1.51));
#37 = LINE('',#38,#39);
#38 = CARTESIAN_POINT('',(165.34375,-50.875,0.));
#39 = VECTOR('',#40,1.);
#40 = DIRECTION('',(0.,0.,1.));
#41 = ORIENTED_EDGE('',*,*,#42,.T.);
#42 = EDGE_CURVE('',#35,#43,#45,.T.);
#43 = VERTEX_POINT('',#44);
#44 = CARTESIAN_POINT('',(166.5,-52.03125,1.51));
#45 = CIRCLE('',#46,1.156298539074);
#46 = AXIS2_PLACEMENT_3D('',#47,#48,#49);
#47 = CARTESIAN_POINT('',(165.34370146194,-52.03129853805,1.51));
#48 = DIRECTION('',(0.,0.,-1.));
#49 = DIRECTION('',(4.19770965942E-05,0.999999999119,0.));
#50 = ORIENTED_EDGE('',*,*,#51,.F.);
#51 = EDGE_CURVE('',#52,#43,#54,.T.);
#52 = VERTEX_POINT('',#53);
#53 = CARTESIAN_POINT('',(166.5,-52.03125,0.));
#54 = LINE('',#55,#56);
#55 = CARTESIAN_POINT('',(166.5,-52.03125,0.));
#56 = VECTOR('',#57,1.);
#57 = DIRECTION('',(0.,0.,1.));
#58 = ORIENTED_EDGE('',*,*,#59,.F.);
#59 = EDGE_CURVE('',#33,#52,#60,.T.);
#60 = CIRCLE('',#61,1.156298539074);
#61 = AXIS2_PLACEMENT_3D('',#62,#63,#64);
#62 = CARTESIAN_POINT('',(165.34370146194,-52.03129853805,0.));
#63 = DIRECTION('',(0.,0.,-1.));
#64 = DIRECTION('',(4.19770965942E-05,0.999999999119,0.));
#65 = CYLINDRICAL_SURFACE('',#66,1.156298539074);
#66 = AXIS2_PLACEMENT_3D('',#67,#68,#69);
#67 = CARTESIAN_POINT('',(165.34370146194,-52.03129853805,0.));
#68 = DIRECTION('',(0.,0.,-1.));
#69 = DIRECTION('',(4.19770965942E-05,0.999999999119,0.));
#70 = ADVANCED_FACE('',(#71),#96,.T.);
#71 = FACE_BOUND('',#72,.T.);
#72 = EDGE_LOOP('',(#73,#74,#82,#90));
#73 = ORIENTED_EDGE('',*,*,#51,.T.);
#74 = ORIENTED_EDGE('',*,*,#75,.T.);
#75 = EDGE_CURVE('',#43,#76,#78,.T.);
#76 = VERTEX_POINT('',#77);
#77 = CARTESIAN_POINT('',(166.5,-54.34375,1.51));
#78 = LINE('',#79,#80);
#79 = CARTESIAN_POINT('',(166.5,-52.03125,1.51));
#80 = VECTOR('',#81,1.);
#81 = DIRECTION('',(0.,-1.,0.));
#82 = ORIENTED_EDGE('',*,*,#83,.F.);
#83 = EDGE_CURVE('',#84,#76,#86,.T.);
#84 = VERTEX_POINT('',#85);
#85 = CARTESIAN_POINT('',(166.5,-54.34375,0.));
#86 = LINE('',#87,#88);
#87 = CARTESIAN_POINT('',(166.5,-54.34375,0.));
#88 = VECTOR('',#89,1.);
#89 = DIRECTION('',(0.,0.,1.));
#90 = ORIENTED_EDGE('',*,*,#91,.F.);
#91 = EDGE_CURVE('',#52,#84,#92,.T.);
#92 = LINE('',#93,#94);
#93 = CARTESIAN_POINT('',(166.5,-52.03125,0.));
#94 = VECTOR('',#95,1.);
#95 = DIRECTION('',(0.,-1.,0.));
#96 = PLANE('',#97);
#97 = AXIS2_PLACEMENT_3D('',#98,#99,#100);
#98 = CARTESIAN_POINT('',(166.5,-52.03125,0.));
#99 = DIRECTION('',(1.,0.,-0.));
#100 = DIRECTION('',(0.,-1.,0.));
#101 = ADVANCED_FACE('',(#102),#129,.F.);
#102 = FACE_BOUND('',#103,.T.);
#103 = EDGE_LOOP('',(#104,#105,#114,#122));
#104 = ORIENTED_EDGE('',*,*,#83,.T.);
#105 = ORIENTED_EDGE('',*,*,#106,.T.);
#106 = EDGE_CURVE('',#76,#107,#109,.T.);
#107 = VERTEX_POINT('',#108);
#108 = CARTESIAN_POINT('',(167.65625,-55.5,1.51));
#109 = CIRCLE('',#110,1.156298539074);
#110 = AXIS2_PLACEMENT_3D('',#111,#112,#113);
#111 = CARTESIAN_POINT('',(167.65629853805,-54.34370146194,1.51));
#112 = DIRECTION('',(0.,0.,1.));
#113 = DIRECTION('',(-0.999999999119,-4.197709661878E-05,0.));
#114 = ORIENTED_EDGE('',*,*,#115,.F.);
#115 = EDGE_CURVE('',#116,#107,#118,.T.);
#116 = VERTEX_POINT('',#117);
#117 = CARTESIAN_POINT('',(167.65625,-55.5,0.));
#118 = LINE('',#119,#120);
#119 = CARTESIAN_POINT('',(167.65625,-55.5,0.));
#120 = VECTOR('',#121,1.);
#121 = DIRECTION('',(0.,0.,1.));
#122 = ORIENTED_EDGE('',*,*,#123,.F.);
#123 = EDGE_CURVE('',#84,#116,#124,.T.);
#124 = CIRCLE('',#125,1.156298539074);
#125 = AXIS2_PLACEMENT_3D('',#126,#127,#128);
#126 = CARTESIAN_POINT('',(167.65629853805,-54.34370146194,0.));
#127 = DIRECTION('',(0.,0.,1.));
#128 = DIRECTION('',(-0.999999999119,-4.197709661878E-05,0.));
#129 = CYLINDRICAL_SURFACE('',#130,1.156298539074);
#130 = AXIS2_PLACEMENT_3D('',#131,#132,#133);
#131 = CARTESIAN_POINT('',(167.65629853805,-54.34370146194,0.));
#132 = DIRECTION('',(-0.,-0.,-1.));
#133 = DIRECTION('',(-0.999999999119,-4.197709661878E-05,0.));
#134 = ADVANCED_FACE('',(#135),#160,.T.);
#135 = FACE_BOUND('',#136,.T.);
#136 = EDGE_LOOP('',(#137,#138,#146,#154));
#137 = ORIENTED_EDGE('',*,*,#115,.T.);
#138 = ORIENTED_EDGE('',*,*,#139,.T.);
#139 = EDGE_CURVE('',#107,#140,#142,.T.);
#140 = VERTEX_POINT('',#141);
#141 = CARTESIAN_POINT('',(183.84375,-55.5,1.51));
#142 = LINE('',#143,#144);
#143 = CARTESIAN_POINT('',(167.65625,-55.5,1.51));
#144 = VECTOR('',#145,1.);
#145 = DIRECTION('',(1.,0.,0.));
#146 = ORIENTED_EDGE('',*,*,#147,.F.);
#147 = EDGE_CURVE('',#148,#140,#150,.T.);
#148 = VERTEX_POINT('',#149);
#149 = CARTESIAN_POINT('',(183.84375,-55.5,0.));
#150 = LINE('',#151,#152);
#151 = CARTESIAN_POINT('',(183.84375,-55.5,0.));
#152 = VECTOR('',#153,1.);
#153 = DIRECTION('',(0.,0.,1.));
#154 = ORIENTED_EDGE('',*,*,#155,.F.);
#155 = EDGE_CURVE('',#116,#148,#156,.T.);
#156 = LINE('',#157,#158);
#157 = CARTESIAN_POINT('',(167.65625,-55.5,0.));
#158 = VECTOR('',#159,1.);
#159 = DIRECTION('',(1.,0.,0.));
#160 = PLANE('',#161);
#161 = AXIS2_PLACEMENT_3D('',#162,#163,#164);
#162 = CARTESIAN_POINT('',(167.65625,-55.5,0.));
#163 = DIRECTION('',(0.,1.,0.));
#164 = DIRECTION('',(1.,0.,0.));
#165 = ADVANCED_FACE('',(#166),#193,.T.);
#166 = FACE_BOUND('',#167,.T.);
#167 = EDGE_LOOP('',(#168,#169,#178,#186));
#168 = ORIENTED_EDGE('',*,*,#147,.T.);
#169 = ORIENTED_EDGE('',*,*,#170,.T.);
#170 = EDGE_CURVE('',#140,#171,#173,.T.);
#171 = VERTEX_POINT('',#172);
#172 = CARTESIAN_POINT('',(185.,-56.65625,1.51));
#173 = CIRCLE('',#174,1.156298539074);
#174 = AXIS2_PLACEMENT_3D('',#175,#176,#177);
#175 = CARTESIAN_POINT('',(183.84370146194,-56.65629853805,1.51));
#176 = DIRECTION('',(0.,0.,-1.));
#177 = DIRECTION('',(4.19770965942E-05,0.999999999119,0.));
#178 = ORIENTED_EDGE('',*,*,#179,.F.);
#179 = EDGE_CURVE('',#180,#171,#182,.T.);
#180 = VERTEX_POINT('',#181);
#181 = CARTESIAN_POINT('',(185.,-56.65625,0.));
#182 = LINE('',#183,#184);
#183 = CARTESIAN_POINT('',(185.,-56.65625,0.));
#184 = VECTOR('',#185,1.);
#185 = DIRECTION('',(0.,0.,1.));
#186 = ORIENTED_EDGE('',*,*,#187,.F.);
#187 = EDGE_CURVE('',#148,#180,#188,.T.);
#188 = CIRCLE('',#189,1.156298539074);
#189 = AXIS2_PLACEMENT_3D('',#190,#191,#192);
#190 = CARTESIAN_POINT('',(183.84370146194,-56.65629853805,0.));
#191 = DIRECTION('',(0.,0.,-1.));
#192 = DIRECTION('',(4.19770965942E-05,0.999999999119,0.));
#193 = CYLINDRICAL_SURFACE('',#194,1.156298539074);
#194 = AXIS2_PLACEMENT_3D('',#195,#196,#197);
#195 = CARTESIAN_POINT('',(183.84370146194,-56.65629853805,0.));
#196 = DIRECTION('',(0.,0.,-1.));
#197 = DIRECTION('',(4.19770965942E-05,0.999999999119,0.));
#198 = ADVANCED_FACE('',(#199),#224,.T.);
#199 = FACE_BOUND('',#200,.T.);
#200 = EDGE_LOOP('',(#201,#202,#210,#218));
#201 = ORIENTED_EDGE('',*,*,#179,.T.);
#202 = ORIENTED_EDGE('',*,*,#203,.T.);
#203 = EDGE_CURVE('',#171,#204,#206,.T.);
#204 = VERTEX_POINT('',#205);
#205 = CARTESIAN_POINT('',(185.,-58.96875,1.51));
#206 = LINE('',#207,#208);
#207 = CARTESIAN_POINT('',(185.,-56.65625,1.51));
#208 = VECTOR('',#209,1.);
#209 = DIRECTION('',(0.,-1.,0.));
#210 = ORIENTED_EDGE('',*,*,#211,.F.);
#211 = EDGE_CURVE('',#212,#204,#214,.T.);
#212 = VERTEX_POINT('',#213);
#213 = CARTESIAN_POINT('',(185.,-58.96875,0.));
#214 = LINE('',#215,#216);
#215 = CARTESIAN_POINT('',(185.,-58.96875,0.));
#216 = VECTOR('',#217,1.);
#217 = DIRECTION('',(0.,0.,1.));
#218 = ORIENTED_EDGE('',*,*,#219,.F.);
#219 = EDGE_CURVE('',#180,#212,#220,.T.);
#220 = LINE('',#221,#222);
#221 = CARTESIAN_POINT('',(185.,-56.65625,0.));
#222 = VECTOR('',#223,1.);
#223 = DIRECTION('',(0.,-1.,0.));
#224 = PLANE('',#225);
#225 = AXIS2_PLACEMENT_3D('',#226,#227,#228);
#226 = CARTESIAN_POINT('',(185.,-56.65625,0.));
#227 = DIRECTION('',(1.,0.,-0.));
#228 = DIRECTION('',(0.,-1.,0.));
#229 = ADVANCED_FACE('',(#230),#257,.F.);
#230 = FACE_BOUND('',#231,.T.);
#231 = EDGE_LOOP('',(#232,#233,#242,#250));
#232 = ORIENTED_EDGE('',*,*,#211,.T.);
#233 = ORIENTED_EDGE('',*,*,#234,.T.);
#234 = EDGE_CURVE('',#204,#235,#237,.T.);
#235 = VERTEX_POINT('',#236);
#236 = CARTESIAN_POINT('',(186.15625,-60.125,1.51));
#237 = CIRCLE('',#238,1.156298539074);
#238 = AXIS2_PLACEMENT_3D('',#239,#240,#241);
#239 = CARTESIAN_POINT('',(186.15629853805,-58.96870146194,1.51));
#240 = DIRECTION('',(0.,0.,1.));
#241 = DIRECTION('',(-0.999999999119,-4.197709661878E-05,0.));
#242 = ORIENTED_EDGE('',*,*,#243,.F.);
#243 = EDGE_CURVE('',#244,#235,#246,.T.);
#244 = VERTEX_POINT('',#245);
#245 = CARTESIAN_POINT('',(186.15625,-60.125,0.));
#246 = LINE('',#247,#248);
#247 = CARTESIAN_POINT('',(186.15625,-60.125,0.));
#248 = VECTOR('',#249,1.);
#249 = DIRECTION('',(0.,0.,1.));
#250 = ORIENTED_EDGE('',*,*,#251,.F.);
#251 = EDGE_CURVE('',#212,#244,#252,.T.);
#252 = CIRCLE('',#253,1.156298539074);
#253 = AXIS2_PLACEMENT_3D('',#254,#255,#256);
#254 = CARTESIAN_POINT('',(186.15629853805,-58.96870146194,0.));
#255 = DIRECTION('',(0.,0.,1.));
#256 = DIRECTION('',(-0.999999999119,-4.197709661878E-05,0.));
#257 = CYLINDRICAL_SURFACE('',#258,1.156298539074);
#258 = AXIS2_PLACEMENT_3D('',#259,#260,#261);
#259 = CARTESIAN_POINT('',(186.15629853805,-58.96870146194,0.));
#260 = DIRECTION('',(-0.,-0.,-1.));
#261 = DIRECTION('',(-0.999999999119,-4.197709661878E-05,0.));
#262 = ADVANCED_FACE('',(#263),#288,.T.);
#263 = FACE_BOUND('',#264,.T.);
#264 = EDGE_LOOP('',(#265,#266,#274,#282));
#265 = ORIENTED_EDGE('',*,*,#243,.T.);
#266 = ORIENTED_EDGE('',*,*,#267,.T.);
#267 = EDGE_CURVE('',#235,#268,#270,.T.);
#268 = VERTEX_POINT('',#269);
#269 = CARTESIAN_POINT('',(202.921875,-60.125,1.51));
#270 = LINE('',#271,#272);
#271 = CARTESIAN_POINT('',(186.15625,-60.125,1.51));
#272 = VECTOR('',#273,1.);
#273 = DIRECTION('',(1.,0.,0.));
#274 = ORIENTED_EDGE('',*,*,#275,.F.);
#275 = EDGE_CURVE('',#276,#268,#278,.T.);
#276 = VERTEX_POINT('',#277);
#277 = CARTESIAN_POINT('',(202.921875,-60.125,0.));
#278 = LINE('',#279,#280);
#279 = CARTESIAN_POINT('',(202.921875,-60.125,0.));
#280 = VECTOR('',#281,1.);
#281 = DIRECTION('',(0.,0.,1.));
#282 = ORIENTED_EDGE('',*,*,#283,.F.);
#283 = EDGE_CURVE('',#244,#276,#284,.T.);
#284 = LINE('',#285,#286);
#285 = CARTESIAN_POINT('',(186.15625,-60.125,0.));
#286 = VECTOR('',#287,1.);
#287 = DIRECTION('',(1.,0.,0.));
#288 = PLANE('',#289);
#289 = AXIS2_PLACEMENT_3D('',#290,#291,#292);
#290 = CARTESIAN_POINT('',(186.15625,-60.125,0.));
#291 = DIRECTION('',(0.,1.,0.));
#292 = DIRECTION('',(1.,0.,0.));
#293 = ADVANCED_FACE('',(#294),#319,.T.);
#294 = FACE_BOUND('',#295,.T.);
#295 = EDGE_LOOP('',(#296,#297,#305,#313));
#296 = ORIENTED_EDGE('',*,*,#275,.T.);
#297 = ORIENTED_EDGE('',*,*,#298,.T.);
#298 = EDGE_CURVE('',#268,#299,#301,.T.);
#299 = VERTEX_POINT('',#300);
#300 = CARTESIAN_POINT('',(202.921875,-94.234375,1.51));
#301 = LINE('',#302,#303);
#302 = CARTESIAN_POINT('',(202.921875,-60.125,1.51));
#303 = VECTOR('',#304,1.);
#304 = DIRECTION('',(0.,-1.,0.));
#305 = ORIENTED_EDGE('',*,*,#306,.F.);
#306 = EDGE_CURVE('',#307,#299,#309,.T.);
#307 = VERTEX_POINT('',#308);
#308 = CARTESIAN_POINT('',(202.921875,-94.234375,0.));
#309 = LINE('',#310,#311);
#310 = CARTESIAN_POINT('',(202.921875,-94.234375,0.));
#311 = VECTOR('',#312,1.);
#312 = DIRECTION('',(0.,0.,1.));
#313 = ORIENTED_EDGE('',*,*,#314,.F.);
#314 = EDGE_CURVE('',#276,#307,#315,.T.);
#315 = LINE('',#316,#317);
#316 = CARTESIAN_POINT('',(202.921875,-60.125,0.));
#317 = VECTOR('',#318,1.);
#318 = DIRECTION('',(0.,-1.,0.));
#319 = PLANE('',#320);
#320 = AXIS2_PLACEMENT_3D('',#321,#322,#323);
#321 = CARTESIAN_POINT('',(202.921875,-60.125,0.));
#322 = DIRECTION('',(1.,0.,-0.));
#323 = DIRECTION('',(0.,-1.,0.));
#324 = ADVANCED_FACE('',(#325),#350,.T.);
#325 = FACE_BOUND('',#326,.T.);
#326 = EDGE_LOOP('',(#327,#328,#336,#344));
#327 = ORIENTED_EDGE('',*,*,#306,.T.);
#328 = ORIENTED_EDGE('',*,*,#329,.T.);
#329 = EDGE_CURVE('',#299,#330,#332,.T.);
#330 = VERTEX_POINT('',#331);
#331 = CARTESIAN_POINT('',(222.,-94.234375,1.51));
#332 = LINE('',#333,#334);
#333 = CARTESIAN_POINT('',(202.921875,-94.234375,1.51));
#334 = VECTOR('',#335,1.);
#335 = DIRECTION('',(1.,0.,0.));
#336 = ORIENTED_EDGE('',*,*,#337,.F.);
#337 = EDGE_CURVE('',#338,#330,#340,.T.);
#338 = VERTEX_POINT('',#339);
#339 = CARTESIAN_POINT('',(222.,-94.234375,0.));
#340 = LINE('',#341,#342);
#341 = CARTESIAN_POINT('',(222.,-94.234375,0.));
#342 = VECTOR('',#343,1.);
#343 = DIRECTION('',(0.,0.,1.));
#344 = ORIENTED_EDGE('',*,*,#345,.F.);
#345 = EDGE_CURVE('',#307,#338,#346,.T.);
#346 = LINE('',#347,#348);
#347 = CARTESIAN_POINT('',(202.921875,-94.234375,0.));
#348 = VECTOR('',#349,1.);
#349 = DIRECTION('',(1.,0.,0.));
#350 = PLANE('',#351);
#351 = AXIS2_PLACEMENT_3D('',#352,#353,#354);
#352 = CARTESIAN_POINT('',(202.921875,-94.234375,0.));
#353 = DIRECTION('',(0.,1.,0.));
#354 = DIRECTION('',(1.,0.,0.));
#355 = ADVANCED_FACE('',(#356),#381,.T.);
#356 = FACE_BOUND('',#357,.T.);
#357 = EDGE_LOOP('',(#358,#359,#367,#375));
#358 = ORIENTED_EDGE('',*,*,#337,.T.);
#359 = ORIENTED_EDGE('',*,*,#360,.T.);
#360 = EDGE_CURVE('',#330,#361,#363,.T.);
#361 = VERTEX_POINT('',#362);
#362 = CARTESIAN_POINT('',(222.,-137.59375,1.51));
#363 = LINE('',#364,#365);
#364 = CARTESIAN_POINT('',(222.,-94.234375,1.51));
#365 = VECTOR('',#366,1.);
#366 = DIRECTION('',(0.,-1.,0.));
#367 = ORIENTED_EDGE('',*,*,#368,.F.);
#368 = EDGE_CURVE('',#369,#361,#371,.T.);
#369 = VERTEX_POINT('',#370);
#370 = CARTESIAN_POINT('',(222.,-137.59375,0.));
#371 = LINE('',#372,#373);
#372 = CARTESIAN_POINT('',(222.,-137.59375,0.));
#373 = VECTOR('',#374,1.);
#374 = DIRECTION('',(0.,0.,1.));
#375 = ORIENTED_EDGE('',*,*,#376,.F.);
#376 = EDGE_CURVE('',#338,#369,#377,.T.);
#377 = LINE('',#378,#379);
#378 = CARTESIAN_POINT('',(222.,-94.234375,0.));
#379 = VECTOR('',#380,1.);
#380 = DIRECTION('',(0.,-1.,0.));
#381 = PLANE('',#382);
#382 = AXIS2_PLACEMENT_3D('',#383,#384,#385);
#383 = CARTESIAN_POINT('',(222.,-94.234375,0.));
#384 = DIRECTION('',(1.,0.,-0.));
#385 = DIRECTION('',(0.,-1.,0.));
#386 = ADVANCED_FACE('',(#387),#414,.T.);
#387 = FACE_BOUND('',#388,.T.);
#388 = EDGE_LOOP('',(#389,#390,#399,#407));
#389 = ORIENTED_EDGE('',*,*,#368,.T.);
#390 = ORIENTED_EDGE('',*,*,#391,.T.);
#391 = EDGE_CURVE('',#361,#392,#394,.T.);
#392 = VERTEX_POINT('',#393);
#393 = CARTESIAN_POINT('',(220.84375,-138.75,1.51));
#394 = CIRCLE('',#395,1.156298539074);
#395 = AXIS2_PLACEMENT_3D('',#396,#397,#398);
#396 = CARTESIAN_POINT('',(220.84370146194,-137.5937014619,1.51));
#397 = DIRECTION('',(0.,0.,-1.));
#398 = DIRECTION('',(0.999999999119,-4.19770965942E-05,0.));
#399 = ORIENTED_EDGE('',*,*,#400,.F.);
#400 = EDGE_CURVE('',#401,#392,#403,.T.);
#401 = VERTEX_POINT('',#402);
#402 = CARTESIAN_POINT('',(220.84375,-138.75,0.));
#403 = LINE('',#404,#405);
#404 = CARTESIAN_POINT('',(220.84375,-138.75,0.));
#405 = VECTOR('',#406,1.);
#406 = DIRECTION('',(0.,0.,1.));
#407 = ORIENTED_EDGE('',*,*,#408,.F.);
#408 = EDGE_CURVE('',#369,#401,#409,.T.);
#409 = CIRCLE('',#410,1.156298539074);
#410 = AXIS2_PLACEMENT_3D('',#411,#412,#413);
#411 = CARTESIAN_POINT('',(220.84370146194,-137.5937014619,0.));
#412 = DIRECTION('',(0.,0.,-1.));
#413 = DIRECTION('',(0.999999999119,-4.19770965942E-05,0.));
#414 = CYLINDRICAL_SURFACE('',#415,1.156298539074);
#415 = AXIS2_PLACEMENT_3D('',#416,#417,#418);
#416 = CARTESIAN_POINT('',(220.84370146194,-137.5937014619,0.));
#417 = DIRECTION('',(0.,0.,-1.));
#418 = DIRECTION('',(0.999999999119,-4.19770965942E-05,0.));
#419 = ADVANCED_FACE('',(#420),#445,.T.);
#420 = FACE_BOUND('',#421,.T.);
#421 = EDGE_LOOP('',(#422,#423,#431,#439));
#422 = ORIENTED_EDGE('',*,*,#400,.T.);
#423 = ORIENTED_EDGE('',*,*,#424,.T.);
#424 = EDGE_CURVE('',#392,#425,#427,.T.);
#425 = VERTEX_POINT('',#426);
#426 = CARTESIAN_POINT('',(204.65625,-138.75,1.51));
#427 = LINE('',#428,#429);
#428 = CARTESIAN_POINT('',(220.84375,-138.75,1.51));
#429 = VECTOR('',#430,1.);
#430 = DIRECTION('',(-1.,0.,0.));
#431 = ORIENTED_EDGE('',*,*,#432,.F.);
#432 = EDGE_CURVE('',#433,#425,#435,.T.);
#433 = VERTEX_POINT('',#434);
#434 = CARTESIAN_POINT('',(204.65625,-138.75,0.));
#435 = LINE('',#436,#437);
#436 = CARTESIAN_POINT('',(204.65625,-138.75,0.));
#437 = VECTOR('',#438,1.);
#438 = DIRECTION('',(0.,0.,1.));
#439 = ORIENTED_EDGE('',*,*,#440,.F.);
#440 = EDGE_CURVE('',#401,#433,#441,.T.);
#441 = LINE('',#442,#443);
#442 = CARTESIAN_POINT('',(220.84375,-138.75,0.));
#443 = VECTOR('',#444,1.);
#444 = DIRECTION('',(-1.,0.,0.));
#445 = PLANE('',#446);
#446 = AXIS2_PLACEMENT_3D('',#447,#448,#449);
#447 = CARTESIAN_POINT('',(220.84375,-138.75,0.));
#448 = DIRECTION('',(0.,-1.,0.));
#449 = DIRECTION('',(-1.,0.,0.));
#450 = ADVANCED_FACE('',(#451),#478,.T.);
#451 = FACE_BOUND('',#452,.T.);
#452 = EDGE_LOOP('',(#453,#454,#463,#471));
#453 = ORIENTED_EDGE('',*,*,#432,.T.);
#454 = ORIENTED_EDGE('',*,*,#455,.T.);
#455 = EDGE_CURVE('',#425,#456,#458,.T.);
#456 = VERTEX_POINT('',#457);
#457 = CARTESIAN_POINT('',(203.5,-137.59375,1.51));
#458 = CIRCLE('',#459,1.156298539074);
#459 = AXIS2_PLACEMENT_3D('',#460,#461,#462);
#460 = CARTESIAN_POINT('',(204.65629853805,-137.5937014619,1.51));
#461 = DIRECTION('',(0.,0.,-1.));
#462 = DIRECTION('',(-4.19770965942E-05,-0.999999999119,-0.));
#463 = ORIENTED_EDGE('',*,*,#464,.F.);
#464 = EDGE_CURVE('',#465,#456,#467,.T.);
#465 = VERTEX_POINT('',#466);
#466 = CARTESIAN_POINT('',(203.5,-137.59375,0.));
#467 = LINE('',#468,#469);
#468 = CARTESIAN_POINT('',(203.5,-137.59375,0.));
#469 = VECTOR('',#470,1.);
#470 = DIRECTION('',(0.,0.,1.));
#471 = ORIENTED_EDGE('',*,*,#472,.F.);
#472 = EDGE_CURVE('',#433,#465,#473,.T.);
#473 = CIRCLE('',#474,1.156298539074);
#474 = AXIS2_PLACEMENT_3D('',#475,#476,#477);
#475 = CARTESIAN_POINT('',(204.65629853805,-137.5937014619,0.));
#476 = DIRECTION('',(0.,0.,-1.));
#477 = DIRECTION('',(-4.19770965942E-05,-0.999999999119,-0.));
#478 = CYLINDRICAL_SURFACE('',#479,1.156298539074);
#479 = AXIS2_PLACEMENT_3D('',#480,#481,#482);
#480 = CARTESIAN_POINT('',(204.65629853805,-137.5937014619,0.));
#481 = DIRECTION('',(0.,0.,-1.));
#482 = DIRECTION('',(-4.19770965942E-05,-0.999999999119,-0.));
#483 = ADVANCED_FACE('',(#484),#509,.T.);
#484 = FACE_BOUND('',#485,.T.);
#485 = EDGE_LOOP('',(#486,#487,#495,#503));
#486 = ORIENTED_EDGE('',*,*,#464,.T.);
#487 = ORIENTED_EDGE('',*,*,#488,.T.);
#488 = EDGE_CURVE('',#456,#489,#491,.T.);
#489 = VERTEX_POINT('',#490);
#490 = CARTESIAN_POINT('',(203.5,-135.28125,1.51));
#491 = LINE('',#492,#493);
#492 = CARTESIAN_POINT('',(203.5,-137.59375,1.51));
#493 = VECTOR('',#494,1.);
#494 = DIRECTION('',(0.,1.,0.));
#495 = ORIENTED_EDGE('',*,*,#496,.F.);
#496 = EDGE_CURVE('',#497,#489,#499,.T.);
#497 = VERTEX_POINT('',#498);
#498 = CARTESIAN_POINT('',(203.5,-135.28125,0.));
#499 = LINE('',#500,#501);
#500 = CARTESIAN_POINT('',(203.5,-135.28125,0.));
#501 = VECTOR('',#502,1.);
#502 = DIRECTION('',(0.,0.,1.));
#503 = ORIENTED_EDGE('',*,*,#504,.F.);
#504 = EDGE_CURVE('',#465,#497,#505,.T.);
#505 = LINE('',#506,#507);
#506 = CARTESIAN_POINT('',(203.5,-137.59375,0.));
#507 = VECTOR('',#508,1.);
#508 = DIRECTION('',(0.,1.,0.));
#509 = PLANE('',#510);
#510 = AXIS2_PLACEMENT_3D('',#511,#512,#513);
#511 = CARTESIAN_POINT('',(203.5,-137.59375,0.));
#512 = DIRECTION('',(-1.,0.,0.));
#513 = DIRECTION('',(0.,1.,0.));
#514 = ADVANCED_FACE('',(#515),#542,.F.);
#515 = FACE_BOUND('',#516,.T.);
#516 = EDGE_LOOP('',(#517,#518,#527,#535));
#517 = ORIENTED_EDGE('',*,*,#496,.T.);
#518 = ORIENTED_EDGE('',*,*,#519,.T.);
#519 = EDGE_CURVE('',#489,#520,#522,.T.);
#520 = VERTEX_POINT('',#521);
#521 = CARTESIAN_POINT('',(202.34375,-134.125,1.51));
#522 = CIRCLE('',#523,1.156298539074);
#523 = AXIS2_PLACEMENT_3D('',#524,#525,#526);
#524 = CARTESIAN_POINT('',(202.34370146194,-135.281298538,1.51));
#525 = DIRECTION('',(0.,0.,1.));
#526 = DIRECTION('',(0.999999999119,4.19770965942E-05,-0.));
#527 = ORIENTED_EDGE('',*,*,#528,.F.);
#528 = EDGE_CURVE('',#529,#520,#531,.T.);
#529 = VERTEX_POINT('',#530);
#530 = CARTESIAN_POINT('',(202.34375,-134.125,0.));
#531 = LINE('',#532,#533);
#532 = CARTESIAN_POINT('',(202.34375,-134.125,0.));
#533 = VECTOR('',#534,1.);
#534 = DIRECTION('',(0.,0.,1.));
#535 = ORIENTED_EDGE('',*,*,#536,.F.);
#536 = EDGE_CURVE('',#497,#529,#537,.T.);
#537 = CIRCLE('',#538,1.156298539074);
#538 = AXIS2_PLACEMENT_3D('',#539,#540,#541);
#539 = CARTESIAN_POINT('',(202.34370146194,-135.281298538,0.));
#540 = DIRECTION('',(0.,0.,1.));
#541 = DIRECTION('',(0.999999999119,4.19770965942E-05,-0.));
#542 = CYLINDRICAL_SURFACE('',#543,1.156298539074);
#543 = AXIS2_PLACEMENT_3D('',#544,#545,#546);
#544 = CARTESIAN_POINT('',(202.34370146194,-135.281298538,0.));
#545 = DIRECTION('',(-0.,-0.,-1.));
#546 = DIRECTION('',(0.999999999119,4.19770965942E-05,-0.));
#547 = ADVANCED_FACE('',(#548),#573,.T.);
#548 = FACE_BOUND('',#549,.T.);
#549 = EDGE_LOOP('',(#550,#551,#559,#567));
#550 = ORIENTED_EDGE('',*,*,#528,.T.);
#551 = ORIENTED_EDGE('',*,*,#552,.T.);
#552 = EDGE_CURVE('',#520,#553,#555,.T.);
#553 = VERTEX_POINT('',#554);
#554 = CARTESIAN_POINT('',(186.15625,-134.125,1.51));
#555 = LINE('',#556,#557);
#556 = CARTESIAN_POINT('',(202.34375,-134.125,1.51));
#557 = VECTOR('',#558,1.);
#558 = DIRECTION('',(-1.,0.,0.));
#559 = ORIENTED_EDGE('',*,*,#560,.F.);
#560 = EDGE_CURVE('',#561,#553,#563,.T.);
#561 = VERTEX_POINT('',#562);
#562 = CARTESIAN_POINT('',(186.15625,-134.125,0.));
#563 = LINE('',#564,#565);
#564 = CARTESIAN_POINT('',(186.15625,-134.125,0.));
#565 = VECTOR('',#566,1.);
#566 = DIRECTION('',(0.,0.,1.));
#567 = ORIENTED_EDGE('',*,*,#568,.F.);
#568 = EDGE_CURVE('',#529,#561,#569,.T.);
#569 = LINE('',#570,#571);
#570 = CARTESIAN_POINT('',(202.34375,-134.125,0.));
#571 = VECTOR('',#572,1.);
#572 = DIRECTION('',(-1.,0.,0.));
#573 = PLANE('',#574);
#574 = AXIS2_PLACEMENT_3D('',#575,#576,#577);
#575 = CARTESIAN_POINT('',(202.34375,-134.125,0.));
#576 = DIRECTION('',(0.,-1.,0.));
#577 = DIRECTION('',(-1.,0.,0.));
#578 = ADVANCED_FACE('',(#579),#606,.T.);
#579 = FACE_BOUND('',#580,.T.);
#580 = EDGE_LOOP('',(#581,#582,#591,#599));
#581 = ORIENTED_EDGE('',*,*,#560,.T.);
#582 = ORIENTED_EDGE('',*,*,#583,.T.);
#583 = EDGE_CURVE('',#553,#584,#586,.T.);
#584 = VERTEX_POINT('',#585);
#585 = CARTESIAN_POINT('',(185.,-132.96875,1.51));
#586 = CIRCLE('',#587,1.156298539074);
#587 = AXIS2_PLACEMENT_3D('',#588,#589,#590);
#588 = CARTESIAN_POINT('',(186.15629853805,-132.9687014619,1.51));
#589 = DIRECTION('',(0.,0.,-1.));
#590 = DIRECTION('',(-4.19770965942E-05,-0.999999999119,-0.));
#591 = ORIENTED_EDGE('',*,*,#592,.F.);
#592 = EDGE_CURVE('',#593,#584,#595,.T.);
#593 = VERTEX_POINT('',#594);
#594 = CARTESIAN_POINT('',(185.,-132.96875,0.));
#595 = LINE('',#596,#597);
#596 = CARTESIAN_POINT('',(185.,-132.96875,0.));
#597 = VECTOR('',#598,1.);
#598 = DIRECTION('',(0.,0.,1.));
#599 = ORIENTED_EDGE('',*,*,#600,.F.);
#600 = EDGE_CURVE('',#561,#593,#601,.T.);
#601 = CIRCLE('',#602,1.156298539074);
#602 = AXIS2_PLACEMENT_3D('',#603,#604,#605);
#603 = CARTESIAN_POINT('',(186.15629853805,-132.9687014619,0.));
#604 = DIRECTION('',(0.,0.,-1.));
#605 = DIRECTION('',(-4.19770965942E-05,-0.999999999119,-0.));
#606 = CYLINDRICAL_SURFACE('',#607,1.156298539074);
#607 = AXIS2_PLACEMENT_3D('',#608,#609,#610);
#608 = CARTESIAN_POINT('',(186.15629853805,-132.9687014619,0.));
#609 = DIRECTION('',(0.,0.,-1.));
#610 = DIRECTION('',(-4.19770965942E-05,-0.999999999119,-0.));
#611 = ADVANCED_FACE('',(#612),#637,.T.);
#612 = FACE_BOUND('',#613,.T.);
#613 = EDGE_LOOP('',(#614,#615,#623,#631));
#614 = ORIENTED_EDGE('',*,*,#592,.T.);
#615 = ORIENTED_EDGE('',*,*,#616,.T.);
#616 = EDGE_CURVE('',#584,#617,#619,.T.);
#617 = VERTEX_POINT('',#618);
#618 = CARTESIAN_POINT('',(185.,-130.65625,1.51));
#619 = LINE('',#620,#621);
#620 = CARTESIAN_POINT('',(185.,-132.96875,1.51));
#621 = VECTOR('',#622,1.);
#622 = DIRECTION('',(0.,1.,0.));
#623 = ORIENTED_EDGE('',*,*,#624,.F.);
#624 = EDGE_CURVE('',#625,#617,#627,.T.);
#625 = VERTEX_POINT('',#626);
#626 = CARTESIAN_POINT('',(185.,-130.65625,0.));
#627 = LINE('',#628,#629);
#628 = CARTESIAN_POINT('',(185.,-130.65625,0.));
#629 = VECTOR('',#630,1.);
#630 = DIRECTION('',(0.,0.,1.));
#631 = ORIENTED_EDGE('',*,*,#632,.F.);
#632 = EDGE_CURVE('',#593,#625,#633,.T.);
#633 = LINE('',#634,#635);
#634 = CARTESIAN_POINT('',(185.,-132.96875,0.));
#635 = VECTOR('',#636,1.);
#636 = DIRECTION('',(0.,1.,0.));
#637 = PLANE('',#638);
#638 = AXIS2_PLACEMENT_3D('',#639,#640,#641);
#639 = CARTESIAN_POINT('',(185.,-132.96875,0.));
#640 = DIRECTION('',(-1.,0.,0.));
#641 = DIRECTION('',(0.,1.,0.));
#642 = ADVANCED_FACE('',(#643),#670,.F.);
#643 = FACE_BOUND('',#644,.T.);
#644 = EDGE_LOOP('',(#645,#646,#655,#663));
#645 = ORIENTED_EDGE('',*,*,#624,.T.);
#646 = ORIENTED_EDGE('',*,*,#647,.T.);
#647 = EDGE_CURVE('',#617,#648,#650,.T.);
#648 = VERTEX_POINT('',#649);
#649 = CARTESIAN_POINT('',(183.84375,-129.5,1.51));
#650 = CIRCLE('',#651,1.156298539074);
#651 = AXIS2_PLACEMENT_3D('',#652,#653,#654);
#652 = CARTESIAN_POINT('',(183.84370146194,-130.656298538,1.51));
#653 = DIRECTION('',(0.,0.,1.));
#654 = DIRECTION('',(0.999999999119,4.19770965942E-05,-0.));
#655 = ORIENTED_EDGE('',*,*,#656,.F.);
#656 = EDGE_CURVE('',#657,#648,#659,.T.);
#657 = VERTEX_POINT('',#658);
#658 = CARTESIAN_POINT('',(183.84375,-129.5,0.));
#659 = LINE('',#660,#661);
#660 = CARTESIAN_POINT('',(183.84375,-129.5,0.));
#661 = VECTOR('',#662,1.);
#662 = DIRECTION('',(0.,0.,1.));
#663 = ORIENTED_EDGE('',*,*,#664,.F.);
#664 = EDGE_CURVE('',#625,#657,#665,.T.);
#665 = CIRCLE('',#666,1.156298539074);
#666 = AXIS2_PLACEMENT_3D('',#667,#668,#669);
#667 = CARTESIAN_POINT('',(183.84370146194,-130.656298538,0.));
#668 = DIRECTION('',(0.,0.,1.));
#669 = DIRECTION('',(0.999999999119,4.19770965942E-05,-0.));
#670 = CYLINDRICAL_SURFACE('',#671,1.156298539074);
#671 = AXIS2_PLACEMENT_3D('',#672,#673,#674);
#672 = CARTESIAN_POINT('',(183.84370146194,-130.656298538,0.));
#673 = DIRECTION('',(-0.,-0.,-1.));
#674 = DIRECTION('',(0.999999999119,4.19770965942E-05,-0.));
#675 = ADVANCED_FACE('',(#676),#701,.T.);
#676 = FACE_BOUND('',#677,.T.);
#677 = EDGE_LOOP('',(#678,#679,#687,#695));
#678 = ORIENTED_EDGE('',*,*,#656,.T.);
#679 = ORIENTED_EDGE('',*,*,#680,.T.);
#680 = EDGE_CURVE('',#648,#681,#683,.T.);
#681 = VERTEX_POINT('',#682);
#682 = CARTESIAN_POINT('',(167.65625,-129.5,1.51));
#683 = LINE('',#684,#685);
#684 = CARTESIAN_POINT('',(183.84375,-129.5,1.51));
#685 = VECTOR('',#686,1.);
#686 = DIRECTION('',(-1.,0.,0.));
#687 = ORIENTED_EDGE('',*,*,#688,.F.);
#688 = EDGE_CURVE('',#689,#681,#691,.T.);
#689 = VERTEX_POINT('',#690);
#690 = CARTESIAN_POINT('',(167.65625,-129.5,0.));
#691 = LINE('',#692,#693);
#692 = CARTESIAN_POINT('',(167.65625,-129.5,0.));
#693 = VECTOR('',#694,1.);
#694 = DIRECTION('',(0.,0.,1.));
#695 = ORIENTED_EDGE('',*,*,#696,.F.);
#696 = EDGE_CURVE('',#657,#689,#697,.T.);
#697 = LINE('',#698,#699);
#698 = CARTESIAN_POINT('',(183.84375,-129.5,0.));
#699 = VECTOR('',#700,1.);
#700 = DIRECTION('',(-1.,0.,0.));
#701 = PLANE('',#702);
#702 = AXIS2_PLACEMENT_3D('',#703,#704,#705);
#703 = CARTESIAN_POINT('',(183.84375,-129.5,0.));
#704 = DIRECTION('',(0.,-1.,0.));
#705 = DIRECTION('',(-1.,0.,0.));
#706 = ADVANCED_FACE('',(#707),#734,.T.);
#707 = FACE_BOUND('',#708,.T.);
#708 = EDGE_LOOP('',(#709,#710,#719,#727));
#709 = ORIENTED_EDGE('',*,*,#688,.T.);
#710 = ORIENTED_EDGE('',*,*,#711,.T.);
#711 = EDGE_CURVE('',#681,#712,#714,.T.);
#712 = VERTEX_POINT('',#713);
#713 = CARTESIAN_POINT('',(166.5,-128.34375,1.51));
#714 = CIRCLE('',#715,1.156298539074);
#715 = AXIS2_PLACEMENT_3D('',#716,#717,#718);
#716 = CARTESIAN_POINT('',(167.65629853805,-128.3437014619,1.51));
#717 = DIRECTION('',(0.,0.,-1.));
#718 = DIRECTION('',(-4.19770965942E-05,-0.999999999119,-0.));
#719 = ORIENTED_EDGE('',*,*,#720,.F.);
#720 = EDGE_CURVE('',#721,#712,#723,.T.);
#721 = VERTEX_POINT('',#722);
#722 = CARTESIAN_POINT('',(166.5,-128.34375,0.));
#723 = LINE('',#724,#725);
#724 = CARTESIAN_POINT('',(166.5,-128.34375,0.));
#725 = VECTOR('',#726,1.);
#726 = DIRECTION('',(0.,0.,1.));
#727 = ORIENTED_EDGE('',*,*,#728,.F.);
#728 = EDGE_CURVE('',#689,#721,#729,.T.);
#729 = CIRCLE('',#730,1.156298539074);
#730 = AXIS2_PLACEMENT_3D('',#731,#732,#733);
#731 = CARTESIAN_POINT('',(167.65629853805,-128.3437014619,0.));
#732 = DIRECTION('',(0.,0.,-1.));
#733 = DIRECTION('',(-4.19770965942E-05,-0.999999999119,-0.));
#734 = CYLINDRICAL_SURFACE('',#735,1.156298539074);
#735 = AXIS2_PLACEMENT_3D('',#736,#737,#738);
#736 = CARTESIAN_POINT('',(167.65629853805,-128.3437014619,0.));
#737 = DIRECTION('',(0.,0.,-1.));
#738 = DIRECTION('',(-4.19770965942E-05,-0.999999999119,-0.));
#739 = ADVANCED_FACE('',(#740),#765,.T.);
#740 = FACE_BOUND('',#741,.T.);
#741 = EDGE_LOOP('',(#742,#743,#751,#759));
#742 = ORIENTED_EDGE('',*,*,#720,.T.);
#743 = ORIENTED_EDGE('',*,*,#744,.T.);
#744 = EDGE_CURVE('',#712,#745,#747,.T.);
#745 = VERTEX_POINT('',#746);
#746 = CARTESIAN_POINT('',(166.5,-107.53125,1.51));
#747 = LINE('',#748,#749);
#748 = CARTESIAN_POINT('',(166.5,-128.34375,1.51));
#749 = VECTOR('',#750,1.);
#750 = DIRECTION('',(0.,1.,0.));
#751 = ORIENTED_EDGE('',*,*,#752,.F.);
#752 = EDGE_CURVE('',#753,#745,#755,.T.);
#753 = VERTEX_POINT('',#754);
#754 = CARTESIAN_POINT('',(166.5,-107.53125,0.));
#755 = LINE('',#756,#757);
#756 = CARTESIAN_POINT('',(166.5,-107.53125,0.));
#757 = VECTOR('',#758,1.);
#758 = DIRECTION('',(0.,0.,1.));
#759 = ORIENTED_EDGE('',*,*,#760,.F.);
#760 = EDGE_CURVE('',#721,#753,#761,.T.);
#761 = LINE('',#762,#763);
#762 = CARTESIAN_POINT('',(166.5,-128.34375,0.));
#763 = VECTOR('',#764,1.);
#764 = DIRECTION('',(0.,1.,0.));
#765 = PLANE('',#766);
#766 = AXIS2_PLACEMENT_3D('',#767,#768,#769);
#767 = CARTESIAN_POINT('',(166.5,-128.34375,0.));
#768 = DIRECTION('',(-1.,0.,0.));
#769 = DIRECTION('',(0.,1.,0.));
#770 = ADVANCED_FACE('',(#771),#798,.F.);
#771 = FACE_BOUND('',#772,.T.);
#772 = EDGE_LOOP('',(#773,#774,#783,#791));
#773 = ORIENTED_EDGE('',*,*,#752,.T.);
#774 = ORIENTED_EDGE('',*,*,#775,.T.);
#775 = EDGE_CURVE('',#745,#776,#778,.T.);
#776 = VERTEX_POINT('',#777);
#777 = CARTESIAN_POINT('',(165.34375,-106.375,1.51));
#778 = CIRCLE('',#779,1.156298539074);
#779 = AXIS2_PLACEMENT_3D('',#780,#781,#782);
#780 = CARTESIAN_POINT('',(165.34370146194,-107.531298538,1.51));
#781 = DIRECTION('',(0.,0.,1.));
#782 = DIRECTION('',(0.999999999119,4.197709661878E-05,-0.));
#783 = ORIENTED_EDGE('',*,*,#784,.F.);
#784 = EDGE_CURVE('',#785,#776,#787,.T.);
#785 = VERTEX_POINT('',#786);
#786 = CARTESIAN_POINT('',(165.34375,-106.375,0.));
#787 = LINE('',#788,#789);
#788 = CARTESIAN_POINT('',(165.34375,-106.375,0.));
#789 = VECTOR('',#790,1.);
#790 = DIRECTION('',(0.,0.,1.));
#791 = ORIENTED_EDGE('',*,*,#792,.F.);
#792 = EDGE_CURVE('',#753,#785,#793,.T.);
#793 = CIRCLE('',#794,1.156298539074);
#794 = AXIS2_PLACEMENT_3D('',#795,#796,#797);
#795 = CARTESIAN_POINT('',(165.34370146194,-107.531298538,0.));
#796 = DIRECTION('',(0.,0.,1.));
#797 = DIRECTION('',(0.999999999119,4.197709661878E-05,-0.));
#798 = CYLINDRICAL_SURFACE('',#799,1.156298539074);
#799 = AXIS2_PLACEMENT_3D('',#800,#801,#802);
#800 = CARTESIAN_POINT('',(165.34370146194,-107.531298538,0.));
#801 = DIRECTION('',(-0.,-0.,-1.));
#802 = DIRECTION('',(0.999999999119,4.197709661878E-05,-0.));
#803 = ADVANCED_FACE('',(#804),#829,.T.);
#804 = FACE_BOUND('',#805,.T.);
#805 = EDGE_LOOP('',(#806,#807,#815,#823));
#806 = ORIENTED_EDGE('',*,*,#784,.T.);
#807 = ORIENTED_EDGE('',*,*,#808,.T.);
#808 = EDGE_CURVE('',#776,#809,#811,.T.);
#809 = VERTEX_POINT('',#810);
#810 = CARTESIAN_POINT('',(149.15625,-106.375,1.51));
#811 = LINE('',#812,#813);
#812 = CARTESIAN_POINT('',(165.34375,-106.375,1.51));
#813 = VECTOR('',#814,1.);
#814 = DIRECTION('',(-1.,0.,0.));
#815 = ORIENTED_EDGE('',*,*,#816,.F.);
#816 = EDGE_CURVE('',#817,#809,#819,.T.);
#817 = VERTEX_POINT('',#818);
#818 = CARTESIAN_POINT('',(149.15625,-106.375,0.));
#819 = LINE('',#820,#821);
#820 = CARTESIAN_POINT('',(149.15625,-106.375,0.));
#821 = VECTOR('',#822,1.);
#822 = DIRECTION('',(0.,0.,1.));
#823 = ORIENTED_EDGE('',*,*,#824,.F.);
#824 = EDGE_CURVE('',#785,#817,#825,.T.);
#825 = LINE('',#826,#827);
#826 = CARTESIAN_POINT('',(165.34375,-106.375,0.));
#827 = VECTOR('',#828,1.);
#828 = DIRECTION('',(-1.,0.,0.));
#829 = PLANE('',#830);
#830 = AXIS2_PLACEMENT_3D('',#831,#832,#833);
#831 = CARTESIAN_POINT('',(165.34375,-106.375,0.));
#832 = DIRECTION('',(0.,-1.,0.));
#833 = DIRECTION('',(-1.,0.,0.));
#834 = ADVANCED_FACE('',(#835),#862,.F.);
#835 = FACE_BOUND('',#836,.T.);
#836 = EDGE_LOOP('',(#837,#838,#847,#855));
#837 = ORIENTED_EDGE('',*,*,#816,.T.);
#838 = ORIENTED_EDGE('',*,*,#839,.T.);
#839 = EDGE_CURVE('',#809,#840,#842,.T.);
#840 = VERTEX_POINT('',#841);
#841 = CARTESIAN_POINT('',(148.,-107.53125,1.51));
#842 = CIRCLE('',#843,1.156298539074);
#843 = AXIS2_PLACEMENT_3D('',#844,#845,#846);
#844 = CARTESIAN_POINT('',(149.15629853805,-107.531298538,1.51));
#845 = DIRECTION('',(0.,0.,1.));
#846 = DIRECTION('',(-4.19770965942E-05,0.999999999119,0.));
#847 = ORIENTED_EDGE('',*,*,#848,.F.);
#848 = EDGE_CURVE('',#849,#840,#851,.T.);
#849 = VERTEX_POINT('',#850);
#850 = CARTESIAN_POINT('',(148.,-107.53125,0.));
#851 = LINE('',#852,#853);
#852 = CARTESIAN_POINT('',(148.,-107.53125,0.));
#853 = VECTOR('',#854,1.);
#854 = DIRECTION('',(0.,0.,1.));
#855 = ORIENTED_EDGE('',*,*,#856,.F.);
#856 = EDGE_CURVE('',#817,#849,#857,.T.);
#857 = CIRCLE('',#858,1.156298539074);
#858 = AXIS2_PLACEMENT_3D('',#859,#860,#861);
#859 = CARTESIAN_POINT('',(149.15629853805,-107.531298538,0.));
#860 = DIRECTION('',(0.,0.,1.));
#861 = DIRECTION('',(-4.19770965942E-05,0.999999999119,0.));
#862 = CYLINDRICAL_SURFACE('',#863,1.156298539074);
#863 = AXIS2_PLACEMENT_3D('',#864,#865,#866);
#864 = CARTESIAN_POINT('',(149.15629853805,-107.531298538,0.));
#865 = DIRECTION('',(-0.,-0.,-1.));
#866 = DIRECTION('',(-4.19770965942E-05,0.999999999119,0.));
#867 = ADVANCED_FACE('',(#868),#893,.T.);
#868 = FACE_BOUND('',#869,.T.);
#869 = EDGE_LOOP('',(#870,#871,#879,#887));
#870 = ORIENTED_EDGE('',*,*,#848,.T.);
#871 = ORIENTED_EDGE('',*,*,#872,.T.);
#872 = EDGE_CURVE('',#840,#873,#875,.T.);
#873 = VERTEX_POINT('',#874);
#874 = CARTESIAN_POINT('',(148.,-109.84375,1.51));
#875 = LINE('',#876,#877);
#876 = CARTESIAN_POINT('',(148.,-107.53125,1.51));
#877 = VECTOR('',#878,1.);
#878 = DIRECTION('',(0.,-1.,0.));
#879 = ORIENTED_EDGE('',*,*,#880,.F.);
#880 = EDGE_CURVE('',#881,#873,#883,.T.);
#881 = VERTEX_POINT('',#882);
#882 = CARTESIAN_POINT('',(148.,-109.84375,0.));
#883 = LINE('',#884,#885);
#884 = CARTESIAN_POINT('',(148.,-109.84375,0.));
#885 = VECTOR('',#886,1.);
#886 = DIRECTION('',(0.,0.,1.));
#887 = ORIENTED_EDGE('',*,*,#888,.F.);
#888 = EDGE_CURVE('',#849,#881,#889,.T.);
#889 = LINE('',#890,#891);
#890 = CARTESIAN_POINT('',(148.,-107.53125,0.));
#891 = VECTOR('',#892,1.);
#892 = DIRECTION('',(0.,-1.,0.));
#893 = PLANE('',#894);
#894 = AXIS2_PLACEMENT_3D('',#895,#896,#897);
#895 = CARTESIAN_POINT('',(148.,-107.53125,0.));
#896 = DIRECTION('',(1.,0.,-0.));
#897 = DIRECTION('',(0.,-1.,0.));
#898 = ADVANCED_FACE('',(#899),#926,.T.);
#899 = FACE_BOUND('',#900,.T.);
#900 = EDGE_LOOP('',(#901,#902,#911,#919));
#901 = ORIENTED_EDGE('',*,*,#880,.T.);
#902 = ORIENTED_EDGE('',*,*,#903,.T.);
#903 = EDGE_CURVE('',#873,#904,#906,.T.);
#904 = VERTEX_POINT('',#905);
#905 = CARTESIAN_POINT('',(146.84375,-111.,1.51));
#906 = CIRCLE('',#907,1.156298539074);
#907 = AXIS2_PLACEMENT_3D('',#908,#909,#910);
#908 = CARTESIAN_POINT('',(146.84370146194,-109.8437014619,1.51));
#909 = DIRECTION('',(0.,0.,-1.));
#910 = DIRECTION('',(0.999999999119,-4.197709661878E-05,0.));
#911 = ORIENTED_EDGE('',*,*,#912,.F.);
#912 = EDGE_CURVE('',#913,#904,#915,.T.);
#913 = VERTEX_POINT('',#914);
#914 = CARTESIAN_POINT('',(146.84375,-111.,0.));
#915 = LINE('',#916,#917);
#916 = CARTESIAN_POINT('',(146.84375,-111.,0.));
#917 = VECTOR('',#918,1.);
#918 = DIRECTION('',(0.,0.,1.));
#919 = ORIENTED_EDGE('',*,*,#920,.F.);
#920 = EDGE_CURVE('',#881,#913,#921,.T.);
#921 = CIRCLE('',#922,1.156298539074);
#922 = AXIS2_PLACEMENT_3D('',#923,#924,#925);
#923 = CARTESIAN_POINT('',(146.84370146194,-109.8437014619,0.));
#924 = DIRECTION('',(0.,0.,-1.));
#925 = DIRECTION('',(0.999999999119,-4.197709661878E-05,0.));
#926 = CYLINDRICAL_SURFACE('',#927,1.156298539074);
#927 = AXIS2_PLACEMENT_3D('',#928,#929,#930);
#928 = CARTESIAN_POINT('',(146.84370146194,-109.8437014619,0.));
#929 = DIRECTION('',(0.,0.,-1.));
#930 = DIRECTION('',(0.999999999119,-4.197709661878E-05,0.));
#931 = ADVANCED_FACE('',(#932),#957,.T.);
#932 = FACE_BOUND('',#933,.T.);
#933 = EDGE_LOOP('',(#934,#935,#943,#951));
#934 = ORIENTED_EDGE('',*,*,#912,.T.);
#935 = ORIENTED_EDGE('',*,*,#936,.T.);
#936 = EDGE_CURVE('',#904,#937,#939,.T.);
#937 = VERTEX_POINT('',#938);
#938 = CARTESIAN_POINT('',(130.65625,-111.,1.51));
#939 = LINE('',#940,#941);
#940 = CARTESIAN_POINT('',(146.84375,-111.,1.51));
#941 = VECTOR('',#942,1.);
#942 = DIRECTION('',(-1.,0.,0.));
#943 = ORIENTED_EDGE('',*,*,#944,.F.);
#944 = EDGE_CURVE('',#945,#937,#947,.T.);
#945 = VERTEX_POINT('',#946);
#946 = CARTESIAN_POINT('',(130.65625,-111.,0.));
#947 = LINE('',#948,#949);
#948 = CARTESIAN_POINT('',(130.65625,-111.,0.));
#949 = VECTOR('',#950,1.);
#950 = DIRECTION('',(0.,0.,1.));
#951 = ORIENTED_EDGE('',*,*,#952,.F.);
#952 = EDGE_CURVE('',#913,#945,#953,.T.);
#953 = LINE('',#954,#955);
#954 = CARTESIAN_POINT('',(146.84375,-111.,0.));
#955 = VECTOR('',#956,1.);
#956 = DIRECTION('',(-1.,0.,0.));
#957 = PLANE('',#958);
#958 = AXIS2_PLACEMENT_3D('',#959,#960,#961);
#959 = CARTESIAN_POINT('',(146.84375,-111.,0.));
#960 = DIRECTION('',(0.,-1.,0.));
#961 = DIRECTION('',(-1.,0.,0.));
#962 = ADVANCED_FACE('',(#963),#990,.F.);
#963 = FACE_BOUND('',#964,.T.);
#964 = EDGE_LOOP('',(#965,#966,#975,#983));
#965 = ORIENTED_EDGE('',*,*,#944,.T.);
#966 = ORIENTED_EDGE('',*,*,#967,.T.);
#967 = EDGE_CURVE('',#937,#968,#970,.T.);
#968 = VERTEX_POINT('',#969);
#969 = CARTESIAN_POINT('',(129.5,-112.15625,1.51));
#970 = CIRCLE('',#971,1.156298539074);
#971 = AXIS2_PLACEMENT_3D('',#972,#973,#974);
#972 = CARTESIAN_POINT('',(130.65629853805,-112.156298538,1.51));
#973 = DIRECTION('',(0.,0.,1.));
#974 = DIRECTION('',(-4.19770965942E-05,0.999999999119,0.));
#975 = ORIENTED_EDGE('',*,*,#976,.F.);
#976 = EDGE_CURVE('',#977,#968,#979,.T.);
#977 = VERTEX_POINT('',#978);
#978 = CARTESIAN_POINT('',(129.5,-112.15625,0.));
#979 = LINE('',#980,#981);
#980 = CARTESIAN_POINT('',(129.5,-112.15625,0.));
#981 = VECTOR('',#982,1.);
#982 = DIRECTION('',(0.,0.,1.));
#983 = ORIENTED_EDGE('',*,*,#984,.F.);
#984 = EDGE_CURVE('',#945,#977,#985,.T.);
#985 = CIRCLE('',#986,1.156298539074);
#986 = AXIS2_PLACEMENT_3D('',#987,#988,#989);
#987 = CARTESIAN_POINT('',(130.65629853805,-112.156298538,0.));
#988 = DIRECTION('',(0.,0.,1.));
#989 = DIRECTION('',(-4.19770965942E-05,0.999999999119,0.));
#990 = CYLINDRICAL_SURFACE('',#991,1.156298539074);
#991 = AXIS2_PLACEMENT_3D('',#992,#993,#994);
#992 = CARTESIAN_POINT('',(130.65629853805,-112.156298538,0.));
#993 = DIRECTION('',(-0.,-0.,-1.));
#994 = DIRECTION('',(-4.19770965942E-05,0.999999999119,0.));
#995 = ADVANCED_FACE('',(#996),#1021,.T.);
#996 = FACE_BOUND('',#997,.T.);
#997 = EDGE_LOOP('',(#998,#999,#1007,#1015));
#998 = ORIENTED_EDGE('',*,*,#976,.T.);
#999 = ORIENTED_EDGE('',*,*,#1000,.T.);
#1000 = EDGE_CURVE('',#968,#1001,#1003,.T.);
#1001 = VERTEX_POINT('',#1002);
#1002 = CARTESIAN_POINT('',(129.5,-114.46875,1.51));
#1003 = LINE('',#1004,#1005);
#1004 = CARTESIAN_POINT('',(129.5,-112.15625,1.51));
#1005 = VECTOR('',#1006,1.);
#1006 = DIRECTION('',(0.,-1.,0.));
#1007 = ORIENTED_EDGE('',*,*,#1008,.F.);
#1008 = EDGE_CURVE('',#1009,#1001,#1011,.T.);
#1009 = VERTEX_POINT('',#1010);
#1010 = CARTESIAN_POINT('',(129.5,-114.46875,0.));
#1011 = LINE('',#1012,#1013);
#1012 = CARTESIAN_POINT('',(129.5,-114.46875,0.));
#1013 = VECTOR('',#1014,1.);
#1014 = DIRECTION('',(0.,0.,1.));
#1015 = ORIENTED_EDGE('',*,*,#1016,.F.);
#1016 = EDGE_CURVE('',#977,#1009,#1017,.T.);
#1017 = LINE('',#1018,#1019);
#1018 = CARTESIAN_POINT('',(129.5,-112.15625,0.));
#1019 = VECTOR('',#1020,1.);
#1020 = DIRECTION('',(0.,-1.,0.));
#1021 = PLANE('',#1022);
#1022 = AXIS2_PLACEMENT_3D('',#1023,#1024,#1025);
#1023 = CARTESIAN_POINT('',(129.5,-112.15625,0.));
#1024 = DIRECTION('',(1.,0.,-0.));
#1025 = DIRECTION('',(0.,-1.,0.));
#1026 = ADVANCED_FACE('',(#1027),#1054,.T.);
#1027 = FACE_BOUND('',#1028,.T.);
#1028 = EDGE_LOOP('',(#1029,#1030,#1039,#1047));
#1029 = ORIENTED_EDGE('',*,*,#1008,.T.);
#1030 = ORIENTED_EDGE('',*,*,#1031,.T.);
#1031 = EDGE_CURVE('',#1001,#1032,#1034,.T.);
#1032 = VERTEX_POINT('',#1033);
#1033 = CARTESIAN_POINT('',(128.34375,-115.625,1.51));
#1034 = CIRCLE('',#1035,1.156298539074);
#1035 = AXIS2_PLACEMENT_3D('',#1036,#1037,#1038);
#1036 = CARTESIAN_POINT('',(128.34370146194,-114.4687014619,1.51));
#1037 = DIRECTION('',(0.,0.,-1.));
#1038 = DIRECTION('',(0.999999999119,-4.197709661878E-05,0.));
#1039 = ORIENTED_EDGE('',*,*,#1040,.F.);
#1040 = EDGE_CURVE('',#1041,#1032,#1043,.T.);
#1041 = VERTEX_POINT('',#1042);
#1042 = CARTESIAN_POINT('',(128.34375,-115.625,0.));
#1043 = LINE('',#1044,#1045);
#1044 = CARTESIAN_POINT('',(128.34375,-115.625,0.));
#1045 = VECTOR('',#1046,1.);
#1046 = DIRECTION('',(0.,0.,1.));
#1047 = ORIENTED_EDGE('',*,*,#1048,.F.);
#1048 = EDGE_CURVE('',#1009,#1041,#1049,.T.);
#1049 = CIRCLE('',#1050,1.156298539074);
#1050 = AXIS2_PLACEMENT_3D('',#1051,#1052,#1053);
#1051 = CARTESIAN_POINT('',(128.34370146194,-114.4687014619,0.));
#1052 = DIRECTION('',(0.,0.,-1.));
#1053 = DIRECTION('',(0.999999999119,-4.197709661878E-05,0.));
#1054 = CYLINDRICAL_SURFACE('',#1055,1.156298539074);
#1055 = AXIS2_PLACEMENT_3D('',#1056,#1057,#1058);
#1056 = CARTESIAN_POINT('',(128.34370146194,-114.4687014619,0.));
#1057 = DIRECTION('',(0.,0.,-1.));
#1058 = DIRECTION('',(0.999999999119,-4.197709661878E-05,0.));
#1059 = ADVANCED_FACE('',(#1060),#1085,.T.);
#1060 = FACE_BOUND('',#1061,.T.);
#1061 = EDGE_LOOP('',(#1062,#1063,#1071,#1079));
#1062 = ORIENTED_EDGE('',*,*,#1040,.T.);
#1063 = ORIENTED_EDGE('',*,*,#1064,.T.);
#1064 = EDGE_CURVE('',#1032,#1065,#1067,.T.);
#1065 = VERTEX_POINT('',#1066);
#1066 = CARTESIAN_POINT('',(112.15625,-115.625,1.51));
#1067 = LINE('',#1068,#1069);
#1068 = CARTESIAN_POINT('',(128.34375,-115.625,1.51));
#1069 = VECTOR('',#1070,1.);
#1070 = DIRECTION('',(-1.,0.,0.));
#1071 = ORIENTED_EDGE('',*,*,#1072,.F.);
#1072 = EDGE_CURVE('',#1073,#1065,#1075,.T.);
#1073 = VERTEX_POINT('',#1074);
#1074 = CARTESIAN_POINT('',(112.15625,-115.625,0.));
#1075 = LINE('',#1076,#1077);
#1076 = CARTESIAN_POINT('',(112.15625,-115.625,0.));
#1077 = VECTOR('',#1078,1.);
#1078 = DIRECTION('',(0.,0.,1.));
#1079 = ORIENTED_EDGE('',*,*,#1080,.F.);
#1080 = EDGE_CURVE('',#1041,#1073,#1081,.T.);
#1081 = LINE('',#1082,#1083);
#1082 = CARTESIAN_POINT('',(128.34375,-115.625,0.));
#1083 = VECTOR('',#1084,1.);
#1084 = DIRECTION('',(-1.,0.,0.));
#1085 = PLANE('',#1086);
#1086 = AXIS2_PLACEMENT_3D('',#1087,#1088,#1089);
#1087 = CARTESIAN_POINT('',(128.34375,-115.625,0.));
#1088 = DIRECTION('',(0.,-1.,0.));
#1089 = DIRECTION('',(-1.,0.,0.));
#1090 = ADVANCED_FACE('',(#1091),#1118,.T.);
#1091 = FACE_BOUND('',#1092,.T.);
#1092 = EDGE_LOOP('',(#1093,#1094,#1103,#1111));
#1093 = ORIENTED_EDGE('',*,*,#1072,.T.);
#1094 = ORIENTED_EDGE('',*,*,#1095,.T.);
#1095 = EDGE_CURVE('',#1065,#1096,#1098,.T.);
#1096 = VERTEX_POINT('',#1097);
#1097 = CARTESIAN_POINT('',(111.,-114.46875,1.51));
#1098 = CIRCLE('',#1099,1.156298539074);
#1099 = AXIS2_PLACEMENT_3D('',#1100,#1101,#1102);
#1100 = CARTESIAN_POINT('',(112.15629853805,-114.4687014619,1.51));
#1101 = DIRECTION('',(0.,0.,-1.));
#1102 = DIRECTION('',(-4.197709661878E-05,-0.999999999119,-0.));
#1103 = ORIENTED_EDGE('',*,*,#1104,.F.);
#1104 = EDGE_CURVE('',#1105,#1096,#1107,.T.);
#1105 = VERTEX_POINT('',#1106);
#1106 = CARTESIAN_POINT('',(111.,-114.46875,0.));
#1107 = LINE('',#1108,#1109);
#1108 = CARTESIAN_POINT('',(111.,-114.46875,0.));
#1109 = VECTOR('',#1110,1.);
#1110 = DIRECTION('',(0.,0.,1.));
#1111 = ORIENTED_EDGE('',*,*,#1112,.F.);
#1112 = EDGE_CURVE('',#1073,#1105,#1113,.T.);
#1113 = CIRCLE('',#1114,1.156298539074);
#1114 = AXIS2_PLACEMENT_3D('',#1115,#1116,#1117);
#1115 = CARTESIAN_POINT('',(112.15629853805,-114.4687014619,0.));
#1116 = DIRECTION('',(0.,0.,-1.));
#1117 = DIRECTION('',(-4.197709661878E-05,-0.999999999119,-0.));
#1118 = CYLINDRICAL_SURFACE('',#1119,1.156298539074);
#1119 = AXIS2_PLACEMENT_3D('',#1120,#1121,#1122);
#1120 = CARTESIAN_POINT('',(112.15629853805,-114.4687014619,0.));
#1121 = DIRECTION('',(0.,0.,-1.));
#1122 = DIRECTION('',(-4.197709661878E-05,-0.999999999119,-0.));
#1123 = ADVANCED_FACE('',(#1124),#1149,.T.);
#1124 = FACE_BOUND('',#1125,.T.);
#1125 = EDGE_LOOP('',(#1126,#1127,#1135,#1143));
#1126 = ORIENTED_EDGE('',*,*,#1104,.T.);
#1127 = ORIENTED_EDGE('',*,*,#1128,.T.);
#1128 = EDGE_CURVE('',#1096,#1129,#1131,.T.);
#1129 = VERTEX_POINT('',#1130);
#1130 = CARTESIAN_POINT('',(111.,-61.28125,1.51));
#1131 = LINE('',#1132,#1133);
#1132 = CARTESIAN_POINT('',(111.,-114.46875,1.51));
#1133 = VECTOR('',#1134,1.);
#1134 = DIRECTION('',(0.,1.,0.));
#1135 = ORIENTED_EDGE('',*,*,#1136,.F.);
#1136 = EDGE_CURVE('',#1137,#1129,#1139,.T.);
#1137 = VERTEX_POINT('',#1138);
#1138 = CARTESIAN_POINT('',(111.,-61.28125,0.));
#1139 = LINE('',#1140,#1141);
#1140 = CARTESIAN_POINT('',(111.,-61.28125,0.));
#1141 = VECTOR('',#1142,1.);
#1142 = DIRECTION('',(0.,0.,1.));
#1143 = ORIENTED_EDGE('',*,*,#1144,.F.);
#1144 = EDGE_CURVE('',#1105,#1137,#1145,.T.);
#1145 = LINE('',#1146,#1147);
#1146 = CARTESIAN_POINT('',(111.,-114.46875,0.));
#1147 = VECTOR('',#1148,1.);
#1148 = DIRECTION('',(0.,1.,0.));
#1149 = PLANE('',#1150);
#1150 = AXIS2_PLACEMENT_3D('',#1151,#1152,#1153);
#1151 = CARTESIAN_POINT('',(111.,-114.46875,0.));
#1152 = DIRECTION('',(-1.,0.,0.));
#1153 = DIRECTION('',(0.,1.,0.));
#1154 = ADVANCED_FACE('',(#1155),#1182,.T.);
#1155 = FACE_BOUND('',#1156,.T.);
#1156 = EDGE_LOOP('',(#1157,#1158,#1167,#1175));
#1157 = ORIENTED_EDGE('',*,*,#1136,.T.);
#1158 = ORIENTED_EDGE('',*,*,#1159,.T.);
#1159 = EDGE_CURVE('',#1129,#1160,#1162,.T.);
#1160 = VERTEX_POINT('',#1161);
#1161 = CARTESIAN_POINT('',(112.15625,-60.125,1.51));
#1162 = CIRCLE('',#1163,1.156298539074);
#1163 = AXIS2_PLACEMENT_3D('',#1164,#1165,#1166);
#1164 = CARTESIAN_POINT('',(112.15629853805,-61.28129853805,1.51));
#1165 = DIRECTION('',(0.,0.,-1.));
#1166 = DIRECTION('',(-0.999999999119,4.197709661878E-05,0.));
#1167 = ORIENTED_EDGE('',*,*,#1168,.F.);
#1168 = EDGE_CURVE('',#1169,#1160,#1171,.T.);
#1169 = VERTEX_POINT('',#1170);
#1170 = CARTESIAN_POINT('',(112.15625,-60.125,0.));
#1171 = LINE('',#1172,#1173);
#1172 = CARTESIAN_POINT('',(112.15625,-60.125,0.));
#1173 = VECTOR('',#1174,1.);
#1174 = DIRECTION('',(0.,0.,1.));
#1175 = ORIENTED_EDGE('',*,*,#1176,.F.);
#1176 = EDGE_CURVE('',#1137,#1169,#1177,.T.);
#1177 = CIRCLE('',#1178,1.156298539074);
#1178 = AXIS2_PLACEMENT_3D('',#1179,#1180,#1181);
#1179 = CARTESIAN_POINT('',(112.15629853805,-61.28129853805,0.));
#1180 = DIRECTION('',(0.,0.,-1.));
#1181 = DIRECTION('',(-0.999999999119,4.197709661878E-05,0.));
#1182 = CYLINDRICAL_SURFACE('',#1183,1.156298539074);
#1183 = AXIS2_PLACEMENT_3D('',#1184,#1185,#1186);
#1184 = CARTESIAN_POINT('',(112.15629853805,-61.28129853805,0.));
#1185 = DIRECTION('',(0.,0.,-1.));
#1186 = DIRECTION('',(-0.999999999119,4.197709661878E-05,0.));
#1187 = ADVANCED_FACE('',(#1188),#1213,.T.);
#1188 = FACE_BOUND('',#1189,.T.);
#1189 = EDGE_LOOP('',(#1190,#1191,#1199,#1207));
#1190 = ORIENTED_EDGE('',*,*,#1168,.T.);
#1191 = ORIENTED_EDGE('',*,*,#1192,.T.);
#1192 = EDGE_CURVE('',#1160,#1193,#1195,.T.);
#1193 = VERTEX_POINT('',#1194);
#1194 = CARTESIAN_POINT('',(128.34375,-60.125,1.51));
#1195 = LINE('',#1196,#1197);
#1196 = CARTESIAN_POINT('',(112.15625,-60.125,1.51));
#1197 = VECTOR('',#1198,1.);
#1198 = DIRECTION('',(1.,0.,0.));
#1199 = ORIENTED_EDGE('',*,*,#1200,.F.);
#1200 = EDGE_CURVE('',#1201,#1193,#1203,.T.);
#1201 = VERTEX_POINT('',#1202);
#1202 = CARTESIAN_POINT('',(128.34375,-60.125,0.));
#1203 = LINE('',#1204,#1205);
#1204 = CARTESIAN_POINT('',(128.34375,-60.125,0.));
#1205 = VECTOR('',#1206,1.);
#1206 = DIRECTION('',(0.,0.,1.));
#1207 = ORIENTED_EDGE('',*,*,#1208,.F.);
#1208 = EDGE_CURVE('',#1169,#1201,#1209,.T.);
#1209 = LINE('',#1210,#1211);
#1210 = CARTESIAN_POINT('',(112.15625,-60.125,0.));
#1211 = VECTOR('',#1212,1.);
#1212 = DIRECTION('',(1.,0.,0.));
#1213 = PLANE('',#1214);
#1214 = AXIS2_PLACEMENT_3D('',#1215,#1216,#1217);
#1215 = CARTESIAN_POINT('',(112.15625,-60.125,0.));
#1216 = DIRECTION('',(0.,1.,0.));
#1217 = DIRECTION('',(1.,0.,0.));
#1218 = ADVANCED_FACE('',(#1219),#1246,.F.);
#1219 = FACE_BOUND('',#1220,.T.);
#1220 = EDGE_LOOP('',(#1221,#1222,#1231,#1239));
#1221 = ORIENTED_EDGE('',*,*,#1200,.T.);
#1222 = ORIENTED_EDGE('',*,*,#1223,.T.);
#1223 = EDGE_CURVE('',#1193,#1224,#1226,.T.);
#1224 = VERTEX_POINT('',#1225);
#1225 = CARTESIAN_POINT('',(129.5,-58.96875,1.51));
#1226 = CIRCLE('',#1227,1.156298539074);
#1227 = AXIS2_PLACEMENT_3D('',#1228,#1229,#1230);
#1228 = CARTESIAN_POINT('',(128.34370146194,-58.96870146194,1.51));
#1229 = DIRECTION('',(0.,0.,1.));
#1230 = DIRECTION('',(4.19770965942E-05,-0.999999999119,0.));
#1231 = ORIENTED_EDGE('',*,*,#1232,.F.);
#1232 = EDGE_CURVE('',#1233,#1224,#1235,.T.);
#1233 = VERTEX_POINT('',#1234);
#1234 = CARTESIAN_POINT('',(129.5,-58.96875,0.));
#1235 = LINE('',#1236,#1237);
#1236 = CARTESIAN_POINT('',(129.5,-58.96875,0.));
#1237 = VECTOR('',#1238,1.);
#1238 = DIRECTION('',(0.,0.,1.));
#1239 = ORIENTED_EDGE('',*,*,#1240,.F.);
#1240 = EDGE_CURVE('',#1201,#1233,#1241,.T.);
#1241 = CIRCLE('',#1242,1.156298539074);
#1242 = AXIS2_PLACEMENT_3D('',#1243,#1244,#1245);
#1243 = CARTESIAN_POINT('',(128.34370146194,-58.96870146194,0.));
#1244 = DIRECTION('',(0.,0.,1.));
#1245 = DIRECTION('',(4.19770965942E-05,-0.999999999119,0.));
#1246 = CYLINDRICAL_SURFACE('',#1247,1.156298539074);
#1247 = AXIS2_PLACEMENT_3D('',#1248,#1249,#1250);
#1248 = CARTESIAN_POINT('',(128.34370146194,-58.96870146194,0.));
#1249 = DIRECTION('',(-0.,-0.,-1.));
#1250 = DIRECTION('',(4.19770965942E-05,-0.999999999119,0.));
#1251 = ADVANCED_FACE('',(#1252),#1277,.T.);
#1252 = FACE_BOUND('',#1253,.T.);
#1253 = EDGE_LOOP('',(#1254,#1255,#1263,#1271));
#1254 = ORIENTED_EDGE('',*,*,#1232,.T.);
#1255 = ORIENTED_EDGE('',*,*,#1256,.T.);
#1256 = EDGE_CURVE('',#1224,#1257,#1259,.T.);
#1257 = VERTEX_POINT('',#1258);
#1258 = CARTESIAN_POINT('',(129.5,-56.65625,1.51));
#1259 = LINE('',#1260,#1261);
#1260 = CARTESIAN_POINT('',(129.5,-58.96875,1.51));
#1261 = VECTOR('',#1262,1.);
#1262 = DIRECTION('',(0.,1.,0.));
#1263 = ORIENTED_EDGE('',*,*,#1264,.F.);
#1264 = EDGE_CURVE('',#1265,#1257,#1267,.T.);
#1265 = VERTEX_POINT('',#1266);
#1266 = CARTESIAN_POINT('',(129.5,-56.65625,0.));
#1267 = LINE('',#1268,#1269);
#1268 = CARTESIAN_POINT('',(129.5,-56.65625,0.));
#1269 = VECTOR('',#1270,1.);
#1270 = DIRECTION('',(0.,0.,1.));
#1271 = ORIENTED_EDGE('',*,*,#1272,.F.);
#1272 = EDGE_CURVE('',#1233,#1265,#1273,.T.);
#1273 = LINE('',#1274,#1275);
#1274 = CARTESIAN_POINT('',(129.5,-58.96875,0.));
#1275 = VECTOR('',#1276,1.);
#1276 = DIRECTION('',(0.,1.,0.));
#1277 = PLANE('',#1278);
#1278 = AXIS2_PLACEMENT_3D('',#1279,#1280,#1281);
#1279 = CARTESIAN_POINT('',(129.5,-58.96875,0.));
#1280 = DIRECTION('',(-1.,0.,0.));
#1281 = DIRECTION('',(0.,1.,0.));
#1282 = ADVANCED_FACE('',(#1283),#1310,.T.);
#1283 = FACE_BOUND('',#1284,.T.);
#1284 = EDGE_LOOP('',(#1285,#1286,#1295,#1303));
#1285 = ORIENTED_EDGE('',*,*,#1264,.T.);
#1286 = ORIENTED_EDGE('',*,*,#1287,.T.);
#1287 = EDGE_CURVE('',#1257,#1288,#1290,.T.);
#1288 = VERTEX_POINT('',#1289);
#1289 = CARTESIAN_POINT('',(130.65625,-55.5,1.51));
#1290 = CIRCLE('',#1291,1.156298539074);
#1291 = AXIS2_PLACEMENT_3D('',#1292,#1293,#1294);
#1292 = CARTESIAN_POINT('',(130.65629853805,-56.65629853805,1.51));
#1293 = DIRECTION('',(0.,0.,-1.));
#1294 = DIRECTION('',(-0.999999999119,4.197709661878E-05,0.));
#1295 = ORIENTED_EDGE('',*,*,#1296,.F.);
#1296 = EDGE_CURVE('',#1297,#1288,#1299,.T.);
#1297 = VERTEX_POINT('',#1298);
#1298 = CARTESIAN_POINT('',(130.65625,-55.5,0.));
#1299 = LINE('',#1300,#1301);
#1300 = CARTESIAN_POINT('',(130.65625,-55.5,0.));
#1301 = VECTOR('',#1302,1.);
#1302 = DIRECTION('',(0.,0.,1.));
#1303 = ORIENTED_EDGE('',*,*,#1304,.F.);
#1304 = EDGE_CURVE('',#1265,#1297,#1305,.T.);
#1305 = CIRCLE('',#1306,1.156298539074);
#1306 = AXIS2_PLACEMENT_3D('',#1307,#1308,#1309);
#1307 = CARTESIAN_POINT('',(130.65629853805,-56.65629853805,0.));
#1308 = DIRECTION('',(0.,0.,-1.));
#1309 = DIRECTION('',(-0.999999999119,4.197709661878E-05,0.));
#1310 = CYLINDRICAL_SURFACE('',#1311,1.156298539074);
#1311 = AXIS2_PLACEMENT_3D('',#1312,#1313,#1314);
#1312 = CARTESIAN_POINT('',(130.65629853805,-56.65629853805,0.));
#1313 = DIRECTION('',(0.,0.,-1.));
#1314 = DIRECTION('',(-0.999999999119,4.197709661878E-05,0.));
#1315 = ADVANCED_FACE('',(#1316),#1341,.T.);
#1316 = FACE_BOUND('',#1317,.T.);
#1317 = EDGE_LOOP('',(#1318,#1319,#1327,#1335));
#1318 = ORIENTED_EDGE('',*,*,#1296,.T.);
#1319 = ORIENTED_EDGE('',*,*,#1320,.T.);
#1320 = EDGE_CURVE('',#1288,#1321,#1323,.T.);
#1321 = VERTEX_POINT('',#1322);
#1322 = CARTESIAN_POINT('',(146.84375,-55.5,1.51));
#1323 = LINE('',#1324,#1325);
#1324 = CARTESIAN_POINT('',(130.65625,-55.5,1.51));
#1325 = VECTOR('',#1326,1.);
#1326 = DIRECTION('',(1.,0.,0.));
#1327 = ORIENTED_EDGE('',*,*,#1328,.F.);
#1328 = EDGE_CURVE('',#1329,#1321,#1331,.T.);
#1329 = VERTEX_POINT('',#1330);
#1330 = CARTESIAN_POINT('',(146.84375,-55.5,0.));
#1331 = LINE('',#1332,#1333);
#1332 = CARTESIAN_POINT('',(146.84375,-55.5,0.));
#1333 = VECTOR('',#1334,1.);
#1334 = DIRECTION('',(0.,0.,1.));
#1335 = ORIENTED_EDGE('',*,*,#1336,.F.);
#1336 = EDGE_CURVE('',#1297,#1329,#1337,.T.);
#1337 = LINE('',#1338,#1339);
#1338 = CARTESIAN_POINT('',(130.65625,-55.5,0.));
#1339 = VECTOR('',#1340,1.);
#1340 = DIRECTION('',(1.,0.,0.));
#1341 = PLANE('',#1342);
#1342 = AXIS2_PLACEMENT_3D('',#1343,#1344,#1345);
#1343 = CARTESIAN_POINT('',(130.65625,-55.5,0.));
#1344 = DIRECTION('',(0.,1.,0.));
#1345 = DIRECTION('',(1.,0.,0.));
#1346 = ADVANCED_FACE('',(#1347),#1374,.F.);
#1347 = FACE_BOUND('',#1348,.T.);
#1348 = EDGE_LOOP('',(#1349,#1350,#1359,#1367));
#1349 = ORIENTED_EDGE('',*,*,#1328,.T.);
#1350 = ORIENTED_EDGE('',*,*,#1351,.T.);
#1351 = EDGE_CURVE('',#1321,#1352,#1354,.T.);
#1352 = VERTEX_POINT('',#1353);
#1353 = CARTESIAN_POINT('',(148.,-54.34375,1.51));
#1354 = CIRCLE('',#1355,1.156298539074);
#1355 = AXIS2_PLACEMENT_3D('',#1356,#1357,#1358);
#1356 = CARTESIAN_POINT('',(146.84370146194,-54.34370146194,1.51));
#1357 = DIRECTION('',(0.,0.,1.));
#1358 = DIRECTION('',(4.19770965942E-05,-0.999999999119,0.));
#1359 = ORIENTED_EDGE('',*,*,#1360,.F.);
#1360 = EDGE_CURVE('',#1361,#1352,#1363,.T.);
#1361 = VERTEX_POINT('',#1362);
#1362 = CARTESIAN_POINT('',(148.,-54.34375,0.));
#1363 = LINE('',#1364,#1365);
#1364 = CARTESIAN_POINT('',(148.,-54.34375,0.));
#1365 = VECTOR('',#1366,1.);
#1366 = DIRECTION('',(0.,0.,1.));
#1367 = ORIENTED_EDGE('',*,*,#1368,.F.);
#1368 = EDGE_CURVE('',#1329,#1361,#1369,.T.);
#1369 = CIRCLE('',#1370,1.156298539074);
#1370 = AXIS2_PLACEMENT_3D('',#1371,#1372,#1373);
#1371 = CARTESIAN_POINT('',(146.84370146194,-54.34370146194,0.));
#1372 = DIRECTION('',(0.,0.,1.));
#1373 = DIRECTION('',(4.19770965942E-05,-0.999999999119,0.));
#1374 = CYLINDRICAL_SURFACE('',#1375,1.156298539074);
#1375 = AXIS2_PLACEMENT_3D('',#1376,#1377,#1378);
#1376 = CARTESIAN_POINT('',(146.84370146194,-54.34370146194,0.));
#1377 = DIRECTION('',(-0.,-0.,-1.));
#1378 = DIRECTION('',(4.19770965942E-05,-0.999999999119,0.));
#1379 = ADVANCED_FACE('',(#1380),#1405,.T.);
#1380 = FACE_BOUND('',#1381,.T.);
#1381 = EDGE_LOOP('',(#1382,#1383,#1391,#1399));
#1382 = ORIENTED_EDGE('',*,*,#1360,.T.);
#1383 = ORIENTED_EDGE('',*,*,#1384,.T.);
#1384 = EDGE_CURVE('',#1352,#1385,#1387,.T.);
#1385 = VERTEX_POINT('',#1386);
#1386 = CARTESIAN_POINT('',(148.,-52.03125,1.51));
#1387 = LINE('',#1388,#1389);
#1388 = CARTESIAN_POINT('',(148.,-54.34375,1.51));
#1389 = VECTOR('',#1390,1.);
#1390 = DIRECTION('',(0.,1.,0.));
#1391 = ORIENTED_EDGE('',*,*,#1392,.F.);
#1392 = EDGE_CURVE('',#1393,#1385,#1395,.T.);
#1393 = VERTEX_POINT('',#1394);
#1394 = CARTESIAN_POINT('',(148.,-52.03125,0.));
#1395 = LINE('',#1396,#1397);
#1396 = CARTESIAN_POINT('',(148.,-52.03125,0.));
#1397 = VECTOR('',#1398,1.);
#1398 = DIRECTION('',(0.,0.,1.));
#1399 = ORIENTED_EDGE('',*,*,#1400,.F.);
#1400 = EDGE_CURVE('',#1361,#1393,#1401,.T.);
#1401 = LINE('',#1402,#1403);
#1402 = CARTESIAN_POINT('',(148.,-54.34375,0.));
#1403 = VECTOR('',#1404,1.);
#1404 = DIRECTION('',(0.,1.,0.));
#1405 = PLANE('',#1406);
#1406 = AXIS2_PLACEMENT_3D('',#1407,#1408,#1409);
#1407 = CARTESIAN_POINT('',(148.,-54.34375,0.));
#1408 = DIRECTION('',(-1.,0.,0.));
#1409 = DIRECTION('',(0.,1.,0.));
#1410 = ADVANCED_FACE('',(#1411),#1438,.T.);
#1411 = FACE_BOUND('',#1412,.T.);
#1412 = EDGE_LOOP('',(#1413,#1414,#1423,#1431));
#1413 = ORIENTED_EDGE('',*,*,#1392,.T.);
#1414 = ORIENTED_EDGE('',*,*,#1415,.T.);
#1415 = EDGE_CURVE('',#1385,#1416,#1418,.T.);
#1416 = VERTEX_POINT('',#1417);
#1417 = CARTESIAN_POINT('',(149.15625,-50.875,1.51));
#1418 = CIRCLE('',#1419,1.156298539074);
#1419 = AXIS2_PLACEMENT_3D('',#1420,#1421,#1422);
#1420 = CARTESIAN_POINT('',(149.15629853805,-52.03129853805,1.51));
#1421 = DIRECTION('',(0.,0.,-1.));
#1422 = DIRECTION('',(-0.999999999119,4.197709661878E-05,0.));
#1423 = ORIENTED_EDGE('',*,*,#1424,.F.);
#1424 = EDGE_CURVE('',#1425,#1416,#1427,.T.);
#1425 = VERTEX_POINT('',#1426);
#1426 = CARTESIAN_POINT('',(149.15625,-50.875,0.));
#1427 = LINE('',#1428,#1429);
#1428 = CARTESIAN_POINT('',(149.15625,-50.875,0.));
#1429 = VECTOR('',#1430,1.);
#1430 = DIRECTION('',(0.,0.,1.));
#1431 = ORIENTED_EDGE('',*,*,#1432,.F.);
#1432 = EDGE_CURVE('',#1393,#1425,#1433,.T.);
#1433 = CIRCLE('',#1434,1.156298539074);
#1434 = AXIS2_PLACEMENT_3D('',#1435,#1436,#1437);
#1435 = CARTESIAN_POINT('',(149.15629853805,-52.03129853805,0.));
#1436 = DIRECTION('',(0.,0.,-1.));
#1437 = DIRECTION('',(-0.999999999119,4.197709661878E-05,0.));
#1438 = CYLINDRICAL_SURFACE('',#1439,1.156298539074);
#1439 = AXIS2_PLACEMENT_3D('',#1440,#1441,#1442);
#1440 = CARTESIAN_POINT('',(149.15629853805,-52.03129853805,0.));
#1441 = DIRECTION('',(0.,0.,-1.));
#1442 = DIRECTION('',(-0.999999999119,4.197709661878E-05,0.));
#1443 = ADVANCED_FACE('',(#1444),#1460,.T.);
#1444 = FACE_BOUND('',#1445,.T.);
#1445 = EDGE_LOOP('',(#1446,#1447,#1453,#1454));
#1446 = ORIENTED_EDGE('',*,*,#1424,.T.);
#1447 = ORIENTED_EDGE('',*,*,#1448,.T.);
#1448 = EDGE_CURVE('',#1416,#35,#1449,.T.);
#1449 = LINE('',#1450,#1451);
#1450 = CARTESIAN_POINT('',(149.15625,-50.875,1.51));
#1451 = VECTOR('',#1452,1.);
#1452 = DIRECTION('',(1.,0.,0.));
#1453 = ORIENTED_EDGE('',*,*,#32,.F.);
#1454 = ORIENTED_EDGE('',*,*,#1455,.F.);
#1455 = EDGE_CURVE('',#1425,#33,#1456,.T.);
#1456 = LINE('',#1457,#1458);
#1457 = CARTESIAN_POINT('',(149.15625,-50.875,0.));
#1458 = VECTOR('',#1459,1.);
#1459 = DIRECTION('',(1.,0.,0.));
#1460 = PLANE('',#1461);
#1461 = AXIS2_PLACEMENT_3D('',#1462,#1463,#1464);
#1462 = CARTESIAN_POINT('',(149.15625,-50.875,0.));
#1463 = DIRECTION('',(0.,1.,0.));
#1464 = DIRECTION('',(1.,0.,0.));
#1465 = ADVANCED_FACE('',(#1466),#1500,.T.);
#1466 = FACE_BOUND('',#1467,.T.);
#1467 = EDGE_LOOP('',(#1468,#1478,#1486,#1494));
#1468 = ORIENTED_EDGE('',*,*,#1469,.T.);
#1469 = EDGE_CURVE('',#1470,#1472,#1474,.T.);
#1470 = VERTEX_POINT('',#1471);
#1471 = CARTESIAN_POINT('',(205.75,-136.5,0.));
#1472 = VERTEX_POINT('',#1473);
#1473 = CARTESIAN_POINT('',(205.75,-136.5,1.51));
#1474 = LINE('',#1475,#1476);
#1475 = CARTESIAN_POINT('',(205.75,-136.5,0.));
#1476 = VECTOR('',#1477,1.);
#1477 = DIRECTION('',(0.,0.,1.));
#1478 = ORIENTED_EDGE('',*,*,#1479,.T.);
#1479 = EDGE_CURVE('',#1472,#1480,#1482,.T.);
#1480 = VERTEX_POINT('',#1481);
#1481 = CARTESIAN_POINT('',(219.75,-136.5,1.51));
#1482 = LINE('',#1483,#1484);
#1483 = CARTESIAN_POINT('',(205.75,-136.5,1.51));
#1484 = VECTOR('',#1485,1.);
#1485 = DIRECTION('',(1.,0.,0.));
#1486 = ORIENTED_EDGE('',*,*,#1487,.F.);
#1487 = EDGE_CURVE('',#1488,#1480,#1490,.T.);
#1488 = VERTEX_POINT('',#1489);
#1489 = CARTESIAN_POINT('',(219.75,-136.5,0.));
#1490 = LINE('',#1491,#1492);
#1491 = CARTESIAN_POINT('',(219.75,-136.5,0.));
#1492 = VECTOR('',#1493,1.);
#1493 = DIRECTION('',(0.,0.,1.));
#1494 = ORIENTED_EDGE('',*,*,#1495,.F.);
#1495 = EDGE_CURVE('',#1470,#1488,#1496,.T.);
#1496 = LINE('',#1497,#1498);
#1497 = CARTESIAN_POINT('',(205.75,-136.5,0.));
#1498 = VECTOR('',#1499,1.);
#1499 = DIRECTION('',(1.,0.,0.));
#1500 = PLANE('',#1501);
#1501 = AXIS2_PLACEMENT_3D('',#1502,#1503,#1504);
#1502 = CARTESIAN_POINT('',(205.75,-136.5,0.));
#1503 = DIRECTION('',(0.,1.,0.));
#1504 = DIRECTION('',(1.,0.,0.));
#1505 = ADVANCED_FACE('',(#1506),#1531,.T.);
#1506 = FACE_BOUND('',#1507,.T.);
#1507 = EDGE_LOOP('',(#1508,#1509,#1517,#1525));
#1508 = ORIENTED_EDGE('',*,*,#1487,.T.);
#1509 = ORIENTED_EDGE('',*,*,#1510,.T.);
#1510 = EDGE_CURVE('',#1480,#1511,#1513,.T.);
#1511 = VERTEX_POINT('',#1512);
#1512 = CARTESIAN_POINT('',(219.75,-122.5,1.51));
#1513 = LINE('',#1514,#1515);
#1514 = CARTESIAN_POINT('',(219.75,-136.5,1.51));
#1515 = VECTOR('',#1516,1.);
#1516 = DIRECTION('',(0.,1.,0.));
#1517 = ORIENTED_EDGE('',*,*,#1518,.F.);
#1518 = EDGE_CURVE('',#1519,#1511,#1521,.T.);
#1519 = VERTEX_POINT('',#1520);
#1520 = CARTESIAN_POINT('',(219.75,-122.5,0.));
#1521 = LINE('',#1522,#1523);
#1522 = CARTESIAN_POINT('',(219.75,-122.5,0.));
#1523 = VECTOR('',#1524,1.);
#1524 = DIRECTION('',(0.,0.,1.));
#1525 = ORIENTED_EDGE('',*,*,#1526,.F.);
#1526 = EDGE_CURVE('',#1488,#1519,#1527,.T.);
#1527 = LINE('',#1528,#1529);
#1528 = CARTESIAN_POINT('',(219.75,-136.5,0.));
#1529 = VECTOR('',#1530,1.);
#1530 = DIRECTION('',(0.,1.,0.));
#1531 = PLANE('',#1532);
#1532 = AXIS2_PLACEMENT_3D('',#1533,#1534,#1535);
#1533 = CARTESIAN_POINT('',(219.75,-136.5,0.));
#1534 = DIRECTION('',(-1.,0.,0.));
#1535 = DIRECTION('',(0.,1.,0.));
#1536 = ADVANCED_FACE('',(#1537),#1562,.T.);
#1537 = FACE_BOUND('',#1538,.T.);
#1538 = EDGE_LOOP('',(#1539,#1540,#1548,#1556));
#1539 = ORIENTED_EDGE('',*,*,#1518,.T.);
#1540 = ORIENTED_EDGE('',*,*,#1541,.T.);
#1541 = EDGE_CURVE('',#1511,#1542,#1544,.T.);
#1542 = VERTEX_POINT('',#1543);
#1543 = CARTESIAN_POINT('',(205.75,-122.5,1.51));
#1544 = LINE('',#1545,#1546);
#1545 = CARTESIAN_POINT('',(219.75,-122.5,1.51));
#1546 = VECTOR('',#1547,1.);
#1547 = DIRECTION('',(-1.,0.,0.));
#1548 = ORIENTED_EDGE('',*,*,#1549,.F.);
#1549 = EDGE_CURVE('',#1550,#1542,#1552,.T.);
#1550 = VERTEX_POINT('',#1551);
#1551 = CARTESIAN_POINT('',(205.75,-122.5,0.));
#1552 = LINE('',#1553,#1554);
#1553 = CARTESIAN_POINT('',(205.75,-122.5,0.));
#1554 = VECTOR('',#1555,1.);
#1555 = DIRECTION('',(0.,0.,1.));
#1556 = ORIENTED_EDGE('',*,*,#1557,.F.);
#1557 = EDGE_CURVE('',#1519,#1550,#1558,.T.);
#1558 = LINE('',#1559,#1560);
#1559 = CARTESIAN_POINT('',(219.75,-122.5,0.));
#1560 = VECTOR('',#1561,1.);
#1561 = DIRECTION('',(-1.,0.,0.));
#1562 = PLANE('',#1563);
#1563 = AXIS2_PLACEMENT_3D('',#1564,#1565,#1566);
#1564 = CARTESIAN_POINT('',(219.75,-122.5,0.));
#1565 = DIRECTION('',(0.,-1.,0.));
#1566 = DIRECTION('',(-1.,0.,0.));
#1567 = ADVANCED_FACE('',(#1568),#1584,.T.);
#1568 = FACE_BOUND('',#1569,.T.);
#1569 = EDGE_LOOP('',(#1570,#1571,#1577,#1578));
#1570 = ORIENTED_EDGE('',*,*,#1549,.T.);
#1571 = ORIENTED_EDGE('',*,*,#1572,.T.);
#1572 = EDGE_CURVE('',#1542,#1472,#1573,.T.);
#1573 = LINE('',#1574,#1575);
#1574 = CARTESIAN_POINT('',(205.75,-122.5,1.51));
#1575 = VECTOR('',#1576,1.);
#1576 = DIRECTION('',(0.,-1.,0.));
#1577 = ORIENTED_EDGE('',*,*,#1469,.F.);
#1578 = ORIENTED_EDGE('',*,*,#1579,.F.);
#1579 = EDGE_CURVE('',#1550,#1470,#1580,.T.);
#1580 = LINE('',#1581,#1582);
#1581 = CARTESIAN_POINT('',(205.75,-122.5,0.));
#1582 = VECTOR('',#1583,1.);
#1583 = DIRECTION('',(0.,-1.,0.));
#1584 = PLANE('',#1585);
#1585 = AXIS2_PLACEMENT_3D('',#1586,#1587,#1588);
#1586 = CARTESIAN_POINT('',(205.75,-122.5,0.));
#1587 = DIRECTION('',(1.,0.,-0.));
#1588 = DIRECTION('',(0.,-1.,0.));
#1589 = ADVANCED_FACE('',(#1590),#1624,.T.);
#1590 = FACE_BOUND('',#1591,.T.);
#1591 = EDGE_LOOP('',(#1592,#1602,#1610,#1618));
#1592 = ORIENTED_EDGE('',*,*,#1593,.T.);
#1593 = EDGE_CURVE('',#1594,#1596,#1598,.T.);
#1594 = VERTEX_POINT('',#1595);
#1595 = CARTESIAN_POINT('',(187.25,-131.875,0.));
#1596 = VERTEX_POINT('',#1597);
#1597 = CARTESIAN_POINT('',(187.25,-131.875,1.51));
#1598 = LINE('',#1599,#1600);
#1599 = CARTESIAN_POINT('',(187.25,-131.875,0.));
#1600 = VECTOR('',#1601,1.);
#1601 = DIRECTION('',(0.,0.,1.));
#1602 = ORIENTED_EDGE('',*,*,#1603,.T.);
#1603 = EDGE_CURVE('',#1596,#1604,#1606,.T.);
#1604 = VERTEX_POINT('',#1605);
#1605 = CARTESIAN_POINT('',(201.25,-131.875,1.51));
#1606 = LINE('',#1607,#1608);
#1607 = CARTESIAN_POINT('',(187.25,-131.875,1.51));
#1608 = VECTOR('',#1609,1.);
#1609 = DIRECTION('',(1.,0.,0.));
#1610 = ORIENTED_EDGE('',*,*,#1611,.F.);
#1611 = EDGE_CURVE('',#1612,#1604,#1614,.T.);
#1612 = VERTEX_POINT('',#1613);
#1613 = CARTESIAN_POINT('',(201.25,-131.875,0.));
#1614 = LINE('',#1615,#1616);
#1615 = CARTESIAN_POINT('',(201.25,-131.875,0.));
#1616 = VECTOR('',#1617,1.);
#1617 = DIRECTION('',(0.,0.,1.));
#1618 = ORIENTED_EDGE('',*,*,#1619,.F.);
#1619 = EDGE_CURVE('',#1594,#1612,#1620,.T.);
#1620 = LINE('',#1621,#1622);
#1621 = CARTESIAN_POINT('',(187.25,-131.875,0.));
#1622 = VECTOR('',#1623,1.);
#1623 = DIRECTION('',(1.,0.,0.));
#1624 = PLANE('',#1625);
#1625 = AXIS2_PLACEMENT_3D('',#1626,#1627,#1628);
#1626 = CARTESIAN_POINT('',(187.25,-131.875,0.));
#1627 = DIRECTION('',(0.,1.,0.));
#1628 = DIRECTION('',(1.,0.,0.));
#1629 = ADVANCED_FACE('',(#1630),#1655,.T.);
#1630 = FACE_BOUND('',#1631,.T.);
#1631 = EDGE_LOOP('',(#1632,#1633,#1641,#1649));
#1632 = ORIENTED_EDGE('',*,*,#1611,.T.);
#1633 = ORIENTED_EDGE('',*,*,#1634,.T.);
#1634 = EDGE_CURVE('',#1604,#1635,#1637,.T.);
#1635 = VERTEX_POINT('',#1636);
#1636 = CARTESIAN_POINT('',(201.25,-117.875,1.51));
#1637 = LINE('',#1638,#1639);
#1638 = CARTESIAN_POINT('',(201.25,-131.875,1.51));
#1639 = VECTOR('',#1640,1.);
#1640 = DIRECTION('',(0.,1.,0.));
#1641 = ORIENTED_EDGE('',*,*,#1642,.F.);
#1642 = EDGE_CURVE('',#1643,#1635,#1645,.T.);
#1643 = VERTEX_POINT('',#1644);
#1644 = CARTESIAN_POINT('',(201.25,-117.875,0.));
#1645 = LINE('',#1646,#1647);
#1646 = CARTESIAN_POINT('',(201.25,-117.875,0.));
#1647 = VECTOR('',#1648,1.);
#1648 = DIRECTION('',(0.,0.,1.));
#1649 = ORIENTED_EDGE('',*,*,#1650,.F.);
#1650 = EDGE_CURVE('',#1612,#1643,#1651,.T.);
#1651 = LINE('',#1652,#1653);
#1652 = CARTESIAN_POINT('',(201.25,-131.875,0.));
#1653 = VECTOR('',#1654,1.);
#1654 = DIRECTION('',(0.,1.,0.));
#1655 = PLANE('',#1656);
#1656 = AXIS2_PLACEMENT_3D('',#1657,#1658,#1659);
#1657 = CARTESIAN_POINT('',(201.25,-131.875,0.));
#1658 = DIRECTION('',(-1.,0.,0.));
#1659 = DIRECTION('',(0.,1.,0.));
#1660 = ADVANCED_FACE('',(#1661),#1686,.T.);
#1661 = FACE_BOUND('',#1662,.T.);
#1662 = EDGE_LOOP('',(#1663,#1664,#1672,#1680));
#1663 = ORIENTED_EDGE('',*,*,#1642,.T.);
#1664 = ORIENTED_EDGE('',*,*,#1665,.T.);
#1665 = EDGE_CURVE('',#1635,#1666,#1668,.T.);
#1666 = VERTEX_POINT('',#1667);
#1667 = CARTESIAN_POINT('',(187.25,-117.875,1.51));
#1668 = LINE('',#1669,#1670);
#1669 = CARTESIAN_POINT('',(201.25,-117.875,1.51));
#1670 = VECTOR('',#1671,1.);
#1671 = DIRECTION('',(-1.,0.,0.));
#1672 = ORIENTED_EDGE('',*,*,#1673,.F.);
#1673 = EDGE_CURVE('',#1674,#1666,#1676,.T.);
#1674 = VERTEX_POINT('',#1675);
#1675 = CARTESIAN_POINT('',(187.25,-117.875,0.));
#1676 = LINE('',#1677,#1678);
#1677 = CARTESIAN_POINT('',(187.25,-117.875,0.));
#1678 = VECTOR('',#1679,1.);
#1679 = DIRECTION('',(0.,0.,1.));
#1680 = ORIENTED_EDGE('',*,*,#1681,.F.);
#1681 = EDGE_CURVE('',#1643,#1674,#1682,.T.);
#1682 = LINE('',#1683,#1684);
#1683 = CARTESIAN_POINT('',(201.25,-117.875,0.));
#1684 = VECTOR('',#1685,1.);
#1685 = DIRECTION('',(-1.,0.,0.));
#1686 = PLANE('',#1687);
#1687 = AXIS2_PLACEMENT_3D('',#1688,#1689,#1690);
#1688 = CARTESIAN_POINT('',(201.25,-117.875,0.));
#1689 = DIRECTION('',(0.,-1.,0.));
#1690 = DIRECTION('',(-1.,0.,0.));
#1691 = ADVANCED_FACE('',(#1692),#1708,.T.);
#1692 = FACE_BOUND('',#1693,.T.);
#1693 = EDGE_LOOP('',(#1694,#1695,#1701,#1702));
#1694 = ORIENTED_EDGE('',*,*,#1673,.T.);
#1695 = ORIENTED_EDGE('',*,*,#1696,.T.);
#1696 = EDGE_CURVE('',#1666,#1596,#1697,.T.);
#1697 = LINE('',#1698,#1699);
#1698 = CARTESIAN_POINT('',(187.25,-117.875,1.51));
#1699 = VECTOR('',#1700,1.);
#1700 = DIRECTION('',(0.,-1.,0.));
#1701 = ORIENTED_EDGE('',*,*,#1593,.F.);
#1702 = ORIENTED_EDGE('',*,*,#1703,.F.);
#1703 = EDGE_CURVE('',#1674,#1594,#1704,.T.);
#1704 = LINE('',#1705,#1706);
#1705 = CARTESIAN_POINT('',(187.25,-117.875,0.));
#1706 = VECTOR('',#1707,1.);
#1707 = DIRECTION('',(0.,-1.,0.));
#1708 = PLANE('',#1709);
#1709 = AXIS2_PLACEMENT_3D('',#1710,#1711,#1712);
#1710 = CARTESIAN_POINT('',(187.25,-117.875,0.));
#1711 = DIRECTION('',(1.,0.,-0.));
#1712 = DIRECTION('',(0.,-1.,0.));
#1713 = ADVANCED_FACE('',(#1714),#1748,.T.);
#1714 = FACE_BOUND('',#1715,.T.);
#1715 = EDGE_LOOP('',(#1716,#1726,#1734,#1742));
#1716 = ORIENTED_EDGE('',*,*,#1717,.T.);
#1717 = EDGE_CURVE('',#1718,#1720,#1722,.T.);
#1718 = VERTEX_POINT('',#1719);
#1719 = CARTESIAN_POINT('',(168.75,-127.25,0.));
#1720 = VERTEX_POINT('',#1721);
#1721 = CARTESIAN_POINT('',(168.75,-127.25,1.51));
#1722 = LINE('',#1723,#1724);
#1723 = CARTESIAN_POINT('',(168.75,-127.25,0.));
#1724 = VECTOR('',#1725,1.);
#1725 = DIRECTION('',(0.,0.,1.));
#1726 = ORIENTED_EDGE('',*,*,#1727,.T.);
#1727 = EDGE_CURVE('',#1720,#1728,#1730,.T.);
#1728 = VERTEX_POINT('',#1729);
#1729 = CARTESIAN_POINT('',(182.75,-127.25,1.51));
#1730 = LINE('',#1731,#1732);
#1731 = CARTESIAN_POINT('',(168.75,-127.25,1.51));
#1732 = VECTOR('',#1733,1.);
#1733 = DIRECTION('',(1.,0.,0.));
#1734 = ORIENTED_EDGE('',*,*,#1735,.F.);
#1735 = EDGE_CURVE('',#1736,#1728,#1738,.T.);
#1736 = VERTEX_POINT('',#1737);
#1737 = CARTESIAN_POINT('',(182.75,-127.25,0.));
#1738 = LINE('',#1739,#1740);
#1739 = CARTESIAN_POINT('',(182.75,-127.25,0.));
#1740 = VECTOR('',#1741,1.);
#1741 = DIRECTION('',(0.,0.,1.));
#1742 = ORIENTED_EDGE('',*,*,#1743,.F.);
#1743 = EDGE_CURVE('',#1718,#1736,#1744,.T.);
#1744 = LINE('',#1745,#1746);
#1745 = CARTESIAN_POINT('',(168.75,-127.25,0.));
#1746 = VECTOR('',#1747,1.);
#1747 = DIRECTION('',(1.,0.,0.));
#1748 = PLANE('',#1749);
#1749 = AXIS2_PLACEMENT_3D('',#1750,#1751,#1752);
#1750 = CARTESIAN_POINT('',(168.75,-127.25,0.));
#1751 = DIRECTION('',(0.,1.,0.));
#1752 = DIRECTION('',(1.,0.,0.));
#1753 = ADVANCED_FACE('',(#1754),#1779,.T.);
#1754 = FACE_BOUND('',#1755,.T.);
#1755 = EDGE_LOOP('',(#1756,#1757,#1765,#1773));
#1756 = ORIENTED_EDGE('',*,*,#1735,.T.);
#1757 = ORIENTED_EDGE('',*,*,#1758,.T.);
#1758 = EDGE_CURVE('',#1728,#1759,#1761,.T.);
#1759 = VERTEX_POINT('',#1760);
#1760 = CARTESIAN_POINT('',(182.75,-113.25,1.51));
#1761 = LINE('',#1762,#1763);
#1762 = CARTESIAN_POINT('',(182.75,-127.25,1.51));
#1763 = VECTOR('',#1764,1.);
#1764 = DIRECTION('',(0.,1.,0.));
#1765 = ORIENTED_EDGE('',*,*,#1766,.F.);
#1766 = EDGE_CURVE('',#1767,#1759,#1769,.T.);
#1767 = VERTEX_POINT('',#1768);
#1768 = CARTESIAN_POINT('',(182.75,-113.25,0.));
#1769 = LINE('',#1770,#1771);
#1770 = CARTESIAN_POINT('',(182.75,-113.25,0.));
#1771 = VECTOR('',#1772,1.);
#1772 = DIRECTION('',(0.,0.,1.));
#1773 = ORIENTED_EDGE('',*,*,#1774,.F.);
#1774 = EDGE_CURVE('',#1736,#1767,#1775,.T.);
#1775 = LINE('',#1776,#1777);
#1776 = CARTESIAN_POINT('',(182.75,-127.25,0.));
#1777 = VECTOR('',#1778,1.);
#1778 = DIRECTION('',(0.,1.,0.));
#1779 = PLANE('',#1780);
#1780 = AXIS2_PLACEMENT_3D('',#1781,#1782,#1783);
#1781 = CARTESIAN_POINT('',(182.75,-127.25,0.));
#1782 = DIRECTION('',(-1.,0.,0.));
#1783 = DIRECTION('',(0.,1.,0.));
#1784 = ADVANCED_FACE('',(#1785),#1810,.T.);
#1785 = FACE_BOUND('',#1786,.T.);
#1786 = EDGE_LOOP('',(#1787,#1788,#1796,#1804));
#1787 = ORIENTED_EDGE('',*,*,#1766,.T.);
#1788 = ORIENTED_EDGE('',*,*,#1789,.T.);
#1789 = EDGE_CURVE('',#1759,#1790,#1792,.T.);
#1790 = VERTEX_POINT('',#1791);
#1791 = CARTESIAN_POINT('',(168.75,-113.25,1.51));
#1792 = LINE('',#1793,#1794);
#1793 = CARTESIAN_POINT('',(182.75,-113.25,1.51));
#1794 = VECTOR('',#1795,1.);
#1795 = DIRECTION('',(-1.,0.,0.));
#1796 = ORIENTED_EDGE('',*,*,#1797,.F.);
#1797 = EDGE_CURVE('',#1798,#1790,#1800,.T.);
#1798 = VERTEX_POINT('',#1799);
#1799 = CARTESIAN_POINT('',(168.75,-113.25,0.));
#1800 = LINE('',#1801,#1802);
#1801 = CARTESIAN_POINT('',(168.75,-113.25,0.));
#1802 = VECTOR('',#1803,1.);
#1803 = DIRECTION('',(0.,0.,1.));
#1804 = ORIENTED_EDGE('',*,*,#1805,.F.);
#1805 = EDGE_CURVE('',#1767,#1798,#1806,.T.);
#1806 = LINE('',#1807,#1808);
#1807 = CARTESIAN_POINT('',(182.75,-113.25,0.));
#1808 = VECTOR('',#1809,1.);
#1809 = DIRECTION('',(-1.,0.,0.));
#1810 = PLANE('',#1811);
#1811 = AXIS2_PLACEMENT_3D('',#1812,#1813,#1814);
#1812 = CARTESIAN_POINT('',(182.75,-113.25,0.));
#1813 = DIRECTION('',(0.,-1.,0.));
#1814 = DIRECTION('',(-1.,0.,0.));
#1815 = ADVANCED_FACE('',(#1816),#1832,.T.);
#1816 = FACE_BOUND('',#1817,.T.);
#1817 = EDGE_LOOP('',(#1818,#1819,#1825,#1826));
#1818 = ORIENTED_EDGE('',*,*,#1797,.T.);
#1819 = ORIENTED_EDGE('',*,*,#1820,.T.);
#1820 = EDGE_CURVE('',#1790,#1720,#1821,.T.);
#1821 = LINE('',#1822,#1823);
#1822 = CARTESIAN_POINT('',(168.75,-113.25,1.51));
#1823 = VECTOR('',#1824,1.);
#1824 = DIRECTION('',(0.,-1.,0.));
#1825 = ORIENTED_EDGE('',*,*,#1717,.F.);
#1826 = ORIENTED_EDGE('',*,*,#1827,.F.);
#1827 = EDGE_CURVE('',#1798,#1718,#1828,.T.);
#1828 = LINE('',#1829,#1830);
#1829 = CARTESIAN_POINT('',(168.75,-113.25,0.));
#1830 = VECTOR('',#1831,1.);
#1831 = DIRECTION('',(0.,-1.,0.));
#1832 = PLANE('',#1833);
#1833 = AXIS2_PLACEMENT_3D('',#1834,#1835,#1836);
#1834 = CARTESIAN_POINT('',(168.75,-113.25,0.));
#1835 = DIRECTION('',(1.,0.,-0.));
#1836 = DIRECTION('',(0.,-1.,0.));
#1837 = ADVANCED_FACE('',(#1838),#1872,.T.);
#1838 = FACE_BOUND('',#1839,.T.);
#1839 = EDGE_LOOP('',(#1840,#1850,#1858,#1866));
#1840 = ORIENTED_EDGE('',*,*,#1841,.T.);
#1841 = EDGE_CURVE('',#1842,#1844,#1846,.T.);
#1842 = VERTEX_POINT('',#1843);
#1843 = CARTESIAN_POINT('',(113.25,-113.375,0.));
#1844 = VERTEX_POINT('',#1845);
#1845 = CARTESIAN_POINT('',(113.25,-113.375,1.51));
#1846 = LINE('',#1847,#1848);
#1847 = CARTESIAN_POINT('',(113.25,-113.375,0.));
#1848 = VECTOR('',#1849,1.);
#1849 = DIRECTION('',(0.,0.,1.));
#1850 = ORIENTED_EDGE('',*,*,#1851,.T.);
#1851 = EDGE_CURVE('',#1844,#1852,#1854,.T.);
#1852 = VERTEX_POINT('',#1853);
#1853 = CARTESIAN_POINT('',(127.25,-113.375,1.51));
#1854 = LINE('',#1855,#1856);
#1855 = CARTESIAN_POINT('',(113.25,-113.375,1.51));
#1856 = VECTOR('',#1857,1.);
#1857 = DIRECTION('',(1.,0.,0.));
#1858 = ORIENTED_EDGE('',*,*,#1859,.F.);
#1859 = EDGE_CURVE('',#1860,#1852,#1862,.T.);
#1860 = VERTEX_POINT('',#1861);
#1861 = CARTESIAN_POINT('',(127.25,-113.375,0.));
#1862 = LINE('',#1863,#1864);
#1863 = CARTESIAN_POINT('',(127.25,-113.375,0.));
#1864 = VECTOR('',#1865,1.);
#1865 = DIRECTION('',(0.,0.,1.));
#1866 = ORIENTED_EDGE('',*,*,#1867,.F.);
#1867 = EDGE_CURVE('',#1842,#1860,#1868,.T.);
#1868 = LINE('',#1869,#1870);
#1869 = CARTESIAN_POINT('',(113.25,-113.375,0.));
#1870 = VECTOR('',#1871,1.);
#1871 = DIRECTION('',(1.,0.,0.));
#1872 = PLANE('',#1873);
#1873 = AXIS2_PLACEMENT_3D('',#1874,#1875,#1876);
#1874 = CARTESIAN_POINT('',(113.25,-113.375,0.));
#1875 = DIRECTION('',(0.,1.,0.));
#1876 = DIRECTION('',(1.,0.,0.));
#1877 = ADVANCED_FACE('',(#1878),#1903,.T.);
#1878 = FACE_BOUND('',#1879,.T.);
#1879 = EDGE_LOOP('',(#1880,#1881,#1889,#1897));
#1880 = ORIENTED_EDGE('',*,*,#1859,.T.);
#1881 = ORIENTED_EDGE('',*,*,#1882,.T.);
#1882 = EDGE_CURVE('',#1852,#1883,#1885,.T.);
#1883 = VERTEX_POINT('',#1884);
#1884 = CARTESIAN_POINT('',(127.25,-99.375,1.51));
#1885 = LINE('',#1886,#1887);
#1886 = CARTESIAN_POINT('',(127.25,-113.375,1.51));
#1887 = VECTOR('',#1888,1.);
#1888 = DIRECTION('',(0.,1.,0.));
#1889 = ORIENTED_EDGE('',*,*,#1890,.F.);
#1890 = EDGE_CURVE('',#1891,#1883,#1893,.T.);
#1891 = VERTEX_POINT('',#1892);
#1892 = CARTESIAN_POINT('',(127.25,-99.375,0.));
#1893 = LINE('',#1894,#1895);
#1894 = CARTESIAN_POINT('',(127.25,-99.375,0.));
#1895 = VECTOR('',#1896,1.);
#1896 = DIRECTION('',(0.,0.,1.));
#1897 = ORIENTED_EDGE('',*,*,#1898,.F.);
#1898 = EDGE_CURVE('',#1860,#1891,#1899,.T.);
#1899 = LINE('',#1900,#1901);
#1900 = CARTESIAN_POINT('',(127.25,-113.375,0.));
#1901 = VECTOR('',#1902,1.);
#1902 = DIRECTION('',(0.,1.,0.));
#1903 = PLANE('',#1904);
#1904 = AXIS2_PLACEMENT_3D('',#1905,#1906,#1907);
#1905 = CARTESIAN_POINT('',(127.25,-113.375,0.));
#1906 = DIRECTION('',(-1.,0.,0.));
#1907 = DIRECTION('',(0.,1.,0.));
#1908 = ADVANCED_FACE('',(#1909),#1934,.T.);
#1909 = FACE_BOUND('',#1910,.T.);
#1910 = EDGE_LOOP('',(#1911,#1912,#1920,#1928));
#1911 = ORIENTED_EDGE('',*,*,#1890,.T.);
#1912 = ORIENTED_EDGE('',*,*,#1913,.T.);
#1913 = EDGE_CURVE('',#1883,#1914,#1916,.T.);
#1914 = VERTEX_POINT('',#1915);
#1915 = CARTESIAN_POINT('',(113.25,-99.375,1.51));
#1916 = LINE('',#1917,#1918);
#1917 = CARTESIAN_POINT('',(127.25,-99.375,1.51));
#1918 = VECTOR('',#1919,1.);
#1919 = DIRECTION('',(-1.,0.,0.));
#1920 = ORIENTED_EDGE('',*,*,#1921,.F.);
#1921 = EDGE_CURVE('',#1922,#1914,#1924,.T.);
#1922 = VERTEX_POINT('',#1923);
#1923 = CARTESIAN_POINT('',(113.25,-99.375,0.));
#1924 = LINE('',#1925,#1926);
#1925 = CARTESIAN_POINT('',(113.25,-99.375,0.));
#1926 = VECTOR('',#1927,1.);
#1927 = DIRECTION('',(0.,0.,1.));
#1928 = ORIENTED_EDGE('',*,*,#1929,.F.);
#1929 = EDGE_CURVE('',#1891,#1922,#1930,.T.);
#1930 = LINE('',#1931,#1932);
#1931 = CARTESIAN_POINT('',(127.25,-99.375,0.));
#1932 = VECTOR('',#1933,1.);
#1933 = DIRECTION('',(-1.,0.,0.));
#1934 = PLANE('',#1935);
#1935 = AXIS2_PLACEMENT_3D('',#1936,#1937,#1938);
#1936 = CARTESIAN_POINT('',(127.25,-99.375,0.));
#1937 = DIRECTION('',(0.,-1.,0.));
#1938 = DIRECTION('',(-1.,0.,0.));
#1939 = ADVANCED_FACE('',(#1940),#1956,.T.);
#1940 = FACE_BOUND('',#1941,.T.);
#1941 = EDGE_LOOP('',(#1942,#1943,#1949,#1950));
#1942 = ORIENTED_EDGE('',*,*,#1921,.T.);
#1943 = ORIENTED_EDGE('',*,*,#1944,.T.);
#1944 = EDGE_CURVE('',#1914,#1844,#1945,.T.);
#1945 = LINE('',#1946,#1947);
#1946 = CARTESIAN_POINT('',(113.25,-99.375,1.51));
#1947 = VECTOR('',#1948,1.);
#1948 = DIRECTION('',(0.,-1.,0.));
#1949 = ORIENTED_EDGE('',*,*,#1841,.F.);
#1950 = ORIENTED_EDGE('',*,*,#1951,.F.);
#1951 = EDGE_CURVE('',#1922,#1842,#1952,.T.);
#1952 = LINE('',#1953,#1954);
#1953 = CARTESIAN_POINT('',(113.25,-99.375,0.));
#1954 = VECTOR('',#1955,1.);
#1955 = DIRECTION('',(0.,-1.,0.));
#1956 = PLANE('',#1957);
#1957 = AXIS2_PLACEMENT_3D('',#1958,#1959,#1960);
#1958 = CARTESIAN_POINT('',(113.25,-99.375,0.));
#1959 = DIRECTION('',(1.,0.,-0.));
#1960 = DIRECTION('',(0.,-1.,0.));
#1961 = ADVANCED_FACE('',(#1962),#1996,.T.);
#1962 = FACE_BOUND('',#1963,.T.);
#1963 = EDGE_LOOP('',(#1964,#1974,#1982,#1990));
#1964 = ORIENTED_EDGE('',*,*,#1965,.T.);
#1965 = EDGE_CURVE('',#1966,#1968,#1970,.T.);
#1966 = VERTEX_POINT('',#1967);
#1967 = CARTESIAN_POINT('',(187.25,-113.375,0.));
#1968 = VERTEX_POINT('',#1969);
#1969 = CARTESIAN_POINT('',(187.25,-113.375,1.51));
#1970 = LINE('',#1971,#1972);
#1971 = CARTESIAN_POINT('',(187.25,-113.375,0.));
#1972 = VECTOR('',#1973,1.);
#1973 = DIRECTION('',(0.,0.,1.));
#1974 = ORIENTED_EDGE('',*,*,#1975,.T.);
#1975 = EDGE_CURVE('',#1968,#1976,#1978,.T.);
#1976 = VERTEX_POINT('',#1977);
#1977 = CARTESIAN_POINT('',(201.25,-113.375,1.51));
#1978 = LINE('',#1979,#1980);
#1979 = CARTESIAN_POINT('',(187.25,-113.375,1.51));
#1980 = VECTOR('',#1981,1.);
#1981 = DIRECTION('',(1.,0.,0.));
#1982 = ORIENTED_EDGE('',*,*,#1983,.F.);
#1983 = EDGE_CURVE('',#1984,#1976,#1986,.T.);
#1984 = VERTEX_POINT('',#1985);
#1985 = CARTESIAN_POINT('',(201.25,-113.375,0.));
#1986 = LINE('',#1987,#1988);
#1987 = CARTESIAN_POINT('',(201.25,-113.375,0.));
#1988 = VECTOR('',#1989,1.);
#1989 = DIRECTION('',(0.,0.,1.));
#1990 = ORIENTED_EDGE('',*,*,#1991,.F.);
#1991 = EDGE_CURVE('',#1966,#1984,#1992,.T.);
#1992 = LINE('',#1993,#1994);
#1993 = CARTESIAN_POINT('',(187.25,-113.375,0.));
#1994 = VECTOR('',#1995,1.);
#1995 = DIRECTION('',(1.,0.,0.));
#1996 = PLANE('',#1997);
#1997 = AXIS2_PLACEMENT_3D('',#1998,#1999,#2000);
#1998 = CARTESIAN_POINT('',(187.25,-113.375,0.));
#1999 = DIRECTION('',(0.,1.,0.));
#2000 = DIRECTION('',(1.,0.,0.));
#2001 = ADVANCED_FACE('',(#2002),#2027,.T.);
#2002 = FACE_BOUND('',#2003,.T.);
#2003 = EDGE_LOOP('',(#2004,#2005,#2013,#2021));
#2004 = ORIENTED_EDGE('',*,*,#1983,.T.);
#2005 = ORIENTED_EDGE('',*,*,#2006,.T.);
#2006 = EDGE_CURVE('',#1976,#2007,#2009,.T.);
#2007 = VERTEX_POINT('',#2008);
#2008 = CARTESIAN_POINT('',(201.25,-99.375,1.51));
#2009 = LINE('',#2010,#2011);
#2010 = CARTESIAN_POINT('',(201.25,-113.375,1.51));
#2011 = VECTOR('',#2012,1.);
#2012 = DIRECTION('',(0.,1.,0.));
#2013 = ORIENTED_EDGE('',*,*,#2014,.F.);
#2014 = EDGE_CURVE('',#2015,#2007,#2017,.T.);
#2015 = VERTEX_POINT('',#2016);
#2016 = CARTESIAN_POINT('',(201.25,-99.375,0.));
#2017 = LINE('',#2018,#2019);
#2018 = CARTESIAN_POINT('',(201.25,-99.375,0.));
#2019 = VECTOR('',#2020,1.);
#2020 = DIRECTION('',(0.,0.,1.));
#2021 = ORIENTED_EDGE('',*,*,#2022,.F.);
#2022 = EDGE_CURVE('',#1984,#2015,#2023,.T.);
#2023 = LINE('',#2024,#2025);
#2024 = CARTESIAN_POINT('',(201.25,-113.375,0.));
#2025 = VECTOR('',#2026,1.);
#2026 = DIRECTION('',(0.,1.,0.));
#2027 = PLANE('',#2028);
#2028 = AXIS2_PLACEMENT_3D('',#2029,#2030,#2031);
#2029 = CARTESIAN_POINT('',(201.25,-113.375,0.));
#2030 = DIRECTION('',(-1.,0.,0.));
#2031 = DIRECTION('',(0.,1.,0.));
#2032 = ADVANCED_FACE('',(#2033),#2058,.T.);
#2033 = FACE_BOUND('',#2034,.T.);
#2034 = EDGE_LOOP('',(#2035,#2036,#2044,#2052));
#2035 = ORIENTED_EDGE('',*,*,#2014,.T.);
#2036 = ORIENTED_EDGE('',*,*,#2037,.T.);
#2037 = EDGE_CURVE('',#2007,#2038,#2040,.T.);
#2038 = VERTEX_POINT('',#2039);
#2039 = CARTESIAN_POINT('',(187.25,-99.375,1.51));
#2040 = LINE('',#2041,#2042);
#2041 = CARTESIAN_POINT('',(201.25,-99.375,1.51));
#2042 = VECTOR('',#2043,1.);
#2043 = DIRECTION('',(-1.,0.,0.));
#2044 = ORIENTED_EDGE('',*,*,#2045,.F.);
#2045 = EDGE_CURVE('',#2046,#2038,#2048,.T.);
#2046 = VERTEX_POINT('',#2047);
#2047 = CARTESIAN_POINT('',(187.25,-99.375,0.));
#2048 = LINE('',#2049,#2050);
#2049 = CARTESIAN_POINT('',(187.25,-99.375,0.));
#2050 = VECTOR('',#2051,1.);
#2051 = DIRECTION('',(0.,0.,1.));
#2052 = ORIENTED_EDGE('',*,*,#2053,.F.);
#2053 = EDGE_CURVE('',#2015,#2046,#2054,.T.);
#2054 = LINE('',#2055,#2056);
#2055 = CARTESIAN_POINT('',(201.25,-99.375,0.));
#2056 = VECTOR('',#2057,1.);
#2057 = DIRECTION('',(-1.,0.,0.));
#2058 = PLANE('',#2059);
#2059 = AXIS2_PLACEMENT_3D('',#2060,#2061,#2062);
#2060 = CARTESIAN_POINT('',(201.25,-99.375,0.));
#2061 = DIRECTION('',(0.,-1.,0.));
#2062 = DIRECTION('',(-1.,0.,0.));
#2063 = ADVANCED_FACE('',(#2064),#2080,.T.);
#2064 = FACE_BOUND('',#2065,.T.);
#2065 = EDGE_LOOP('',(#2066,#2067,#2073,#2074));
#2066 = ORIENTED_EDGE('',*,*,#2045,.T.);
#2067 = ORIENTED_EDGE('',*,*,#2068,.T.);
#2068 = EDGE_CURVE('',#2038,#1968,#2069,.T.);
#2069 = LINE('',#2070,#2071);
#2070 = CARTESIAN_POINT('',(187.25,-99.375,1.51));
#2071 = VECTOR('',#2072,1.);
#2072 = DIRECTION('',(0.,-1.,0.));
#2073 = ORIENTED_EDGE('',*,*,#1965,.F.);
#2074 = ORIENTED_EDGE('',*,*,#2075,.F.);
#2075 = EDGE_CURVE('',#2046,#1966,#2076,.T.);
#2076 = LINE('',#2077,#2078);
#2077 = CARTESIAN_POINT('',(187.25,-99.375,0.));
#2078 = VECTOR('',#2079,1.);
#2079 = DIRECTION('',(0.,-1.,0.));
#2080 = PLANE('',#2081);
#2081 = AXIS2_PLACEMENT_3D('',#2082,#2083,#2084);
#2082 = CARTESIAN_POINT('',(187.25,-99.375,0.));
#2083 = DIRECTION('',(1.,0.,-0.));
#2084 = DIRECTION('',(0.,-1.,0.));
#2085 = ADVANCED_FACE('',(#2086),#2120,.T.);
#2086 = FACE_BOUND('',#2087,.T.);
#2087 = EDGE_LOOP('',(#2088,#2098,#2106,#2114));
#2088 = ORIENTED_EDGE('',*,*,#2089,.T.);
#2089 = EDGE_CURVE('',#2090,#2092,#2094,.T.);
#2090 = VERTEX_POINT('',#2091);
#2091 = CARTESIAN_POINT('',(131.75,-108.75,0.));
#2092 = VERTEX_POINT('',#2093);
#2093 = CARTESIAN_POINT('',(131.75,-108.75,1.51));
#2094 = LINE('',#2095,#2096);
#2095 = CARTESIAN_POINT('',(131.75,-108.75,0.));
#2096 = VECTOR('',#2097,1.);
#2097 = DIRECTION('',(0.,0.,1.));
#2098 = ORIENTED_EDGE('',*,*,#2099,.T.);
#2099 = EDGE_CURVE('',#2092,#2100,#2102,.T.);
#2100 = VERTEX_POINT('',#2101);
#2101 = CARTESIAN_POINT('',(145.75,-108.75,1.51));
#2102 = LINE('',#2103,#2104);
#2103 = CARTESIAN_POINT('',(131.75,-108.75,1.51));
#2104 = VECTOR('',#2105,1.);
#2105 = DIRECTION('',(1.,0.,0.));
#2106 = ORIENTED_EDGE('',*,*,#2107,.F.);
#2107 = EDGE_CURVE('',#2108,#2100,#2110,.T.);
#2108 = VERTEX_POINT('',#2109);
#2109 = CARTESIAN_POINT('',(145.75,-108.75,0.));
#2110 = LINE('',#2111,#2112);
#2111 = CARTESIAN_POINT('',(145.75,-108.75,0.));
#2112 = VECTOR('',#2113,1.);
#2113 = DIRECTION('',(0.,0.,1.));
#2114 = ORIENTED_EDGE('',*,*,#2115,.F.);
#2115 = EDGE_CURVE('',#2090,#2108,#2116,.T.);
#2116 = LINE('',#2117,#2118);
#2117 = CARTESIAN_POINT('',(131.75,-108.75,0.));
#2118 = VECTOR('',#2119,1.);
#2119 = DIRECTION('',(1.,0.,0.));
#2120 = PLANE('',#2121);
#2121 = AXIS2_PLACEMENT_3D('',#2122,#2123,#2124);
#2122 = CARTESIAN_POINT('',(131.75,-108.75,0.));
#2123 = DIRECTION('',(0.,1.,0.));
#2124 = DIRECTION('',(1.,0.,0.));
#2125 = ADVANCED_FACE('',(#2126),#2151,.T.);
#2126 = FACE_BOUND('',#2127,.T.);
#2127 = EDGE_LOOP('',(#2128,#2129,#2137,#2145));
#2128 = ORIENTED_EDGE('',*,*,#2107,.T.);
#2129 = ORIENTED_EDGE('',*,*,#2130,.T.);
#2130 = EDGE_CURVE('',#2100,#2131,#2133,.T.);
#2131 = VERTEX_POINT('',#2132);
#2132 = CARTESIAN_POINT('',(145.75,-94.75,1.51));
#2133 = LINE('',#2134,#2135);
#2134 = CARTESIAN_POINT('',(145.75,-108.75,1.51));
#2135 = VECTOR('',#2136,1.);
#2136 = DIRECTION('',(0.,1.,0.));
#2137 = ORIENTED_EDGE('',*,*,#2138,.F.);
#2138 = EDGE_CURVE('',#2139,#2131,#2141,.T.);
#2139 = VERTEX_POINT('',#2140);
#2140 = CARTESIAN_POINT('',(145.75,-94.75,0.));
#2141 = LINE('',#2142,#2143);
#2142 = CARTESIAN_POINT('',(145.75,-94.75,0.));
#2143 = VECTOR('',#2144,1.);
#2144 = DIRECTION('',(0.,0.,1.));
#2145 = ORIENTED_EDGE('',*,*,#2146,.F.);
#2146 = EDGE_CURVE('',#2108,#2139,#2147,.T.);
#2147 = LINE('',#2148,#2149);
#2148 = CARTESIAN_POINT('',(145.75,-108.75,0.));
#2149 = VECTOR('',#2150,1.);
#2150 = DIRECTION('',(0.,1.,0.));
#2151 = PLANE('',#2152);
#2152 = AXIS2_PLACEMENT_3D('',#2153,#2154,#2155);
#2153 = CARTESIAN_POINT('',(145.75,-108.75,0.));
#2154 = DIRECTION('',(-1.,0.,0.));
#2155 = DIRECTION('',(0.,1.,0.));
#2156 = ADVANCED_FACE('',(#2157),#2182,.T.);
#2157 = FACE_BOUND('',#2158,.T.);
#2158 = EDGE_LOOP('',(#2159,#2160,#2168,#2176));
#2159 = ORIENTED_EDGE('',*,*,#2138,.T.);
#2160 = ORIENTED_EDGE('',*,*,#2161,.T.);
#2161 = EDGE_CURVE('',#2131,#2162,#2164,.T.);
#2162 = VERTEX_POINT('',#2163);
#2163 = CARTESIAN_POINT('',(131.75,-94.75,1.51));
#2164 = LINE('',#2165,#2166);
#2165 = CARTESIAN_POINT('',(145.75,-94.75,1.51));
#2166 = VECTOR('',#2167,1.);
#2167 = DIRECTION('',(-1.,0.,0.));
#2168 = ORIENTED_EDGE('',*,*,#2169,.F.);
#2169 = EDGE_CURVE('',#2170,#2162,#2172,.T.);
#2170 = VERTEX_POINT('',#2171);
#2171 = CARTESIAN_POINT('',(131.75,-94.75,0.));
#2172 = LINE('',#2173,#2174);
#2173 = CARTESIAN_POINT('',(131.75,-94.75,0.));
#2174 = VECTOR('',#2175,1.);
#2175 = DIRECTION('',(0.,0.,1.));
#2176 = ORIENTED_EDGE('',*,*,#2177,.F.);
#2177 = EDGE_CURVE('',#2139,#2170,#2178,.T.);
#2178 = LINE('',#2179,#2180);
#2179 = CARTESIAN_POINT('',(145.75,-94.75,0.));
#2180 = VECTOR('',#2181,1.);
#2181 = DIRECTION('',(-1.,0.,0.));
#2182 = PLANE('',#2183);
#2183 = AXIS2_PLACEMENT_3D('',#2184,#2185,#2186);
#2184 = CARTESIAN_POINT('',(145.75,-94.75,0.));
#2185 = DIRECTION('',(0.,-1.,0.));
#2186 = DIRECTION('',(-1.,0.,0.));
#2187 = ADVANCED_FACE('',(#2188),#2204,.T.);
#2188 = FACE_BOUND('',#2189,.T.);
#2189 = EDGE_LOOP('',(#2190,#2191,#2197,#2198));
#2190 = ORIENTED_EDGE('',*,*,#2169,.T.);
#2191 = ORIENTED_EDGE('',*,*,#2192,.T.);
#2192 = EDGE_CURVE('',#2162,#2092,#2193,.T.);
#2193 = LINE('',#2194,#2195);
#2194 = CARTESIAN_POINT('',(131.75,-94.75,1.51));
#2195 = VECTOR('',#2196,1.);
#2196 = DIRECTION('',(0.,-1.,0.));
#2197 = ORIENTED_EDGE('',*,*,#2089,.F.);
#2198 = ORIENTED_EDGE('',*,*,#2199,.F.);
#2199 = EDGE_CURVE('',#2170,#2090,#2200,.T.);
#2200 = LINE('',#2201,#2202);
#2201 = CARTESIAN_POINT('',(131.75,-94.75,0.));
#2202 = VECTOR('',#2203,1.);
#2203 = DIRECTION('',(0.,-1.,0.));
#2204 = PLANE('',#2205);
#2205 = AXIS2_PLACEMENT_3D('',#2206,#2207,#2208);
#2206 = CARTESIAN_POINT('',(131.75,-94.75,0.));
#2207 = DIRECTION('',(1.,0.,-0.));
#2208 = DIRECTION('',(0.,-1.,0.));
#2209 = ADVANCED_FACE('',(#2210),#2244,.T.);
#2210 = FACE_BOUND('',#2211,.T.);
#2211 = EDGE_LOOP('',(#2212,#2222,#2230,#2238));
#2212 = ORIENTED_EDGE('',*,*,#2213,.T.);
#2213 = EDGE_CURVE('',#2214,#2216,#2218,.T.);
#2214 = VERTEX_POINT('',#2215);
#2215 = CARTESIAN_POINT('',(168.75,-108.75,0.));
#2216 = VERTEX_POINT('',#2217);
#2217 = CARTESIAN_POINT('',(168.75,-108.75,1.51));
#2218 = LINE('',#2219,#2220);
#2219 = CARTESIAN_POINT('',(168.75,-108.75,0.));
#2220 = VECTOR('',#2221,1.);
#2221 = DIRECTION('',(0.,0.,1.));
#2222 = ORIENTED_EDGE('',*,*,#2223,.T.);
#2223 = EDGE_CURVE('',#2216,#2224,#2226,.T.);
#2224 = VERTEX_POINT('',#2225);
#2225 = CARTESIAN_POINT('',(182.75,-108.75,1.51));
#2226 = LINE('',#2227,#2228);
#2227 = CARTESIAN_POINT('',(168.75,-108.75,1.51));
#2228 = VECTOR('',#2229,1.);
#2229 = DIRECTION('',(1.,0.,0.));
#2230 = ORIENTED_EDGE('',*,*,#2231,.F.);
#2231 = EDGE_CURVE('',#2232,#2224,#2234,.T.);
#2232 = VERTEX_POINT('',#2233);
#2233 = CARTESIAN_POINT('',(182.75,-108.75,0.));
#2234 = LINE('',#2235,#2236);
#2235 = CARTESIAN_POINT('',(182.75,-108.75,0.));
#2236 = VECTOR('',#2237,1.);
#2237 = DIRECTION('',(0.,0.,1.));
#2238 = ORIENTED_EDGE('',*,*,#2239,.F.);
#2239 = EDGE_CURVE('',#2214,#2232,#2240,.T.);
#2240 = LINE('',#2241,#2242);
#2241 = CARTESIAN_POINT('',(168.75,-108.75,0.));
#2242 = VECTOR('',#2243,1.);
#2243 = DIRECTION('',(1.,0.,0.));
#2244 = PLANE('',#2245);
#2245 = AXIS2_PLACEMENT_3D('',#2246,#2247,#2248);
#2246 = CARTESIAN_POINT('',(168.75,-108.75,0.));
#2247 = DIRECTION('',(0.,1.,0.));
#2248 = DIRECTION('',(1.,0.,0.));
#2249 = ADVANCED_FACE('',(#2250),#2275,.T.);
#2250 = FACE_BOUND('',#2251,.T.);
#2251 = EDGE_LOOP('',(#2252,#2253,#2261,#2269));
#2252 = ORIENTED_EDGE('',*,*,#2231,.T.);
#2253 = ORIENTED_EDGE('',*,*,#2254,.T.);
#2254 = EDGE_CURVE('',#2224,#2255,#2257,.T.);
#2255 = VERTEX_POINT('',#2256);
#2256 = CARTESIAN_POINT('',(182.75,-94.75,1.51));
#2257 = LINE('',#2258,#2259);
#2258 = CARTESIAN_POINT('',(182.75,-108.75,1.51));
#2259 = VECTOR('',#2260,1.);
#2260 = DIRECTION('',(0.,1.,0.));
#2261 = ORIENTED_EDGE('',*,*,#2262,.F.);
#2262 = EDGE_CURVE('',#2263,#2255,#2265,.T.);
#2263 = VERTEX_POINT('',#2264);
#2264 = CARTESIAN_POINT('',(182.75,-94.75,0.));
#2265 = LINE('',#2266,#2267);
#2266 = CARTESIAN_POINT('',(182.75,-94.75,0.));
#2267 = VECTOR('',#2268,1.);
#2268 = DIRECTION('',(0.,0.,1.));
#2269 = ORIENTED_EDGE('',*,*,#2270,.F.);
#2270 = EDGE_CURVE('',#2232,#2263,#2271,.T.);
#2271 = LINE('',#2272,#2273);
#2272 = CARTESIAN_POINT('',(182.75,-108.75,0.));
#2273 = VECTOR('',#2274,1.);
#2274 = DIRECTION('',(0.,1.,0.));
#2275 = PLANE('',#2276);
#2276 = AXIS2_PLACEMENT_3D('',#2277,#2278,#2279);
#2277 = CARTESIAN_POINT('',(182.75,-108.75,0.));
#2278 = DIRECTION('',(-1.,0.,0.));
#2279 = DIRECTION('',(0.,1.,0.));
#2280 = ADVANCED_FACE('',(#2281),#2306,.T.);
#2281 = FACE_BOUND('',#2282,.T.);
#2282 = EDGE_LOOP('',(#2283,#2284,#2292,#2300));
#2283 = ORIENTED_EDGE('',*,*,#2262,.T.);
#2284 = ORIENTED_EDGE('',*,*,#2285,.T.);
#2285 = EDGE_CURVE('',#2255,#2286,#2288,.T.);
#2286 = VERTEX_POINT('',#2287);
#2287 = CARTESIAN_POINT('',(168.75,-94.75,1.51));
#2288 = LINE('',#2289,#2290);
#2289 = CARTESIAN_POINT('',(182.75,-94.75,1.51));
#2290 = VECTOR('',#2291,1.);
#2291 = DIRECTION('',(-1.,0.,0.));
#2292 = ORIENTED_EDGE('',*,*,#2293,.F.);
#2293 = EDGE_CURVE('',#2294,#2286,#2296,.T.);
#2294 = VERTEX_POINT('',#2295);
#2295 = CARTESIAN_POINT('',(168.75,-94.75,0.));
#2296 = LINE('',#2297,#2298);
#2297 = CARTESIAN_POINT('',(168.75,-94.75,0.));
#2298 = VECTOR('',#2299,1.);
#2299 = DIRECTION('',(0.,0.,1.));
#2300 = ORIENTED_EDGE('',*,*,#2301,.F.);
#2301 = EDGE_CURVE('',#2263,#2294,#2302,.T.);
#2302 = LINE('',#2303,#2304);
#2303 = CARTESIAN_POINT('',(182.75,-94.75,0.));
#2304 = VECTOR('',#2305,1.);
#2305 = DIRECTION('',(-1.,0.,0.));
#2306 = PLANE('',#2307);
#2307 = AXIS2_PLACEMENT_3D('',#2308,#2309,#2310);
#2308 = CARTESIAN_POINT('',(182.75,-94.75,0.));
#2309 = DIRECTION('',(0.,-1.,0.));
#2310 = DIRECTION('',(-1.,0.,0.));
#2311 = ADVANCED_FACE('',(#2312),#2328,.T.);
#2312 = FACE_BOUND('',#2313,.T.);
#2313 = EDGE_LOOP('',(#2314,#2315,#2321,#2322));
#2314 = ORIENTED_EDGE('',*,*,#2293,.T.);
#2315 = ORIENTED_EDGE('',*,*,#2316,.T.);
#2316 = EDGE_CURVE('',#2286,#2216,#2317,.T.);
#2317 = LINE('',#2318,#2319);
#2318 = CARTESIAN_POINT('',(168.75,-94.75,1.51));
#2319 = VECTOR('',#2320,1.);
#2320 = DIRECTION('',(0.,-1.,0.));
#2321 = ORIENTED_EDGE('',*,*,#2213,.F.);
#2322 = ORIENTED_EDGE('',*,*,#2323,.F.);
#2323 = EDGE_CURVE('',#2294,#2214,#2324,.T.);
#2324 = LINE('',#2325,#2326);
#2325 = CARTESIAN_POINT('',(168.75,-94.75,0.));
#2326 = VECTOR('',#2327,1.);
#2327 = DIRECTION('',(0.,-1.,0.));
#2328 = PLANE('',#2329);
#2329 = AXIS2_PLACEMENT_3D('',#2330,#2331,#2332);
#2330 = CARTESIAN_POINT('',(168.75,-94.75,0.));
#2331 = DIRECTION('',(1.,0.,-0.));
#2332 = DIRECTION('',(0.,-1.,0.));
#2333 = ADVANCED_FACE('',(#2334),#2368,.T.);
#2334 = FACE_BOUND('',#2335,.T.);
#2335 = EDGE_LOOP('',(#2336,#2346,#2354,#2362));
#2336 = ORIENTED_EDGE('',*,*,#2337,.T.);
#2337 = EDGE_CURVE('',#2338,#2340,#2342,.T.);
#2338 = VERTEX_POINT('',#2339);
#2339 = CARTESIAN_POINT('',(150.25,-104.125,0.));
#2340 = VERTEX_POINT('',#2341);
#2341 = CARTESIAN_POINT('',(150.25,-104.125,1.51));
#2342 = LINE('',#2343,#2344);
#2343 = CARTESIAN_POINT('',(150.25,-104.125,0.));
#2344 = VECTOR('',#2345,1.);
#2345 = DIRECTION('',(0.,0.,1.));
#2346 = ORIENTED_EDGE('',*,*,#2347,.T.);
#2347 = EDGE_CURVE('',#2340,#2348,#2350,.T.);
#2348 = VERTEX_POINT('',#2349);
#2349 = CARTESIAN_POINT('',(164.25,-104.125,1.51));
#2350 = LINE('',#2351,#2352);
#2351 = CARTESIAN_POINT('',(150.25,-104.125,1.51));
#2352 = VECTOR('',#2353,1.);
#2353 = DIRECTION('',(1.,0.,0.));
#2354 = ORIENTED_EDGE('',*,*,#2355,.F.);
#2355 = EDGE_CURVE('',#2356,#2348,#2358,.T.);
#2356 = VERTEX_POINT('',#2357);
#2357 = CARTESIAN_POINT('',(164.25,-104.125,0.));
#2358 = LINE('',#2359,#2360);
#2359 = CARTESIAN_POINT('',(164.25,-104.125,0.));
#2360 = VECTOR('',#2361,1.);
#2361 = DIRECTION('',(0.,0.,1.));
#2362 = ORIENTED_EDGE('',*,*,#2363,.F.);
#2363 = EDGE_CURVE('',#2338,#2356,#2364,.T.);
#2364 = LINE('',#2365,#2366);
#2365 = CARTESIAN_POINT('',(150.25,-104.125,0.));
#2366 = VECTOR('',#2367,1.);
#2367 = DIRECTION('',(1.,0.,0.));
#2368 = PLANE('',#2369);
#2369 = AXIS2_PLACEMENT_3D('',#2370,#2371,#2372);
#2370 = CARTESIAN_POINT('',(150.25,-104.125,0.));
#2371 = DIRECTION('',(0.,1.,0.));
#2372 = DIRECTION('',(1.,0.,0.));
#2373 = ADVANCED_FACE('',(#2374),#2399,.T.);
#2374 = FACE_BOUND('',#2375,.T.);
#2375 = EDGE_LOOP('',(#2376,#2377,#2385,#2393));
#2376 = ORIENTED_EDGE('',*,*,#2355,.T.);
#2377 = ORIENTED_EDGE('',*,*,#2378,.T.);
#2378 = EDGE_CURVE('',#2348,#2379,#2381,.T.);
#2379 = VERTEX_POINT('',#2380);
#2380 = CARTESIAN_POINT('',(164.25,-90.125,1.51));
#2381 = LINE('',#2382,#2383);
#2382 = CARTESIAN_POINT('',(164.25,-104.125,1.51));
#2383 = VECTOR('',#2384,1.);
#2384 = DIRECTION('',(0.,1.,0.));
#2385 = ORIENTED_EDGE('',*,*,#2386,.F.);
#2386 = EDGE_CURVE('',#2387,#2379,#2389,.T.);
#2387 = VERTEX_POINT('',#2388);
#2388 = CARTESIAN_POINT('',(164.25,-90.125,0.));
#2389 = LINE('',#2390,#2391);
#2390 = CARTESIAN_POINT('',(164.25,-90.125,0.));
#2391 = VECTOR('',#2392,1.);
#2392 = DIRECTION('',(0.,0.,1.));
#2393 = ORIENTED_EDGE('',*,*,#2394,.F.);
#2394 = EDGE_CURVE('',#2356,#2387,#2395,.T.);
#2395 = LINE('',#2396,#2397);
#2396 = CARTESIAN_POINT('',(164.25,-104.125,0.));
#2397 = VECTOR('',#2398,1.);
#2398 = DIRECTION('',(0.,1.,0.));
#2399 = PLANE('',#2400);
#2400 = AXIS2_PLACEMENT_3D('',#2401,#2402,#2403);
#2401 = CARTESIAN_POINT('',(164.25,-104.125,0.));
#2402 = DIRECTION('',(-1.,0.,0.));
#2403 = DIRECTION('',(0.,1.,0.));
#2404 = ADVANCED_FACE('',(#2405),#2430,.T.);
#2405 = FACE_BOUND('',#2406,.T.);
#2406 = EDGE_LOOP('',(#2407,#2408,#2416,#2424));
#2407 = ORIENTED_EDGE('',*,*,#2386,.T.);
#2408 = ORIENTED_EDGE('',*,*,#2409,.T.);
#2409 = EDGE_CURVE('',#2379,#2410,#2412,.T.);
#2410 = VERTEX_POINT('',#2411);
#2411 = CARTESIAN_POINT('',(150.25,-90.125,1.51));
#2412 = LINE('',#2413,#2414);
#2413 = CARTESIAN_POINT('',(164.25,-90.125,1.51));
#2414 = VECTOR('',#2415,1.);
#2415 = DIRECTION('',(-1.,0.,0.));
#2416 = ORIENTED_EDGE('',*,*,#2417,.F.);
#2417 = EDGE_CURVE('',#2418,#2410,#2420,.T.);
#2418 = VERTEX_POINT('',#2419);
#2419 = CARTESIAN_POINT('',(150.25,-90.125,0.));
#2420 = LINE('',#2421,#2422);
#2421 = CARTESIAN_POINT('',(150.25,-90.125,0.));
#2422 = VECTOR('',#2423,1.);
#2423 = DIRECTION('',(0.,0.,1.));
#2424 = ORIENTED_EDGE('',*,*,#2425,.F.);
#2425 = EDGE_CURVE('',#2387,#2418,#2426,.T.);
#2426 = LINE('',#2427,#2428);
#2427 = CARTESIAN_POINT('',(164.25,-90.125,0.));
#2428 = VECTOR('',#2429,1.);
#2429 = DIRECTION('',(-1.,0.,0.));
#2430 = PLANE('',#2431);
#2431 = AXIS2_PLACEMENT_3D('',#2432,#2433,#2434);
#2432 = CARTESIAN_POINT('',(164.25,-90.125,0.));
#2433 = DIRECTION('',(0.,-1.,0.));
#2434 = DIRECTION('',(-1.,0.,0.));
#2435 = ADVANCED_FACE('',(#2436),#2452,.T.);
#2436 = FACE_BOUND('',#2437,.T.);
#2437 = EDGE_LOOP('',(#2438,#2439,#2445,#2446));
#2438 = ORIENTED_EDGE('',*,*,#2417,.T.);
#2439 = ORIENTED_EDGE('',*,*,#2440,.T.);
#2440 = EDGE_CURVE('',#2410,#2340,#2441,.T.);
#2441 = LINE('',#2442,#2443);
#2442 = CARTESIAN_POINT('',(150.25,-90.125,1.51));
#2443 = VECTOR('',#2444,1.);
#2444 = DIRECTION('',(0.,-1.,0.));
#2445 = ORIENTED_EDGE('',*,*,#2337,.F.);
#2446 = ORIENTED_EDGE('',*,*,#2447,.F.);
#2447 = EDGE_CURVE('',#2418,#2338,#2448,.T.);
#2448 = LINE('',#2449,#2450);
#2449 = CARTESIAN_POINT('',(150.25,-90.125,0.));
#2450 = VECTOR('',#2451,1.);
#2451 = DIRECTION('',(0.,-1.,0.));
#2452 = PLANE('',#2453);
#2453 = AXIS2_PLACEMENT_3D('',#2454,#2455,#2456);
#2454 = CARTESIAN_POINT('',(150.25,-90.125,0.));
#2455 = DIRECTION('',(1.,0.,-0.));
#2456 = DIRECTION('',(0.,-1.,0.));
#2457 = ADVANCED_FACE('',(#2458),#2492,.T.);
#2458 = FACE_BOUND('',#2459,.T.);
#2459 = EDGE_LOOP('',(#2460,#2470,#2478,#2486));
#2460 = ORIENTED_EDGE('',*,*,#2461,.T.);
#2461 = EDGE_CURVE('',#2462,#2464,#2466,.T.);
#2462 = VERTEX_POINT('',#2463);
#2463 = CARTESIAN_POINT('',(113.25,-94.875,0.));
#2464 = VERTEX_POINT('',#2465);
#2465 = CARTESIAN_POINT('',(113.25,-94.875,1.51));
#2466 = LINE('',#2467,#2468);
#2467 = CARTESIAN_POINT('',(113.25,-94.875,0.));
#2468 = VECTOR('',#2469,1.);
#2469 = DIRECTION('',(0.,0.,1.));
#2470 = ORIENTED_EDGE('',*,*,#2471,.T.);
#2471 = EDGE_CURVE('',#2464,#2472,#2474,.T.);
#2472 = VERTEX_POINT('',#2473);
#2473 = CARTESIAN_POINT('',(127.25,-94.875,1.51));
#2474 = LINE('',#2475,#2476);
#2475 = CARTESIAN_POINT('',(113.25,-94.875,1.51));
#2476 = VECTOR('',#2477,1.);
#2477 = DIRECTION('',(1.,0.,0.));
#2478 = ORIENTED_EDGE('',*,*,#2479,.F.);
#2479 = EDGE_CURVE('',#2480,#2472,#2482,.T.);
#2480 = VERTEX_POINT('',#2481);
#2481 = CARTESIAN_POINT('',(127.25,-94.875,0.));
#2482 = LINE('',#2483,#2484);
#2483 = CARTESIAN_POINT('',(127.25,-94.875,0.));
#2484 = VECTOR('',#2485,1.);
#2485 = DIRECTION('',(0.,0.,1.));
#2486 = ORIENTED_EDGE('',*,*,#2487,.F.);
#2487 = EDGE_CURVE('',#2462,#2480,#2488,.T.);
#2488 = LINE('',#2489,#2490);
#2489 = CARTESIAN_POINT('',(113.25,-94.875,0.));
#2490 = VECTOR('',#2491,1.);
#2491 = DIRECTION('',(1.,0.,0.));
#2492 = PLANE('',#2493);
#2493 = AXIS2_PLACEMENT_3D('',#2494,#2495,#2496);
#2494 = CARTESIAN_POINT('',(113.25,-94.875,0.));
#2495 = DIRECTION('',(0.,1.,0.));
#2496 = DIRECTION('',(1.,0.,0.));
#2497 = ADVANCED_FACE('',(#2498),#2523,.T.);
#2498 = FACE_BOUND('',#2499,.T.);
#2499 = EDGE_LOOP('',(#2500,#2501,#2509,#2517));
#2500 = ORIENTED_EDGE('',*,*,#2479,.T.);
#2501 = ORIENTED_EDGE('',*,*,#2502,.T.);
#2502 = EDGE_CURVE('',#2472,#2503,#2505,.T.);
#2503 = VERTEX_POINT('',#2504);
#2504 = CARTESIAN_POINT('',(127.25,-80.875,1.51));
#2505 = LINE('',#2506,#2507);
#2506 = CARTESIAN_POINT('',(127.25,-94.875,1.51));
#2507 = VECTOR('',#2508,1.);
#2508 = DIRECTION('',(0.,1.,0.));
#2509 = ORIENTED_EDGE('',*,*,#2510,.F.);
#2510 = EDGE_CURVE('',#2511,#2503,#2513,.T.);
#2511 = VERTEX_POINT('',#2512);
#2512 = CARTESIAN_POINT('',(127.25,-80.875,0.));
#2513 = LINE('',#2514,#2515);
#2514 = CARTESIAN_POINT('',(127.25,-80.875,0.));
#2515 = VECTOR('',#2516,1.);
#2516 = DIRECTION('',(0.,0.,1.));
#2517 = ORIENTED_EDGE('',*,*,#2518,.F.);
#2518 = EDGE_CURVE('',#2480,#2511,#2519,.T.);
#2519 = LINE('',#2520,#2521);
#2520 = CARTESIAN_POINT('',(127.25,-94.875,0.));
#2521 = VECTOR('',#2522,1.);
#2522 = DIRECTION('',(0.,1.,0.));
#2523 = PLANE('',#2524);
#2524 = AXIS2_PLACEMENT_3D('',#2525,#2526,#2527);
#2525 = CARTESIAN_POINT('',(127.25,-94.875,0.));
#2526 = DIRECTION('',(-1.,0.,0.));
#2527 = DIRECTION('',(0.,1.,0.));
#2528 = ADVANCED_FACE('',(#2529),#2554,.T.);
#2529 = FACE_BOUND('',#2530,.T.);
#2530 = EDGE_LOOP('',(#2531,#2532,#2540,#2548));
#2531 = ORIENTED_EDGE('',*,*,#2510,.T.);
#2532 = ORIENTED_EDGE('',*,*,#2533,.T.);
#2533 = EDGE_CURVE('',#2503,#2534,#2536,.T.);
#2534 = VERTEX_POINT('',#2535);
#2535 = CARTESIAN_POINT('',(113.25,-80.875,1.51));
#2536 = LINE('',#2537,#2538);
#2537 = CARTESIAN_POINT('',(127.25,-80.875,1.51));
#2538 = VECTOR('',#2539,1.);
#2539 = DIRECTION('',(-1.,0.,0.));
#2540 = ORIENTED_EDGE('',*,*,#2541,.F.);
#2541 = EDGE_CURVE('',#2542,#2534,#2544,.T.);
#2542 = VERTEX_POINT('',#2543);
#2543 = CARTESIAN_POINT('',(113.25,-80.875,0.));
#2544 = LINE('',#2545,#2546);
#2545 = CARTESIAN_POINT('',(113.25,-80.875,0.));
#2546 = VECTOR('',#2547,1.);
#2547 = DIRECTION('',(0.,0.,1.));
#2548 = ORIENTED_EDGE('',*,*,#2549,.F.);
#2549 = EDGE_CURVE('',#2511,#2542,#2550,.T.);
#2550 = LINE('',#2551,#2552);
#2551 = CARTESIAN_POINT('',(127.25,-80.875,0.));
#2552 = VECTOR('',#2553,1.);
#2553 = DIRECTION('',(-1.,0.,0.));
#2554 = PLANE('',#2555);
#2555 = AXIS2_PLACEMENT_3D('',#2556,#2557,#2558);
#2556 = CARTESIAN_POINT('',(127.25,-80.875,0.));
#2557 = DIRECTION('',(0.,-1.,0.));
#2558 = DIRECTION('',(-1.,0.,0.));
#2559 = ADVANCED_FACE('',(#2560),#2576,.T.);
#2560 = FACE_BOUND('',#2561,.T.);
#2561 = EDGE_LOOP('',(#2562,#2563,#2569,#2570));
#2562 = ORIENTED_EDGE('',*,*,#2541,.T.);
#2563 = ORIENTED_EDGE('',*,*,#2564,.T.);
#2564 = EDGE_CURVE('',#2534,#2464,#2565,.T.);
#2565 = LINE('',#2566,#2567);
#2566 = CARTESIAN_POINT('',(113.25,-80.875,1.51));
#2567 = VECTOR('',#2568,1.);
#2568 = DIRECTION('',(0.,-1.,0.));
#2569 = ORIENTED_EDGE('',*,*,#2461,.F.);
#2570 = ORIENTED_EDGE('',*,*,#2571,.F.);
#2571 = EDGE_CURVE('',#2542,#2462,#2572,.T.);
#2572 = LINE('',#2573,#2574);
#2573 = CARTESIAN_POINT('',(113.25,-80.875,0.));
#2574 = VECTOR('',#2575,1.);
#2575 = DIRECTION('',(0.,-1.,0.));
#2576 = PLANE('',#2577);
#2577 = AXIS2_PLACEMENT_3D('',#2578,#2579,#2580);
#2578 = CARTESIAN_POINT('',(113.25,-80.875,0.));
#2579 = DIRECTION('',(1.,0.,-0.));
#2580 = DIRECTION('',(0.,-1.,0.));
#2581 = ADVANCED_FACE('',(#2582),#2616,.T.);
#2582 = FACE_BOUND('',#2583,.T.);
#2583 = EDGE_LOOP('',(#2584,#2594,#2602,#2610));
#2584 = ORIENTED_EDGE('',*,*,#2585,.T.);
#2585 = EDGE_CURVE('',#2586,#2588,#2590,.T.);
#2586 = VERTEX_POINT('',#2587);
#2587 = CARTESIAN_POINT('',(187.25,-94.875,0.));
#2588 = VERTEX_POINT('',#2589);
#2589 = CARTESIAN_POINT('',(187.25,-94.875,1.51));
#2590 = LINE('',#2591,#2592);
#2591 = CARTESIAN_POINT('',(187.25,-94.875,0.));
#2592 = VECTOR('',#2593,1.);
#2593 = DIRECTION('',(0.,0.,1.));
#2594 = ORIENTED_EDGE('',*,*,#2595,.T.);
#2595 = EDGE_CURVE('',#2588,#2596,#2598,.T.);
#2596 = VERTEX_POINT('',#2597);
#2597 = CARTESIAN_POINT('',(201.25,-94.875,1.51));
#2598 = LINE('',#2599,#2600);
#2599 = CARTESIAN_POINT('',(187.25,-94.875,1.51));
#2600 = VECTOR('',#2601,1.);
#2601 = DIRECTION('',(1.,0.,0.));
#2602 = ORIENTED_EDGE('',*,*,#2603,.F.);
#2603 = EDGE_CURVE('',#2604,#2596,#2606,.T.);
#2604 = VERTEX_POINT('',#2605);
#2605 = CARTESIAN_POINT('',(201.25,-94.875,0.));
#2606 = LINE('',#2607,#2608);
#2607 = CARTESIAN_POINT('',(201.25,-94.875,0.));
#2608 = VECTOR('',#2609,1.);
#2609 = DIRECTION('',(0.,0.,1.));
#2610 = ORIENTED_EDGE('',*,*,#2611,.F.);
#2611 = EDGE_CURVE('',#2586,#2604,#2612,.T.);
#2612 = LINE('',#2613,#2614);
#2613 = CARTESIAN_POINT('',(187.25,-94.875,0.));
#2614 = VECTOR('',#2615,1.);
#2615 = DIRECTION('',(1.,0.,0.));
#2616 = PLANE('',#2617);
#2617 = AXIS2_PLACEMENT_3D('',#2618,#2619,#2620);
#2618 = CARTESIAN_POINT('',(187.25,-94.875,0.));
#2619 = DIRECTION('',(0.,1.,0.));
#2620 = DIRECTION('',(1.,0.,0.));
#2621 = ADVANCED_FACE('',(#2622),#2647,.T.);
#2622 = FACE_BOUND('',#2623,.T.);
#2623 = EDGE_LOOP('',(#2624,#2625,#2633,#2641));
#2624 = ORIENTED_EDGE('',*,*,#2603,.T.);
#2625 = ORIENTED_EDGE('',*,*,#2626,.T.);
#2626 = EDGE_CURVE('',#2596,#2627,#2629,.T.);
#2627 = VERTEX_POINT('',#2628);
#2628 = CARTESIAN_POINT('',(201.25,-80.875,1.51));
#2629 = LINE('',#2630,#2631);
#2630 = CARTESIAN_POINT('',(201.25,-94.875,1.51));
#2631 = VECTOR('',#2632,1.);
#2632 = DIRECTION('',(0.,1.,0.));
#2633 = ORIENTED_EDGE('',*,*,#2634,.F.);
#2634 = EDGE_CURVE('',#2635,#2627,#2637,.T.);
#2635 = VERTEX_POINT('',#2636);
#2636 = CARTESIAN_POINT('',(201.25,-80.875,0.));
#2637 = LINE('',#2638,#2639);
#2638 = CARTESIAN_POINT('',(201.25,-80.875,0.));
#2639 = VECTOR('',#2640,1.);
#2640 = DIRECTION('',(0.,0.,1.));
#2641 = ORIENTED_EDGE('',*,*,#2642,.F.);
#2642 = EDGE_CURVE('',#2604,#2635,#2643,.T.);
#2643 = LINE('',#2644,#2645);
#2644 = CARTESIAN_POINT('',(201.25,-94.875,0.));
#2645 = VECTOR('',#2646,1.);
#2646 = DIRECTION('',(0.,1.,0.));
#2647 = PLANE('',#2648);
#2648 = AXIS2_PLACEMENT_3D('',#2649,#2650,#2651);
#2649 = CARTESIAN_POINT('',(201.25,-94.875,0.));
#2650 = DIRECTION('',(-1.,0.,0.));
#2651 = DIRECTION('',(0.,1.,0.));
#2652 = ADVANCED_FACE('',(#2653),#2678,.T.);
#2653 = FACE_BOUND('',#2654,.T.);
#2654 = EDGE_LOOP('',(#2655,#2656,#2664,#2672));
#2655 = ORIENTED_EDGE('',*,*,#2634,.T.);
#2656 = ORIENTED_EDGE('',*,*,#2657,.T.);
#2657 = EDGE_CURVE('',#2627,#2658,#2660,.T.);
#2658 = VERTEX_POINT('',#2659);
#2659 = CARTESIAN_POINT('',(187.25,-80.875,1.51));
#2660 = LINE('',#2661,#2662);
#2661 = CARTESIAN_POINT('',(201.25,-80.875,1.51));
#2662 = VECTOR('',#2663,1.);
#2663 = DIRECTION('',(-1.,0.,0.));
#2664 = ORIENTED_EDGE('',*,*,#2665,.F.);
#2665 = EDGE_CURVE('',#2666,#2658,#2668,.T.);
#2666 = VERTEX_POINT('',#2667);
#2667 = CARTESIAN_POINT('',(187.25,-80.875,0.));
#2668 = LINE('',#2669,#2670);
#2669 = CARTESIAN_POINT('',(187.25,-80.875,0.));
#2670 = VECTOR('',#2671,1.);
#2671 = DIRECTION('',(0.,0.,1.));
#2672 = ORIENTED_EDGE('',*,*,#2673,.F.);
#2673 = EDGE_CURVE('',#2635,#2666,#2674,.T.);
#2674 = LINE('',#2675,#2676);
#2675 = CARTESIAN_POINT('',(201.25,-80.875,0.));
#2676 = VECTOR('',#2677,1.);
#2677 = DIRECTION('',(-1.,0.,0.));
#2678 = PLANE('',#2679);
#2679 = AXIS2_PLACEMENT_3D('',#2680,#2681,#2682);
#2680 = CARTESIAN_POINT('',(201.25,-80.875,0.));
#2681 = DIRECTION('',(0.,-1.,0.));
#2682 = DIRECTION('',(-1.,0.,0.));
#2683 = ADVANCED_FACE('',(#2684),#2700,.T.);
#2684 = FACE_BOUND('',#2685,.T.);
#2685 = EDGE_LOOP('',(#2686,#2687,#2693,#2694));
#2686 = ORIENTED_EDGE('',*,*,#2665,.T.);
#2687 = ORIENTED_EDGE('',*,*,#2688,.T.);
#2688 = EDGE_CURVE('',#2658,#2588,#2689,.T.);
#2689 = LINE('',#2690,#2691);
#2690 = CARTESIAN_POINT('',(187.25,-80.875,1.51));
#2691 = VECTOR('',#2692,1.);
#2692 = DIRECTION('',(0.,-1.,0.));
#2693 = ORIENTED_EDGE('',*,*,#2585,.F.);
#2694 = ORIENTED_EDGE('',*,*,#2695,.F.);
#2695 = EDGE_CURVE('',#2666,#2586,#2696,.T.);
#2696 = LINE('',#2697,#2698);
#2697 = CARTESIAN_POINT('',(187.25,-80.875,0.));
#2698 = VECTOR('',#2699,1.);
#2699 = DIRECTION('',(0.,-1.,0.));
#2700 = PLANE('',#2701);
#2701 = AXIS2_PLACEMENT_3D('',#2702,#2703,#2704);
#2702 = CARTESIAN_POINT('',(187.25,-80.875,0.));
#2703 = DIRECTION('',(1.,0.,-0.));
#2704 = DIRECTION('',(0.,-1.,0.));
#2705 = ADVANCED_FACE('',(#2706),#2740,.T.);
#2706 = FACE_BOUND('',#2707,.T.);
#2707 = EDGE_LOOP('',(#2708,#2718,#2726,#2734));
#2708 = ORIENTED_EDGE('',*,*,#2709,.T.);
#2709 = EDGE_CURVE('',#2710,#2712,#2714,.T.);
#2710 = VERTEX_POINT('',#2711);
#2711 = CARTESIAN_POINT('',(131.75,-90.25,0.));
#2712 = VERTEX_POINT('',#2713);
#2713 = CARTESIAN_POINT('',(131.75,-90.25,1.51));
#2714 = LINE('',#2715,#2716);
#2715 = CARTESIAN_POINT('',(131.75,-90.25,0.));
#2716 = VECTOR('',#2717,1.);
#2717 = DIRECTION('',(0.,0.,1.));
#2718 = ORIENTED_EDGE('',*,*,#2719,.T.);
#2719 = EDGE_CURVE('',#2712,#2720,#2722,.T.);
#2720 = VERTEX_POINT('',#2721);
#2721 = CARTESIAN_POINT('',(145.75,-90.25,1.51));
#2722 = LINE('',#2723,#2724);
#2723 = CARTESIAN_POINT('',(131.75,-90.25,1.51));
#2724 = VECTOR('',#2725,1.);
#2725 = DIRECTION('',(1.,0.,0.));
#2726 = ORIENTED_EDGE('',*,*,#2727,.F.);
#2727 = EDGE_CURVE('',#2728,#2720,#2730,.T.);
#2728 = VERTEX_POINT('',#2729);
#2729 = CARTESIAN_POINT('',(145.75,-90.25,0.));
#2730 = LINE('',#2731,#2732);
#2731 = CARTESIAN_POINT('',(145.75,-90.25,0.));
#2732 = VECTOR('',#2733,1.);
#2733 = DIRECTION('',(0.,0.,1.));
#2734 = ORIENTED_EDGE('',*,*,#2735,.F.);
#2735 = EDGE_CURVE('',#2710,#2728,#2736,.T.);
#2736 = LINE('',#2737,#2738);
#2737 = CARTESIAN_POINT('',(131.75,-90.25,0.));
#2738 = VECTOR('',#2739,1.);
#2739 = DIRECTION('',(1.,0.,0.));
#2740 = PLANE('',#2741);
#2741 = AXIS2_PLACEMENT_3D('',#2742,#2743,#2744);
#2742 = CARTESIAN_POINT('',(131.75,-90.25,0.));
#2743 = DIRECTION('',(0.,1.,0.));
#2744 = DIRECTION('',(1.,0.,0.));
#2745 = ADVANCED_FACE('',(#2746),#2771,.T.);
#2746 = FACE_BOUND('',#2747,.T.);
#2747 = EDGE_LOOP('',(#2748,#2749,#2757,#2765));
#2748 = ORIENTED_EDGE('',*,*,#2727,.T.);
#2749 = ORIENTED_EDGE('',*,*,#2750,.T.);
#2750 = EDGE_CURVE('',#2720,#2751,#2753,.T.);
#2751 = VERTEX_POINT('',#2752);
#2752 = CARTESIAN_POINT('',(145.75,-76.25,1.51));
#2753 = LINE('',#2754,#2755);
#2754 = CARTESIAN_POINT('',(145.75,-90.25,1.51));
#2755 = VECTOR('',#2756,1.);
#2756 = DIRECTION('',(0.,1.,0.));
#2757 = ORIENTED_EDGE('',*,*,#2758,.F.);
#2758 = EDGE_CURVE('',#2759,#2751,#2761,.T.);
#2759 = VERTEX_POINT('',#2760);
#2760 = CARTESIAN_POINT('',(145.75,-76.25,0.));
#2761 = LINE('',#2762,#2763);
#2762 = CARTESIAN_POINT('',(145.75,-76.25,0.));
#2763 = VECTOR('',#2764,1.);
#2764 = DIRECTION('',(0.,0.,1.));
#2765 = ORIENTED_EDGE('',*,*,#2766,.F.);
#2766 = EDGE_CURVE('',#2728,#2759,#2767,.T.);
#2767 = LINE('',#2768,#2769);
#2768 = CARTESIAN_POINT('',(145.75,-90.25,0.));
#2769 = VECTOR('',#2770,1.);
#2770 = DIRECTION('',(0.,1.,0.));
#2771 = PLANE('',#2772);
#2772 = AXIS2_PLACEMENT_3D('',#2773,#2774,#2775);
#2773 = CARTESIAN_POINT('',(145.75,-90.25,0.));
#2774 = DIRECTION('',(-1.,0.,0.));
#2775 = DIRECTION('',(0.,1.,0.));
#2776 = ADVANCED_FACE('',(#2777),#2802,.T.);
#2777 = FACE_BOUND('',#2778,.T.);
#2778 = EDGE_LOOP('',(#2779,#2780,#2788,#2796));
#2779 = ORIENTED_EDGE('',*,*,#2758,.T.);
#2780 = ORIENTED_EDGE('',*,*,#2781,.T.);
#2781 = EDGE_CURVE('',#2751,#2782,#2784,.T.);
#2782 = VERTEX_POINT('',#2783);
#2783 = CARTESIAN_POINT('',(131.75,-76.25,1.51));
#2784 = LINE('',#2785,#2786);
#2785 = CARTESIAN_POINT('',(145.75,-76.25,1.51));
#2786 = VECTOR('',#2787,1.);
#2787 = DIRECTION('',(-1.,0.,0.));
#2788 = ORIENTED_EDGE('',*,*,#2789,.F.);
#2789 = EDGE_CURVE('',#2790,#2782,#2792,.T.);
#2790 = VERTEX_POINT('',#2791);
#2791 = CARTESIAN_POINT('',(131.75,-76.25,0.));
#2792 = LINE('',#2793,#2794);
#2793 = CARTESIAN_POINT('',(131.75,-76.25,0.));
#2794 = VECTOR('',#2795,1.);
#2795 = DIRECTION('',(0.,0.,1.));
#2796 = ORIENTED_EDGE('',*,*,#2797,.F.);
#2797 = EDGE_CURVE('',#2759,#2790,#2798,.T.);
#2798 = LINE('',#2799,#2800);
#2799 = CARTESIAN_POINT('',(145.75,-76.25,0.));
#2800 = VECTOR('',#2801,1.);
#2801 = DIRECTION('',(-1.,0.,0.));
#2802 = PLANE('',#2803);
#2803 = AXIS2_PLACEMENT_3D('',#2804,#2805,#2806);
#2804 = CARTESIAN_POINT('',(145.75,-76.25,0.));
#2805 = DIRECTION('',(0.,-1.,0.));
#2806 = DIRECTION('',(-1.,0.,0.));
#2807 = ADVANCED_FACE('',(#2808),#2824,.T.);
#2808 = FACE_BOUND('',#2809,.T.);
#2809 = EDGE_LOOP('',(#2810,#2811,#2817,#2818));
#2810 = ORIENTED_EDGE('',*,*,#2789,.T.);
#2811 = ORIENTED_EDGE('',*,*,#2812,.T.);
#2812 = EDGE_CURVE('',#2782,#2712,#2813,.T.);
#2813 = LINE('',#2814,#2815);
#2814 = CARTESIAN_POINT('',(131.75,-76.25,1.51));
#2815 = VECTOR('',#2816,1.);
#2816 = DIRECTION('',(0.,-1.,0.));
#2817 = ORIENTED_EDGE('',*,*,#2709,.F.);
#2818 = ORIENTED_EDGE('',*,*,#2819,.F.);
#2819 = EDGE_CURVE('',#2790,#2710,#2820,.T.);
#2820 = LINE('',#2821,#2822);
#2821 = CARTESIAN_POINT('',(131.75,-76.25,0.));
#2822 = VECTOR('',#2823,1.);
#2823 = DIRECTION('',(0.,-1.,0.));
#2824 = PLANE('',#2825);
#2825 = AXIS2_PLACEMENT_3D('',#2826,#2827,#2828);
#2826 = CARTESIAN_POINT('',(131.75,-76.25,0.));
#2827 = DIRECTION('',(1.,0.,-0.));
#2828 = DIRECTION('',(0.,-1.,0.));
#2829 = ADVANCED_FACE('',(#2830),#2864,.T.);
#2830 = FACE_BOUND('',#2831,.T.);
#2831 = EDGE_LOOP('',(#2832,#2842,#2850,#2858));
#2832 = ORIENTED_EDGE('',*,*,#2833,.T.);
#2833 = EDGE_CURVE('',#2834,#2836,#2838,.T.);
#2834 = VERTEX_POINT('',#2835);
#2835 = CARTESIAN_POINT('',(168.75,-90.25,0.));
#2836 = VERTEX_POINT('',#2837);
#2837 = CARTESIAN_POINT('',(168.75,-90.25,1.51));
#2838 = LINE('',#2839,#2840);
#2839 = CARTESIAN_POINT('',(168.75,-90.25,0.));
#2840 = VECTOR('',#2841,1.);
#2841 = DIRECTION('',(0.,0.,1.));
#2842 = ORIENTED_EDGE('',*,*,#2843,.T.);
#2843 = EDGE_CURVE('',#2836,#2844,#2846,.T.);
#2844 = VERTEX_POINT('',#2845);
#2845 = CARTESIAN_POINT('',(182.75,-90.25,1.51));
#2846 = LINE('',#2847,#2848);
#2847 = CARTESIAN_POINT('',(168.75,-90.25,1.51));
#2848 = VECTOR('',#2849,1.);
#2849 = DIRECTION('',(1.,0.,0.));
#2850 = ORIENTED_EDGE('',*,*,#2851,.F.);
#2851 = EDGE_CURVE('',#2852,#2844,#2854,.T.);
#2852 = VERTEX_POINT('',#2853);
#2853 = CARTESIAN_POINT('',(182.75,-90.25,0.));
#2854 = LINE('',#2855,#2856);
#2855 = CARTESIAN_POINT('',(182.75,-90.25,0.));
#2856 = VECTOR('',#2857,1.);
#2857 = DIRECTION('',(0.,0.,1.));
#2858 = ORIENTED_EDGE('',*,*,#2859,.F.);
#2859 = EDGE_CURVE('',#2834,#2852,#2860,.T.);
#2860 = LINE('',#2861,#2862);
#2861 = CARTESIAN_POINT('',(168.75,-90.25,0.));
#2862 = VECTOR('',#2863,1.);
#2863 = DIRECTION('',(1.,0.,0.));
#2864 = PLANE('',#2865);
#2865 = AXIS2_PLACEMENT_3D('',#2866,#2867,#2868);
#2866 = CARTESIAN_POINT('',(168.75,-90.25,0.));
#2867 = DIRECTION('',(0.,1.,0.));
#2868 = DIRECTION('',(1.,0.,0.));
#2869 = ADVANCED_FACE('',(#2870),#2895,.T.);
#2870 = FACE_BOUND('',#2871,.T.);
#2871 = EDGE_LOOP('',(#2872,#2873,#2881,#2889));
#2872 = ORIENTED_EDGE('',*,*,#2851,.T.);
#2873 = ORIENTED_EDGE('',*,*,#2874,.T.);
#2874 = EDGE_CURVE('',#2844,#2875,#2877,.T.);
#2875 = VERTEX_POINT('',#2876);
#2876 = CARTESIAN_POINT('',(182.75,-76.25,1.51));
#2877 = LINE('',#2878,#2879);
#2878 = CARTESIAN_POINT('',(182.75,-90.25,1.51));
#2879 = VECTOR('',#2880,1.);
#2880 = DIRECTION('',(0.,1.,0.));
#2881 = ORIENTED_EDGE('',*,*,#2882,.F.);
#2882 = EDGE_CURVE('',#2883,#2875,#2885,.T.);
#2883 = VERTEX_POINT('',#2884);
#2884 = CARTESIAN_POINT('',(182.75,-76.25,0.));
#2885 = LINE('',#2886,#2887);
#2886 = CARTESIAN_POINT('',(182.75,-76.25,0.));
#2887 = VECTOR('',#2888,1.);
#2888 = DIRECTION('',(0.,0.,1.));
#2889 = ORIENTED_EDGE('',*,*,#2890,.F.);
#2890 = EDGE_CURVE('',#2852,#2883,#2891,.T.);
#2891 = LINE('',#2892,#2893);
#2892 = CARTESIAN_POINT('',(182.75,-90.25,0.));
#2893 = VECTOR('',#2894,1.);
#2894 = DIRECTION('',(0.,1.,0.));
#2895 = PLANE('',#2896);
#2896 = AXIS2_PLACEMENT_3D('',#2897,#2898,#2899);
#2897 = CARTESIAN_POINT('',(182.75,-90.25,0.));
#2898 = DIRECTION('',(-1.,0.,0.));
#2899 = DIRECTION('',(0.,1.,0.));
#2900 = ADVANCED_FACE('',(#2901),#2926,.T.);
#2901 = FACE_BOUND('',#2902,.T.);
#2902 = EDGE_LOOP('',(#2903,#2904,#2912,#2920));
#2903 = ORIENTED_EDGE('',*,*,#2882,.T.);
#2904 = ORIENTED_EDGE('',*,*,#2905,.T.);
#2905 = EDGE_CURVE('',#2875,#2906,#2908,.T.);
#2906 = VERTEX_POINT('',#2907);
#2907 = CARTESIAN_POINT('',(168.75,-76.25,1.51));
#2908 = LINE('',#2909,#2910);
#2909 = CARTESIAN_POINT('',(182.75,-76.25,1.51));
#2910 = VECTOR('',#2911,1.);
#2911 = DIRECTION('',(-1.,0.,0.));
#2912 = ORIENTED_EDGE('',*,*,#2913,.F.);
#2913 = EDGE_CURVE('',#2914,#2906,#2916,.T.);
#2914 = VERTEX_POINT('',#2915);
#2915 = CARTESIAN_POINT('',(168.75,-76.25,0.));
#2916 = LINE('',#2917,#2918);
#2917 = CARTESIAN_POINT('',(168.75,-76.25,0.));
#2918 = VECTOR('',#2919,1.);
#2919 = DIRECTION('',(0.,0.,1.));
#2920 = ORIENTED_EDGE('',*,*,#2921,.F.);
#2921 = EDGE_CURVE('',#2883,#2914,#2922,.T.);
#2922 = LINE('',#2923,#2924);
#2923 = CARTESIAN_POINT('',(182.75,-76.25,0.));
#2924 = VECTOR('',#2925,1.);
#2925 = DIRECTION('',(-1.,0.,0.));
#2926 = PLANE('',#2927);
#2927 = AXIS2_PLACEMENT_3D('',#2928,#2929,#2930);
#2928 = CARTESIAN_POINT('',(182.75,-76.25,0.));
#2929 = DIRECTION('',(0.,-1.,0.));
#2930 = DIRECTION('',(-1.,0.,0.));
#2931 = ADVANCED_FACE('',(#2932),#2948,.T.);
#2932 = FACE_BOUND('',#2933,.T.);
#2933 = EDGE_LOOP('',(#2934,#2935,#2941,#2942));
#2934 = ORIENTED_EDGE('',*,*,#2913,.T.);
#2935 = ORIENTED_EDGE('',*,*,#2936,.T.);
#2936 = EDGE_CURVE('',#2906,#2836,#2937,.T.);
#2937 = LINE('',#2938,#2939);
#2938 = CARTESIAN_POINT('',(168.75,-76.25,1.51));
#2939 = VECTOR('',#2940,1.);
#2940 = DIRECTION('',(0.,-1.,0.));
#2941 = ORIENTED_EDGE('',*,*,#2833,.F.);
#2942 = ORIENTED_EDGE('',*,*,#2943,.F.);
#2943 = EDGE_CURVE('',#2914,#2834,#2944,.T.);
#2944 = LINE('',#2945,#2946);
#2945 = CARTESIAN_POINT('',(168.75,-76.25,0.));
#2946 = VECTOR('',#2947,1.);
#2947 = DIRECTION('',(0.,-1.,0.));
#2948 = PLANE('',#2949);
#2949 = AXIS2_PLACEMENT_3D('',#2950,#2951,#2952);
#2950 = CARTESIAN_POINT('',(168.75,-76.25,0.));
#2951 = DIRECTION('',(1.,0.,-0.));
#2952 = DIRECTION('',(0.,-1.,0.));
#2953 = ADVANCED_FACE('',(#2954),#2988,.T.);
#2954 = FACE_BOUND('',#2955,.T.);
#2955 = EDGE_LOOP('',(#2956,#2966,#2974,#2982));
#2956 = ORIENTED_EDGE('',*,*,#2957,.T.);
#2957 = EDGE_CURVE('',#2958,#2960,#2962,.T.);
#2958 = VERTEX_POINT('',#2959);
#2959 = CARTESIAN_POINT('',(150.25,-85.625,0.));
#2960 = VERTEX_POINT('',#2961);
#2961 = CARTESIAN_POINT('',(150.25,-85.625,1.51));
#2962 = LINE('',#2963,#2964);
#2963 = CARTESIAN_POINT('',(150.25,-85.625,0.));
#2964 = VECTOR('',#2965,1.);
#2965 = DIRECTION('',(0.,0.,1.));
#2966 = ORIENTED_EDGE('',*,*,#2967,.T.);
#2967 = EDGE_CURVE('',#2960,#2968,#2970,.T.);
#2968 = VERTEX_POINT('',#2969);
#2969 = CARTESIAN_POINT('',(164.25,-85.625,1.51));
#2970 = LINE('',#2971,#2972);
#2971 = CARTESIAN_POINT('',(150.25,-85.625,1.51));
#2972 = VECTOR('',#2973,1.);
#2973 = DIRECTION('',(1.,0.,0.));
#2974 = ORIENTED_EDGE('',*,*,#2975,.F.);
#2975 = EDGE_CURVE('',#2976,#2968,#2978,.T.);
#2976 = VERTEX_POINT('',#2977);
#2977 = CARTESIAN_POINT('',(164.25,-85.625,0.));
#2978 = LINE('',#2979,#2980);
#2979 = CARTESIAN_POINT('',(164.25,-85.625,0.));
#2980 = VECTOR('',#2981,1.);
#2981 = DIRECTION('',(0.,0.,1.));
#2982 = ORIENTED_EDGE('',*,*,#2983,.F.);
#2983 = EDGE_CURVE('',#2958,#2976,#2984,.T.);
#2984 = LINE('',#2985,#2986);
#2985 = CARTESIAN_POINT('',(150.25,-85.625,0.));
#2986 = VECTOR('',#2987,1.);
#2987 = DIRECTION('',(1.,0.,0.));
#2988 = PLANE('',#2989);
#2989 = AXIS2_PLACEMENT_3D('',#2990,#2991,#2992);
#2990 = CARTESIAN_POINT('',(150.25,-85.625,0.));
#2991 = DIRECTION('',(0.,1.,0.));
#2992 = DIRECTION('',(1.,0.,0.));
#2993 = ADVANCED_FACE('',(#2994),#3019,.T.);
#2994 = FACE_BOUND('',#2995,.T.);
#2995 = EDGE_LOOP('',(#2996,#2997,#3005,#3013));
#2996 = ORIENTED_EDGE('',*,*,#2975,.T.);
#2997 = ORIENTED_EDGE('',*,*,#2998,.T.);
#2998 = EDGE_CURVE('',#2968,#2999,#3001,.T.);
#2999 = VERTEX_POINT('',#3000);
#3000 = CARTESIAN_POINT('',(164.25,-71.625,1.51));
#3001 = LINE('',#3002,#3003);
#3002 = CARTESIAN_POINT('',(164.25,-85.625,1.51));
#3003 = VECTOR('',#3004,1.);
#3004 = DIRECTION('',(0.,1.,0.));
#3005 = ORIENTED_EDGE('',*,*,#3006,.F.);
#3006 = EDGE_CURVE('',#3007,#2999,#3009,.T.);
#3007 = VERTEX_POINT('',#3008);
#3008 = CARTESIAN_POINT('',(164.25,-71.625,0.));
#3009 = LINE('',#3010,#3011);
#3010 = CARTESIAN_POINT('',(164.25,-71.625,0.));
#3011 = VECTOR('',#3012,1.);
#3012 = DIRECTION('',(0.,0.,1.));
#3013 = ORIENTED_EDGE('',*,*,#3014,.F.);
#3014 = EDGE_CURVE('',#2976,#3007,#3015,.T.);
#3015 = LINE('',#3016,#3017);
#3016 = CARTESIAN_POINT('',(164.25,-85.625,0.));
#3017 = VECTOR('',#3018,1.);
#3018 = DIRECTION('',(0.,1.,0.));
#3019 = PLANE('',#3020);
#3020 = AXIS2_PLACEMENT_3D('',#3021,#3022,#3023);
#3021 = CARTESIAN_POINT('',(164.25,-85.625,0.));
#3022 = DIRECTION('',(-1.,0.,0.));
#3023 = DIRECTION('',(0.,1.,0.));
#3024 = ADVANCED_FACE('',(#3025),#3050,.T.);
#3025 = FACE_BOUND('',#3026,.T.);
#3026 = EDGE_LOOP('',(#3027,#3028,#3036,#3044));
#3027 = ORIENTED_EDGE('',*,*,#3006,.T.);
#3028 = ORIENTED_EDGE('',*,*,#3029,.T.);
#3029 = EDGE_CURVE('',#2999,#3030,#3032,.T.);
#3030 = VERTEX_POINT('',#3031);
#3031 = CARTESIAN_POINT('',(150.25,-71.625,1.51));
#3032 = LINE('',#3033,#3034);
#3033 = CARTESIAN_POINT('',(164.25,-71.625,1.51));
#3034 = VECTOR('',#3035,1.);
#3035 = DIRECTION('',(-1.,0.,0.));
#3036 = ORIENTED_EDGE('',*,*,#3037,.F.);
#3037 = EDGE_CURVE('',#3038,#3030,#3040,.T.);
#3038 = VERTEX_POINT('',#3039);
#3039 = CARTESIAN_POINT('',(150.25,-71.625,0.));
#3040 = LINE('',#3041,#3042);
#3041 = CARTESIAN_POINT('',(150.25,-71.625,0.));
#3042 = VECTOR('',#3043,1.);
#3043 = DIRECTION('',(0.,0.,1.));
#3044 = ORIENTED_EDGE('',*,*,#3045,.F.);
#3045 = EDGE_CURVE('',#3007,#3038,#3046,.T.);
#3046 = LINE('',#3047,#3048);
#3047 = CARTESIAN_POINT('',(164.25,-71.625,0.));
#3048 = VECTOR('',#3049,1.);
#3049 = DIRECTION('',(-1.,0.,0.));
#3050 = PLANE('',#3051);
#3051 = AXIS2_PLACEMENT_3D('',#3052,#3053,#3054);
#3052 = CARTESIAN_POINT('',(164.25,-71.625,0.));
#3053 = DIRECTION('',(0.,-1.,0.));
#3054 = DIRECTION('',(-1.,0.,0.));
#3055 = ADVANCED_FACE('',(#3056),#3072,.T.);
#3056 = FACE_BOUND('',#3057,.T.);
#3057 = EDGE_LOOP('',(#3058,#3059,#3065,#3066));
#3058 = ORIENTED_EDGE('',*,*,#3037,.T.);
#3059 = ORIENTED_EDGE('',*,*,#3060,.T.);
#3060 = EDGE_CURVE('',#3030,#2960,#3061,.T.);
#3061 = LINE('',#3062,#3063);
#3062 = CARTESIAN_POINT('',(150.25,-71.625,1.51));
#3063 = VECTOR('',#3064,1.);
#3064 = DIRECTION('',(0.,-1.,0.));
#3065 = ORIENTED_EDGE('',*,*,#2957,.F.);
#3066 = ORIENTED_EDGE('',*,*,#3067,.F.);
#3067 = EDGE_CURVE('',#3038,#2958,#3068,.T.);
#3068 = LINE('',#3069,#3070);
#3069 = CARTESIAN_POINT('',(150.25,-71.625,0.));
#3070 = VECTOR('',#3071,1.);
#3071 = DIRECTION('',(0.,-1.,0.));
#3072 = PLANE('',#3073);
#3073 = AXIS2_PLACEMENT_3D('',#3074,#3075,#3076);
#3074 = CARTESIAN_POINT('',(150.25,-71.625,0.));
#3075 = DIRECTION('',(1.,0.,-0.));
#3076 = DIRECTION('',(0.,-1.,0.));
#3077 = ADVANCED_FACE('',(#3078),#3112,.T.);
#3078 = FACE_BOUND('',#3079,.T.);
#3079 = EDGE_LOOP('',(#3080,#3090,#3098,#3106));
#3080 = ORIENTED_EDGE('',*,*,#3081,.T.);
#3081 = EDGE_CURVE('',#3082,#3084,#3086,.T.);
#3082 = VERTEX_POINT('',#3083);
#3083 = CARTESIAN_POINT('',(113.25,-76.375,0.));
#3084 = VERTEX_POINT('',#3085);
#3085 = CARTESIAN_POINT('',(113.25,-76.375,1.51));
#3086 = LINE('',#3087,#3088);
#3087 = CARTESIAN_POINT('',(113.25,-76.375,0.));
#3088 = VECTOR('',#3089,1.);
#3089 = DIRECTION('',(0.,0.,1.));
#3090 = ORIENTED_EDGE('',*,*,#3091,.T.);
#3091 = EDGE_CURVE('',#3084,#3092,#3094,.T.);
#3092 = VERTEX_POINT('',#3093);
#3093 = CARTESIAN_POINT('',(127.25,-76.375,1.51));
#3094 = LINE('',#3095,#3096);
#3095 = CARTESIAN_POINT('',(113.25,-76.375,1.51));
#3096 = VECTOR('',#3097,1.);
#3097 = DIRECTION('',(1.,0.,0.));
#3098 = ORIENTED_EDGE('',*,*,#3099,.F.);
#3099 = EDGE_CURVE('',#3100,#3092,#3102,.T.);
#3100 = VERTEX_POINT('',#3101);
#3101 = CARTESIAN_POINT('',(127.25,-76.375,0.));
#3102 = LINE('',#3103,#3104);
#3103 = CARTESIAN_POINT('',(127.25,-76.375,0.));
#3104 = VECTOR('',#3105,1.);
#3105 = DIRECTION('',(0.,0.,1.));
#3106 = ORIENTED_EDGE('',*,*,#3107,.F.);
#3107 = EDGE_CURVE('',#3082,#3100,#3108,.T.);
#3108 = LINE('',#3109,#3110);
#3109 = CARTESIAN_POINT('',(113.25,-76.375,0.));
#3110 = VECTOR('',#3111,1.);
#3111 = DIRECTION('',(1.,0.,0.));
#3112 = PLANE('',#3113);
#3113 = AXIS2_PLACEMENT_3D('',#3114,#3115,#3116);
#3114 = CARTESIAN_POINT('',(113.25,-76.375,0.));
#3115 = DIRECTION('',(0.,1.,0.));
#3116 = DIRECTION('',(1.,0.,0.));
#3117 = ADVANCED_FACE('',(#3118),#3143,.T.);
#3118 = FACE_BOUND('',#3119,.T.);
#3119 = EDGE_LOOP('',(#3120,#3121,#3129,#3137));
#3120 = ORIENTED_EDGE('',*,*,#3099,.T.);
#3121 = ORIENTED_EDGE('',*,*,#3122,.T.);
#3122 = EDGE_CURVE('',#3092,#3123,#3125,.T.);
#3123 = VERTEX_POINT('',#3124);
#3124 = CARTESIAN_POINT('',(127.25,-62.375,1.51));
#3125 = LINE('',#3126,#3127);
#3126 = CARTESIAN_POINT('',(127.25,-76.375,1.51));
#3127 = VECTOR('',#3128,1.);
#3128 = DIRECTION('',(0.,1.,0.));
#3129 = ORIENTED_EDGE('',*,*,#3130,.F.);
#3130 = EDGE_CURVE('',#3131,#3123,#3133,.T.);
#3131 = VERTEX_POINT('',#3132);
#3132 = CARTESIAN_POINT('',(127.25,-62.375,0.));
#3133 = LINE('',#3134,#3135);
#3134 = CARTESIAN_POINT('',(127.25,-62.375,0.));
#3135 = VECTOR('',#3136,1.);
#3136 = DIRECTION('',(0.,0.,1.));
#3137 = ORIENTED_EDGE('',*,*,#3138,.F.);
#3138 = EDGE_CURVE('',#3100,#3131,#3139,.T.);
#3139 = LINE('',#3140,#3141);
#3140 = CARTESIAN_POINT('',(127.25,-76.375,0.));
#3141 = VECTOR('',#3142,1.);
#3142 = DIRECTION('',(0.,1.,0.));
#3143 = PLANE('',#3144);
#3144 = AXIS2_PLACEMENT_3D('',#3145,#3146,#3147);
#3145 = CARTESIAN_POINT('',(127.25,-76.375,0.));
#3146 = DIRECTION('',(-1.,0.,0.));
#3147 = DIRECTION('',(0.,1.,0.));
#3148 = ADVANCED_FACE('',(#3149),#3174,.T.);
#3149 = FACE_BOUND('',#3150,.T.);
#3150 = EDGE_LOOP('',(#3151,#3152,#3160,#3168));
#3151 = ORIENTED_EDGE('',*,*,#3130,.T.);
#3152 = ORIENTED_EDGE('',*,*,#3153,.T.);
#3153 = EDGE_CURVE('',#3123,#3154,#3156,.T.);
#3154 = VERTEX_POINT('',#3155);
#3155 = CARTESIAN_POINT('',(113.25,-62.375,1.51));
#3156 = LINE('',#3157,#3158);
#3157 = CARTESIAN_POINT('',(127.25,-62.375,1.51));
#3158 = VECTOR('',#3159,1.);
#3159 = DIRECTION('',(-1.,0.,0.));
#3160 = ORIENTED_EDGE('',*,*,#3161,.F.);
#3161 = EDGE_CURVE('',#3162,#3154,#3164,.T.);
#3162 = VERTEX_POINT('',#3163);
#3163 = CARTESIAN_POINT('',(113.25,-62.375,0.));
#3164 = LINE('',#3165,#3166);
#3165 = CARTESIAN_POINT('',(113.25,-62.375,0.));
#3166 = VECTOR('',#3167,1.);
#3167 = DIRECTION('',(0.,0.,1.));
#3168 = ORIENTED_EDGE('',*,*,#3169,.F.);
#3169 = EDGE_CURVE('',#3131,#3162,#3170,.T.);
#3170 = LINE('',#3171,#3172);
#3171 = CARTESIAN_POINT('',(127.25,-62.375,0.));
#3172 = VECTOR('',#3173,1.);
#3173 = DIRECTION('',(-1.,0.,0.));
#3174 = PLANE('',#3175);
#3175 = AXIS2_PLACEMENT_3D('',#3176,#3177,#3178);
#3176 = CARTESIAN_POINT('',(127.25,-62.375,0.));
#3177 = DIRECTION('',(0.,-1.,0.));
#3178 = DIRECTION('',(-1.,0.,0.));
#3179 = ADVANCED_FACE('',(#3180),#3196,.T.);
#3180 = FACE_BOUND('',#3181,.T.);
#3181 = EDGE_LOOP('',(#3182,#3183,#3189,#3190));
#3182 = ORIENTED_EDGE('',*,*,#3161,.T.);
#3183 = ORIENTED_EDGE('',*,*,#3184,.T.);
#3184 = EDGE_CURVE('',#3154,#3084,#3185,.T.);
#3185 = LINE('',#3186,#3187);
#3186 = CARTESIAN_POINT('',(113.25,-62.375,1.51));
#3187 = VECTOR('',#3188,1.);
#3188 = DIRECTION('',(0.,-1.,0.));
#3189 = ORIENTED_EDGE('',*,*,#3081,.F.);
#3190 = ORIENTED_EDGE('',*,*,#3191,.F.);
#3191 = EDGE_CURVE('',#3162,#3082,#3192,.T.);
#3192 = LINE('',#3193,#3194);
#3193 = CARTESIAN_POINT('',(113.25,-62.375,0.));
#3194 = VECTOR('',#3195,1.);
#3195 = DIRECTION('',(0.,-1.,0.));
#3196 = PLANE('',#3197);
#3197 = AXIS2_PLACEMENT_3D('',#3198,#3199,#3200);
#3198 = CARTESIAN_POINT('',(113.25,-62.375,0.));
#3199 = DIRECTION('',(1.,0.,-0.));
#3200 = DIRECTION('',(0.,-1.,0.));
#3201 = ADVANCED_FACE('',(#3202),#3236,.T.);
#3202 = FACE_BOUND('',#3203,.T.);
#3203 = EDGE_LOOP('',(#3204,#3214,#3222,#3230));
#3204 = ORIENTED_EDGE('',*,*,#3205,.T.);
#3205 = EDGE_CURVE('',#3206,#3208,#3210,.T.);
#3206 = VERTEX_POINT('',#3207);
#3207 = CARTESIAN_POINT('',(187.25,-76.375,0.));
#3208 = VERTEX_POINT('',#3209);
#3209 = CARTESIAN_POINT('',(187.25,-76.375,1.51));
#3210 = LINE('',#3211,#3212);
#3211 = CARTESIAN_POINT('',(187.25,-76.375,0.));
#3212 = VECTOR('',#3213,1.);
#3213 = DIRECTION('',(0.,0.,1.));
#3214 = ORIENTED_EDGE('',*,*,#3215,.T.);
#3215 = EDGE_CURVE('',#3208,#3216,#3218,.T.);
#3216 = VERTEX_POINT('',#3217);
#3217 = CARTESIAN_POINT('',(201.25,-76.375,1.51));
#3218 = LINE('',#3219,#3220);
#3219 = CARTESIAN_POINT('',(187.25,-76.375,1.51));
#3220 = VECTOR('',#3221,1.);
#3221 = DIRECTION('',(1.,0.,0.));
#3222 = ORIENTED_EDGE('',*,*,#3223,.F.);
#3223 = EDGE_CURVE('',#3224,#3216,#3226,.T.);
#3224 = VERTEX_POINT('',#3225);
#3225 = CARTESIAN_POINT('',(201.25,-76.375,0.));
#3226 = LINE('',#3227,#3228);
#3227 = CARTESIAN_POINT('',(201.25,-76.375,0.));
#3228 = VECTOR('',#3229,1.);
#3229 = DIRECTION('',(0.,0.,1.));
#3230 = ORIENTED_EDGE('',*,*,#3231,.F.);
#3231 = EDGE_CURVE('',#3206,#3224,#3232,.T.);
#3232 = LINE('',#3233,#3234);
#3233 = CARTESIAN_POINT('',(187.25,-76.375,0.));
#3234 = VECTOR('',#3235,1.);
#3235 = DIRECTION('',(1.,0.,0.));
#3236 = PLANE('',#3237);
#3237 = AXIS2_PLACEMENT_3D('',#3238,#3239,#3240);
#3238 = CARTESIAN_POINT('',(187.25,-76.375,0.));
#3239 = DIRECTION('',(0.,1.,0.));
#3240 = DIRECTION('',(1.,0.,0.));
#3241 = ADVANCED_FACE('',(#3242),#3267,.T.);
#3242 = FACE_BOUND('',#3243,.T.);
#3243 = EDGE_LOOP('',(#3244,#3245,#3253,#3261));
#3244 = ORIENTED_EDGE('',*,*,#3223,.T.);
#3245 = ORIENTED_EDGE('',*,*,#3246,.T.);
#3246 = EDGE_CURVE('',#3216,#3247,#3249,.T.);
#3247 = VERTEX_POINT('',#3248);
#3248 = CARTESIAN_POINT('',(201.25,-62.375,1.51));
#3249 = LINE('',#3250,#3251);
#3250 = CARTESIAN_POINT('',(201.25,-76.375,1.51));
#3251 = VECTOR('',#3252,1.);
#3252 = DIRECTION('',(0.,1.,0.));
#3253 = ORIENTED_EDGE('',*,*,#3254,.F.);
#3254 = EDGE_CURVE('',#3255,#3247,#3257,.T.);
#3255 = VERTEX_POINT('',#3256);
#3256 = CARTESIAN_POINT('',(201.25,-62.375,0.));
#3257 = LINE('',#3258,#3259);
#3258 = CARTESIAN_POINT('',(201.25,-62.375,0.));
#3259 = VECTOR('',#3260,1.);
#3260 = DIRECTION('',(0.,0.,1.));
#3261 = ORIENTED_EDGE('',*,*,#3262,.F.);
#3262 = EDGE_CURVE('',#3224,#3255,#3263,.T.);
#3263 = LINE('',#3264,#3265);
#3264 = CARTESIAN_POINT('',(201.25,-76.375,0.));
#3265 = VECTOR('',#3266,1.);
#3266 = DIRECTION('',(0.,1.,0.));
#3267 = PLANE('',#3268);
#3268 = AXIS2_PLACEMENT_3D('',#3269,#3270,#3271);
#3269 = CARTESIAN_POINT('',(201.25,-76.375,0.));
#3270 = DIRECTION('',(-1.,0.,0.));
#3271 = DIRECTION('',(0.,1.,0.));
#3272 = ADVANCED_FACE('',(#3273),#3298,.T.);
#3273 = FACE_BOUND('',#3274,.T.);
#3274 = EDGE_LOOP('',(#3275,#3276,#3284,#3292));
#3275 = ORIENTED_EDGE('',*,*,#3254,.T.);
#3276 = ORIENTED_EDGE('',*,*,#3277,.T.);
#3277 = EDGE_CURVE('',#3247,#3278,#3280,.T.);
#3278 = VERTEX_POINT('',#3279);
#3279 = CARTESIAN_POINT('',(187.25,-62.375,1.51));
#3280 = LINE('',#3281,#3282);
#3281 = CARTESIAN_POINT('',(201.25,-62.375,1.51));
#3282 = VECTOR('',#3283,1.);
#3283 = DIRECTION('',(-1.,0.,0.));
#3284 = ORIENTED_EDGE('',*,*,#3285,.F.);
#3285 = EDGE_CURVE('',#3286,#3278,#3288,.T.);
#3286 = VERTEX_POINT('',#3287);
#3287 = CARTESIAN_POINT('',(187.25,-62.375,0.));
#3288 = LINE('',#3289,#3290);
#3289 = CARTESIAN_POINT('',(187.25,-62.375,0.));
#3290 = VECTOR('',#3291,1.);
#3291 = DIRECTION('',(0.,0.,1.));
#3292 = ORIENTED_EDGE('',*,*,#3293,.F.);
#3293 = EDGE_CURVE('',#3255,#3286,#3294,.T.);
#3294 = LINE('',#3295,#3296);
#3295 = CARTESIAN_POINT('',(201.25,-62.375,0.));
#3296 = VECTOR('',#3297,1.);
#3297 = DIRECTION('',(-1.,0.,0.));
#3298 = PLANE('',#3299);
#3299 = AXIS2_PLACEMENT_3D('',#3300,#3301,#3302);
#3300 = CARTESIAN_POINT('',(201.25,-62.375,0.));
#3301 = DIRECTION('',(0.,-1.,0.));
#3302 = DIRECTION('',(-1.,0.,0.));
#3303 = ADVANCED_FACE('',(#3304),#3320,.T.);
#3304 = FACE_BOUND('',#3305,.T.);
#3305 = EDGE_LOOP('',(#3306,#3307,#3313,#3314));
#3306 = ORIENTED_EDGE('',*,*,#3285,.T.);
#3307 = ORIENTED_EDGE('',*,*,#3308,.T.);
#3308 = EDGE_CURVE('',#3278,#3208,#3309,.T.);
#3309 = LINE('',#3310,#3311);
#3310 = CARTESIAN_POINT('',(187.25,-62.375,1.51));
#3311 = VECTOR('',#3312,1.);
#3312 = DIRECTION('',(0.,-1.,0.));
#3313 = ORIENTED_EDGE('',*,*,#3205,.F.);
#3314 = ORIENTED_EDGE('',*,*,#3315,.F.);
#3315 = EDGE_CURVE('',#3286,#3206,#3316,.T.);
#3316 = LINE('',#3317,#3318);
#3317 = CARTESIAN_POINT('',(187.25,-62.375,0.));
#3318 = VECTOR('',#3319,1.);
#3319 = DIRECTION('',(0.,-1.,0.));
#3320 = PLANE('',#3321);
#3321 = AXIS2_PLACEMENT_3D('',#3322,#3323,#3324);
#3322 = CARTESIAN_POINT('',(187.25,-62.375,0.));
#3323 = DIRECTION('',(1.,0.,-0.));
#3324 = DIRECTION('',(0.,-1.,0.));
#3325 = ADVANCED_FACE('',(#3326),#3360,.T.);
#3326 = FACE_BOUND('',#3327,.T.);
#3327 = EDGE_LOOP('',(#3328,#3338,#3346,#3354));
#3328 = ORIENTED_EDGE('',*,*,#3329,.T.);
#3329 = EDGE_CURVE('',#3330,#3332,#3334,.T.);
#3330 = VERTEX_POINT('',#3331);
#3331 = CARTESIAN_POINT('',(131.75,-71.75,0.));
#3332 = VERTEX_POINT('',#3333);
#3333 = CARTESIAN_POINT('',(131.75,-71.75,1.51));
#3334 = LINE('',#3335,#3336);
#3335 = CARTESIAN_POINT('',(131.75,-71.75,0.));
#3336 = VECTOR('',#3337,1.);
#3337 = DIRECTION('',(0.,0.,1.));
#3338 = ORIENTED_EDGE('',*,*,#3339,.T.);
#3339 = EDGE_CURVE('',#3332,#3340,#3342,.T.);
#3340 = VERTEX_POINT('',#3341);
#3341 = CARTESIAN_POINT('',(145.75,-71.75,1.51));
#3342 = LINE('',#3343,#3344);
#3343 = CARTESIAN_POINT('',(131.75,-71.75,1.51));
#3344 = VECTOR('',#3345,1.);
#3345 = DIRECTION('',(1.,0.,0.));
#3346 = ORIENTED_EDGE('',*,*,#3347,.F.);
#3347 = EDGE_CURVE('',#3348,#3340,#3350,.T.);
#3348 = VERTEX_POINT('',#3349);
#3349 = CARTESIAN_POINT('',(145.75,-71.75,0.));
#3350 = LINE('',#3351,#3352);
#3351 = CARTESIAN_POINT('',(145.75,-71.75,0.));
#3352 = VECTOR('',#3353,1.);
#3353 = DIRECTION('',(0.,0.,1.));
#3354 = ORIENTED_EDGE('',*,*,#3355,.F.);
#3355 = EDGE_CURVE('',#3330,#3348,#3356,.T.);
#3356 = LINE('',#3357,#3358);
#3357 = CARTESIAN_POINT('',(131.75,-71.75,0.));
#3358 = VECTOR('',#3359,1.);
#3359 = DIRECTION('',(1.,0.,0.));
#3360 = PLANE('',#3361);
#3361 = AXIS2_PLACEMENT_3D('',#3362,#3363,#3364);
#3362 = CARTESIAN_POINT('',(131.75,-71.75,0.));
#3363 = DIRECTION('',(0.,1.,0.));
#3364 = DIRECTION('',(1.,0.,0.));
#3365 = ADVANCED_FACE('',(#3366),#3391,.T.);
#3366 = FACE_BOUND('',#3367,.T.);
#3367 = EDGE_LOOP('',(#3368,#3369,#3377,#3385));
#3368 = ORIENTED_EDGE('',*,*,#3347,.T.);
#3369 = ORIENTED_EDGE('',*,*,#3370,.T.);
#3370 = EDGE_CURVE('',#3340,#3371,#3373,.T.);
#3371 = VERTEX_POINT('',#3372);
#3372 = CARTESIAN_POINT('',(145.75,-57.75,1.51));
#3373 = LINE('',#3374,#3375);
#3374 = CARTESIAN_POINT('',(145.75,-71.75,1.51));
#3375 = VECTOR('',#3376,1.);
#3376 = DIRECTION('',(0.,1.,0.));
#3377 = ORIENTED_EDGE('',*,*,#3378,.F.);
#3378 = EDGE_CURVE('',#3379,#3371,#3381,.T.);
#3379 = VERTEX_POINT('',#3380);
#3380 = CARTESIAN_POINT('',(145.75,-57.75,0.));
#3381 = LINE('',#3382,#3383);
#3382 = CARTESIAN_POINT('',(145.75,-57.75,0.));
#3383 = VECTOR('',#3384,1.);
#3384 = DIRECTION('',(0.,0.,1.));
#3385 = ORIENTED_EDGE('',*,*,#3386,.F.);
#3386 = EDGE_CURVE('',#3348,#3379,#3387,.T.);
#3387 = LINE('',#3388,#3389);
#3388 = CARTESIAN_POINT('',(145.75,-71.75,0.));
#3389 = VECTOR('',#3390,1.);
#3390 = DIRECTION('',(0.,1.,0.));
#3391 = PLANE('',#3392);
#3392 = AXIS2_PLACEMENT_3D('',#3393,#3394,#3395);
#3393 = CARTESIAN_POINT('',(145.75,-71.75,0.));
#3394 = DIRECTION('',(-1.,0.,0.));
#3395 = DIRECTION('',(0.,1.,0.));
#3396 = ADVANCED_FACE('',(#3397),#3422,.T.);
#3397 = FACE_BOUND('',#3398,.T.);
#3398 = EDGE_LOOP('',(#3399,#3400,#3408,#3416));
#3399 = ORIENTED_EDGE('',*,*,#3378,.T.);
#3400 = ORIENTED_EDGE('',*,*,#3401,.T.);
#3401 = EDGE_CURVE('',#3371,#3402,#3404,.T.);
#3402 = VERTEX_POINT('',#3403);
#3403 = CARTESIAN_POINT('',(131.75,-57.75,1.51));
#3404 = LINE('',#3405,#3406);
#3405 = CARTESIAN_POINT('',(145.75,-57.75,1.51));
#3406 = VECTOR('',#3407,1.);
#3407 = DIRECTION('',(-1.,0.,0.));
#3408 = ORIENTED_EDGE('',*,*,#3409,.F.);
#3409 = EDGE_CURVE('',#3410,#3402,#3412,.T.);
#3410 = VERTEX_POINT('',#3411);
#3411 = CARTESIAN_POINT('',(131.75,-57.75,0.));
#3412 = LINE('',#3413,#3414);
#3413 = CARTESIAN_POINT('',(131.75,-57.75,0.));
#3414 = VECTOR('',#3415,1.);
#3415 = DIRECTION('',(0.,0.,1.));
#3416 = ORIENTED_EDGE('',*,*,#3417,.F.);
#3417 = EDGE_CURVE('',#3379,#3410,#3418,.T.);
#3418 = LINE('',#3419,#3420);
#3419 = CARTESIAN_POINT('',(145.75,-57.75,0.));
#3420 = VECTOR('',#3421,1.);
#3421 = DIRECTION('',(-1.,0.,0.));
#3422 = PLANE('',#3423);
#3423 = AXIS2_PLACEMENT_3D('',#3424,#3425,#3426);
#3424 = CARTESIAN_POINT('',(145.75,-57.75,0.));
#3425 = DIRECTION('',(0.,-1.,0.));
#3426 = DIRECTION('',(-1.,0.,0.));
#3427 = ADVANCED_FACE('',(#3428),#3444,.T.);
#3428 = FACE_BOUND('',#3429,.T.);
#3429 = EDGE_LOOP('',(#3430,#3431,#3437,#3438));
#3430 = ORIENTED_EDGE('',*,*,#3409,.T.);
#3431 = ORIENTED_EDGE('',*,*,#3432,.T.);
#3432 = EDGE_CURVE('',#3402,#3332,#3433,.T.);
#3433 = LINE('',#3434,#3435);
#3434 = CARTESIAN_POINT('',(131.75,-57.75,1.51));
#3435 = VECTOR('',#3436,1.);
#3436 = DIRECTION('',(0.,-1.,0.));
#3437 = ORIENTED_EDGE('',*,*,#3329,.F.);
#3438 = ORIENTED_EDGE('',*,*,#3439,.F.);
#3439 = EDGE_CURVE('',#3410,#3330,#3440,.T.);
#3440 = LINE('',#3441,#3442);
#3441 = CARTESIAN_POINT('',(131.75,-57.75,0.));
#3442 = VECTOR('',#3443,1.);
#3443 = DIRECTION('',(0.,-1.,0.));
#3444 = PLANE('',#3445);
#3445 = AXIS2_PLACEMENT_3D('',#3446,#3447,#3448);
#3446 = CARTESIAN_POINT('',(131.75,-57.75,0.));
#3447 = DIRECTION('',(1.,0.,-0.));
#3448 = DIRECTION('',(0.,-1.,0.));
#3449 = ADVANCED_FACE('',(#3450),#3484,.T.);
#3450 = FACE_BOUND('',#3451,.T.);
#3451 = EDGE_LOOP('',(#3452,#3462,#3470,#3478));
#3452 = ORIENTED_EDGE('',*,*,#3453,.T.);
#3453 = EDGE_CURVE('',#3454,#3456,#3458,.T.);
#3454 = VERTEX_POINT('',#3455);
#3455 = CARTESIAN_POINT('',(168.75,-71.75,0.));
#3456 = VERTEX_POINT('',#3457);
#3457 = CARTESIAN_POINT('',(168.75,-71.75,1.51));
#3458 = LINE('',#3459,#3460);
#3459 = CARTESIAN_POINT('',(168.75,-71.75,0.));
#3460 = VECTOR('',#3461,1.);
#3461 = DIRECTION('',(0.,0.,1.));
#3462 = ORIENTED_EDGE('',*,*,#3463,.T.);
#3463 = EDGE_CURVE('',#3456,#3464,#3466,.T.);
#3464 = VERTEX_POINT('',#3465);
#3465 = CARTESIAN_POINT('',(182.75,-71.75,1.51));
#3466 = LINE('',#3467,#3468);
#3467 = CARTESIAN_POINT('',(168.75,-71.75,1.51));
#3468 = VECTOR('',#3469,1.);
#3469 = DIRECTION('',(1.,0.,0.));
#3470 = ORIENTED_EDGE('',*,*,#3471,.F.);
#3471 = EDGE_CURVE('',#3472,#3464,#3474,.T.);
#3472 = VERTEX_POINT('',#3473);
#3473 = CARTESIAN_POINT('',(182.75,-71.75,0.));
#3474 = LINE('',#3475,#3476);
#3475 = CARTESIAN_POINT('',(182.75,-71.75,0.));
#3476 = VECTOR('',#3477,1.);
#3477 = DIRECTION('',(0.,0.,1.));
#3478 = ORIENTED_EDGE('',*,*,#3479,.F.);
#3479 = EDGE_CURVE('',#3454,#3472,#3480,.T.);
#3480 = LINE('',#3481,#3482);
#3481 = CARTESIAN_POINT('',(168.75,-71.75,0.));
#3482 = VECTOR('',#3483,1.);
#3483 = DIRECTION('',(1.,0.,0.));
#3484 = PLANE('',#3485);
#3485 = AXIS2_PLACEMENT_3D('',#3486,#3487,#3488);
#3486 = CARTESIAN_POINT('',(168.75,-71.75,0.));
#3487 = DIRECTION('',(0.,1.,0.));
#3488 = DIRECTION('',(1.,0.,0.));
#3489 = ADVANCED_FACE('',(#3490),#3515,.T.);
#3490 = FACE_BOUND('',#3491,.T.);
#3491 = EDGE_LOOP('',(#3492,#3493,#3501,#3509));
#3492 = ORIENTED_EDGE('',*,*,#3471,.T.);
#3493 = ORIENTED_EDGE('',*,*,#3494,.T.);
#3494 = EDGE_CURVE('',#3464,#3495,#3497,.T.);
#3495 = VERTEX_POINT('',#3496);
#3496 = CARTESIAN_POINT('',(182.75,-57.75,1.51));
#3497 = LINE('',#3498,#3499);
#3498 = CARTESIAN_POINT('',(182.75,-71.75,1.51));
#3499 = VECTOR('',#3500,1.);
#3500 = DIRECTION('',(0.,1.,0.));
#3501 = ORIENTED_EDGE('',*,*,#3502,.F.);
#3502 = EDGE_CURVE('',#3503,#3495,#3505,.T.);
#3503 = VERTEX_POINT('',#3504);
#3504 = CARTESIAN_POINT('',(182.75,-57.75,0.));
#3505 = LINE('',#3506,#3507);
#3506 = CARTESIAN_POINT('',(182.75,-57.75,0.));
#3507 = VECTOR('',#3508,1.);
#3508 = DIRECTION('',(0.,0.,1.));
#3509 = ORIENTED_EDGE('',*,*,#3510,.F.);
#3510 = EDGE_CURVE('',#3472,#3503,#3511,.T.);
#3511 = LINE('',#3512,#3513);
#3512 = CARTESIAN_POINT('',(182.75,-71.75,0.));
#3513 = VECTOR('',#3514,1.);
#3514 = DIRECTION('',(0.,1.,0.));
#3515 = PLANE('',#3516);
#3516 = AXIS2_PLACEMENT_3D('',#3517,#3518,#3519);
#3517 = CARTESIAN_POINT('',(182.75,-71.75,0.));
#3518 = DIRECTION('',(-1.,0.,0.));
#3519 = DIRECTION('',(0.,1.,0.));
#3520 = ADVANCED_FACE('',(#3521),#3546,.T.);
#3521 = FACE_BOUND('',#3522,.T.);
#3522 = EDGE_LOOP('',(#3523,#3524,#3532,#3540));
#3523 = ORIENTED_EDGE('',*,*,#3502,.T.);
#3524 = ORIENTED_EDGE('',*,*,#3525,.T.);
#3525 = EDGE_CURVE('',#3495,#3526,#3528,.T.);
#3526 = VERTEX_POINT('',#3527);
#3527 = CARTESIAN_POINT('',(168.75,-57.75,1.51));
#3528 = LINE('',#3529,#3530);
#3529 = CARTESIAN_POINT('',(182.75,-57.75,1.51));
#3530 = VECTOR('',#3531,1.);
#3531 = DIRECTION('',(-1.,0.,0.));
#3532 = ORIENTED_EDGE('',*,*,#3533,.F.);
#3533 = EDGE_CURVE('',#3534,#3526,#3536,.T.);
#3534 = VERTEX_POINT('',#3535);
#3535 = CARTESIAN_POINT('',(168.75,-57.75,0.));
#3536 = LINE('',#3537,#3538);
#3537 = CARTESIAN_POINT('',(168.75,-57.75,0.));
#3538 = VECTOR('',#3539,1.);
#3539 = DIRECTION('',(0.,0.,1.));
#3540 = ORIENTED_EDGE('',*,*,#3541,.F.);
#3541 = EDGE_CURVE('',#3503,#3534,#3542,.T.);
#3542 = LINE('',#3543,#3544);
#3543 = CARTESIAN_POINT('',(182.75,-57.75,0.));
#3544 = VECTOR('',#3545,1.);
#3545 = DIRECTION('',(-1.,0.,0.));
#3546 = PLANE('',#3547);
#3547 = AXIS2_PLACEMENT_3D('',#3548,#3549,#3550);
#3548 = CARTESIAN_POINT('',(182.75,-57.75,0.));
#3549 = DIRECTION('',(0.,-1.,0.));
#3550 = DIRECTION('',(-1.,0.,0.));
#3551 = ADVANCED_FACE('',(#3552),#3568,.T.);
#3552 = FACE_BOUND('',#3553,.T.);
#3553 = EDGE_LOOP('',(#3554,#3555,#3561,#3562));
#3554 = ORIENTED_EDGE('',*,*,#3533,.T.);
#3555 = ORIENTED_EDGE('',*,*,#3556,.T.);
#3556 = EDGE_CURVE('',#3526,#3456,#3557,.T.);
#3557 = LINE('',#3558,#3559);
#3558 = CARTESIAN_POINT('',(168.75,-57.75,1.51));
#3559 = VECTOR('',#3560,1.);
#3560 = DIRECTION('',(0.,-1.,0.));
#3561 = ORIENTED_EDGE('',*,*,#3453,.F.);
#3562 = ORIENTED_EDGE('',*,*,#3563,.F.);
#3563 = EDGE_CURVE('',#3534,#3454,#3564,.T.);
#3564 = LINE('',#3565,#3566);
#3565 = CARTESIAN_POINT('',(168.75,-57.75,0.));
#3566 = VECTOR('',#3567,1.);
#3567 = DIRECTION('',(0.,-1.,0.));
#3568 = PLANE('',#3569);
#3569 = AXIS2_PLACEMENT_3D('',#3570,#3571,#3572);
#3570 = CARTESIAN_POINT('',(168.75,-57.75,0.));
#3571 = DIRECTION('',(1.,0.,-0.));
#3572 = DIRECTION('',(0.,-1.,0.));
#3573 = ADVANCED_FACE('',(#3574),#3608,.T.);
#3574 = FACE_BOUND('',#3575,.T.);
#3575 = EDGE_LOOP('',(#3576,#3586,#3594,#3602));
#3576 = ORIENTED_EDGE('',*,*,#3577,.T.);
#3577 = EDGE_CURVE('',#3578,#3580,#3582,.T.);
#3578 = VERTEX_POINT('',#3579);
#3579 = CARTESIAN_POINT('',(150.25,-67.125,0.));
#3580 = VERTEX_POINT('',#3581);
#3581 = CARTESIAN_POINT('',(150.25,-67.125,1.51));
#3582 = LINE('',#3583,#3584);
#3583 = CARTESIAN_POINT('',(150.25,-67.125,0.));
#3584 = VECTOR('',#3585,1.);
#3585 = DIRECTION('',(0.,0.,1.));
#3586 = ORIENTED_EDGE('',*,*,#3587,.T.);
#3587 = EDGE_CURVE('',#3580,#3588,#3590,.T.);
#3588 = VERTEX_POINT('',#3589);
#3589 = CARTESIAN_POINT('',(164.25,-67.125,1.51));
#3590 = LINE('',#3591,#3592);
#3591 = CARTESIAN_POINT('',(150.25,-67.125,1.51));
#3592 = VECTOR('',#3593,1.);
#3593 = DIRECTION('',(1.,0.,0.));
#3594 = ORIENTED_EDGE('',*,*,#3595,.F.);
#3595 = EDGE_CURVE('',#3596,#3588,#3598,.T.);
#3596 = VERTEX_POINT('',#3597);
#3597 = CARTESIAN_POINT('',(164.25,-67.125,0.));
#3598 = LINE('',#3599,#3600);
#3599 = CARTESIAN_POINT('',(164.25,-67.125,0.));
#3600 = VECTOR('',#3601,1.);
#3601 = DIRECTION('',(0.,0.,1.));
#3602 = ORIENTED_EDGE('',*,*,#3603,.F.);
#3603 = EDGE_CURVE('',#3578,#3596,#3604,.T.);
#3604 = LINE('',#3605,#3606);
#3605 = CARTESIAN_POINT('',(150.25,-67.125,0.));
#3606 = VECTOR('',#3607,1.);
#3607 = DIRECTION('',(1.,0.,0.));
#3608 = PLANE('',#3609);
#3609 = AXIS2_PLACEMENT_3D('',#3610,#3611,#3612);
#3610 = CARTESIAN_POINT('',(150.25,-67.125,0.));
#3611 = DIRECTION('',(0.,1.,0.));
#3612 = DIRECTION('',(1.,0.,0.));
#3613 = ADVANCED_FACE('',(#3614),#3639,.T.);
#3614 = FACE_BOUND('',#3615,.T.);
#3615 = EDGE_LOOP('',(#3616,#3617,#3625,#3633));
#3616 = ORIENTED_EDGE('',*,*,#3595,.T.);
#3617 = ORIENTED_EDGE('',*,*,#3618,.T.);
#3618 = EDGE_CURVE('',#3588,#3619,#3621,.T.);
#3619 = VERTEX_POINT('',#3620);
#3620 = CARTESIAN_POINT('',(164.25,-53.125,1.51));
#3621 = LINE('',#3622,#3623);
#3622 = CARTESIAN_POINT('',(164.25,-67.125,1.51));
#3623 = VECTOR('',#3624,1.);
#3624 = DIRECTION('',(0.,1.,0.));
#3625 = ORIENTED_EDGE('',*,*,#3626,.F.);
#3626 = EDGE_CURVE('',#3627,#3619,#3629,.T.);
#3627 = VERTEX_POINT('',#3628);
#3628 = CARTESIAN_POINT('',(164.25,-53.125,0.));
#3629 = LINE('',#3630,#3631);
#3630 = CARTESIAN_POINT('',(164.25,-53.125,0.));
#3631 = VECTOR('',#3632,1.);
#3632 = DIRECTION('',(0.,0.,1.));
#3633 = ORIENTED_EDGE('',*,*,#3634,.F.);
#3634 = EDGE_CURVE('',#3596,#3627,#3635,.T.);
#3635 = LINE('',#3636,#3637);
#3636 = CARTESIAN_POINT('',(164.25,-67.125,0.));
#3637 = VECTOR('',#3638,1.);
#3638 = DIRECTION('',(0.,1.,0.));
#3639 = PLANE('',#3640);
#3640 = AXIS2_PLACEMENT_3D('',#3641,#3642,#3643);
#3641 = CARTESIAN_POINT('',(164.25,-67.125,0.));
#3642 = DIRECTION('',(-1.,0.,0.));
#3643 = DIRECTION('',(0.,1.,0.));
#3644 = ADVANCED_FACE('',(#3645),#3670,.T.);
#3645 = FACE_BOUND('',#3646,.T.);
#3646 = EDGE_LOOP('',(#3647,#3648,#3656,#3664));
#3647 = ORIENTED_EDGE('',*,*,#3626,.T.);
#3648 = ORIENTED_EDGE('',*,*,#3649,.T.);
#3649 = EDGE_CURVE('',#3619,#3650,#3652,.T.);
#3650 = VERTEX_POINT('',#3651);
#3651 = CARTESIAN_POINT('',(150.25,-53.125,1.51));
#3652 = LINE('',#3653,#3654);
#3653 = CARTESIAN_POINT('',(164.25,-53.125,1.51));
#3654 = VECTOR('',#3655,1.);
#3655 = DIRECTION('',(-1.,0.,0.));
#3656 = ORIENTED_EDGE('',*,*,#3657,.F.);
#3657 = EDGE_CURVE('',#3658,#3650,#3660,.T.);
#3658 = VERTEX_POINT('',#3659);
#3659 = CARTESIAN_POINT('',(150.25,-53.125,0.));
#3660 = LINE('',#3661,#3662);
#3661 = CARTESIAN_POINT('',(150.25,-53.125,0.));
#3662 = VECTOR('',#3663,1.);
#3663 = DIRECTION('',(0.,0.,1.));
#3664 = ORIENTED_EDGE('',*,*,#3665,.F.);
#3665 = EDGE_CURVE('',#3627,#3658,#3666,.T.);
#3666 = LINE('',#3667,#3668);
#3667 = CARTESIAN_POINT('',(164.25,-53.125,0.));
#3668 = VECTOR('',#3669,1.);
#3669 = DIRECTION('',(-1.,0.,0.));
#3670 = PLANE('',#3671);
#3671 = AXIS2_PLACEMENT_3D('',#3672,#3673,#3674);
#3672 = CARTESIAN_POINT('',(164.25,-53.125,0.));
#3673 = DIRECTION('',(0.,-1.,0.));
#3674 = DIRECTION('',(-1.,0.,0.));
#3675 = ADVANCED_FACE('',(#3676),#3692,.T.);
#3676 = FACE_BOUND('',#3677,.T.);
#3677 = EDGE_LOOP('',(#3678,#3679,#3685,#3686));
#3678 = ORIENTED_EDGE('',*,*,#3657,.T.);
#3679 = ORIENTED_EDGE('',*,*,#3680,.T.);
#3680 = EDGE_CURVE('',#3650,#3580,#3681,.T.);
#3681 = LINE('',#3682,#3683);
#3682 = CARTESIAN_POINT('',(150.25,-53.125,1.51));
#3683 = VECTOR('',#3684,1.);
#3684 = DIRECTION('',(0.,-1.,0.));
#3685 = ORIENTED_EDGE('',*,*,#3577,.F.);
#3686 = ORIENTED_EDGE('',*,*,#3687,.F.);
#3687 = EDGE_CURVE('',#3658,#3578,#3688,.T.);
#3688 = LINE('',#3689,#3690);
#3689 = CARTESIAN_POINT('',(150.25,-53.125,0.));
#3690 = VECTOR('',#3691,1.);
#3691 = DIRECTION('',(0.,-1.,0.));
#3692 = PLANE('',#3693);
#3693 = AXIS2_PLACEMENT_3D('',#3694,#3695,#3696);
#3694 = CARTESIAN_POINT('',(150.25,-53.125,0.));
#3695 = DIRECTION('',(1.,0.,-0.));
#3696 = DIRECTION('',(0.,-1.,0.));
#3697 = ADVANCED_FACE('',(#3698,#3745,#3751,#3757,#3763,#3769,#3775,
    #3781,#3787,#3793,#3799,#3805,#3811,#3817,#3823,#3829,#3835,#3841,
    #3847),#3853,.F.);
#3698 = FACE_BOUND('',#3699,.T.);
#3699 = EDGE_LOOP('',(#3700,#3701,#3702,#3703,#3704,#3705,#3706,#3707,
    #3708,#3709,#3710,#3711,#3712,#3713,#3714,#3715,#3716,#3717,#3718,
    #3719,#3720,#3721,#3722,#3723,#3724,#3725,#3726,#3727,#3728,#3729,
    #3730,#3731,#3732,#3733,#3734,#3735,#3736,#3737,#3738,#3739,#3740,
    #3741,#3742,#3743,#3744));
#3700 = ORIENTED_EDGE('',*,*,#59,.T.);
#3701 = ORIENTED_EDGE('',*,*,#91,.T.);
#3702 = ORIENTED_EDGE('',*,*,#123,.T.);
#3703 = ORIENTED_EDGE('',*,*,#155,.T.);
#3704 = ORIENTED_EDGE('',*,*,#187,.T.);
#3705 = ORIENTED_EDGE('',*,*,#219,.T.);
#3706 = ORIENTED_EDGE('',*,*,#251,.T.);
#3707 = ORIENTED_EDGE('',*,*,#283,.T.);
#3708 = ORIENTED_EDGE('',*,*,#314,.T.);
#3709 = ORIENTED_EDGE('',*,*,#345,.T.);
#3710 = ORIENTED_EDGE('',*,*,#376,.T.);
#3711 = ORIENTED_EDGE('',*,*,#408,.T.);
#3712 = ORIENTED_EDGE('',*,*,#440,.T.);
#3713 = ORIENTED_EDGE('',*,*,#472,.T.);
#3714 = ORIENTED_EDGE('',*,*,#504,.T.);
#3715 = ORIENTED_EDGE('',*,*,#536,.T.);
#3716 = ORIENTED_EDGE('',*,*,#568,.T.);
#3717 = ORIENTED_EDGE('',*,*,#600,.T.);
#3718 = ORIENTED_EDGE('',*,*,#632,.T.);
#3719 = ORIENTED_EDGE('',*,*,#664,.T.);
#3720 = ORIENTED_EDGE('',*,*,#696,.T.);
#3721 = ORIENTED_EDGE('',*,*,#728,.T.);
#3722 = ORIENTED_EDGE('',*,*,#760,.T.);
#3723 = ORIENTED_EDGE('',*,*,#792,.T.);
#3724 = ORIENTED_EDGE('',*,*,#824,.T.);
#3725 = ORIENTED_EDGE('',*,*,#856,.T.);
#3726 = ORIENTED_EDGE('',*,*,#888,.T.);
#3727 = ORIENTED_EDGE('',*,*,#920,.T.);
#3728 = ORIENTED_EDGE('',*,*,#952,.T.);
#3729 = ORIENTED_EDGE('',*,*,#984,.T.);
#3730 = ORIENTED_EDGE('',*,*,#1016,.T.);
#3731 = ORIENTED_EDGE('',*,*,#1048,.T.);
#3732 = ORIENTED_EDGE('',*,*,#1080,.T.);
#3733 = ORIENTED_EDGE('',*,*,#1112,.T.);
#3734 = ORIENTED_EDGE('',*,*,#1144,.T.);
#3735 = ORIENTED_EDGE('',*,*,#1176,.T.);
#3736 = ORIENTED_EDGE('',*,*,#1208,.T.);
#3737 = ORIENTED_EDGE('',*,*,#1240,.T.);
#3738 = ORIENTED_EDGE('',*,*,#1272,.T.);
#3739 = ORIENTED_EDGE('',*,*,#1304,.T.);
#3740 = ORIENTED_EDGE('',*,*,#1336,.T.);
#3741 = ORIENTED_EDGE('',*,*,#1368,.T.);
#3742 = ORIENTED_EDGE('',*,*,#1400,.T.);
#3743 = ORIENTED_EDGE('',*,*,#1432,.T.);
#3744 = ORIENTED_EDGE('',*,*,#1455,.T.);
#3745 = FACE_BOUND('',#3746,.T.);
#3746 = EDGE_LOOP('',(#3747,#3748,#3749,#3750));
#3747 = ORIENTED_EDGE('',*,*,#1495,.T.);
#3748 = ORIENTED_EDGE('',*,*,#1526,.T.);
#3749 = ORIENTED_EDGE('',*,*,#1557,.T.);
#3750 = ORIENTED_EDGE('',*,*,#1579,.T.);
#3751 = FACE_BOUND('',#3752,.T.);
#3752 = EDGE_LOOP('',(#3753,#3754,#3755,#3756));
#3753 = ORIENTED_EDGE('',*,*,#1619,.T.);
#3754 = ORIENTED_EDGE('',*,*,#1650,.T.);
#3755 = ORIENTED_EDGE('',*,*,#1681,.T.);
#3756 = ORIENTED_EDGE('',*,*,#1703,.T.);
#3757 = FACE_BOUND('',#3758,.T.);
#3758 = EDGE_LOOP('',(#3759,#3760,#3761,#3762));
#3759 = ORIENTED_EDGE('',*,*,#1743,.T.);
#3760 = ORIENTED_EDGE('',*,*,#1774,.T.);
#3761 = ORIENTED_EDGE('',*,*,#1805,.T.);
#3762 = ORIENTED_EDGE('',*,*,#1827,.T.);
#3763 = FACE_BOUND('',#3764,.T.);
#3764 = EDGE_LOOP('',(#3765,#3766,#3767,#3768));
#3765 = ORIENTED_EDGE('',*,*,#1867,.T.);
#3766 = ORIENTED_EDGE('',*,*,#1898,.T.);
#3767 = ORIENTED_EDGE('',*,*,#1929,.T.);
#3768 = ORIENTED_EDGE('',*,*,#1951,.T.);
#3769 = FACE_BOUND('',#3770,.T.);
#3770 = EDGE_LOOP('',(#3771,#3772,#3773,#3774));
#3771 = ORIENTED_EDGE('',*,*,#1991,.T.);
#3772 = ORIENTED_EDGE('',*,*,#2022,.T.);
#3773 = ORIENTED_EDGE('',*,*,#2053,.T.);
#3774 = ORIENTED_EDGE('',*,*,#2075,.T.);
#3775 = FACE_BOUND('',#3776,.T.);
#3776 = EDGE_LOOP('',(#3777,#3778,#3779,#3780));
#3777 = ORIENTED_EDGE('',*,*,#2115,.T.);
#3778 = ORIENTED_EDGE('',*,*,#2146,.T.);
#3779 = ORIENTED_EDGE('',*,*,#2177,.T.);
#3780 = ORIENTED_EDGE('',*,*,#2199,.T.);
#3781 = FACE_BOUND('',#3782,.T.);
#3782 = EDGE_LOOP('',(#3783,#3784,#3785,#3786));
#3783 = ORIENTED_EDGE('',*,*,#2239,.T.);
#3784 = ORIENTED_EDGE('',*,*,#2270,.T.);
#3785 = ORIENTED_EDGE('',*,*,#2301,.T.);
#3786 = ORIENTED_EDGE('',*,*,#2323,.T.);
#3787 = FACE_BOUND('',#3788,.T.);
#3788 = EDGE_LOOP('',(#3789,#3790,#3791,#3792));
#3789 = ORIENTED_EDGE('',*,*,#2363,.T.);
#3790 = ORIENTED_EDGE('',*,*,#2394,.T.);
#3791 = ORIENTED_EDGE('',*,*,#2425,.T.);
#3792 = ORIENTED_EDGE('',*,*,#2447,.T.);
#3793 = FACE_BOUND('',#3794,.T.);
#3794 = EDGE_LOOP('',(#3795,#3796,#3797,#3798));
#3795 = ORIENTED_EDGE('',*,*,#2487,.T.);
#3796 = ORIENTED_EDGE('',*,*,#2518,.T.);
#3797 = ORIENTED_EDGE('',*,*,#2549,.T.);
#3798 = ORIENTED_EDGE('',*,*,#2571,.T.);
#3799 = FACE_BOUND('',#3800,.T.);
#3800 = EDGE_LOOP('',(#3801,#3802,#3803,#3804));
#3801 = ORIENTED_EDGE('',*,*,#2611,.T.);
#3802 = ORIENTED_EDGE('',*,*,#2642,.T.);
#3803 = ORIENTED_EDGE('',*,*,#2673,.T.);
#3804 = ORIENTED_EDGE('',*,*,#2695,.T.);
#3805 = FACE_BOUND('',#3806,.T.);
#3806 = EDGE_LOOP('',(#3807,#3808,#3809,#3810));
#3807 = ORIENTED_EDGE('',*,*,#2735,.T.);
#3808 = ORIENTED_EDGE('',*,*,#2766,.T.);
#3809 = ORIENTED_EDGE('',*,*,#2797,.T.);
#3810 = ORIENTED_EDGE('',*,*,#2819,.T.);
#3811 = FACE_BOUND('',#3812,.T.);
#3812 = EDGE_LOOP('',(#3813,#3814,#3815,#3816));
#3813 = ORIENTED_EDGE('',*,*,#2859,.T.);
#3814 = ORIENTED_EDGE('',*,*,#2890,.T.);
#3815 = ORIENTED_EDGE('',*,*,#2921,.T.);
#3816 = ORIENTED_EDGE('',*,*,#2943,.T.);
#3817 = FACE_BOUND('',#3818,.T.);
#3818 = EDGE_LOOP('',(#3819,#3820,#3821,#3822));
#3819 = ORIENTED_EDGE('',*,*,#2983,.T.);
#3820 = ORIENTED_EDGE('',*,*,#3014,.T.);
#3821 = ORIENTED_EDGE('',*,*,#3045,.T.);
#3822 = ORIENTED_EDGE('',*,*,#3067,.T.);
#3823 = FACE_BOUND('',#3824,.T.);
#3824 = EDGE_LOOP('',(#3825,#3826,#3827,#3828));
#3825 = ORIENTED_EDGE('',*,*,#3107,.T.);
#3826 = ORIENTED_EDGE('',*,*,#3138,.T.);
#3827 = ORIENTED_EDGE('',*,*,#3169,.T.);
#3828 = ORIENTED_EDGE('',*,*,#3191,.T.);
#3829 = FACE_BOUND('',#3830,.T.);
#3830 = EDGE_LOOP('',(#3831,#3832,#3833,#3834));
#3831 = ORIENTED_EDGE('',*,*,#3231,.T.);
#3832 = ORIENTED_EDGE('',*,*,#3262,.T.);
#3833 = ORIENTED_EDGE('',*,*,#3293,.T.);
#3834 = ORIENTED_EDGE('',*,*,#3315,.T.);
#3835 = FACE_BOUND('',#3836,.T.);
#3836 = EDGE_LOOP('',(#3837,#3838,#3839,#3840));
#3837 = ORIENTED_EDGE('',*,*,#3355,.T.);
#3838 = ORIENTED_EDGE('',*,*,#3386,.T.);
#3839 = ORIENTED_EDGE('',*,*,#3417,.T.);
#3840 = ORIENTED_EDGE('',*,*,#3439,.T.);
#3841 = FACE_BOUND('',#3842,.T.);
#3842 = EDGE_LOOP('',(#3843,#3844,#3845,#3846));
#3843 = ORIENTED_EDGE('',*,*,#3479,.T.);
#3844 = ORIENTED_EDGE('',*,*,#3510,.T.);
#3845 = ORIENTED_EDGE('',*,*,#3541,.T.);
#3846 = ORIENTED_EDGE('',*,*,#3563,.T.);
#3847 = FACE_BOUND('',#3848,.T.);
#3848 = EDGE_LOOP('',(#3849,#3850,#3851,#3852));
#3849 = ORIENTED_EDGE('',*,*,#3603,.T.);
#3850 = ORIENTED_EDGE('',*,*,#3634,.T.);
#3851 = ORIENTED_EDGE('',*,*,#3665,.T.);
#3852 = ORIENTED_EDGE('',*,*,#3687,.T.);
#3853 = PLANE('',#3854);
#3854 = AXIS2_PLACEMENT_3D('',#3855,#3856,#3857);
#3855 = CARTESIAN_POINT('',(0.,0.,0.));
#3856 = DIRECTION('',(0.,0.,1.));
#3857 = DIRECTION('',(1.,0.,-0.));
#3858 = ADVANCED_FACE('',(#3859,#3906,#3912,#3918,#3924,#3930,#3936,
    #3942,#3948,#3954,#3960,#3966,#3972,#3978,#3984,#3990,#3996,#4002,
    #4008),#4014,.T.);
#3859 = FACE_BOUND('',#3860,.F.);
#3860 = EDGE_LOOP('',(#3861,#3862,#3863,#3864,#3865,#3866,#3867,#3868,
    #3869,#3870,#3871,#3872,#3873,#3874,#3875,#3876,#3877,#3878,#3879,
    #3880,#3881,#3882,#3883,#3884,#3885,#3886,#3887,#3888,#3889,#3890,
    #3891,#3892,#3893,#3894,#3895,#3896,#3897,#3898,#3899,#3900,#3901,
    #3902,#3903,#3904,#3905));
#3861 = ORIENTED_EDGE('',*,*,#42,.T.);
#3862 = ORIENTED_EDGE('',*,*,#75,.T.);
#3863 = ORIENTED_EDGE('',*,*,#106,.T.);
#3864 = ORIENTED_EDGE('',*,*,#139,.T.);
#3865 = ORIENTED_EDGE('',*,*,#170,.T.);
#3866 = ORIENTED_EDGE('',*,*,#203,.T.);
#3867 = ORIENTED_EDGE('',*,*,#234,.T.);
#3868 = ORIENTED_EDGE('',*,*,#267,.T.);
#3869 = ORIENTED_EDGE('',*,*,#298,.T.);
#3870 = ORIENTED_EDGE('',*,*,#329,.T.);
#3871 = ORIENTED_EDGE('',*,*,#360,.T.);
#3872 = ORIENTED_EDGE('',*,*,#391,.T.);
#3873 = ORIENTED_EDGE('',*,*,#424,.T.);
#3874 = ORIENTED_EDGE('',*,*,#455,.T.);
#3875 = ORIENTED_EDGE('',*,*,#488,.T.);
#3876 = ORIENTED_EDGE('',*,*,#519,.T.);
#3877 = ORIENTED_EDGE('',*,*,#552,.T.);
#3878 = ORIENTED_EDGE('',*,*,#583,.T.);
#3879 = ORIENTED_EDGE('',*,*,#616,.T.);
#3880 = ORIENTED_EDGE('',*,*,#647,.T.);
#3881 = ORIENTED_EDGE('',*,*,#680,.T.);
#3882 = ORIENTED_EDGE('',*,*,#711,.T.);
#3883 = ORIENTED_EDGE('',*,*,#744,.T.);
#3884 = ORIENTED_EDGE('',*,*,#775,.T.);
#3885 = ORIENTED_EDGE('',*,*,#808,.T.);
#3886 = ORIENTED_EDGE('',*,*,#839,.T.);
#3887 = ORIENTED_EDGE('',*,*,#872,.T.);
#3888 = ORIENTED_EDGE('',*,*,#903,.T.);
#3889 = ORIENTED_EDGE('',*,*,#936,.T.);
#3890 = ORIENTED_EDGE('',*,*,#967,.T.);
#3891 = ORIENTED_EDGE('',*,*,#1000,.T.);
#3892 = ORIENTED_EDGE('',*,*,#1031,.T.);
#3893 = ORIENTED_EDGE('',*,*,#1064,.T.);
#3894 = ORIENTED_EDGE('',*,*,#1095,.T.);
#3895 = ORIENTED_EDGE('',*,*,#1128,.T.);
#3896 = ORIENTED_EDGE('',*,*,#1159,.T.);
#3897 = ORIENTED_EDGE('',*,*,#1192,.T.);
#3898 = ORIENTED_EDGE('',*,*,#1223,.T.);
#3899 = ORIENTED_EDGE('',*,*,#1256,.T.);
#3900 = ORIENTED_EDGE('',*,*,#1287,.T.);
#3901 = ORIENTED_EDGE('',*,*,#1320,.T.);
#3902 = ORIENTED_EDGE('',*,*,#1351,.T.);
#3903 = ORIENTED_EDGE('',*,*,#1384,.T.);
#3904 = ORIENTED_EDGE('',*,*,#1415,.T.);
#3905 = ORIENTED_EDGE('',*,*,#1448,.T.);
#3906 = FACE_BOUND('',#3907,.F.);
#3907 = EDGE_LOOP('',(#3908,#3909,#3910,#3911));
#3908 = ORIENTED_EDGE('',*,*,#1479,.T.);
#3909 = ORIENTED_EDGE('',*,*,#1510,.T.);
#3910 = ORIENTED_EDGE('',*,*,#1541,.T.);
#3911 = ORIENTED_EDGE('',*,*,#1572,.T.);
#3912 = FACE_BOUND('',#3913,.F.);
#3913 = EDGE_LOOP('',(#3914,#3915,#3916,#3917));
#3914 = ORIENTED_EDGE('',*,*,#1603,.T.);
#3915 = ORIENTED_EDGE('',*,*,#1634,.T.);
#3916 = ORIENTED_EDGE('',*,*,#1665,.T.);
#3917 = ORIENTED_EDGE('',*,*,#1696,.T.);
#3918 = FACE_BOUND('',#3919,.F.);
#3919 = EDGE_LOOP('',(#3920,#3921,#3922,#3923));
#3920 = ORIENTED_EDGE('',*,*,#1727,.T.);
#3921 = ORIENTED_EDGE('',*,*,#1758,.T.);
#3922 = ORIENTED_EDGE('',*,*,#1789,.T.);
#3923 = ORIENTED_EDGE('',*,*,#1820,.T.);
#3924 = FACE_BOUND('',#3925,.F.);
#3925 = EDGE_LOOP('',(#3926,#3927,#3928,#3929));
#3926 = ORIENTED_EDGE('',*,*,#1851,.T.);
#3927 = ORIENTED_EDGE('',*,*,#1882,.T.);
#3928 = ORIENTED_EDGE('',*,*,#1913,.T.);
#3929 = ORIENTED_EDGE('',*,*,#1944,.T.);
#3930 = FACE_BOUND('',#3931,.F.);
#3931 = EDGE_LOOP('',(#3932,#3933,#3934,#3935));
#3932 = ORIENTED_EDGE('',*,*,#1975,.T.);
#3933 = ORIENTED_EDGE('',*,*,#2006,.T.);
#3934 = ORIENTED_EDGE('',*,*,#2037,.T.);
#3935 = ORIENTED_EDGE('',*,*,#2068,.T.);
#3936 = FACE_BOUND('',#3937,.F.);
#3937 = EDGE_LOOP('',(#3938,#3939,#3940,#3941));
#3938 = ORIENTED_EDGE('',*,*,#2099,.T.);
#3939 = ORIENTED_EDGE('',*,*,#2130,.T.);
#3940 = ORIENTED_EDGE('',*,*,#2161,.T.);
#3941 = ORIENTED_EDGE('',*,*,#2192,.T.);
#3942 = FACE_BOUND('',#3943,.F.);
#3943 = EDGE_LOOP('',(#3944,#3945,#3946,#3947));
#3944 = ORIENTED_EDGE('',*,*,#2223,.T.);
#3945 = ORIENTED_EDGE('',*,*,#2254,.T.);
#3946 = ORIENTED_EDGE('',*,*,#2285,.T.);
#3947 = ORIENTED_EDGE('',*,*,#2316,.T.);
#3948 = FACE_BOUND('',#3949,.F.);
#3949 = EDGE_LOOP('',(#3950,#3951,#3952,#3953));
#3950 = ORIENTED_EDGE('',*,*,#2347,.T.);
#3951 = ORIENTED_EDGE('',*,*,#2378,.T.);
#3952 = ORIENTED_EDGE('',*,*,#2409,.T.);
#3953 = ORIENTED_EDGE('',*,*,#2440,.T.);
#3954 = FACE_BOUND('',#3955,.F.);
#3955 = EDGE_LOOP('',(#3956,#3957,#3958,#3959));
#3956 = ORIENTED_EDGE('',*,*,#2471,.T.);
#3957 = ORIENTED_EDGE('',*,*,#2502,.T.);
#3958 = ORIENTED_EDGE('',*,*,#2533,.T.);
#3959 = ORIENTED_EDGE('',*,*,#2564,.T.);
#3960 = FACE_BOUND('',#3961,.F.);
#3961 = EDGE_LOOP('',(#3962,#3963,#3964,#3965));
#3962 = ORIENTED_EDGE('',*,*,#2595,.T.);
#3963 = ORIENTED_EDGE('',*,*,#2626,.T.);
#3964 = ORIENTED_EDGE('',*,*,#2657,.T.);
#3965 = ORIENTED_EDGE('',*,*,#2688,.T.);
#3966 = FACE_BOUND('',#3967,.F.);
#3967 = EDGE_LOOP('',(#3968,#3969,#3970,#3971));
#3968 = ORIENTED_EDGE('',*,*,#2719,.T.);
#3969 = ORIENTED_EDGE('',*,*,#2750,.T.);
#3970 = ORIENTED_EDGE('',*,*,#2781,.T.);
#3971 = ORIENTED_EDGE('',*,*,#2812,.T.);
#3972 = FACE_BOUND('',#3973,.F.);
#3973 = EDGE_LOOP('',(#3974,#3975,#3976,#3977));
#3974 = ORIENTED_EDGE('',*,*,#2843,.T.);
#3975 = ORIENTED_EDGE('',*,*,#2874,.T.);
#3976 = ORIENTED_EDGE('',*,*,#2905,.T.);
#3977 = ORIENTED_EDGE('',*,*,#2936,.T.);
#3978 = FACE_BOUND('',#3979,.F.);
#3979 = EDGE_LOOP('',(#3980,#3981,#3982,#3983));
#3980 = ORIENTED_EDGE('',*,*,#2967,.T.);
#3981 = ORIENTED_EDGE('',*,*,#2998,.T.);
#3982 = ORIENTED_EDGE('',*,*,#3029,.T.);
#3983 = ORIENTED_EDGE('',*,*,#3060,.T.);
#3984 = FACE_BOUND('',#3985,.F.);
#3985 = EDGE_LOOP('',(#3986,#3987,#3988,#3989));
#3986 = ORIENTED_EDGE('',*,*,#3091,.T.);
#3987 = ORIENTED_EDGE('',*,*,#3122,.T.);
#3988 = ORIENTED_EDGE('',*,*,#3153,.T.);
#3989 = ORIENTED_EDGE('',*,*,#3184,.T.);
#3990 = FACE_BOUND('',#3991,.F.);
#3991 = EDGE_LOOP('',(#3992,#3993,#3994,#3995));
#3992 = ORIENTED_EDGE('',*,*,#3215,.T.);
#3993 = ORIENTED_EDGE('',*,*,#3246,.T.);
#3994 = ORIENTED_EDGE('',*,*,#3277,.T.);
#3995 = ORIENTED_EDGE('',*,*,#3308,.T.);
#3996 = FACE_BOUND('',#3997,.F.);
#3997 = EDGE_LOOP('',(#3998,#3999,#4000,#4001));
#3998 = ORIENTED_EDGE('',*,*,#3339,.T.);
#3999 = ORIENTED_EDGE('',*,*,#3370,.T.);
#4000 = ORIENTED_EDGE('',*,*,#3401,.T.);
#4001 = ORIENTED_EDGE('',*,*,#3432,.T.);
#4002 = FACE_BOUND('',#4003,.F.);
#4003 = EDGE_LOOP('',(#4004,#4005,#4006,#4007));
#4004 = ORIENTED_EDGE('',*,*,#3463,.T.);
#4005 = ORIENTED_EDGE('',*,*,#3494,.T.);
#4006 = ORIENTED_EDGE('',*,*,#3525,.T.);
#4007 = ORIENTED_EDGE('',*,*,#3556,.T.);
#4008 = FACE_BOUND('',#4009,.F.);
#4009 = EDGE_LOOP('',(#4010,#4011,#4012,#4013));
#4010 = ORIENTED_EDGE('',*,*,#3587,.T.);
#4011 = ORIENTED_EDGE('',*,*,#3618,.T.);
#4012 = ORIENTED_EDGE('',*,*,#3649,.T.);
#4013 = ORIENTED_EDGE('',*,*,#3680,.T.);
#4014 = PLANE('',#4015);
#4015 = AXIS2_PLACEMENT_3D('',#4016,#4017,#4018);
#4016 = CARTESIAN_POINT('',(0.,0.,1.51));
#4017 = DIRECTION('',(0.,0.,1.));
#4018 = DIRECTION('',(1.,0.,-0.));
#4019 = ( GEOMETRIC_REPRESENTATION_CONTEXT(3) 
GLOBAL_UNCERTAINTY_ASSIGNED_CONTEXT((#4023)) 
GLOBAL_UNIT_ASSIGNED_CONTEXT((#4020,#4021,#4022)) REPRESENTATION_CONTEXT
('Context #1','3D Context with UNIT and UNCERTAINTY') );
#4020 = ( LENGTH_UNIT() NAMED_UNIT(*) SI_UNIT(.MILLI.,.METRE.) );
#4021 = ( NAMED_UNIT(*) PLANE_ANGLE_UNIT() SI_UNIT($,.RADIAN.) );
#4022 = ( NAMED_UNIT(*) SI_UNIT($,.STERADIAN.) SOLID_ANGLE_UNIT() );
#4023 = UNCERTAINTY_MEASURE_WITH_UNIT(LENGTH_MEASURE(1.E-07),#4020,
  'distance_accuracy_value','confusion accuracy');
#4024 = SHAPE_DEFINITION_REPRESENTATION(#4025,#25);
#4025 = PRODUCT_DEFINITION_SHAPE('','',#4026);
#4026 = PRODUCT_DEFINITION('design','',#4027,#4030);
#4027 = PRODUCT_DEFINITION_FORMATION('','',#4028);
#4028 = PRODUCT('Low3xD_SP_PCB','Low3xD_SP_PCB','',(#4029));
#4029 = PRODUCT_CONTEXT('',#2,'mechanical');
#4030 = PRODUCT_DEFINITION_CONTEXT('part definition',#2,'design');
#4031 = CONTEXT_DEPENDENT_SHAPE_REPRESENTATION(#4032,#4034);
#4032 = ( REPRESENTATION_RELATIONSHIP('','',#25,#10) 
REPRESENTATION_RELATIONSHIP_WITH_TRANSFORMATION(#4033) 
SHAPE_REPRESENTATION_RELATIONSHIP() );
#4033 = ITEM_DEFINED_TRANSFORMATION('','',#11,#15);
#4034 = PRODUCT_DEFINITION_SHAPE('Placement','Placement of an item',
  #4035);
#4035 = NEXT_ASSEMBLY_USAGE_OCCURRENCE('1','','',#5,#4026,$);
#4036 = PRODUCT_RELATED_PRODUCT_CATEGORY('part',$,(#4028));
ENDSEC;
END-ISO-10303-21;
